Initializing eigensolver data
Computing 6 bands with 1e-10 tolerance
Working in 2 dimensions.
Grid size is 288 x 96 x 1.
Solving for 6 bands at a time.
Creating Maxwell data...
Mesh size is 3.
Lattice vectors:
     (3, 0, 0)
     (0, 1, 0)
     (0, 0, 1)
Cell volume = 3
Reciprocal lattice vectors (/ 2 pi):
     (0.333333, -0, 0)
     (-0, 1, -0)
     (0, -0, 1)
Geometric objects:
     block, center = (0,0,0)
          size (1e+20,1e+20,1)
          axes (1,0,0), (0,1,0), (0,0,1)
     prism, center = (-2.08167e-17,-1.38778e-17,0.5)
          height 1, axis (0,0,1), sidewall angle: 0 radians, 4 vertices:
          (0.25,0.25,0)
          (-0.25,0.25,0)
          (-0.25,-0.25,0)
          (0.25,-0.25,0)
     prism, center = (1,-1.38778e-17,0.5)
          height 1, axis (0,0,1), sidewall angle: 0 radians, 4 vertices:
          (1.25,0.25,0)
          (0.75,0.25,0)
          (0.75,-0.25,0)
          (1.25,-0.25,0)
     prism, center = (2,-1.38778e-17,0.5)
          height 1, axis (0,0,1), sidewall angle: 0 radians, 4 vertices:
          (2.25,0.25,0)
          (1.75,0.25,0)
          (1.75,-0.25,0)
          (2.25,-0.25,0)
Geometric object tree has depth 2 and 21 object nodes (vs. 4 actual objects)
Initializing epsilon function...
Allocating fields...
Solving for band polarization: te.
Initializing fields to random numbers...
1 k-points
  Vector3<-0.09, 0.14, 0.0>
elapsed time for initialization: 0.02857041358947754
solve_kpoint (-0.09,0.14,0):
tefreqs:, k index, k1, k2, k3, kmag/2pi, te band 1, te band 2, te band 3, te band 4, te band 5, te band 6
Solving for bands 1 to 6...
    near maximum in trace
    iteration    1: trace = 1.952605425739651 (199.73% change)
    iteration    2: trace = 0.4819012742018676 (120.822% change)
    iteration    3: trace = 0.4216972163566136 (13.3254% change)
    iteration    4: trace = 0.4050689850069766 (4.02247% change)
    iteration    5: trace = 0.4004291883466099 (1.15203% change)
    iteration    6: trace = 0.3975493316127113 (0.721788% change)
    iteration    7: trace = 0.39643237398351 (0.281356% change)
    iteration    8: trace = 0.3958127118341154 (0.156432% change)
    iteration    9: trace = 0.3956830928699575 (0.0327529% change)
    iteration   10: trace = 0.3956318544647562 (0.0129502% change)
    iteration   11: trace = 0.3956173036726938 (0.00367793% change)
    iteration   12: trace = 0.3956086027093155 (0.00219936% change)
    iteration   13: trace = 0.3956052405063764 (0.000849885% change)
    iteration   14: trace = 0.395603865596759 (0.000347546% change)
    iteration   15: trace = 0.3956035985510846 (6.75033e-05% change)
    iteration   16: trace = 0.3956035205364412 (1.97204e-05% change)
    iteration   17: trace = 0.3956034957022712 (6.27754e-06% change)
    iteration   18: trace = 0.3956034812122053 (3.66278e-06% change)
    iteration   19: trace = 0.3956034755562821 (1.4297e-06% change)
    iteration   20: trace = 0.3956034736102551 (4.91914e-07% change)
    iteration   21: trace = 0.3956034731519096 (1.1586e-07% change)
    iteration   22: trace = 0.395603473068101 (2.1185e-08% change)
    iteration   23: trace = 0.3956034730478501 (5.11898e-09% change)
Finished solving for bands 1 to 6 after 23 iterations.
tefreqs:, 1, -0.09, 0.14, 0, 0.143178, 0.0645265, 0.148941, 0.171613, 0.300941, 0.322567, 0.381039
elapsed time for k point: 2.384253740310669
total elapsed time for run: 2.4129109382629395
done
Initializing eigensolver data
Computing 6 bands with 1e-10 tolerance
Working in 2 dimensions.
Grid size is 288 x 96 x 1.
Solving for 6 bands at a time.
Creating Maxwell data...
Mesh size is 3.
Lattice vectors:
     (3, 0, 0)
     (0, 1, 0)
     (0, 0, 1)
Cell volume = 3
Reciprocal lattice vectors (/ 2 pi):
     (0.333333, -0, 0)
     (-0, 1, -0)
     (0, -0, 1)
Geometric objects:
     block, center = (0,0,0)
          size (1e+20,1e+20,1)
          axes (1,0,0), (0,1,0), (0,0,1)
     prism, center = (0.00111803,-1.38778e-17,0.5)
          height 1, axis (0,0,1), sidewall angle: 0 radians, 4 vertices:
          (0.251118,0.25,0)
          (-0.248882,0.25,0)
          (-0.248882,-0.25,0)
          (0.251118,-0.25,0)
     prism, center = (1.00138,-1.38778e-17,0.5)
          height 1, axis (0,0,1), sidewall angle: 0 radians, 4 vertices:
          (1.25138,0.25,0)
          (0.751377,0.25,0)
          (0.751377,-0.25,0)
          (1.25138,-0.25,0)
     prism, center = (1.9975,-1.38778e-17,0.5)
          height 1, axis (0,0,1), sidewall angle: 0 radians, 4 vertices:
          (2.2475,0.25,0)
          (1.7475,0.25,0)
          (1.7475,-0.25,0)
          (2.2475,-0.25,0)
Geometric object tree has depth 2 and 21 object nodes (vs. 4 actual objects)
Initializing epsilon function...
Allocating fields...
Solving for band polarization: te.
Initializing fields to random numbers...
1 k-points
  Vector3<-0.09, 0.14, 0.0>
elapsed time for initialization: 0.026193857192993164
solve_kpoint (-0.09,0.14,0):
tefreqs:, k index, k1, k2, k3, kmag/2pi, te band 1, te band 2, te band 3, te band 4, te band 5, te band 6
Solving for bands 1 to 6...
    near maximum in trace
    iteration    1: trace = 2.068784391455503 (199.715% change)
    iteration    2: trace = 0.4906533694174783 (123.319% change)
    iteration    3: trace = 0.4293142200114693 (13.3351% change)
    iteration    4: trace = 0.4121472519173443 (4.08027% change)
    iteration    5: trace = 0.4061626991509083 (1.46266% change)
    iteration    6: trace = 0.4011388413488384 (1.24461% change)
    iteration    7: trace = 0.3983052395236951 (0.708893% change)
    iteration    8: trace = 0.3960938195043179 (0.556753% change)
    iteration    9: trace = 0.395521103057161 (0.144696% change)
    iteration   10: trace = 0.3953238078243654 (0.0498948% change)
    iteration   11: trace = 0.3952809180708972 (0.0108499% change)
    iteration   12: trace = 0.3952572103658644 (0.00599787% change)
    iteration   13: trace = 0.3952493015645899 (0.00200095% change)
    iteration   14: trace = 0.3952460764294757 (0.000815978% change)
    iteration   15: trace = 0.3952454132999585 (0.000167777% change)
    iteration   16: trace = 0.3952452371563193 (4.45656e-05% change)
    iteration   17: trace = 0.395245197945775 (9.92056e-06% change)
    iteration   18: trace = 0.3952451829846813 (3.78527e-06% change)
    iteration   19: trace = 0.3952451773918826 (1.41502e-06% change)
    iteration   20: trace = 0.3952451742488119 (7.9522e-07% change)
    iteration   21: trace = 0.3952451730897673 (2.93247e-07% change)
    iteration   22: trace = 0.3952451727276541 (9.16174e-08% change)
    iteration   23: trace = 0.3952451726446244 (2.10071e-08% change)
    iteration   24: trace = 0.3952451726273104 (4.38057e-09% change)
Finished solving for bands 1 to 6 after 24 iterations.
tefreqs:, 1, -0.09, 0.14, 0, 0.143178, 0.0644881, 0.148909, 0.171581, 0.300835, 0.322464, 0.380773
elapsed time for k point: 1.745530128479004
total elapsed time for run: 1.771806240081787
done
Initializing eigensolver data
Computing 6 bands with 1e-10 tolerance
Working in 2 dimensions.
Grid size is 288 x 96 x 1.
Solving for 6 bands at a time.
Creating Maxwell data...
Mesh size is 3.
Lattice vectors:
     (3, 0, 0)
     (0, 1, 0)
     (0, 0, 1)
Cell volume = 3
Reciprocal lattice vectors (/ 2 pi):
     (0.333333, -0, 0)
     (-0, 1, -0)
     (0, -0, 1)
Geometric objects:
     block, center = (0,0,0)
          size (1e+20,1e+20,1)
          axes (1,0,0), (0,1,0), (0,0,1)
     prism, center = (-0.00111803,-1.38778e-17,0.5)
          height 1, axis (0,0,1), sidewall angle: 0 radians, 4 vertices:
          (0.248882,0.25,0)
          (-0.251118,0.25,0)
          (-0.251118,-0.25,0)
          (0.248882,-0.25,0)
     prism, center = (0.998623,-1.38778e-17,0.5)
          height 1, axis (0,0,1), sidewall angle: 0 radians, 4 vertices:
          (1.24862,0.25,0)
          (0.748623,0.25,0)
          (0.748623,-0.25,0)
          (1.24862,-0.25,0)
     prism, center = (2.0025,-1.38778e-17,0.5)
          height 1, axis (0,0,1), sidewall angle: 0 radians, 4 vertices:
          (2.2525,0.25,0)
          (1.7525,0.25,0)
          (1.7525,-0.25,0)
          (2.2525,-0.25,0)
Geometric object tree has depth 2 and 21 object nodes (vs. 4 actual objects)
Initializing epsilon function...
Allocating fields...
Solving for band polarization: te.
Initializing fields to random numbers...
1 k-points
  Vector3<-0.09, 0.14, 0.0>
elapsed time for initialization: 0.027663707733154297
solve_kpoint (-0.09,0.14,0):
tefreqs:, k index, k1, k2, k3, kmag/2pi, te band 1, te band 2, te band 3, te band 4, te band 5, te band 6
Solving for bands 1 to 6...
    near maximum in trace
    iteration    1: trace = 2.258839350622443 (199.687% change)
    iteration    2: trace = 0.6147221954833433 (114.431% change)
    iteration    3: trace = 0.4467073374262973 (31.6582% change)
    iteration    4: trace = 0.4081129729648992 (9.02982% change)
    iteration    5: trace = 0.3980583056317403 (2.49442% change)
    iteration    6: trace = 0.3960537493502648 (0.504855% change)
    iteration    7: trace = 0.3955186805718802 (0.135191% change)
    iteration    8: trace = 0.395365988117709 (0.0386131% change)
    iteration    9: trace = 0.3952962485008354 (0.0176408% change)
    iteration   10: trace = 0.3952646846548458 (0.00798518% change)
    iteration   11: trace = 0.3952516137707014 (0.00330692% change)
    iteration   12: trace = 0.3952472701794384 (0.00109895% change)
    iteration   13: trace = 0.3952460108407699 (0.000318621% change)
    iteration   14: trace = 0.3952456313371293 (9.60171e-05% change)
    iteration   15: trace = 0.3952454718604669 (4.03488e-05% change)
    iteration   16: trace = 0.3952453873843431 (2.13731e-05% change)
    iteration   17: trace = 0.3952453561939691 (7.8914e-06% change)
    iteration   18: trace = 0.3952453482797079 (2.00237e-06% change)
    iteration   19: trace = 0.3952453464938345 (4.51839e-07% change)
    iteration   20: trace = 0.3952453459286061 (1.43007e-07% change)
    iteration   21: trace = 0.3952453456765694 (6.37671e-08% change)
    iteration   22: trace = 0.3952453455602967 (2.94179e-08% change)
    iteration   23: trace = 0.3952453455165256 (1.10744e-08% change)
    iteration   24: trace = 0.3952453455051751 (2.87174e-09% change)
Finished solving for bands 1 to 6 after 24 iterations.
tefreqs:, 1, -0.09, 0.14, 0, 0.143178, 0.0644881, 0.148909, 0.171581, 0.300836, 0.322462, 0.380774
elapsed time for k point: 3.865004062652588
total elapsed time for run: 3.892744302749634
done
Initializing eigensolver data
Computing 6 bands with 1e-10 tolerance
Working in 2 dimensions.
Grid size is 288 x 96 x 1.
Solving for 6 bands at a time.
Creating Maxwell data...
Mesh size is 3.
Lattice vectors:
     (3, 0, 0)
     (0, 1, 0)
     (0, 0, 1)
Cell volume = 3
Reciprocal lattice vectors (/ 2 pi):
     (0.333333, -0, 0)
     (-0, 1, -0)
     (0, -0, 1)
Geometric objects:
     block, center = (0,0,0)
          size (1e+20,1e+20,1)
          axes (1,0,0), (0,1,0), (0,0,1)
     prism, center = (0.00223607,-1.38778e-17,0.5)
          height 1, axis (0,0,1), sidewall angle: 0 radians, 4 vertices:
          (0.252236,0.25,0)
          (-0.247764,0.25,0)
          (-0.247764,-0.25,0)
          (0.252236,-0.25,0)
     prism, center = (1.00275,-1.38778e-17,0.5)
          height 1, axis (0,0,1), sidewall angle: 0 radians, 4 vertices:
          (1.25275,0.25,0)
          (0.752755,0.25,0)
          (0.752755,-0.25,0)
          (1.25275,-0.25,0)
     prism, center = (1.99501,-1.38778e-17,0.5)
          height 1, axis (0,0,1), sidewall angle: 0 radians, 4 vertices:
          (2.24501,0.25,0)
          (1.74501,0.25,0)
          (1.74501,-0.25,0)
          (2.24501,-0.25,0)
Geometric object tree has depth 2 and 21 object nodes (vs. 4 actual objects)
Initializing epsilon function...
Allocating fields...
Solving for band polarization: te.
Initializing fields to random numbers...
1 k-points
  Vector3<-0.09, 0.14, 0.0>
elapsed time for initialization: 0.05446648597717285
solve_kpoint (-0.09,0.14,0):
tefreqs:, k index, k1, k2, k3, kmag/2pi, te band 1, te band 2, te band 3, te band 4, te band 5, te band 6
Solving for bands 1 to 6...
    near maximum in trace
    iteration    1: trace = 2.251670965553666 (199.689% change)
    iteration    2: trace = 0.5187714777330419 (125.099% change)
    iteration    3: trace = 0.4266944625791456 (19.4776% change)
    iteration    4: trace = 0.4035996282391096 (5.56305% change)
    iteration    5: trace = 0.398701865456923 (1.22093% change)
    iteration    6: trace = 0.3967362018266504 (0.494234% change)
    iteration    7: trace = 0.3959842937659994 (0.189703% change)
    iteration    8: trace = 0.3955596916059921 (0.107285% change)
    iteration    9: trace = 0.3954089491978587 (0.0381159% change)
    iteration   10: trace = 0.3953607594081204 (0.0121881% change)
    iteration   11: trace = 0.3953496633067075 (0.00280662% change)
    iteration   12: trace = 0.3953467499604545 (0.000736906% change)
    iteration   13: trace = 0.3953454327127664 (0.000333188% change)
    iteration   14: trace = 0.3953447489393349 (0.000172956% change)
    iteration   15: trace = 0.3953444410938668 (7.78676e-05% change)
    iteration   16: trace = 0.395344370764632 (1.77894e-05% change)
    iteration   17: trace = 0.395344349136207 (5.47078e-06% change)
    iteration   18: trace = 0.395344342684708 (1.63187e-06% change)
    iteration   19: trace = 0.3953443386756989 (1.01406e-06% change)
    iteration   20: trace = 0.3953443370397836 (4.13795e-07% change)
    iteration   21: trace = 0.3953443363045335 (1.85977e-07% change)
    iteration   22: trace = 0.3953443361400149 (4.1614e-08% change)
    iteration   23: trace = 0.3953443360993509 (1.02857e-08% change)
    iteration   24: trace = 0.3953443360917837 (1.9141e-09% change)
Finished solving for bands 1 to 6 after 24 iterations.
tefreqs:, 1, -0.09, 0.14, 0, 0.143178, 0.0644997, 0.148917, 0.171598, 0.300841, 0.322516, 0.380841
elapsed time for k point: 2.5543947219848633
total elapsed time for run: 2.6089324951171875
done
Initializing eigensolver data
Computing 6 bands with 1e-10 tolerance
Working in 2 dimensions.
Grid size is 288 x 96 x 1.
Solving for 6 bands at a time.
Creating Maxwell data...
Mesh size is 3.
Lattice vectors:
     (3, 0, 0)
     (0, 1, 0)
     (0, 0, 1)
Cell volume = 3
Reciprocal lattice vectors (/ 2 pi):
     (0.333333, -0, 0)
     (-0, 1, -0)
     (0, -0, 1)
Geometric objects:
     block, center = (0,0,0)
          size (1e+20,1e+20,1)
          axes (1,0,0), (0,1,0), (0,0,1)
     prism, center = (-0.00223607,-1.38778e-17,0.5)
          height 1, axis (0,0,1), sidewall angle: 0 radians, 4 vertices:
          (0.247764,0.25,0)
          (-0.252236,0.25,0)
          (-0.252236,-0.25,0)
          (0.247764,-0.25,0)
     prism, center = (0.997245,-1.38778e-17,0.5)
          height 1, axis (0,0,1), sidewall angle: 0 radians, 4 vertices:
          (1.24725,0.25,0)
          (0.747245,0.25,0)
          (0.747245,-0.25,0)
          (1.24725,-0.25,0)
     prism, center = (2.00499,-1.38778e-17,0.5)
          height 1, axis (0,0,1), sidewall angle: 0 radians, 4 vertices:
          (2.25499,0.25,0)
          (1.75499,0.25,0)
          (1.75499,-0.25,0)
          (2.25499,-0.25,0)
Geometric object tree has depth 2 and 21 object nodes (vs. 4 actual objects)
Initializing epsilon function...
Allocating fields...
Solving for band polarization: te.
Initializing fields to random numbers...
1 k-points
  Vector3<-0.09, 0.14, 0.0>
elapsed time for initialization: 0.035636186599731445
solve_kpoint (-0.09,0.14,0):
tefreqs:, k index, k1, k2, k3, kmag/2pi, te band 1, te band 2, te band 3, te band 4, te band 5, te band 6
Solving for bands 1 to 6...
    near maximum in trace
    iteration    1: trace = 2.245742344780964 (199.691% change)
    iteration    2: trace = 0.5041506195573398 (126.666% change)
    iteration    3: trace = 0.4321396353629463 (15.3822% change)
    iteration    4: trace = 0.4132878217945267 (4.45971% change)
    iteration    5: trace = 0.4067424503271835 (1.59637% change)
    iteration    6: trace = 0.4012863016749554 (1.35048% change)
    iteration    7: trace = 0.3981851266643581 (0.775806% change)
    iteration    8: trace = 0.396158167955306 (0.510348% change)
    iteration    9: trace = 0.3956414531065093 (0.130517% change)
    iteration   10: trace = 0.3954540706652186 (0.0473729% change)
    iteration   11: trace = 0.3953946155208658 (0.0150358% change)
    iteration   12: trace = 0.3953655456656644 (0.00735238% change)
    iteration   13: trace = 0.395351997714003 (0.00342675% change)
    iteration   14: trace = 0.3953470793221627 (0.00124406% change)
    iteration   15: trace = 0.3953456663429623 (0.000357403% change)
    iteration   16: trace = 0.3953453449575146 (8.12923e-05% change)
    iteration   17: trace = 0.3953452292981118 (2.92553e-05% change)
    iteration   18: trace = 0.3953451788568297 (1.27588e-05% change)
    iteration   19: trace = 0.3953451523221048 (6.71179e-06% change)
    iteration   20: trace = 0.3953451444157197 (1.99987e-06% change)
    iteration   21: trace = 0.3953451417991326 (6.61849e-07% change)
    iteration   22: trace = 0.395345141307434 (1.24372e-07% change)
    iteration   23: trace = 0.3953451411811996 (3.19302e-08% change)
    iteration   24: trace = 0.3953451411559231 (6.39354e-09% change)
Finished solving for bands 1 to 6 after 24 iterations.
tefreqs:, 1, -0.09, 0.14, 0, 0.143178, 0.0644998, 0.148917, 0.171598, 0.300842, 0.322514, 0.380843
elapsed time for k point: 3.0890915393829346
total elapsed time for run: 3.1248080730438232
done
Initializing eigensolver data
Computing 6 bands with 1e-10 tolerance
Working in 2 dimensions.
Grid size is 288 x 96 x 1.
Solving for 6 bands at a time.
Creating Maxwell data...
Mesh size is 3.
Lattice vectors:
     (3, 0, 0)
     (0, 1, 0)
     (0, 0, 1)
Cell volume = 3
Reciprocal lattice vectors (/ 2 pi):
     (0.333333, -0, 0)
     (-0, 1, -0)
     (0, -0, 1)
Geometric objects:
     block, center = (0,0,0)
          size (1e+20,1e+20,1)
          axes (1,0,0), (0,1,0), (0,0,1)
     prism, center = (0.00447214,-1.38778e-17,0.5)
          height 1, axis (0,0,1), sidewall angle: 0 radians, 4 vertices:
          (0.254472,0.25,0)
          (-0.245528,0.25,0)
          (-0.245528,-0.25,0)
          (0.254472,-0.25,0)
     prism, center = (1.00551,-1.38778e-17,0.5)
          height 1, axis (0,0,1), sidewall angle: 0 radians, 4 vertices:
          (1.25551,0.25,0)
          (0.75551,0.25,0)
          (0.75551,-0.25,0)
          (1.25551,-0.25,0)
     prism, center = (1.99002,-1.38778e-17,0.5)
          height 1, axis (0,0,1), sidewall angle: 0 radians, 4 vertices:
          (2.24002,0.25,0)
          (1.74002,0.25,0)
          (1.74002,-0.25,0)
          (2.24002,-0.25,0)
Geometric object tree has depth 2 and 21 object nodes (vs. 4 actual objects)
Initializing epsilon function...
Allocating fields...
Solving for band polarization: te.
Initializing fields to random numbers...
1 k-points
  Vector3<-0.09, 0.14, 0.0>
elapsed time for initialization: 0.028995752334594727
solve_kpoint (-0.09,0.14,0):
tefreqs:, k index, k1, k2, k3, kmag/2pi, te band 1, te band 2, te band 3, te band 4, te band 5, te band 6
Solving for bands 1 to 6...
    near maximum in trace
    iteration    1: trace = 2.021934369224891 (199.721% change)
    iteration    2: trace = 0.5282442940924496 (117.144% change)
    iteration    3: trace = 0.4461535477482795 (16.8495% change)
    iteration    4: trace = 0.4166827339203168 (6.83115% change)
    iteration    5: trace = 0.4070446317174934 (2.34012% change)
    iteration    6: trace = 0.4011588840595602 (1.4565% change)
    iteration    7: trace = 0.3982663759378551 (0.723647% change)
    iteration    8: trace = 0.3961692301155087 (0.527959% change)
    iteration    9: trace = 0.3956110346408668 (0.140998% change)
    iteration   10: trace = 0.3954220245562007 (0.0477882% change)
    iteration   11: trace = 0.3953635000802925 (0.0148016% change)
    iteration   12: trace = 0.395333528177073 (0.00758113% change)
    iteration   13: trace = 0.3953194651225103 (0.00355733% change)
    iteration   14: trace = 0.3953139638538967 (0.00139161% change)
    iteration   15: trace = 0.3953123058624047 (0.000419412% change)
    iteration   16: trace = 0.3953118695887778 (0.000110362% change)
    iteration   17: trace = 0.3953117150582042 (3.90908e-05% change)
    iteration   18: trace = 0.395311645008947 (1.772e-05% change)
    iteration   19: trace = 0.3953116070374095 (9.60547e-06% change)
    iteration   20: trace = 0.3953115967039143 (2.61401e-06% change)
    iteration   21: trace = 0.3953115938902208 (7.11766e-07% change)
    iteration   22: trace = 0.3953115934456092 (1.12471e-07% change)
    iteration   23: trace = 0.3953115933149867 (3.30429e-08% change)
    iteration   24: trace = 0.3953115932753334 (1.00309e-08% change)
    iteration   25: trace = 0.3953115932591652 (4.08998e-09% change)
Finished solving for bands 1 to 6 after 25 iterations.
tefreqs:, 1, -0.09, 0.14, 0, 0.143178, 0.0644968, 0.148913, 0.171616, 0.300732, 0.322579, 0.380825
elapsed time for k point: 2.1433982849121094
total elapsed time for run: 2.1724753379821777
done
Initializing eigensolver data
Computing 6 bands with 1e-10 tolerance
Working in 2 dimensions.
Grid size is 288 x 96 x 1.
Solving for 6 bands at a time.
Creating Maxwell data...
Mesh size is 3.
Lattice vectors:
     (3, 0, 0)
     (0, 1, 0)
     (0, 0, 1)
Cell volume = 3
Reciprocal lattice vectors (/ 2 pi):
     (0.333333, -0, 0)
     (-0, 1, -0)
     (0, -0, 1)
Geometric objects:
     block, center = (0,0,0)
          size (1e+20,1e+20,1)
          axes (1,0,0), (0,1,0), (0,0,1)
     prism, center = (-0.00447214,-1.38778e-17,0.5)
          height 1, axis (0,0,1), sidewall angle: 0 radians, 4 vertices:
          (0.245528,0.25,0)
          (-0.254472,0.25,0)
          (-0.254472,-0.25,0)
          (0.245528,-0.25,0)
     prism, center = (0.99449,-1.38778e-17,0.5)
          height 1, axis (0,0,1), sidewall angle: 0 radians, 4 vertices:
          (1.24449,0.25,0)
          (0.74449,0.25,0)
          (0.74449,-0.25,0)
          (1.24449,-0.25,0)
     prism, center = (2.00998,-1.38778e-17,0.5)
          height 1, axis (0,0,1), sidewall angle: 0 radians, 4 vertices:
          (2.25998,0.25,0)
          (1.75998,0.25,0)
          (1.75998,-0.25,0)
          (2.25998,-0.25,0)
Geometric object tree has depth 2 and 21 object nodes (vs. 4 actual objects)
Initializing epsilon function...
Allocating fields...
Solving for band polarization: te.
Initializing fields to random numbers...
1 k-points
  Vector3<-0.09, 0.14, 0.0>
elapsed time for initialization: 0.03384065628051758
solve_kpoint (-0.09,0.14,0):
tefreqs:, k index, k1, k2, k3, kmag/2pi, te band 1, te band 2, te band 3, te band 4, te band 5, te band 6
Solving for bands 1 to 6...
    near maximum in trace
    iteration    1: trace = 2.085964301632154 (199.712% change)
    iteration    2: trace = 0.4966911797231509 (123.073% change)
    iteration    3: trace = 0.4266391567024107 (15.1738% change)
    iteration    4: trace = 0.4048638000148218 (5.23759% change)
    iteration    5: trace = 0.3990983346743468 (1.43426% change)
    iteration    6: trace = 0.3966181341163372 (0.623388% change)
    iteration    7: trace = 0.3958553430452132 (0.192509% change)
    iteration    8: trace = 0.3954613147214551 (0.099588% change)
    iteration    9: trace = 0.3953546087667817 (0.0269863% change)
    iteration   10: trace = 0.3953224483581507 (0.0081349% change)
    iteration   11: trace = 0.3953149148783838 (0.00190567% change)
    iteration   12: trace = 0.3953131517227502 (0.000446014% change)
    iteration   13: trace = 0.3953125548347606 (0.000150991% change)
    iteration   14: trace = 0.3953123103890854 (6.18361e-05% change)
    iteration   15: trace = 0.3953121641444327 (3.69947e-05% change)
    iteration   16: trace = 0.3953120960233987 (1.72322e-05% change)
    iteration   17: trace = 0.3953120715554868 (6.18952e-06% change)
    iteration   18: trace = 0.3953120663410967 (1.31906e-06% change)
    iteration   19: trace = 0.3953120647994909 (3.89972e-07% change)
    iteration   20: trace = 0.3953120644022437 (1.0049e-07% change)
    iteration   21: trace = 0.3953120641899555 (5.37014e-08% change)
    iteration   22: trace = 0.3953120641171499 (1.84172e-08% change)
    iteration   23: trace = 0.3953120640900412 (6.85755e-09% change)
Finished solving for bands 1 to 6 after 23 iterations.
tefreqs:, 1, -0.09, 0.14, 0, 0.143178, 0.0644969, 0.148913, 0.171616, 0.30073, 0.322581, 0.380825
elapsed time for k point: 2.5455193519592285
total elapsed time for run: 2.579482078552246
done
Initializing eigensolver data
Computing 6 bands with 1e-10 tolerance
Working in 2 dimensions.
Grid size is 288 x 96 x 1.
Solving for 6 bands at a time.
Creating Maxwell data...
Mesh size is 3.
Lattice vectors:
     (3, 0, 0)
     (0, 1, 0)
     (0, 0, 1)
Cell volume = 3
Reciprocal lattice vectors (/ 2 pi):
     (0.333333, -0, 0)
     (-0, 1, -0)
     (0, -0, 1)
Geometric objects:
     block, center = (0,0,0)
          size (1e+20,1e+20,1)
          axes (1,0,0), (0,1,0), (0,0,1)
     prism, center = (0.00894427,-1.38778e-17,0.5)
          height 1, axis (0,0,1), sidewall angle: 0 radians, 4 vertices:
          (0.258944,0.25,0)
          (-0.241056,0.25,0)
          (-0.241056,-0.25,0)
          (0.258944,-0.25,0)
     prism, center = (1.01102,-1.38778e-17,0.5)
          height 1, axis (0,0,1), sidewall angle: 0 radians, 4 vertices:
          (1.26102,0.25,0)
          (0.76102,0.25,0)
          (0.76102,-0.25,0)
          (1.26102,-0.25,0)
     prism, center = (1.98004,-1.38778e-17,0.5)
          height 1, axis (0,0,1), sidewall angle: 0 radians, 4 vertices:
          (2.23004,0.25,0)
          (1.73004,0.25,0)
          (1.73004,-0.25,0)
          (2.23004,-0.25,0)
Geometric object tree has depth 2 and 21 object nodes (vs. 4 actual objects)
Initializing epsilon function...
Allocating fields...
Solving for band polarization: te.
Initializing fields to random numbers...
1 k-points
  Vector3<-0.09, 0.14, 0.0>
elapsed time for initialization: 0.036359548568725586
solve_kpoint (-0.09,0.14,0):
tefreqs:, k index, k1, k2, k3, kmag/2pi, te band 1, te band 2, te band 3, te band 4, te band 5, te band 6
Solving for bands 1 to 6...
    near maximum in trace
    iteration    1: trace = 1.91780760200088 (199.736% change)
    iteration    2: trace = 0.6065104971430912 (103.893% change)
    iteration    3: trace = 0.4335866841283888 (33.2515% change)
    iteration    4: trace = 0.4142210924630593 (4.56839% change)
    iteration    5: trace = 0.403778886250762 (2.55311% change)
    iteration    6: trace = 0.4003487853888943 (0.853123% change)
    iteration    7: trace = 0.3973143820884713 (0.760823% change)
    iteration    8: trace = 0.3958449079858871 (0.370537% change)
    iteration    9: trace = 0.3952128141465333 (0.15981% change)
    iteration   10: trace = 0.3950763955695814 (0.0345237% change)
    iteration   11: trace = 0.3950251445150513 (0.0129733% change)
    iteration   12: trace = 0.3950029336345439 (0.00562281% change)
    iteration   13: trace = 0.3949909940377161 (0.00302271% change)
    iteration   14: trace = 0.3949871438784937 (0.000974751% change)
    iteration   15: trace = 0.3949860454390111 (0.000278095% change)
    iteration   16: trace = 0.3949857890635093 (6.49075e-05% change)
    iteration   17: trace = 0.3949856890471017 (2.53215e-05% change)
    iteration   18: trace = 0.3949856512704248 (9.56406e-06% change)
    iteration   19: trace = 0.394985634616032 (4.21646e-06% change)
    iteration   20: trace = 0.3949856297805612 (1.22421e-06% change)
    iteration   21: trace = 0.3949856284089898 (3.47246e-07% change)
    iteration   22: trace = 0.3949856281034577 (7.73527e-08% change)
    iteration   23: trace = 0.3949856280173112 (2.181e-08% change)
    iteration   24: trace = 0.3949856279863556 (7.83715e-09% change)
Finished solving for bands 1 to 6 after 24 iterations.
tefreqs:, 1, -0.09, 0.14, 0, 0.143178, 0.0644629, 0.148875, 0.171664, 0.300261, 0.322746, 0.380626
elapsed time for k point: 2.422368049621582
total elapsed time for run: 2.458892822265625
done
Initializing eigensolver data
Computing 6 bands with 1e-10 tolerance
Working in 2 dimensions.
Grid size is 288 x 96 x 1.
Solving for 6 bands at a time.
Creating Maxwell data...
Mesh size is 3.
Lattice vectors:
     (3, 0, 0)
     (0, 1, 0)
     (0, 0, 1)
Cell volume = 3
Reciprocal lattice vectors (/ 2 pi):
     (0.333333, -0, 0)
     (-0, 1, -0)
     (0, -0, 1)
Geometric objects:
     block, center = (0,0,0)
          size (1e+20,1e+20,1)
          axes (1,0,0), (0,1,0), (0,0,1)
     prism, center = (-0.00894427,-1.38778e-17,0.5)
          height 1, axis (0,0,1), sidewall angle: 0 radians, 4 vertices:
          (0.241056,0.25,0)
          (-0.258944,0.25,0)
          (-0.258944,-0.25,0)
          (0.241056,-0.25,0)
     prism, center = (0.98898,-1.38778e-17,0.5)
          height 1, axis (0,0,1), sidewall angle: 0 radians, 4 vertices:
          (1.23898,0.25,0)
          (0.73898,0.25,0)
          (0.73898,-0.25,0)
          (1.23898,-0.25,0)
     prism, center = (2.01996,-1.38778e-17,0.5)
          height 1, axis (0,0,1), sidewall angle: 0 radians, 4 vertices:
          (2.26996,0.25,0)
          (1.76996,0.25,0)
          (1.76996,-0.25,0)
          (2.26996,-0.25,0)
Geometric object tree has depth 2 and 21 object nodes (vs. 4 actual objects)
Initializing epsilon function...
Allocating fields...
Solving for band polarization: te.
Initializing fields to random numbers...
1 k-points
  Vector3<-0.09, 0.14, 0.0>
elapsed time for initialization: 0.03033304214477539
solve_kpoint (-0.09,0.14,0):
tefreqs:, k index, k1, k2, k3, kmag/2pi, te band 1, te band 2, te band 3, te band 4, te band 5, te band 6
Solving for bands 1 to 6...
    near maximum in trace
    iteration    1: trace = 2.086829724424783 (199.711% change)
    iteration    2: trace = 0.5110351416287567 (121.315% change)
    iteration    3: trace = 0.4375549079443233 (15.4925% change)
    iteration    4: trace = 0.4075317522428149 (7.10534% change)
    iteration    5: trace = 0.3999377494014936 (1.88094% change)
    iteration    6: trace = 0.3969620697771788 (0.746814% change)
    iteration    7: trace = 0.3960713516211563 (0.224636% change)
    iteration    8: trace = 0.395357235588044 (0.180463% change)
    iteration    9: trace = 0.3951085308125549 (0.0629261% change)
    iteration   10: trace = 0.3950050178741794 (0.026202% change)
    iteration   11: trace = 0.3949815722548192 (0.0059357% change)
    iteration   12: trace = 0.3949695324878386 (0.00304823% change)
    iteration   13: trace = 0.394964864896287 (0.00118177% change)
    iteration   14: trace = 0.3949626028524625 (0.000572722% change)
    iteration   15: trace = 0.3949620500075606 (0.000139974% change)
    iteration   16: trace = 0.3949618732624195 (4.47499e-05% change)
    iteration   17: trace = 0.3949618383697359 (8.83444e-06% change)
    iteration   18: trace = 0.3949618225954507 (3.99388e-06% change)
    iteration   19: trace = 0.3949618156510952 (1.75823e-06% change)
    iteration   20: trace = 0.3949618125950826 (7.73749e-07% change)
    iteration   21: trace = 0.3949618118951539 (1.77214e-07% change)
    iteration   22: trace = 0.3949618117053322 (4.80608e-08% change)
    iteration   23: trace = 0.3949618116613461 (1.11368e-08% change)
    iteration   24: trace = 0.3949618116522725 (2.29734e-09% change)
Finished solving for bands 1 to 6 after 24 iterations.
tefreqs:, 1, -0.09, 0.14, 0, 0.143178, 0.0644615, 0.148875, 0.171657, 0.300241, 0.322751, 0.38061
elapsed time for k point: 2.6534476280212402
total elapsed time for run: 2.683863639831543
done
Initializing eigensolver data
Computing 6 bands with 1e-10 tolerance
Working in 2 dimensions.
Grid size is 288 x 96 x 1.
Solving for 6 bands at a time.
Creating Maxwell data...
Mesh size is 3.
Lattice vectors:
     (3, 0, 0)
     (0, 1, 0)
     (0, 0, 1)
Cell volume = 3
Reciprocal lattice vectors (/ 2 pi):
     (0.333333, -0, 0)
     (-0, 1, -0)
     (0, -0, 1)
Geometric objects:
     block, center = (0,0,0)
          size (1e+20,1e+20,1)
          axes (1,0,0), (0,1,0), (0,0,1)
     prism, center = (0.0078125,-1.38778e-17,0.5)
          height 1, axis (0,0,1), sidewall angle: 0 radians, 4 vertices:
          (0.257812,0.25,0)
          (-0.242187,0.25,0)
          (-0.242188,-0.25,0)
          (0.257812,-0.25,0)
     prism, center = (1.00781,-1.38778e-17,0.5)
          height 1, axis (0,0,1), sidewall angle: 0 radians, 4 vertices:
          (1.25781,0.25,0)
          (0.757812,0.25,0)
          (0.757812,-0.25,0)
          (1.25781,-0.25,0)
     prism, center = (2.00781,-1.38778e-17,0.5)
          height 1, axis (0,0,1), sidewall angle: 0 radians, 4 vertices:
          (2.25781,0.25,0)
          (1.75781,0.25,0)
          (1.75781,-0.25,0)
          (2.25781,-0.25,0)
Geometric object tree has depth 2 and 21 object nodes (vs. 4 actual objects)
Initializing epsilon function...
Allocating fields...
Solving for band polarization: te.
Initializing fields to random numbers...
1 k-points
  Vector3<-0.09, 0.14, 0.0>
elapsed time for initialization: 0.03230142593383789
solve_kpoint (-0.09,0.14,0):
tefreqs:, k index, k1, k2, k3, kmag/2pi, te band 1, te band 2, te band 3, te band 4, te band 5, te band 6
Solving for bands 1 to 6...
    near maximum in trace
    iteration    1: trace = 2.684375557572433 (199.63% change)
    iteration    2: trace = 0.6977413876574106 (117.479% change)
    iteration    3: trace = 0.4701695882519459 (38.9707% change)
    iteration    4: trace = 0.4252867137695314 (10.0246% change)
    iteration    5: trace = 0.4069272054208162 (4.41221% change)
    iteration    6: trace = 0.4017986530756622 (1.2683% change)
    iteration    7: trace = 0.3984355626690453 (0.840527% change)
    iteration    8: trace = 0.3964657179228424 (0.49562% change)
    iteration    9: trace = 0.3954892560865111 (0.246595% change)
    iteration   10: trace = 0.3952685860731755 (0.0558123% change)
    iteration   11: trace = 0.3951873739508123 (0.0205482% change)
    iteration   12: trace = 0.3951643148689035 (0.00583514% change)
    iteration   13: trace = 0.3951513811438653 (0.00327305% change)
    iteration   14: trace = 0.3951466289485421 (0.00120263% change)
    iteration   15: trace = 0.3951446866695251 (0.000491535% change)
    iteration   16: trace = 0.3951443176843646 (9.33798e-05% change)
    iteration   17: trace = 0.3951442071649592 (2.79694e-05% change)
    iteration   18: trace = 0.39514417591281 (7.90905e-06% change)
    iteration   19: trace = 0.3951441586867657 (4.35943e-06% change)
    iteration   20: trace = 0.3951441518169759 (1.73855e-06% change)
    iteration   21: trace = 0.395144149321235 (6.31603e-07% change)
    iteration   22: trace = 0.3951441487951997 (1.33125e-07% change)
    iteration   23: trace = 0.3951441486755813 (3.02721e-08% change)
    iteration   24: trace = 0.3951441486446585 (7.82572e-09% change)
Finished solving for bands 1 to 6 after 24 iterations.
tefreqs:, 1, -0.09, 0.14, 0, 0.143178, 0.0644726, 0.148903, 0.171575, 0.300828, 0.322443, 0.380671
elapsed time for k point: 2.1284828186035156
total elapsed time for run: 2.160861015319824
done
Initializing eigensolver data
Computing 6 bands with 1e-10 tolerance
Working in 2 dimensions.
Grid size is 288 x 96 x 1.
Solving for 6 bands at a time.
Creating Maxwell data...
Mesh size is 3.
Lattice vectors:
     (3, 0, 0)
     (0, 1, 0)
     (0, 0, 1)
Cell volume = 3
Reciprocal lattice vectors (/ 2 pi):
     (0.333333, -0, 0)
     (-0, 1, -0)
     (0, -0, 1)
Geometric objects:
     block, center = (0,0,0)
          size (1e+20,1e+20,1)
          axes (1,0,0), (0,1,0), (0,0,1)
     prism, center = (0.00893053,-1.38778e-17,0.5)
          height 1, axis (0,0,1), sidewall angle: 0 radians, 4 vertices:
          (0.258931,0.25,0)
          (-0.241069,0.25,0)
          (-0.241069,-0.25,0)
          (0.258931,-0.25,0)
     prism, center = (1.00919,-1.38778e-17,0.5)
          height 1, axis (0,0,1), sidewall angle: 0 radians, 4 vertices:
          (1.25919,0.25,0)
          (0.75919,0.25,0)
          (0.75919,-0.25,0)
          (1.25919,-0.25,0)
     prism, center = (2.00532,-1.38778e-17,0.5)
          height 1, axis (0,0,1), sidewall angle: 0 radians, 4 vertices:
          (2.25532,0.25,0)
          (1.75532,0.25,0)
          (1.75532,-0.25,0)
          (2.25532,-0.25,0)
Geometric object tree has depth 2 and 21 object nodes (vs. 4 actual objects)
Initializing epsilon function...
Allocating fields...
Solving for band polarization: te.
Initializing fields to random numbers...
1 k-points
  Vector3<-0.09, 0.14, 0.0>
elapsed time for initialization: 0.03150796890258789
solve_kpoint (-0.09,0.14,0):
tefreqs:, k index, k1, k2, k3, kmag/2pi, te band 1, te band 2, te band 3, te band 4, te band 5, te band 6
Solving for bands 1 to 6...
    near maximum in trace
    iteration    1: trace = 2.247649210770695 (199.69% change)
    iteration    2: trace = 0.6036424835393595 (115.317% change)
    iteration    3: trace = 0.4631563539047219 (26.3379% change)
    iteration    4: trace = 0.4121250707583451 (11.6605% change)
    iteration    5: trace = 0.4011144592365068 (2.70784% change)
    iteration    6: trace = 0.3975284702653636 (0.898021% change)
    iteration    7: trace = 0.3964347170244936 (0.275517% change)
    iteration    8: trace = 0.3958138237375391 (0.156742% change)
    iteration    9: trace = 0.3955356035249875 (0.0703154% change)
    iteration   10: trace = 0.3954010308780567 (0.0340287% change)
    iteration   11: trace = 0.3953672189920762 (0.00855165% change)
    iteration   12: trace = 0.3953592072517249 (0.00202643% change)
    iteration   13: trace = 0.3953563522673287 (0.000722127% change)
    iteration   14: trace = 0.395354808679087 (0.00039043% change)
    iteration   15: trace = 0.3953540325642667 (0.000196309% change)
    iteration   16: trace = 0.3953538055139893 (5.74296e-05% change)
    iteration   17: trace = 0.3953537302318217 (1.90417e-05% change)
    iteration   18: trace = 0.3953537125134846 (4.48164e-06% change)
    iteration   19: trace = 0.3953537055360545 (1.76486e-06% change)
    iteration   20: trace = 0.395353703184029 (5.94917e-07% change)
    iteration   21: trace = 0.3953537018747351 (3.3117e-07% change)
    iteration   22: trace = 0.3953537014569919 (1.05663e-07% change)
    iteration   23: trace = 0.3953537013252622 (3.33195e-08% change)
    iteration   24: trace = 0.3953537012997271 (6.45879e-09% change)
Finished solving for bands 1 to 6 after 24 iterations.
tefreqs:, 1, -0.09, 0.14, 0, 0.143178, 0.0645005, 0.148918, 0.171594, 0.300865, 0.322501, 0.380848
elapsed time for k point: 2.1234943866729736
total elapsed time for run: 2.1550791263580322
done
Initializing eigensolver data
Computing 6 bands with 1e-10 tolerance
Working in 2 dimensions.
Grid size is 288 x 96 x 1.
Solving for 6 bands at a time.
Creating Maxwell data...
Mesh size is 3.
Lattice vectors:
     (3, 0, 0)
     (0, 1, 0)
     (0, 0, 1)
Cell volume = 3
Reciprocal lattice vectors (/ 2 pi):
     (0.333333, -0, 0)
     (-0, 1, -0)
     (0, -0, 1)
Geometric objects:
     block, center = (0,0,0)
          size (1e+20,1e+20,1)
          axes (1,0,0), (0,1,0), (0,0,1)
     prism, center = (0.00669447,-1.38778e-17,0.5)
          height 1, axis (0,0,1), sidewall angle: 0 radians, 4 vertices:
          (0.256694,0.25,0)
          (-0.243306,0.25,0)
          (-0.243306,-0.25,0)
          (0.256694,-0.25,0)
     prism, center = (1.00644,-1.38778e-17,0.5)
          height 1, axis (0,0,1), sidewall angle: 0 radians, 4 vertices:
          (1.25644,0.25,0)
          (0.756435,0.25,0)
          (0.756435,-0.25,0)
          (1.25644,-0.25,0)
     prism, center = (2.01031,-1.38778e-17,0.5)
          height 1, axis (0,0,1), sidewall angle: 0 radians, 4 vertices:
          (2.26031,0.25,0)
          (1.76031,0.25,0)
          (1.76031,-0.25,0)
          (2.26031,-0.25,0)
Geometric object tree has depth 2 and 21 object nodes (vs. 4 actual objects)
Initializing epsilon function...
Allocating fields...
Solving for band polarization: te.
Initializing fields to random numbers...
1 k-points
  Vector3<-0.09, 0.14, 0.0>
elapsed time for initialization: 0.06444168090820312
solve_kpoint (-0.09,0.14,0):
tefreqs:, k index, k1, k2, k3, kmag/2pi, te band 1, te band 2, te band 3, te band 4, te band 5, te band 6
Solving for bands 1 to 6...
    near maximum in trace
    iteration    1: trace = 1.771094718442682 (199.756% change)
    iteration    2: trace = 0.489711237265147 (113.356% change)
    iteration    3: trace = 0.4330680984285025 (12.2766% change)
    iteration    4: trace = 0.4151972007324812 (4.21352% change)
    iteration    5: trace = 0.4072809709185024 (1.92497% change)
    iteration    6: trace = 0.4010680126379811 (1.5372% change)
    iteration    7: trace = 0.3980531386488756 (0.754547% change)
    iteration    8: trace = 0.3960664860886306 (0.500341% change)
    iteration    9: trace = 0.3955257813679613 (0.136612% change)
    iteration   10: trace = 0.3953278908688201 (0.0500448% change)
    iteration   11: trace = 0.3952850696650386 (0.0108324% change)
    iteration   12: trace = 0.3952673596592973 (0.00448041% change)
    iteration   13: trace = 0.3952608014910352 (0.00165919% change)
    iteration   14: trace = 0.3952570699939597 (0.000944064% change)
    iteration   15: trace = 0.3952557093649894 (0.00034424% change)
    iteration   16: trace = 0.3952552866213019 (0.000106955% change)
    iteration   17: trace = 0.395255187357606 (2.51138e-05% change)
    iteration   18: trace = 0.3952551540418532 (8.42892e-06% change)
    iteration   19: trace = 0.3952551380677021 (4.04148e-06% change)
    iteration   20: trace = 0.395255130829506 (1.83127e-06% change)
    iteration   21: trace = 0.3952551286721329 (5.45818e-07% change)
    iteration   22: trace = 0.3952551281889366 (1.22249e-07% change)
    iteration   23: trace = 0.3952551280869683 (2.57981e-08% change)
    iteration   24: trace = 0.3952551280713681 (3.94687e-09% change)
Finished solving for bands 1 to 6 after 24 iterations.
tefreqs:, 1, -0.09, 0.14, 0, 0.143178, 0.0644868, 0.14891, 0.171587, 0.300845, 0.32248, 0.380761
elapsed time for k point: 4.452568292617798
total elapsed time for run: 4.517141819000244
done
Initializing eigensolver data
Computing 6 bands with 1e-10 tolerance
Working in 2 dimensions.
Grid size is 288 x 96 x 1.
Solving for 6 bands at a time.
Creating Maxwell data...
Mesh size is 3.
Lattice vectors:
     (3, 0, 0)
     (0, 1, 0)
     (0, 0, 1)
Cell volume = 3
Reciprocal lattice vectors (/ 2 pi):
     (0.333333, -0, 0)
     (-0, 1, -0)
     (0, -0, 1)
Geometric objects:
     block, center = (0,0,0)
          size (1e+20,1e+20,1)
          axes (1,0,0), (0,1,0), (0,0,1)
     prism, center = (0.0100486,-1.38778e-17,0.5)
          height 1, axis (0,0,1), sidewall angle: 0 radians, 4 vertices:
          (0.260049,0.25,0)
          (-0.239951,0.25,0)
          (-0.239951,-0.25,0)
          (0.260049,-0.25,0)
     prism, center = (1.01057,-1.38778e-17,0.5)
          height 1, axis (0,0,1), sidewall angle: 0 radians, 4 vertices:
          (1.26057,0.25,0)
          (0.760567,0.25,0)
          (0.760567,-0.25,0)
          (1.26057,-0.25,0)
     prism, center = (2.00282,-1.38778e-17,0.5)
          height 1, axis (0,0,1), sidewall angle: 0 radians, 4 vertices:
          (2.25282,0.25,0)
          (1.75282,0.25,0)
          (1.75282,-0.25,0)
          (2.25282,-0.25,0)
Geometric object tree has depth 2 and 21 object nodes (vs. 4 actual objects)
Initializing epsilon function...
Allocating fields...
Solving for band polarization: te.
Initializing fields to random numbers...
1 k-points
  Vector3<-0.09, 0.14, 0.0>
elapsed time for initialization: 0.11153531074523926
solve_kpoint (-0.09,0.14,0):
tefreqs:, k index, k1, k2, k3, kmag/2pi, te band 1, te band 2, te band 3, te band 4, te band 5, te band 6
Solving for bands 1 to 6...
    near maximum in trace
    iteration    1: trace = 2.281282449306186 (199.685% change)
    iteration    2: trace = 0.6000143991238032 (116.702% change)
    iteration    3: trace = 0.4317748866674551 (32.6112% change)
    iteration    4: trace = 0.4117858029869869 (4.73922% change)
    iteration    5: trace = 0.4022956673131289 (2.3315% change)
    iteration    6: trace = 0.3990510729617274 (0.809785% change)
    iteration    7: trace = 0.3966056651769972 (0.614689% change)
    iteration    8: trace = 0.3956747363678443 (0.235% change)
    iteration    9: trace = 0.3952483109287139 (0.10783% change)
    iteration   10: trace = 0.395160546060648 (0.0222075% change)
    iteration   11: trace = 0.3951265943269902 (0.00859225% change)
    iteration   12: trace = 0.3951154804522017 (0.00281278% change)
    iteration   13: trace = 0.3951090161063775 (0.00163608% change)
    iteration   14: trace = 0.3951068243822171 (0.000554715% change)
    iteration   15: trace = 0.3951059879282489 (0.000211703% change)
    iteration   16: trace = 0.3951058063809396 (4.5949e-05% change)
    iteration   17: trace = 0.3951057450796185 (1.55152e-05% change)
    iteration   18: trace = 0.3951057265238798 (4.6964e-06% change)
    iteration   19: trace = 0.3951057172870137 (2.33782e-06% change)
    iteration   20: trace = 0.3951057136844115 (9.11807e-07% change)
    iteration   21: trace = 0.3951057124872391 (3.03001e-07% change)
    iteration   22: trace = 0.3951057122466822 (6.08842e-08% change)
    iteration   23: trace = 0.3951057122001737 (1.17712e-08% change)
    iteration   24: trace = 0.39510571218986 (2.61036e-09% change)
Finished solving for bands 1 to 6 after 24 iterations.
tefreqs:, 1, -0.09, 0.14, 0, 0.143178, 0.0644675, 0.148898, 0.171581, 0.300784, 0.322461, 0.38064
elapsed time for k point: 6.231399059295654
total elapsed time for run: 6.343032360076904
done
Initializing eigensolver data
Computing 6 bands with 1e-10 tolerance
Working in 2 dimensions.
Grid size is 288 x 96 x 1.
Solving for 6 bands at a time.
Creating Maxwell data...
Mesh size is 3.
Lattice vectors:
     (3, 0, 0)
     (0, 1, 0)
     (0, 0, 1)
Cell volume = 3
Reciprocal lattice vectors (/ 2 pi):
     (0.333333, -0, 0)
     (-0, 1, -0)
     (0, -0, 1)
Geometric objects:
     block, center = (0,0,0)
          size (1e+20,1e+20,1)
          axes (1,0,0), (0,1,0), (0,0,1)
     prism, center = (0.00557643,-1.38778e-17,0.5)
          height 1, axis (0,0,1), sidewall angle: 0 radians, 4 vertices:
          (0.255576,0.25,0)
          (-0.244424,0.25,0)
          (-0.244424,-0.25,0)
          (0.255576,-0.25,0)
     prism, center = (1.00506,-1.38778e-17,0.5)
          height 1, axis (0,0,1), sidewall angle: 0 radians, 4 vertices:
          (1.25506,0.25,0)
          (0.755058,0.25,0)
          (0.755058,-0.25,0)
          (1.25506,-0.25,0)
     prism, center = (2.0128,-1.38778e-17,0.5)
          height 1, axis (0,0,1), sidewall angle: 0 radians, 4 vertices:
          (2.2628,0.25,0)
          (1.7628,0.25,0)
          (1.7628,-0.25,0)
          (2.2628,-0.25,0)
Geometric object tree has depth 2 and 21 object nodes (vs. 4 actual objects)
Initializing epsilon function...
Allocating fields...
Solving for band polarization: te.
Initializing fields to random numbers...
1 k-points
  Vector3<-0.09, 0.14, 0.0>
elapsed time for initialization: 0.09215641021728516
solve_kpoint (-0.09,0.14,0):
tefreqs:, k index, k1, k2, k3, kmag/2pi, te band 1, te band 2, te band 3, te band 4, te band 5, te band 6
Solving for bands 1 to 6...
    near maximum in trace
    iteration    1: trace = 2.417231437921134 (199.668% change)
    iteration    2: trace = 0.6218276956776789 (118.155% change)
    iteration    3: trace = 0.4308697377994976 (36.2797% change)
    iteration    4: trace = 0.4102432568754827 (4.90457% change)
    iteration    5: trace = 0.4016027666984834 (2.1286% change)
    iteration    6: trace = 0.399063603358202 (0.634263% change)
    iteration    7: trace = 0.3968265557191493 (0.56215% change)
    iteration    8: trace = 0.3959903175240836 (0.210954% change)
    iteration    9: trace = 0.3955495662939573 (0.111366% change)
    iteration   10: trace = 0.3954637586512416 (0.0216956% change)
    iteration   11: trace = 0.3954269925714181 (0.00929739% change)
    iteration   12: trace = 0.3954167516322149 (0.00258988% change)
    iteration   13: trace = 0.3954097754960858 (0.00176426% change)
    iteration   14: trace = 0.3954076238651216 (0.000544154% change)
    iteration   15: trace = 0.3954067451589725 (0.000222228% change)
    iteration   16: trace = 0.3954065693903734 (4.44526e-05% change)
    iteration   17: trace = 0.3954065097688743 (1.50785e-05% change)
    iteration   18: trace = 0.3954064914466271 (4.63377e-06% change)
    iteration   19: trace = 0.3954064832010018 (2.08535e-06% change)
    iteration   20: trace = 0.3954064796913373 (8.87609e-07% change)
    iteration   21: trace = 0.3954064782087393 (3.74955e-07% change)
    iteration   22: trace = 0.3954064777808112 (1.08225e-07% change)
    iteration   23: trace = 0.3954064777003367 (2.03524e-08% change)
    iteration   24: trace = 0.3954064776793926 (5.29683e-09% change)
Finished solving for bands 1 to 6 after 24 iterations.
tefreqs:, 1, -0.09, 0.14, 0, 0.143178, 0.0645075, 0.148924, 0.171604, 0.30086, 0.322533, 0.380886
elapsed time for k point: 6.967096328735352
total elapsed time for run: 7.0593602657318115
done
Initializing eigensolver data
Computing 6 bands with 1e-10 tolerance
Working in 2 dimensions.
Grid size is 288 x 96 x 1.
Solving for 6 bands at a time.
Creating Maxwell data...
Mesh size is 3.
Lattice vectors:
     (3, 0, 0)
     (0, 1, 0)
     (0, 0, 1)
Cell volume = 3
Reciprocal lattice vectors (/ 2 pi):
     (0.333333, -0, 0)
     (-0, 1, -0)
     (0, -0, 1)
Geometric objects:
     block, center = (0,0,0)
          size (1e+20,1e+20,1)
          axes (1,0,0), (0,1,0), (0,0,1)
     prism, center = (0.0122846,-1.38778e-17,0.5)
          height 1, axis (0,0,1), sidewall angle: 0 radians, 4 vertices:
          (0.262285,0.25,0)
          (-0.237715,0.25,0)
          (-0.237715,-0.25,0)
          (0.262285,-0.25,0)
     prism, center = (1.01332,-1.38778e-17,0.5)
          height 1, axis (0,0,1), sidewall angle: 0 radians, 4 vertices:
          (1.26332,0.25,0)
          (0.763322,0.25,0)
          (0.763322,-0.25,0)
          (1.26332,-0.25,0)
     prism, center = (1.99783,-1.38778e-17,0.5)
          height 1, axis (0,0,1), sidewall angle: 0 radians, 4 vertices:
          (2.24783,0.25,0)
          (1.74783,0.25,0)
          (1.74783,-0.25,0)
          (2.24783,-0.25,0)
Geometric object tree has depth 2 and 21 object nodes (vs. 4 actual objects)
Initializing epsilon function...
Allocating fields...
Solving for band polarization: te.
Initializing fields to random numbers...
1 k-points
  Vector3<-0.09, 0.14, 0.0>
elapsed time for initialization: 0.0557248592376709
solve_kpoint (-0.09,0.14,0):
tefreqs:, k index, k1, k2, k3, kmag/2pi, te band 1, te band 2, te band 3, te band 4, te band 5, te band 6
Solving for bands 1 to 6...
    near maximum in trace
    iteration    1: trace = 2.130475490795281 (199.705% change)
    iteration    2: trace = 0.5713276325152843 (115.415% change)
    iteration    3: trace = 0.4330224876320397 (27.5412% change)
    iteration    4: trace = 0.4102668974959206 (5.39686% change)
    iteration    5: trace = 0.4013868658261455 (2.18813% change)
    iteration    6: trace = 0.3987311206863593 (0.663838% change)
    iteration    7: trace = 0.396807145252167 (0.483691% change)
    iteration    8: trace = 0.3959374049778185 (0.219425% change)
    iteration    9: trace = 0.3954896724053186 (0.113146% change)
    iteration   10: trace = 0.3953840698312554 (0.0267053% change)
    iteration   11: trace = 0.3953453814685115 (0.00978549% change)
    iteration   12: trace = 0.3953348905117471 (0.00265365% change)
    iteration   13: trace = 0.3953290376433525 (0.00148049% change)
    iteration   14: trace = 0.3953270216501173 (0.000509955% change)
    iteration   15: trace = 0.3953262824810799 (0.000186977% change)
    iteration   16: trace = 0.3953261130528214 (4.28578e-05% change)
    iteration   17: trace = 0.3953260548940633 (1.47116e-05% change)
    iteration   18: trace = 0.3953260402298166 (3.70941e-06% change)
    iteration   19: trace = 0.3953260338540896 (1.61278e-06% change)
    iteration   20: trace = 0.3953260309537671 (7.33653e-07% change)
    iteration   21: trace = 0.3953260295514343 (3.54728e-07% change)
    iteration   22: trace = 0.3953260292566866 (7.45581e-08% change)
    iteration   23: trace = 0.3953260291911938 (1.65668e-08% change)
    iteration   24: trace = 0.3953260291750302 (4.08867e-09% change)
Finished solving for bands 1 to 6 after 24 iterations.
tefreqs:, 1, -0.09, 0.14, 0, 0.143178, 0.0645004, 0.14891, 0.171612, 0.300736, 0.322564, 0.380856
elapsed time for k point: 6.620922803878784
total elapsed time for run: 6.676887273788452
done
Initializing eigensolver data
Computing 6 bands with 1e-10 tolerance
Working in 2 dimensions.
Grid size is 288 x 96 x 1.
Solving for 6 bands at a time.
Creating Maxwell data...
Mesh size is 3.
Lattice vectors:
     (3, 0, 0)
     (0, 1, 0)
     (0, 0, 1)
Cell volume = 3
Reciprocal lattice vectors (/ 2 pi):
     (0.333333, -0, 0)
     (-0, 1, -0)
     (0, -0, 1)
Geometric objects:
     block, center = (0,0,0)
          size (1e+20,1e+20,1)
          axes (1,0,0), (0,1,0), (0,0,1)
     prism, center = (0.00334036,-1.38778e-17,0.5)
          height 1, axis (0,0,1), sidewall angle: 0 radians, 4 vertices:
          (0.25334,0.25,0)
          (-0.24666,0.25,0)
          (-0.24666,-0.25,0)
          (0.25334,-0.25,0)
     prism, center = (1.0023,-1.38778e-17,0.5)
          height 1, axis (0,0,1), sidewall angle: 0 radians, 4 vertices:
          (1.2523,0.25,0)
          (0.752303,0.25,0)
          (0.752303,-0.25,0)
          (1.2523,-0.25,0)
     prism, center = (2.01779,-1.38778e-17,0.5)
          height 1, axis (0,0,1), sidewall angle: 0 radians, 4 vertices:
          (2.26779,0.25,0)
          (1.76779,0.25,0)
          (1.76779,-0.25,0)
          (2.26779,-0.25,0)
Geometric object tree has depth 2 and 21 object nodes (vs. 4 actual objects)
Initializing epsilon function...
Allocating fields...
Solving for band polarization: te.
Initializing fields to random numbers...
1 k-points
  Vector3<-0.09, 0.14, 0.0>
elapsed time for initialization: 0.08545064926147461
solve_kpoint (-0.09,0.14,0):
tefreqs:, k index, k1, k2, k3, kmag/2pi, te band 1, te band 2, te band 3, te band 4, te band 5, te band 6
Solving for bands 1 to 6...
    near maximum in trace
    iteration    1: trace = 2.487439145607917 (199.656% change)
    iteration    2: trace = 0.5864774442499888 (123.683% change)
    iteration    3: trace = 0.4660521080431841 (22.883% change)
    iteration    4: trace = 0.4191305356904681 (10.6016% change)
    iteration    5: trace = 0.4057188449849731 (3.25191% change)
    iteration    6: trace = 0.3996787133392223 (1.49991% change)
    iteration    7: trace = 0.3974211254077472 (0.56645% change)
    iteration    8: trace = 0.3959531344179736 (0.370063% change)
    iteration    9: trace = 0.3955106527331167 (0.111814% change)
    iteration   10: trace = 0.3953401066072643 (0.0431298% change)
    iteration   11: trace = 0.3953049426830538 (0.008895% change)
    iteration   12: trace = 0.3952903277335919 (0.0036972% change)
    iteration   13: trace = 0.3952844860282966 (0.00147784% change)
    iteration   14: trace = 0.3952812754892455 (0.000812213% change)
    iteration   15: trace = 0.3952803153947147 (0.000242889% change)
    iteration   16: trace = 0.395279951866691 (9.19672e-05% change)
    iteration   17: trace = 0.3952798698203694 (2.07565e-05% change)
    iteration   18: trace = 0.3952798361165644 (8.52657e-06% change)
    iteration   19: trace = 0.3952798234666409 (3.20025e-06% change)
    iteration   20: trace = 0.3952798159473487 (1.90227e-06% change)
    iteration   21: trace = 0.3952798136018797 (5.93369e-07% change)
    iteration   22: trace = 0.3952798129179737 (1.73018e-07% change)
    iteration   23: trace = 0.3952798127741399 (3.63879e-08% change)
    iteration   24: trace = 0.3952798127462928 (7.04491e-09% change)
Finished solving for bands 1 to 6 after 24 iterations.
tefreqs:, 1, -0.09, 0.14, 0, 0.143178, 0.0644927, 0.148908, 0.17161, 0.300711, 0.322573, 0.38081
elapsed time for k point: 7.268535375595093
total elapsed time for run: 7.354077577590942
done
Initializing eigensolver data
Computing 6 bands with 1e-10 tolerance
Working in 2 dimensions.
Grid size is 288 x 96 x 1.
Solving for 6 bands at a time.
Creating Maxwell data...
Mesh size is 3.
Lattice vectors:
     (3, 0, 0)
     (0, 1, 0)
     (0, 0, 1)
Cell volume = 3
Reciprocal lattice vectors (/ 2 pi):
     (0.333333, -0, 0)
     (-0, 1, -0)
     (0, -0, 1)
Geometric objects:
     block, center = (0,0,0)
          size (1e+20,1e+20,1)
          axes (1,0,0), (0,1,0), (0,0,1)
     prism, center = (0.0167568,-1.38778e-17,0.5)
          height 1, axis (0,0,1), sidewall angle: 0 radians, 4 vertices:
          (0.266757,0.25,0)
          (-0.233243,0.25,0)
          (-0.233243,-0.25,0)
          (0.266757,-0.25,0)
     prism, center = (1.01883,-1.38778e-17,0.5)
          height 1, axis (0,0,1), sidewall angle: 0 radians, 4 vertices:
          (1.26883,0.25,0)
          (0.768832,0.25,0)
          (0.768832,-0.25,0)
          (1.26883,-0.25,0)
     prism, center = (1.98785,-1.38778e-17,0.5)
          height 1, axis (0,0,1), sidewall angle: 0 radians, 4 vertices:
          (2.23785,0.25,0)
          (1.73785,0.25,0)
          (1.73785,-0.25,0)
          (2.23785,-0.25,0)
Geometric object tree has depth 2 and 21 object nodes (vs. 4 actual objects)
Initializing epsilon function...
Allocating fields...
Solving for band polarization: te.
Initializing fields to random numbers...
1 k-points
  Vector3<-0.09, 0.14, 0.0>
elapsed time for initialization: 0.033011436462402344
solve_kpoint (-0.09,0.14,0):
tefreqs:, k index, k1, k2, k3, kmag/2pi, te band 1, te band 2, te band 3, te band 4, te band 5, te band 6
Solving for bands 1 to 6...
    near maximum in trace
    iteration    1: trace = 2.217877776356639 (199.694% change)
    iteration    2: trace = 0.6065358719655746 (114.101% change)
    iteration    3: trace = 0.4436936500008857 (31.0108% change)
    iteration    4: trace = 0.4280389752422615 (3.59162% change)
    iteration    5: trace = 0.4209575891717018 (1.66818% change)
    iteration    6: trace = 0.4193532458218491 (0.381845% change)
    iteration    7: trace = 0.4183486781439986 (0.239839% change)
    iteration    8: trace = 0.4172535008068635 (0.262129% change)
    large trace change predicted (2.1799%)
    iteration    9: trace = 0.4128066529320253 (1.07145% change)
    iteration   10: trace = 0.4078720568749823 (1.20256% change)
    iteration   11: trace = 0.4030540622685597 (1.18827% change)
    iteration   12: trace = 0.3995328460278207 (0.877467% change)
    iteration   13: trace = 0.3973925711454596 (0.537133% change)
    iteration   14: trace = 0.3960593819274252 (0.336048% change)
    iteration   15: trace = 0.3954317886915111 (0.158585% change)
    iteration   16: trace = 0.3952470185768999 (0.0467371% change)
    iteration   17: trace = 0.3951957090760883 (0.0129825% change)
    iteration   18: trace = 0.3951799266006213 (0.00399366% change)
    iteration   19: trace = 0.3951728712403108 (0.00178537% change)
    iteration   20: trace = 0.3951697298431895 (0.000794946% change)
    iteration   21: trace = 0.395168745724897 (0.000249037% change)
    iteration   22: trace = 0.3951684734598122 (6.88985e-05% change)
    iteration   23: trace = 0.3951683844784131 (2.25173e-05% change)
    iteration   24: trace = 0.3951683422782451 (1.0679e-05% change)
    iteration   25: trace = 0.3951683215797797 (5.23789e-06% change)
    iteration   26: trace = 0.3951683132125388 (2.11739e-06% change)
    iteration   27: trace = 0.3951683107032793 (6.34985e-07% change)
    iteration   28: trace = 0.395168309954907 (1.89381e-07% change)
    iteration   29: trace = 0.3951683097591907 (4.95273e-08% change)
    iteration   30: trace = 0.3951683096974821 (1.56158e-08% change)
    iteration   31: trace = 0.3951683096695907 (7.0581e-09% change)
Finished solving for bands 1 to 6 after 31 iterations.
tefreqs:, 1, -0.09, 0.14, 0, 0.143178, 0.064487, 0.14889, 0.171677, 0.300315, 0.322777, 0.380781
elapsed time for k point: 6.378670692443848
total elapsed time for run: 6.411776542663574
done
Initializing eigensolver data
Computing 6 bands with 1e-10 tolerance
Working in 2 dimensions.
Grid size is 288 x 96 x 1.
Solving for 6 bands at a time.
Creating Maxwell data...
Mesh size is 3.
Lattice vectors:
     (3, 0, 0)
     (0, 1, 0)
     (0, 0, 1)
Cell volume = 3
Reciprocal lattice vectors (/ 2 pi):
     (0.333333, -0, 0)
     (-0, 1, -0)
     (0, -0, 1)
Geometric objects:
     block, center = (0,0,0)
          size (1e+20,1e+20,1)
          axes (1,0,0), (0,1,0), (0,0,1)
     prism, center = (-0.00113177,-1.38778e-17,0.5)
          height 1, axis (0,0,1), sidewall angle: 0 radians, 4 vertices:
          (0.248868,0.25,0)
          (-0.251132,0.25,0)
          (-0.251132,-0.25,0)
          (0.248868,-0.25,0)
     prism, center = (0.996793,-1.38778e-17,0.5)
          height 1, axis (0,0,1), sidewall angle: 0 radians, 4 vertices:
          (1.24679,0.25,0)
          (0.746793,0.25,0)
          (0.746793,-0.25,0)
          (1.24679,-0.25,0)
     prism, center = (2.02778,-1.38778e-17,0.5)
          height 1, axis (0,0,1), sidewall angle: 0 radians, 4 vertices:
          (2.27778,0.25,0)
          (1.77778,0.25,0)
          (1.77778,-0.25,0)
          (2.27778,-0.25,0)
Geometric object tree has depth 2 and 21 object nodes (vs. 4 actual objects)
Initializing epsilon function...
Allocating fields...
Solving for band polarization: te.
Initializing fields to random numbers...
1 k-points
  Vector3<-0.09, 0.14, 0.0>
elapsed time for initialization: 0.04234051704406738
solve_kpoint (-0.09,0.14,0):
tefreqs:, k index, k1, k2, k3, kmag/2pi, te band 1, te band 2, te band 3, te band 4, te band 5, te band 6
Solving for bands 1 to 6...
    near maximum in trace
    iteration    1: trace = 2.097768579258703 (199.709% change)
    iteration    2: trace = 0.5278930793336731 (119.579% change)
    iteration    3: trace = 0.4405664942262593 (18.0341% change)
    iteration    4: trace = 0.4095967371232693 (7.2856% change)
    iteration    5: trace = 0.4016436360688234 (1.96073% change)
    iteration    6: trace = 0.3978805253940808 (0.941338% change)
    iteration    7: trace = 0.3965381529572705 (0.337951% change)
    iteration    8: trace = 0.3955768223345449 (0.242725% change)
    iteration    9: trace = 0.3952663183030936 (0.0785248% change)
    iteration   10: trace = 0.3951458561363642 (0.0304808% change)
    iteration   11: trace = 0.3951197790975141 (0.00659956% change)
    iteration   12: trace = 0.3951070531876762 (0.00322082% change)
    iteration   13: trace = 0.3951018896662428 (0.00130687% change)
    iteration   14: trace = 0.3950989329569192 (0.000748344% change)
    iteration   15: trace = 0.3950981050597787 (0.000209542% change)
    iteration   16: trace = 0.3950978099599473 (7.46903e-05% change)
    iteration   17: trace = 0.3950977346127764 (1.90705e-05% change)
    iteration   18: trace = 0.3950977051636935 (7.45362e-06% change)
    iteration   19: trace = 0.3950976948582596 (2.60833e-06% change)
    iteration   20: trace = 0.3950976895096324 (1.35375e-06% change)
    iteration   21: trace = 0.3950976881172124 (3.52424e-07% change)
    iteration   22: trace = 0.3950976878010328 (8.00257e-08% change)
    iteration   23: trace = 0.395097687737704 (1.60286e-08% change)
    iteration   24: trace = 0.3950976877248092 (3.2637e-09% change)
Finished solving for bands 1 to 6 after 24 iterations.
tefreqs:, 1, -0.09, 0.14, 0, 0.143178, 0.064479, 0.148886, 0.171665, 0.300278, 0.32278, 0.380724
elapsed time for k point: 6.190579652786255
total elapsed time for run: 6.233013868331909
done
Initializing eigensolver data
Computing 6 bands with 1e-10 tolerance
Working in 2 dimensions.
Grid size is 288 x 96 x 1.
Solving for 6 bands at a time.
Creating Maxwell data...
Mesh size is 3.
Lattice vectors:
     (3, 0, 0)
     (0, 1, 0)
     (0, 0, 1)
Cell volume = 3
Reciprocal lattice vectors (/ 2 pi):
     (0.333333, -0, 0)
     (-0, 1, -0)
     (0, -0, 1)
Geometric objects:
     block, center = (0,0,0)
          size (1e+20,1e+20,1)
          axes (1,0,0), (0,1,0), (0,0,1)
     prism, center = (0.015625,-1.38778e-17,0.5)
          height 1, axis (0,0,1), sidewall angle: 0 radians, 4 vertices:
          (0.265625,0.25,0)
          (-0.234375,0.25,0)
          (-0.234375,-0.25,0)
          (0.265625,-0.25,0)
     prism, center = (1.01562,-1.38778e-17,0.5)
          height 1, axis (0,0,1), sidewall angle: 0 radians, 4 vertices:
          (1.26562,0.25,0)
          (0.765625,0.25,0)
          (0.765625,-0.25,0)
          (1.26562,-0.25,0)
     prism, center = (2.01562,-1.38778e-17,0.5)
          height 1, axis (0,0,1), sidewall angle: 0 radians, 4 vertices:
          (2.26562,0.25,0)
          (1.76562,0.25,0)
          (1.76562,-0.25,0)
          (2.26562,-0.25,0)
Geometric object tree has depth 2 and 21 object nodes (vs. 4 actual objects)
Initializing epsilon function...
Allocating fields...
Solving for band polarization: te.
Initializing fields to random numbers...
1 k-points
  Vector3<-0.09, 0.14, 0.0>
elapsed time for initialization: 0.037630558013916016
solve_kpoint (-0.09,0.14,0):
tefreqs:, k index, k1, k2, k3, kmag/2pi, te band 1, te band 2, te band 3, te band 4, te band 5, te band 6
Solving for bands 1 to 6...
    near maximum in trace
    iteration    1: trace = 1.889718527642612 (199.74% change)
    iteration    2: trace = 0.480554163061904 (118.903% change)
    iteration    3: trace = 0.4262001060796835 (11.9887% change)
    iteration    4: trace = 0.4094226100788671 (4.01557% change)
    iteration    5: trace = 0.4033286401801366 (1.49959% change)
    iteration    6: trace = 0.3996250572553613 (0.92249% change)
    iteration    7: trace = 0.3975257281214813 (0.526708% change)
    iteration    8: trace = 0.3962458837543099 (0.322472% change)
    iteration    9: trace = 0.3958599483383847 (0.0974454% change)
    iteration   10: trace = 0.395728077249044 (0.0333181% change)
    iteration   11: trace = 0.3956730390382389 (0.0139091% change)
    iteration   12: trace = 0.3956517863023108 (0.00537143% change)
    iteration   13: trace = 0.3956414367711406 (0.00261585% change)
    iteration   14: trace = 0.3956381595717474 (0.000828329% change)
    iteration   15: trace = 0.3956370439905382 (0.00028197% change)
    iteration   16: trace = 0.3956368466820098 (4.98711e-05% change)
    iteration   17: trace = 0.3956367781356697 (1.73256e-05% change)
    iteration   18: trace = 0.3956367612735731 (4.26201e-06% change)
    iteration   19: trace = 0.3956367532961716 (2.01634e-06% change)
    iteration   20: trace = 0.3956367498407393 (8.73385e-07% change)
    iteration   21: trace = 0.3956367479865658 (4.68656e-07% change)
    iteration   22: trace = 0.3956367475208575 (1.17711e-07% change)
    iteration   23: trace = 0.3956367473973143 (3.12264e-08% change)
    iteration   24: trace = 0.3956367473656128 (8.01277e-09% change)
Finished solving for bands 1 to 6 after 24 iterations.
tefreqs:, 1, -0.09, 0.14, 0, 0.143178, 0.0645382, 0.148945, 0.171617, 0.300945, 0.322568, 0.381073
elapsed time for k point: 4.843154191970825
total elapsed time for run: 4.880866050720215
done
Initializing eigensolver data
Computing 6 bands with 1e-10 tolerance
Working in 2 dimensions.
Grid size is 288 x 96 x 1.
Solving for 6 bands at a time.
Creating Maxwell data...
Mesh size is 3.
Lattice vectors:
     (3, 0, 0)
     (0, 1, 0)
     (0, 0, 1)
Cell volume = 3
Reciprocal lattice vectors (/ 2 pi):
     (0.333333, -0, 0)
     (-0, 1, -0)
     (0, -0, 1)
Geometric objects:
     block, center = (0,0,0)
          size (1e+20,1e+20,1)
          axes (1,0,0), (0,1,0), (0,0,1)
     prism, center = (0.016743,-1.38778e-17,0.5)
          height 1, axis (0,0,1), sidewall angle: 0 radians, 4 vertices:
          (0.266743,0.25,0)
          (-0.233257,0.25,0)
          (-0.233257,-0.25,0)
          (0.266743,-0.25,0)
     prism, center = (1.017,-1.38778e-17,0.5)
          height 1, axis (0,0,1), sidewall angle: 0 radians, 4 vertices:
          (1.267,0.25,0)
          (0.767002,0.25,0)
          (0.767002,-0.25,0)
          (1.267,-0.25,0)
     prism, center = (2.01313,-1.38778e-17,0.5)
          height 1, axis (0,0,1), sidewall angle: 0 radians, 4 vertices:
          (2.26313,0.25,0)
          (1.76313,0.25,0)
          (1.76313,-0.25,0)
          (2.26313,-0.25,0)
Geometric object tree has depth 2 and 21 object nodes (vs. 4 actual objects)
Initializing epsilon function...
Allocating fields...
Solving for band polarization: te.
Initializing fields to random numbers...
1 k-points
  Vector3<-0.09, 0.14, 0.0>
elapsed time for initialization: 0.05591607093811035
solve_kpoint (-0.09,0.14,0):
tefreqs:, k index, k1, k2, k3, kmag/2pi, te band 1, te band 2, te band 3, te band 4, te band 5, te band 6
Solving for bands 1 to 6...
    near maximum in trace
    iteration    1: trace = 2.125480884634749 (199.706% change)
    iteration    2: trace = 0.5881180004940745 (113.308% change)
    iteration    3: trace = 0.4254933630404485 (32.0882% change)
    iteration    4: trace = 0.4064803800624621 (4.57057% change)
    iteration    5: trace = 0.3984432721967852 (1.99699% change)
    iteration    6: trace = 0.3969595087006925 (0.373085% change)
    iteration    7: trace = 0.3960817176058822 (0.221373% change)
    iteration    8: trace = 0.3956758524442903 (0.102523% change)
    iteration    9: trace = 0.3954086473081123 (0.0675541% change)
    iteration   10: trace = 0.3953483769269786 (0.0152437% change)
    iteration   11: trace = 0.3953299097302989 (0.00467123% change)
    iteration   12: trace = 0.3953268115664621 (0.000783694% change)
    iteration   13: trace = 0.3953255075465902 (0.000329859% change)
    iteration   14: trace = 0.395325019813942 (0.000123375% change)
    iteration   15: trace = 0.3953247598955597 (6.5748e-05% change)
    iteration   16: trace = 0.3953246867453054 (1.85038e-05% change)
    iteration   17: trace = 0.3953246619750413 (6.2658e-06% change)
    iteration   18: trace = 0.3953246568540619 (1.29539e-06% change)
    iteration   19: trace = 0.3953246552358722 (4.09332e-07% change)
    iteration   20: trace = 0.3953246546764607 (1.41507e-07% change)
    iteration   21: trace = 0.3953246544004943 (6.98075e-08% change)
    iteration   22: trace = 0.3953246543033658 (2.45693e-08% change)
    iteration   23: trace = 0.3953246542711005 (8.16174e-09% change)
Finished solving for bands 1 to 6 after 23 iterations.
tefreqs:, 1, -0.09, 0.14, 0, 0.143178, 0.0644954, 0.148916, 0.171592, 0.30086, 0.322498, 0.380819
elapsed time for k point: 2.5804221630096436
total elapsed time for run: 2.6364328861236572
done
Initializing eigensolver data
Computing 6 bands with 1e-10 tolerance
Working in 2 dimensions.
Grid size is 288 x 96 x 1.
Solving for 6 bands at a time.
Creating Maxwell data...
Mesh size is 3.
Lattice vectors:
     (3, 0, 0)
     (0, 1, 0)
     (0, 0, 1)
Cell volume = 3
Reciprocal lattice vectors (/ 2 pi):
     (0.333333, -0, 0)
     (-0, 1, -0)
     (0, -0, 1)
Geometric objects:
     block, center = (0,0,0)
          size (1e+20,1e+20,1)
          axes (1,0,0), (0,1,0), (0,0,1)
     prism, center = (0.014507,-1.38778e-17,0.5)
          height 1, axis (0,0,1), sidewall angle: 0 radians, 4 vertices:
          (0.264507,0.25,0)
          (-0.235493,0.25,0)
          (-0.235493,-0.25,0)
          (0.264507,-0.25,0)
     prism, center = (1.01425,-1.38778e-17,0.5)
          height 1, axis (0,0,1), sidewall angle: 0 radians, 4 vertices:
          (1.26425,0.25,0)
          (0.764248,0.25,0)
          (0.764248,-0.25,0)
          (1.26425,-0.25,0)
     prism, center = (2.01812,-1.38778e-17,0.5)
          height 1, axis (0,0,1), sidewall angle: 0 radians, 4 vertices:
          (2.26812,0.25,0)
          (1.76812,0.25,0)
          (1.76812,-0.25,0)
          (2.26812,-0.25,0)
Geometric object tree has depth 2 and 21 object nodes (vs. 4 actual objects)
Initializing epsilon function...
Allocating fields...
Solving for band polarization: te.
Initializing fields to random numbers...
1 k-points
  Vector3<-0.09, 0.14, 0.0>
elapsed time for initialization: 0.03456902503967285
solve_kpoint (-0.09,0.14,0):
tefreqs:, k index, k1, k2, k3, kmag/2pi, te band 1, te band 2, te band 3, te band 4, te band 5, te band 6
Solving for bands 1 to 6...
    near maximum in trace
    iteration    1: trace = 1.841371992400791 (199.747% change)
    iteration    2: trace = 0.495563377910664 (115.177% change)
    iteration    3: trace = 0.4285426845803403 (14.505% change)
    iteration    4: trace = 0.4058329407098706 (5.44353% change)
    iteration    5: trace = 0.399987819899226 (1.45072% change)
    iteration    6: trace = 0.3972153338665157 (0.695553% change)
    iteration    7: trace = 0.396214449890758 (0.252293% change)
    iteration    8: trace = 0.3955399023613392 (0.170393% change)
    iteration    9: trace = 0.3953808665048079 (0.0402154% change)
    iteration   10: trace = 0.3953328020569896 (0.0121572% change)
    iteration   11: trace = 0.3953221411076626 (0.00269674% change)
    iteration   12: trace = 0.3953167569587228 (0.00136197% change)
    iteration   13: trace = 0.3953143167615093 (0.000617278% change)
    iteration   14: trace = 0.3953131764494564 (0.000288457% change)
    iteration   15: trace = 0.3953129117836152 (6.6951e-05% change)
    iteration   16: trace = 0.3953128354716926 (1.93042e-05% change)
    iteration   17: trace = 0.3953128107284321 (6.25916e-06% change)
    iteration   18: trace = 0.3953127993690275 (2.87352e-06% change)
    iteration   19: trace = 0.3953127946252139 (1.20002e-06% change)
    iteration   20: trace = 0.3953127923984443 (5.63293e-07% change)
    iteration   21: trace = 0.3953127917529428 (1.63289e-07% change)
    iteration   22: trace = 0.3953127916246031 (3.24654e-08% change)
    iteration   23: trace = 0.3953127915972936 (6.90832e-09% change)
Finished solving for bands 1 to 6 after 23 iterations.
tefreqs:, 1, -0.09, 0.14, 0, 0.143178, 0.0644947, 0.148915, 0.17159, 0.300856, 0.322492, 0.380814
elapsed time for k point: 2.7689833641052246
total elapsed time for run: 2.803640127182007
done
Initializing eigensolver data
Computing 6 bands with 1e-10 tolerance
Working in 2 dimensions.
Grid size is 288 x 96 x 1.
Solving for 6 bands at a time.
Creating Maxwell data...
Mesh size is 3.
Lattice vectors:
     (3, 0, 0)
     (0, 1, 0)
     (0, 0, 1)
Cell volume = 3
Reciprocal lattice vectors (/ 2 pi):
     (0.333333, -0, 0)
     (-0, 1, -0)
     (0, -0, 1)
Geometric objects:
     block, center = (0,0,0)
          size (1e+20,1e+20,1)
          axes (1,0,0), (0,1,0), (0,0,1)
     prism, center = (0.0178611,-1.38778e-17,0.5)
          height 1, axis (0,0,1), sidewall angle: 0 radians, 4 vertices:
          (0.267861,0.25,0)
          (-0.232139,0.25,0)
          (-0.232139,-0.25,0)
          (0.267861,-0.25,0)
     prism, center = (1.01838,-1.38778e-17,0.5)
          height 1, axis (0,0,1), sidewall angle: 0 radians, 4 vertices:
          (1.26838,0.25,0)
          (0.76838,0.25,0)
          (0.76838,-0.25,0)
          (1.26838,-0.25,0)
     prism, center = (2.01063,-1.38778e-17,0.5)
          height 1, axis (0,0,1), sidewall angle: 0 radians, 4 vertices:
          (2.26063,0.25,0)
          (1.76063,0.25,0)
          (1.76063,-0.25,0)
          (2.26063,-0.25,0)
Geometric object tree has depth 2 and 21 object nodes (vs. 4 actual objects)
Initializing epsilon function...
Allocating fields...
Solving for band polarization: te.
Initializing fields to random numbers...
1 k-points
  Vector3<-0.09, 0.14, 0.0>
elapsed time for initialization: 0.06546807289123535
solve_kpoint (-0.09,0.14,0):
tefreqs:, k index, k1, k2, k3, kmag/2pi, te band 1, te band 2, te band 3, te band 4, te band 5, te band 6
Solving for bands 1 to 6...
    near maximum in trace
    iteration    1: trace = 1.923454673941761 (199.733% change)
    iteration    2: trace = 0.5791172426077658 (107.436% change)
    iteration    3: trace = 0.4322066501546841 (29.0531% change)
    iteration    4: trace = 0.4146390436138426 (4.14895% change)
    iteration    5: trace = 0.4055299745538992 (2.22127% change)
    iteration    6: trace = 0.4019109753407302 (0.896412% change)
    iteration    7: trace = 0.3982219217658576 (0.92211% change)
    iteration    8: trace = 0.3962726312958594 (0.4907% change)
    iteration    9: trace = 0.3954064629259542 (0.218818% change)
    iteration   10: trace = 0.3952541429364685 (0.0385298% change)
    iteration   11: trace = 0.3952088773439699 (0.0114529% change)
    iteration   12: trace = 0.3951977252650938 (0.00282186% change)
    iteration   13: trace = 0.3951917295653719 (0.00151715% change)
    iteration   14: trace = 0.3951897710149416 (0.000495596% change)
    iteration   15: trace = 0.395188974176363 (0.000201635% change)
    iteration   16: trace = 0.395188785858134 (4.76527e-05% change)
    iteration   17: trace = 0.3951887260634002 (1.51307e-05% change)
    iteration   18: trace = 0.3951887095014546 (4.1909e-06% change)
    iteration   19: trace = 0.3951887004229846 (2.29725e-06% change)
    iteration   20: trace = 0.3951886960573588 (1.10469e-06% change)
    iteration   21: trace = 0.3951886944860571 (3.97608e-07% change)
    iteration   22: trace = 0.3951886941203822 (9.25317e-08% change)
    iteration   23: trace = 0.3951886940410629 (2.00712e-08% change)
    iteration   24: trace = 0.3951886940195357 (5.44733e-09% change)
Finished solving for bands 1 to 6 after 24 iterations.
tefreqs:, 1, -0.09, 0.14, 0, 0.143178, 0.0644786, 0.148903, 0.171586, 0.300799, 0.32248, 0.380715
elapsed time for k point: 2.1350154876708984
total elapsed time for run: 2.2005724906921387
done
Initializing eigensolver data
Computing 6 bands with 1e-10 tolerance
Working in 2 dimensions.
Grid size is 288 x 96 x 1.
Solving for 6 bands at a time.
Creating Maxwell data...
Mesh size is 3.
Lattice vectors:
     (3, 0, 0)
     (0, 1, 0)
     (0, 0, 1)
Cell volume = 3
Reciprocal lattice vectors (/ 2 pi):
     (0.333333, -0, 0)
     (-0, 1, -0)
     (0, -0, 1)
Geometric objects:
     block, center = (0,0,0)
          size (1e+20,1e+20,1)
          axes (1,0,0), (0,1,0), (0,0,1)
     prism, center = (0.0133889,-1.38778e-17,0.5)
          height 1, axis (0,0,1), sidewall angle: 0 radians, 4 vertices:
          (0.263389,0.25,0)
          (-0.236611,0.25,0)
          (-0.236611,-0.25,0)
          (0.263389,-0.25,0)
     prism, center = (1.01287,-1.38778e-17,0.5)
          height 1, axis (0,0,1), sidewall angle: 0 radians, 4 vertices:
          (1.26287,0.25,0)
          (0.76287,0.25,0)
          (0.76287,-0.25,0)
          (1.26287,-0.25,0)
     prism, center = (2.02062,-1.38778e-17,0.5)
          height 1, axis (0,0,1), sidewall angle: 0 radians, 4 vertices:
          (2.27062,0.25,0)
          (1.77062,0.25,0)
          (1.77062,-0.25,0)
          (2.27062,-0.25,0)
Geometric object tree has depth 2 and 21 object nodes (vs. 4 actual objects)
Initializing epsilon function...
Allocating fields...
Solving for band polarization: te.
Initializing fields to random numbers...
1 k-points
  Vector3<-0.09, 0.14, 0.0>
elapsed time for initialization: 0.03158402442932129
solve_kpoint (-0.09,0.14,0):
tefreqs:, k index, k1, k2, k3, kmag/2pi, te band 1, te band 2, te band 3, te band 4, te band 5, te band 6
Solving for bands 1 to 6...
    near maximum in trace
    iteration    1: trace = 2.002890712634966 (199.721% change)
    iteration    2: trace = 0.5191680016566546 (117.66% change)
    iteration    3: trace = 0.4411859860556858 (16.2403% change)
    iteration    4: trace = 0.4112377282895223 (7.02661% change)
    iteration    5: trace = 0.4021333897761722 (2.23867% change)
    iteration    6: trace = 0.3979673338120005 (1.04138% change)
    iteration    7: trace = 0.3965677924585437 (0.352292% change)
    iteration    8: trace = 0.3956214205305141 (0.238926% change)
    iteration    9: trace = 0.3953348478350934 (0.0724623% change)
    iteration   10: trace = 0.3952312483248847 (0.0262089% change)
    iteration   11: trace = 0.3952073326916135 (0.00605123% change)
    iteration   12: trace = 0.3951959585562814 (0.00287806% change)
    iteration   13: trace = 0.3951912663518361 (0.00118732% change)
    iteration   14: trace = 0.3951885702316598 (0.000682234% change)
    iteration   15: trace = 0.3951878298513226 (0.000187349% change)
    iteration   16: trace = 0.3951876056287967 (5.67382e-05% change)
    iteration   17: trace = 0.3951875615994184 (1.11414e-05% change)
    iteration   18: trace = 0.395187548119666 (3.41098e-06% change)
    iteration   19: trace = 0.3951875438737656 (1.0744e-06% change)
    iteration   20: trace = 0.3951875413277387 (6.44258e-07% change)
    iteration   21: trace = 0.395187540346931 (2.48188e-07% change)
    iteration   22: trace = 0.3951875400863133 (6.59479e-08% change)
    iteration   23: trace = 0.3951875400262229 (1.52056e-08% change)
    iteration   24: trace = 0.3951875400144477 (2.97965e-09% change)
Finished solving for bands 1 to 6 after 24 iterations.
tefreqs:, 1, -0.09, 0.14, 0, 0.143178, 0.0644786, 0.148903, 0.171586, 0.300797, 0.322482, 0.380712
elapsed time for k point: 2.3403334617614746
total elapsed time for run: 2.3719968795776367
done
Initializing eigensolver data
Computing 6 bands with 1e-10 tolerance
Working in 2 dimensions.
Grid size is 288 x 96 x 1.
Solving for 6 bands at a time.
Creating Maxwell data...
Mesh size is 3.
Lattice vectors:
     (3, 0, 0)
     (0, 1, 0)
     (0, 0, 1)
Cell volume = 3
Reciprocal lattice vectors (/ 2 pi):
     (0.333333, -0, 0)
     (-0, 1, -0)
     (0, -0, 1)
Geometric objects:
     block, center = (0,0,0)
          size (1e+20,1e+20,1)
          axes (1,0,0), (0,1,0), (0,0,1)
     prism, center = (0.0200971,-1.38778e-17,0.5)
          height 1, axis (0,0,1), sidewall angle: 0 radians, 4 vertices:
          (0.270097,0.25,0)
          (-0.229903,0.25,0)
          (-0.229903,-0.25,0)
          (0.270097,-0.25,0)
     prism, center = (1.02113,-1.38778e-17,0.5)
          height 1, axis (0,0,1), sidewall angle: 0 radians, 4 vertices:
          (1.27113,0.25,0)
          (0.771135,0.25,0)
          (0.771135,-0.25,0)
          (1.27113,-0.25,0)
     prism, center = (2.00564,-1.38778e-17,0.5)
          height 1, axis (0,0,1), sidewall angle: 0 radians, 4 vertices:
          (2.25564,0.25,0)
          (1.75564,0.25,0)
          (1.75564,-0.25,0)
          (2.25564,-0.25,0)
Geometric object tree has depth 2 and 21 object nodes (vs. 4 actual objects)
Initializing epsilon function...
Allocating fields...
Solving for band polarization: te.
Initializing fields to random numbers...
1 k-points
  Vector3<-0.09, 0.14, 0.0>
elapsed time for initialization: 0.031629323959350586
solve_kpoint (-0.09,0.14,0):
tefreqs:, k index, k1, k2, k3, kmag/2pi, te band 1, te band 2, te band 3, te band 4, te band 5, te band 6
Solving for bands 1 to 6...
    near maximum in trace
    iteration    1: trace = 1.984612514843844 (199.726% change)
    iteration    2: trace = 0.5077492941600678 (118.511% change)
    iteration    3: trace = 0.444079409626041 (13.3784% change)
    iteration    4: trace = 0.4226000380223305 (4.9567% change)
    iteration    5: trace = 0.4153351622325231 (1.73399% change)
    iteration    6: trace = 0.408983401158151 (1.54109% change)
    iteration    7: trace = 0.4035774127233633 (1.33061% change)
    iteration    8: trace = 0.3980312018637414 (1.38377% change)
    iteration    9: trace = 0.3962887659585337 (0.438724% change)
    iteration   10: trace = 0.3955751199617886 (0.180245% change)
    iteration   11: trace = 0.3953771491437025 (0.0500589% change)
    iteration   12: trace = 0.3952669220035543 (0.0278829% change)
    iteration   13: trace = 0.3952197820355806 (0.0119268% change)
    iteration   14: trace = 0.3951975955327608 (0.00561387% change)
    iteration   15: trace = 0.3951915074265035 (0.00154053% change)
    iteration   16: trace = 0.3951898602768373 (0.000416799% change)
    iteration   17: trace = 0.3951893362160921 (0.00013261% change)
    iteration   18: trace = 0.3951891222494222 (5.41428e-05% change)
    iteration   19: trace = 0.3951890252115809 (2.45548e-05% change)
    iteration   20: trace = 0.3951889918092644 (8.45224e-06% change)
    iteration   21: trace = 0.3951889811466887 (2.6981e-06% change)
    iteration   22: trace = 0.395188978883958 (5.72569e-07% change)
    iteration   23: trace = 0.3951889783092141 (1.45435e-07% change)
    iteration   24: trace = 0.3951889781957905 (2.87011e-08% change)
    iteration   25: trace = 0.3951889781534126 (1.07235e-08% change)
    iteration   26: trace = 0.3951889781334085 (5.06191e-09% change)
Finished solving for bands 1 to 6 after 26 iterations.
tefreqs:, 1, -0.09, 0.14, 0, 0.143178, 0.064481, 0.148903, 0.171606, 0.300706, 0.322545, 0.380725
elapsed time for k point: 2.525146484375
total elapsed time for run: 2.5568618774414062
done
Initializing eigensolver data
Computing 6 bands with 1e-10 tolerance
Working in 2 dimensions.
Grid size is 288 x 96 x 1.
Solving for 6 bands at a time.
Creating Maxwell data...
Mesh size is 3.
Lattice vectors:
     (3, 0, 0)
     (0, 1, 0)
     (0, 0, 1)
Cell volume = 3
Reciprocal lattice vectors (/ 2 pi):
     (0.333333, -0, 0)
     (-0, 1, -0)
     (0, -0, 1)
Geometric objects:
     block, center = (0,0,0)
          size (1e+20,1e+20,1)
          axes (1,0,0), (0,1,0), (0,0,1)
     prism, center = (0.0111529,-1.38778e-17,0.5)
          height 1, axis (0,0,1), sidewall angle: 0 radians, 4 vertices:
          (0.261153,0.25,0)
          (-0.238847,0.25,0)
          (-0.238847,-0.25,0)
          (0.261153,-0.25,0)
     prism, center = (1.01012,-1.38778e-17,0.5)
          height 1, axis (0,0,1), sidewall angle: 0 radians, 4 vertices:
          (1.26012,0.25,0)
          (0.760115,0.25,0)
          (0.760115,-0.25,0)
          (1.26012,-0.25,0)
     prism, center = (2.02561,-1.38778e-17,0.5)
          height 1, axis (0,0,1), sidewall angle: 0 radians, 4 vertices:
          (2.27561,0.25,0)
          (1.77561,0.25,0)
          (1.77561,-0.25,0)
          (2.27561,-0.25,0)
Geometric object tree has depth 2 and 21 object nodes (vs. 4 actual objects)
Initializing epsilon function...
Allocating fields...
Solving for band polarization: te.
Initializing fields to random numbers...
1 k-points
  Vector3<-0.09, 0.14, 0.0>
elapsed time for initialization: 0.0676872730255127
solve_kpoint (-0.09,0.14,0):
tefreqs:, k index, k1, k2, k3, kmag/2pi, te band 1, te band 2, te band 3, te band 4, te band 5, te band 6
Solving for bands 1 to 6...
    near maximum in trace
    iteration    1: trace = 2.157162825942475 (199.703% change)
    iteration    2: trace = 0.6369310405801391 (108.818% change)
    iteration    3: trace = 0.4226495212680647 (40.4465% change)
    iteration    4: trace = 0.4066971729050203 (3.84697% change)
    iteration    5: trace = 0.3987926566799607 (1.96266% change)
    iteration    6: trace = 0.3970696418196428 (0.432993% change)
    iteration    7: trace = 0.3959674194901918 (0.277975% change)
    iteration    8: trace = 0.3955401643677006 (0.10796% change)
    iteration    9: trace = 0.3952722254964982 (0.0677629% change)
    iteration   10: trace = 0.3952214557860357 (0.0128451% change)
    iteration   11: trace = 0.3952008438098789 (0.00521543% change)
    iteration   12: trace = 0.3951952136087169 (0.00142465% change)
    iteration   13: trace = 0.3951913360574065 (0.000981178% change)
    iteration   14: trace = 0.3951899087106285 (0.000361179% change)
    iteration   15: trace = 0.3951894085959629 (0.000126551% change)
    iteration   16: trace = 0.3951892993964422 (2.76322e-05% change)
    iteration   17: trace = 0.3951892662562755 (8.3859e-06% change)
    iteration   18: trace = 0.3951892537670449 (3.16032e-06% change)
    iteration   19: trace = 0.3951892486743225 (1.28868e-06% change)
    iteration   20: trace = 0.3951892462138489 (6.22606e-07% change)
    iteration   21: trace = 0.3951892454270191 (1.99102e-07% change)
    iteration   22: trace = 0.3951892452135974 (5.40049e-08% change)
    iteration   23: trace = 0.3951892451815116 (8.11909e-09% change)
Finished solving for bands 1 to 6 after 23 iterations.
tefreqs:, 1, -0.09, 0.14, 0, 0.143178, 0.064481, 0.148903, 0.171606, 0.300705, 0.322546, 0.380725
elapsed time for k point: 3.0577433109283447
total elapsed time for run: 3.1255226135253906
done
Initializing eigensolver data
Computing 6 bands with 1e-10 tolerance
Working in 2 dimensions.
Grid size is 288 x 96 x 1.
Solving for 6 bands at a time.
Creating Maxwell data...
Mesh size is 3.
Lattice vectors:
     (3, 0, 0)
     (0, 1, 0)
     (0, 0, 1)
Cell volume = 3
Reciprocal lattice vectors (/ 2 pi):
     (0.333333, -0, 0)
     (-0, 1, -0)
     (0, -0, 1)
Geometric objects:
     block, center = (0,0,0)
          size (1e+20,1e+20,1)
          axes (1,0,0), (0,1,0), (0,0,1)
     prism, center = (0.0245693,-1.38778e-17,0.5)
          height 1, axis (0,0,1), sidewall angle: 0 radians, 4 vertices:
          (0.274569,0.25,0)
          (-0.225431,0.25,0)
          (-0.225431,-0.25,0)
          (0.274569,-0.25,0)
     prism, center = (1.02664,-1.38778e-17,0.5)
          height 1, axis (0,0,1), sidewall angle: 0 radians, 4 vertices:
          (1.27664,0.25,0)
          (0.776645,0.25,0)
          (0.776645,-0.25,0)
          (1.27664,-0.25,0)
     prism, center = (1.99566,-1.38778e-17,0.5)
          height 1, axis (0,0,1), sidewall angle: 0 radians, 4 vertices:
          (2.24566,0.25,0)
          (1.74566,0.25,0)
          (1.74566,-0.25,0)
          (2.24566,-0.25,0)
Geometric object tree has depth 2 and 21 object nodes (vs. 4 actual objects)
Initializing epsilon function...
Allocating fields...
Solving for band polarization: te.
Initializing fields to random numbers...
1 k-points
  Vector3<-0.09, 0.14, 0.0>
elapsed time for initialization: 0.0345304012298584
solve_kpoint (-0.09,0.14,0):
tefreqs:, k index, k1, k2, k3, kmag/2pi, te band 1, te band 2, te band 3, te band 4, te band 5, te band 6
Solving for bands 1 to 6...
    near maximum in trace
    iteration    1: trace = 2.191229103633283 (199.697% change)
    iteration    2: trace = 0.5109237042004113 (124.368% change)
    iteration    3: trace = 0.4319062336639882 (16.7618% change)
    iteration    4: trace = 0.4061137244975075 (6.15558% change)
    iteration    5: trace = 0.3993557757938195 (1.67801% change)
    iteration    6: trace = 0.3968302778059916 (0.634399% change)
    iteration    7: trace = 0.3960973063905218 (0.184877% change)
    iteration    8: trace = 0.3956455517712127 (0.114116% change)
    iteration    9: trace = 0.395450910295584 (0.049208% change)
    iteration   10: trace = 0.3953637338950949 (0.0220472% change)
    iteration   11: trace = 0.3953414729489672 (0.00563066% change)
    iteration   12: trace = 0.3953315883316132 (0.0025003% change)
    iteration   13: trace = 0.3953276317929048 (0.00100082% change)
    iteration   14: trace = 0.3953257988073776 (0.000463663% change)
    iteration   15: trace = 0.395325182766209 (0.000155831% change)
    iteration   16: trace = 0.3953249922352646 (4.8196e-05% change)
    iteration   17: trace = 0.3953249414454875 (1.28476e-05% change)
    iteration   18: trace = 0.3953249278142132 (3.44812e-06% change)
    iteration   19: trace = 0.3953249224324225 (1.36136e-06% change)
    iteration   20: trace = 0.3953249200112265 (6.12457e-07% change)
    iteration   21: trace = 0.3953249188619509 (2.90717e-07% change)
    iteration   22: trace = 0.3953249185631085 (7.55941e-08% change)
    iteration   23: trace = 0.3953249184770705 (2.17639e-08% change)
    iteration   24: trace = 0.3953249184608703 (4.09796e-09% change)
Finished solving for bands 1 to 6 after 24 iterations.
tefreqs:, 1, -0.09, 0.14, 0, 0.143178, 0.0645086, 0.148903, 0.171687, 0.300348, 0.322819, 0.380912
elapsed time for k point: 2.4409050941467285
total elapsed time for run: 2.4755163192749023
done
Initializing eigensolver data
Computing 6 bands with 1e-10 tolerance
Working in 2 dimensions.
Grid size is 288 x 96 x 1.
Solving for 6 bands at a time.
Creating Maxwell data...
Mesh size is 3.
Lattice vectors:
     (3, 0, 0)
     (0, 1, 0)
     (0, 0, 1)
Cell volume = 3
Reciprocal lattice vectors (/ 2 pi):
     (0.333333, -0, 0)
     (-0, 1, -0)
     (0, -0, 1)
Geometric objects:
     block, center = (0,0,0)
          size (1e+20,1e+20,1)
          axes (1,0,0), (0,1,0), (0,0,1)
     prism, center = (0.00668073,-1.38778e-17,0.5)
          height 1, axis (0,0,1), sidewall angle: 0 radians, 4 vertices:
          (0.256681,0.25,0)
          (-0.243319,0.25,0)
          (-0.243319,-0.25,0)
          (0.256681,-0.25,0)
     prism, center = (1.00461,-1.38778e-17,0.5)
          height 1, axis (0,0,1), sidewall angle: 0 radians, 4 vertices:
          (1.25461,0.25,0)
          (0.754605,0.25,0)
          (0.754605,-0.25,0)
          (1.25461,-0.25,0)
     prism, center = (2.03559,-1.38778e-17,0.5)
          height 1, axis (0,0,1), sidewall angle: 0 radians, 4 vertices:
          (2.28559,0.25,0)
          (1.78559,0.25,0)
          (1.78559,-0.25,0)
          (2.28559,-0.25,0)
Geometric object tree has depth 2 and 21 object nodes (vs. 4 actual objects)
Initializing epsilon function...
Allocating fields...
Solving for band polarization: te.
Initializing fields to random numbers...
1 k-points
  Vector3<-0.09, 0.14, 0.0>
elapsed time for initialization: 0.02859663963317871
solve_kpoint (-0.09,0.14,0):
tefreqs:, k index, k1, k2, k3, kmag/2pi, te band 1, te band 2, te band 3, te band 4, te band 5, te band 6
Solving for bands 1 to 6...
    near maximum in trace
    iteration    1: trace = 2.24537756660768 (199.691% change)
    iteration    2: trace = 0.6366782697651248 (111.636% change)
    iteration    3: trace = 0.4484863912694031 (34.6845% change)
    iteration    4: trace = 0.4268588056241484 (4.9415% change)
    iteration    5: trace = 0.4136975368841744 (3.13156% change)
    iteration    6: trace = 0.4081029944332931 (1.36153% change)
    iteration    7: trace = 0.4017053400111114 (1.58004% change)
    iteration    8: trace = 0.3980393417863327 (0.916792% change)
    iteration    9: trace = 0.3959900325289493 (0.51618% change)
    iteration   10: trace = 0.3955740928323215 (0.105093% change)
    iteration   11: trace = 0.3954210784910262 (0.0386891% change)
    iteration   12: trace = 0.3953764579566869 (0.0112849% change)
    iteration   13: trace = 0.3953448351034496 (0.00799848% change)
    iteration   14: trace = 0.3953324239277922 (0.00313938% change)
    iteration   15: trace = 0.3953264753426102 (0.00150472% change)
    iteration   16: trace = 0.3953252050382556 (0.000321331% change)
    iteration   17: trace = 0.3953247443419106 (0.000116536% change)
    iteration   18: trace = 0.3953245925777618 (3.83897e-05% change)
    iteration   19: trace = 0.3953245196168831 (1.84559e-05% change)
    iteration   20: trace = 0.3953244938826125 (6.50966e-06% change)
    iteration   21: trace = 0.3953244854323028 (2.13756e-06% change)
    iteration   22: trace = 0.3953244833445927 (5.281e-07% change)
    iteration   23: trace = 0.3953244828741642 (1.18998e-07% change)
    iteration   24: trace = 0.3953244827271907 (3.71779e-08% change)
    iteration   25: trace = 0.395324482676758 (1.27573e-08% change)
    iteration   26: trace = 0.3953244826501928 (6.71983e-09% change)
Finished solving for bands 1 to 6 after 26 iterations.
tefreqs:, 1, -0.09, 0.14, 0, 0.143178, 0.0645086, 0.148904, 0.171686, 0.300334, 0.322841, 0.380904
elapsed time for k point: 3.6931183338165283
total elapsed time for run: 3.7218029499053955
done
Initializing eigensolver data
Computing 6 bands with 1e-10 tolerance
Working in 2 dimensions.
Grid size is 288 x 96 x 1.
Solving for 6 bands at a time.
Creating Maxwell data...
Mesh size is 3.
Lattice vectors:
     (3, 0, 0)
     (0, 1, 0)
     (0, 0, 1)
Cell volume = 3
Reciprocal lattice vectors (/ 2 pi):
     (0.333333, -0, 0)
     (-0, 1, -0)
     (0, -0, 1)
Geometric objects:
     block, center = (0,0,0)
          size (1e+20,1e+20,1)
          axes (1,0,0), (0,1,0), (0,0,1)
     prism, center = (0.0234375,-1.38778e-17,0.5)
          height 1, axis (0,0,1), sidewall angle: 0 radians, 4 vertices:
          (0.273438,0.25,0)
          (-0.226562,0.25,0)
          (-0.226563,-0.25,0)
          (0.273437,-0.25,0)
     prism, center = (1.02344,-1.38778e-17,0.5)
          height 1, axis (0,0,1), sidewall angle: 0 radians, 4 vertices:
          (1.27344,0.25,0)
          (0.773438,0.25,0)
          (0.773438,-0.25,0)
          (1.27344,-0.25,0)
     prism, center = (2.02344,-1.38778e-17,0.5)
          height 1, axis (0,0,1), sidewall angle: 0 radians, 4 vertices:
          (2.27344,0.25,0)
          (1.77344,0.25,0)
          (1.77344,-0.25,0)
          (2.27344,-0.25,0)
Geometric object tree has depth 2 and 21 object nodes (vs. 4 actual objects)
Initializing epsilon function...
Allocating fields...
Solving for band polarization: te.
Initializing fields to random numbers...
1 k-points
  Vector3<-0.09, 0.14, 0.0>
elapsed time for initialization: 0.049961090087890625
solve_kpoint (-0.09,0.14,0):
tefreqs:, k index, k1, k2, k3, kmag/2pi, te band 1, te band 2, te band 3, te band 4, te band 5, te band 6
Solving for bands 1 to 6...
    near maximum in trace
    iteration    1: trace = 2.101007159988509 (199.709% change)
    iteration    2: trace = 0.5170798459568231 (120.999% change)
    iteration    3: trace = 0.4384242833441438 (16.4637% change)
    iteration    4: trace = 0.4153837445973161 (5.39712% change)
    iteration    5: trace = 0.4085052761979661 (1.66976% change)
    iteration    6: trace = 0.4021090123053941 (1.57813% change)
    iteration    7: trace = 0.3981689921285458 (0.984663% change)
    iteration    8: trace = 0.3958900278414946 (0.574004% change)
    iteration    9: trace = 0.3954230739285647 (0.11802% change)
    iteration   10: trace = 0.3952547591472573 (0.0425748% change)
    iteration   11: trace = 0.3951978908982368 (0.0143888% change)
    iteration   12: trace = 0.395160935228851 (0.00935162% change)
    iteration   13: trace = 0.3951495761726969 (0.00287458% change)
    iteration   14: trace = 0.3951455431968966 (0.00102063% change)
    iteration   15: trace = 0.3951446557535767 (0.000224587% change)
    iteration   16: trace = 0.3951443385351128 (8.02791e-05% change)
    iteration   17: trace = 0.3951442394523392 (2.50751e-05% change)
    iteration   18: trace = 0.395144177506091 (1.56769e-05% change)
    iteration   19: trace = 0.3951441565535773 (5.3025e-06% change)
    iteration   20: trace = 0.3951441501878227 (1.611e-06% change)
    iteration   21: trace = 0.3951441489769724 (3.06433e-07% change)
    iteration   22: trace = 0.395144148703193 (6.9286e-08% change)
    iteration   23: trace = 0.39514414864414 (1.49447e-08% change)
    iteration   24: trace = 0.3951441486326426 (2.90969e-09% change)
Finished solving for bands 1 to 6 after 24 iterations.
tefreqs:, 1, -0.09, 0.14, 0, 0.143178, 0.0644726, 0.148903, 0.171575, 0.300828, 0.322443, 0.380671
elapsed time for k point: 7.805678844451904
total elapsed time for run: 7.855746746063232
done
Initializing eigensolver data
Computing 6 bands with 1e-10 tolerance
Working in 2 dimensions.
Grid size is 288 x 96 x 1.
Solving for 6 bands at a time.
Creating Maxwell data...
Mesh size is 3.
Lattice vectors:
     (3, 0, 0)
     (0, 1, 0)
     (0, 0, 1)
Cell volume = 3
Reciprocal lattice vectors (/ 2 pi):
     (0.333333, -0, 0)
     (-0, 1, -0)
     (0, -0, 1)
Geometric objects:
     block, center = (0,0,0)
          size (1e+20,1e+20,1)
          axes (1,0,0), (0,1,0), (0,0,1)
     prism, center = (0.0245555,-1.38778e-17,0.5)
          height 1, axis (0,0,1), sidewall angle: 0 radians, 4 vertices:
          (0.274556,0.25,0)
          (-0.225444,0.25,0)
          (-0.225444,-0.25,0)
          (0.274556,-0.25,0)
     prism, center = (1.02481,-1.38778e-17,0.5)
          height 1, axis (0,0,1), sidewall angle: 0 radians, 4 vertices:
          (1.27481,0.25,0)
          (0.774815,0.25,0)
          (0.774815,-0.25,0)
          (1.27481,-0.25,0)
     prism, center = (2.02094,-1.38778e-17,0.5)
          height 1, axis (0,0,1), sidewall angle: 0 radians, 4 vertices:
          (2.27094,0.25,0)
          (1.77094,0.25,0)
          (1.77094,-0.25,0)
          (2.27094,-0.25,0)
Geometric object tree has depth 2 and 21 object nodes (vs. 4 actual objects)
Initializing epsilon function...
Allocating fields...
Solving for band polarization: te.
Initializing fields to random numbers...
1 k-points
  Vector3<-0.09, 0.14, 0.0>
elapsed time for initialization: 0.08338046073913574
solve_kpoint (-0.09,0.14,0):
tefreqs:, k index, k1, k2, k3, kmag/2pi, te band 1, te band 2, te band 3, te band 4, te band 5, te band 6
Solving for bands 1 to 6...
    near maximum in trace
    iteration    1: trace = 2.351705533727626 (199.674% change)
    iteration    2: trace = 0.7163822001808164 (106.602% change)
    iteration    3: trace = 0.4504975761410506 (45.5719% change)
    iteration    4: trace = 0.4281736921741917 (5.08128% change)
    iteration    5: trace = 0.414173169720352 (3.32417% change)
    iteration    6: trace = 0.4083424223002377 (1.41778% change)
    iteration    7: trace = 0.4012471444054795 (1.75281% change)
    iteration    8: trace = 0.3974404227044758 (0.953244% change)
    iteration    9: trace = 0.3957494028750139 (0.426385% change)
    iteration   10: trace = 0.3954090170443101 (0.0860475% change)
    iteration   11: trace = 0.3952946124596031 (0.0289374% change)
    iteration   12: trace = 0.3952708646457521 (0.0060078% change)
    iteration   13: trace = 0.3952615282577657 (0.00236205% change)
    iteration   14: trace = 0.395258010586556 (0.000889964% change)
    iteration   15: trace = 0.3952561841502331 (0.000462088% change)
    iteration   16: trace = 0.3952556707050758 (0.000129902% change)
    iteration   17: trace = 0.395255495116286 (4.44241e-05% change)
    iteration   18: trace = 0.3952554455706642 (1.25351e-05% change)
    iteration   19: trace = 0.395255422895084 (5.73694e-06% change)
    iteration   20: trace = 0.3952554123189632 (2.67577e-06% change)
    iteration   21: trace = 0.3952554072608401 (1.27971e-06% change)
    iteration   22: trace = 0.3952554058615648 (3.54018e-07% change)
    iteration   23: trace = 0.395255405531922 (8.34e-08% change)
    iteration   24: trace = 0.3952554054575506 (1.8816e-08% change)
    iteration   25: trace = 0.3952554054405296 (4.30631e-09% change)
Finished solving for bands 1 to 6 after 25 iterations.
tefreqs:, 1, -0.09, 0.14, 0, 0.143178, 0.0644868, 0.14891, 0.171587, 0.300845, 0.322479, 0.380762
elapsed time for k point: 7.7329490184783936
total elapsed time for run: 7.816419363021851
done
Initializing eigensolver data
Computing 6 bands with 1e-10 tolerance
Working in 2 dimensions.
Grid size is 288 x 96 x 1.
Solving for 6 bands at a time.
Creating Maxwell data...
Mesh size is 3.
Lattice vectors:
     (3, 0, 0)
     (0, 1, 0)
     (0, 0, 1)
Cell volume = 3
Reciprocal lattice vectors (/ 2 pi):
     (0.333333, -0, 0)
     (-0, 1, -0)
     (0, -0, 1)
Geometric objects:
     block, center = (0,0,0)
          size (1e+20,1e+20,1)
          axes (1,0,0), (0,1,0), (0,0,1)
     prism, center = (0.0223195,-1.38778e-17,0.5)
          height 1, axis (0,0,1), sidewall angle: 0 radians, 4 vertices:
          (0.272319,0.25,0)
          (-0.227681,0.25,0)
          (-0.227681,-0.25,0)
          (0.272319,-0.25,0)
     prism, center = (1.02206,-1.38778e-17,0.5)
          height 1, axis (0,0,1), sidewall angle: 0 radians, 4 vertices:
          (1.27206,0.25,0)
          (0.77206,0.25,0)
          (0.77206,-0.25,0)
          (1.27206,-0.25,0)
     prism, center = (2.02593,-1.38778e-17,0.5)
          height 1, axis (0,0,1), sidewall angle: 0 radians, 4 vertices:
          (2.27593,0.25,0)
          (1.77593,0.25,0)
          (1.77593,-0.25,0)
          (2.27593,-0.25,0)
Geometric object tree has depth 2 and 21 object nodes (vs. 4 actual objects)
Initializing epsilon function...
Allocating fields...
Solving for band polarization: te.
Initializing fields to random numbers...
1 k-points
  Vector3<-0.09, 0.14, 0.0>
elapsed time for initialization: 0.03927445411682129
solve_kpoint (-0.09,0.14,0):
tefreqs:, k index, k1, k2, k3, kmag/2pi, te band 1, te band 2, te band 3, te band 4, te band 5, te band 6
Solving for bands 1 to 6...
    near maximum in trace
    iteration    1: trace = 1.82741729030596 (199.748% change)
    iteration    2: trace = 0.5089459509990177 (112.865% change)
    iteration    3: trace = 0.4373397325500331 (15.1342% change)
    iteration    4: trace = 0.4128304944394546 (5.76572% change)
    iteration    5: trace = 0.4047628627242006 (1.97351% change)
    iteration    6: trace = 0.4003118385671257 (1.10574% change)
    iteration    7: trace = 0.3979283301883271 (0.597191% change)
    iteration    8: trace = 0.3962971683686686 (0.410755% change)
    iteration    9: trace = 0.3956754763168018 (0.156998% change)
    iteration   10: trace = 0.3954482630525401 (0.0574406% change)
    iteration   11: trace = 0.3953844682773517 (0.0161336% change)
    iteration   12: trace = 0.3953666012168578 (0.00451901% change)
    iteration   13: trace = 0.3953589310615896 (0.00194003% change)
    iteration   14: trace = 0.3953553973007138 (0.000893815% change)
    iteration   15: trace = 0.3953534448891342 (0.000493838% change)
    iteration   16: trace = 0.395352895979054 (0.00013884% change)
    iteration   17: trace = 0.3953527386803064 (3.97869e-05% change)
    iteration   18: trace = 0.3953527079030384 (7.78476e-06% change)
    iteration   19: trace = 0.3953526979151598 (2.52632e-06% change)
    iteration   20: trace = 0.3953526946012806 (8.38208e-07% change)
    iteration   21: trace = 0.3953526927270342 (4.74069e-07% change)
    iteration   22: trace = 0.3953526920742291 (1.6512e-07% change)
    iteration   23: trace = 0.3953526918796671 (4.92123e-08% change)
    iteration   24: trace = 0.3953526918361431 (1.10089e-08% change)
    iteration   25: trace = 0.395352691825878 (2.59645e-09% change)
Finished solving for bands 1 to 6 after 25 iterations.
tefreqs:, 1, -0.09, 0.14, 0, 0.143178, 0.0645004, 0.148918, 0.171594, 0.300864, 0.322503, 0.380846
elapsed time for k point: 7.984596490859985
total elapsed time for run: 8.023959398269653
done
Initializing eigensolver data
Computing 6 bands with 1e-10 tolerance
Working in 2 dimensions.
Grid size is 288 x 96 x 1.
Solving for 6 bands at a time.
Creating Maxwell data...
Mesh size is 3.
Lattice vectors:
     (3, 0, 0)
     (0, 1, 0)
     (0, 0, 1)
Cell volume = 3
Reciprocal lattice vectors (/ 2 pi):
     (0.333333, -0, 0)
     (-0, 1, -0)
     (0, -0, 1)
Geometric objects:
     block, center = (0,0,0)
          size (1e+20,1e+20,1)
          axes (1,0,0), (0,1,0), (0,0,1)
     prism, center = (0.0256736,-1.38778e-17,0.5)
          height 1, axis (0,0,1), sidewall angle: 0 radians, 4 vertices:
          (0.275674,0.25,0)
          (-0.224326,0.25,0)
          (-0.224326,-0.25,0)
          (0.275674,-0.25,0)
     prism, center = (1.02619,-1.38778e-17,0.5)
          height 1, axis (0,0,1), sidewall angle: 0 radians, 4 vertices:
          (1.27619,0.25,0)
          (0.776192,0.25,0)
          (0.776192,-0.25,0)
          (1.27619,-0.25,0)
     prism, center = (2.01845,-1.38778e-17,0.5)
          height 1, axis (0,0,1), sidewall angle: 0 radians, 4 vertices:
          (2.26845,0.25,0)
          (1.76845,0.25,0)
          (1.76845,-0.25,0)
          (2.26845,-0.25,0)
Geometric object tree has depth 2 and 21 object nodes (vs. 4 actual objects)
Initializing epsilon function...
Allocating fields...
Solving for band polarization: te.
Initializing fields to random numbers...
1 k-points
  Vector3<-0.09, 0.14, 0.0>
elapsed time for initialization: 0.11256289482116699
solve_kpoint (-0.09,0.14,0):
tefreqs:, k index, k1, k2, k3, kmag/2pi, te band 1, te band 2, te band 3, te band 4, te band 5, te band 6
Solving for bands 1 to 6...
    near maximum in trace
    iteration    1: trace = 2.2305889797277 (199.693% change)
    iteration    2: trace = 0.6041456428235199 (114.751% change)
    iteration    3: trace = 0.4336693626897136 (32.8529% change)
    iteration    4: trace = 0.4077780871765136 (6.15399% change)
    iteration    5: trace = 0.3979786892562964 (2.43235% change)
    iteration    6: trace = 0.3963407176733398 (0.412421% change)
    iteration    7: trace = 0.3957086929272193 (0.159592% change)
    iteration    8: trace = 0.3955533895732863 (0.0392546% change)
    iteration    9: trace = 0.395455465511629 (0.0247593% change)
    iteration   10: trace = 0.3954249483194807 (0.00771727% change)
    iteration   11: trace = 0.3954118722832636 (0.00330689% change)
    iteration   12: trace = 0.3954088297848015 (0.000769453% change)
    iteration   13: trace = 0.395407403439087 (0.000360727% change)
    iteration   14: trace = 0.3954068833205273 (0.00013154% change)
    iteration   15: trace = 0.3954065744715545 (7.81092e-05% change)
    iteration   16: trace = 0.3954064604793134 (2.88291e-05% change)
    iteration   17: trace = 0.395406419213141 (1.04364e-05% change)
    iteration   18: trace = 0.3954064107517902 (2.13991e-06% change)
    iteration   19: trace = 0.3954064090679296 (4.25856e-07% change)
    iteration   20: trace = 0.3954064087039701 (9.20469e-08% change)
    iteration   21: trace = 0.3954064086088823 (2.40481e-08% change)
    iteration   22: trace = 0.3954064085649836 (1.11022e-08% change)
    iteration   23: trace = 0.3954064085449499 (5.06662e-09% change)
Finished solving for bands 1 to 6 after 23 iterations.
tefreqs:, 1, -0.09, 0.14, 0, 0.143178, 0.0645075, 0.148924, 0.171605, 0.30086, 0.322533, 0.380886
elapsed time for k point: 7.617931127548218
total elapsed time for run: 7.730592966079712
done
Initializing eigensolver data
Computing 6 bands with 1e-10 tolerance
Working in 2 dimensions.
Grid size is 288 x 96 x 1.
Solving for 6 bands at a time.
Creating Maxwell data...
Mesh size is 3.
Lattice vectors:
     (3, 0, 0)
     (0, 1, 0)
     (0, 0, 1)
Cell volume = 3
Reciprocal lattice vectors (/ 2 pi):
     (0.333333, -0, 0)
     (-0, 1, -0)
     (0, -0, 1)
Geometric objects:
     block, center = (0,0,0)
          size (1e+20,1e+20,1)
          axes (1,0,0), (0,1,0), (0,0,1)
     prism, center = (0.0212014,-1.38778e-17,0.5)
          height 1, axis (0,0,1), sidewall angle: 0 radians, 4 vertices:
          (0.271201,0.25,0)
          (-0.228799,0.25,0)
          (-0.228799,-0.25,0)
          (0.271201,-0.25,0)
     prism, center = (1.02068,-1.38778e-17,0.5)
          height 1, axis (0,0,1), sidewall angle: 0 radians, 4 vertices:
          (1.27068,0.25,0)
          (0.770683,0.25,0)
          (0.770683,-0.25,0)
          (1.27068,-0.25,0)
     prism, center = (2.02843,-1.38778e-17,0.5)
          height 1, axis (0,0,1), sidewall angle: 0 radians, 4 vertices:
          (2.27843,0.25,0)
          (1.77843,0.25,0)
          (1.77843,-0.25,0)
          (2.27843,-0.25,0)
Geometric object tree has depth 2 and 21 object nodes (vs. 4 actual objects)
Initializing epsilon function...
Allocating fields...
Solving for band polarization: te.
Initializing fields to random numbers...
1 k-points
  Vector3<-0.09, 0.14, 0.0>
elapsed time for initialization: 0.06465005874633789
solve_kpoint (-0.09,0.14,0):
tefreqs:, k index, k1, k2, k3, kmag/2pi, te band 1, te band 2, te band 3, te band 4, te band 5, te band 6
Solving for bands 1 to 6...
    near maximum in trace
    iteration    1: trace = 2.167533652780185 (199.699% change)
    iteration    2: trace = 0.5854194571466003 (114.939% change)
    iteration    3: trace = 0.4426646899267602 (27.771% change)
    iteration    4: trace = 0.4177603526413441 (5.78885% change)
    iteration    5: trace = 0.4047068703309517 (3.17423% change)
    iteration    6: trace = 0.4003123948268205 (1.09177% change)
    iteration    7: trace = 0.3970649254407959 (0.814538% change)
    iteration    8: trace = 0.3957472550519306 (0.332404% change)
    iteration    9: trace = 0.3952548248983997 (0.124508% change)
    iteration   10: trace = 0.3951649366484684 (0.0227444% change)
    iteration   11: trace = 0.3951306612809401 (0.00867406% change)
    iteration   12: trace = 0.3951173863563229 (0.00335969% change)
    iteration   13: trace = 0.3951091415831509 (0.00208669% change)
    iteration   14: trace = 0.3951069374152242 (0.000557865% change)
    iteration   15: trace = 0.3951062600468999 (0.000171439% change)
    iteration   16: trace = 0.3951061117541822 (3.75324e-05% change)
    iteration   17: trace = 0.395106042159016 (1.76143e-05% change)
    iteration   18: trace = 0.3951060161561489 (6.58124e-06% change)
    iteration   19: trace = 0.3951060021918042 (3.53433e-06% change)
    iteration   20: trace = 0.3951059978119944 (1.10852e-06% change)
    iteration   21: trace = 0.3951059964970935 (3.32797e-07% change)
    iteration   22: trace = 0.395105996236096 (6.60576e-08% change)
    iteration   23: trace = 0.3951059961617028 (1.88287e-08% change)
    iteration   24: trace = 0.3951059961391854 (5.69909e-09% change)
Finished solving for bands 1 to 6 after 24 iterations.
tefreqs:, 1, -0.09, 0.14, 0, 0.143178, 0.0644676, 0.148898, 0.171581, 0.300784, 0.322462, 0.38064
elapsed time for k point: 8.21358346939087
total elapsed time for run: 8.278318405151367
done
Initializing eigensolver data
Computing 6 bands with 1e-10 tolerance
Working in 2 dimensions.
Grid size is 288 x 96 x 1.
Solving for 6 bands at a time.
Creating Maxwell data...
Mesh size is 3.
Lattice vectors:
     (3, 0, 0)
     (0, 1, 0)
     (0, 0, 1)
Cell volume = 3
Reciprocal lattice vectors (/ 2 pi):
     (0.333333, -0, 0)
     (-0, 1, -0)
     (0, -0, 1)
Geometric objects:
     block, center = (0,0,0)
          size (1e+20,1e+20,1)
          axes (1,0,0), (0,1,0), (0,0,1)
     prism, center = (0.0279096,-1.38778e-17,0.5)
          height 1, axis (0,0,1), sidewall angle: 0 radians, 4 vertices:
          (0.27791,0.25,0)
          (-0.22209,0.25,0)
          (-0.22209,-0.25,0)
          (0.27791,-0.25,0)
     prism, center = (1.02895,-1.38778e-17,0.5)
          height 1, axis (0,0,1), sidewall angle: 0 radians, 4 vertices:
          (1.27895,0.25,0)
          (0.778947,0.25,0)
          (0.778947,-0.25,0)
          (1.27895,-0.25,0)
     prism, center = (2.01346,-1.38778e-17,0.5)
          height 1, axis (0,0,1), sidewall angle: 0 radians, 4 vertices:
          (2.26346,0.25,0)
          (1.76346,0.25,0)
          (1.76346,-0.25,0)
          (2.26346,-0.25,0)
Geometric object tree has depth 2 and 21 object nodes (vs. 4 actual objects)
Initializing epsilon function...
Allocating fields...
Solving for band polarization: te.
Initializing fields to random numbers...
1 k-points
  Vector3<-0.09, 0.14, 0.0>
elapsed time for initialization: 0.03405022621154785
solve_kpoint (-0.09,0.14,0):
tefreqs:, k index, k1, k2, k3, kmag/2pi, te band 1, te band 2, te band 3, te band 4, te band 5, te band 6
Solving for bands 1 to 6...
    near maximum in trace
    iteration    1: trace = 2.124198383352841 (199.706% change)
    iteration    2: trace = 0.5517256448137016 (117.527% change)
    iteration    3: trace = 0.4183753671832275 (27.492% change)
    iteration    4: trace = 0.4034764017671116 (3.62571% change)
    iteration    5: trace = 0.3976383791407593 (1.45747% change)
    iteration    6: trace = 0.3963937286806029 (0.313501% change)
    iteration    7: trace = 0.3957149753211983 (0.171379% change)
    iteration    8: trace = 0.3954828583159671 (0.0586748% change)
    iteration    9: trace = 0.3953405694442049 (0.035985% change)
    iteration   10: trace = 0.395301645859051 (0.00984607% change)
    iteration   11: trace = 0.3952875002656038 (0.00357849% change)
    iteration   12: trace = 0.3952836864337817 (0.000964829% change)
    iteration   13: trace = 0.395281347981112 (0.00059159% change)
    iteration   14: trace = 0.3952805646551912 (0.000198169% change)
    iteration   15: trace = 0.3952802811003086 (7.17351e-05% change)
    iteration   16: trace = 0.3952802159378686 (1.64851e-05% change)
    iteration   17: trace = 0.3952801960595331 (5.02892e-06% change)
    iteration   18: trace = 0.3952801922729275 (9.57955e-07% change)
    iteration   19: trace = 0.3952801909498707 (3.34714e-07% change)
    iteration   20: trace = 0.3952801903333689 (1.55966e-07% change)
    iteration   21: trace = 0.3952801900180294 (7.97762e-08% change)
    iteration   22: trace = 0.3952801899326583 (2.15976e-08% change)
    iteration   23: trace = 0.3952801899113916 (5.38016e-09% change)
Finished solving for bands 1 to 6 after 23 iterations.
tefreqs:, 1, -0.09, 0.14, 0, 0.143178, 0.0644927, 0.148908, 0.17161, 0.300714, 0.322569, 0.380812
elapsed time for k point: 4.150696277618408
total elapsed time for run: 4.18483567237854
done
Initializing eigensolver data
Computing 6 bands with 1e-10 tolerance
Working in 2 dimensions.
Grid size is 288 x 96 x 1.
Solving for 6 bands at a time.
Creating Maxwell data...
Mesh size is 3.
Lattice vectors:
     (3, 0, 0)
     (0, 1, 0)
     (0, 0, 1)
Cell volume = 3
Reciprocal lattice vectors (/ 2 pi):
     (0.333333, -0, 0)
     (-0, 1, -0)
     (0, -0, 1)
Geometric objects:
     block, center = (0,0,0)
          size (1e+20,1e+20,1)
          axes (1,0,0), (0,1,0), (0,0,1)
     prism, center = (0.0189654,-1.38778e-17,0.5)
          height 1, axis (0,0,1), sidewall angle: 0 radians, 4 vertices:
          (0.268965,0.25,0)
          (-0.231035,0.25,0)
          (-0.231035,-0.25,0)
          (0.268965,-0.25,0)
     prism, center = (1.01793,-1.38778e-17,0.5)
          height 1, axis (0,0,1), sidewall angle: 0 radians, 4 vertices:
          (1.26793,0.25,0)
          (0.767928,0.25,0)
          (0.767928,-0.25,0)
          (1.26793,-0.25,0)
     prism, center = (2.03342,-1.38778e-17,0.5)
          height 1, axis (0,0,1), sidewall angle: 0 radians, 4 vertices:
          (2.28342,0.25,0)
          (1.78342,0.25,0)
          (1.78342,-0.25,0)
          (2.28342,-0.25,0)
Geometric object tree has depth 2 and 21 object nodes (vs. 4 actual objects)
Initializing epsilon function...
Allocating fields...
Solving for band polarization: te.
Initializing fields to random numbers...
1 k-points
  Vector3<-0.09, 0.14, 0.0>
elapsed time for initialization: 0.035117149353027344
solve_kpoint (-0.09,0.14,0):
tefreqs:, k index, k1, k2, k3, kmag/2pi, te band 1, te band 2, te band 3, te band 4, te band 5, te band 6
Solving for bands 1 to 6...
    near maximum in trace
    iteration    1: trace = 2.123673956147918 (199.707% change)
    iteration    2: trace = 0.5554964437054569 (117.064% change)
    iteration    3: trace = 0.4738205229640962 (15.8699% change)
    iteration    4: trace = 0.4330496158918794 (8.99156% change)
    iteration    5: trace = 0.4178518559625535 (3.57216% change)
    iteration    6: trace = 0.4096649333773581 (1.97867% change)
    iteration    7: trace = 0.4043839361643805 (1.29746% change)
    iteration    8: trace = 0.3986307549004561 (1.4329% change)
    iteration    9: trace = 0.3966633376792272 (0.494765% change)
    iteration   10: trace = 0.3957855620631842 (0.221535% change)
    iteration   11: trace = 0.3955641823737495 (0.0559499% change)
    iteration   12: trace = 0.3954169868276248 (0.0372185% change)
    iteration   13: trace = 0.3953591806409756 (0.0146201% change)
    iteration   14: trace = 0.3953328520093433 (0.00665964% change)
    iteration   15: trace = 0.3953279165696612 (0.00124843% change)
    iteration   16: trace = 0.3953265106547256 (0.000355633% change)
    iteration   17: trace = 0.3953261959572693 (7.96045e-05% change)
    iteration   18: trace = 0.3953260432128309 (3.86376e-05% change)
    iteration   19: trace = 0.395325979250182 (1.61797e-05% change)
    iteration   20: trace = 0.3953259491183864 (7.62201e-06% change)
    iteration   21: trace = 0.3953259419659 (1.80926e-06% change)
    iteration   22: trace = 0.3953259400600895 (4.82086e-07% change)
    iteration   23: trace = 0.3953259396988211 (9.13849e-08% change)
    iteration   24: trace = 0.3953259396146006 (2.13041e-08% change)
    iteration   25: trace = 0.3953259395877267 (6.79791e-09% change)
Finished solving for bands 1 to 6 after 25 iterations.
tefreqs:, 1, -0.09, 0.14, 0, 0.143178, 0.0645004, 0.14891, 0.171612, 0.300734, 0.322567, 0.380855
elapsed time for k point: 3.0956151485443115
total elapsed time for run: 3.130845069885254
done
Initializing eigensolver data
Computing 6 bands with 1e-10 tolerance
Working in 2 dimensions.
Grid size is 288 x 96 x 1.
Solving for 6 bands at a time.
Creating Maxwell data...
Mesh size is 3.
Lattice vectors:
     (3, 0, 0)
     (0, 1, 0)
     (0, 0, 1)
Cell volume = 3
Reciprocal lattice vectors (/ 2 pi):
     (0.333333, -0, 0)
     (-0, 1, -0)
     (0, -0, 1)
Geometric objects:
     block, center = (0,0,0)
          size (1e+20,1e+20,1)
          axes (1,0,0), (0,1,0), (0,0,1)
     prism, center = (0.0323818,-1.38778e-17,0.5)
          height 1, axis (0,0,1), sidewall angle: 0 radians, 4 vertices:
          (0.282382,0.25,0)
          (-0.217618,0.25,0)
          (-0.217618,-0.25,0)
          (0.282382,-0.25,0)
     prism, center = (1.03446,-1.38778e-17,0.5)
          height 1, axis (0,0,1), sidewall angle: 0 radians, 4 vertices:
          (1.28446,0.25,0)
          (0.784457,0.25,0)
          (0.784457,-0.25,0)
          (1.28446,-0.25,0)
     prism, center = (2.00347,-1.38778e-17,0.5)
          height 1, axis (0,0,1), sidewall angle: 0 radians, 4 vertices:
          (2.25347,0.25,0)
          (1.75347,0.25,0)
          (1.75347,-0.25,0)
          (2.25347,-0.25,0)
Geometric object tree has depth 2 and 21 object nodes (vs. 4 actual objects)
Initializing epsilon function...
Allocating fields...
Solving for band polarization: te.
Initializing fields to random numbers...
1 k-points
  Vector3<-0.09, 0.14, 0.0>
elapsed time for initialization: 0.03169870376586914
solve_kpoint (-0.09,0.14,0):
tefreqs:, k index, k1, k2, k3, kmag/2pi, te band 1, te band 2, te band 3, te band 4, te band 5, te band 6
Solving for bands 1 to 6...
    near maximum in trace
    iteration    1: trace = 2.278240106151866 (199.684% change)
    iteration    2: trace = 0.5143873790224921 (126.322% change)
    iteration    3: trace = 0.4291313038341046 (18.0719% change)
    iteration    4: trace = 0.4052528948552602 (5.7236% change)
    iteration    5: trace = 0.3998283683072371 (1.34757% change)
    iteration    6: trace = 0.3972158294673228 (0.655557% change)
    iteration    7: trace = 0.3962165822452389 (0.25188% change)
    iteration    8: trace = 0.3954615609491427 (0.190739% change)
    iteration    9: trace = 0.3952403326460144 (0.0559574% change)
    iteration   10: trace = 0.3951461330504592 (0.0238363% change)
    iteration   11: trace = 0.3951188151424324 (0.00691361% change)
    iteration   12: trace = 0.3951030928833456 (0.0039792% change)
    iteration   13: trace = 0.395097864281778 (0.00132336% change)
    iteration   14: trace = 0.3950957485739537 (0.000535491% change)
    iteration   15: trace = 0.3950953710775137 (9.55456e-05% change)
    iteration   16: trace = 0.3950952729600543 (2.48339e-05% change)
    iteration   17: trace = 0.3950952570240859 (4.03345e-06% change)
    iteration   18: trace = 0.3950952527806729 (1.07402e-06% change)
    iteration   19: trace = 0.39509525169032 (2.75972e-07% change)
    iteration   20: trace = 0.3950952511948592 (1.25403e-07% change)
    iteration   21: trace = 0.3950952509560059 (6.04546e-08% change)
    iteration   22: trace = 0.3950952508567526 (2.51214e-08% change)
    iteration   23: trace = 0.3950952508262325 (7.72473e-09% change)
Finished solving for bands 1 to 6 after 23 iterations.
tefreqs:, 1, -0.09, 0.14, 0, 0.143178, 0.0644789, 0.148885, 0.171667, 0.300285, 0.322766, 0.380726
elapsed time for k point: 2.319845199584961
total elapsed time for run: 2.3516314029693604
done
Initializing eigensolver data
Computing 6 bands with 1e-10 tolerance
Working in 2 dimensions.
Grid size is 288 x 96 x 1.
Solving for 6 bands at a time.
Creating Maxwell data...
Mesh size is 3.
Lattice vectors:
     (3, 0, 0)
     (0, 1, 0)
     (0, 0, 1)
Cell volume = 3
Reciprocal lattice vectors (/ 2 pi):
     (0.333333, -0, 0)
     (-0, 1, -0)
     (0, -0, 1)
Geometric objects:
     block, center = (0,0,0)
          size (1e+20,1e+20,1)
          axes (1,0,0), (0,1,0), (0,0,1)
     prism, center = (0.0144932,-1.38778e-17,0.5)
          height 1, axis (0,0,1), sidewall angle: 0 radians, 4 vertices:
          (0.264493,0.25,0)
          (-0.235507,0.25,0)
          (-0.235507,-0.25,0)
          (0.264493,-0.25,0)
     prism, center = (1.01242,-1.38778e-17,0.5)
          height 1, axis (0,0,1), sidewall angle: 0 radians, 4 vertices:
          (1.26242,0.25,0)
          (0.762418,0.25,0)
          (0.762418,-0.25,0)
          (1.26242,-0.25,0)
     prism, center = (2.0434,-1.38778e-17,0.5)
          height 1, axis (0,0,1), sidewall angle: 0 radians, 4 vertices:
          (2.2934,0.25,0)
          (1.7934,0.25,0)
          (1.7934,-0.25,0)
          (2.2934,-0.25,0)
Geometric object tree has depth 2 and 21 object nodes (vs. 4 actual objects)
Initializing epsilon function...
Allocating fields...
Solving for band polarization: te.
Initializing fields to random numbers...
1 k-points
  Vector3<-0.09, 0.14, 0.0>
elapsed time for initialization: 0.06872868537902832
solve_kpoint (-0.09,0.14,0):
tefreqs:, k index, k1, k2, k3, kmag/2pi, te band 1, te band 2, te band 3, te band 4, te band 5, te band 6
Solving for bands 1 to 6...
    near maximum in trace
    iteration    1: trace = 2.229523447767608 (199.692% change)
    iteration    2: trace = 0.5181043322476044 (124.574% change)
    iteration    3: trace = 0.4493006469250681 (14.2244% change)
    iteration    4: trace = 0.4214900707785131 (6.38743% change)
    iteration    5: trace = 0.4103647997362546 (2.67481% change)
    iteration    6: trace = 0.4027075368655469 (1.88354% change)
    iteration    7: trace = 0.3991061729297081 (0.898304% change)
    iteration    8: trace = 0.3963210648466052 (0.70028% change)
    iteration    9: trace = 0.3955485567360095 (0.19511% change)
    iteration   10: trace = 0.3952567039178052 (0.0738116% change)
    iteration   11: trace = 0.39519977112111 (0.014405% change)
    iteration   12: trace = 0.3951721788713382 (0.00698209% change)
    iteration   13: trace = 0.3951614664602872 (0.00271086% change)
    iteration   14: trace = 0.3951555450850197 (0.00149848% change)
    iteration   15: trace = 0.3951538801180661 (0.000421346% change)
    iteration   16: trace = 0.3951532599044759 (0.000156955% change)
    iteration   17: trace = 0.3951530788046699 (4.58303e-05% change)
    iteration   18: trace = 0.3951529765847244 (2.58684e-05% change)
    iteration   19: trace = 0.3951529349389921 (1.05391e-05% change)
    iteration   20: trace = 0.3951529171979148 (4.48967e-06% change)
    iteration   21: trace = 0.3951529134613161 (9.45608e-07% change)
    iteration   22: trace = 0.3951529125817363 (2.22592e-07% change)
    iteration   23: trace = 0.3951529123991738 (4.62005e-08% change)
    iteration   24: trace = 0.3951529123575951 (1.05222e-08% change)
    iteration   25: trace = 0.3951529123429708 (3.70092e-09% change)
Finished solving for bands 1 to 6 after 25 iterations.
tefreqs:, 1, -0.09, 0.14, 0, 0.143178, 0.0644862, 0.14889, 0.171672, 0.300289, 0.322803, 0.380762
elapsed time for k point: 2.434079170227051
total elapsed time for run: 2.5028884410858154
done
Initializing eigensolver data
Computing 6 bands with 1e-10 tolerance
Working in 2 dimensions.
Grid size is 288 x 96 x 1.
Solving for 6 bands at a time.
Creating Maxwell data...
Mesh size is 3.
Lattice vectors:
     (3, 0, 0)
     (0, 1, 0)
     (0, 0, 1)
Cell volume = 3
Reciprocal lattice vectors (/ 2 pi):
     (0.333333, -0, 0)
     (-0, 1, -0)
     (0, -0, 1)
Geometric objects:
     block, center = (0,0,0)
          size (1e+20,1e+20,1)
          axes (1,0,0), (0,1,0), (0,0,1)
     prism, center = (-2.08167e-17,-1.38778e-17,0.5)
          height 1, axis (0,0,1), sidewall angle: 0 radians, 4 vertices:
          (0.25,0.25,0)
          (-0.25,0.25,0)
          (-0.25,-0.25,0)
          (0.25,-0.25,0)
     prism, center = (1,-1.38778e-17,0.5)
          height 1, axis (0,0,1), sidewall angle: 0 radians, 4 vertices:
          (1.25,0.25,0)
          (0.75,0.25,0)
          (0.75,-0.25,0)
          (1.25,-0.25,0)
     prism, center = (2,-1.38778e-17,0.5)
          height 1, axis (0,0,1), sidewall angle: 0 radians, 4 vertices:
          (2.25,0.25,0)
          (1.75,0.25,0)
          (1.75,-0.25,0)
          (2.25,-0.25,0)
Geometric object tree has depth 2 and 21 object nodes (vs. 4 actual objects)
Initializing epsilon function...
Allocating fields...
Solving for band polarization: te.
Initializing fields to random numbers...
1 k-points
  Vector3<-0.09, 0.14, 0.0>
elapsed time for initialization: 0.03208637237548828
solve_kpoint (-0.09,0.14,0):
tefreqs:, k index, k1, k2, k3, kmag/2pi, te band 1, te band 2, te band 3, te band 4, te band 5, te band 6
Solving for bands 1 to 6...
    near maximum in trace
    iteration    1: trace = 2.137757557035824 (199.704% change)
    iteration    2: trace = 0.5190141545131239 (121.858% change)
    iteration    3: trace = 0.4425014172014292 (15.915% change)
    iteration    4: trace = 0.417398134575881 (5.83865% change)
    iteration    5: trace = 0.4094422178275862 (1.92441% change)
    iteration    6: trace = 0.4027756566074582 (1.64157% change)
    iteration    7: trace = 0.3992633807271908 (0.875837% change)
    iteration    8: trace = 0.3967429060828094 (0.63328% change)
    iteration    9: trace = 0.3960608499289662 (0.172062% change)
    iteration   10: trace = 0.3957732887373929 (0.0726317% change)
    iteration   11: trace = 0.3956852596860564 (0.0222448% change)
    iteration   12: trace = 0.3956310655663917 (0.0136972% change)
    iteration   13: trace = 0.3956127104941245 (0.00463955% change)
    iteration   14: trace = 0.3956055316124256 (0.00181464% change)
    iteration   15: trace = 0.395604103108553 (0.000361094% change)
    iteration   16: trace = 0.3956036541311408 (0.000113492% change)
    iteration   17: trace = 0.3956035482094722 (2.67747e-05% change)
    iteration   18: trace = 0.3956035036269034 (1.12695e-05% change)
    iteration   19: trace = 0.395603485688549 (4.53443e-06% change)
    iteration   20: trace = 0.3956034763964099 (2.34885e-06% change)
    iteration   21: trace = 0.395603473858998 (6.41403e-07% change)
    iteration   22: trace = 0.3956034732333737 (1.58144e-07% change)
    iteration   23: trace = 0.3956034730947239 (3.50477e-08% change)
    iteration   24: trace = 0.395603473063053 (8.0057e-09% change)
Finished solving for bands 1 to 6 after 24 iterations.
tefreqs:, 1, -0.09, 0.14, 0, 0.143178, 0.0645265, 0.148941, 0.171613, 0.300941, 0.322567, 0.381039
elapsed time for k point: 2.270597457885742
total elapsed time for run: 2.302760601043701
done
Initializing eigensolver data
Computing 6 bands with 1e-10 tolerance
Working in 2 dimensions.
Grid size is 288 x 96 x 1.
Solving for 6 bands at a time.
Creating Maxwell data...
Mesh size is 3.
Lattice vectors:
     (3, 0, 0)
     (0, 1, 0)
     (0, 0, 1)
Cell volume = 3
Reciprocal lattice vectors (/ 2 pi):
     (0.333333, -0, 0)
     (-0, 1, -0)
     (0, -0, 1)
Geometric objects:
     block, center = (0,0,0)
          size (1e+20,1e+20,1)
          axes (1,0,0), (0,1,0), (0,0,1)
     prism, center = (-2.08167e-17,-1.38778e-17,0.5)
          height 1, axis (0,0,1), sidewall angle: 0 radians, 4 vertices:
          (0.25,0.25,0)
          (-0.25,0.25,0)
          (-0.25,-0.25,0)
          (0.25,-0.25,0)
     prism, center = (1,-1.38778e-17,0.5)
          height 1, axis (0,0,1), sidewall angle: 0 radians, 4 vertices:
          (1.25,0.25,0)
          (0.75,0.25,0)
          (0.75,-0.25,0)
          (1.25,-0.25,0)
     prism, center = (2,-1.38778e-17,0.5)
          height 1, axis (0,0,1), sidewall angle: 0 radians, 4 vertices:
          (2.25,0.25,0)
          (1.75,0.25,0)
          (1.75,-0.25,0)
          (2.25,-0.25,0)
Geometric object tree has depth 2 and 21 object nodes (vs. 4 actual objects)
Initializing epsilon function...
Allocating fields...
Solving for band polarization: te.
Initializing fields to random numbers...
1 k-points
  Vector3<-0.09, 0.14, 0.0>
elapsed time for initialization: 0.03163552284240723
solve_kpoint (-0.09,0.14,0):
tefreqs:, k index, k1, k2, k3, kmag/2pi, te band 1, te band 2, te band 3, te band 4, te band 5, te band 6
Solving for bands 1 to 6...
    near maximum in trace
    iteration    1: trace = 2.348302397185483 (199.677% change)
    iteration    2: trace = 0.5737035856829344 (121.464% change)
    iteration    3: trace = 0.4781293738289664 (18.1729% change)
    iteration    4: trace = 0.4382158489578761 (8.71146% change)
    iteration    5: trace = 0.4182821828559742 (4.65469% change)
    iteration    6: trace = 0.4090664981480328 (2.22776% change)
    iteration    7: trace = 0.404945243714423 (1.01258% change)
    iteration    8: trace = 0.4003173843757417 (1.1494% change)
    iteration    9: trace = 0.3974078085576945 (0.729468% change)
    iteration   10: trace = 0.3960559074234387 (0.340759% change)
    iteration   11: trace = 0.3957625704374481 (0.074092% change)
    iteration   12: trace = 0.3956683040863182 (0.0238218% change)
    iteration   13: trace = 0.3956324676058997 (0.00905761% change)
    iteration   14: trace = 0.395612080948555 (0.00515306% change)
    iteration   15: trace = 0.3956058427739619 (0.00157685% change)
    iteration   16: trace = 0.3956040665543246 (0.000448988% change)
    iteration   17: trace = 0.3956036666538143 (0.000101086% change)
    iteration   18: trace = 0.3956035516819539 (2.90624e-05% change)
    iteration   19: trace = 0.3956035068221441 (1.13396e-05% change)
    iteration   20: trace = 0.3956034843828697 (5.67216e-06% change)
    iteration   21: trace = 0.3956034759350572 (2.13542e-06% change)
    iteration   22: trace = 0.39560347385937 (5.24689e-07% change)
    iteration   23: trace = 0.3956034732455646 (1.55157e-07% change)
    iteration   24: trace = 0.3956034731147769 (3.30603e-08% change)
    iteration   25: trace = 0.3956034730708886 (1.1094e-08% change)
    iteration   26: trace = 0.3956034730563137 (3.68423e-09% change)
Finished solving for bands 1 to 6 after 26 iterations.
tefreqs:, 1, -0.09, 0.14, 0, 0.143178, 0.0645265, 0.148941, 0.171613, 0.300941, 0.322567, 0.381039
elapsed time for k point: 2.884186029434204
total elapsed time for run: 2.915898084640503
done
Initializing eigensolver data
Computing 6 bands with 1e-10 tolerance
Working in 2 dimensions.
Grid size is 288 x 96 x 1.
Solving for 6 bands at a time.
Creating Maxwell data...
Mesh size is 3.
Lattice vectors:
     (3, 0, 0)
     (0, 1, 0)
     (0, 0, 1)
Cell volume = 3
Reciprocal lattice vectors (/ 2 pi):
     (0.333333, -0, 0)
     (-0, 1, -0)
     (0, -0, 1)
Geometric objects:
     block, center = (0,0,0)
          size (1e+20,1e+20,1)
          axes (1,0,0), (0,1,0), (0,0,1)
     prism, center = (0.00447214,-1.38778e-17,0.5)
          height 1, axis (0,0,1), sidewall angle: 0 radians, 4 vertices:
          (0.254472,0.25,0)
          (-0.245528,0.25,0)
          (-0.245528,-0.25,0)
          (0.254472,-0.25,0)
     prism, center = (1.00551,-1.38778e-17,0.5)
          height 1, axis (0,0,1), sidewall angle: 0 radians, 4 vertices:
          (1.25551,0.25,0)
          (0.75551,0.25,0)
          (0.75551,-0.25,0)
          (1.25551,-0.25,0)
     prism, center = (1.99002,-1.38778e-17,0.5)
          height 1, axis (0,0,1), sidewall angle: 0 radians, 4 vertices:
          (2.24002,0.25,0)
          (1.74002,0.25,0)
          (1.74002,-0.25,0)
          (2.24002,-0.25,0)
Geometric object tree has depth 2 and 21 object nodes (vs. 4 actual objects)
Initializing epsilon function...
Allocating fields...
Solving for band polarization: te.
Initializing fields to random numbers...
1 k-points
  Vector3<-0.09, 0.14, 0.0>
elapsed time for initialization: 0.028432130813598633
solve_kpoint (-0.09,0.14,0):
tefreqs:, k index, k1, k2, k3, kmag/2pi, te band 1, te band 2, te band 3, te band 4, te band 5, te band 6
Solving for bands 1 to 6...
    near maximum in trace
    iteration    1: trace = 2.088199841419955 (199.713% change)
    iteration    2: trace = 0.4882474278225311 (124.198% change)
    iteration    3: trace = 0.42173498740897 (14.6184% change)
    iteration    4: trace = 0.4029244758971475 (4.56201% change)
    iteration    5: trace = 0.3984133717076334 (1.12589% change)
    iteration    6: trace = 0.3967471243877548 (0.419097% change)
    iteration    7: trace = 0.3960639779632298 (0.172335% change)
    iteration    8: trace = 0.3955642695163473 (0.126248% change)
    iteration    9: trace = 0.3953948247557851 (0.0428454% change)
    iteration   10: trace = 0.3953375262328138 (0.0144925% change)
    iteration   11: trace = 0.3953221366050854 (0.00389286% change)
    iteration   12: trace = 0.3953158327284435 (0.00159463% change)
    iteration   13: trace = 0.3953132477416899 (0.000653906% change)
    iteration   14: trace = 0.3953121169383849 (0.000286053% change)
    iteration   15: trace = 0.3953117270159973 (9.86366e-05% change)
    iteration   16: trace = 0.3953116298893068 (2.45696e-05% change)
    iteration   17: trace = 0.3953116050063773 (6.29451e-06% change)
    iteration   18: trace = 0.3953115983884637 (1.6741e-06% change)
    iteration   19: trace = 0.3953115953742872 (7.62481e-07% change)
    iteration   20: trace = 0.3953115940914904 (3.24503e-07% change)
    iteration   21: trace = 0.3953115934707077 (1.57036e-07% change)
    iteration   22: trace = 0.3953115933093334 (4.08221e-08% change)
    iteration   23: trace = 0.39531159326373 (1.15361e-08% change)
    iteration   24: trace = 0.3953115932540751 (2.44235e-09% change)
Finished solving for bands 1 to 6 after 24 iterations.
tefreqs:, 1, -0.09, 0.14, 0, 0.143178, 0.0644968, 0.148913, 0.171616, 0.300732, 0.322579, 0.380825
elapsed time for k point: 3.292314291000366
total elapsed time for run: 3.320817232131958
done
Initializing eigensolver data
Computing 6 bands with 1e-10 tolerance
Working in 2 dimensions.
Grid size is 288 x 96 x 1.
Solving for 6 bands at a time.
Creating Maxwell data...
Mesh size is 3.
Lattice vectors:
     (3, 0, 0)
     (0, 1, 0)
     (0, 0, 1)
Cell volume = 3
Reciprocal lattice vectors (/ 2 pi):
     (0.333333, -0, 0)
     (-0, 1, -0)
     (0, -0, 1)
Geometric objects:
     block, center = (0,0,0)
          size (1e+20,1e+20,1)
          axes (1,0,0), (0,1,0), (0,0,1)
     prism, center = (0.00447214,-1.38778e-17,0.5)
          height 1, axis (0,0,1), sidewall angle: 0 radians, 4 vertices:
          (0.254472,0.25,0)
          (-0.245528,0.25,0)
          (-0.245528,-0.25,0)
          (0.254472,-0.25,0)
     prism, center = (1.00551,-1.38778e-17,0.5)
          height 1, axis (0,0,1), sidewall angle: 0 radians, 4 vertices:
          (1.25551,0.25,0)
          (0.75551,0.25,0)
          (0.75551,-0.25,0)
          (1.25551,-0.25,0)
     prism, center = (1.99002,-1.38778e-17,0.5)
          height 1, axis (0,0,1), sidewall angle: 0 radians, 4 vertices:
          (2.24002,0.25,0)
          (1.74002,0.25,0)
          (1.74002,-0.25,0)
          (2.24002,-0.25,0)
Geometric object tree has depth 2 and 21 object nodes (vs. 4 actual objects)
Initializing epsilon function...
Allocating fields...
Solving for band polarization: te.
Initializing fields to random numbers...
1 k-points
  Vector3<-0.09, 0.14, 0.0>
elapsed time for initialization: 0.07066106796264648
solve_kpoint (-0.09,0.14,0):
tefreqs:, k index, k1, k2, k3, kmag/2pi, te band 1, te band 2, te band 3, te band 4, te band 5, te band 6
Solving for bands 1 to 6...
    near maximum in trace
    iteration    1: trace = 2.313290861701496 (199.681% change)
    iteration    2: trace = 0.5757686637883707 (120.283% change)
    iteration    3: trace = 0.4215352280617602 (30.9301% change)
    iteration    4: trace = 0.4046595508885962 (4.08516% change)
    iteration    5: trace = 0.3979713642094292 (1.66657% change)
    iteration    6: trace = 0.3965930380812157 (0.346939% change)
    iteration    7: trace = 0.3958075432997971 (0.198257% change)
    iteration    8: trace = 0.3955259827234783 (0.071161% change)
    iteration    9: trace = 0.395359942652074 (0.0419884% change)
    iteration   10: trace = 0.3953297930537794 (0.00762615% change)
    iteration   11: trace = 0.3953178023261642 (0.00303314% change)
    iteration   12: trace = 0.3953148092089049 (0.000757145% change)
    iteration   13: trace = 0.3953128100147056 (0.000505723% change)
    iteration   14: trace = 0.3953120491924327 (0.000192461% change)
    iteration   15: trace = 0.3953117108020464 (8.56009e-05% change)
    iteration   16: trace = 0.3953116359456355 (1.8936e-05% change)
    iteration   17: trace = 0.3953116076988437 (7.14545e-06% change)
    iteration   18: trace = 0.395311599533597 (2.06552e-06% change)
    iteration   19: trace = 0.3953115959263214 (9.12514e-07% change)
    iteration   20: trace = 0.3953115942259584 (4.30132e-07% change)
    iteration   21: trace = 0.3953115934937216 (1.8523e-07% change)
    iteration   22: trace = 0.3953115932947291 (5.03381e-08% change)
    iteration   23: trace = 0.3953115932598919 (8.8126e-09% change)
Finished solving for bands 1 to 6 after 23 iterations.
tefreqs:, 1, -0.09, 0.14, 0, 0.143178, 0.0644968, 0.148913, 0.171616, 0.300732, 0.322579, 0.380825
elapsed time for k point: 2.4501702785491943
total elapsed time for run: 2.520911455154419
done
Initializing eigensolver data
Computing 6 bands with 1e-10 tolerance
Working in 2 dimensions.
Grid size is 288 x 96 x 1.
Solving for 6 bands at a time.
Creating Maxwell data...
Mesh size is 3.
Lattice vectors:
     (3, 0, 0)
     (0, 1, 0)
     (0, 0, 1)
Cell volume = 3
Reciprocal lattice vectors (/ 2 pi):
     (0.333333, -0, 0)
     (-0, 1, -0)
     (0, -0, 1)
Geometric objects:
     block, center = (0,0,0)
          size (1e+20,1e+20,1)
          axes (1,0,0), (0,1,0), (0,0,1)
     prism, center = (-0.00447214,-1.38778e-17,0.5)
          height 1, axis (0,0,1), sidewall angle: 0 radians, 4 vertices:
          (0.245528,0.25,0)
          (-0.254472,0.25,0)
          (-0.254472,-0.25,0)
          (0.245528,-0.25,0)
     prism, center = (0.99449,-1.38778e-17,0.5)
          height 1, axis (0,0,1), sidewall angle: 0 radians, 4 vertices:
          (1.24449,0.25,0)
          (0.74449,0.25,0)
          (0.74449,-0.25,0)
          (1.24449,-0.25,0)
     prism, center = (2.00998,-1.38778e-17,0.5)
          height 1, axis (0,0,1), sidewall angle: 0 radians, 4 vertices:
          (2.25998,0.25,0)
          (1.75998,0.25,0)
          (1.75998,-0.25,0)
          (2.25998,-0.25,0)
Geometric object tree has depth 2 and 21 object nodes (vs. 4 actual objects)
Initializing epsilon function...
Allocating fields...
Solving for band polarization: te.
Initializing fields to random numbers...
1 k-points
  Vector3<-0.09, 0.14, 0.0>
elapsed time for initialization: 0.02848529815673828
solve_kpoint (-0.09,0.14,0):
tefreqs:, k index, k1, k2, k3, kmag/2pi, te band 1, te band 2, te band 3, te band 4, te band 5, te band 6
Solving for bands 1 to 6...
    near maximum in trace
    iteration    1: trace = 2.436666631224378 (199.665% change)
    iteration    2: trace = 0.5253624990784013 (129.054% change)
    iteration    3: trace = 0.4527697371313023 (14.8431% change)
    iteration    4: trace = 0.4284229335457497 (5.52588% change)
    iteration    5: trace = 0.4180252432894933 (2.45678% change)
    iteration    6: trace = 0.4093906829571226 (2.08711% change)
    iteration    7: trace = 0.4036601337903087 (1.40964% change)
    iteration    8: trace = 0.39850628810396 (1.28498% change)
    iteration    9: trace = 0.3965165853512749 (0.50054% change)
    iteration   10: trace = 0.3956164427526673 (0.227271% change)
    iteration   11: trace = 0.3954245533558299 (0.0485157% change)
    iteration   12: trace = 0.3953580884171394 (0.0168099% change)
    iteration   13: trace = 0.3953323672210255 (0.00650601% change)
    iteration   14: trace = 0.3953198836168156 (0.0031578% change)
    iteration   15: trace = 0.395314724961179 (0.00130494% change)
    iteration   16: trace = 0.3953129302023469 (0.000454009% change)
    iteration   17: trace = 0.395312381062082 (0.000138913% change)
    iteration   18: trace = 0.3953122119718568 (4.27738e-05% change)
    iteration   19: trace = 0.3953121265978238 (2.15966e-05% change)
    iteration   20: trace = 0.3953120855961736 (1.0372e-05% change)
    iteration   21: trace = 0.3953120686956805 (4.27523e-06% change)
    iteration   22: trace = 0.3953120652523117 (8.71051e-07% change)
    iteration   23: trace = 0.3953120643514408 (2.27889e-07% change)
    iteration   24: trace = 0.3953120641814657 (4.29977e-08% change)
    iteration   25: trace = 0.395312064121227 (1.52383e-08% change)
    iteration   26: trace = 0.3953120640969443 (6.14268e-09% change)
Finished solving for bands 1 to 6 after 26 iterations.
tefreqs:, 1, -0.09, 0.14, 0, 0.143178, 0.0644969, 0.148913, 0.171616, 0.30073, 0.322581, 0.380825
elapsed time for k point: 2.6684911251068115
total elapsed time for run: 2.697051525115967
done
Initializing eigensolver data
Computing 6 bands with 1e-10 tolerance
Working in 2 dimensions.
Grid size is 288 x 96 x 1.
Solving for 6 bands at a time.
Creating Maxwell data...
Mesh size is 3.
Lattice vectors:
     (3, 0, 0)
     (0, 1, 0)
     (0, 0, 1)
Cell volume = 3
Reciprocal lattice vectors (/ 2 pi):
     (0.333333, -0, 0)
     (-0, 1, -0)
     (0, -0, 1)
Geometric objects:
     block, center = (0,0,0)
          size (1e+20,1e+20,1)
          axes (1,0,0), (0,1,0), (0,0,1)
     prism, center = (-0.00447214,-1.38778e-17,0.5)
          height 1, axis (0,0,1), sidewall angle: 0 radians, 4 vertices:
          (0.245528,0.25,0)
          (-0.254472,0.25,0)
          (-0.254472,-0.25,0)
          (0.245528,-0.25,0)
     prism, center = (0.99449,-1.38778e-17,0.5)
          height 1, axis (0,0,1), sidewall angle: 0 radians, 4 vertices:
          (1.24449,0.25,0)
          (0.74449,0.25,0)
          (0.74449,-0.25,0)
          (1.24449,-0.25,0)
     prism, center = (2.00998,-1.38778e-17,0.5)
          height 1, axis (0,0,1), sidewall angle: 0 radians, 4 vertices:
          (2.25998,0.25,0)
          (1.75998,0.25,0)
          (1.75998,-0.25,0)
          (2.25998,-0.25,0)
Geometric object tree has depth 2 and 21 object nodes (vs. 4 actual objects)
Initializing epsilon function...
Allocating fields...
Solving for band polarization: te.
Initializing fields to random numbers...
1 k-points
  Vector3<-0.09, 0.14, 0.0>
elapsed time for initialization: 0.03613710403442383
solve_kpoint (-0.09,0.14,0):
tefreqs:, k index, k1, k2, k3, kmag/2pi, te band 1, te band 2, te band 3, te band 4, te band 5, te band 6
Solving for bands 1 to 6...
    near maximum in trace
    iteration    1: trace = 2.565361066406129 (199.647% change)
    iteration    2: trace = 0.6102006196507885 (123.138% change)
    iteration    3: trace = 0.4485592903873242 (30.5341% change)
    iteration    4: trace = 0.417192094924708 (7.24624% change)
    iteration    5: trace = 0.4036210336850796 (3.30674% change)
    iteration    6: trace = 0.3993155593339042 (1.07243% change)
    iteration    7: trace = 0.3970771761878796 (0.56213% change)
    iteration    8: trace = 0.3961730925809427 (0.227944% change)
    iteration    9: trace = 0.3955861580072041 (0.148261% change)
    iteration   10: trace = 0.3954079098676314 (0.0450694% change)
    iteration   11: trace = 0.3953420150478083 (0.0166664% change)
    iteration   12: trace = 0.3953243581503696 (0.00446633% change)
    iteration   13: trace = 0.395317461350706 (0.00174461% change)
    iteration   14: trace = 0.3953144224435686 (0.000768729% change)
    iteration   15: trace = 0.3953128114185769 (0.000407531% change)
    iteration   16: trace = 0.3953122628101702 (0.000138778% change)
    iteration   17: trace = 0.3953121236966751 (3.51908e-05% change)
    iteration   18: trace = 0.3953120852093475 (9.73593e-06% change)
    iteration   19: trace = 0.3953120738683585 (2.86887e-06% change)
    iteration   20: trace = 0.3953120677556033 (1.54631e-06% change)
    iteration   21: trace = 0.3953120652347844 (6.37678e-07% change)
    iteration   22: trace = 0.3953120643095336 (2.34056e-07% change)
    iteration   23: trace = 0.3953120641327215 (4.47272e-08% change)
    iteration   24: trace = 0.3953120640919349 (1.03176e-08% change)
    iteration   25: trace = 0.3953120640846591 (1.8405e-09% change)
Finished solving for bands 1 to 6 after 25 iterations.
tefreqs:, 1, -0.09, 0.14, 0, 0.143178, 0.0644969, 0.148913, 0.171616, 0.30073, 0.322581, 0.380825
elapsed time for k point: 2.9444973468780518
total elapsed time for run: 2.980721950531006
done
Initializing eigensolver data
Computing 6 bands with 1e-10 tolerance
Working in 2 dimensions.
Grid size is 288 x 96 x 1.
Solving for 6 bands at a time.
Creating Maxwell data...
Mesh size is 3.
Lattice vectors:
     (3, 0, 0)
     (0, 1, 0)
     (0, 0, 1)
Cell volume = 3
Reciprocal lattice vectors (/ 2 pi):
     (0.333333, -0, 0)
     (-0, 1, -0)
     (0, -0, 1)
Geometric objects:
     block, center = (0,0,0)
          size (1e+20,1e+20,1)
          axes (1,0,0), (0,1,0), (0,0,1)
     prism, center = (2,-1.38778e-17,0.5)
          height 1, axis (0,0,1), sidewall angle: 0 radians, 4 vertices:
          (2.25,0.25,0)
          (1.75,0.25,0)
          (1.75,-0.25,0)
          (2.25,-0.25,0)
     prism, center = (1,-1.38778e-17,0.5)
          height 1, axis (0,0,1), sidewall angle: 0 radians, 4 vertices:
          (1.25,0.25,0)
          (0.75,0.25,0)
          (0.75,-0.25,0)
          (1.25,-0.25,0)
     prism, center = (-2.08167e-17,-1.38778e-17,0.5)
          height 1, axis (0,0,1), sidewall angle: 0 radians, 4 vertices:
          (0.25,0.25,0)
          (-0.25,0.25,0)
          (-0.25,-0.25,0)
          (0.25,-0.25,0)
Geometric object tree has depth 2 and 21 object nodes (vs. 4 actual objects)
Initializing epsilon function...
Allocating fields...
Solving for band polarization: te.
Initializing fields to random numbers...
1 k-points
  Vector3<-0.09, 0.14, 0.0>
elapsed time for initialization: 0.03153419494628906
solve_kpoint (-0.09,0.14,0):
tefreqs:, k index, k1, k2, k3, kmag/2pi, te band 1, te band 2, te band 3, te band 4, te band 5, te band 6
Solving for bands 1 to 6...
    near maximum in trace
    iteration    1: trace = 2.03652508417135 (199.719% change)
    iteration    2: trace = 0.6134922797311899 (107.398% change)
    iteration    3: trace = 0.4347229425175713 (34.1093% change)
    iteration    4: trace = 0.4149498423132675 (4.65429% change)
    iteration    5: trace = 0.4034675602469854 (2.80597% change)
    iteration    6: trace = 0.3999632690876537 (0.872332% change)
    iteration    7: trace = 0.3973330504329032 (0.659784% change)
    iteration    8: trace = 0.3962766014008768 (0.266239% change)
    iteration    9: trace = 0.3957689689313549 (0.128183% change)
    iteration   10: trace = 0.3956632372651681 (0.0267191% change)
    iteration   11: trace = 0.3956247604303287 (0.00972512% change)
    iteration   12: trace = 0.3956135951627772 (0.00282223% change)
    iteration   13: trace = 0.3956072362015819 (0.00160738% change)
    iteration   14: trace = 0.3956047603639044 (0.000625834% change)
    iteration   15: trace = 0.3956038190218779 (0.00023795% change)
    iteration   16: trace = 0.3956035876224806 (5.84927e-05% change)
    iteration   17: trace = 0.3956035119027799 (1.91403e-05% change)
    iteration   18: trace = 0.3956034897253436 (5.60598e-06% change)
    iteration   19: trace = 0.3956034798285435 (2.5017e-06% change)
    iteration   20: trace = 0.3956034751386068 (1.18551e-06% change)
    iteration   21: trace = 0.3956034734543644 (4.2574e-07% change)
    iteration   22: trace = 0.395603473117994 (8.50271e-08% change)
    iteration   23: trace = 0.3956034730614317 (1.42977e-08% change)
    iteration   24: trace = 0.3956034730467434 (3.71289e-09% change)
Finished solving for bands 1 to 6 after 24 iterations.
tefreqs:, 1, -0.09, 0.14, 0, 0.143178, 0.0645265, 0.148941, 0.171613, 0.300941, 0.322567, 0.381039
elapsed time for k point: 3.7482991218566895
total elapsed time for run: 3.7799110412597656
done
Initializing eigensolver data
Computing 6 bands with 1e-10 tolerance
Working in 2 dimensions.
Grid size is 288 x 96 x 1.
Solving for 6 bands at a time.
Creating Maxwell data...
Mesh size is 3.
Lattice vectors:
     (3, 0, 0)
     (0, 1, 0)
     (0, 0, 1)
Cell volume = 3
Reciprocal lattice vectors (/ 2 pi):
     (0.333333, -0, 0)
     (-0, 1, -0)
     (0, -0, 1)
Geometric objects:
     block, center = (0,0,0)
          size (1e+20,1e+20,1)
          axes (1,0,0), (0,1,0), (0,0,1)
     prism, center = (1.99002,-1.38778e-17,0.5)
          height 1, axis (0,0,1), sidewall angle: 0 radians, 4 vertices:
          (2.24002,0.25,0)
          (1.74002,0.25,0)
          (1.74002,-0.25,0)
          (2.24002,-0.25,0)
     prism, center = (1.00551,-1.38778e-17,0.5)
          height 1, axis (0,0,1), sidewall angle: 0 radians, 4 vertices:
          (1.25551,0.25,0)
          (0.75551,0.25,0)
          (0.75551,-0.25,0)
          (1.25551,-0.25,0)
     prism, center = (0.00447214,-1.38778e-17,0.5)
          height 1, axis (0,0,1), sidewall angle: 0 radians, 4 vertices:
          (0.254472,0.25,0)
          (-0.245528,0.25,0)
          (-0.245528,-0.25,0)
          (0.254472,-0.25,0)
Geometric object tree has depth 2 and 21 object nodes (vs. 4 actual objects)
Initializing epsilon function...
Allocating fields...
Solving for band polarization: te.
Initializing fields to random numbers...
1 k-points
  Vector3<-0.09, 0.14, 0.0>
elapsed time for initialization: 0.03151345252990723
solve_kpoint (-0.09,0.14,0):
tefreqs:, k index, k1, k2, k3, kmag/2pi, te band 1, te band 2, te band 3, te band 4, te band 5, te band 6
Solving for bands 1 to 6...
    near maximum in trace
    iteration    1: trace = 2.126373903338566 (199.707% change)
    iteration    2: trace = 0.5146097638799179 (122.058% change)
    iteration    3: trace = 0.4323186197646164 (17.3806% change)
    iteration    4: trace = 0.4102770822883133 (5.23182% change)
    iteration    5: trace = 0.4033582877728488 (1.70071% change)
    iteration    6: trace = 0.3991239147616253 (1.05532% change)
    iteration    7: trace = 0.3969301019011234 (0.551172% change)
    iteration    8: trace = 0.395840035633188 (0.275002% change)
    iteration    9: trace = 0.3955162121710871 (0.0818401% change)
    iteration   10: trace = 0.3953923689779956 (0.0313167% change)
    iteration   11: trace = 0.3953478670098834 (0.0112558% change)
    iteration   12: trace = 0.3953272698099247 (0.00521003% change)
    iteration   13: trace = 0.3953168378609071 (0.00263885% change)
    iteration   14: trace = 0.395312975226333 (0.000977103% change)
    iteration   15: trace = 0.3953118744417781 (0.000278459% change)
    iteration   16: trace = 0.3953116715672348 (5.13201e-05% change)
    iteration   17: trace = 0.3953116150881946 (1.42872e-05% change)
    iteration   18: trace = 0.3953116020990352 (3.2858e-06% change)
    iteration   19: trace = 0.3953115968587277 (1.32561e-06% change)
    iteration   20: trace = 0.395311594971251 (4.77466e-07% change)
    iteration   21: trace = 0.3953115937555114 (3.0754e-07% change)
    iteration   22: trace = 0.3953115933914638 (9.20913e-08% change)
    iteration   23: trace = 0.3953115932923616 (2.50694e-08% change)
    iteration   24: trace = 0.3953115932675033 (6.28829e-09% change)
Finished solving for bands 1 to 6 after 24 iterations.
tefreqs:, 1, -0.09, 0.14, 0, 0.143178, 0.0644968, 0.148913, 0.171616, 0.300732, 0.322579, 0.380825
elapsed time for k point: 2.215381145477295
total elapsed time for run: 2.2469756603240967
done
Initializing eigensolver data
Computing 6 bands with 1e-10 tolerance
Working in 2 dimensions.
Grid size is 288 x 96 x 1.
Solving for 6 bands at a time.
Creating Maxwell data...
Mesh size is 3.
Lattice vectors:
     (3, 0, 0)
     (0, 1, 0)
     (0, 0, 1)
Cell volume = 3
Reciprocal lattice vectors (/ 2 pi):
     (0.333333, -0, 0)
     (-0, 1, -0)
     (0, -0, 1)
Geometric objects:
     block, center = (0,0,0)
          size (1e+20,1e+20,1)
          axes (1,0,0), (0,1,0), (0,0,1)
     prism, center = (0.005,-1.38778e-17,0.5)
          height 1, axis (0,0,1), sidewall angle: 0 radians, 4 vertices:
          (0.255,0.25,0)
          (-0.245,0.25,0)
          (-0.245,-0.25,0)
          (0.255,-0.25,0)
     prism, center = (1.005,-1.38778e-17,0.5)
          height 1, axis (0,0,1), sidewall angle: 0 radians, 4 vertices:
          (1.255,0.25,0)
          (0.755,0.25,0)
          (0.755,-0.25,0)
          (1.255,-0.25,0)
     prism, center = (2.005,-1.38778e-17,0.5)
          height 1, axis (0,0,1), sidewall angle: 0 radians, 4 vertices:
          (2.255,0.25,0)
          (1.755,0.25,0)
          (1.755,-0.25,0)
          (2.255,-0.25,0)
Geometric object tree has depth 2 and 21 object nodes (vs. 4 actual objects)
Initializing epsilon function...
Allocating fields...
Solving for band polarization: te.
Initializing fields to random numbers...
1 k-points
  Vector3<-0.09, 0.14, 0.0>
elapsed time for initialization: 0.04942154884338379
solve_kpoint (-0.09,0.14,0):
tefreqs:, k index, k1, k2, k3, kmag/2pi, te band 1, te band 2, te band 3, te band 4, te band 5, te band 6
Solving for bands 1 to 6...
    near maximum in trace
    iteration    1: trace = 1.928085610225911 (199.733% change)
    iteration    2: trace = 0.4854085311029526 (119.551% change)
    iteration    3: trace = 0.4237085316903236 (13.5736% change)
    iteration    4: trace = 0.4050931208380529 (4.49213% change)
    iteration    5: trace = 0.3997250503865623 (1.33398% change)
    iteration    6: trace = 0.3976237594051425 (0.527069% change)
    iteration    7: trace = 0.3966906898422694 (0.234937% change)
    iteration    8: trace = 0.3959687053625417 (0.182168% change)
    iteration    9: trace = 0.3956860118498819 (0.0714184% change)
    iteration   10: trace = 0.395596544790916 (0.0226132% change)
    iteration   11: trace = 0.3955763774195977 (0.00509809% change)
    iteration   12: trace = 0.3955722386386857 (0.00104627% change)
    iteration   13: trace = 0.3955705285656578 (0.000432305% change)
    iteration   14: trace = 0.395569860017479 (0.000169009% change)
    iteration   15: trace = 0.3955695166415485 (8.68054e-05% change)
    iteration   16: trace = 0.3955694217726163 (2.39829e-05% change)
    iteration   17: trace = 0.3955693905795192 (7.88562e-06% change)
    iteration   18: trace = 0.3955693842327103 (1.60447e-06% change)
    iteration   19: trace = 0.395569381772342 (6.21981e-07% change)
    iteration   20: trace = 0.3955693808787696 (2.25895e-07% change)
    iteration   21: trace = 0.3955693803647688 (1.29939e-07% change)
    iteration   22: trace = 0.3955693802044018 (4.05408e-08% change)
    iteration   23: trace = 0.3955693801477908 (1.43113e-08% change)
    iteration   24: trace = 0.395569380133229 (3.68122e-09% change)
Finished solving for bands 1 to 6 after 24 iterations.
tefreqs:, 1, -0.09, 0.14, 0, 0.143178, 0.0645289, 0.148938, 0.171611, 0.300929, 0.322551, 0.381019
elapsed time for k point: 2.166666030883789
total elapsed time for run: 2.2161693572998047
done
Initializing eigensolver data
Computing 6 bands with 1e-10 tolerance
Working in 2 dimensions.
Grid size is 288 x 96 x 1.
Solving for 6 bands at a time.
Creating Maxwell data...
Mesh size is 3.
Lattice vectors:
     (3, 0, 0)
     (0, 1, 0)
     (0, 0, 1)
Cell volume = 3
Reciprocal lattice vectors (/ 2 pi):
     (0.333333, -0, 0)
     (-0, 1, -0)
     (0, -0, 1)
Geometric objects:
     block, center = (0,0,0)
          size (1e+20,1e+20,1)
          axes (1,0,0), (0,1,0), (0,0,1)
     prism, center = (-0.005,-1.38778e-17,0.5)
          height 1, axis (0,0,1), sidewall angle: 0 radians, 4 vertices:
          (0.245,0.25,0)
          (-0.255,0.25,0)
          (-0.255,-0.25,0)
          (0.245,-0.25,0)
     prism, center = (0.995,-1.38778e-17,0.5)
          height 1, axis (0,0,1), sidewall angle: 0 radians, 4 vertices:
          (1.245,0.25,0)
          (0.745,0.25,0)
          (0.745,-0.25,0)
          (1.245,-0.25,0)
     prism, center = (1.995,-1.38778e-17,0.5)
          height 1, axis (0,0,1), sidewall angle: 0 radians, 4 vertices:
          (2.245,0.25,0)
          (1.745,0.25,0)
          (1.745,-0.25,0)
          (2.245,-0.25,0)
Geometric object tree has depth 2 and 21 object nodes (vs. 4 actual objects)
Initializing epsilon function...
Allocating fields...
Solving for band polarization: te.
Initializing fields to random numbers...
1 k-points
  Vector3<-0.09, 0.14, 0.0>
elapsed time for initialization: 0.04999208450317383
solve_kpoint (-0.09,0.14,0):
tefreqs:, k index, k1, k2, k3, kmag/2pi, te band 1, te band 2, te band 3, te band 4, te band 5, te band 6
Solving for bands 1 to 6...
    near maximum in trace
    iteration    1: trace = 2.370112634217211 (199.676% change)
    iteration    2: trace = 0.5098055522976975 (129.192% change)
    iteration    3: trace = 0.4302746262182213 (16.92% change)
    iteration    4: trace = 0.4061568168533423 (5.76683% change)
    iteration    5: trace = 0.3993319746443516 (1.69458% change)
    iteration    6: trace = 0.3970392630070604 (0.57579% change)
    iteration    7: trace = 0.3962392603766854 (0.201695% change)
    iteration    8: trace = 0.3958030050215187 (0.11016% change)
    iteration    9: trace = 0.3956406703566912 (0.0410224% change)
    iteration   10: trace = 0.3955900045759946 (0.0128068% change)
    iteration   11: trace = 0.3955762540950861 (0.003476% change)
    iteration   12: trace = 0.3955726337328719 (0.000915216% change)
    iteration   13: trace = 0.3955707785689812 (0.000468983% change)
    iteration   14: trace = 0.3955699082623169 (0.000220013% change)
    iteration   15: trace = 0.3955695202583438 (9.80874e-05% change)
    iteration   16: trace = 0.3955694276325327 (2.34158e-05% change)
    iteration   17: trace = 0.3955693954389241 (8.13855e-06% change)
    iteration   18: trace = 0.3955693871332147 (2.09968e-06% change)
    iteration   19: trace = 0.3955693829486345 (1.05786e-06% change)
    iteration   20: trace = 0.3955693813914877 (3.93647e-07% change)
    iteration   21: trace = 0.3955693804757933 (2.31488e-07% change)
    iteration   22: trace = 0.3955693802176892 (6.52488e-08% change)
    iteration   23: trace = 0.3955693801435756 (1.87359e-08% change)
    iteration   24: trace = 0.3955693801300642 (3.4157e-09% change)
Finished solving for bands 1 to 6 after 24 iterations.
tefreqs:, 1, -0.09, 0.14, 0, 0.143178, 0.0645289, 0.148938, 0.171611, 0.300929, 0.322551, 0.381019
elapsed time for k point: 2.0771408081054688
total elapsed time for run: 2.1272165775299072
done
Initializing eigensolver data
Computing 6 bands with 1e-10 tolerance
Working in 2 dimensions.
Grid size is 336 x 112 x 1.
Solving for 6 bands at a time.
Creating Maxwell data...
Mesh size is 3.
Lattice vectors:
     (3, 0, 0)
     (0, 1, 0)
     (0, 0, 1)
Cell volume = 3
Reciprocal lattice vectors (/ 2 pi):
     (0.333333, -0, 0)
     (-0, 1, -0)
     (0, -0, 1)
Geometric objects:
     block, center = (0,0,0)
          size (1e+20,1e+20,1)
          axes (1,0,0), (0,1,0), (0,0,1)
     prism, center = (-2.08167e-17,-1.38778e-17,0.5)
          height 1, axis (0,0,1), sidewall angle: 0 radians, 4 vertices:
          (0.25,0.25,0)
          (-0.25,0.25,0)
          (-0.25,-0.25,0)
          (0.25,-0.25,0)
     prism, center = (1,-1.38778e-17,0.5)
          height 1, axis (0,0,1), sidewall angle: 0 radians, 4 vertices:
          (1.25,0.25,0)
          (0.75,0.25,0)
          (0.75,-0.25,0)
          (1.25,-0.25,0)
     prism, center = (2,-1.38778e-17,0.5)
          height 1, axis (0,0,1), sidewall angle: 0 radians, 4 vertices:
          (2.25,0.25,0)
          (1.75,0.25,0)
          (1.75,-0.25,0)
          (2.25,-0.25,0)
Geometric object tree has depth 2 and 21 object nodes (vs. 4 actual objects)
Initializing epsilon function...
Allocating fields...
Solving for band polarization: te.
Initializing fields to random numbers...
1 k-points
  Vector3<-0.09, 0.14, 0.0>
elapsed time for initialization: 0.03845787048339844
solve_kpoint (-0.09,0.14,0):
tefreqs:, k index, k1, k2, k3, kmag/2pi, te band 1, te band 2, te band 3, te band 4, te band 5, te band 6
Solving for bands 1 to 6...
    near maximum in trace
    iteration    1: trace = 2.5542195031727 (199.742% change)
    iteration    2: trace = 0.676665459735375 (116.225% change)
    iteration    3: trace = 0.4705666118235359 (35.9298% change)
    iteration    4: trace = 0.4348898076488748 (7.8804% change)
    iteration    5: trace = 0.4139938034363739 (4.92317% change)
    iteration    6: trace = 0.4057857764968088 (2.0025% change)
    iteration    7: trace = 0.4009777294108157 (1.19193% change)
    iteration    8: trace = 0.3983989669159211 (0.645193% change)
    iteration    9: trace = 0.3966179696930174 (0.44804% change)
    iteration   10: trace = 0.396058865395757 (0.141067% change)
    iteration   11: trace = 0.3958430986771118 (0.0544933% change)
    iteration   12: trace = 0.3957860774348488 (0.014406% change)
    iteration   13: trace = 0.3957588444506336 (0.00688097% change)
    iteration   14: trace = 0.395748622076175 (0.00258301% change)
    iteration   15: trace = 0.395743787885789 (0.00122154% change)
    iteration   16: trace = 0.395742688712696 (0.000277749% change)
    iteration   17: trace = 0.3957423667131019 (8.13659e-05% change)
    iteration   18: trace = 0.3957423015661529 (1.6462e-05% change)
    iteration   19: trace = 0.3957422756370281 (6.55202e-06% change)
    iteration   20: trace = 0.3957422642853586 (2.86845e-06% change)
    iteration   21: trace = 0.3957422581117794 (1.56e-06% change)
    iteration   22: trace = 0.3957422563607677 (4.42463e-07% change)
    iteration   23: trace = 0.3957422559381791 (1.06784e-07% change)
    iteration   24: trace = 0.3957422558265272 (2.82133e-08% change)
    iteration   25: trace = 0.3957422557916928 (8.80228e-09% change)
Finished solving for bands 1 to 6 after 25 iterations.
tefreqs:, 1, -0.09, 0.14, 0, 0.143178, 0.0645309, 0.148962, 0.171635, 0.301023, 0.322646, 0.38107
elapsed time for k point: 2.822187662124634
total elapsed time for run: 2.8607285022735596
done
Initializing eigensolver data
Computing 6 bands with 1e-10 tolerance
Working in 2 dimensions.
Grid size is 336 x 112 x 1.
Solving for 6 bands at a time.
Creating Maxwell data...
Mesh size is 3.
Lattice vectors:
     (3, 0, 0)
     (0, 1, 0)
     (0, 0, 1)
Cell volume = 3
Reciprocal lattice vectors (/ 2 pi):
     (0.333333, -0, 0)
     (-0, 1, -0)
     (0, -0, 1)
Geometric objects:
     block, center = (0,0,0)
          size (1e+20,1e+20,1)
          axes (1,0,0), (0,1,0), (0,0,1)
     prism, center = (0.00111803,-1.38778e-17,0.5)
          height 1, axis (0,0,1), sidewall angle: 0 radians, 4 vertices:
          (0.251118,0.25,0)
          (-0.248882,0.25,0)
          (-0.248882,-0.25,0)
          (0.251118,-0.25,0)
     prism, center = (1.00138,-1.38778e-17,0.5)
          height 1, axis (0,0,1), sidewall angle: 0 radians, 4 vertices:
          (1.25138,0.25,0)
          (0.751377,0.25,0)
          (0.751377,-0.25,0)
          (1.25138,-0.25,0)
     prism, center = (1.9975,-1.38778e-17,0.5)
          height 1, axis (0,0,1), sidewall angle: 0 radians, 4 vertices:
          (2.2475,0.25,0)
          (1.7475,0.25,0)
          (1.7475,-0.25,0)
          (2.2475,-0.25,0)
Geometric object tree has depth 2 and 21 object nodes (vs. 4 actual objects)
Initializing epsilon function...
Allocating fields...
Solving for band polarization: te.
Initializing fields to random numbers...
1 k-points
  Vector3<-0.09, 0.14, 0.0>
elapsed time for initialization: 0.04613614082336426
solve_kpoint (-0.09,0.14,0):
tefreqs:, k index, k1, k2, k3, kmag/2pi, te band 1, te band 2, te band 3, te band 4, te band 5, te band 6
Solving for bands 1 to 6...
    near maximum in trace
    iteration    1: trace = 2.201851297310659 (199.776% change)
    iteration    2: trace = 0.5375434939483511 (121.509% change)
    iteration    3: trace = 0.4570568645361037 (16.1847% change)
    iteration    4: trace = 0.4321962615260578 (5.59134% change)
    iteration    5: trace = 0.4252127714757673 (1.62898% change)
    iteration    6: trace = 0.4214122446802162 (0.897806% change)
    iteration    7: trace = 0.4181465683172964 (0.777951% change)
    large trace change predicted (3.27826%)
    iteration    8: trace = 0.4087150203002225 (2.28129% change)
    iteration    9: trace = 0.4011727060043727 (1.86256% change)
    iteration   10: trace = 0.3967079543526965 (1.11915% change)
    iteration   11: trace = 0.3957991669560288 (0.229345% change)
    iteration   12: trace = 0.3955427858778496 (0.0647965% change)
    iteration   13: trace = 0.3954792530136692 (0.0160635% change)
    iteration   14: trace = 0.3954570237932707 (0.00562099% change)
    iteration   15: trace = 0.3954481252211336 (0.00225022% change)
    iteration   16: trace = 0.3954438929786315 (0.00107025% change)
    iteration   17: trace = 0.3954424496531757 (0.000364989% change)
    iteration   18: trace = 0.3954420597177544 (9.86074e-05% change)
    iteration   19: trace = 0.3954419289144603 (3.30777e-05% change)
    iteration   20: trace = 0.3954418761433882 (1.33448e-05% change)
    iteration   21: trace = 0.3954418489244623 (6.88317e-06% change)
    iteration   22: trace = 0.395441837587806 (2.86683e-06% change)
    iteration   23: trace = 0.3954418336462728 (9.96742e-07% change)
    iteration   24: trace = 0.3954418329082633 (1.86629e-07% change)
    iteration   25: trace = 0.3954418327130624 (4.93627e-08% change)
    iteration   26: trace = 0.395441832666365 (1.18089e-08% change)
    iteration   27: trace = 0.3954418326457409 (5.21545e-09% change)
Finished solving for bands 1 to 6 after 27 iterations.
tefreqs:, 1, -0.09, 0.14, 0, 0.143178, 0.0644986, 0.148935, 0.171609, 0.300933, 0.322561, 0.380846
elapsed time for k point: 3.898369073867798
total elapsed time for run: 3.9445927143096924
done
Initializing eigensolver data
Computing 6 bands with 1e-10 tolerance
Working in 2 dimensions.
Grid size is 336 x 112 x 1.
Solving for 6 bands at a time.
Creating Maxwell data...
Mesh size is 3.
Lattice vectors:
     (3, 0, 0)
     (0, 1, 0)
     (0, 0, 1)
Cell volume = 3
Reciprocal lattice vectors (/ 2 pi):
     (0.333333, -0, 0)
     (-0, 1, -0)
     (0, -0, 1)
Geometric objects:
     block, center = (0,0,0)
          size (1e+20,1e+20,1)
          axes (1,0,0), (0,1,0), (0,0,1)
     prism, center = (-0.00111803,-1.38778e-17,0.5)
          height 1, axis (0,0,1), sidewall angle: 0 radians, 4 vertices:
          (0.248882,0.25,0)
          (-0.251118,0.25,0)
          (-0.251118,-0.25,0)
          (0.248882,-0.25,0)
     prism, center = (0.998623,-1.38778e-17,0.5)
          height 1, axis (0,0,1), sidewall angle: 0 radians, 4 vertices:
          (1.24862,0.25,0)
          (0.748623,0.25,0)
          (0.748623,-0.25,0)
          (1.24862,-0.25,0)
     prism, center = (2.0025,-1.38778e-17,0.5)
          height 1, axis (0,0,1), sidewall angle: 0 radians, 4 vertices:
          (2.2525,0.25,0)
          (1.7525,0.25,0)
          (1.7525,-0.25,0)
          (2.2525,-0.25,0)
Geometric object tree has depth 2 and 21 object nodes (vs. 4 actual objects)
Initializing epsilon function...
Allocating fields...
Solving for band polarization: te.
Initializing fields to random numbers...
1 k-points
  Vector3<-0.09, 0.14, 0.0>
elapsed time for initialization: 0.04036903381347656
solve_kpoint (-0.09,0.14,0):
tefreqs:, k index, k1, k2, k3, kmag/2pi, te band 1, te band 2, te band 3, te band 4, te band 5, te band 6
Solving for bands 1 to 6...
    near maximum in trace
    iteration    1: trace = 2.430787453441942 (199.754% change)
    iteration    2: trace = 0.6424518873426699 (116.381% change)
    iteration    3: trace = 0.4596748360522559 (33.1681% change)
    iteration    4: trace = 0.4244479450309682 (7.96878% change)
    iteration    5: trace = 0.4096715961651299 (3.54298% change)
    iteration    6: trace = 0.4044420123369686 (1.28473% change)
    iteration    7: trace = 0.40052495296612 (0.973222% change)
    iteration    8: trace = 0.3979193859837268 (0.652661% change)
    iteration    9: trace = 0.3961588936959755 (0.443405% change)
    iteration   10: trace = 0.3956501673972428 (0.128497% change)
    iteration   11: trace = 0.3954857784475627 (0.0415577% change)
    iteration   12: trace = 0.3954562779158367 (0.00745959% change)
    iteration   13: trace = 0.3954474343416848 (0.00223632% change)
    iteration   14: trace = 0.3954446253038719 (0.000710347% change)
    iteration   15: trace = 0.395443042387298 (0.000400289% change)
    iteration   16: trace = 0.3954423737853777 (0.000169077% change)
    iteration   17: trace = 0.3954421305366861 (6.15131e-05% change)
    iteration   18: trace = 0.3954420693733625 (1.54671e-05% change)
    iteration   19: trace = 0.3954420568555663 (3.16552e-06% change)
    iteration   20: trace = 0.3954420530699738 (9.57306e-07% change)
    iteration   21: trace = 0.3954420517277439 (3.39425e-07% change)
    iteration   22: trace = 0.3954420509231637 (2.03463e-07% change)
    iteration   23: trace = 0.3954420506233011 (7.58297e-08% change)
    iteration   24: trace = 0.3954420505217756 (2.56739e-08% change)
    iteration   25: trace = 0.3954420505008397 (5.29429e-09% change)
Finished solving for bands 1 to 6 after 25 iterations.
tefreqs:, 1, -0.09, 0.14, 0, 0.143178, 0.0644986, 0.148935, 0.171609, 0.300934, 0.32256, 0.380847
elapsed time for k point: 8.729712963104248
total elapsed time for run: 8.770172595977783
done
Initializing eigensolver data
Computing 6 bands with 1e-10 tolerance
Working in 2 dimensions.
Grid size is 336 x 112 x 1.
Solving for 6 bands at a time.
Creating Maxwell data...
Mesh size is 3.
Lattice vectors:
     (3, 0, 0)
     (0, 1, 0)
     (0, 0, 1)
Cell volume = 3
Reciprocal lattice vectors (/ 2 pi):
     (0.333333, -0, 0)
     (-0, 1, -0)
     (0, -0, 1)
Geometric objects:
     block, center = (0,0,0)
          size (1e+20,1e+20,1)
          axes (1,0,0), (0,1,0), (0,0,1)
     prism, center = (0.00223607,-1.38778e-17,0.5)
          height 1, axis (0,0,1), sidewall angle: 0 radians, 4 vertices:
          (0.252236,0.25,0)
          (-0.247764,0.25,0)
          (-0.247764,-0.25,0)
          (0.252236,-0.25,0)
     prism, center = (1.00275,-1.38778e-17,0.5)
          height 1, axis (0,0,1), sidewall angle: 0 radians, 4 vertices:
          (1.25275,0.25,0)
          (0.752755,0.25,0)
          (0.752755,-0.25,0)
          (1.25275,-0.25,0)
     prism, center = (1.99501,-1.38778e-17,0.5)
          height 1, axis (0,0,1), sidewall angle: 0 radians, 4 vertices:
          (2.24501,0.25,0)
          (1.74501,0.25,0)
          (1.74501,-0.25,0)
          (2.24501,-0.25,0)
Geometric object tree has depth 2 and 21 object nodes (vs. 4 actual objects)
Initializing epsilon function...
Allocating fields...
Solving for band polarization: te.
Initializing fields to random numbers...
1 k-points
  Vector3<-0.09, 0.14, 0.0>
elapsed time for initialization: 0.10079789161682129
solve_kpoint (-0.09,0.14,0):
tefreqs:, k index, k1, k2, k3, kmag/2pi, te band 1, te band 2, te band 3, te band 4, te band 5, te band 6
Solving for bands 1 to 6...
    near maximum in trace
    iteration    1: trace = 2.432724111684252 (199.753% change)
    iteration    2: trace = 0.6311925276732803 (117.597% change)
    iteration    3: trace = 0.4431510317398601 (35.0058% change)
    iteration    4: trace = 0.4160369783722363 (6.31155% change)
    iteration    5: trace = 0.4021768152062268 (3.38791% change)
    iteration    6: trace = 0.3987003464035832 (0.868165% change)
    iteration    7: trace = 0.39667020748217 (0.510489% change)
    iteration    8: trace = 0.396016056646975 (0.165047% change)
    iteration    9: trace = 0.3956453348454509 (0.0936567% change)
    iteration   10: trace = 0.3955618180203395 (0.0211112% change)
    iteration   11: trace = 0.3955283038599636 (0.00847291% change)
    iteration   12: trace = 0.3955191327320137 (0.00231873% change)
    iteration   13: trace = 0.3955134258440046 (0.0014429% change)
    iteration   14: trace = 0.3955113110697822 (0.000534692% change)
    iteration   15: trace = 0.3955101946270722 (0.000282279% change)
    iteration   16: trace = 0.3955099550589209 (6.05719e-05% change)
    iteration   17: trace = 0.395509880457909 (1.8862e-05% change)
    iteration   18: trace = 0.3955098664105231 (3.55172e-06% change)
    iteration   19: trace = 0.3955098619942141 (1.11661e-06% change)
    iteration   20: trace = 0.3955098601974201 (4.54298e-07% change)
    iteration   21: trace = 0.3955098591889326 (2.54984e-07% change)
    iteration   22: trace = 0.3955098588214695 (9.29087e-08% change)
    iteration   23: trace = 0.395509858729884 (2.31563e-08% change)
    iteration   24: trace = 0.3955098587073431 (5.69919e-09% change)
Finished solving for bands 1 to 6 after 24 iterations.
tefreqs:, 1, -0.09, 0.14, 0, 0.143178, 0.0645063, 0.148941, 0.171622, 0.300929, 0.322603, 0.380894
elapsed time for k point: 11.497527122497559
total elapsed time for run: 11.598464250564575
done
Initializing eigensolver data
Computing 6 bands with 1e-10 tolerance
Working in 2 dimensions.
Grid size is 336 x 112 x 1.
Solving for 6 bands at a time.
Creating Maxwell data...
Mesh size is 3.
Lattice vectors:
     (3, 0, 0)
     (0, 1, 0)
     (0, 0, 1)
Cell volume = 3
Reciprocal lattice vectors (/ 2 pi):
     (0.333333, -0, 0)
     (-0, 1, -0)
     (0, -0, 1)
Geometric objects:
     block, center = (0,0,0)
          size (1e+20,1e+20,1)
          axes (1,0,0), (0,1,0), (0,0,1)
     prism, center = (-0.00223607,-1.38778e-17,0.5)
          height 1, axis (0,0,1), sidewall angle: 0 radians, 4 vertices:
          (0.247764,0.25,0)
          (-0.252236,0.25,0)
          (-0.252236,-0.25,0)
          (0.247764,-0.25,0)
     prism, center = (0.997245,-1.38778e-17,0.5)
          height 1, axis (0,0,1), sidewall angle: 0 radians, 4 vertices:
          (1.24725,0.25,0)
          (0.747245,0.25,0)
          (0.747245,-0.25,0)
          (1.24725,-0.25,0)
     prism, center = (2.00499,-1.38778e-17,0.5)
          height 1, axis (0,0,1), sidewall angle: 0 radians, 4 vertices:
          (2.25499,0.25,0)
          (1.75499,0.25,0)
          (1.75499,-0.25,0)
          (2.25499,-0.25,0)
Geometric object tree has depth 2 and 21 object nodes (vs. 4 actual objects)
Initializing epsilon function...
Allocating fields...
Solving for band polarization: te.
Initializing fields to random numbers...
1 k-points
  Vector3<-0.09, 0.14, 0.0>
elapsed time for initialization: 0.12002873420715332
solve_kpoint (-0.09,0.14,0):
tefreqs:, k index, k1, k2, k3, kmag/2pi, te band 1, te band 2, te band 3, te band 4, te band 5, te band 6
Solving for bands 1 to 6...
    near maximum in trace
    iteration    1: trace = 2.614854150774315 (199.736% change)
    iteration    2: trace = 0.6880365151493247 (116.675% change)
    iteration    3: trace = 0.4488463129159929 (42.0783% change)
    iteration    4: trace = 0.4279250399320371 (4.77234% change)
    iteration    5: trace = 0.4174601845160162 (2.47576% change)
    iteration    6: trace = 0.4127408733283638 (1.13691% change)
    iteration    7: trace = 0.4057632652586639 (1.70497% change)
    iteration    8: trace = 0.4004322353107557 (1.32252% change)
    iteration    9: trace = 0.3970020745529649 (0.860299% change)
    iteration   10: trace = 0.3961520588386176 (0.214338% change)
    iteration   11: trace = 0.3957728338824504 (0.095773% change)
    iteration   12: trace = 0.3956369834658497 (0.0343312% change)
    iteration   13: trace = 0.3955468613210955 (0.0227816% change)
    iteration   14: trace = 0.3955221798578938 (0.00624003% change)
    iteration   15: trace = 0.3955135794343116 (0.00217447% change)
    iteration   16: trace = 0.395511720575992 (0.000469987% change)
    iteration   17: trace = 0.3955110707663166 (0.000164296% change)
    iteration   18: trace = 0.3955108273678084 (6.15403e-05% change)
    iteration   19: trace = 0.3955107033957999 (3.13448e-05% change)
    iteration   20: trace = 0.395510656007431 (1.19816e-05% change)
    iteration   21: trace = 0.3955106418243933 (3.58601e-06% change)
    iteration   22: trace = 0.395510638206411 (9.14762e-07% change)
    iteration   23: trace = 0.3955106374370866 (1.94514e-07% change)
    iteration   24: trace = 0.3955106371847285 (6.38057e-08% change)
    iteration   25: trace = 0.3955106370826323 (2.58138e-08% change)
    iteration   26: trace = 0.3955106370175639 (1.64517e-08% change)
    iteration   27: trace = 0.3955106369932481 (6.14796e-09% change)
Finished solving for bands 1 to 6 after 27 iterations.
tefreqs:, 1, -0.09, 0.14, 0, 0.143178, 0.0645063, 0.148941, 0.171622, 0.30093, 0.322602, 0.380895
elapsed time for k point: 10.270004034042358
total elapsed time for run: 10.390146732330322
done
Initializing eigensolver data
Computing 6 bands with 1e-10 tolerance
Working in 2 dimensions.
Grid size is 336 x 112 x 1.
Solving for 6 bands at a time.
Creating Maxwell data...
Mesh size is 3.
Lattice vectors:
     (3, 0, 0)
     (0, 1, 0)
     (0, 0, 1)
Cell volume = 3
Reciprocal lattice vectors (/ 2 pi):
     (0.333333, -0, 0)
     (-0, 1, -0)
     (0, -0, 1)
Geometric objects:
     block, center = (0,0,0)
          size (1e+20,1e+20,1)
          axes (1,0,0), (0,1,0), (0,0,1)
     prism, center = (0.00447214,-1.38778e-17,0.5)
          height 1, axis (0,0,1), sidewall angle: 0 radians, 4 vertices:
          (0.254472,0.25,0)
          (-0.245528,0.25,0)
          (-0.245528,-0.25,0)
          (0.254472,-0.25,0)
     prism, center = (1.00551,-1.38778e-17,0.5)
          height 1, axis (0,0,1), sidewall angle: 0 radians, 4 vertices:
          (1.25551,0.25,0)
          (0.75551,0.25,0)
          (0.75551,-0.25,0)
          (1.25551,-0.25,0)
     prism, center = (1.99002,-1.38778e-17,0.5)
          height 1, axis (0,0,1), sidewall angle: 0 radians, 4 vertices:
          (2.24002,0.25,0)
          (1.74002,0.25,0)
          (1.74002,-0.25,0)
          (2.24002,-0.25,0)
Geometric object tree has depth 2 and 21 object nodes (vs. 4 actual objects)
Initializing epsilon function...
Allocating fields...
Solving for band polarization: te.
Initializing fields to random numbers...
1 k-points
  Vector3<-0.09, 0.14, 0.0>
elapsed time for initialization: 0.13181614875793457
solve_kpoint (-0.09,0.14,0):
tefreqs:, k index, k1, k2, k3, kmag/2pi, te band 1, te band 2, te band 3, te band 4, te band 5, te band 6
Solving for bands 1 to 6...
    near maximum in trace
    iteration    1: trace = 2.22733611116114 (199.775% change)
    iteration    2: trace = 0.6391226407883757 (110.814% change)
    iteration    3: trace = 0.4503250025990788 (34.6593% change)
    iteration    4: trace = 0.4259407551556348 (5.56549% change)
    iteration    5: trace = 0.4106345921515275 (3.65924% change)
    iteration    6: trace = 0.4056742939306004 (1.2153% change)
    iteration    7: trace = 0.4003474065106863 (1.32177% change)
    iteration    8: trace = 0.3976217836629302 (0.68314% change)
    iteration    9: trace = 0.3960935558724656 (0.385082% change)
    iteration   10: trace = 0.395792042416944 (0.0761508% change)
    iteration   11: trace = 0.3956562345876794 (0.0343188% change)
    iteration   12: trace = 0.3956222568434452 (0.00858806% change)
    iteration   13: trace = 0.395601559899788 (0.00523163% change)
    iteration   14: trace = 0.3955933186543855 (0.00208324% change)
    iteration   15: trace = 0.3955889543848476 (0.00110323% change)
    iteration   16: trace = 0.3955879455449977 (0.000255023% change)
    iteration   17: trace = 0.3955876353815507 (7.84057e-05% change)
    iteration   18: trace = 0.3955875295740198 (2.67469e-05% change)
    iteration   19: trace = 0.3955874831346256 (1.17393e-05% change)
    iteration   20: trace = 0.3955874616516122 (5.43066e-06% change)
    iteration   21: trace = 0.3955874544633289 (1.81712e-06% change)
    iteration   22: trace = 0.3955874522556009 (5.58088e-07% change)
    iteration   23: trace = 0.3955874517769545 (1.20996e-07% change)
    iteration   24: trace = 0.3955874516578444 (3.01097e-08% change)
    iteration   25: trace = 0.3955874516315345 (6.65084e-09% change)
Finished solving for bands 1 to 6 after 25 iterations.
tefreqs:, 1, -0.09, 0.14, 0, 0.143178, 0.0645187, 0.148945, 0.171647, 0.300851, 0.322682, 0.380976
elapsed time for k point: 9.618370294570923
total elapsed time for run: 9.750300407409668
done
Initializing eigensolver data
Computing 6 bands with 1e-10 tolerance
Working in 2 dimensions.
Grid size is 336 x 112 x 1.
Solving for 6 bands at a time.
Creating Maxwell data...
Mesh size is 3.
Lattice vectors:
     (3, 0, 0)
     (0, 1, 0)
     (0, 0, 1)
Cell volume = 3
Reciprocal lattice vectors (/ 2 pi):
     (0.333333, -0, 0)
     (-0, 1, -0)
     (0, -0, 1)
Geometric objects:
     block, center = (0,0,0)
          size (1e+20,1e+20,1)
          axes (1,0,0), (0,1,0), (0,0,1)
     prism, center = (-0.00447214,-1.38778e-17,0.5)
          height 1, axis (0,0,1), sidewall angle: 0 radians, 4 vertices:
          (0.245528,0.25,0)
          (-0.254472,0.25,0)
          (-0.254472,-0.25,0)
          (0.245528,-0.25,0)
     prism, center = (0.99449,-1.38778e-17,0.5)
          height 1, axis (0,0,1), sidewall angle: 0 radians, 4 vertices:
          (1.24449,0.25,0)
          (0.74449,0.25,0)
          (0.74449,-0.25,0)
          (1.24449,-0.25,0)
     prism, center = (2.00998,-1.38778e-17,0.5)
          height 1, axis (0,0,1), sidewall angle: 0 radians, 4 vertices:
          (2.25998,0.25,0)
          (1.75998,0.25,0)
          (1.75998,-0.25,0)
          (2.25998,-0.25,0)
Geometric object tree has depth 2 and 21 object nodes (vs. 4 actual objects)
Initializing epsilon function...
Allocating fields...
Solving for band polarization: te.
Initializing fields to random numbers...
1 k-points
  Vector3<-0.09, 0.14, 0.0>
elapsed time for initialization: 0.0989227294921875
solve_kpoint (-0.09,0.14,0):
tefreqs:, k index, k1, k2, k3, kmag/2pi, te band 1, te band 2, te band 3, te band 4, te band 5, te band 6
Solving for bands 1 to 6...
    near maximum in trace
    iteration    1: trace = 1.987109374304488 (199.799% change)
    iteration    2: trace = 0.4770322784801047 (122.564% change)
    iteration    3: trace = 0.4195683967779509 (12.8182% change)
    iteration    4: trace = 0.4019242179678545 (4.29564% change)
    iteration    5: trace = 0.3980884510799403 (0.958927% change)
    iteration    6: trace = 0.3967017605178236 (0.348945% change)
    iteration    7: trace = 0.396131738921367 (0.143794% change)
    iteration    8: trace = 0.3957872754058542 (0.0869946% change)
    iteration    9: trace = 0.3956574333804857 (0.0328114% change)
    iteration   10: trace = 0.3956091780816958 (0.012197% change)
    iteration   11: trace = 0.3955946478153687 (0.00367295% change)
    iteration   12: trace = 0.3955890525772999 (0.0014144% change)
    iteration   13: trace = 0.3955863192540638 (0.000690953% change)
    iteration   14: trace = 0.3955851031517823 (0.000307418% change)
    iteration   15: trace = 0.3955847097896504 (9.94381e-05% change)
    iteration   16: trace = 0.3955846196590141 (2.27842e-05% change)
    iteration   17: trace = 0.3955845954762213 (6.11318e-06% change)
    iteration   18: trace = 0.395584591379032 (1.03573e-06% change)
    iteration   19: trace = 0.3955845903833116 (2.51709e-07% change)
    iteration   20: trace = 0.3955845902123268 (4.32233e-08% change)
    iteration   21: trace = 0.3955845901528232 (1.50419e-08% change)
    iteration   22: trace = 0.3955845901248115 (7.08109e-09% change)
Finished solving for bands 1 to 6 after 22 iterations.
tefreqs:, 1, -0.09, 0.14, 0, 0.143178, 0.0645186, 0.148945, 0.171647, 0.300844, 0.322691, 0.38097
elapsed time for k point: 7.398210048675537
total elapsed time for run: 7.497230529785156
done
Initializing eigensolver data
Computing 6 bands with 1e-10 tolerance
Working in 2 dimensions.
Grid size is 336 x 112 x 1.
Solving for 6 bands at a time.
Creating Maxwell data...
Mesh size is 3.
Lattice vectors:
     (3, 0, 0)
     (0, 1, 0)
     (0, 0, 1)
Cell volume = 3
Reciprocal lattice vectors (/ 2 pi):
     (0.333333, -0, 0)
     (-0, 1, -0)
     (0, -0, 1)
Geometric objects:
     block, center = (0,0,0)
          size (1e+20,1e+20,1)
          axes (1,0,0), (0,1,0), (0,0,1)
     prism, center = (0.00894427,-1.38778e-17,0.5)
          height 1, axis (0,0,1), sidewall angle: 0 radians, 4 vertices:
          (0.258944,0.25,0)
          (-0.241056,0.25,0)
          (-0.241056,-0.25,0)
          (0.258944,-0.25,0)
     prism, center = (1.01102,-1.38778e-17,0.5)
          height 1, axis (0,0,1), sidewall angle: 0 radians, 4 vertices:
          (1.26102,0.25,0)
          (0.76102,0.25,0)
          (0.76102,-0.25,0)
          (1.26102,-0.25,0)
     prism, center = (1.98004,-1.38778e-17,0.5)
          height 1, axis (0,0,1), sidewall angle: 0 radians, 4 vertices:
          (2.23004,0.25,0)
          (1.73004,0.25,0)
          (1.73004,-0.25,0)
          (2.23004,-0.25,0)
Geometric object tree has depth 2 and 21 object nodes (vs. 4 actual objects)
Initializing epsilon function...
Allocating fields...
Solving for band polarization: te.
Initializing fields to random numbers...
1 k-points
  Vector3<-0.09, 0.14, 0.0>
elapsed time for initialization: 0.056204795837402344
solve_kpoint (-0.09,0.14,0):
tefreqs:, k index, k1, k2, k3, kmag/2pi, te band 1, te band 2, te band 3, te band 4, te band 5, te band 6
Solving for bands 1 to 6...
    near maximum in trace
    iteration    1: trace = 2.308168177814581 (199.767% change)
    iteration    2: trace = 0.7168535180249709 (105.21% change)
    iteration    3: trace = 0.4785156539515187 (39.8769% change)
    iteration    4: trace = 0.4275125114666247 (11.2586% change)
    iteration    5: trace = 0.4051977221113562 (5.35956% change)
    iteration    6: trace = 0.3998350614967556 (1.33228% change)
    iteration    7: trace = 0.3971157153277654 (0.682438% change)
    iteration    8: trace = 0.3960716906434557 (0.263248% change)
    iteration    9: trace = 0.3955208260210647 (0.139179% change)
    iteration   10: trace = 0.3953873478488626 (0.0337531% change)
    iteration   11: trace = 0.3953408737105507 (0.0117548% change)
    iteration   12: trace = 0.3953302273127257 (0.002693% change)
    iteration   13: trace = 0.3953244887884626 (0.00145159% change)
    iteration   14: trace = 0.3953219633748397 (0.000638822% change)
    iteration   15: trace = 0.3953208286913737 (0.000287028% change)
    iteration   16: trace = 0.3953205798298825 (6.29518e-05% change)
    iteration   17: trace = 0.3953204856194364 (2.38314e-05% change)
    iteration   18: trace = 0.3953204535334056 (8.11646e-06% change)
    iteration   19: trace = 0.3953204346213504 (4.78398e-06% change)
    iteration   20: trace = 0.3953204276497961 (1.76352e-06% change)
    iteration   21: trace = 0.3953204248318151 (7.12835e-07% change)
    iteration   22: trace = 0.3953204241934046 (1.61492e-07% change)
    iteration   23: trace = 0.3953204240459319 (3.73046e-08% change)
    iteration   24: trace = 0.3953204240126201 (8.42653e-09% change)
Finished solving for bands 1 to 6 after 24 iterations.
tefreqs:, 1, -0.09, 0.14, 0, 0.143178, 0.0644953, 0.148913, 0.171696, 0.300395, 0.322858, 0.380831
elapsed time for k point: 2.539895534515381
total elapsed time for run: 2.596191644668579
done
Initializing eigensolver data
Computing 6 bands with 1e-10 tolerance
Working in 2 dimensions.
Grid size is 336 x 112 x 1.
Solving for 6 bands at a time.
Creating Maxwell data...
Mesh size is 3.
Lattice vectors:
     (3, 0, 0)
     (0, 1, 0)
     (0, 0, 1)
Cell volume = 3
Reciprocal lattice vectors (/ 2 pi):
     (0.333333, -0, 0)
     (-0, 1, -0)
     (0, -0, 1)
Geometric objects:
     block, center = (0,0,0)
          size (1e+20,1e+20,1)
          axes (1,0,0), (0,1,0), (0,0,1)
     prism, center = (-0.00894427,-1.38778e-17,0.5)
          height 1, axis (0,0,1), sidewall angle: 0 radians, 4 vertices:
          (0.241056,0.25,0)
          (-0.258944,0.25,0)
          (-0.258944,-0.25,0)
          (0.241056,-0.25,0)
     prism, center = (0.98898,-1.38778e-17,0.5)
          height 1, axis (0,0,1), sidewall angle: 0 radians, 4 vertices:
          (1.23898,0.25,0)
          (0.73898,0.25,0)
          (0.73898,-0.25,0)
          (1.23898,-0.25,0)
     prism, center = (2.01996,-1.38778e-17,0.5)
          height 1, axis (0,0,1), sidewall angle: 0 radians, 4 vertices:
          (2.26996,0.25,0)
          (1.76996,0.25,0)
          (1.76996,-0.25,0)
          (2.26996,-0.25,0)
Geometric object tree has depth 2 and 21 object nodes (vs. 4 actual objects)
Initializing epsilon function...
Allocating fields...
Solving for band polarization: te.
Initializing fields to random numbers...
1 k-points
  Vector3<-0.09, 0.14, 0.0>
elapsed time for initialization: 0.06131315231323242
solve_kpoint (-0.09,0.14,0):
tefreqs:, k index, k1, k2, k3, kmag/2pi, te band 1, te band 2, te band 3, te band 4, te band 5, te band 6
Solving for bands 1 to 6...
    near maximum in trace
    iteration    1: trace = 2.171871737084258 (199.779% change)
    iteration    2: trace = 0.5183118586036801 (122.933% change)
    iteration    3: trace = 0.4348355004516231 (17.5159% change)
    iteration    4: trace = 0.4082060529449865 (6.31747% change)
    iteration    5: trace = 0.4005497023898779 (1.89337% change)
    iteration    6: trace = 0.3973833174443585 (0.793647% change)
    iteration    7: trace = 0.3963072855253125 (0.271146% change)
    iteration    8: trace = 0.3956663391284767 (0.161861% change)
    iteration    9: trace = 0.3954533773170049 (0.0538381% change)
    iteration   10: trace = 0.3953716837456731 (0.0206603% change)
    iteration   11: trace = 0.3953476917800081 (0.00606839% change)
    iteration   12: trace = 0.3953348307782252 (0.00325314% change)
    iteration   13: trace = 0.395329237586113 (0.00141481% change)
    iteration   14: trace = 0.3953267197396333 (0.000636901% change)
    iteration   15: trace = 0.3953260169840714 (0.000177766% change)
    iteration   16: trace = 0.3953258012896057 (5.45612e-05% change)
    iteration   17: trace = 0.3953257499313694 (1.29914e-05% change)
    iteration   18: trace = 0.3953257344031079 (3.92797e-06% change)
    iteration   19: trace = 0.3953257274398645 (1.76139e-06% change)
    iteration   20: trace = 0.3953257239110572 (8.92633e-07% change)
    iteration   21: trace = 0.3953257227079663 (3.04329e-07% change)
    iteration   22: trace = 0.395325722458526 (6.30974e-08% change)
    iteration   23: trace = 0.3953257223969578 (1.5574e-08% change)
    iteration   24: trace = 0.3953257223857476 (2.8357e-09% change)
Finished solving for bands 1 to 6 after 24 iterations.
tefreqs:, 1, -0.09, 0.14, 0, 0.143178, 0.0644955, 0.148914, 0.171694, 0.300389, 0.322868, 0.380835
elapsed time for k point: 3.196101188659668
total elapsed time for run: 3.2575151920318604
done
Initializing eigensolver data
Computing 6 bands with 1e-10 tolerance
Working in 2 dimensions.
Grid size is 336 x 112 x 1.
Solving for 6 bands at a time.
Creating Maxwell data...
Mesh size is 3.
Lattice vectors:
     (3, 0, 0)
     (0, 1, 0)
     (0, 0, 1)
Cell volume = 3
Reciprocal lattice vectors (/ 2 pi):
     (0.333333, -0, 0)
     (-0, 1, -0)
     (0, -0, 1)
Geometric objects:
     block, center = (0,0,0)
          size (1e+20,1e+20,1)
          axes (1,0,0), (0,1,0), (0,0,1)
     prism, center = (0.00669643,-1.38778e-17,0.5)
          height 1, axis (0,0,1), sidewall angle: 0 radians, 4 vertices:
          (0.256696,0.25,0)
          (-0.243304,0.25,0)
          (-0.243304,-0.25,0)
          (0.256696,-0.25,0)
     prism, center = (1.0067,-1.38778e-17,0.5)
          height 1, axis (0,0,1), sidewall angle: 0 radians, 4 vertices:
          (1.2567,0.25,0)
          (0.756696,0.25,0)
          (0.756696,-0.25,0)
          (1.2567,-0.25,0)
     prism, center = (2.0067,-1.38778e-17,0.5)
          height 1, axis (0,0,1), sidewall angle: 0 radians, 4 vertices:
          (2.2567,0.25,0)
          (1.7567,0.25,0)
          (1.7567,-0.25,0)
          (2.2567,-0.25,0)
Geometric object tree has depth 2 and 21 object nodes (vs. 4 actual objects)
Initializing epsilon function...
Allocating fields...
Solving for band polarization: te.
Initializing fields to random numbers...
1 k-points
  Vector3<-0.09, 0.14, 0.0>
elapsed time for initialization: 0.08781957626342773
solve_kpoint (-0.09,0.14,0):
tefreqs:, k index, k1, k2, k3, kmag/2pi, te band 1, te band 2, te band 3, te band 4, te band 5, te band 6
Solving for bands 1 to 6...
    near maximum in trace
    iteration    1: trace = 2.329077054562108 (199.763% change)
    iteration    2: trace = 0.543970497674502 (124.266% change)
    iteration    3: trace = 0.4460683829573177 (19.7774% change)
    iteration    4: trace = 0.4212423847724684 (5.72482% change)
    iteration    5: trace = 0.4135958890662084 (1.83185% change)
    iteration    6: trace = 0.4072958400320981 (1.53493% change)
    iteration    7: trace = 0.4024495545178389 (1.19699% change)
    iteration    8: trace = 0.3978746593928353 (1.14326% change)
    iteration    9: trace = 0.3962348835470629 (0.412985% change)
    iteration   10: trace = 0.3956090386005476 (0.158073% change)
    iteration   11: trace = 0.3954787518185663 (0.0329386% change)
    iteration   12: trace = 0.3954156723085094 (0.0159514% change)
    iteration   13: trace = 0.3953893037662574 (0.00666879% change)
    iteration   14: trace = 0.3953763207068798 (0.00328367% change)
    iteration   15: trace = 0.3953731761925725 (0.000795325% change)
    iteration   16: trace = 0.3953722760289926 (0.000227675% change)
    iteration   17: trace = 0.3953720559085804 (5.56742e-05% change)
    iteration   18: trace = 0.3953719646312256 (2.30864e-05% change)
    iteration   19: trace = 0.3953719272694873 (9.44977e-06% change)
    iteration   20: trace = 0.3953719099481673 (4.38102e-06% change)
    iteration   21: trace = 0.3953719049881605 (1.25452e-06% change)
    iteration   22: trace = 0.3953719037921644 (3.02499e-07% change)
    iteration   23: trace = 0.3953719034923729 (7.58252e-08% change)
    iteration   24: trace = 0.3953719034221047 (1.77727e-08% change)
    iteration   25: trace = 0.3953719033902555 (8.05549e-09% change)
Finished solving for bands 1 to 6 after 25 iterations.
tefreqs:, 1, -0.09, 0.14, 0, 0.143178, 0.0644867, 0.148931, 0.171607, 0.300933, 0.32255, 0.380769
elapsed time for k point: 3.2379050254821777
total elapsed time for run: 3.325819492340088
done
Initializing eigensolver data
Computing 6 bands with 1e-10 tolerance
Working in 2 dimensions.
Grid size is 336 x 112 x 1.
Solving for 6 bands at a time.
Creating Maxwell data...
Mesh size is 3.
Lattice vectors:
     (3, 0, 0)
     (0, 1, 0)
     (0, 0, 1)
Cell volume = 3
Reciprocal lattice vectors (/ 2 pi):
     (0.333333, -0, 0)
     (-0, 1, -0)
     (0, -0, 1)
Geometric objects:
     block, center = (0,0,0)
          size (1e+20,1e+20,1)
          axes (1,0,0), (0,1,0), (0,0,1)
     prism, center = (0.00781446,-1.38778e-17,0.5)
          height 1, axis (0,0,1), sidewall angle: 0 radians, 4 vertices:
          (0.257814,0.25,0)
          (-0.242186,0.25,0)
          (-0.242186,-0.25,0)
          (0.257814,-0.25,0)
     prism, center = (1.00807,-1.38778e-17,0.5)
          height 1, axis (0,0,1), sidewall angle: 0 radians, 4 vertices:
          (1.25807,0.25,0)
          (0.758074,0.25,0)
          (0.758074,-0.25,0)
          (1.25807,-0.25,0)
     prism, center = (2.0042,-1.38778e-17,0.5)
          height 1, axis (0,0,1), sidewall angle: 0 radians, 4 vertices:
          (2.2542,0.25,0)
          (1.7542,0.25,0)
          (1.7542,-0.25,0)
          (2.2542,-0.25,0)
Geometric object tree has depth 2 and 21 object nodes (vs. 4 actual objects)
Initializing epsilon function...
Allocating fields...
Solving for band polarization: te.
Initializing fields to random numbers...
1 k-points
  Vector3<-0.09, 0.14, 0.0>
elapsed time for initialization: 0.0821230411529541
solve_kpoint (-0.09,0.14,0):
tefreqs:, k index, k1, k2, k3, kmag/2pi, te band 1, te band 2, te band 3, te band 4, te band 5, te band 6
Solving for bands 1 to 6...
    near maximum in trace
    iteration    1: trace = 2.334297973222248 (199.763% change)
    iteration    2: trace = 0.5815260081503754 (120.225% change)
    iteration    3: trace = 0.4343129702142594 (28.9835% change)
    iteration    4: trace = 0.4144025358712751 (4.6919% change)
    iteration    5: trace = 0.4033048706548687 (2.71434% change)
    iteration    6: trace = 0.3996231089498028 (0.917084% change)
    iteration    7: trace = 0.3971688335139371 (0.616039% change)
    iteration    8: trace = 0.3962740384730141 (0.225547% change)
    iteration    9: trace = 0.3957279995396296 (0.137888% change)
    iteration   10: trace = 0.3955942574702675 (0.0338022% change)
    iteration   11: trace = 0.3955411598480426 (0.0134231% change)
    iteration   12: trace = 0.3955267756171686 (0.00363666% change)
    iteration   13: trace = 0.3955182807238591 (0.00214776% change)
    iteration   14: trace = 0.3955153180955823 (0.000749052% change)
    iteration   15: trace = 0.3955138815743157 (0.000363203% change)
    iteration   16: trace = 0.3955135568259032 (8.2108e-05% change)
    iteration   17: trace = 0.3955134590024006 (2.47333e-05% change)
    iteration   18: trace = 0.395513435337745 (5.98327e-06% change)
    iteration   19: trace = 0.3955134236574437 (2.9532e-06% change)
    iteration   20: trace = 0.3955134181120936 (1.40206e-06% change)
    iteration   21: trace = 0.3955134158104728 (5.81932e-07% change)
    iteration   22: trace = 0.3955134153017505 (1.28623e-07% change)
    iteration   23: trace = 0.3955134151993939 (2.58794e-08% change)
    iteration   24: trace = 0.3955134151724495 (6.8125e-09% change)
Finished solving for bands 1 to 6 after 24 iterations.
tefreqs:, 1, -0.09, 0.14, 0, 0.143178, 0.0645062, 0.148941, 0.171618, 0.300954, 0.322587, 0.380894
elapsed time for k point: 2.695206642150879
total elapsed time for run: 2.777413845062256
done
Initializing eigensolver data
Computing 6 bands with 1e-10 tolerance
Working in 2 dimensions.
Grid size is 336 x 112 x 1.
Solving for 6 bands at a time.
Creating Maxwell data...
Mesh size is 3.
Lattice vectors:
     (3, 0, 0)
     (0, 1, 0)
     (0, 0, 1)
Cell volume = 3
Reciprocal lattice vectors (/ 2 pi):
     (0.333333, -0, 0)
     (-0, 1, -0)
     (0, -0, 1)
Geometric objects:
     block, center = (0,0,0)
          size (1e+20,1e+20,1)
          axes (1,0,0), (0,1,0), (0,0,1)
     prism, center = (0.00557839,-1.38778e-17,0.5)
          height 1, axis (0,0,1), sidewall angle: 0 radians, 4 vertices:
          (0.255578,0.25,0)
          (-0.244422,0.25,0)
          (-0.244422,-0.25,0)
          (0.255578,-0.25,0)
     prism, center = (1.00532,-1.38778e-17,0.5)
          height 1, axis (0,0,1), sidewall angle: 0 radians, 4 vertices:
          (1.25532,0.25,0)
          (0.755319,0.25,0)
          (0.755319,-0.25,0)
          (1.25532,-0.25,0)
     prism, center = (2.00919,-1.38778e-17,0.5)
          height 1, axis (0,0,1), sidewall angle: 0 radians, 4 vertices:
          (2.25919,0.25,0)
          (1.75919,0.25,0)
          (1.75919,-0.25,0)
          (2.25919,-0.25,0)
Geometric object tree has depth 2 and 21 object nodes (vs. 4 actual objects)
Initializing epsilon function...
Allocating fields...
Solving for band polarization: te.
Initializing fields to random numbers...
1 k-points
  Vector3<-0.09, 0.14, 0.0>
elapsed time for initialization: 0.04261040687561035
solve_kpoint (-0.09,0.14,0):
tefreqs:, k index, k1, k2, k3, kmag/2pi, te band 1, te band 2, te band 3, te band 4, te band 5, te band 6
Solving for bands 1 to 6...
    near maximum in trace
    iteration    1: trace = 1.927535886292262 (199.805% change)
    iteration    2: trace = 0.5797182937860385 (107.513% change)
    iteration    3: trace = 0.4285414170132593 (29.9877% change)
    iteration    4: trace = 0.4113690418261324 (4.0891% change)
    iteration    5: trace = 0.4026921455404438 (2.13176% change)
    iteration    6: trace = 0.3998391374303092 (0.711002% change)
    iteration    7: trace = 0.3971611950309456 (0.672005% change)
    iteration    8: trace = 0.3961542336634968 (0.253862% change)
    iteration    9: trace = 0.395671926480676 (0.121821% change)
    iteration   10: trace = 0.3955752697028271 (0.0244315% change)
    iteration   11: trace = 0.3955357001208929 (0.0100035% change)
    iteration   12: trace = 0.3955243200183403 (0.00287718% change)
    iteration   13: trace = 0.3955170232610611 (0.00184485% change)
    iteration   14: trace = 0.3955147291626576 (0.000580027% change)
    iteration   15: trace = 0.3955138420132925 (0.000224303% change)
    iteration   16: trace = 0.3955136589149434 (4.62938e-05% change)
    iteration   17: trace = 0.3955135953255173 (1.60777e-05% change)
    iteration   18: trace = 0.3955135770660219 (4.61665e-06% change)
    iteration   19: trace = 0.3955135680158877 (2.2882e-06% change)
    iteration   20: trace = 0.3955135644186476 (9.09511e-07% change)
    iteration   21: trace = 0.3955135631474621 (3.21401e-07% change)
    iteration   22: trace = 0.3955135628515114 (7.48269e-08% change)
    iteration   23: trace = 0.3955135627843727 (1.69751e-08% change)
    iteration   24: trace = 0.3955135627658664 (4.67904e-09% change)
Finished solving for bands 1 to 6 after 24 iterations.
tefreqs:, 1, -0.09, 0.14, 0, 0.143178, 0.0645044, 0.148941, 0.171618, 0.30096, 0.32259, 0.380887
elapsed time for k point: 3.7430849075317383
total elapsed time for run: 3.7857794761657715
done
Initializing eigensolver data
Computing 6 bands with 1e-10 tolerance
Working in 2 dimensions.
Grid size is 336 x 112 x 1.
Solving for 6 bands at a time.
Creating Maxwell data...
Mesh size is 3.
Lattice vectors:
     (3, 0, 0)
     (0, 1, 0)
     (0, 0, 1)
Cell volume = 3
Reciprocal lattice vectors (/ 2 pi):
     (0.333333, -0, 0)
     (-0, 1, -0)
     (0, -0, 1)
Geometric objects:
     block, center = (0,0,0)
          size (1e+20,1e+20,1)
          axes (1,0,0), (0,1,0), (0,0,1)
     prism, center = (0.0089325,-1.38778e-17,0.5)
          height 1, axis (0,0,1), sidewall angle: 0 radians, 4 vertices:
          (0.258932,0.25,0)
          (-0.241068,0.25,0)
          (-0.241068,-0.25,0)
          (0.258932,-0.25,0)
     prism, center = (1.00945,-1.38778e-17,0.5)
          height 1, axis (0,0,1), sidewall angle: 0 radians, 4 vertices:
          (1.25945,0.25,0)
          (0.759451,0.25,0)
          (0.759451,-0.25,0)
          (1.25945,-0.25,0)
     prism, center = (2.00171,-1.38778e-17,0.5)
          height 1, axis (0,0,1), sidewall angle: 0 radians, 4 vertices:
          (2.25171,0.25,0)
          (1.75171,0.25,0)
          (1.75171,-0.25,0)
          (2.25171,-0.25,0)
Geometric object tree has depth 2 and 21 object nodes (vs. 4 actual objects)
Initializing epsilon function...
Allocating fields...
Solving for band polarization: te.
Initializing fields to random numbers...
1 k-points
  Vector3<-0.09, 0.14, 0.0>
elapsed time for initialization: 0.09156036376953125
solve_kpoint (-0.09,0.14,0):
tefreqs:, k index, k1, k2, k3, kmag/2pi, te band 1, te band 2, te band 3, te band 4, te band 5, te band 6
Solving for bands 1 to 6...
    near maximum in trace
    iteration    1: trace = 2.207211537878416 (199.776% change)
    iteration    2: trace = 0.5415641935012276 (121.192% change)
    iteration    3: trace = 0.4581440055980826 (16.6889% change)
    iteration    4: trace = 0.4293265015601693 (6.4943% change)
    iteration    5: trace = 0.4190167525534346 (2.43056% change)
    iteration    6: trace = 0.4110821893163352 (1.91172% change)
    iteration    7: trace = 0.4054532397067014 (1.37874% change)
    iteration    8: trace = 0.3991946941354232 (1.5556% change)
    iteration    9: trace = 0.3968078622130042 (0.599705% change)
    iteration   10: trace = 0.3957559134679809 (0.265455% change)
    iteration   11: trace = 0.3955359509153723 (0.0555958% change)
    iteration   12: trace = 0.3954319460561011 (0.0262981% change)
    iteration   13: trace = 0.395396221715291 (0.00903467% change)
    iteration   14: trace = 0.3953751758063851 (0.00532288% change)
    iteration   15: trace = 0.3953685134233776 (0.00168509% change)
    iteration   16: trace = 0.3953661145211337 (0.000606753% change)
    iteration   17: trace = 0.3953655774243155 (0.000135848% change)
    iteration   18: trace = 0.3953653552709529 (5.61894e-05% change)
    iteration   19: trace = 0.3953652747611324 (2.03634e-05% change)
    iteration   20: trace = 0.3953652334382074 (1.04518e-05% change)
    iteration   21: trace = 0.3953652212442091 (3.08424e-06% change)
    iteration   22: trace = 0.3953652180388976 (8.10722e-07% change)
    iteration   23: trace = 0.3953652175019468 (1.35811e-07% change)
    iteration   24: trace = 0.3953652174129876 (2.25005e-08% change)
    iteration   25: trace = 0.3953652173941052 (4.77595e-09% change)
Finished solving for bands 1 to 6 after 25 iterations.
tefreqs:, 1, -0.09, 0.14, 0, 0.143178, 0.0644879, 0.148929, 0.171608, 0.300891, 0.322565, 0.38078
elapsed time for k point: 2.7854394912719727
total elapsed time for run: 2.8770840167999268
done
Initializing eigensolver data
Computing 6 bands with 1e-10 tolerance
Working in 2 dimensions.
Grid size is 336 x 112 x 1.
Solving for 6 bands at a time.
Creating Maxwell data...
Mesh size is 3.
Lattice vectors:
     (3, 0, 0)
     (0, 1, 0)
     (0, 0, 1)
Cell volume = 3
Reciprocal lattice vectors (/ 2 pi):
     (0.333333, -0, 0)
     (-0, 1, -0)
     (0, -0, 1)
Geometric objects:
     block, center = (0,0,0)
          size (1e+20,1e+20,1)
          axes (1,0,0), (0,1,0), (0,0,1)
     prism, center = (0.00446036,-1.38778e-17,0.5)
          height 1, axis (0,0,1), sidewall angle: 0 radians, 4 vertices:
          (0.25446,0.25,0)
          (-0.24554,0.25,0)
          (-0.24554,-0.25,0)
          (0.25446,-0.25,0)
     prism, center = (1.00394,-1.38778e-17,0.5)
          height 1, axis (0,0,1), sidewall angle: 0 radians, 4 vertices:
          (1.25394,0.25,0)
          (0.753941,0.25,0)
          (0.753941,-0.25,0)
          (1.25394,-0.25,0)
     prism, center = (2.01169,-1.38778e-17,0.5)
          height 1, axis (0,0,1), sidewall angle: 0 radians, 4 vertices:
          (2.26169,0.25,0)
          (1.76169,0.25,0)
          (1.76169,-0.25,0)
          (2.26169,-0.25,0)
Geometric object tree has depth 2 and 21 object nodes (vs. 4 actual objects)
Initializing epsilon function...
Allocating fields...
Solving for band polarization: te.
Initializing fields to random numbers...
1 k-points
  Vector3<-0.09, 0.14, 0.0>
elapsed time for initialization: 0.04245114326477051
solve_kpoint (-0.09,0.14,0):
tefreqs:, k index, k1, k2, k3, kmag/2pi, te band 1, te band 2, te band 3, te band 4, te band 5, te band 6
Solving for bands 1 to 6...
    near maximum in trace
    iteration    1: trace = 2.062428036288129 (199.791% change)
    iteration    2: trace = 0.4907470534988582 (123.116% change)
    iteration    3: trace = 0.4236590528141644 (14.6736% change)
    iteration    4: trace = 0.4058557863359956 (4.29245% change)
    iteration    5: trace = 0.4005103225182104 (1.32582% change)
    iteration    6: trace = 0.3979724467645788 (0.635675% change)
    iteration    7: trace = 0.3967193673696035 (0.315362% change)
    iteration    8: trace = 0.395986989430524 (0.184779% change)
    iteration    9: trace = 0.3957218112894701 (0.0669888% change)
    iteration   10: trace = 0.3956461851634764 (0.0191128% change)
    iteration   11: trace = 0.3956215232052871 (0.00623353% change)
    iteration   12: trace = 0.39561398391258 (0.0019057% change)
    iteration   13: trace = 0.3956097258762202 (0.00107632% change)
    iteration   14: trace = 0.3956079749422659 (0.000442592% change)
    iteration   15: trace = 0.3956072328014204 (0.000187595% change)
    iteration   16: trace = 0.3956070610985895 (4.34024e-05% change)
    iteration   17: trace = 0.3956069974579755 (1.60868e-05% change)
    iteration   18: trace = 0.395606980159074 (4.37275e-06% change)
    iteration   19: trace = 0.3956069706897707 (2.39361e-06% change)
    iteration   20: trace = 0.3956069671965491 (8.83003e-07% change)
    iteration   21: trace = 0.3956069657262322 (3.71661e-07% change)
    iteration   22: trace = 0.3956069654265011 (7.57649e-08% change)
    iteration   23: trace = 0.3956069653450901 (2.05788e-08% change)
    iteration   24: trace = 0.3956069653267655 (4.63203e-09% change)
Finished solving for bands 1 to 6 after 24 iterations.
tefreqs:, 1, -0.09, 0.14, 0, 0.143178, 0.0645191, 0.14895, 0.171631, 0.300954, 0.322629, 0.38097
elapsed time for k point: 4.023216485977173
total elapsed time for run: 4.065749168395996
done
Initializing eigensolver data
Computing 6 bands with 1e-10 tolerance
Working in 2 dimensions.
Grid size is 336 x 112 x 1.
Solving for 6 bands at a time.
Creating Maxwell data...
Mesh size is 3.
Lattice vectors:
     (3, 0, 0)
     (0, 1, 0)
     (0, 0, 1)
Cell volume = 3
Reciprocal lattice vectors (/ 2 pi):
     (0.333333, -0, 0)
     (-0, 1, -0)
     (0, -0, 1)
Geometric objects:
     block, center = (0,0,0)
          size (1e+20,1e+20,1)
          axes (1,0,0), (0,1,0), (0,0,1)
     prism, center = (0.0111686,-1.38778e-17,0.5)
          height 1, axis (0,0,1), sidewall angle: 0 radians, 4 vertices:
          (0.261169,0.25,0)
          (-0.238831,0.25,0)
          (-0.238831,-0.25,0)
          (0.261169,-0.25,0)
     prism, center = (1.01221,-1.38778e-17,0.5)
          height 1, axis (0,0,1), sidewall angle: 0 radians, 4 vertices:
          (1.26221,0.25,0)
          (0.762206,0.25,0)
          (0.762206,-0.25,0)
          (1.26221,-0.25,0)
     prism, center = (1.99671,-1.38778e-17,0.5)
          height 1, axis (0,0,1), sidewall angle: 0 radians, 4 vertices:
          (2.24671,0.25,0)
          (1.74671,0.25,0)
          (1.74671,-0.25,0)
          (2.24671,-0.25,0)
Geometric object tree has depth 2 and 21 object nodes (vs. 4 actual objects)
Initializing epsilon function...
Allocating fields...
Solving for band polarization: te.
Initializing fields to random numbers...
1 k-points
  Vector3<-0.09, 0.14, 0.0>
elapsed time for initialization: 0.08996963500976562
solve_kpoint (-0.09,0.14,0):
tefreqs:, k index, k1, k2, k3, kmag/2pi, te band 1, te band 2, te band 3, te band 4, te band 5, te band 6
Solving for bands 1 to 6...
    near maximum in trace
    iteration    1: trace = 2.394021170840677 (199.758% change)
    iteration    2: trace = 0.6344841016619999 (116.198% change)
    iteration    3: trace = 0.4326139662798922 (37.8353% change)
    iteration    4: trace = 0.4115148078938962 (4.99904% change)
    iteration    5: trace = 0.4014401858869914 (2.47852% change)
    iteration    6: trace = 0.3987805719402663 (0.66472% change)
    iteration    7: trace = 0.3966422824131964 (0.537649% change)
    iteration    8: trace = 0.3959408402633932 (0.177002% change)
    iteration    9: trace = 0.3955795888727729 (0.0912804% change)
    iteration   10: trace = 0.3955202224499825 (0.0150086% change)
    iteration   11: trace = 0.3955015023521201 (0.00473314% change)
    iteration   12: trace = 0.3954989768393784 (0.000638562% change)
    iteration   13: trace = 0.3954981214881649 (0.000216272% change)
    iteration   14: trace = 0.395497929789752 (4.84701e-05% change)
    iteration   15: trace = 0.3954978309895663 (2.49812e-05% change)
    iteration   16: trace = 0.3954977921441296 (9.82191e-06% change)
    iteration   17: trace = 0.3954977737679987 (4.64633e-06% change)
    iteration   18: trace = 0.395497768718504 (1.27674e-06% change)
    iteration   19: trace = 0.3954977672822463 (3.63152e-07% change)
    iteration   20: trace = 0.3954977667710071 (1.29265e-07% change)
    iteration   21: trace = 0.3954977665259493 (6.19619e-08% change)
    iteration   22: trace = 0.3954977663982228 (3.22951e-08% change)
    iteration   23: trace = 0.3954977663541135 (1.11528e-08% change)
    iteration   24: trace = 0.3954977663412307 (3.25737e-09% change)
Finished solving for bands 1 to 6 after 24 iterations.
tefreqs:, 1, -0.09, 0.14, 0, 0.143178, 0.064507, 0.148937, 0.171639, 0.300829, 0.322661, 0.380902
elapsed time for k point: 2.9635894298553467
total elapsed time for run: 3.0536491870880127
done
Initializing eigensolver data
Computing 6 bands with 1e-10 tolerance
Working in 2 dimensions.
Grid size is 336 x 112 x 1.
Solving for 6 bands at a time.
Creating Maxwell data...
Mesh size is 3.
Lattice vectors:
     (3, 0, 0)
     (0, 1, 0)
     (0, 0, 1)
Cell volume = 3
Reciprocal lattice vectors (/ 2 pi):
     (0.333333, -0, 0)
     (-0, 1, -0)
     (0, -0, 1)
Geometric objects:
     block, center = (0,0,0)
          size (1e+20,1e+20,1)
          axes (1,0,0), (0,1,0), (0,0,1)
     prism, center = (0.00222429,-1.38778e-17,0.5)
          height 1, axis (0,0,1), sidewall angle: 0 radians, 4 vertices:
          (0.252224,0.25,0)
          (-0.247776,0.25,0)
          (-0.247776,-0.25,0)
          (0.252224,-0.25,0)
     prism, center = (1.00119,-1.38778e-17,0.5)
          height 1, axis (0,0,1), sidewall angle: 0 radians, 4 vertices:
          (1.25119,0.25,0)
          (0.751187,0.25,0)
          (0.751187,-0.25,0)
          (1.25119,-0.25,0)
     prism, center = (2.01668,-1.38778e-17,0.5)
          height 1, axis (0,0,1), sidewall angle: 0 radians, 4 vertices:
          (2.26668,0.25,0)
          (1.76668,0.25,0)
          (1.76668,-0.25,0)
          (2.26668,-0.25,0)
Geometric object tree has depth 2 and 21 object nodes (vs. 4 actual objects)
Initializing epsilon function...
Allocating fields...
Solving for band polarization: te.
Initializing fields to random numbers...
1 k-points
  Vector3<-0.09, 0.14, 0.0>
elapsed time for initialization: 0.04138922691345215
solve_kpoint (-0.09,0.14,0):
tefreqs:, k index, k1, k2, k3, kmag/2pi, te band 1, te band 2, te band 3, te band 4, te band 5, te band 6
Solving for bands 1 to 6...
    near maximum in trace
    iteration    1: trace = 2.140646719624479 (199.782% change)
    iteration    2: trace = 0.5204380167695973 (121.771% change)
    iteration    3: trace = 0.4367535515081741 (17.4854% change)
    iteration    4: trace = 0.408927449093418 (6.58076% change)
    iteration    5: trace = 0.401886609022551 (1.73673% change)
    iteration    6: trace = 0.3982859826202691 (0.899962% change)
    iteration    7: trace = 0.3968335218741897 (0.365344% change)
    iteration    8: trace = 0.3958279846517373 (0.253712% change)
    iteration    9: trace = 0.3955253526774466 (0.0764847% change)
    iteration   10: trace = 0.3953999299645031 (0.0317154% change)
    iteration   11: trace = 0.3953764323571641 (0.00594292% change)
    iteration   12: trace = 0.3953682529305418 (0.00206879% change)
    iteration   13: trace = 0.3953649712063164 (0.000830046% change)
    iteration   14: trace = 0.3953626734880112 (0.000581166% change)
    iteration   15: trace = 0.3953620111590305 (0.000167525% change)
    iteration   16: trace = 0.3953617905970955 (5.57874e-05% change)
    iteration   17: trace = 0.3953617383385004 (1.32179e-05% change)
    iteration   18: trace = 0.3953617200837918 (4.61722e-06% change)
    iteration   19: trace = 0.3953617143710107 (1.44495e-06% change)
    iteration   20: trace = 0.3953617114188787 (7.46691e-07% change)
    iteration   21: trace = 0.3953617104682121 (2.40455e-07% change)
    iteration   22: trace = 0.3953617102315413 (5.98618e-08% change)
    iteration   23: trace = 0.3953617101829747 (1.22841e-08% change)
    iteration   24: trace = 0.3953617101739385 (2.28556e-09% change)
Finished solving for bands 1 to 6 after 24 iterations.
tefreqs:, 1, -0.09, 0.14, 0, 0.143178, 0.064489, 0.148925, 0.171629, 0.300782, 0.322641, 0.380789
elapsed time for k point: 2.830673933029175
total elapsed time for run: 2.872152090072632
done
Initializing eigensolver data
Computing 6 bands with 1e-10 tolerance
Working in 2 dimensions.
Grid size is 336 x 112 x 1.
Solving for 6 bands at a time.
Creating Maxwell data...
Mesh size is 3.
Lattice vectors:
     (3, 0, 0)
     (0, 1, 0)
     (0, 0, 1)
Cell volume = 3
Reciprocal lattice vectors (/ 2 pi):
     (0.333333, -0, 0)
     (-0, 1, -0)
     (0, -0, 1)
Geometric objects:
     block, center = (0,0,0)
          size (1e+20,1e+20,1)
          axes (1,0,0), (0,1,0), (0,0,1)
     prism, center = (0.0156407,-1.38778e-17,0.5)
          height 1, axis (0,0,1), sidewall angle: 0 radians, 4 vertices:
          (0.265641,0.25,0)
          (-0.234359,0.25,0)
          (-0.234359,-0.25,0)
          (0.265641,-0.25,0)
     prism, center = (1.01772,-1.38778e-17,0.5)
          height 1, axis (0,0,1), sidewall angle: 0 radians, 4 vertices:
          (1.26772,0.25,0)
          (0.767716,0.25,0)
          (0.767716,-0.25,0)
          (1.26772,-0.25,0)
     prism, center = (1.98673,-1.38778e-17,0.5)
          height 1, axis (0,0,1), sidewall angle: 0 radians, 4 vertices:
          (2.23673,0.25,0)
          (1.73673,0.25,0)
          (1.73673,-0.25,0)
          (2.23673,-0.25,0)
Geometric object tree has depth 2 and 21 object nodes (vs. 4 actual objects)
Initializing epsilon function...
Allocating fields...
Solving for band polarization: te.
Initializing fields to random numbers...
1 k-points
  Vector3<-0.09, 0.14, 0.0>
elapsed time for initialization: 0.04030132293701172
solve_kpoint (-0.09,0.14,0):
tefreqs:, k index, k1, k2, k3, kmag/2pi, te band 1, te band 2, te band 3, te band 4, te band 5, te band 6
Solving for bands 1 to 6...
    near maximum in trace
    iteration    1: trace = 2.183882258521485 (199.778% change)
    iteration    2: trace = 0.5795621970001449 (116.11% change)
    iteration    3: trace = 0.4825086146661616 (18.2763% change)
    iteration    4: trace = 0.4379254725837814 (9.68742% change)
    iteration    5: trace = 0.4230991097839408 (3.44389% change)
    iteration    6: trace = 0.4149180082202729 (1.95249% change)
    iteration    7: trace = 0.4086334698938803 (1.5262% change)
    iteration    8: trace = 0.401407443304825 (1.78411% change)
    iteration    9: trace = 0.3980358924548049 (0.843475% change)
    iteration   10: trace = 0.3964233374571398 (0.40595% change)
    iteration   11: trace = 0.3958944647223944 (0.1335% change)
    iteration   12: trace = 0.3956063792082222 (0.0727947% change)
    iteration   13: trace = 0.3954506427112418 (0.0393743% change)
    iteration   14: trace = 0.3953924961278781 (0.014705% change)
    iteration   15: trace = 0.3953719811978594 (0.00518863% change)
    iteration   16: trace = 0.395366780231909 (0.00131547% change)
    iteration   17: trace = 0.3953647925491688 (0.000502745% change)
    iteration   18: trace = 0.3953640626566724 (0.000184613% change)
    iteration   19: trace = 0.3953636920335706 (9.37423e-05% change)
    iteration   20: trace = 0.3953635590209776 (3.36431e-05% change)
    iteration   21: trace = 0.3953635088909284 (1.26795e-05% change)
    iteration   22: trace = 0.3953634967949389 (3.05946e-06% change)
    iteration   23: trace = 0.3953634936893755 (7.85496e-07% change)
    iteration   24: trace = 0.3953634927874891 (2.28116e-07% change)
    iteration   25: trace = 0.3953634924252687 (9.1617e-08% change)
    iteration   26: trace = 0.3953634922433492 (4.60132e-08% change)
    iteration   27: trace = 0.3953634921745106 (1.74115e-08% change)
    iteration   28: trace = 0.3953634921476903 (6.78368e-09% change)
Finished solving for bands 1 to 6 after 28 iterations.
tefreqs:, 1, -0.09, 0.14, 0, 0.143178, 0.0644982, 0.148917, 0.171704, 0.300401, 0.322883, 0.380856
elapsed time for k point: 3.1769587993621826
total elapsed time for run: 3.2173454761505127
done
Initializing eigensolver data
Computing 6 bands with 1e-10 tolerance
Working in 2 dimensions.
Grid size is 336 x 112 x 1.
Solving for 6 bands at a time.
Creating Maxwell data...
Mesh size is 3.
Lattice vectors:
     (3, 0, 0)
     (0, 1, 0)
     (0, 0, 1)
Cell volume = 3
Reciprocal lattice vectors (/ 2 pi):
     (0.333333, -0, 0)
     (-0, 1, -0)
     (0, -0, 1)
Geometric objects:
     block, center = (0,0,0)
          size (1e+20,1e+20,1)
          axes (1,0,0), (0,1,0), (0,0,1)
     prism, center = (-0.00224784,-1.38778e-17,0.5)
          height 1, axis (0,0,1), sidewall angle: 0 radians, 4 vertices:
          (0.247752,0.25,0)
          (-0.252248,0.25,0)
          (-0.252248,-0.25,0)
          (0.247752,-0.25,0)
     prism, center = (0.995677,-1.38778e-17,0.5)
          height 1, axis (0,0,1), sidewall angle: 0 radians, 4 vertices:
          (1.24568,0.25,0)
          (0.745677,0.25,0)
          (0.745677,-0.25,0)
          (1.24568,-0.25,0)
     prism, center = (2.02666,-1.38778e-17,0.5)
          height 1, axis (0,0,1), sidewall angle: 0 radians, 4 vertices:
          (2.27666,0.25,0)
          (1.77666,0.25,0)
          (1.77666,-0.25,0)
          (2.27666,-0.25,0)
Geometric object tree has depth 2 and 21 object nodes (vs. 4 actual objects)
Initializing epsilon function...
Allocating fields...
Solving for band polarization: te.
Initializing fields to random numbers...
1 k-points
  Vector3<-0.09, 0.14, 0.0>
elapsed time for initialization: 0.08670949935913086
solve_kpoint (-0.09,0.14,0):
tefreqs:, k index, k1, k2, k3, kmag/2pi, te band 1, te band 2, te band 3, te band 4, te band 5, te band 6
Solving for bands 1 to 6...
    near maximum in trace
    iteration    1: trace = 2.095712517990955 (199.788% change)
    iteration    2: trace = 0.6143301785706003 (109.325% change)
    iteration    3: trace = 0.4385509710264675 (33.3901% change)
    iteration    4: trace = 0.4177547186935906 (4.8572% change)
    iteration    5: trace = 0.4057163814195482 (2.9238% change)
    iteration    6: trace = 0.4013348630139173 (1.08581% change)
    iteration    7: trace = 0.3978530451584916 (0.871339% change)
    iteration    8: trace = 0.3964643001654875 (0.34967% change)
    iteration    9: trace = 0.3956417867620987 (0.207678% change)
    iteration   10: trace = 0.3954679360102631 (0.0439511% change)
    iteration   11: trace = 0.3953978847654112 (0.0177151% change)
    iteration   12: trace = 0.3953809086634648 (0.00429351% change)
    iteration   13: trace = 0.395369431102084 (0.00290295% change)
    iteration   14: trace = 0.3953644587722242 (0.00125765% change)
    iteration   15: trace = 0.3953618843436028 (0.000651155% change)
    iteration   16: trace = 0.3953613026313981 (0.000147134% change)
    iteration   17: trace = 0.395361109061984 (4.89601e-05% change)
    iteration   18: trace = 0.3953610559316356 (1.34384e-05% change)
    iteration   19: trace = 0.395361034777808 (5.35051e-06% change)
    iteration   20: trace = 0.3953610257709309 (2.27814e-06% change)
    iteration   21: trace = 0.3953610223590461 (8.6298e-07% change)
    iteration   22: trace = 0.3953610213931308 (2.44312e-07% change)
    iteration   23: trace = 0.3953610212072597 (4.7013e-08% change)
    iteration   24: trace = 0.395361021152461 (1.38604e-08% change)
    iteration   25: trace = 0.3953610211355714 (4.27196e-09% change)
Finished solving for bands 1 to 6 after 25 iterations.
tefreqs:, 1, -0.09, 0.14, 0, 0.143178, 0.0644977, 0.148918, 0.171703, 0.300391, 0.322899, 0.380847
elapsed time for k point: 4.11491322517395
total elapsed time for run: 4.201701879501343
done
Initializing eigensolver data
Computing 6 bands with 1e-10 tolerance
Working in 2 dimensions.
Grid size is 336 x 112 x 1.
Solving for 6 bands at a time.
Creating Maxwell data...
Mesh size is 3.
Lattice vectors:
     (3, 0, 0)
     (0, 1, 0)
     (0, 0, 1)
Cell volume = 3
Reciprocal lattice vectors (/ 2 pi):
     (0.333333, -0, 0)
     (-0, 1, -0)
     (0, -0, 1)
Geometric objects:
     block, center = (0,0,0)
          size (1e+20,1e+20,1)
          axes (1,0,0), (0,1,0), (0,0,1)
     prism, center = (0.0133929,-1.38778e-17,0.5)
          height 1, axis (0,0,1), sidewall angle: 0 radians, 4 vertices:
          (0.263393,0.25,0)
          (-0.236607,0.25,0)
          (-0.236607,-0.25,0)
          (0.263393,-0.25,0)
     prism, center = (1.01339,-1.38778e-17,0.5)
          height 1, axis (0,0,1), sidewall angle: 0 radians, 4 vertices:
          (1.26339,0.25,0)
          (0.763393,0.25,0)
          (0.763393,-0.25,0)
          (1.26339,-0.25,0)
     prism, center = (2.01339,-1.38778e-17,0.5)
          height 1, axis (0,0,1), sidewall angle: 0 radians, 4 vertices:
          (2.26339,0.25,0)
          (1.76339,0.25,0)
          (1.76339,-0.25,0)
          (2.26339,-0.25,0)
Geometric object tree has depth 2 and 21 object nodes (vs. 4 actual objects)
Initializing epsilon function...
Allocating fields...
Solving for band polarization: te.
Initializing fields to random numbers...
1 k-points
  Vector3<-0.09, 0.14, 0.0>
elapsed time for initialization: 0.08700847625732422
solve_kpoint (-0.09,0.14,0):
tefreqs:, k index, k1, k2, k3, kmag/2pi, te band 1, te band 2, te band 3, te band 4, te band 5, te band 6
Solving for bands 1 to 6...
    near maximum in trace
    iteration    1: trace = 2.530768737183531 (199.745% change)
    iteration    2: trace = 0.6073904763697469 (122.58% change)
    iteration    3: trace = 0.4449246064198258 (30.8778% change)
    iteration    4: trace = 0.419911118183068 (5.78456% change)
    iteration    5: trace = 0.4072320874447231 (3.06574% change)
    iteration    6: trace = 0.402626490828482 (1.13738% change)
    iteration    7: trace = 0.3986079470333351 (1.00309% change)
    iteration    8: trace = 0.3969206477903642 (0.424196% change)
    iteration    9: trace = 0.3960269019479647 (0.225424% change)
    iteration   10: trace = 0.3958575008762544 (0.0427843% change)
    iteration   11: trace = 0.3958075354975039 (0.0126229% change)
    iteration   12: trace = 0.3957941635768538 (0.00337845% change)
    iteration   13: trace = 0.3957876297012528 (0.00165084% change)
    iteration   14: trace = 0.3957845422610285 (0.000780078% change)
    iteration   15: trace = 0.3957835243976605 (0.000257176% change)
    iteration   16: trace = 0.3957832281398703 (7.48535e-05% change)
    iteration   17: trace = 0.3957831601689099 (1.71738e-05% change)
    iteration   18: trace = 0.3957831306868308 (7.44905e-06% change)
    iteration   19: trace = 0.3957831180584008 (3.19074e-06% change)
    iteration   20: trace = 0.3957831101001393 (2.01076e-06% change)
    iteration   21: trace = 0.3957831074523196 (6.69008e-07% change)
    iteration   22: trace = 0.3957831065619164 (2.24973e-07% change)
    iteration   23: trace = 0.3957831064046192 (3.97433e-08% change)
    iteration   24: trace = 0.3957831063564649 (1.21668e-08% change)
    iteration   25: trace = 0.3957831063409429 (3.92184e-09% change)
Finished solving for bands 1 to 6 after 25 iterations.
tefreqs:, 1, -0.09, 0.14, 0, 0.143178, 0.0645422, 0.148966, 0.171639, 0.301029, 0.322649, 0.381111
elapsed time for k point: 3.0109031200408936
total elapsed time for run: 3.098006010055542
done
Initializing eigensolver data
Computing 6 bands with 1e-10 tolerance
Working in 2 dimensions.
Grid size is 336 x 112 x 1.
Solving for 6 bands at a time.
Creating Maxwell data...
Mesh size is 3.
Lattice vectors:
     (3, 0, 0)
     (0, 1, 0)
     (0, 0, 1)
Cell volume = 3
Reciprocal lattice vectors (/ 2 pi):
     (0.333333, -0, 0)
     (-0, 1, -0)
     (0, -0, 1)
Geometric objects:
     block, center = (0,0,0)
          size (1e+20,1e+20,1)
          axes (1,0,0), (0,1,0), (0,0,1)
     prism, center = (0.0145109,-1.38778e-17,0.5)
          height 1, axis (0,0,1), sidewall angle: 0 radians, 4 vertices:
          (0.264511,0.25,0)
          (-0.235489,0.25,0)
          (-0.235489,-0.25,0)
          (0.264511,-0.25,0)
     prism, center = (1.01477,-1.38778e-17,0.5)
          height 1, axis (0,0,1), sidewall angle: 0 radians, 4 vertices:
          (1.26477,0.25,0)
          (0.76477,0.25,0)
          (0.76477,-0.25,0)
          (1.26477,-0.25,0)
     prism, center = (2.0109,-1.38778e-17,0.5)
          height 1, axis (0,0,1), sidewall angle: 0 radians, 4 vertices:
          (2.2609,0.25,0)
          (1.7609,0.25,0)
          (1.7609,-0.25,0)
          (2.2609,-0.25,0)
Geometric object tree has depth 2 and 21 object nodes (vs. 4 actual objects)
Initializing epsilon function...
Allocating fields...
Solving for band polarization: te.
Initializing fields to random numbers...
1 k-points
  Vector3<-0.09, 0.14, 0.0>
elapsed time for initialization: 0.04703116416931152
solve_kpoint (-0.09,0.14,0):
tefreqs:, k index, k1, k2, k3, kmag/2pi, te band 1, te band 2, te band 3, te band 4, te band 5, te band 6
Solving for bands 1 to 6...
    near maximum in trace
    iteration    1: trace = 2.141108159455706 (199.782% change)
    iteration    2: trace = 0.5553796142363585 (117.614% change)
    iteration    3: trace = 0.4593496726265609 (18.9272% change)
    iteration    4: trace = 0.4212873218211881 (8.64428% change)
    iteration    5: trace = 0.4101766982209384 (2.67254% change)
    iteration    6: trace = 0.4035581598876874 (1.62671% change)
    iteration    7: trace = 0.4002684448020118 (0.818514% change)
    iteration    8: trace = 0.3971439864571044 (0.783649% change)
    iteration    9: trace = 0.3960835613085138 (0.26737% change)
    iteration   10: trace = 0.3956675203946202 (0.105094% change)
    iteration   11: trace = 0.3955831781816687 (0.0213187% change)
    iteration   12: trace = 0.3955483539910302 (0.00880364% change)
    iteration   13: trace = 0.3955342937486884 (0.00355468% change)
    iteration   14: trace = 0.3955264868621081 (0.00197378% change)
    iteration   15: trace = 0.3955242198763245 (0.000573158% change)
    iteration   16: trace = 0.3955234864312004 (0.000185436% change)
    iteration   17: trace = 0.3955233224052748 (4.14706e-05% change)
    iteration   18: trace = 0.3955232681005114 (1.37299e-05% change)
    iteration   19: trace = 0.3955232482587873 (5.01658e-06% change)
    iteration   20: trace = 0.3955232382714571 (2.52509e-06% change)
    iteration   21: trace = 0.3955232346082063 (9.26178e-07% change)
    iteration   22: trace = 0.3955232336379575 (2.45308e-07% change)
    iteration   23: trace = 0.3955232333830278 (6.44538e-08% change)
    iteration   24: trace = 0.3955232333284047 (1.38103e-08% change)
    iteration   25: trace = 0.3955232333111038 (4.37418e-09% change)
Finished solving for bands 1 to 6 after 25 iterations.
tefreqs:, 1, -0.09, 0.14, 0, 0.143178, 0.0645073, 0.148942, 0.171618, 0.300954, 0.32259, 0.380904
elapsed time for k point: 2.9207136631011963
total elapsed time for run: 2.967830181121826
done
Initializing eigensolver data
Computing 6 bands with 1e-10 tolerance
Working in 2 dimensions.
Grid size is 336 x 112 x 1.
Solving for 6 bands at a time.
Creating Maxwell data...
Mesh size is 3.
Lattice vectors:
     (3, 0, 0)
     (0, 1, 0)
     (0, 0, 1)
Cell volume = 3
Reciprocal lattice vectors (/ 2 pi):
     (0.333333, -0, 0)
     (-0, 1, -0)
     (0, -0, 1)
Geometric objects:
     block, center = (0,0,0)
          size (1e+20,1e+20,1)
          axes (1,0,0), (0,1,0), (0,0,1)
     prism, center = (0.0122748,-1.38778e-17,0.5)
          height 1, axis (0,0,1), sidewall angle: 0 radians, 4 vertices:
          (0.262275,0.25,0)
          (-0.237725,0.25,0)
          (-0.237725,-0.25,0)
          (0.262275,-0.25,0)
     prism, center = (1.01202,-1.38778e-17,0.5)
          height 1, axis (0,0,1), sidewall angle: 0 radians, 4 vertices:
          (1.26202,0.25,0)
          (0.762015,0.25,0)
          (0.762015,-0.25,0)
          (1.26202,-0.25,0)
     prism, center = (2.01589,-1.38778e-17,0.5)
          height 1, axis (0,0,1), sidewall angle: 0 radians, 4 vertices:
          (2.26589,0.25,0)
          (1.76589,0.25,0)
          (1.76589,-0.25,0)
          (2.26589,-0.25,0)
Geometric object tree has depth 2 and 21 object nodes (vs. 4 actual objects)
Initializing epsilon function...
Allocating fields...
Solving for band polarization: te.
Initializing fields to random numbers...
1 k-points
  Vector3<-0.09, 0.14, 0.0>
elapsed time for initialization: 0.04703855514526367
solve_kpoint (-0.09,0.14,0):
tefreqs:, k index, k1, k2, k3, kmag/2pi, te band 1, te band 2, te band 3, te band 4, te band 5, te band 6
Solving for bands 1 to 6...
    near maximum in trace
    iteration    1: trace = 2.321312050879795 (199.766% change)
    iteration    2: trace = 0.6644021159783435 (110.989% change)
    iteration    3: trace = 0.4763850986023079 (32.9627% change)
    iteration    4: trace = 0.4419352129402159 (7.5028% change)
    iteration    5: trace = 0.4170282389526811 (5.79931% change)
    iteration    6: trace = 0.4105529177991791 (1.56488% change)
    iteration    7: trace = 0.4056936592130389 (1.19063% change)
    iteration    8: trace = 0.4010028623046744 (1.16296% change)
    iteration    9: trace = 0.397130687188481 (0.970308% change)
    iteration   10: trace = 0.3959749716245372 (0.291441% change)
    iteration   11: trace = 0.3956217894792327 (0.0892328% change)
    iteration   12: trace = 0.3955651803282286 (0.0143099% change)
    iteration   13: trace = 0.3955402262907323 (0.00630865% change)
    iteration   14: trace = 0.3955308154290311 (0.00237927% change)
    iteration   15: trace = 0.3955253489707385 (0.00138207% change)
    iteration   16: trace = 0.3955240575240577 (0.000326515% change)
    iteration   17: trace = 0.3955236694959133 (9.81049e-05% change)
    iteration   18: trace = 0.3955235758630342 (2.36731e-05% change)
    iteration   19: trace = 0.3955235267114882 (1.2427e-05% change)
    iteration   20: trace = 0.3955235047664329 (5.54836e-06% change)
    iteration   21: trace = 0.3955234952869282 (2.3967e-06% change)
    iteration   22: trace = 0.3955234930344061 (5.69504e-07% change)
    iteration   23: trace = 0.3955234924972494 (1.35809e-07% change)
    iteration   24: trace = 0.3955234923685695 (3.25341e-08% change)
    iteration   25: trace = 0.3955234923355221 (8.35536e-09% change)
Finished solving for bands 1 to 6 after 25 iterations.
tefreqs:, 1, -0.09, 0.14, 0, 0.143178, 0.0645073, 0.148942, 0.171618, 0.300954, 0.32259, 0.380904
elapsed time for k point: 3.672506332397461
total elapsed time for run: 3.7196383476257324
done
Initializing eigensolver data
Computing 6 bands with 1e-10 tolerance
Working in 2 dimensions.
Grid size is 336 x 112 x 1.
Solving for 6 bands at a time.
Creating Maxwell data...
Mesh size is 3.
Lattice vectors:
     (3, 0, 0)
     (0, 1, 0)
     (0, 0, 1)
Cell volume = 3
Reciprocal lattice vectors (/ 2 pi):
     (0.333333, -0, 0)
     (-0, 1, -0)
     (0, -0, 1)
Geometric objects:
     block, center = (0,0,0)
          size (1e+20,1e+20,1)
          axes (1,0,0), (0,1,0), (0,0,1)
     prism, center = (0.0156289,-1.38778e-17,0.5)
          height 1, axis (0,0,1), sidewall angle: 0 radians, 4 vertices:
          (0.265629,0.25,0)
          (-0.234371,0.25,0)
          (-0.234371,-0.25,0)
          (0.265629,-0.25,0)
     prism, center = (1.01615,-1.38778e-17,0.5)
          height 1, axis (0,0,1), sidewall angle: 0 radians, 4 vertices:
          (1.26615,0.25,0)
          (0.766148,0.25,0)
          (0.766148,-0.25,0)
          (1.26615,-0.25,0)
     prism, center = (2.0084,-1.38778e-17,0.5)
          height 1, axis (0,0,1), sidewall angle: 0 radians, 4 vertices:
          (2.2584,0.25,0)
          (1.7584,0.25,0)
          (1.7584,-0.25,0)
          (2.2584,-0.25,0)
Geometric object tree has depth 2 and 21 object nodes (vs. 4 actual objects)
Initializing epsilon function...
Allocating fields...
Solving for band polarization: te.
Initializing fields to random numbers...
1 k-points
  Vector3<-0.09, 0.14, 0.0>
elapsed time for initialization: 0.07333755493164062
solve_kpoint (-0.09,0.14,0):
tefreqs:, k index, k1, k2, k3, kmag/2pi, te band 1, te band 2, te band 3, te band 4, te band 5, te band 6
Solving for bands 1 to 6...
    near maximum in trace
    iteration    1: trace = 2.38139861063517 (199.759% change)
    iteration    2: trace = 0.6510351376059613 (114.124% change)
    iteration    3: trace = 0.4561676058553195 (35.2% change)
    iteration    4: trace = 0.4247141947368566 (7.14135% change)
    iteration    5: trace = 0.4092023780306139 (3.72023% change)
    iteration    6: trace = 0.4034755290433515 (1.40938% change)
    iteration    7: trace = 0.3988068941938927 (1.16384% change)
    iteration    8: trace = 0.3967066379955759 (0.528025% change)
    iteration    9: trace = 0.3957863600062694 (0.232249% change)
    iteration   10: trace = 0.3955773715597753 (0.0528173% change)
    iteration   11: trace = 0.3955041748878724 (0.0185055% change)
    iteration   12: trace = 0.3954841184440925 (0.00507124% change)
    iteration   13: trace = 0.3954720977428408 (0.00303954% change)
    iteration   14: trace = 0.3954676425398526 (0.00112656% change)
    iteration   15: trace = 0.3954658003349985 (0.000465831% change)
    iteration   16: trace = 0.3954653806643752 (0.000106121% change)
    iteration   17: trace = 0.3954652138653073 (4.21779e-05% change)
    iteration   18: trace = 0.3954651678820019 (1.16276e-05% change)
    iteration   19: trace = 0.3954651436840264 (6.11886e-06% change)
    iteration   20: trace = 0.3954651333407085 (2.61548e-06% change)
    iteration   21: trace = 0.395465129274879 (1.02811e-06% change)
    iteration   22: trace = 0.3954651284576916 (2.0664e-07% change)
    iteration   23: trace = 0.3954651282820711 (4.44086e-08% change)
    iteration   24: trace = 0.3954651282429098 (9.9026e-09% change)
Finished solving for bands 1 to 6 after 24 iterations.
tefreqs:, 1, -0.09, 0.14, 0, 0.143178, 0.0644997, 0.148936, 0.171618, 0.300918, 0.322591, 0.38086
elapsed time for k point: 3.165851354598999
total elapsed time for run: 3.23928165435791
done
Initializing eigensolver data
Computing 6 bands with 1e-10 tolerance
Working in 2 dimensions.
Grid size is 336 x 112 x 1.
Solving for 6 bands at a time.
Creating Maxwell data...
Mesh size is 3.
Lattice vectors:
     (3, 0, 0)
     (0, 1, 0)
     (0, 0, 1)
Cell volume = 3
Reciprocal lattice vectors (/ 2 pi):
     (0.333333, -0, 0)
     (-0, 1, -0)
     (0, -0, 1)
Geometric objects:
     block, center = (0,0,0)
          size (1e+20,1e+20,1)
          axes (1,0,0), (0,1,0), (0,0,1)
     prism, center = (0.0111568,-1.38778e-17,0.5)
          height 1, axis (0,0,1), sidewall angle: 0 radians, 4 vertices:
          (0.261157,0.25,0)
          (-0.238843,0.25,0)
          (-0.238843,-0.25,0)
          (0.261157,-0.25,0)
     prism, center = (1.01064,-1.38778e-17,0.5)
          height 1, axis (0,0,1), sidewall angle: 0 radians, 4 vertices:
          (1.26064,0.25,0)
          (0.760638,0.25,0)
          (0.760638,-0.25,0)
          (1.26064,-0.25,0)
     prism, center = (2.01838,-1.38778e-17,0.5)
          height 1, axis (0,0,1), sidewall angle: 0 radians, 4 vertices:
          (2.26838,0.25,0)
          (1.76838,0.25,0)
          (1.76838,-0.25,0)
          (2.26838,-0.25,0)
Geometric object tree has depth 2 and 21 object nodes (vs. 4 actual objects)
Initializing epsilon function...
Allocating fields...
Solving for band polarization: te.
Initializing fields to random numbers...
1 k-points
  Vector3<-0.09, 0.14, 0.0>
elapsed time for initialization: 0.03911995887756348
solve_kpoint (-0.09,0.14,0):
tefreqs:, k index, k1, k2, k3, kmag/2pi, te band 1, te band 2, te band 3, te band 4, te band 5, te band 6
Solving for bands 1 to 6...
    near maximum in trace
    iteration    1: trace = 2.119453330059541 (199.785% change)
    iteration    2: trace = 0.5999594122476479 (111.752% change)
    iteration    3: trace = 0.4276219655977429 (33.5423% change)
    iteration    4: trace = 0.4082198209279805 (4.64254% change)
    iteration    5: trace = 0.3997516984536809 (2.09614% change)
    iteration    6: trace = 0.3977460323913807 (0.50299% change)
    iteration    7: trace = 0.396343435404771 (0.353259% change)
    iteration    8: trace = 0.3958136230144641 (0.133764% change)
    iteration    9: trace = 0.395547305552266 (0.0673062% change)
    iteration   10: trace = 0.3954934251196838 (0.0136227% change)
    iteration   11: trace = 0.3954744334238258 (0.00480214% change)
    iteration   12: trace = 0.3954690173180929 (0.00136953% change)
    iteration   13: trace = 0.3954660767497239 (0.000743568% change)
    iteration   14: trace = 0.3954648957729148 (0.00029863% change)
    iteration   15: trace = 0.3954644230668524 (0.000119532% change)
    iteration   16: trace = 0.3954643099947606 (2.85922e-05% change)
    iteration   17: trace = 0.395464275923205 (8.61558e-06% change)
    iteration   18: trace = 0.3954642654748364 (2.64205e-06% change)
    iteration   19: trace = 0.3954642605035518 (1.25708e-06% change)
    iteration   20: trace = 0.3954642584348201 (5.23115e-07% change)
    iteration   21: trace = 0.3954642576555469 (1.97053e-07% change)
    iteration   22: trace = 0.3954642574874343 (4.25102e-08% change)
    iteration   23: trace = 0.3954642574550619 (8.18593e-09% change)
Finished solving for bands 1 to 6 after 23 iterations.
tefreqs:, 1, -0.09, 0.14, 0, 0.143178, 0.0644997, 0.148936, 0.171618, 0.300916, 0.322593, 0.380858
elapsed time for k point: 2.8791704177856445
total elapsed time for run: 2.9183707237243652
done
Initializing eigensolver data
Computing 6 bands with 1e-10 tolerance
Working in 2 dimensions.
Grid size is 336 x 112 x 1.
Solving for 6 bands at a time.
Creating Maxwell data...
Mesh size is 3.
Lattice vectors:
     (3, 0, 0)
     (0, 1, 0)
     (0, 0, 1)
Cell volume = 3
Reciprocal lattice vectors (/ 2 pi):
     (0.333333, -0, 0)
     (-0, 1, -0)
     (0, -0, 1)
Geometric objects:
     block, center = (0,0,0)
          size (1e+20,1e+20,1)
          axes (1,0,0), (0,1,0), (0,0,1)
     prism, center = (0.017865,-1.38778e-17,0.5)
          height 1, axis (0,0,1), sidewall angle: 0 radians, 4 vertices:
          (0.267865,0.25,0)
          (-0.232135,0.25,0)
          (-0.232135,-0.25,0)
          (0.267865,-0.25,0)
     prism, center = (1.0189,-1.38778e-17,0.5)
          height 1, axis (0,0,1), sidewall angle: 0 radians, 4 vertices:
          (1.2689,0.25,0)
          (0.768903,0.25,0)
          (0.768903,-0.25,0)
          (1.2689,-0.25,0)
     prism, center = (2.00341,-1.38778e-17,0.5)
          height 1, axis (0,0,1), sidewall angle: 0 radians, 4 vertices:
          (2.25341,0.25,0)
          (1.75341,0.25,0)
          (1.75341,-0.25,0)
          (2.25341,-0.25,0)
Geometric object tree has depth 2 and 21 object nodes (vs. 4 actual objects)
Initializing epsilon function...
Allocating fields...
Solving for band polarization: te.
Initializing fields to random numbers...
1 k-points
  Vector3<-0.09, 0.14, 0.0>
elapsed time for initialization: 0.08453226089477539
solve_kpoint (-0.09,0.14,0):
tefreqs:, k index, k1, k2, k3, kmag/2pi, te band 1, te band 2, te band 3, te band 4, te band 5, te band 6
Solving for bands 1 to 6...
    near maximum in trace
    iteration    1: trace = 2.00385018537892 (199.798% change)
    iteration    2: trace = 0.5339468894204222 (115.841% change)
    iteration    3: trace = 0.4577982548376393 (15.3565% change)
    iteration    4: trace = 0.424669853846278 (7.50812% change)
    iteration    5: trace = 0.4143248012093046 (2.46606% change)
    iteration    6: trace = 0.4063942623052743 (1.93258% change)
    iteration    7: trace = 0.4014884858348943 (1.21448% change)
    iteration    8: trace = 0.3971922377971283 (1.07584% change)
    iteration    9: trace = 0.3960049836891096 (0.299359% change)
    iteration   10: trace = 0.3955712827368774 (0.109579% change)
    iteration   11: trace = 0.3954916912799073 (0.0201227% change)
    iteration   12: trace = 0.3954523883629149 (0.00993823% change)
    iteration   13: trace = 0.3954359760817587 (0.00415034% change)
    iteration   14: trace = 0.3954272113998044 (0.00221648% change)
    iteration   15: trace = 0.3954251096995162 (0.000531503% change)
    iteration   16: trace = 0.3954243292357886 (0.000197374% change)
    iteration   17: trace = 0.3954241028865724 (5.72421e-05% change)
    iteration   18: trace = 0.3954239791406929 (3.12945e-05% change)
    iteration   19: trace = 0.3954239310206519 (1.21692e-05% change)
    iteration   20: trace = 0.3954239104724721 (5.19649e-06% change)
    iteration   21: trace = 0.395423905870575 (1.16379e-06% change)
    iteration   22: trace = 0.395423904714673 (2.9232e-07% change)
    iteration   23: trace = 0.3954239044624459 (6.37865e-08% change)
    iteration   24: trace = 0.3954239044113362 (1.29253e-08% change)
    iteration   25: trace = 0.3954239043959365 (3.89447e-09% change)
Finished solving for bands 1 to 6 after 25 iterations.
tefreqs:, 1, -0.09, 0.14, 0, 0.143178, 0.0644972, 0.148931, 0.171634, 0.300807, 0.322649, 0.380839
elapsed time for k point: 3.159510850906372
total elapsed time for run: 3.2441296577453613
done
Initializing eigensolver data
Computing 6 bands with 1e-10 tolerance
Working in 2 dimensions.
Grid size is 336 x 112 x 1.
Solving for 6 bands at a time.
Creating Maxwell data...
Mesh size is 3.
Lattice vectors:
     (3, 0, 0)
     (0, 1, 0)
     (0, 0, 1)
Cell volume = 3
Reciprocal lattice vectors (/ 2 pi):
     (0.333333, -0, 0)
     (-0, 1, -0)
     (0, -0, 1)
Geometric objects:
     block, center = (0,0,0)
          size (1e+20,1e+20,1)
          axes (1,0,0), (0,1,0), (0,0,1)
     prism, center = (0.00892072,-1.38778e-17,0.5)
          height 1, axis (0,0,1), sidewall angle: 0 radians, 4 vertices:
          (0.258921,0.25,0)
          (-0.241079,0.25,0)
          (-0.241079,-0.25,0)
          (0.258921,-0.25,0)
     prism, center = (1.00788,-1.38778e-17,0.5)
          height 1, axis (0,0,1), sidewall angle: 0 radians, 4 vertices:
          (1.25788,0.25,0)
          (0.757883,0.25,0)
          (0.757883,-0.25,0)
          (1.25788,-0.25,0)
     prism, center = (2.02337,-1.38778e-17,0.5)
          height 1, axis (0,0,1), sidewall angle: 0 radians, 4 vertices:
          (2.27337,0.25,0)
          (1.77337,0.25,0)
          (1.77337,-0.25,0)
          (2.27337,-0.25,0)
Geometric object tree has depth 2 and 21 object nodes (vs. 4 actual objects)
Initializing epsilon function...
Allocating fields...
Solving for band polarization: te.
Initializing fields to random numbers...
1 k-points
  Vector3<-0.09, 0.14, 0.0>
elapsed time for initialization: 0.04341268539428711
solve_kpoint (-0.09,0.14,0):
tefreqs:, k index, k1, k2, k3, kmag/2pi, te band 1, te band 2, te band 3, te band 4, te band 5, te band 6
Solving for bands 1 to 6...
    near maximum in trace
    iteration    1: trace = 2.328410110738069 (199.763% change)
    iteration    2: trace = 0.6218314954951512 (115.691% change)
    iteration    3: trace = 0.4514878187847745 (31.7415% change)
    iteration    4: trace = 0.4230430397471471 (6.50515% change)
    iteration    5: trace = 0.4081186885981247 (3.5912% change)
    iteration    6: trace = 0.4025639569185206 (1.37038% change)
    iteration    7: trace = 0.3983307677112162 (1.05712% change)
    iteration    8: trace = 0.3965880057707977 (0.438475% change)
    iteration    9: trace = 0.3957419023397044 (0.213574% change)
    iteration   10: trace = 0.3955496931553664 (0.0485811% change)
    iteration   11: trace = 0.3954644329393506 (0.0215572% change)
    iteration   12: trace = 0.3954343971762173 (0.00759535% change)
    iteration   13: trace = 0.3954152219153634 (0.00484928% change)
    iteration   14: trace = 0.3954095875210131 (0.00142494% change)
    iteration   15: trace = 0.3954075328989089 (0.00051962% change)
    iteration   16: trace = 0.3954071131656739 (0.000106152% change)
    iteration   17: trace = 0.3954069509932783 (4.1014e-05% change)
    iteration   18: trace = 0.39540689810382 (1.3376e-05% change)
    iteration   19: trace = 0.3954068685539007 (7.47329e-06% change)
    iteration   20: trace = 0.3954068584369317 (2.55862e-06% change)
    iteration   21: trace = 0.3954068551833003 (8.22857e-07% change)
    iteration   22: trace = 0.3954068545248212 (1.66532e-07% change)
    iteration   23: trace = 0.3954068543558497 (4.27336e-08% change)
    iteration   24: trace = 0.3954068542990068 (1.43758e-08% change)
    iteration   25: trace = 0.3954068542754967 (5.94581e-09% change)
Finished solving for bands 1 to 6 after 25 iterations.
tefreqs:, 1, -0.09, 0.14, 0, 0.143178, 0.0644961, 0.14893, 0.17163, 0.300801, 0.322636, 0.380835
elapsed time for k point: 3.4702186584472656
total elapsed time for run: 3.5137217044830322
done
Initializing eigensolver data
Computing 6 bands with 1e-10 tolerance
Working in 2 dimensions.
Grid size is 336 x 112 x 1.
Solving for 6 bands at a time.
Creating Maxwell data...
Mesh size is 3.
Lattice vectors:
     (3, 0, 0)
     (0, 1, 0)
     (0, 0, 1)
Cell volume = 3
Reciprocal lattice vectors (/ 2 pi):
     (0.333333, -0, 0)
     (-0, 1, -0)
     (0, -0, 1)
Geometric objects:
     block, center = (0,0,0)
          size (1e+20,1e+20,1)
          axes (1,0,0), (0,1,0), (0,0,1)
     prism, center = (0.0223371,-1.38778e-17,0.5)
          height 1, axis (0,0,1), sidewall angle: 0 radians, 4 vertices:
          (0.272337,0.25,0)
          (-0.227663,0.25,0)
          (-0.227663,-0.25,0)
          (0.272337,-0.25,0)
     prism, center = (1.02441,-1.38778e-17,0.5)
          height 1, axis (0,0,1), sidewall angle: 0 radians, 4 vertices:
          (1.27441,0.25,0)
          (0.774413,0.25,0)
          (0.774413,-0.25,0)
          (1.27441,-0.25,0)
     prism, center = (1.99343,-1.38778e-17,0.5)
          height 1, axis (0,0,1), sidewall angle: 0 radians, 4 vertices:
          (2.24343,0.25,0)
          (1.74343,0.25,0)
          (1.74343,-0.25,0)
          (2.24343,-0.25,0)
Geometric object tree has depth 2 and 21 object nodes (vs. 4 actual objects)
Initializing epsilon function...
Allocating fields...
Solving for band polarization: te.
Initializing fields to random numbers...
1 k-points
  Vector3<-0.09, 0.14, 0.0>
elapsed time for initialization: 0.08691906929016113
solve_kpoint (-0.09,0.14,0):
tefreqs:, k index, k1, k2, k3, kmag/2pi, te band 1, te band 2, te band 3, te band 4, te band 5, te band 6
Solving for bands 1 to 6...
    near maximum in trace
    iteration    1: trace = 2.320668646943215 (199.766% change)
    iteration    2: trace = 0.5311451126204717 (125.501% change)
    iteration    3: trace = 0.4449635775523949 (17.6582% change)
    iteration    4: trace = 0.4161509441468746 (6.69194% change)
    iteration    5: trace = 0.4069261238597035 (2.24154% change)
    iteration    6: trace = 0.4017487834719229 (1.28045% change)
    iteration    7: trace = 0.3990656281816031 (0.670107% change)
    iteration    8: trace = 0.3969033013024867 (0.543319% change)
    iteration    9: trace = 0.3960071159215358 (0.22605% change)
    iteration   10: trace = 0.3956186513138995 (0.0981435% change)
    iteration   11: trace = 0.3954996426248609 (0.0300862% change)
    iteration   12: trace = 0.3954490171703697 (0.0128012% change)
    iteration   13: trace = 0.3954247555468551 (0.0061354% change)
    iteration   14: trace = 0.3954160983545251 (0.00218936% change)
    iteration   15: trace = 0.3954133475720131 (0.00069567% change)
    iteration   16: trace = 0.3954127395862949 (0.00015376% change)
    iteration   17: trace = 0.3954125414807892 (5.0101e-05% change)
    iteration   18: trace = 0.3954124875853943 (1.36302e-05% change)
    iteration   19: trace = 0.3954124609660729 (6.73204e-06% change)
    iteration   20: trace = 0.3954124491520334 (2.98778e-06% change)
    iteration   21: trace = 0.3954124423464472 (1.72114e-06% change)
    iteration   22: trace = 0.3954124407254985 (4.09939e-07% change)
    iteration   23: trace = 0.3954124402791728 (1.12876e-07% change)
    iteration   24: trace = 0.3954124401468534 (3.34636e-08% change)
    iteration   25: trace = 0.3954124400901833 (1.43319e-08% change)
    iteration   26: trace = 0.3954124400612125 (7.32672e-09% change)
Finished solving for bands 1 to 6 after 26 iterations.
tefreqs:, 1, -0.09, 0.14, 0, 0.143178, 0.0645037, 0.148921, 0.171708, 0.300414, 0.322891, 0.380898
elapsed time for k point: 3.680931329727173
total elapsed time for run: 3.7679433822631836
done
Initializing eigensolver data
Computing 6 bands with 1e-10 tolerance
Working in 2 dimensions.
Grid size is 336 x 112 x 1.
Solving for 6 bands at a time.
Creating Maxwell data...
Mesh size is 3.
Lattice vectors:
     (3, 0, 0)
     (0, 1, 0)
     (0, 0, 1)
Cell volume = 3
Reciprocal lattice vectors (/ 2 pi):
     (0.333333, -0, 0)
     (-0, 1, -0)
     (0, -0, 1)
Geometric objects:
     block, center = (0,0,0)
          size (1e+20,1e+20,1)
          axes (1,0,0), (0,1,0), (0,0,1)
     prism, center = (0.00444859,-1.38778e-17,0.5)
          height 1, axis (0,0,1), sidewall angle: 0 radians, 4 vertices:
          (0.254449,0.25,0)
          (-0.245551,0.25,0)
          (-0.245551,-0.25,0)
          (0.254449,-0.25,0)
     prism, center = (1.00237,-1.38778e-17,0.5)
          height 1, axis (0,0,1), sidewall angle: 0 radians, 4 vertices:
          (1.25237,0.25,0)
          (0.752373,0.25,0)
          (0.752373,-0.25,0)
          (1.25237,-0.25,0)
     prism, center = (2.03336,-1.38778e-17,0.5)
          height 1, axis (0,0,1), sidewall angle: 0 radians, 4 vertices:
          (2.28336,0.25,0)
          (1.78336,0.25,0)
          (1.78336,-0.25,0)
          (2.28336,-0.25,0)
Geometric object tree has depth 2 and 21 object nodes (vs. 4 actual objects)
Initializing epsilon function...
Allocating fields...
Solving for band polarization: te.
Initializing fields to random numbers...
1 k-points
  Vector3<-0.09, 0.14, 0.0>
elapsed time for initialization: 0.038303375244140625
solve_kpoint (-0.09,0.14,0):
tefreqs:, k index, k1, k2, k3, kmag/2pi, te band 1, te band 2, te band 3, te band 4, te band 5, te band 6
Solving for bands 1 to 6...
    near maximum in trace
    iteration    1: trace = 2.008776099119254 (199.796% change)
    iteration    2: trace = 0.4809798673333355 (122.727% change)
    iteration    3: trace = 0.4244291684928209 (12.4917% change)
    iteration    4: trace = 0.4075803513846368 (4.05015% change)
    iteration    5: trace = 0.4025520604059716 (1.24135% change)
    iteration    6: trace = 0.3995398785509825 (0.751081% change)
    iteration    7: trace = 0.3976789094766328 (0.466865% change)
    iteration    8: trace = 0.3961216533681576 (0.392354% change)
    iteration    9: trace = 0.3956264152808548 (0.1251% change)
    iteration   10: trace = 0.3954665946512082 (0.040405% change)
    iteration   11: trace = 0.3954248611112712 (0.0105535% change)
    iteration   12: trace = 0.39541256399936 (0.0031099% change)
    iteration   13: trace = 0.3954066425668759 (0.00149754% change)
    iteration   14: trace = 0.3954041283819903 (0.00063585% change)
    iteration   15: trace = 0.3954030681528397 (0.000268138% change)
    iteration   16: trace = 0.3954028085047596 (6.56667e-05% change)
    iteration   17: trace = 0.3954027154269124 (2.354e-05% change)
    iteration   18: trace = 0.3954026894273977 (6.57545e-06% change)
    iteration   19: trace = 0.3954026771880007 (3.09543e-06% change)
    iteration   20: trace = 0.3954026723745657 (1.21735e-06% change)
    iteration   21: trace = 0.3954026698079314 (6.49119e-07% change)
    iteration   22: trace = 0.3954026691140478 (1.75488e-07% change)
    iteration   23: trace = 0.3954026688997156 (5.4206e-08% change)
    iteration   24: trace = 0.39540266883094 (1.73938e-08% change)
    iteration   25: trace = 0.3954026687968206 (8.62902e-09% change)
Finished solving for bands 1 to 6 after 25 iterations.
tefreqs:, 1, -0.09, 0.14, 0, 0.143178, 0.0645035, 0.148922, 0.171707, 0.300384, 0.322934, 0.380873
elapsed time for k point: 3.495108127593994
total elapsed time for run: 3.5334832668304443
done
Initializing eigensolver data
Computing 6 bands with 1e-10 tolerance
Working in 2 dimensions.
Grid size is 336 x 112 x 1.
Solving for 6 bands at a time.
Creating Maxwell data...
Mesh size is 3.
Lattice vectors:
     (3, 0, 0)
     (0, 1, 0)
     (0, 0, 1)
Cell volume = 3
Reciprocal lattice vectors (/ 2 pi):
     (0.333333, -0, 0)
     (-0, 1, -0)
     (0, -0, 1)
Geometric objects:
     block, center = (0,0,0)
          size (1e+20,1e+20,1)
          axes (1,0,0), (0,1,0), (0,0,1)
     prism, center = (0.0200893,-1.38778e-17,0.5)
          height 1, axis (0,0,1), sidewall angle: 0 radians, 4 vertices:
          (0.270089,0.25,0)
          (-0.229911,0.25,0)
          (-0.229911,-0.25,0)
          (0.270089,-0.25,0)
     prism, center = (1.02009,-1.38778e-17,0.5)
          height 1, axis (0,0,1), sidewall angle: 0 radians, 4 vertices:
          (1.27009,0.25,0)
          (0.770089,0.25,0)
          (0.770089,-0.25,0)
          (1.27009,-0.25,0)
     prism, center = (2.02009,-1.38778e-17,0.5)
          height 1, axis (0,0,1), sidewall angle: 0 radians, 4 vertices:
          (2.27009,0.25,0)
          (1.77009,0.25,0)
          (1.77009,-0.25,0)
          (2.27009,-0.25,0)
Geometric object tree has depth 2 and 21 object nodes (vs. 4 actual objects)
Initializing epsilon function...
Allocating fields...
Solving for band polarization: te.
Initializing fields to random numbers...
1 k-points
  Vector3<-0.09, 0.14, 0.0>
elapsed time for initialization: 0.0382230281829834
solve_kpoint (-0.09,0.14,0):
tefreqs:, k index, k1, k2, k3, kmag/2pi, te band 1, te band 2, te band 3, te band 4, te band 5, te band 6
Solving for bands 1 to 6...
    near maximum in trace
    iteration    1: trace = 2.289585774367871 (199.768% change)
    iteration    2: trace = 0.6960957321085623 (106.742% change)
    iteration    3: trace = 0.4589072497314101 (41.0715% change)
    iteration    4: trace = 0.4294263882084939 (6.63734% change)
    iteration    5: trace = 0.4127780786230733 (3.95351% change)
    iteration    6: trace = 0.4066634125485354 (1.4924% change)
    iteration    7: trace = 0.4013484859499444 (1.31556% change)
    iteration    8: trace = 0.3982122207309174 (0.784497% change)
    iteration    9: trace = 0.3961554158661926 (0.517847% change)
    iteration   10: trace = 0.3956311498687667 (0.132426% change)
    iteration   11: trace = 0.395440148315594 (0.0482893% change)
    iteration   12: trace = 0.3953943881071673 (0.0115726% change)
    iteration   13: trace = 0.3953717526349017 (0.00572495% change)
    iteration   14: trace = 0.3953621962547512 (0.00241709% change)
    iteration   15: trace = 0.3953572375001631 (0.00125424% change)
    iteration   16: trace = 0.3953561649014374 (0.000271299% change)
    iteration   17: trace = 0.3953558333630495 (8.38582e-05% change)
    iteration   18: trace = 0.3953557535299863 (2.01927e-05% change)
    iteration   19: trace = 0.3953557204299034 (8.37223e-06% change)
    iteration   20: trace = 0.3953557072038869 (3.34535e-06% change)
    iteration   21: trace = 0.3953557010910265 (1.54617e-06% change)
    iteration   22: trace = 0.3953556994727891 (4.09312e-07% change)
    iteration   23: trace = 0.3953556990937562 (9.58714e-08% change)
    iteration   24: trace = 0.395355699009871 (2.12177e-08% change)
    iteration   25: trace = 0.3953556989871341 (5.75099e-09% change)
Finished solving for bands 1 to 6 after 25 iterations.
tefreqs:, 1, -0.09, 0.14, 0, 0.143178, 0.0644857, 0.14893, 0.171603, 0.300927, 0.322541, 0.380762
elapsed time for k point: 3.952622413635254
total elapsed time for run: 3.9909377098083496
done
Initializing eigensolver data
Computing 6 bands with 1e-10 tolerance
Working in 2 dimensions.
Grid size is 336 x 112 x 1.
Solving for 6 bands at a time.
Creating Maxwell data...
Mesh size is 3.
Lattice vectors:
     (3, 0, 0)
     (0, 1, 0)
     (0, 0, 1)
Cell volume = 3
Reciprocal lattice vectors (/ 2 pi):
     (0.333333, -0, 0)
     (-0, 1, -0)
     (0, -0, 1)
Geometric objects:
     block, center = (0,0,0)
          size (1e+20,1e+20,1)
          axes (1,0,0), (0,1,0), (0,0,1)
     prism, center = (0.0212073,-1.38778e-17,0.5)
          height 1, axis (0,0,1), sidewall angle: 0 radians, 4 vertices:
          (0.271207,0.25,0)
          (-0.228793,0.25,0)
          (-0.228793,-0.25,0)
          (0.271207,-0.25,0)
     prism, center = (1.02147,-1.38778e-17,0.5)
          height 1, axis (0,0,1), sidewall angle: 0 radians, 4 vertices:
          (1.27147,0.25,0)
          (0.771467,0.25,0)
          (0.771467,-0.25,0)
          (1.27147,-0.25,0)
     prism, center = (2.01759,-1.38778e-17,0.5)
          height 1, axis (0,0,1), sidewall angle: 0 radians, 4 vertices:
          (2.26759,0.25,0)
          (1.76759,0.25,0)
          (1.76759,-0.25,0)
          (2.26759,-0.25,0)
Geometric object tree has depth 2 and 21 object nodes (vs. 4 actual objects)
Initializing epsilon function...
Allocating fields...
Solving for band polarization: te.
Initializing fields to random numbers...
1 k-points
  Vector3<-0.09, 0.14, 0.0>
elapsed time for initialization: 0.08313155174255371
solve_kpoint (-0.09,0.14,0):
tefreqs:, k index, k1, k2, k3, kmag/2pi, te band 1, te band 2, te band 3, te band 4, te band 5, te band 6
Solving for bands 1 to 6...
    near maximum in trace
    iteration    1: trace = 2.68012534803338 (199.73% change)
    iteration    2: trace = 0.5929387587654085 (127.537% change)
    iteration    3: trace = 0.4691258896509775 (23.3155% change)
    iteration    4: trace = 0.4243410684445904 (10.025% change)
    iteration    5: trace = 0.409640330093426 (3.52544% change)
    iteration    6: trace = 0.4021308412792111 (1.85015% change)
    iteration    7: trace = 0.3989793641995674 (0.786777% change)
    iteration    8: trace = 0.3966686743668218 (0.580832% change)
    iteration    9: trace = 0.3959187796995507 (0.189227% change)
    iteration   10: trace = 0.3956357778334052 (0.0715053% change)
    iteration   11: trace = 0.395568604319967 (0.0169801% change)
    iteration   12: trace = 0.3955383133780282 (0.00765786% change)
    iteration   13: trace = 0.3955235844698422 (0.00372383% change)
    iteration   14: trace = 0.3955157171396466 (0.00198911% change)
    iteration   15: trace = 0.3955139573987845 (0.000444924% change)
    iteration   16: trace = 0.3955135673815855 (9.86103e-05% change)
    iteration   17: trace = 0.3955134630602442 (2.63762e-05% change)
    iteration   18: trace = 0.3955134254665803 (9.50503e-06% change)
    iteration   19: trace = 0.3955134094146032 (4.05852e-06% change)
    iteration   20: trace = 0.3955134019888752 (1.87749e-06% change)
    iteration   21: trace = 0.3955133990442056 (7.44518e-07% change)
    iteration   22: trace = 0.3955133983795189 (1.68057e-07% change)
    iteration   23: trace = 0.3955133982106932 (4.26852e-08% change)
    iteration   24: trace = 0.3955133981783424 (8.17946e-09% change)
Finished solving for bands 1 to 6 after 24 iterations.
tefreqs:, 1, -0.09, 0.14, 0, 0.143178, 0.0645044, 0.148941, 0.171618, 0.30096, 0.32259, 0.380887
elapsed time for k point: 3.2979483604431152
total elapsed time for run: 3.3811731338500977
done
Initializing eigensolver data
Computing 6 bands with 1e-10 tolerance
Working in 2 dimensions.
Grid size is 336 x 112 x 1.
Solving for 6 bands at a time.
Creating Maxwell data...
Mesh size is 3.
Lattice vectors:
     (3, 0, 0)
     (0, 1, 0)
     (0, 0, 1)
Cell volume = 3
Reciprocal lattice vectors (/ 2 pi):
     (0.333333, -0, 0)
     (-0, 1, -0)
     (0, -0, 1)
Geometric objects:
     block, center = (0,0,0)
          size (1e+20,1e+20,1)
          axes (1,0,0), (0,1,0), (0,0,1)
     prism, center = (0.0189713,-1.38778e-17,0.5)
          height 1, axis (0,0,1), sidewall angle: 0 radians, 4 vertices:
          (0.268971,0.25,0)
          (-0.231029,0.25,0)
          (-0.231029,-0.25,0)
          (0.268971,-0.25,0)
     prism, center = (1.01871,-1.38778e-17,0.5)
          height 1, axis (0,0,1), sidewall angle: 0 radians, 4 vertices:
          (1.26871,0.25,0)
          (0.768712,0.25,0)
          (0.768712,-0.25,0)
          (1.26871,-0.25,0)
     prism, center = (2.02258,-1.38778e-17,0.5)
          height 1, axis (0,0,1), sidewall angle: 0 radians, 4 vertices:
          (2.27258,0.25,0)
          (1.77258,0.25,0)
          (1.77258,-0.25,0)
          (2.27258,-0.25,0)
Geometric object tree has depth 2 and 21 object nodes (vs. 4 actual objects)
Initializing epsilon function...
Allocating fields...
Solving for band polarization: te.
Initializing fields to random numbers...
1 k-points
  Vector3<-0.09, 0.14, 0.0>
elapsed time for initialization: 0.08042049407958984
solve_kpoint (-0.09,0.14,0):
tefreqs:, k index, k1, k2, k3, kmag/2pi, te band 1, te band 2, te band 3, te band 4, te band 5, te band 6
Solving for bands 1 to 6...
    near maximum in trace
    iteration    1: trace = 2.194160913998735 (199.777% change)
    iteration    2: trace = 0.6442117717599383 (109.214% change)
    iteration    3: trace = 0.4265441190850502 (40.6568% change)
    iteration    4: trace = 0.4086558097518684 (4.2836% change)
    iteration    5: trace = 0.3995947537601831 (2.24214% change)
    iteration    6: trace = 0.3975115180273636 (0.5227% change)
    iteration    7: trace = 0.396206846518957 (0.328749% change)
    iteration    8: trace = 0.3958012124351235 (0.102432% change)
    iteration    9: trace = 0.3955773784021969 (0.0565681% change)
    iteration   10: trace = 0.3955360403575348 (0.0104506% change)
    iteration   11: trace = 0.3955196991159785 (0.0041315% change)
    iteration   12: trace = 0.3955161397820888 (0.000899917% change)
    iteration   13: trace = 0.3955140132967804 (0.00053765% change)
    iteration   14: trace = 0.3955131230857118 (0.000225077% change)
    iteration   15: trace = 0.3955126841978577 (0.000110967% change)
    iteration   16: trace = 0.3955125882627833 (2.42559e-05% change)
    iteration   17: trace = 0.3955125622681439 (6.57239e-06% change)
    iteration   18: trace = 0.3955125538522065 (2.12786e-06% change)
    iteration   19: trace = 0.3955125501174304 (9.44288e-07% change)
    iteration   20: trace = 0.3955125479243752 (5.54484e-07% change)
    iteration   21: trace = 0.3955125471201187 (2.03345e-07% change)
    iteration   22: trace = 0.3955125468724492 (6.26199e-08% change)
    iteration   23: trace = 0.3955125468333027 (9.89765e-09% change)
Finished solving for bands 1 to 6 after 23 iterations.
tefreqs:, 1, -0.09, 0.14, 0, 0.143178, 0.0645062, 0.148941, 0.171618, 0.300953, 0.322589, 0.380893
elapsed time for k point: 3.843458652496338
total elapsed time for run: 3.9239609241485596
done
Initializing eigensolver data
Computing 6 bands with 1e-10 tolerance
Working in 2 dimensions.
Grid size is 336 x 112 x 1.
Solving for 6 bands at a time.
Creating Maxwell data...
Mesh size is 3.
Lattice vectors:
     (3, 0, 0)
     (0, 1, 0)
     (0, 0, 1)
Cell volume = 3
Reciprocal lattice vectors (/ 2 pi):
     (0.333333, -0, 0)
     (-0, 1, -0)
     (0, -0, 1)
Geometric objects:
     block, center = (0,0,0)
          size (1e+20,1e+20,1)
          axes (1,0,0), (0,1,0), (0,0,1)
     prism, center = (0.0223254,-1.38778e-17,0.5)
          height 1, axis (0,0,1), sidewall angle: 0 radians, 4 vertices:
          (0.272325,0.25,0)
          (-0.227675,0.25,0)
          (-0.227675,-0.25,0)
          (0.272325,-0.25,0)
     prism, center = (1.02284,-1.38778e-17,0.5)
          height 1, axis (0,0,1), sidewall angle: 0 radians, 4 vertices:
          (1.27284,0.25,0)
          (0.772844,0.25,0)
          (0.772844,-0.25,0)
          (1.27284,-0.25,0)
     prism, center = (2.0151,-1.38778e-17,0.5)
          height 1, axis (0,0,1), sidewall angle: 0 radians, 4 vertices:
          (2.2651,0.25,0)
          (1.7651,0.25,0)
          (1.7651,-0.25,0)
          (2.2651,-0.25,0)
Geometric object tree has depth 2 and 21 object nodes (vs. 4 actual objects)
Initializing epsilon function...
Allocating fields...
Solving for band polarization: te.
Initializing fields to random numbers...
1 k-points
  Vector3<-0.09, 0.14, 0.0>
elapsed time for initialization: 0.04580378532409668
solve_kpoint (-0.09,0.14,0):
tefreqs:, k index, k1, k2, k3, kmag/2pi, te band 1, te band 2, te band 3, te band 4, te band 5, te band 6
Solving for bands 1 to 6...
    near maximum in trace
    iteration    1: trace = 2.43540258187393 (199.754% change)
    iteration    2: trace = 0.631927103811133 (117.593% change)
    iteration    3: trace = 0.4487390572261419 (33.9028% change)
    iteration    4: trace = 0.4199267544668622 (6.63369% change)
    iteration    5: trace = 0.4071679517285524 (3.08521% change)
    iteration    6: trace = 0.4028804857495578 (1.05857% change)
    iteration    7: trace = 0.3987986754103059 (1.01832% change)
    iteration    8: trace = 0.3970160472342887 (0.448001% change)
    iteration    9: trace = 0.3959614285651992 (0.26599% change)
    iteration   10: trace = 0.3957305603377737 (0.0583227% change)
    iteration   11: trace = 0.3956513687744299 (0.0200135% change)
    iteration   12: trace = 0.3956302778228176 (0.00533083% change)
    iteration   13: trace = 0.3956172065944358 (0.00330395% change)
    iteration   14: trace = 0.395611409115765 (0.00146544% change)
    iteration   15: trace = 0.3956089080554073 (0.000632203% change)
    iteration   16: trace = 0.3956081904029251 (0.000181405% change)
    iteration   17: trace = 0.3956080127705562 (4.49011e-05% change)
    iteration   18: trace = 0.3956079581849663 (1.37979e-05% change)
    iteration   19: trace = 0.3956079414621634 (4.22711e-06% change)
    iteration   20: trace = 0.3956079323769326 (2.29652e-06% change)
    iteration   21: trace = 0.3956079291076574 (8.26393e-07% change)
    iteration   22: trace = 0.3956079279722687 (2.86998e-07% change)
    iteration   23: trace = 0.3956079277816823 (4.81756e-08% change)
    iteration   24: trace = 0.3956079277335496 (1.21668e-08% change)
    iteration   25: trace = 0.395607927720635 (3.26448e-09% change)
Finished solving for bands 1 to 6 after 25 iterations.
tefreqs:, 1, -0.09, 0.14, 0, 0.143178, 0.0645191, 0.14895, 0.171631, 0.300956, 0.322627, 0.380972
elapsed time for k point: 5.1723432540893555
total elapsed time for run: 5.218252182006836
done
Initializing eigensolver data
Computing 6 bands with 1e-10 tolerance
Working in 2 dimensions.
Grid size is 336 x 112 x 1.
Solving for 6 bands at a time.
Creating Maxwell data...
Mesh size is 3.
Lattice vectors:
     (3, 0, 0)
     (0, 1, 0)
     (0, 0, 1)
Cell volume = 3
Reciprocal lattice vectors (/ 2 pi):
     (0.333333, -0, 0)
     (-0, 1, -0)
     (0, -0, 1)
Geometric objects:
     block, center = (0,0,0)
          size (1e+20,1e+20,1)
          axes (1,0,0), (0,1,0), (0,0,1)
     prism, center = (0.0178532,-1.38778e-17,0.5)
          height 1, axis (0,0,1), sidewall angle: 0 radians, 4 vertices:
          (0.267853,0.25,0)
          (-0.232147,0.25,0)
          (-0.232147,-0.25,0)
          (0.267853,-0.25,0)
     prism, center = (1.01733,-1.38778e-17,0.5)
          height 1, axis (0,0,1), sidewall angle: 0 radians, 4 vertices:
          (1.26733,0.25,0)
          (0.767334,0.25,0)
          (0.767334,-0.25,0)
          (1.26733,-0.25,0)
     prism, center = (2.02508,-1.38778e-17,0.5)
          height 1, axis (0,0,1), sidewall angle: 0 radians, 4 vertices:
          (2.27508,0.25,0)
          (1.77508,0.25,0)
          (1.77508,-0.25,0)
          (2.27508,-0.25,0)
Geometric object tree has depth 2 and 21 object nodes (vs. 4 actual objects)
Initializing epsilon function...
Allocating fields...
Solving for band polarization: te.
Initializing fields to random numbers...
1 k-points
  Vector3<-0.09, 0.14, 0.0>
elapsed time for initialization: 0.08351302146911621
solve_kpoint (-0.09,0.14,0):
tefreqs:, k index, k1, k2, k3, kmag/2pi, te band 1, te band 2, te band 3, te band 4, te band 5, te band 6
Solving for bands 1 to 6...
    near maximum in trace
    iteration    1: trace = 2.339708441291378 (199.762% change)
    iteration    2: trace = 0.5376444095302806 (125.258% change)
    iteration    3: trace = 0.4385119841965744 (20.3108% change)
    iteration    4: trace = 0.4098572738064662 (6.75524% change)
    iteration    5: trace = 0.401892141339875 (1.96246% change)
    iteration    6: trace = 0.3983576434916669 (0.883349% change)
    iteration    7: trace = 0.3969258770394736 (0.360064% change)
    iteration    8: trace = 0.3959334866273994 (0.250332% change)
    iteration    9: trace = 0.3955661488659767 (0.0928207% change)
    iteration   10: trace = 0.3954342074895602 (0.0333606% change)
    iteration   11: trace = 0.3954047030189362 (0.00746156% change)
    iteration   12: trace = 0.3953939192854871 (0.0027273% change)
    iteration   13: trace = 0.3953894741830574 (0.00112423% change)
    iteration   14: trace = 0.3953869681698783 (0.000633811% change)
    iteration   15: trace = 0.3953862149222472 (0.000190509% change)
    iteration   16: trace = 0.3953859803402311 (5.93299e-05% change)
    iteration   17: trace = 0.3953859243375902 (1.4164e-05% change)
    iteration   18: trace = 0.3953859071158692 (4.35567e-06% change)
    iteration   19: trace = 0.3953859009426166 (1.56132e-06% change)
    iteration   20: trace = 0.3953858981121608 (7.15872e-07% change)
    iteration   21: trace = 0.3953858970382851 (2.71602e-07% change)
    iteration   22: trace = 0.3953858967617011 (6.99529e-08% change)
    iteration   23: trace = 0.3953858966920565 (1.76143e-08% change)
    iteration   24: trace = 0.3953858966798722 (3.08161e-09% change)
Finished solving for bands 1 to 6 after 24 iterations.
tefreqs:, 1, -0.09, 0.14, 0, 0.143178, 0.0644891, 0.14893, 0.171613, 0.300901, 0.322573, 0.380791
elapsed time for k point: 4.66003155708313
total elapsed time for run: 4.743632555007935
done
Initializing eigensolver data
Computing 6 bands with 1e-10 tolerance
Working in 2 dimensions.
Grid size is 336 x 112 x 1.
Solving for 6 bands at a time.
Creating Maxwell data...
Mesh size is 3.
Lattice vectors:
     (3, 0, 0)
     (0, 1, 0)
     (0, 0, 1)
Cell volume = 3
Reciprocal lattice vectors (/ 2 pi):
     (0.333333, -0, 0)
     (-0, 1, -0)
     (0, -0, 1)
Geometric objects:
     block, center = (0,0,0)
          size (1e+20,1e+20,1)
          axes (1,0,0), (0,1,0), (0,0,1)
     prism, center = (0.0245614,-1.38778e-17,0.5)
          height 1, axis (0,0,1), sidewall angle: 0 radians, 4 vertices:
          (0.274561,0.25,0)
          (-0.225439,0.25,0)
          (-0.225439,-0.25,0)
          (0.274561,-0.25,0)
     prism, center = (1.0256,-1.38778e-17,0.5)
          height 1, axis (0,0,1), sidewall angle: 0 radians, 4 vertices:
          (1.2756,0.25,0)
          (0.775599,0.25,0)
          (0.775599,-0.25,0)
          (1.2756,-0.25,0)
     prism, center = (2.01011,-1.38778e-17,0.5)
          height 1, axis (0,0,1), sidewall angle: 0 radians, 4 vertices:
          (2.26011,0.25,0)
          (1.76011,0.25,0)
          (1.76011,-0.25,0)
          (2.26011,-0.25,0)
Geometric object tree has depth 2 and 21 object nodes (vs. 4 actual objects)
Initializing epsilon function...
Allocating fields...
Solving for band polarization: te.
Initializing fields to random numbers...
1 k-points
  Vector3<-0.09, 0.14, 0.0>
elapsed time for initialization: 0.07984232902526855
solve_kpoint (-0.09,0.14,0):
tefreqs:, k index, k1, k2, k3, kmag/2pi, te band 1, te band 2, te band 3, te band 4, te band 5, te band 6
Solving for bands 1 to 6...
    near maximum in trace
    iteration    1: trace = 2.184981234787061 (199.777% change)
    iteration    2: trace = 0.497395442203066 (125.828% change)
    iteration    3: trace = 0.4296994656126888 (14.6039% change)
    iteration    4: trace = 0.4078829247600789 (5.20941% change)
    iteration    5: trace = 0.4014190741147695 (1.59739% change)
    iteration    6: trace = 0.3982519458632521 (0.792108% change)
    iteration    7: trace = 0.3969636164118422 (0.32402% change)
    iteration    8: trace = 0.3958975152633455 (0.268925% change)
    iteration    9: trace = 0.3955359690567854 (0.0913649% change)
    iteration   10: trace = 0.395407440697123 (0.0325% change)
    iteration   11: trace = 0.3953804801494709 (0.00681865% change)
    iteration   12: trace = 0.3953698407835127 (0.00269095% change)
    iteration   13: trace = 0.3953662328708275 (0.000912545% change)
    iteration   14: trace = 0.3953644085236434 (0.000461433% change)
    iteration   15: trace = 0.3953638496114282 (0.000141366% change)
    iteration   16: trace = 0.3953636581452765 (4.84278e-05% change)
    iteration   17: trace = 0.395363611336186 (1.18395e-05% change)
    iteration   18: trace = 0.3953635978101258 (3.42117e-06% change)
    iteration   19: trace = 0.3953635935001051 (1.09014e-06% change)
    iteration   20: trace = 0.3953635912199942 (5.76712e-07% change)
    iteration   21: trace = 0.3953635903047238 (2.31501e-07% change)
    iteration   22: trace = 0.3953635900654237 (6.05266e-08% change)
    iteration   23: trace = 0.3953635900075499 (1.46381e-08% change)
    iteration   24: trace = 0.3953635899943622 (3.33561e-09% change)
Finished solving for bands 1 to 6 after 24 iterations.
tefreqs:, 1, -0.09, 0.14, 0, 0.143178, 0.0644891, 0.148925, 0.17163, 0.300787, 0.322633, 0.380794
elapsed time for k point: 3.030427932739258
total elapsed time for run: 3.1103503704071045
done
Initializing eigensolver data
Computing 6 bands with 1e-10 tolerance
Working in 2 dimensions.
Grid size is 336 x 112 x 1.
Solving for 6 bands at a time.
Creating Maxwell data...
Mesh size is 3.
Lattice vectors:
     (3, 0, 0)
     (0, 1, 0)
     (0, 0, 1)
Cell volume = 3
Reciprocal lattice vectors (/ 2 pi):
     (0.333333, -0, 0)
     (-0, 1, -0)
     (0, -0, 1)
Geometric objects:
     block, center = (0,0,0)
          size (1e+20,1e+20,1)
          axes (1,0,0), (0,1,0), (0,0,1)
     prism, center = (0.0156171,-1.38778e-17,0.5)
          height 1, axis (0,0,1), sidewall angle: 0 radians, 4 vertices:
          (0.265617,0.25,0)
          (-0.234383,0.25,0)
          (-0.234383,-0.25,0)
          (0.265617,-0.25,0)
     prism, center = (1.01458,-1.38778e-17,0.5)
          height 1, axis (0,0,1), sidewall angle: 0 radians, 4 vertices:
          (1.26458,0.25,0)
          (0.764579,0.25,0)
          (0.764579,-0.25,0)
          (1.26458,-0.25,0)
     prism, center = (2.03007,-1.38778e-17,0.5)
          height 1, axis (0,0,1), sidewall angle: 0 radians, 4 vertices:
          (2.28007,0.25,0)
          (1.78007,0.25,0)
          (1.78007,-0.25,0)
          (2.28007,-0.25,0)
Geometric object tree has depth 2 and 21 object nodes (vs. 4 actual objects)
Initializing epsilon function...
Allocating fields...
Solving for band polarization: te.
Initializing fields to random numbers...
1 k-points
  Vector3<-0.09, 0.14, 0.0>
elapsed time for initialization: 0.040270328521728516
solve_kpoint (-0.09,0.14,0):
tefreqs:, k index, k1, k2, k3, kmag/2pi, te band 1, te band 2, te band 3, te band 4, te band 5, te band 6
Solving for bands 1 to 6...
    near maximum in trace
    iteration    1: trace = 2.343301076318492 (199.762% change)
    iteration    2: trace = 0.5316199636095057 (126.033% change)
    iteration    3: trace = 0.4461558351978221 (17.4813% change)
    iteration    4: trace = 0.4196700292499093 (6.11804% change)
    iteration    5: trace = 0.4119585027606953 (1.85456% change)
    iteration    6: trace = 0.4061055008462902 (1.43094% change)
    iteration    7: trace = 0.4015730420123444 (1.12234% change)
    iteration    8: trace = 0.3974701158522932 (1.02696% change)
    iteration    9: trace = 0.3962488021824863 (0.307745% change)
    iteration   10: trace = 0.3957264365457085 (0.131915% change)
    iteration   11: trace = 0.395601596491654 (0.031552% change)
    iteration   12: trace = 0.3955366489436647 (0.0164188% change)
    iteration   13: trace = 0.3955125024433116 (0.00610493% change)
    iteration   14: trace = 0.395501670697159 (0.0027387% change)
    iteration   15: trace = 0.3954990551891697 (0.000661316% change)
    iteration   16: trace = 0.3954982144205854 (0.000212584% change)
    iteration   17: trace = 0.3954980040691116 (5.31865e-05% change)
    iteration   18: trace = 0.3954979306473115 (1.85644e-05% change)
    iteration   19: trace = 0.3954979011255205 (7.46446e-06% change)
    iteration   20: trace = 0.3954978855466076 (3.93906e-06% change)
    iteration   21: trace = 0.3954978806979566 (1.22596e-06% change)
    iteration   22: trace = 0.3954978796047707 (2.76408e-07% change)
    iteration   23: trace = 0.3954978793562512 (6.28371e-08% change)
    iteration   24: trace = 0.3954978793018782 (1.3748e-08% change)
    iteration   25: trace = 0.3954978792780234 (6.0316e-09% change)
Finished solving for bands 1 to 6 after 25 iterations.
tefreqs:, 1, -0.09, 0.14, 0, 0.143178, 0.064507, 0.148937, 0.171639, 0.300828, 0.322663, 0.380901
elapsed time for k point: 4.162158966064453
total elapsed time for run: 4.202517509460449
done
Initializing eigensolver data
Computing 6 bands with 1e-10 tolerance
Working in 2 dimensions.
Grid size is 336 x 112 x 1.
Solving for 6 bands at a time.
Creating Maxwell data...
Mesh size is 3.
Lattice vectors:
     (3, 0, 0)
     (0, 1, 0)
     (0, 0, 1)
Cell volume = 3
Reciprocal lattice vectors (/ 2 pi):
     (0.333333, -0, 0)
     (-0, 1, -0)
     (0, -0, 1)
Geometric objects:
     block, center = (0,0,0)
          size (1e+20,1e+20,1)
          axes (1,0,0), (0,1,0), (0,0,1)
     prism, center = (0.0290336,-1.38778e-17,0.5)
          height 1, axis (0,0,1), sidewall angle: 0 radians, 4 vertices:
          (0.279034,0.25,0)
          (-0.220966,0.25,0)
          (-0.220966,-0.25,0)
          (0.279034,-0.25,0)
     prism, center = (1.03111,-1.38778e-17,0.5)
          height 1, axis (0,0,1), sidewall angle: 0 radians, 4 vertices:
          (1.28111,0.25,0)
          (0.781109,0.25,0)
          (0.781109,-0.25,0)
          (1.28111,-0.25,0)
     prism, center = (2.00013,-1.38778e-17,0.5)
          height 1, axis (0,0,1), sidewall angle: 0 radians, 4 vertices:
          (2.25013,0.25,0)
          (1.75013,0.25,0)
          (1.75013,-0.25,0)
          (2.25013,-0.25,0)
Geometric object tree has depth 2 and 21 object nodes (vs. 4 actual objects)
Initializing epsilon function...
Allocating fields...
Solving for band polarization: te.
Initializing fields to random numbers...
1 k-points
  Vector3<-0.09, 0.14, 0.0>
elapsed time for initialization: 0.0788886547088623
solve_kpoint (-0.09,0.14,0):
tefreqs:, k index, k1, k2, k3, kmag/2pi, te band 1, te band 2, te band 3, te band 4, te band 5, te band 6
Solving for bands 1 to 6...
    near maximum in trace
    iteration    1: trace = 2.460925472301401 (199.749% change)
    iteration    2: trace = 0.5908492753359829 (122.557% change)
    iteration    3: trace = 0.4240475837612387 (32.8707% change)
    iteration    4: trace = 0.4049552944181497 (4.60609% change)
    iteration    5: trace = 0.3981968945234108 (1.68297% change)
    iteration    6: trace = 0.3968858230423776 (0.329795% change)
    iteration    7: trace = 0.395959490658909 (0.233673% change)
    iteration    8: trace = 0.3956366251040705 (0.0815733% change)
    iteration    9: trace = 0.3954348173909559 (0.0510214% change)
    iteration   10: trace = 0.3953851870353575 (0.0125516% change)
    iteration   11: trace = 0.3953646674078241 (0.00518992% change)
    iteration   12: trace = 0.3953601831780293 (0.00113421% change)
    iteration   13: trace = 0.3953572359104877 (0.000745467% change)
    iteration   14: trace = 0.3953560884685402 (0.00029023% change)
    iteration   15: trace = 0.3953555018856778 (0.000148368% change)
    iteration   16: trace = 0.3953553646465313 (3.47129e-05% change)
    iteration   17: trace = 0.3953553150730205 (1.2539e-05% change)
    iteration   18: trace = 0.3953553006991486 (3.63568e-06% change)
    iteration   19: trace = 0.3953552951137598 (1.41275e-06% change)
    iteration   20: trace = 0.3953552927892762 (5.87948e-07% change)
    iteration   21: trace = 0.3953552918869554 (2.2823e-07% change)
    iteration   22: trace = 0.3953552916095822 (7.0158e-08% change)
    iteration   23: trace = 0.3953552915565569 (1.34121e-08% change)
    iteration   24: trace = 0.3953552915447013 (2.9987e-09% change)
Finished solving for bands 1 to 6 after 24 iterations.
tefreqs:, 1, -0.09, 0.14, 0, 0.143178, 0.0644975, 0.148917, 0.171704, 0.300398, 0.322887, 0.380844
elapsed time for k point: 4.718841314315796
total elapsed time for run: 4.797818422317505
done
Initializing eigensolver data
Computing 6 bands with 1e-10 tolerance
Working in 2 dimensions.
Grid size is 336 x 112 x 1.
Solving for 6 bands at a time.
Creating Maxwell data...
Mesh size is 3.
Lattice vectors:
     (3, 0, 0)
     (0, 1, 0)
     (0, 0, 1)
Cell volume = 3
Reciprocal lattice vectors (/ 2 pi):
     (0.333333, -0, 0)
     (-0, 1, -0)
     (0, -0, 1)
Geometric objects:
     block, center = (0,0,0)
          size (1e+20,1e+20,1)
          axes (1,0,0), (0,1,0), (0,0,1)
     prism, center = (0.011145,-1.38778e-17,0.5)
          height 1, axis (0,0,1), sidewall angle: 0 radians, 4 vertices:
          (0.261145,0.25,0)
          (-0.238855,0.25,0)
          (-0.238855,-0.25,0)
          (0.261145,-0.25,0)
     prism, center = (1.00907,-1.38778e-17,0.5)
          height 1, axis (0,0,1), sidewall angle: 0 radians, 4 vertices:
          (1.25907,0.25,0)
          (0.759069,0.25,0)
          (0.759069,-0.25,0)
          (1.25907,-0.25,0)
     prism, center = (2.04005,-1.38778e-17,0.5)
          height 1, axis (0,0,1), sidewall angle: 0 radians, 4 vertices:
          (2.29005,0.25,0)
          (1.79005,0.25,0)
          (1.79005,-0.25,0)
          (2.29005,-0.25,0)
Geometric object tree has depth 2 and 21 object nodes (vs. 4 actual objects)
Initializing epsilon function...
Allocating fields...
Solving for band polarization: te.
Initializing fields to random numbers...
1 k-points
  Vector3<-0.09, 0.14, 0.0>
elapsed time for initialization: 0.08739137649536133
solve_kpoint (-0.09,0.14,0):
tefreqs:, k index, k1, k2, k3, kmag/2pi, te band 1, te band 2, te band 3, te band 4, te band 5, te band 6
Solving for bands 1 to 6...
    near maximum in trace
    iteration    1: trace = 2.416606125013296 (199.755% change)
    iteration    2: trace = 0.5482892634589014 (126.029% change)
    iteration    3: trace = 0.4773565109129674 (13.8318% change)
    iteration    4: trace = 0.4404962118248154 (8.03185% change)
    iteration    5: trace = 0.4214304759922146 (4.42398% change)
    iteration    6: trace = 0.410262324904821 (2.68564% change)
    iteration    7: trace = 0.4053078929448778 (1.21496% change)
    iteration    8: trace = 0.4008618850185821 (1.103% change)
    iteration    9: trace = 0.3981960737591539 (0.667239% change)
    iteration   10: trace = 0.3961927613563246 (0.504366% change)
    iteration   11: trace = 0.395639827401578 (0.139659% change)
    iteration   12: trace = 0.3954721951028245 (0.0423789% change)
    iteration   13: trace = 0.395413869494283 (0.0147494% change)
    iteration   14: trace = 0.3953846308261129 (0.00739472% change)
    iteration   15: trace = 0.39536954177009 (0.00381637% change)
    iteration   16: trace = 0.3953645744436191 (0.00125638% change)
    iteration   17: trace = 0.3953630708453063 (0.000380308% change)
    iteration   18: trace = 0.3953627695827934 (7.6199e-05% change)
    iteration   19: trace = 0.3953626715973809 (2.47837e-05% change)
    iteration   20: trace = 0.3953626389995556 (8.24504e-06% change)
    iteration   21: trace = 0.3953626202420508 (4.74438e-06% change)
    iteration   22: trace = 0.3953626136208797 (1.67471e-06% change)
    iteration   23: trace = 0.3953626111625066 (6.21802e-07% change)
    iteration   24: trace = 0.3953626103867762 (1.96207e-07% change)
    iteration   25: trace = 0.3953626101028231 (7.18209e-08% change)
    iteration   26: trace = 0.3953626099877854 (2.90968e-08% change)
    iteration   27: trace = 0.3953626099301093 (1.45882e-08% change)
    iteration   28: trace = 0.3953626099049599 (6.36111e-09% change)
Finished solving for bands 1 to 6 after 28 iterations.
tefreqs:, 1, -0.09, 0.14, 0, 0.143178, 0.0644981, 0.148918, 0.171703, 0.300383, 0.322908, 0.380847
elapsed time for k point: 5.4412360191345215
total elapsed time for run: 5.528713941574097
done
Initializing eigensolver data
Computing 6 bands with 1e-10 tolerance
Working in 2 dimensions.
Grid size is 336 x 112 x 1.
Solving for 6 bands at a time.
Creating Maxwell data...
Mesh size is 3.
Lattice vectors:
     (3, 0, 0)
     (0, 1, 0)
     (0, 0, 1)
Cell volume = 3
Reciprocal lattice vectors (/ 2 pi):
     (0.333333, -0, 0)
     (-0, 1, -0)
     (0, -0, 1)
Geometric objects:
     block, center = (0,0,0)
          size (1e+20,1e+20,1)
          axes (1,0,0), (0,1,0), (0,0,1)
     prism, center = (-2.08167e-17,-1.38778e-17,0.5)
          height 1, axis (0,0,1), sidewall angle: 0 radians, 4 vertices:
          (0.25,0.25,0)
          (-0.25,0.25,0)
          (-0.25,-0.25,0)
          (0.25,-0.25,0)
     prism, center = (1,-1.38778e-17,0.5)
          height 1, axis (0,0,1), sidewall angle: 0 radians, 4 vertices:
          (1.25,0.25,0)
          (0.75,0.25,0)
          (0.75,-0.25,0)
          (1.25,-0.25,0)
     prism, center = (2,-1.38778e-17,0.5)
          height 1, axis (0,0,1), sidewall angle: 0 radians, 4 vertices:
          (2.25,0.25,0)
          (1.75,0.25,0)
          (1.75,-0.25,0)
          (2.25,-0.25,0)
Geometric object tree has depth 2 and 21 object nodes (vs. 4 actual objects)
Initializing epsilon function...
Allocating fields...
Solving for band polarization: te.
Initializing fields to random numbers...
1 k-points
  Vector3<-0.09, 0.14, 0.0>
elapsed time for initialization: 0.08285975456237793
solve_kpoint (-0.09,0.14,0):
tefreqs:, k index, k1, k2, k3, kmag/2pi, te band 1, te band 2, te band 3, te band 4, te band 5, te band 6
Solving for bands 1 to 6...
    near maximum in trace
    iteration    1: trace = 1.831556116351457 (199.814% change)
    iteration    2: trace = 0.486042912527255 (116.113% change)
    iteration    3: trace = 0.4228176919606288 (13.9131% change)
    iteration    4: trace = 0.4034123385184312 (4.69732% change)
    iteration    5: trace = 0.3987375831666469 (1.16556% change)
    iteration    6: trace = 0.397094330994676 (0.412965% change)
    iteration    7: trace = 0.3964592851269947 (0.160051% change)
    iteration    8: trace = 0.3959969916528662 (0.116674% change)
    iteration    9: trace = 0.3958258779642485 (0.0432202% change)
    iteration   10: trace = 0.3957622519352499 (0.0160755% change)
    iteration   11: trace = 0.395749339311488 (0.00326278% change)
    iteration   12: trace = 0.3957450768577814 (0.00107706% change)
    iteration   13: trace = 0.3957434755958534 (0.00040462% change)
    iteration   14: trace = 0.3957426399795601 (0.000211151% change)
    iteration   15: trace = 0.3957423592090907 (7.09478e-05% change)
    iteration   16: trace = 0.3957422823026964 (1.94335e-05% change)
    iteration   17: trace = 0.3957422635109201 (4.74849e-06% change)
    iteration   18: trace = 0.3957422587544199 (1.20192e-06% change)
    iteration   19: trace = 0.3957422570984847 (4.18438e-07% change)
    iteration   20: trace = 0.3957422562774293 (2.07472e-07% change)
    iteration   21: trace = 0.3957422558880646 (9.83885e-08% change)
    iteration   22: trace = 0.3957422557932616 (2.39557e-08% change)
    iteration   23: trace = 0.3957422557708835 (5.65472e-09% change)
Finished solving for bands 1 to 6 after 23 iterations.
tefreqs:, 1, -0.09, 0.14, 0, 0.143178, 0.0645309, 0.148962, 0.171635, 0.301023, 0.322646, 0.38107
elapsed time for k point: 3.4144351482391357
total elapsed time for run: 3.4973957538604736
done
Initializing eigensolver data
Computing 6 bands with 1e-10 tolerance
Working in 2 dimensions.
Grid size is 336 x 112 x 1.
Solving for 6 bands at a time.
Creating Maxwell data...
Mesh size is 3.
Lattice vectors:
     (3, 0, 0)
     (0, 1, 0)
     (0, 0, 1)
Cell volume = 3
Reciprocal lattice vectors (/ 2 pi):
     (0.333333, -0, 0)
     (-0, 1, -0)
     (0, -0, 1)
Geometric objects:
     block, center = (0,0,0)
          size (1e+20,1e+20,1)
          axes (1,0,0), (0,1,0), (0,0,1)
     prism, center = (-2.08167e-17,-1.38778e-17,0.5)
          height 1, axis (0,0,1), sidewall angle: 0 radians, 4 vertices:
          (0.25,0.25,0)
          (-0.25,0.25,0)
          (-0.25,-0.25,0)
          (0.25,-0.25,0)
     prism, center = (1,-1.38778e-17,0.5)
          height 1, axis (0,0,1), sidewall angle: 0 radians, 4 vertices:
          (1.25,0.25,0)
          (0.75,0.25,0)
          (0.75,-0.25,0)
          (1.25,-0.25,0)
     prism, center = (2,-1.38778e-17,0.5)
          height 1, axis (0,0,1), sidewall angle: 0 radians, 4 vertices:
          (2.25,0.25,0)
          (1.75,0.25,0)
          (1.75,-0.25,0)
          (2.25,-0.25,0)
Geometric object tree has depth 2 and 21 object nodes (vs. 4 actual objects)
Initializing epsilon function...
Allocating fields...
Solving for band polarization: te.
Initializing fields to random numbers...
1 k-points
  Vector3<-0.09, 0.14, 0.0>
elapsed time for initialization: 0.03991055488586426
solve_kpoint (-0.09,0.14,0):
tefreqs:, k index, k1, k2, k3, kmag/2pi, te band 1, te band 2, te band 3, te band 4, te band 5, te band 6
Solving for bands 1 to 6...
    near maximum in trace
    iteration    1: trace = 2.04054800291438 (199.793% change)
    iteration    2: trace = 0.5232754581200818 (118.36% change)
    iteration    3: trace = 0.4638876267743794 (12.032% change)
    iteration    4: trace = 0.4380165282653673 (5.737% change)
    iteration    5: trace = 0.428128068828633 (2.28333% change)
    iteration    6: trace = 0.4210050659235899 (1.67771% change)
    iteration    7: trace = 0.4165400012782186 (1.06623% change)
    iteration    8: trace = 0.4076145352684992 (2.16597% change)
    iteration    9: trace = 0.4013552419917339 (1.54747% change)
    iteration   10: trace = 0.3977190781081762 (0.910094% change)
    iteration   11: trace = 0.3966510246340251 (0.268906% change)
    iteration   12: trace = 0.3961195665052663 (0.134076% change)
    iteration   13: trace = 0.3959073877058494 (0.0535787% change)
    iteration   14: trace = 0.3957937488305828 (0.0287075% change)
    iteration   15: trace = 0.3957590095723463 (0.0087775% change)
    iteration   16: trace = 0.3957470558854979 (0.00302049% change)
    iteration   17: trace = 0.3957441105178647 (0.000744258% change)
    iteration   18: trace = 0.3957430666077537 (0.000263784% change)
    iteration   19: trace = 0.3957426060121598 (0.000116388% change)
    iteration   20: trace = 0.3957423574867983 (6.27998e-05% change)
    iteration   21: trace = 0.3957422803141504 (1.95007e-05% change)
    iteration   22: trace = 0.3957422611864641 (4.83337e-06% change)
    iteration   23: trace = 0.3957422569702879 (1.06538e-06% change)
    iteration   24: trace = 0.3957422561817415 (1.99258e-07% change)
    iteration   25: trace = 0.3957422559291818 (6.38193e-08% change)
    iteration   26: trace = 0.3957422558365141 (2.34162e-08% change)
    iteration   27: trace = 0.3957422557892615 (1.19403e-08% change)
    iteration   28: trace = 0.3957422557736677 (3.94038e-09% change)
Finished solving for bands 1 to 6 after 28 iterations.
tefreqs:, 1, -0.09, 0.14, 0, 0.143178, 0.0645309, 0.148962, 0.171635, 0.301023, 0.322646, 0.38107
elapsed time for k point: 3.194660186767578
total elapsed time for run: 3.234652519226074
done
Initializing eigensolver data
Computing 6 bands with 1e-10 tolerance
Working in 2 dimensions.
Grid size is 336 x 112 x 1.
Solving for 6 bands at a time.
Creating Maxwell data...
Mesh size is 3.
Lattice vectors:
     (3, 0, 0)
     (0, 1, 0)
     (0, 0, 1)
Cell volume = 3
Reciprocal lattice vectors (/ 2 pi):
     (0.333333, -0, 0)
     (-0, 1, -0)
     (0, -0, 1)
Geometric objects:
     block, center = (0,0,0)
          size (1e+20,1e+20,1)
          axes (1,0,0), (0,1,0), (0,0,1)
     prism, center = (0.00447214,-1.38778e-17,0.5)
          height 1, axis (0,0,1), sidewall angle: 0 radians, 4 vertices:
          (0.254472,0.25,0)
          (-0.245528,0.25,0)
          (-0.245528,-0.25,0)
          (0.254472,-0.25,0)
     prism, center = (1.00551,-1.38778e-17,0.5)
          height 1, axis (0,0,1), sidewall angle: 0 radians, 4 vertices:
          (1.25551,0.25,0)
          (0.75551,0.25,0)
          (0.75551,-0.25,0)
          (1.25551,-0.25,0)
     prism, center = (1.99002,-1.38778e-17,0.5)
          height 1, axis (0,0,1), sidewall angle: 0 radians, 4 vertices:
          (2.24002,0.25,0)
          (1.74002,0.25,0)
          (1.74002,-0.25,0)
          (2.24002,-0.25,0)
Geometric object tree has depth 2 and 21 object nodes (vs. 4 actual objects)
Initializing epsilon function...
Allocating fields...
Solving for band polarization: te.
Initializing fields to random numbers...
1 k-points
  Vector3<-0.09, 0.14, 0.0>
elapsed time for initialization: 0.04370379447937012
solve_kpoint (-0.09,0.14,0):
tefreqs:, k index, k1, k2, k3, kmag/2pi, te band 1, te band 2, te band 3, te band 4, te band 5, te band 6
Solving for bands 1 to 6...
    near maximum in trace
    iteration    1: trace = 2.503821583676435 (199.747% change)
    iteration    2: trace = 0.6248853868679447 (120.109% change)
    iteration    3: trace = 0.4395396189503074 (34.8255% change)
    iteration    4: trace = 0.4138507641146863 (6.02042% change)
    iteration    5: trace = 0.4019975399542333 (2.90574% change)
    iteration    6: trace = 0.3988432498893871 (0.787745% change)
    iteration    7: trace = 0.3967522651858408 (0.52564% change)
    iteration    8: trace = 0.3960480299228553 (0.177658% change)
    iteration    9: trace = 0.3956919488825427 (0.089949% change)
    iteration   10: trace = 0.3956235455607164 (0.0172885% change)
    iteration   11: trace = 0.3955993282477807 (0.00612149% change)
    iteration   12: trace = 0.395593463650416 (0.00148247% change)
    iteration   13: trace = 0.3955898367332464 (0.000916834% change)
    iteration   14: trace = 0.3955883551734502 (0.00037452% change)
    iteration   15: trace = 0.3955876869039302 (0.000168931% change)
    iteration   16: trace = 0.3955875320510202 (3.9145e-05% change)
    iteration   17: trace = 0.3955874850926486 (1.18705e-05% change)
    iteration   18: trace = 0.3955874668661615 (4.60745e-06% change)
    iteration   19: trace = 0.3955874582795636 (2.17059e-06% change)
    iteration   20: trace = 0.395587454010266 (1.07923e-06% change)
    iteration   21: trace = 0.3955874523047542 (4.31134e-07% change)
    iteration   22: trace = 0.3955874517571417 (1.3843e-07% change)
    iteration   23: trace = 0.3955874516549443 (2.58343e-08% change)
    iteration   24: trace = 0.3955874516278789 (6.84183e-09% change)
Finished solving for bands 1 to 6 after 24 iterations.
tefreqs:, 1, -0.09, 0.14, 0, 0.143178, 0.0645187, 0.148945, 0.171647, 0.300851, 0.322682, 0.380976
elapsed time for k point: 3.058424472808838
total elapsed time for run: 3.10221266746521
done
Initializing eigensolver data
Computing 6 bands with 1e-10 tolerance
Working in 2 dimensions.
Grid size is 336 x 112 x 1.
Solving for 6 bands at a time.
Creating Maxwell data...
Mesh size is 3.
Lattice vectors:
     (3, 0, 0)
     (0, 1, 0)
     (0, 0, 1)
Cell volume = 3
Reciprocal lattice vectors (/ 2 pi):
     (0.333333, -0, 0)
     (-0, 1, -0)
     (0, -0, 1)
Geometric objects:
     block, center = (0,0,0)
          size (1e+20,1e+20,1)
          axes (1,0,0), (0,1,0), (0,0,1)
     prism, center = (0.00447214,-1.38778e-17,0.5)
          height 1, axis (0,0,1), sidewall angle: 0 radians, 4 vertices:
          (0.254472,0.25,0)
          (-0.245528,0.25,0)
          (-0.245528,-0.25,0)
          (0.254472,-0.25,0)
     prism, center = (1.00551,-1.38778e-17,0.5)
          height 1, axis (0,0,1), sidewall angle: 0 radians, 4 vertices:
          (1.25551,0.25,0)
          (0.75551,0.25,0)
          (0.75551,-0.25,0)
          (1.25551,-0.25,0)
     prism, center = (1.99002,-1.38778e-17,0.5)
          height 1, axis (0,0,1), sidewall angle: 0 radians, 4 vertices:
          (2.24002,0.25,0)
          (1.74002,0.25,0)
          (1.74002,-0.25,0)
          (2.24002,-0.25,0)
Geometric object tree has depth 2 and 21 object nodes (vs. 4 actual objects)
Initializing epsilon function...
Allocating fields...
Solving for band polarization: te.
Initializing fields to random numbers...
1 k-points
  Vector3<-0.09, 0.14, 0.0>
elapsed time for initialization: 0.042852163314819336
solve_kpoint (-0.09,0.14,0):
tefreqs:, k index, k1, k2, k3, kmag/2pi, te band 1, te band 2, te band 3, te band 4, te band 5, te band 6
Solving for bands 1 to 6...
    near maximum in trace
    iteration    1: trace = 2.445355992899596 (199.753% change)
    iteration    2: trace = 0.6100338919588677 (120.137% change)
    iteration    3: trace = 0.4411578394195811 (32.1304% change)
    iteration    4: trace = 0.4221403506579419 (4.40578% change)
    iteration    5: trace = 0.4111752854704558 (2.63167% change)
    iteration    6: trace = 0.4061420735206635 (1.23164% change)
    iteration    7: trace = 0.4003404726826288 (1.43874% change)
    iteration    8: trace = 0.3974436119370558 (0.726227% change)
    iteration    9: trace = 0.3959825719444974 (0.368286% change)
    iteration   10: trace = 0.3957449507053009 (0.060026% change)
    iteration   11: trace = 0.3956536652362537 (0.0230694% change)
    iteration   12: trace = 0.3956231254261758 (0.00771912% change)
    iteration   13: trace = 0.3955995982037859 (0.00594705% change)
    iteration   14: trace = 0.3955915009152124 (0.00204686% change)
    iteration   15: trace = 0.3955886067052238 (0.000731618% change)
    iteration   16: trace = 0.3955878741981178 (0.000185169% change)
    iteration   17: trace = 0.395587620296616 (6.41834e-05% change)
    iteration   18: trace = 0.3955875189744505 (2.56131e-05% change)
    iteration   19: trace = 0.3955874769299761 (1.06284e-05% change)
    iteration   20: trace = 0.3955874592016256 (4.48152e-06% change)
    iteration   21: trace = 0.3955874536435087 (1.40503e-06% change)
    iteration   22: trace = 0.3955874520368186 (4.06153e-07% change)
    iteration   23: trace = 0.3955874517513335 (7.21674e-08% change)
    iteration   24: trace = 0.3955874516667616 (2.13788e-08% change)
    iteration   25: trace = 0.3955874516369327 (7.5404e-09% change)
Finished solving for bands 1 to 6 after 25 iterations.
tefreqs:, 1, -0.09, 0.14, 0, 0.143178, 0.0645187, 0.148945, 0.171647, 0.300851, 0.322682, 0.380976
elapsed time for k point: 3.1750128269195557
total elapsed time for run: 3.2179512977600098
done
Initializing eigensolver data
Computing 6 bands with 1e-10 tolerance
Working in 2 dimensions.
Grid size is 336 x 112 x 1.
Solving for 6 bands at a time.
Creating Maxwell data...
Mesh size is 3.
Lattice vectors:
     (3, 0, 0)
     (0, 1, 0)
     (0, 0, 1)
Cell volume = 3
Reciprocal lattice vectors (/ 2 pi):
     (0.333333, -0, 0)
     (-0, 1, -0)
     (0, -0, 1)
Geometric objects:
     block, center = (0,0,0)
          size (1e+20,1e+20,1)
          axes (1,0,0), (0,1,0), (0,0,1)
     prism, center = (-0.00447214,-1.38778e-17,0.5)
          height 1, axis (0,0,1), sidewall angle: 0 radians, 4 vertices:
          (0.245528,0.25,0)
          (-0.254472,0.25,0)
          (-0.254472,-0.25,0)
          (0.245528,-0.25,0)
     prism, center = (0.99449,-1.38778e-17,0.5)
          height 1, axis (0,0,1), sidewall angle: 0 radians, 4 vertices:
          (1.24449,0.25,0)
          (0.74449,0.25,0)
          (0.74449,-0.25,0)
          (1.24449,-0.25,0)
     prism, center = (2.00998,-1.38778e-17,0.5)
          height 1, axis (0,0,1), sidewall angle: 0 radians, 4 vertices:
          (2.25998,0.25,0)
          (1.75998,0.25,0)
          (1.75998,-0.25,0)
          (2.25998,-0.25,0)
Geometric object tree has depth 2 and 21 object nodes (vs. 4 actual objects)
Initializing epsilon function...
Allocating fields...
Solving for band polarization: te.
Initializing fields to random numbers...
1 k-points
  Vector3<-0.09, 0.14, 0.0>
elapsed time for initialization: 0.07870173454284668
solve_kpoint (-0.09,0.14,0):
tefreqs:, k index, k1, k2, k3, kmag/2pi, te band 1, te band 2, te band 3, te band 4, te band 5, te band 6
Solving for bands 1 to 6...
    near maximum in trace
    iteration    1: trace = 2.045504073891481 (199.793% change)
    iteration    2: trace = 0.5119661726855895 (119.926% change)
    iteration    3: trace = 0.4363135338648104 (15.9558% change)
    iteration    4: trace = 0.4086431854561351 (6.54953% change)
    iteration    5: trace = 0.4010302022281655 (1.88051% change)
    iteration    6: trace = 0.3980075417894658 (0.756575% change)
    iteration    7: trace = 0.3968986097185153 (0.27901% change)
    iteration    8: trace = 0.396084413529625 (0.20535% change)
    iteration    9: trace = 0.3957532964369593 (0.0836326% change)
    iteration   10: trace = 0.3956366778096058 (0.0294718% change)
    iteration   11: trace = 0.3956035723790354 (0.00836798% change)
    iteration   12: trace = 0.3955934333441447 (0.00256296% change)
    iteration   13: trace = 0.3955883296629 (0.00129014% change)
    iteration   14: trace = 0.3955858518710509 (0.000626358% change)
    iteration   15: trace = 0.3955849228996794 (0.000234835% change)
    iteration   16: trace = 0.3955846962612558 (5.7292e-05% change)
    iteration   17: trace = 0.3955846205990938 (1.91267e-05% change)
    iteration   18: trace = 0.3955846031971731 (4.39904e-06% change)
    iteration   19: trace = 0.3955845952913139 (1.99853e-06% change)
    iteration   20: trace = 0.3955845922449013 (7.70104e-07% change)
    iteration   21: trace = 0.395584590612516 (4.12651e-07% change)
    iteration   22: trace = 0.3955845902292348 (9.68898e-08% change)
    iteration   23: trace = 0.3955845901285565 (2.54505e-08% change)
    iteration   24: trace = 0.3955845901054114 (5.85087e-09% change)
Finished solving for bands 1 to 6 after 24 iterations.
tefreqs:, 1, -0.09, 0.14, 0, 0.143178, 0.0645186, 0.148945, 0.171647, 0.300844, 0.322691, 0.38097
elapsed time for k point: 2.3551185131073
total elapsed time for run: 2.4339029788970947
done
Initializing eigensolver data
Computing 6 bands with 1e-10 tolerance
Working in 2 dimensions.
Grid size is 336 x 112 x 1.
Solving for 6 bands at a time.
Creating Maxwell data...
Mesh size is 3.
Lattice vectors:
     (3, 0, 0)
     (0, 1, 0)
     (0, 0, 1)
Cell volume = 3
Reciprocal lattice vectors (/ 2 pi):
     (0.333333, -0, 0)
     (-0, 1, -0)
     (0, -0, 1)
Geometric objects:
     block, center = (0,0,0)
          size (1e+20,1e+20,1)
          axes (1,0,0), (0,1,0), (0,0,1)
     prism, center = (-0.00447214,-1.38778e-17,0.5)
          height 1, axis (0,0,1), sidewall angle: 0 radians, 4 vertices:
          (0.245528,0.25,0)
          (-0.254472,0.25,0)
          (-0.254472,-0.25,0)
          (0.245528,-0.25,0)
     prism, center = (0.99449,-1.38778e-17,0.5)
          height 1, axis (0,0,1), sidewall angle: 0 radians, 4 vertices:
          (1.24449,0.25,0)
          (0.74449,0.25,0)
          (0.74449,-0.25,0)
          (1.24449,-0.25,0)
     prism, center = (2.00998,-1.38778e-17,0.5)
          height 1, axis (0,0,1), sidewall angle: 0 radians, 4 vertices:
          (2.25998,0.25,0)
          (1.75998,0.25,0)
          (1.75998,-0.25,0)
          (2.25998,-0.25,0)
Geometric object tree has depth 2 and 21 object nodes (vs. 4 actual objects)
Initializing epsilon function...
Allocating fields...
Solving for band polarization: te.
Initializing fields to random numbers...
1 k-points
  Vector3<-0.09, 0.14, 0.0>
elapsed time for initialization: 0.07941150665283203
solve_kpoint (-0.09,0.14,0):
tefreqs:, k index, k1, k2, k3, kmag/2pi, te band 1, te band 2, te band 3, te band 4, te band 5, te band 6
Solving for bands 1 to 6...
    near maximum in trace
    iteration    1: trace = 2.238876870820839 (199.773% change)
    iteration    2: trace = 0.5234256396274078 (124.204% change)
    iteration    3: trace = 0.4485114007781292 (15.4155% change)
    iteration    4: trace = 0.4177787029728243 (7.09524% change)
    iteration    5: trace = 0.407666000946932 (2.45024% change)
    iteration    6: trace = 0.4021417446419364 (1.36434% change)
    iteration    7: trace = 0.3994685418413728 (0.666958% change)
    iteration    8: trace = 0.3970020499704394 (0.619355% change)
    iteration    9: trace = 0.3960966531503649 (0.228319% change)
    iteration   10: trace = 0.395744099331324 (0.0890466% change)
    iteration   11: trace = 0.3956563171944365 (0.022184% change)
    iteration   12: trace = 0.3956161998735835 (0.01014% change)
    iteration   13: trace = 0.3955962922957788 (0.00503217% change)
    iteration   14: trace = 0.3955880364941441 (0.00208695% change)
    iteration   15: trace = 0.3955855020224964 (0.000640687% change)
    iteration   16: trace = 0.3955848723479635 (0.000159175% change)
    iteration   17: trace = 0.3955846813196807 (4.82901e-05% change)
    iteration   18: trace = 0.3955846300497565 (1.29605e-05% change)
    iteration   19: trace = 0.3955846066858141 (5.90618e-06% change)
    iteration   20: trace = 0.3955845967504987 (2.51155e-06% change)
    iteration   21: trace = 0.3955845916486174 (1.28971e-06% change)
    iteration   22: trace = 0.3955845905427319 (2.79557e-07% change)
    iteration   23: trace = 0.395584590217709 (8.21627e-08% change)
    iteration   24: trace = 0.3955845901407121 (1.94641e-08% change)
    iteration   25: trace = 0.395584590116669 (6.07787e-09% change)
Finished solving for bands 1 to 6 after 25 iterations.
tefreqs:, 1, -0.09, 0.14, 0, 0.143178, 0.0645186, 0.148945, 0.171647, 0.300844, 0.322691, 0.38097
elapsed time for k point: 2.644519090652466
total elapsed time for run: 2.724020004272461
done
Initializing eigensolver data
Computing 6 bands with 1e-10 tolerance
Working in 2 dimensions.
Grid size is 336 x 112 x 1.
Solving for 6 bands at a time.
Creating Maxwell data...
Mesh size is 3.
Lattice vectors:
     (3, 0, 0)
     (0, 1, 0)
     (0, 0, 1)
Cell volume = 3
Reciprocal lattice vectors (/ 2 pi):
     (0.333333, -0, 0)
     (-0, 1, -0)
     (0, -0, 1)
Geometric objects:
     block, center = (0,0,0)
          size (1e+20,1e+20,1)
          axes (1,0,0), (0,1,0), (0,0,1)
     prism, center = (2,-1.38778e-17,0.5)
          height 1, axis (0,0,1), sidewall angle: 0 radians, 4 vertices:
          (2.25,0.25,0)
          (1.75,0.25,0)
          (1.75,-0.25,0)
          (2.25,-0.25,0)
     prism, center = (1,-1.38778e-17,0.5)
          height 1, axis (0,0,1), sidewall angle: 0 radians, 4 vertices:
          (1.25,0.25,0)
          (0.75,0.25,0)
          (0.75,-0.25,0)
          (1.25,-0.25,0)
     prism, center = (-2.08167e-17,-1.38778e-17,0.5)
          height 1, axis (0,0,1), sidewall angle: 0 radians, 4 vertices:
          (0.25,0.25,0)
          (-0.25,0.25,0)
          (-0.25,-0.25,0)
          (0.25,-0.25,0)
Geometric object tree has depth 2 and 21 object nodes (vs. 4 actual objects)
Initializing epsilon function...
Allocating fields...
Solving for band polarization: te.
Initializing fields to random numbers...
1 k-points
  Vector3<-0.09, 0.14, 0.0>
elapsed time for initialization: 0.04275250434875488
solve_kpoint (-0.09,0.14,0):
tefreqs:, k index, k1, k2, k3, kmag/2pi, te band 1, te band 2, te band 3, te band 4, te band 5, te band 6
Solving for bands 1 to 6...
    near maximum in trace
    iteration    1: trace = 2.069019735410154 (199.792% change)
    iteration    2: trace = 0.5020388871296128 (121.894% change)
    iteration    3: trace = 0.4338350087306581 (14.5754% change)
    iteration    4: trace = 0.4107385122265564 (5.46939% change)
    iteration    5: trace = 0.4042640950730213 (1.58881% change)
    iteration    6: trace = 0.4001102654313064 (1.03281% change)
    iteration    7: trace = 0.3980358282345096 (0.519814% change)
    iteration    8: trace = 0.3963741775057713 (0.418336% change)
    iteration    9: trace = 0.395973453913994 (0.101148% change)
    iteration   10: trace = 0.3958160410983355 (0.0397613% change)
    iteration   11: trace = 0.3957761988034245 (0.0100664% change)
    iteration   12: trace = 0.3957534717902446 (0.00574255% change)
    iteration   13: trace = 0.3957461983760868 (0.00183788% change)
    iteration   14: trace = 0.395743123600961 (0.000776959% change)
    iteration   15: trace = 0.3957424705852379 (0.00016501% change)
    iteration   16: trace = 0.3957423024553263 (4.24847e-05% change)
    iteration   17: trace = 0.3957422711643601 (7.9069e-06% change)
    iteration   18: trace = 0.3957422624935856 (2.19102e-06% change)
    iteration   19: trace = 0.3957422589128591 (9.04813e-07% change)
    iteration   20: trace = 0.3957422569237041 (5.02639e-07% change)
    iteration   21: trace = 0.3957422560969908 (2.08902e-07% change)
    iteration   22: trace = 0.3957422558542292 (6.13433e-08% change)
    iteration   23: trace = 0.3957422557901882 (1.61825e-08% change)
    iteration   24: trace = 0.3957422557759848 (3.58906e-09% change)
Finished solving for bands 1 to 6 after 24 iterations.
tefreqs:, 1, -0.09, 0.14, 0, 0.143178, 0.0645309, 0.148962, 0.171635, 0.301023, 0.322646, 0.38107
elapsed time for k point: 5.660990476608276
total elapsed time for run: 5.70382285118103
done
Initializing eigensolver data
Computing 6 bands with 1e-10 tolerance
Working in 2 dimensions.
Grid size is 336 x 112 x 1.
Solving for 6 bands at a time.
Creating Maxwell data...
Mesh size is 3.
Lattice vectors:
     (3, 0, 0)
     (0, 1, 0)
     (0, 0, 1)
Cell volume = 3
Reciprocal lattice vectors (/ 2 pi):
     (0.333333, -0, 0)
     (-0, 1, -0)
     (0, -0, 1)
Geometric objects:
     block, center = (0,0,0)
          size (1e+20,1e+20,1)
          axes (1,0,0), (0,1,0), (0,0,1)
     prism, center = (1.99002,-1.38778e-17,0.5)
          height 1, axis (0,0,1), sidewall angle: 0 radians, 4 vertices:
          (2.24002,0.25,0)
          (1.74002,0.25,0)
          (1.74002,-0.25,0)
          (2.24002,-0.25,0)
     prism, center = (1.00551,-1.38778e-17,0.5)
          height 1, axis (0,0,1), sidewall angle: 0 radians, 4 vertices:
          (1.25551,0.25,0)
          (0.75551,0.25,0)
          (0.75551,-0.25,0)
          (1.25551,-0.25,0)
     prism, center = (0.00447214,-1.38778e-17,0.5)
          height 1, axis (0,0,1), sidewall angle: 0 radians, 4 vertices:
          (0.254472,0.25,0)
          (-0.245528,0.25,0)
          (-0.245528,-0.25,0)
          (0.254472,-0.25,0)
Geometric object tree has depth 2 and 21 object nodes (vs. 4 actual objects)
Initializing epsilon function...
Allocating fields...
Solving for band polarization: te.
Initializing fields to random numbers...
1 k-points
  Vector3<-0.09, 0.14, 0.0>
elapsed time for initialization: 0.07966899871826172
solve_kpoint (-0.09,0.14,0):
tefreqs:, k index, k1, k2, k3, kmag/2pi, te band 1, te band 2, te band 3, te band 4, te band 5, te band 6
Solving for bands 1 to 6...
    near maximum in trace
    iteration    1: trace = 2.083656032147642 (199.79% change)
    iteration    2: trace = 0.5875821855750578 (112.014% change)
    iteration    3: trace = 0.4493533173084686 (26.661% change)
    iteration    4: trace = 0.4326489888657934 (3.78782% change)
    iteration    5: trace = 0.4198095708969661 (3.01233% change)
    iteration    6: trace = 0.4119782428883273 (1.88301% change)
    iteration    7: trace = 0.4037772754042362 (2.01064% change)
    iteration    8: trace = 0.3991434727138299 (1.15424% change)
    iteration    9: trace = 0.3968354271094677 (0.579926% change)
    iteration   10: trace = 0.3962088080546025 (0.158029% change)
    iteration   11: trace = 0.3958661427503246 (0.0865235% change)
    iteration   12: trace = 0.3957164815995816 (0.0378131% change)
    iteration   13: trace = 0.3956273763982178 (0.02252% change)
    iteration   14: trace = 0.3956013563792992 (0.00657712% change)
    iteration   15: trace = 0.3955909308788325 (0.00263539% change)
    iteration   16: trace = 0.3955884929566071 (0.000616275% change)
    iteration   17: trace = 0.3955877884126651 (0.0001781% change)
    iteration   18: trace = 0.395587583476539 (5.18055e-05% change)
    iteration   19: trace = 0.3955875013543104 (2.07596e-05% change)
    iteration   20: trace = 0.3955874676239869 (8.52664e-06% change)
    iteration   21: trace = 0.3955874568869043 (2.71421e-06% change)
    iteration   22: trace = 0.3955874534162401 (8.77344e-07% change)
    iteration   23: trace = 0.3955874524686344 (2.39544e-07% change)
    iteration   24: trace = 0.3955874520017038 (1.18035e-07% change)
    iteration   25: trace = 0.3955874517686211 (5.89206e-08% change)
    iteration   26: trace = 0.3955874516534184 (2.91219e-08% change)
    iteration   27: trace = 0.3955874516252557 (7.11921e-09% change)
Finished solving for bands 1 to 6 after 27 iterations.
tefreqs:, 1, -0.09, 0.14, 0, 0.143178, 0.0645187, 0.148945, 0.171647, 0.300851, 0.322682, 0.380976
elapsed time for k point: 5.8093421459198
total elapsed time for run: 5.889093399047852
done
Initializing eigensolver data
Computing 6 bands with 1e-10 tolerance
Working in 2 dimensions.
Grid size is 336 x 112 x 1.
Solving for 6 bands at a time.
Creating Maxwell data...
Mesh size is 3.
Lattice vectors:
     (3, 0, 0)
     (0, 1, 0)
     (0, 0, 1)
Cell volume = 3
Reciprocal lattice vectors (/ 2 pi):
     (0.333333, -0, 0)
     (-0, 1, -0)
     (0, -0, 1)
Geometric objects:
     block, center = (0,0,0)
          size (1e+20,1e+20,1)
          axes (1,0,0), (0,1,0), (0,0,1)
     prism, center = (0.005,-1.38778e-17,0.5)
          height 1, axis (0,0,1), sidewall angle: 0 radians, 4 vertices:
          (0.255,0.25,0)
          (-0.245,0.25,0)
          (-0.245,-0.25,0)
          (0.255,-0.25,0)
     prism, center = (1.005,-1.38778e-17,0.5)
          height 1, axis (0,0,1), sidewall angle: 0 radians, 4 vertices:
          (1.255,0.25,0)
          (0.755,0.25,0)
          (0.755,-0.25,0)
          (1.255,-0.25,0)
     prism, center = (2.005,-1.38778e-17,0.5)
          height 1, axis (0,0,1), sidewall angle: 0 radians, 4 vertices:
          (2.255,0.25,0)
          (1.755,0.25,0)
          (1.755,-0.25,0)
          (2.255,-0.25,0)
Geometric object tree has depth 2 and 21 object nodes (vs. 4 actual objects)
Initializing epsilon function...
Allocating fields...
Solving for band polarization: te.
Initializing fields to random numbers...
1 k-points
  Vector3<-0.09, 0.14, 0.0>
elapsed time for initialization: 0.08144307136535645
solve_kpoint (-0.09,0.14,0):
tefreqs:, k index, k1, k2, k3, kmag/2pi, te band 1, te band 2, te band 3, te band 4, te band 5, te band 6
Solving for bands 1 to 6...
    near maximum in trace
    iteration    1: trace = 2.054630389794511 (199.792% change)
    iteration    2: trace = 0.5592596593414285 (114.417% change)
    iteration    3: trace = 0.4236145506935562 (27.6017% change)
    iteration    4: trace = 0.4079006889011908 (3.77957% change)
    iteration    5: trace = 0.4005434384877913 (1.8201% change)
    iteration    6: trace = 0.3984860507170133 (0.514972% change)
    iteration    7: trace = 0.396923124360039 (0.392987% change)
    iteration    8: trace = 0.3961885324699369 (0.185243% change)
    iteration    9: trace = 0.3957307251697011 (0.11562% change)
    iteration   10: trace = 0.3956389058114446 (0.0232052% change)
    iteration   11: trace = 0.3956082541530825 (0.00774768% change)
    iteration   12: trace = 0.3956035366469245 (0.00119248% change)
    iteration   13: trace = 0.3956017479116936 (0.000452155% change)
    iteration   14: trace = 0.3956012337549779 (0.000129968% change)
    iteration   15: trace = 0.3956009606338529 (6.90395e-05% change)
    iteration   16: trace = 0.3956008692248437 (2.31064e-05% change)
    iteration   17: trace = 0.3956008280588519 (1.04059e-05% change)
    iteration   18: trace = 0.3956008188519628 (2.32732e-06% change)
    iteration   19: trace = 0.3956008158299334 (7.63909e-07% change)
    iteration   20: trace = 0.3956008146872714 (2.88842e-07% change)
    iteration   21: trace = 0.3956008139765081 (1.79667e-07% change)
    iteration   22: trace = 0.3956008137170764 (6.55792e-08% change)
    iteration   23: trace = 0.3956008136489876 (1.72115e-08% change)
    iteration   24: trace = 0.3956008136341918 (3.74009e-09% change)
Finished solving for bands 1 to 6 after 24 iterations.
tefreqs:, 1, -0.09, 0.14, 0, 0.143178, 0.0645171, 0.148951, 0.171624, 0.300988, 0.322605, 0.380959
elapsed time for k point: 3.766024351119995
total elapsed time for run: 3.8475489616394043
done
Initializing eigensolver data
Computing 6 bands with 1e-10 tolerance
Working in 2 dimensions.
Grid size is 336 x 112 x 1.
Solving for 6 bands at a time.
Creating Maxwell data...
Mesh size is 3.
Lattice vectors:
     (3, 0, 0)
     (0, 1, 0)
     (0, 0, 1)
Cell volume = 3
Reciprocal lattice vectors (/ 2 pi):
     (0.333333, -0, 0)
     (-0, 1, -0)
     (0, -0, 1)
Geometric objects:
     block, center = (0,0,0)
          size (1e+20,1e+20,1)
          axes (1,0,0), (0,1,0), (0,0,1)
     prism, center = (-0.005,-1.38778e-17,0.5)
          height 1, axis (0,0,1), sidewall angle: 0 radians, 4 vertices:
          (0.245,0.25,0)
          (-0.255,0.25,0)
          (-0.255,-0.25,0)
          (0.245,-0.25,0)
     prism, center = (0.995,-1.38778e-17,0.5)
          height 1, axis (0,0,1), sidewall angle: 0 radians, 4 vertices:
          (1.245,0.25,0)
          (0.745,0.25,0)
          (0.745,-0.25,0)
          (1.245,-0.25,0)
     prism, center = (1.995,-1.38778e-17,0.5)
          height 1, axis (0,0,1), sidewall angle: 0 radians, 4 vertices:
          (2.245,0.25,0)
          (1.745,0.25,0)
          (1.745,-0.25,0)
          (2.245,-0.25,0)
Geometric object tree has depth 2 and 21 object nodes (vs. 4 actual objects)
Initializing epsilon function...
Allocating fields...
Solving for band polarization: te.
Initializing fields to random numbers...
1 k-points
  Vector3<-0.09, 0.14, 0.0>
elapsed time for initialization: 0.038292646408081055
solve_kpoint (-0.09,0.14,0):
tefreqs:, k index, k1, k2, k3, kmag/2pi, te band 1, te band 2, te band 3, te band 4, te band 5, te band 6
Solving for bands 1 to 6...
    near maximum in trace
    iteration    1: trace = 2.197630147560619 (199.778% change)
    iteration    2: trace = 0.4963893086153665 (126.298% change)
    iteration    3: trace = 0.4327826698039239 (13.691% change)
    iteration    4: trace = 0.4146936878882856 (4.26891% change)
    iteration    5: trace = 0.4068840465989514 (1.90113% change)
    iteration    6: trace = 0.402032882022259 (1.19942% change)
    iteration    7: trace = 0.3990685068259202 (0.740075% change)
    iteration    8: trace = 0.3967053021585774 (0.593939% change)
    iteration    9: trace = 0.3959751655481512 (0.18422% change)
    iteration   10: trace = 0.3957238912922957 (0.0634772% change)
    iteration   11: trace = 0.3956518710545761 (0.0182013% change)
    iteration   12: trace = 0.3956208509956188 (0.00784055% change)
    iteration   13: trace = 0.395608049768111 (0.00323578% change)
    iteration   14: trace = 0.3956029815848141 (0.00128112% change)
    iteration   15: trace = 0.3956013542116606 (0.000411366% change)
    iteration   16: trace = 0.3956009652513414 (9.83213e-05% change)
    iteration   17: trace = 0.3956008651243766 (2.53101e-05% change)
    iteration   18: trace = 0.3956008388856707 (6.63262e-06% change)
    iteration   19: trace = 0.3956008241278306 (3.73049e-06% change)
    iteration   20: trace = 0.3956008175836586 (1.65424e-06% change)
    iteration   21: trace = 0.3956008145393574 (7.69539e-07% change)
    iteration   22: trace = 0.3956008138792807 (1.66854e-07% change)
    iteration   23: trace = 0.3956008136958094 (4.63779e-08% change)
    iteration   24: trace = 0.3956008136582035 (9.50601e-09% change)
Finished solving for bands 1 to 6 after 24 iterations.
tefreqs:, 1, -0.09, 0.14, 0, 0.143178, 0.0645171, 0.148951, 0.171624, 0.300988, 0.322605, 0.380959
elapsed time for k point: 2.772434711456299
total elapsed time for run: 2.8107995986938477
done
