Using MPI version 4.1, 1 processes
Initializing eigensolver data
Computing 1 bands with 1e-07 tolerance
Working in 2 dimensions.
Grid size is 2 x 2 x 1.
Solving for 1 bands at a time.
Creating Maxwell data...
Mesh size is 3.
Lattice vectors:
     (0.520882, 0.853629, 0)
     (0.509437, -0.860508, 0)
     (0, 0, 1)
Cell volume = 0.883093
Reciprocal lattice vectors (/ 2 pi):
     (0.974426, 0.576878, -0)
     (0.966636, -0.589838, 0)
     (-0, 0, 1)
Geometric objects:
     block, center = (0,0,0)
          size (1e+20,1e+20,100)
          axes (1,0,0), (0,1,0), (0,0,1)
     prism, center = (0.434651,0.0769938,50)
          height 100, axis (0,0,1), sidewall angle: 0 radians, 3 vertices:
          (0.607715,-0.0999576,0)
          (0.601283,0.416609,0)
          (0.0949565,-0.0856698,0)
     prism, center = (1.11935,0.411191,50)
          height 100, axis (0,0,1), sidewall angle: 0 radians, 3 vertices:
          (1.43074,0.560299,0)
          (0.960708,0.573396,0)
          (0.966604,0.0998768,0)
Geometric object tree has depth 4 and 59 object nodes (vs. 3 actual objects)
Initializing epsilon function...
Allocating fields...
Solving for band polarization: te.
Initializing fields to random numbers...
1 k-points
  Vector3<0.0, 0.0, 0.0>
elapsed time for initialization: 0.0003542900085449219
solve_kpoint (0,0,0):
tefreqs:, k index, k1, k2, k3, kmag/2pi, te band 1
tefreqs:, 1, 0, 0, 0, 0, 0
elapsed time for k point: 2.2411346435546875e-05
Fixing e-field (band 1) phase by 1 + -0i; max ampl. = 0
total elapsed time for run: 0.0008676052093505859
done
Initializing eigensolver data
Computing 1 bands with 1e-07 tolerance
Working in 2 dimensions.
Grid size is 2 x 2 x 1.
Solving for 1 bands at a time.
Creating Maxwell data...
Mesh size is 3.
Lattice vectors:
     (0.520882, 0.853629, 0)
     (0.509437, -0.860508, 0)
     (0, 0, 1)
Cell volume = 0.883093
Reciprocal lattice vectors (/ 2 pi):
     (0.974426, 0.576878, -0)
     (0.966636, -0.589838, 0)
     (-0, 0, 1)
Geometric objects:
     block, center = (0,0,0)
          size (1e+20,1e+20,100)
          axes (1,0,0), (0,1,0), (0,0,1)
     prism, center = (0.434651,0.0769938,50)
          height 100, axis (0,0,1), sidewall angle: 0 radians, 3 vertices:
          (0.607715,-0.0999576,0)
          (0.601283,0.416609,0)
          (0.0949565,-0.0856698,0)
     prism, center = (1.11935,0.411191,50)
          height 100, axis (0,0,1), sidewall angle: 0 radians, 3 vertices:
          (1.43074,0.560299,0)
          (0.960708,0.573396,0)
          (0.966604,0.0998768,0)
Geometric object tree has depth 4 and 59 object nodes (vs. 3 actual objects)
Initializing epsilon function...
Allocating fields...
Solving for band polarization: te.
Initializing fields to random numbers...
1 k-points
  Vector3<0.32421450289002957, 0.34658738924296195, 0.0>
elapsed time for initialization: 0.0002193450927734375
solve_kpoint (0.324215,0.346587,0):
tefreqs:, k index, k1, k2, k3, kmag/2pi, te band 1
Solving for bands 1 to 1...
    large trace change predicted (779.626%)
    large theta (-17.4273)
    iteration    1: trace = 0.07288262623651945 (153.564% change)
    iteration    2: trace = 0.06932673447717531 (5.00093% change)
    iteration    3: trace = 0.06932392865216955 (0.00404733% change)
    iteration    4: trace = 0.06932391839836001 (1.47912e-05% change)
    iteration    5: trace = 0.06932391839163025 (9.7077e-09% change)
Finished solving for bands 1 to 1 after 5 iterations.
tefreqs:, 1, 0.324215, 0.346587, 0, 0.651179, 0.263294
elapsed time for k point: 0.0002071857452392578
Fixing e-field (band 1) phase by -0.665411 + 0.746477i; max ampl. = 0.435168
total elapsed time for run: 0.0004661083221435547
done
Initializing eigensolver data
Computing 1 bands with 1e-07 tolerance
Working in 2 dimensions.
Grid size is 2 x 2 x 1.
Solving for 1 bands at a time.
Creating Maxwell data...
Mesh size is 3.
Lattice vectors:
     (0.520882, 0.853629, 0)
     (0.509437, -0.860508, 0)
     (0, 0, 1)
Cell volume = 0.883093
Reciprocal lattice vectors (/ 2 pi):
     (0.974426, 0.576878, -0)
     (0.966636, -0.589838, 0)
     (-0, 0, 1)
Geometric objects:
     block, center = (0,0,0)
          size (1e+20,1e+20,100)
          axes (1,0,0), (0,1,0), (0,0,1)
     prism, center = (0.434651,0.0769938,50)
          height 100, axis (0,0,1), sidewall angle: 0 radians, 3 vertices:
          (0.607715,-0.0999576,0)
          (0.601283,0.416609,0)
          (0.0949565,-0.0856698,0)
     prism, center = (1.11935,0.411191,50)
          height 100, axis (0,0,1), sidewall angle: 0 radians, 3 vertices:
          (1.43074,0.560299,0)
          (0.960708,0.573396,0)
          (0.966604,0.0998768,0)
Geometric object tree has depth 4 and 59 object nodes (vs. 3 actual objects)
Initializing epsilon function...
Allocating fields...
Solving for band polarization: te.
Initializing fields to random numbers...
1 k-points
  Vector3<0.6494510128332064, -0.34658738924296006, 0.0>
elapsed time for initialization: 0.00019240379333496094
solve_kpoint (0.649451,-0.346587,0):
tefreqs:, k index, k1, k2, k3, kmag/2pi, te band 1
Solving for bands 1 to 1...
    iteration    1: trace = 0.08100701866300038 (137.857% change)
    iteration    2: trace = 0.07113969910737643 (12.9708% change)
    iteration    3: trace = 0.07099893478879693 (0.198066% change)
    iteration    4: trace = 0.07099840726762345 (0.000743001% change)
    iteration    5: trace = 0.0709984065527924 (1.00683e-06% change)
Finished solving for bands 1 to 1 after 5 iterations.
tefreqs:, 1, 0.649451, -0.346587, 0, 0.651179, 0.266455
elapsed time for k point: 0.00013184547424316406
Fixing e-field (band 1) phase by 0.65873 + -0.75238i; max ampl. = 0.468552
total elapsed time for run: 0.0003509521484375
done
Initializing eigensolver data
Computing 1 bands with 1e-07 tolerance
Working in 2 dimensions.
Grid size is 2 x 2 x 1.
Solving for 1 bands at a time.
Creating Maxwell data...
Mesh size is 3.
Lattice vectors:
     (0.520882, 0.853629, 0)
     (0.509437, -0.860508, 0)
     (0, 0, 1)
Cell volume = 0.883093
Reciprocal lattice vectors (/ 2 pi):
     (0.974426, 0.576878, -0)
     (0.966636, -0.589838, 0)
     (-0, 0, 1)
Geometric objects:
     block, center = (0,0,0)
          size (1e+20,1e+20,100)
          axes (1,0,0), (0,1,0), (0,0,1)
     prism, center = (0.434651,0.0769938,50)
          height 100, axis (0,0,1), sidewall angle: 0 radians, 3 vertices:
          (0.607715,-0.0999576,0)
          (0.601283,0.416609,0)
          (0.0949565,-0.0856698,0)
     prism, center = (1.11935,0.411191,50)
          height 100, axis (0,0,1), sidewall angle: 0 radians, 3 vertices:
          (1.43074,0.560299,0)
          (0.960708,0.573396,0)
          (0.966604,0.0998768,0)
Geometric object tree has depth 4 and 59 object nodes (vs. 3 actual objects)
Initializing epsilon function...
Allocating fields...
Solving for band polarization: te.
Initializing fields to random numbers...
1 k-points
  Vector3<0.3242145028900262, -0.6508292533893681, 0.0>
elapsed time for initialization: 0.00016641616821289062
solve_kpoint (0.324215,-0.650829,0):
tefreqs:, k index, k1, k2, k3, kmag/2pi, te band 1
Solving for bands 1 to 1...
    iteration    1: trace = 0.07545095659979408 (108.108% change)
    iteration    2: trace = 0.07331696654824442 (2.86888% change)
    iteration    3: trace = 0.07326415136351316 (0.0720627% change)
    near maximum in trace
    iteration    4: trace = 0.07105317355293239 (3.06405% change)
    iteration    5: trace = 0.0708150330394354 (0.335721% change)
    iteration    6: trace = 0.07081066247285417 (0.006172% change)
    large trace change predicted (0.0137482%)
    iteration    7: trace = 0.07080069281866855 (0.0140803% change)
    iteration    8: trace = 0.07079452673493973 (0.00870945% change)
    iteration    9: trace = 0.07079450392199206 (3.22242e-05% change)
    iteration   10: trace = 0.07079449490325167 (1.27393e-05% change)
    large trace change predicted (2.63995e-05%)
    iteration   11: trace = 0.07079447621214359 (2.64019e-05% change)
    iteration   12: trace = 0.07079447595157862 (3.68058e-07% change)
Finished solving for bands 1 to 1 after 12 iterations.
tefreqs:, 1, 0.324215, -0.650829, 0, 0.651179, 0.266072
elapsed time for k point: 0.000244140625
Fixing e-field (band 1) phase by -0.900156 + -0.435567i; max ampl. = 0.504387
total elapsed time for run: 0.0004334449768066406
done
Initializing eigensolver data
Computing 1 bands with 1e-07 tolerance
Working in 2 dimensions.
Grid size is 2 x 2 x 1.
Solving for 1 bands at a time.
Creating Maxwell data...
Mesh size is 3.
Lattice vectors:
     (0.520882, 0.853629, 0)
     (0.509437, -0.860508, 0)
     (0, 0, 1)
Cell volume = 0.883093
Reciprocal lattice vectors (/ 2 pi):
     (0.974426, 0.576878, -0)
     (0.966636, -0.589838, 0)
     (-0, 0, 1)
Geometric objects:
     block, center = (0,0,0)
          size (1e+20,1e+20,100)
          axes (1,0,0), (0,1,0), (0,0,1)
     prism, center = (0.434651,0.0769938,50)
          height 100, axis (0,0,1), sidewall angle: 0 radians, 3 vertices:
          (0.607715,-0.0999576,0)
          (0.601283,0.416609,0)
          (0.0949565,-0.0856698,0)
     prism, center = (1.11935,0.411191,50)
          height 100, axis (0,0,1), sidewall angle: 0 radians, 3 vertices:
          (1.43074,0.560299,0)
          (0.960708,0.573396,0)
          (0.966604,0.0998768,0)
Geometric object tree has depth 4 and 59 object nodes (vs. 3 actual objects)
Initializing epsilon function...
Allocating fields...
Solving for band polarization: te.
Initializing fields to random numbers...
1 k-points
  Vector3<-0.32421450289002557, -0.3465873892429641, 0.0>
elapsed time for initialization: 0.0001621246337890625
solve_kpoint (-0.324215,-0.346587,0):
tefreqs:, k index, k1, k2, k3, kmag/2pi, te band 1
Solving for bands 1 to 1...
    iteration    1: trace = 0.0763556062141002 (68.0021% change)
    iteration    2: trace = 0.06861603504156547 (10.6774% change)
    iteration    3: trace = 0.0682619443951086 (0.517381% change)
    large trace change predicted (58.9869%)
    large theta (-27.938)
    iteration    4: trace = 0.06640462438652284 (2.7584% change)
    iteration    5: trace = 0.06639344201228174 (0.0168412% change)
    iteration    6: trace = 0.06638926644399487 (0.00628933% change)
    iteration    7: trace = 0.06638799022449292 (0.00192235% change)
    iteration    8: trace = 0.06638794116366592 (7.39002e-05% change)
    iteration    9: trace = 0.06638794056948212 (8.95018e-07% change)
Finished solving for bands 1 to 1 after 9 iterations.
tefreqs:, 1, -0.324215, -0.346587, 0, 0.651179, 0.257659
elapsed time for k point: 0.0002067089080810547
Fixing e-field (band 1) phase by 0.21398 + 0.976838i; max ampl. = 0.50937
total elapsed time for run: 0.0003914833068847656
done
Initializing eigensolver data
Computing 1 bands with 1e-07 tolerance
Working in 2 dimensions.
Grid size is 2 x 2 x 1.
Solving for 1 bands at a time.
Creating Maxwell data...
Mesh size is 3.
Lattice vectors:
     (0.520882, 0.853629, 0)
     (0.509437, -0.860508, 0)
     (0, 0, 1)
Cell volume = 0.883093
Reciprocal lattice vectors (/ 2 pi):
     (0.974426, 0.576878, -0)
     (0.966636, -0.589838, 0)
     (-0, 0, 1)
Geometric objects:
     block, center = (0,0,0)
          size (1e+20,1e+20,100)
          axes (1,0,0), (0,1,0), (0,0,1)
     prism, center = (0.434651,0.0769938,50)
          height 100, axis (0,0,1), sidewall angle: 0 radians, 3 vertices:
          (0.607715,-0.0999576,0)
          (0.601283,0.416609,0)
          (0.0949565,-0.0856698,0)
     prism, center = (1.11935,0.411191,50)
          height 100, axis (0,0,1), sidewall angle: 0 radians, 3 vertices:
          (1.43074,0.560299,0)
          (0.960708,0.573396,0)
          (0.966604,0.0998768,0)
Geometric object tree has depth 4 and 59 object nodes (vs. 3 actual objects)
Initializing epsilon function...
Allocating fields...
Solving for band polarization: te.
Initializing fields to random numbers...
1 k-points
  Vector3<-0.6494510128332044, 0.34658738924296184, 0.0>
elapsed time for initialization: 0.00016355514526367188
solve_kpoint (-0.649451,0.346587,0):
tefreqs:, k index, k1, k2, k3, kmag/2pi, te band 1
Solving for bands 1 to 1...
    iteration    1: trace = 0.07532916918688962 (112.629% change)
    iteration    2: trace = 0.073236501019805 (2.81716% change)
    iteration    3: trace = 0.07223894187045826 (1.37145% change)
    iteration    4: trace = 0.07197052521359812 (0.372259% change)
    iteration    5: trace = 0.07197007133862891 (0.000630642% change)
    iteration    6: trace = 0.07196988267550444 (0.000262141% change)
    iteration    7: trace = 0.07196981201421472 (9.81818e-05% change)
    iteration    8: trace = 0.07196981195150415 (8.71346e-08% change)
Finished solving for bands 1 to 1 after 8 iterations.
tefreqs:, 1, -0.649451, 0.346587, 0, 0.651179, 0.268272
elapsed time for k point: 0.0005946159362792969
Fixing e-field (band 1) phase by 0.658399 + -0.752669i; max ampl. = 0.457325
total elapsed time for run: 0.0008237361907958984
done
Initializing eigensolver data
Computing 1 bands with 1e-07 tolerance
Working in 2 dimensions.
Grid size is 2 x 2 x 1.
Solving for 1 bands at a time.
Creating Maxwell data...
Mesh size is 3.
Lattice vectors:
     (0.520882, 0.853629, 0)
     (0.509437, -0.860508, 0)
     (0, 0, 1)
Cell volume = 0.883093
Reciprocal lattice vectors (/ 2 pi):
     (0.974426, 0.576878, -0)
     (0.966636, -0.589838, 0)
     (-0, 0, 1)
Geometric objects:
     block, center = (0,0,0)
          size (1e+20,1e+20,100)
          axes (1,0,0), (0,1,0), (0,0,1)
     prism, center = (0.434651,0.0769938,50)
          height 100, axis (0,0,1), sidewall angle: 0 radians, 3 vertices:
          (0.607715,-0.0999576,0)
          (0.601283,0.416609,0)
          (0.0949565,-0.0856698,0)
     prism, center = (1.11935,0.411191,50)
          height 100, axis (0,0,1), sidewall angle: 0 radians, 3 vertices:
          (1.43074,0.560299,0)
          (0.960708,0.573396,0)
          (0.966604,0.0998768,0)
Geometric object tree has depth 4 and 59 object nodes (vs. 3 actual objects)
Initializing epsilon function...
Allocating fields...
Solving for band polarization: te.
Initializing fields to random numbers...
1 k-points
  Vector3<-0.3242145028900255, 0.6508292533893686, 0.0>
elapsed time for initialization: 0.00018405914306640625
solve_kpoint (-0.324215,0.650829,0):
tefreqs:, k index, k1, k2, k3, kmag/2pi, te band 1
Solving for bands 1 to 1...
    iteration    1: trace = 0.0798177706329678 (140.522% change)
    iteration    2: trace = 0.07103408915853848 (11.6454% change)
    iteration    3: trace = 0.0709012330213282 (0.187207% change)
    iteration    4: trace = 0.07090088569742775 (0.000489871% change)
    iteration    5: trace = 0.07090088531763949 (5.35661e-07% change)
Finished solving for bands 1 to 1 after 5 iterations.
tefreqs:, 1, -0.324215, 0.650829, 0, 0.651179, 0.266272
elapsed time for k point: 0.00012612342834472656
Fixing e-field (band 1) phase by -0.66186 + 0.749627i; max ampl. = 0.460698
total elapsed time for run: 0.00033354759216308594
done
Initializing eigensolver data
Computing 1 bands with 1e-07 tolerance
Working in 2 dimensions.
Grid size is 2 x 2 x 1.
Solving for 1 bands at a time.
Creating Maxwell data...
Mesh size is 3.
Lattice vectors:
     (0.520882, 0.853629, 0)
     (0.509437, -0.860508, 0)
     (0, 0, 1)
Cell volume = 0.883093
Reciprocal lattice vectors (/ 2 pi):
     (0.974426, 0.576878, -0)
     (0.966636, -0.589838, 0)
     (-0, 0, 1)
Geometric objects:
     block, center = (0,0,0)
          size (1e+20,1e+20,100)
          axes (1,0,0), (0,1,0), (0,0,1)
     prism, center = (0.434651,0.0769938,50)
          height 100, axis (0,0,1), sidewall angle: 0 radians, 3 vertices:
          (0.607715,-0.0999576,0)
          (0.601283,0.416609,0)
          (0.0949565,-0.0856698,0)
     prism, center = (1.11935,0.411191,50)
          height 100, axis (0,0,1), sidewall angle: 0 radians, 3 vertices:
          (1.43074,0.560299,0)
          (0.960708,0.573396,0)
          (0.966604,0.0998768,0)
Geometric object tree has depth 4 and 59 object nodes (vs. 3 actual objects)
Initializing epsilon function...
Allocating fields...
Solving for band polarization: te.
Initializing fields to random numbers...
1 k-points
  Vector3<0.0, 0.0, 0.0>
elapsed time for initialization: 0.0001761913299560547
solve_kpoint (0,0,0):
tefreqs:, k index, k1, k2, k3, kmag/2pi, te band 1
tefreqs:, 1, 0, 0, 0, 0, 0
elapsed time for k point: 1.5735626220703125e-05
Fixing e-field (band 1) phase by 1 + -0i; max ampl. = 0
total elapsed time for run: 0.00023651123046875
done
Initializing eigensolver data
Computing 1 bands with 1e-07 tolerance
Working in 2 dimensions.
Grid size is 2 x 2 x 1.
Solving for 1 bands at a time.
Creating Maxwell data...
Mesh size is 3.
Lattice vectors:
     (0.520882, 0.853629, 0)
     (0.509437, -0.860508, 0)
     (0, 0, 1)
Cell volume = 0.883093
Reciprocal lattice vectors (/ 2 pi):
     (0.974426, 0.576878, -0)
     (0.966636, -0.589838, 0)
     (-0, 0, 1)
Geometric objects:
     block, center = (0,0,0)
          size (1e+20,1e+20,100)
          axes (1,0,0), (0,1,0), (0,0,1)
     prism, center = (0.434651,0.0769938,50)
          height 100, axis (0,0,1), sidewall angle: 0 radians, 3 vertices:
          (0.607715,-0.0999576,0)
          (0.601283,0.416609,0)
          (0.0949565,-0.0856698,0)
     prism, center = (1.11935,0.411191,50)
          height 100, axis (0,0,1), sidewall angle: 0 radians, 3 vertices:
          (1.43074,0.560299,0)
          (0.960708,0.573396,0)
          (0.966604,0.0998768,0)
Geometric object tree has depth 4 and 59 object nodes (vs. 3 actual objects)
Initializing epsilon function...
Allocating fields...
Solving for band polarization: te.
Initializing fields to random numbers...
1 k-points
  Vector3<-0.48683275786161556, 0.0, 0.0>
elapsed time for initialization: 0.0004017353057861328
solve_kpoint (-0.486833,0,0):
tefreqs:, k index, k1, k2, k3, kmag/2pi, te band 1
Solving for bands 1 to 1...
    iteration    1: trace = 0.05485727788735027 (112.322% change)
    iteration    2: trace = 0.05172142739548188 (5.88457% change)
    iteration    3: trace = 0.05024707215118744 (2.89179% change)
    iteration    4: trace = 0.0502296681728567 (0.0346428% change)
    iteration    5: trace = 0.0502296394135075 (5.72557e-05% change)
    iteration    6: trace = 0.05022963637292027 (6.05337e-06% change)
Finished solving for bands 1 to 1 after 6 iterations.
tefreqs:, 1, -0.486833, 0, 0, 0.551282, 0.22412
elapsed time for k point: 0.0003342628479003906
Fixing e-field (band 1) phase by 0.648922 + -0.760855i; max ampl. = 0.444037
total elapsed time for run: 0.0008680820465087891
done
epsilon: 4.62384-7.29, mean 6.10084, harm. mean 5.85699, 100% > 1, 55.3979% "fill"
Initializing eigensolver data
Computing 1 bands with 1e-07 tolerance
Working in 2 dimensions.
Grid size is 2 x 2 x 1.
Solving for 1 bands at a time.
Creating Maxwell data...
Mesh size is 3.
Lattice vectors:
     (0.520882, 0.853629, 0)
     (0.509437, -0.860508, 0)
     (0, 0, 1)
Cell volume = 0.883093
Reciprocal lattice vectors (/ 2 pi):
     (0.974426, 0.576878, -0)
     (0.966636, -0.589838, 0)
     (-0, 0, 1)
Geometric objects:
     block, center = (0,0,0)
          size (1e+20,1e+20,100)
          axes (1,0,0), (0,1,0), (0,0,1)
     prism, center = (0.434651,0.0769938,50)
          height 100, axis (0,0,1), sidewall angle: 0 radians, 3 vertices:
          (0.607715,-0.0999576,0)
          (0.601283,0.416609,0)
          (0.0949565,-0.0856698,0)
     prism, center = (1.11935,0.411191,50)
          height 100, axis (0,0,1), sidewall angle: 0 radians, 3 vertices:
          (1.43074,0.560299,0)
          (0.960708,0.573396,0)
          (0.966604,0.0998768,0)
Geometric object tree has depth 4 and 59 object nodes (vs. 3 actual objects)
Initializing epsilon function...
Allocating fields...
Solving for band polarization: te.
Initializing fields to random numbers...
1 k-points
  Vector3<-0.4816239409013793, 0.005094366226529756, 0.0>
elapsed time for initialization: 0.00020456314086914062
solve_kpoint (-0.481624,0.00509437,0):
tefreqs:, k index, k1, k2, k3, kmag/2pi, te band 1
Solving for bands 1 to 1...
    iteration    1: trace = 0.05453260967907501 (113.334% change)
    iteration    2: trace = 0.05077932059360662 (7.12795% change)
    iteration    3: trace = 0.04881397457951233 (3.94674% change)
    iteration    4: trace = 0.04880560528917918 (0.0171467% change)
    iteration    5: trace = 0.04880559056410032 (3.01709e-05% change)
    iteration    6: trace = 0.04880558693376919 (7.43835e-06% change)
Finished solving for bands 1 to 1 after 6 iterations.
tefreqs:, 1, -0.481624, 0.00509437, 0, 0.5427, 0.22092
elapsed time for k point: 0.00016641616821289062
Fixing e-field (band 1) phase by 0.649033 + -0.76076i; max ampl. = 0.418563
total elapsed time for run: 0.0004055500030517578
done
epsilon: 4.62384-7.29, mean 6.10084, harm. mean 5.85699, 100% > 1, 55.3979% "fill"
Initializing eigensolver data
Computing 1 bands with 1e-07 tolerance
Working in 2 dimensions.
Grid size is 2 x 2 x 1.
Solving for 1 bands at a time.
Creating Maxwell data...
Mesh size is 3.
Lattice vectors:
     (0.520882, 0.853629, 0)
     (0.509437, -0.860508, 0)
     (0, 0, 1)
Cell volume = 0.883093
Reciprocal lattice vectors (/ 2 pi):
     (0.974426, 0.576878, -0)
     (0.966636, -0.589838, 0)
     (-0, 0, 1)
Geometric objects:
     block, center = (0,0,0)
          size (1e+20,1e+20,100)
          axes (1,0,0), (0,1,0), (0,0,1)
     prism, center = (0.434651,0.0769938,50)
          height 100, axis (0,0,1), sidewall angle: 0 radians, 3 vertices:
          (0.607715,-0.0999576,0)
          (0.601283,0.416609,0)
          (0.0949565,-0.0856698,0)
     prism, center = (1.11935,0.411191,50)
          height 100, axis (0,0,1), sidewall angle: 0 radians, 3 vertices:
          (1.43074,0.560299,0)
          (0.960708,0.573396,0)
          (0.966604,0.0998768,0)
Geometric object tree has depth 4 and 59 object nodes (vs. 3 actual objects)
Initializing epsilon function...
Allocating fields...
Solving for band polarization: te.
Initializing fields to random numbers...
1 k-points
  Vector3<-0.47308765213665516, -0.003510715571454104, 0.0>
elapsed time for initialization: 0.00018525123596191406
solve_kpoint (-0.473088,-0.00351072,0):
tefreqs:, k index, k1, k2, k3, kmag/2pi, te band 1
Solving for bands 1 to 1...
    iteration    1: trace = 0.05428954569763637 (113.334% change)
    iteration    2: trace = 0.04997743739352641 (8.27128% change)
    iteration    3: trace = 0.04789081029865341 (4.26416% change)
    iteration    4: trace = 0.04788394390827552 (0.0143386% change)
    iteration    5: trace = 0.0478839257296845 (3.79639e-05% change)
    iteration    6: trace = 0.04788392026859484 (1.14049e-05% change)
    iteration    7: trace = 0.04788392025691014 (2.44021e-08% change)
Finished solving for bands 1 to 1 after 7 iterations.
tefreqs:, 1, -0.473088, -0.00351072, 0, 0.537594, 0.218824
elapsed time for k point: 0.0001609325408935547
Fixing e-field (band 1) phase by 0.648676 + -0.761065i; max ampl. = 0.411329
total elapsed time for run: 0.0003752708435058594
done
epsilon: 4.62384-7.29, mean 6.10084, harm. mean 5.85699, 100% > 1, 55.3979% "fill"
Initializing eigensolver data
Computing 1 bands with 1e-07 tolerance
Working in 2 dimensions.
Grid size is 2 x 2 x 1.
Solving for 1 bands at a time.
Creating Maxwell data...
Mesh size is 3.
Lattice vectors:
     (0.520882, 0.853629, 0)
     (0.509437, -0.860508, 0)
     (0, 0, 1)
Cell volume = 0.883093
Reciprocal lattice vectors (/ 2 pi):
     (0.974426, 0.576878, -0)
     (0.966636, -0.589838, 0)
     (-0, 0, 1)
Geometric objects:
     block, center = (0,0,0)
          size (1e+20,1e+20,100)
          axes (1,0,0), (0,1,0), (0,0,1)
     prism, center = (0.434651,0.0769938,50)
          height 100, axis (0,0,1), sidewall angle: 0 radians, 3 vertices:
          (0.607715,-0.0999576,0)
          (0.601283,0.416609,0)
          (0.0949565,-0.0856698,0)
     prism, center = (1.11935,0.411191,50)
          height 100, axis (0,0,1), sidewall angle: 0 radians, 3 vertices:
          (1.43074,0.560299,0)
          (0.960708,0.573396,0)
          (0.966604,0.0998768,0)
Geometric object tree has depth 4 and 59 object nodes (vs. 3 actual objects)
Initializing epsilon function...
Allocating fields...
Solving for band polarization: te.
Initializing fields to random numbers...
1 k-points
  Vector3<-0.47829646909689144, -0.00860508179798386, 0.0>
elapsed time for initialization: 0.0001704692840576172
solve_kpoint (-0.478296,-0.00860508,0):
tefreqs:, k index, k1, k2, k3, kmag/2pi, te band 1
Solving for bands 1 to 1...
    iteration    1: trace = 0.05475020305365006 (112.147% change)
    iteration    2: trace = 0.05116528834807966 (6.76939% change)
    iteration    3: trace = 0.04935720155825003 (3.59738% change)
    iteration    4: trace = 0.04934401680508744 (0.0267165% change)
    iteration    5: trace = 0.04934399165181139 (5.09753e-05% change)
    iteration    6: trace = 0.04934398661058186 (1.02165e-05% change)
    iteration    7: trace = 0.04934398655465028 (1.1335e-07% change)
Finished solving for bands 1 to 1 after 7 iterations.
tefreqs:, 1, -0.478296, -0.00860508, 0, 0.546255, 0.222135
elapsed time for k point: 0.00016641616821289062
Fixing e-field (band 1) phase by 0.648535 + -0.761184i; max ampl. = 0.429535
total elapsed time for run: 0.0003609657287597656
done
epsilon: 4.62384-7.29, mean 6.10084, harm. mean 5.85699, 100% > 1, 55.3979% "fill"
Initializing eigensolver data
Computing 1 bands with 1e-07 tolerance
Working in 2 dimensions.
Grid size is 2 x 2 x 1.
Solving for 1 bands at a time.
Creating Maxwell data...
Mesh size is 3.
Lattice vectors:
     (0.520882, 0.853629, 0)
     (0.509437, -0.860508, 0)
     (0, 0, 1)
Cell volume = 0.883093
Reciprocal lattice vectors (/ 2 pi):
     (0.974426, 0.576878, -0)
     (0.966636, -0.589838, 0)
     (-0, 0, 1)
Geometric objects:
     block, center = (0,0,0)
          size (1e+20,1e+20,100)
          axes (1,0,0), (0,1,0), (0,0,1)
     prism, center = (0.434651,0.0769938,50)
          height 100, axis (0,0,1), sidewall angle: 0 radians, 3 vertices:
          (0.607715,-0.0999576,0)
          (0.601283,0.416609,0)
          (0.0949565,-0.0856698,0)
     prism, center = (1.11935,0.411191,50)
          height 100, axis (0,0,1), sidewall angle: 0 radians, 3 vertices:
          (1.43074,0.560299,0)
          (0.960708,0.573396,0)
          (0.966604,0.0998768,0)
Geometric object tree has depth 4 and 59 object nodes (vs. 3 actual objects)
Initializing epsilon function...
Allocating fields...
Solving for band polarization: te.
Initializing fields to random numbers...
1 k-points
  Vector3<-0.48683275786161556, 0.4987083213161647, 0.0>
elapsed time for initialization: 0.00018453598022460938
solve_kpoint (-0.486833,0.498708,0):
tefreqs:, k index, k1, k2, k3, kmag/2pi, te band 1
Solving for bands 1 to 1...
    iteration    1: trace = 0.06673076984275929 (135.97% change)
    iteration    2: trace = 0.05647528979723505 (16.6477% change)
    iteration    3: trace = 0.05620062516990191 (0.48753% change)
    iteration    4: trace = 0.05619935031537779 (0.00226842% change)
    iteration    5: trace = 0.05619933930462521 (1.95923e-05% change)
    iteration    6: trace = 0.05619933925978848 (7.97816e-08% change)
Finished solving for bands 1 to 1 after 6 iterations.
tefreqs:, 1, -0.486833, 0.498708, 0, 0.575052, 0.237064
elapsed time for k point: 0.00014448165893554688
Fixing e-field (band 1) phase by -0.657756 + 0.753231i; max ampl. = 0.534607
total elapsed time for run: 0.00035071372985839844
done
epsilon: 4.62384-7.29, mean 6.10084, harm. mean 5.85699, 100% > 1, 55.3979% "fill"
Initializing eigensolver data
Computing 1 bands with 1e-07 tolerance
Working in 2 dimensions.
Grid size is 2 x 2 x 1.
Solving for 1 bands at a time.
Creating Maxwell data...
Mesh size is 3.
Lattice vectors:
     (0.520882, 0.853629, 0)
     (0.509437, -0.860508, 0)
     (0, 0, 1)
Cell volume = 0.883093
Reciprocal lattice vectors (/ 2 pi):
     (0.974426, 0.576878, -0)
     (0.966636, -0.589838, 0)
     (-0, 0, 1)
Geometric objects:
     block, center = (0,0,0)
          size (1e+20,1e+20,100)
          axes (1,0,0), (0,1,0), (0,0,1)
     prism, center = (0.434651,0.0769938,50)
          height 100, axis (0,0,1), sidewall angle: 0 radians, 3 vertices:
          (0.607715,-0.0999576,0)
          (0.601283,0.416609,0)
          (0.0949565,-0.0856698,0)
     prism, center = (1.11935,0.411191,50)
          height 100, axis (0,0,1), sidewall angle: 0 radians, 3 vertices:
          (1.43074,0.560299,0)
          (0.960708,0.573396,0)
          (0.966604,0.0998768,0)
Geometric object tree has depth 4 and 59 object nodes (vs. 3 actual objects)
Initializing epsilon function...
Allocating fields...
Solving for band polarization: te.
Initializing fields to random numbers...
1 k-points
  Vector3<-0.4816239409013793, 0.5038026875426945, 0.0>
elapsed time for initialization: 0.0001690387725830078
solve_kpoint (-0.481624,0.503803,0):
tefreqs:, k index, k1, k2, k3, kmag/2pi, te band 1
Solving for bands 1 to 1...
    iteration    1: trace = 0.06659345829233307 (136.553% change)
    iteration    2: trace = 0.05648205849435114 (16.4312% change)
    iteration    3: trace = 0.05622148112244937 (0.462412% change)
    iteration    4: trace = 0.05622030197206911 (0.00209735% change)
    iteration    5: trace = 0.05622029275005343 (1.64034e-05% change)
    iteration    6: trace = 0.0562202927135246 (6.49745e-08% change)
Finished solving for bands 1 to 1 after 6 iterations.
tefreqs:, 1, -0.481624, 0.503803, 0, 0.575272, 0.237108
elapsed time for k point: 0.000141143798828125
Fixing e-field (band 1) phase by -0.65787 + 0.753132i; max ampl. = 0.534068
total elapsed time for run: 0.00033092498779296875
done
epsilon: 4.62384-7.29, mean 6.10084, harm. mean 5.85699, 100% > 1, 55.3979% "fill"
Initializing eigensolver data
Computing 1 bands with 1e-07 tolerance
Working in 2 dimensions.
Grid size is 2 x 2 x 1.
Solving for 1 bands at a time.
Creating Maxwell data...
Mesh size is 3.
Lattice vectors:
     (0.520882, 0.853629, 0)
     (0.509437, -0.860508, 0)
     (0, 0, 1)
Cell volume = 0.883093
Reciprocal lattice vectors (/ 2 pi):
     (0.974426, 0.576878, -0)
     (0.966636, -0.589838, 0)
     (-0, 0, 1)
Geometric objects:
     block, center = (0,0,0)
          size (1e+20,1e+20,100)
          axes (1,0,0), (0,1,0), (0,0,1)
     prism, center = (0.434651,0.0769938,50)
          height 100, axis (0,0,1), sidewall angle: 0 radians, 3 vertices:
          (0.607715,-0.0999576,0)
          (0.601283,0.416609,0)
          (0.0949565,-0.0856698,0)
     prism, center = (1.11935,0.411191,50)
          height 100, axis (0,0,1), sidewall angle: 0 radians, 3 vertices:
          (1.43074,0.560299,0)
          (0.960708,0.573396,0)
          (0.966604,0.0998768,0)
Geometric object tree has depth 4 and 59 object nodes (vs. 3 actual objects)
Initializing epsilon function...
Allocating fields...
Solving for band polarization: te.
Initializing fields to random numbers...
1 k-points
  Vector3<-0.47308765213665516, 0.4951976057447106, 0.0>
elapsed time for initialization: 0.00016021728515625
solve_kpoint (-0.473088,0.495198,0):
tefreqs:, k index, k1, k2, k3, kmag/2pi, te band 1
Solving for bands 1 to 1...
    iteration    1: trace = 0.0640977577647842 (138.314% change)
    iteration    2: trace = 0.05452030605536252 (16.1484% change)
    iteration    3: trace = 0.05429106312930152 (0.421358% change)
    iteration    4: trace = 0.05429008000044791 (0.00181086% change)
    iteration    5: trace = 0.05429007325879195 (1.24178e-05% change)
    iteration    6: trace = 0.05429007323328017 (4.69916e-08% change)
Finished solving for bands 1 to 1 after 6 iterations.
tefreqs:, 1, -0.473088, 0.495198, 0, 0.565277, 0.233002
elapsed time for k point: 0.00014138221740722656
Fixing e-field (band 1) phase by -0.657748 + 0.753238i; max ampl. = 0.534429
total elapsed time for run: 0.00032138824462890625
done
epsilon: 4.62384-7.29, mean 6.10084, harm. mean 5.85699, 100% > 1, 55.3979% "fill"
Initializing eigensolver data
Computing 1 bands with 1e-07 tolerance
Working in 2 dimensions.
Grid size is 2 x 2 x 1.
Solving for 1 bands at a time.
Creating Maxwell data...
Mesh size is 3.
Lattice vectors:
     (0.520882, 0.853629, 0)
     (0.509437, -0.860508, 0)
     (0, 0, 1)
Cell volume = 0.883093
Reciprocal lattice vectors (/ 2 pi):
     (0.974426, 0.576878, -0)
     (0.966636, -0.589838, 0)
     (-0, 0, 1)
Geometric objects:
     block, center = (0,0,0)
          size (1e+20,1e+20,100)
          axes (1,0,0), (0,1,0), (0,0,1)
     prism, center = (0.434651,0.0769938,50)
          height 100, axis (0,0,1), sidewall angle: 0 radians, 3 vertices:
          (0.607715,-0.0999576,0)
          (0.601283,0.416609,0)
          (0.0949565,-0.0856698,0)
     prism, center = (1.11935,0.411191,50)
          height 100, axis (0,0,1), sidewall angle: 0 radians, 3 vertices:
          (1.43074,0.560299,0)
          (0.960708,0.573396,0)
          (0.966604,0.0998768,0)
Geometric object tree has depth 4 and 59 object nodes (vs. 3 actual objects)
Initializing epsilon function...
Allocating fields...
Solving for band polarization: te.
Initializing fields to random numbers...
1 k-points
  Vector3<-0.47829646909689144, 0.49010323951818086, 0.0>
elapsed time for initialization: 0.0001659393310546875
solve_kpoint (-0.478296,0.490103,0):
tefreqs:, k index, k1, k2, k3, kmag/2pi, te band 1
Solving for bands 1 to 1...
    iteration    1: trace = 0.06423497067261413 (137.738% change)
    iteration    2: trace = 0.05451095737828179 (16.3778% change)
    iteration    3: trace = 0.05426954798166673 (0.443847% change)
    iteration    4: trace = 0.05426848582275384 (0.00195721% change)
    iteration    5: trace = 0.05426847776318978 (1.48513e-05% change)
    iteration    6: trace = 0.05426847773191421 (5.76312e-08% change)
Finished solving for bands 1 to 1 after 6 iterations.
tefreqs:, 1, -0.478296, 0.490103, 0, 0.565052, 0.232956
elapsed time for k point: 0.0001392364501953125
Fixing e-field (band 1) phase by -0.657632 + 0.753339i; max ampl. = 0.534977
total elapsed time for run: 0.0003249645233154297
done
epsilon: 4.62384-7.29, mean 6.10084, harm. mean 5.85699, 100% > 1, 55.3979% "fill"
Initializing eigensolver data
Computing 1 bands with 1e-07 tolerance
Working in 2 dimensions.
Grid size is 2 x 2 x 1.
Solving for 1 bands at a time.
Creating Maxwell data...
Mesh size is 3.
Lattice vectors:
     (0.520882, 0.853629, 0)
     (0.509437, -0.860508, 0)
     (0, 0, 1)
Cell volume = 0.883093
Reciprocal lattice vectors (/ 2 pi):
     (0.974426, 0.576878, -0)
     (0.966636, -0.589838, 0)
     (-0, 0, 1)
Geometric objects:
     block, center = (0,0,0)
          size (1e+20,1e+20,100)
          axes (1,0,0), (0,1,0), (0,0,1)
     prism, center = (0.434651,0.0769938,50)
          height 100, axis (0,0,1), sidewall angle: 0 radians, 3 vertices:
          (0.607715,-0.0999576,0)
          (0.601283,0.416609,0)
          (0.0949565,-0.0856698,0)
     prism, center = (1.11935,0.411191,50)
          height 100, axis (0,0,1), sidewall angle: 0 radians, 3 vertices:
          (1.43074,0.560299,0)
          (0.960708,0.573396,0)
          (0.966604,0.0998768,0)
Geometric object tree has depth 4 and 59 object nodes (vs. 3 actual objects)
Initializing epsilon function...
Allocating fields...
Solving for band polarization: te.
Initializing fields to random numbers...
1 k-points
  Vector3<5.551115123125783e-17, -0.4987083213161647, 0.0>
elapsed time for initialization: 0.00018644332885742188
solve_kpoint (5.55112e-17,-0.498708,0):
tefreqs:, k index, k1, k2, k3, kmag/2pi, te band 1
Solving for bands 1 to 1...
    iteration    1: trace = 0.05824913549349072 (105.855% change)
    iteration    2: trace = 0.05554137566754731 (4.7592% change)
    near maximum in trace
    iteration    3: trace = 0.05257381283193751 (5.48963% change)
    iteration    4: trace = 0.05214976351910765 (0.809845% change)
    iteration    5: trace = 0.05214262816907624 (0.0136834% change)
    iteration    6: trace = 0.052129348176624 (0.0254718% change)
    iteration    7: trace = 0.05212516103882159 (0.00803253% change)
    iteration    8: trace = 0.05212511891956822 (8.08041e-05% change)
    iteration    9: trace = 0.05212509964096426 (3.69853e-05% change)
    iteration   10: trace = 0.05212509123678085 (1.61231e-05% change)
    iteration   11: trace = 0.052125091187641 (9.42729e-08% change)
Finished solving for bands 1 to 1 after 11 iterations.
tefreqs:, 1, 5.55112e-17, -0.498708, 0, 0.564729, 0.228309
elapsed time for k point: 0.0002334117889404297
Fixing e-field (band 1) phase by 0.00781566 + -0.999969i; max ampl. = 0.527373
total elapsed time for run: 0.0004413127899169922
done
epsilon: 4.62384-7.29, mean 6.10084, harm. mean 5.85699, 100% > 1, 55.3979% "fill"
Initializing eigensolver data
Computing 1 bands with 1e-07 tolerance
Working in 2 dimensions.
Grid size is 2 x 2 x 1.
Solving for 1 bands at a time.
Creating Maxwell data...
Mesh size is 3.
Lattice vectors:
     (0.520882, 0.853629, 0)
     (0.509437, -0.860508, 0)
     (0, 0, 1)
Cell volume = 0.883093
Reciprocal lattice vectors (/ 2 pi):
     (0.974426, 0.576878, -0)
     (0.966636, -0.589838, 0)
     (-0, 0, 1)
Geometric objects:
     block, center = (0,0,0)
          size (1e+20,1e+20,100)
          axes (1,0,0), (0,1,0), (0,0,1)
     prism, center = (0.434651,0.0769938,50)
          height 100, axis (0,0,1), sidewall angle: 0 radians, 3 vertices:
          (0.607715,-0.0999576,0)
          (0.601283,0.416609,0)
          (0.0949565,-0.0856698,0)
     prism, center = (1.11935,0.411191,50)
          height 100, axis (0,0,1), sidewall angle: 0 radians, 3 vertices:
          (1.43074,0.560299,0)
          (0.960708,0.573396,0)
          (0.966604,0.0998768,0)
Geometric object tree has depth 4 and 59 object nodes (vs. 3 actual objects)
Initializing epsilon function...
Allocating fields...
Solving for band polarization: te.
Initializing fields to random numbers...
1 k-points
  Vector3<0.005208816960236312, -0.4936139550896349, 0.0>
elapsed time for initialization: 0.00015974044799804688
solve_kpoint (0.00520882,-0.493614,0):
tefreqs:, k index, k1, k2, k3, kmag/2pi, te band 1
Solving for bands 1 to 1...
    iteration    1: trace = 0.05836077841456436 (106.371% change)
    iteration    2: trace = 0.0553336966181384 (5.32494% change)
    near maximum in trace
    iteration    3: trace = 0.05111524856553207 (7.92577% change)
    iteration    4: trace = 0.05104750133659568 (0.132626% change)
    iteration    5: trace = 0.05104717762936005 (0.000634131% change)
    iteration    6: trace = 0.05104698123453819 (0.000384733% change)
    iteration    7: trace = 0.05104698055903802 (1.32329e-06% change)
Finished solving for bands 1 to 1 after 7 iterations.
tefreqs:, 1, 0.00520882, -0.493614, 0, 0.556217, 0.225936
elapsed time for k point: 0.00015854835510253906
Fixing e-field (band 1) phase by 0.456567 + -0.889689i; max ampl. = 0.461667
total elapsed time for run: 0.00033736228942871094
done
epsilon: 4.62384-7.29, mean 6.10084, harm. mean 5.85699, 100% > 1, 55.3979% "fill"
Initializing eigensolver data
Computing 1 bands with 1e-07 tolerance
Working in 2 dimensions.
Grid size is 2 x 2 x 1.
Solving for 1 bands at a time.
Creating Maxwell data...
Mesh size is 3.
Lattice vectors:
     (0.520882, 0.853629, 0)
     (0.509437, -0.860508, 0)
     (0, 0, 1)
Cell volume = 0.883093
Reciprocal lattice vectors (/ 2 pi):
     (0.974426, 0.576878, -0)
     (0.966636, -0.589838, 0)
     (-0, 0, 1)
Geometric objects:
     block, center = (0,0,0)
          size (1e+20,1e+20,100)
          axes (1,0,0), (0,1,0), (0,0,1)
     prism, center = (0.434651,0.0769938,50)
          height 100, axis (0,0,1), sidewall angle: 0 radians, 3 vertices:
          (0.607715,-0.0999576,0)
          (0.601283,0.416609,0)
          (0.0949565,-0.0856698,0)
     prism, center = (1.11935,0.411191,50)
          height 100, axis (0,0,1), sidewall angle: 0 radians, 3 vertices:
          (1.43074,0.560299,0)
          (0.960708,0.573396,0)
          (0.966604,0.0998768,0)
Geometric object tree has depth 4 and 59 object nodes (vs. 3 actual objects)
Initializing epsilon function...
Allocating fields...
Solving for band polarization: te.
Initializing fields to random numbers...
1 k-points
  Vector3<0.013745105724960377, -0.5022190368876188, 0.0>
elapsed time for initialization: 0.00015974044799804688
solve_kpoint (0.0137451,-0.502219,0):
tefreqs:, k index, k1, k2, k3, kmag/2pi, te band 1
Solving for bands 1 to 1...
    iteration    1: trace = 0.05831554670463778 (106.702% change)
    iteration    2: trace = 0.05560504236381093 (4.75859% change)
    near maximum in trace
    iteration    3: trace = 0.05206152272306486 (6.5824% change)
    iteration    4: trace = 0.05185609473411306 (0.395367% change)
    iteration    5: trace = 0.05185473593778161 (0.00262036% change)
    iteration    6: trace = 0.05185261841230983 (0.00408366% change)
    iteration    7: trace = 0.05185240264997932 (0.000416108% change)
    iteration    8: trace = 0.05185240225962837 (7.52812e-07% change)
Finished solving for bands 1 to 1 after 8 iterations.
tefreqs:, 1, 0.0137451, -0.502219, 0, 0.56157, 0.227711
elapsed time for k point: 0.00017571449279785156
Fixing e-field (band 1) phase by 0.281523 + -0.959554i; max ampl. = 0.497639
total elapsed time for run: 0.0003542900085449219
done
epsilon: 4.62384-7.29, mean 6.10084, harm. mean 5.85699, 100% > 1, 55.3979% "fill"
Initializing eigensolver data
Computing 1 bands with 1e-07 tolerance
Working in 2 dimensions.
Grid size is 2 x 2 x 1.
Solving for 1 bands at a time.
Creating Maxwell data...
Mesh size is 3.
Lattice vectors:
     (0.520882, 0.853629, 0)
     (0.509437, -0.860508, 0)
     (0, 0, 1)
Cell volume = 0.883093
Reciprocal lattice vectors (/ 2 pi):
     (0.974426, 0.576878, -0)
     (0.966636, -0.589838, 0)
     (-0, 0, 1)
Geometric objects:
     block, center = (0,0,0)
          size (1e+20,1e+20,100)
          axes (1,0,0), (0,1,0), (0,0,1)
     prism, center = (0.434651,0.0769938,50)
          height 100, axis (0,0,1), sidewall angle: 0 radians, 3 vertices:
          (0.607715,-0.0999576,0)
          (0.601283,0.416609,0)
          (0.0949565,-0.0856698,0)
     prism, center = (1.11935,0.411191,50)
          height 100, axis (0,0,1), sidewall angle: 0 radians, 3 vertices:
          (1.43074,0.560299,0)
          (0.960708,0.573396,0)
          (0.966604,0.0998768,0)
Geometric object tree has depth 4 and 59 object nodes (vs. 3 actual objects)
Initializing epsilon function...
Allocating fields...
Solving for band polarization: te.
Initializing fields to random numbers...
1 k-points
  Vector3<0.00853628876472412, -0.5073134031141485, 0.0>
elapsed time for initialization: 0.00016045570373535156
solve_kpoint (0.00853629,-0.507313,0):
tefreqs:, k index, k1, k2, k3, kmag/2pi, te band 1
Solving for bands 1 to 1...
    iteration    1: trace = 0.05804217173151321 (106.39% change)
    iteration    2: trace = 0.05543769139411232 (4.59021% change)
    near maximum in trace
    iteration    3: trace = 0.05311987479346428 (4.27021% change)
    iteration    4: trace = 0.05247240702831334 (1.22635% change)
    iteration    5: trace = 0.05244450035571183 (0.0531977% change)
    iteration    6: trace = 0.05240869629909409 (0.0682937% change)
    iteration    7: trace = 0.05238910076084952 (0.0373969% change)
    iteration    8: trace = 0.05238878406498929 (0.000604509% change)
    iteration    9: trace = 0.05238875939694813 (4.70865e-05% change)
    iteration   10: trace = 0.05238872360022855 (6.8329e-05% change)
    iteration   11: trace = 0.05238872344351246 (2.99141e-07% change)
Finished solving for bands 1 to 1 after 11 iterations.
tefreqs:, 1, 0.00853629, -0.507313, 0, 0.570002, 0.228886
elapsed time for k point: 0.00021910667419433594
Fixing e-field (band 1) phase by -0.869066 + -0.494696i; max ampl. = 0.564602
total elapsed time for run: 0.00039887428283691406
done
epsilon: 4.62384-7.29, mean 6.10084, harm. mean 5.85699, 100% > 1, 55.3979% "fill"
Initializing eigensolver data
Computing 1 bands with 1e-07 tolerance
Working in 2 dimensions.
Grid size is 2 x 2 x 1.
Solving for 1 bands at a time.
Creating Maxwell data...
Mesh size is 3.
Lattice vectors:
     (0.520882, 0.853629, 0)
     (0.509437, -0.860508, 0)
     (0, 0, 1)
Cell volume = 0.883093
Reciprocal lattice vectors (/ 2 pi):
     (0.974426, 0.576878, -0)
     (0.966636, -0.589838, 0)
     (-0, 0, 1)
Geometric objects:
     block, center = (0,0,0)
          size (1e+20,1e+20,100)
          axes (1,0,0), (0,1,0), (0,0,1)
     prism, center = (0.434651,0.0769938,50)
          height 100, axis (0,0,1), sidewall angle: 0 radians, 3 vertices:
          (0.607715,-0.0999576,0)
          (0.601283,0.416609,0)
          (0.0949565,-0.0856698,0)
     prism, center = (1.11935,0.411191,50)
          height 100, axis (0,0,1), sidewall angle: 0 radians, 3 vertices:
          (1.43074,0.560299,0)
          (0.960708,0.573396,0)
          (0.966604,0.0998768,0)
Geometric object tree has depth 4 and 59 object nodes (vs. 3 actual objects)
Initializing epsilon function...
Allocating fields...
Solving for band polarization: te.
Initializing fields to random numbers...
1 k-points
  Vector3<0.0, 0.0, 0.0>
elapsed time for initialization: 0.0001780986785888672
solve_kpoint (0,0,0):
tefreqs:, k index, k1, k2, k3, kmag/2pi, te band 1
tefreqs:, 1, 0, 0, 0, 0, 0
elapsed time for k point: 1.33514404296875e-05
Fixing e-field (band 1) phase by 1 + -0i; max ampl. = 0
total elapsed time for run: 0.00023508071899414062
done
epsilon: 4.62384-7.29, mean 6.10084, harm. mean 5.85699, 100% > 1, 55.3979% "fill"
Initializing eigensolver data
Computing 1 bands with 1e-07 tolerance
Working in 2 dimensions.
Grid size is 2 x 2 x 1.
Solving for 1 bands at a time.
Creating Maxwell data...
Mesh size is 3.
Lattice vectors:
     (0.520882, 0.853629, 0)
     (0.509437, -0.860508, 0)
     (0, 0, 1)
Cell volume = 0.883093
Reciprocal lattice vectors (/ 2 pi):
     (0.974426, 0.576878, -0)
     (0.966636, -0.589838, 0)
     (-0, 0, 1)
Geometric objects:
     block, center = (0,0,0)
          size (1e+20,1e+20,100)
          axes (1,0,0), (0,1,0), (0,0,1)
     prism, center = (0.434651,0.0769938,50)
          height 100, axis (0,0,1), sidewall angle: 0 radians, 3 vertices:
          (0.607715,-0.0999576,0)
          (0.601283,0.416609,0)
          (0.0949565,-0.0856698,0)
     prism, center = (1.11935,0.411191,50)
          height 100, axis (0,0,1), sidewall angle: 0 radians, 3 vertices:
          (1.43074,0.560299,0)
          (0.960708,0.573396,0)
          (0.966604,0.0998768,0)
Geometric object tree has depth 4 and 59 object nodes (vs. 3 actual objects)
Initializing epsilon function...
Allocating fields...
Solving for band polarization: te.
Initializing fields to random numbers...
1 k-points
  Vector3<0.005208816960236271, 0.0050943662265297545, 0.0>
elapsed time for initialization: 0.00015926361083984375
solve_kpoint (0.00520882,0.00509437,0):
tefreqs:, k index, k1, k2, k3, kmag/2pi, te band 1
Solving for bands 1 to 1...
    near maximum in trace
    iteration    1: trace = 1.654669198866228e-05 (199.978% change)
    iteration    2: trace = 1.639690066190301e-05 (0.909381% change)
    iteration    3: trace = 1.639557193659791e-05 (0.00810384% change)
    iteration    4: trace = 1.639557171034385e-05 (1.37997e-06% change)
Finished solving for bands 1 to 1 after 4 iterations.
tefreqs:, 1, 0.00520882, 0.00509437, 0, 0.01, 0.00404914
elapsed time for k point: 0.00011348724365234375
Fixing e-field (band 1) phase by -0.655066 + 0.755572i; max ampl. = 0.435746
total elapsed time for run: 0.0002913475036621094
done
epsilon: 4.62384-7.29, mean 6.10084, harm. mean 5.85699, 100% > 1, 55.3979% "fill"
Initializing eigensolver data
Computing 1 bands with 1e-07 tolerance
Working in 2 dimensions.
Grid size is 2 x 2 x 1.
Solving for 1 bands at a time.
Creating Maxwell data...
Mesh size is 3.
Lattice vectors:
     (0.520882, 0.853629, 0)
     (0.509437, -0.860508, 0)
     (0, 0, 1)
Cell volume = 0.883093
Reciprocal lattice vectors (/ 2 pi):
     (0.974426, 0.576878, -0)
     (0.966636, -0.589838, 0)
     (-0, 0, 1)
Geometric objects:
     block, center = (0,0,0)
          size (1e+20,1e+20,100)
          axes (1,0,0), (0,1,0), (0,0,1)
     prism, center = (0.434651,0.0769938,50)
          height 100, axis (0,0,1), sidewall angle: 0 radians, 3 vertices:
          (0.607715,-0.0999576,0)
          (0.601283,0.416609,0)
          (0.0949565,-0.0856698,0)
     prism, center = (1.11935,0.411191,50)
          height 100, axis (0,0,1), sidewall angle: 0 radians, 3 vertices:
          (1.43074,0.560299,0)
          (0.960708,0.573396,0)
          (0.966604,0.0998768,0)
Geometric object tree has depth 4 and 59 object nodes (vs. 3 actual objects)
Initializing epsilon function...
Allocating fields...
Solving for band polarization: te.
Initializing fields to random numbers...
1 k-points
  Vector3<0.013745105724960377, -0.0035107155714540986, 0.0>
elapsed time for initialization: 0.00015974044799804688
solve_kpoint (0.0137451,-0.00351072,0):
tefreqs:, k index, k1, k2, k3, kmag/2pi, te band 1
Solving for bands 1 to 1...
    near maximum in trace
    iteration    1: trace = 3.356918388978534e-05 (199.955% change)
    iteration    2: trace = 3.345940182533285e-05 (0.327568% change)
    iteration    3: trace = 3.345899275732173e-05 (0.00122259% change)
    iteration    4: trace = 3.345899259157498e-05 (4.95373e-07% change)
Finished solving for bands 1 to 1 after 4 iterations.
tefreqs:, 1, 0.0137451, -0.00351072, 0, 0.0141421, 0.00578437
elapsed time for k point: 0.00011396408081054688
Fixing e-field (band 1) phase by -0.653067 + 0.7573i; max ampl. = 0.389924
total elapsed time for run: 0.0002925395965576172
done
epsilon: 4.62384-7.29, mean 6.10084, harm. mean 5.85699, 100% > 1, 55.3979% "fill"
Initializing eigensolver data
Computing 1 bands with 1e-07 tolerance
Working in 2 dimensions.
Grid size is 2 x 2 x 1.
Solving for 1 bands at a time.
Creating Maxwell data...
Mesh size is 3.
Lattice vectors:
     (0.520882, 0.853629, 0)
     (0.509437, -0.860508, 0)
     (0, 0, 1)
Cell volume = 0.883093
Reciprocal lattice vectors (/ 2 pi):
     (0.974426, 0.576878, -0)
     (0.966636, -0.589838, 0)
     (-0, 0, 1)
Geometric objects:
     block, center = (0,0,0)
          size (1e+20,1e+20,100)
          axes (1,0,0), (0,1,0), (0,0,1)
     prism, center = (0.434651,0.0769938,50)
          height 100, axis (0,0,1), sidewall angle: 0 radians, 3 vertices:
          (0.607715,-0.0999576,0)
          (0.601283,0.416609,0)
          (0.0949565,-0.0856698,0)
     prism, center = (1.11935,0.411191,50)
          height 100, axis (0,0,1), sidewall angle: 0 radians, 3 vertices:
          (1.43074,0.560299,0)
          (0.960708,0.573396,0)
          (0.966604,0.0998768,0)
Geometric object tree has depth 4 and 59 object nodes (vs. 3 actual objects)
Initializing epsilon function...
Allocating fields...
Solving for band polarization: te.
Initializing fields to random numbers...
1 k-points
  Vector3<0.008536288764724105, -0.008605081797983853, 0.0>
elapsed time for initialization: 0.0001590251922607422
solve_kpoint (0.00853629,-0.00860508,0):
tefreqs:, k index, k1, k2, k3, kmag/2pi, te band 1
Solving for bands 1 to 1...
    near maximum in trace
    iteration    1: trace = 1.706631201429917e-05 (199.977% change)
    iteration    2: trace = 1.706135106308404e-05 (0.0290729% change)
    iteration    3: trace = 1.706134745123465e-05 (2.11698e-05% change)
    iteration    4: trace = 1.706134745007022e-05 (6.82494e-09% change)
Finished solving for bands 1 to 1 after 4 iterations.
tefreqs:, 1, 0.00853629, -0.00860508, 0, 0.01, 0.00413054
elapsed time for k point: 0.00011110305786132812
Fixing e-field (band 1) phase by 0.650842 + -0.759213i; max ampl. = 0.545746
total elapsed time for run: 0.0002894401550292969
done
epsilon: 4.62384-7.29, mean 6.10084, harm. mean 5.85699, 100% > 1, 55.3979% "fill"
Initializing eigensolver data
Computing 1 bands with 1e-07 tolerance
Working in 2 dimensions.
Grid size is 2 x 2 x 1.
Solving for 1 bands at a time.
Creating Maxwell data...
Mesh size is 3.
Lattice vectors:
     (0.520882, 0.853629, 0)
     (0.509437, -0.860508, 0)
     (0, 0, 1)
Cell volume = 0.883093
Reciprocal lattice vectors (/ 2 pi):
     (0.974426, 0.576878, -0)
     (0.966636, -0.589838, 0)
     (-0, 0, 1)
Geometric objects:
     block, center = (0,0,0)
          size (1e+20,1e+20,100)
          axes (1,0,0), (0,1,0), (0,0,1)
     prism, center = (0.434651,0.0769938,50)
          height 100, axis (0,0,1), sidewall angle: 0 radians, 3 vertices:
          (0.607715,-0.0999576,0)
          (0.601283,0.416609,0)
          (0.0949565,-0.0856698,0)
     prism, center = (1.11935,0.411191,50)
          height 100, axis (0,0,1), sidewall angle: 0 radians, 3 vertices:
          (1.43074,0.560299,0)
          (0.960708,0.573396,0)
          (0.966604,0.0998768,0)
Geometric object tree has depth 4 and 59 object nodes (vs. 3 actual objects)
Initializing epsilon function...
Allocating fields...
Solving for band polarization: te.
Initializing fields to random numbers...
1 k-points
  Vector3<-5.551115123125783e-17, 0.4987083213161647, 0.0>
elapsed time for initialization: 0.00016641616821289062
solve_kpoint (-5.55112e-17,0.498708,0):
tefreqs:, k index, k1, k2, k3, kmag/2pi, te band 1
Solving for bands 1 to 1...
    large trace change predicted (1253.15%)
    large theta (-27.601)
    iteration    1: trace = 0.05539648308908698 (159.459% change)
    iteration    2: trace = 0.05255136330636286 (5.27129% change)
    iteration    3: trace = 0.05253860351239861 (0.0242836% change)
    iteration    4: trace = 0.05253858064487964 (4.35252e-05% change)
    iteration    5: trace = 0.05253858064213827 (5.21781e-09% change)
Finished solving for bands 1 to 1 after 5 iterations.
tefreqs:, 1, -5.55112e-17, 0.498708, 0, 0.564729, 0.229213
elapsed time for k point: 0.0001304149627685547
Fixing e-field (band 1) phase by -0.663615 + 0.748074i; max ampl. = 0.376305
total elapsed time for run: 0.000316619873046875
done
epsilon: 4.62384-7.29, mean 6.10084, harm. mean 5.85699, 100% > 1, 55.3979% "fill"
Initializing eigensolver data
Computing 1 bands with 1e-07 tolerance
Working in 2 dimensions.
Grid size is 2 x 2 x 1.
Solving for 1 bands at a time.
Creating Maxwell data...
Mesh size is 3.
Lattice vectors:
     (0.520882, 0.853629, 0)
     (0.509437, -0.860508, 0)
     (0, 0, 1)
Cell volume = 0.883093
Reciprocal lattice vectors (/ 2 pi):
     (0.974426, 0.576878, -0)
     (0.966636, -0.589838, 0)
     (-0, 0, 1)
Geometric objects:
     block, center = (0,0,0)
          size (1e+20,1e+20,100)
          axes (1,0,0), (0,1,0), (0,0,1)
     prism, center = (0.434651,0.0769938,50)
          height 100, axis (0,0,1), sidewall angle: 0 radians, 3 vertices:
          (0.607715,-0.0999576,0)
          (0.601283,0.416609,0)
          (0.0949565,-0.0856698,0)
     prism, center = (1.11935,0.411191,50)
          height 100, axis (0,0,1), sidewall angle: 0 radians, 3 vertices:
          (1.43074,0.560299,0)
          (0.960708,0.573396,0)
          (0.966604,0.0998768,0)
Geometric object tree has depth 4 and 59 object nodes (vs. 3 actual objects)
Initializing epsilon function...
Allocating fields...
Solving for band polarization: te.
Initializing fields to random numbers...
1 k-points
  Vector3<0.005208816960236229, 0.5038026875426944, 0.0>
elapsed time for initialization: 0.00016021728515625
solve_kpoint (0.00520882,0.503803,0):
tefreqs:, k index, k1, k2, k3, kmag/2pi, te band 1
Solving for bands 1 to 1...
    large trace change predicted (1059.57%)
    large theta (-23.3471)
    iteration    1: trace = 0.05711803244828064 (158.665% change)
    iteration    2: trace = 0.0541394732503127 (5.35435% change)
    iteration    3: trace = 0.05412617077417949 (0.0245738% change)
    iteration    4: trace = 0.05412614696651209 (4.39855e-05% change)
    iteration    5: trace = 0.0541261469634441 (5.66821e-09% change)
Finished solving for bands 1 to 1 after 5 iterations.
tefreqs:, 1, 0.00520882, 0.503803, 0, 0.573289, 0.23265
elapsed time for k point: 0.0001285076141357422
Fixing e-field (band 1) phase by -0.663748 + 0.747956i; max ampl. = 0.378287
total elapsed time for run: 0.0003077983856201172
done
epsilon: 4.62384-7.29, mean 6.10084, harm. mean 5.85699, 100% > 1, 55.3979% "fill"
Initializing eigensolver data
Computing 1 bands with 1e-07 tolerance
Working in 2 dimensions.
Grid size is 2 x 2 x 1.
Solving for 1 bands at a time.
Creating Maxwell data...
Mesh size is 3.
Lattice vectors:
     (0.520882, 0.853629, 0)
     (0.509437, -0.860508, 0)
     (0, 0, 1)
Cell volume = 0.883093
Reciprocal lattice vectors (/ 2 pi):
     (0.974426, 0.576878, -0)
     (0.966636, -0.589838, 0)
     (-0, 0, 1)
Geometric objects:
     block, center = (0,0,0)
          size (1e+20,1e+20,100)
          axes (1,0,0), (0,1,0), (0,0,1)
     prism, center = (0.434651,0.0769938,50)
          height 100, axis (0,0,1), sidewall angle: 0 radians, 3 vertices:
          (0.607715,-0.0999576,0)
          (0.601283,0.416609,0)
          (0.0949565,-0.0856698,0)
     prism, center = (1.11935,0.411191,50)
          height 100, axis (0,0,1), sidewall angle: 0 radians, 3 vertices:
          (1.43074,0.560299,0)
          (0.960708,0.573396,0)
          (0.966604,0.0998768,0)
Geometric object tree has depth 4 and 59 object nodes (vs. 3 actual objects)
Initializing epsilon function...
Allocating fields...
Solving for band polarization: te.
Initializing fields to random numbers...
1 k-points
  Vector3<0.013745105724960377, 0.4951976057447106, 0.0>
elapsed time for initialization: 0.0005688667297363281
solve_kpoint (0.0137451,0.495198,0):
tefreqs:, k index, k1, k2, k3, kmag/2pi, te band 1
Solving for bands 1 to 1...
    large trace change predicted (1273.41%)
    large theta (-28.0743)
    iteration    1: trace = 0.05601086531199702 (159.318% change)
    iteration    2: trace = 0.05316947490780125 (5.20495% change)
    iteration    3: trace = 0.05315728984075392 (0.02292% change)
    iteration    4: trace = 0.05315726636476475 (4.41633e-05% change)
    iteration    5: trace = 0.05315726636185612 (5.47176e-09% change)
Finished solving for bands 1 to 1 after 5 iterations.
tefreqs:, 1, 0.0137451, 0.495198, 0, 0.568223, 0.230559
elapsed time for k point: 0.0003132820129394531
Fixing e-field (band 1) phase by -0.663744 + 0.74796i; max ampl. = 0.381338
total elapsed time for run: 0.0009391307830810547
done
epsilon: 4.62384-7.29, mean 6.10084, harm. mean 5.85699, 100% > 1, 55.3979% "fill"
Initializing eigensolver data
Computing 1 bands with 1e-07 tolerance
Working in 2 dimensions.
Grid size is 2 x 2 x 1.
Solving for 1 bands at a time.
Creating Maxwell data...
Mesh size is 3.
Lattice vectors:
     (0.520882, 0.853629, 0)
     (0.509437, -0.860508, 0)
     (0, 0, 1)
Cell volume = 0.883093
Reciprocal lattice vectors (/ 2 pi):
     (0.974426, 0.576878, -0)
     (0.966636, -0.589838, 0)
     (-0, 0, 1)
Geometric objects:
     block, center = (0,0,0)
          size (1e+20,1e+20,100)
          axes (1,0,0), (0,1,0), (0,0,1)
     prism, center = (0.434651,0.0769938,50)
          height 100, axis (0,0,1), sidewall angle: 0 radians, 3 vertices:
          (0.607715,-0.0999576,0)
          (0.601283,0.416609,0)
          (0.0949565,-0.0856698,0)
     prism, center = (1.11935,0.411191,50)
          height 100, axis (0,0,1), sidewall angle: 0 radians, 3 vertices:
          (1.43074,0.560299,0)
          (0.960708,0.573396,0)
          (0.966604,0.0998768,0)
Geometric object tree has depth 4 and 59 object nodes (vs. 3 actual objects)
Initializing epsilon function...
Allocating fields...
Solving for band polarization: te.
Initializing fields to random numbers...
1 k-points
  Vector3<0.008536288764724093, 0.49010323951818086, 0.0>
elapsed time for initialization: 0.00017023086547851562
solve_kpoint (0.00853629,0.490103,0):
tefreqs:, k index, k1, k2, k3, kmag/2pi, te band 1
Solving for bands 1 to 1...
    large trace change predicted (1569.45%)
    large theta (-34.5869)
    iteration    1: trace = 0.05429110200673599 (160.121% change)
    iteration    2: trace = 0.05158111784255328 (5.11935% change)
    iteration    3: trace = 0.05156943893562915 (0.0226444% change)
    iteration    4: trace = 0.05156941630665265 (4.38806e-05% change)
    iteration    5: trace = 0.0515694163038252 (5.4828e-09% change)
Finished solving for bands 1 to 1 after 5 iterations.
tefreqs:, 1, 0.00853629, 0.490103, 0, 0.559586, 0.227089
elapsed time for k point: 0.0001323223114013672
Fixing e-field (band 1) phase by -0.663611 + 0.748078i; max ampl. = 0.379436
total elapsed time for run: 0.0003273487091064453
done
epsilon: 4.62384-7.29, mean 6.10084, harm. mean 5.85699, 100% > 1, 55.3979% "fill"
Initializing eigensolver data
Computing 1 bands with 1e-07 tolerance
Working in 2 dimensions.
Grid size is 2 x 2 x 1.
Solving for 1 bands at a time.
Creating Maxwell data...
Mesh size is 3.
Lattice vectors:
     (0.520882, 0.853629, 0)
     (0.509437, -0.860508, 0)
     (0, 0, 1)
Cell volume = 0.883093
Reciprocal lattice vectors (/ 2 pi):
     (0.974426, 0.576878, -0)
     (0.966636, -0.589838, 0)
     (-0, 0, 1)
Geometric objects:
     block, center = (0,0,0)
          size (1e+20,1e+20,100)
          axes (1,0,0), (0,1,0), (0,0,1)
     prism, center = (0.434651,0.0769938,50)
          height 100, axis (0,0,1), sidewall angle: 0 radians, 3 vertices:
          (0.607715,-0.0999576,0)
          (0.601283,0.416609,0)
          (0.0949565,-0.0856698,0)
     prism, center = (1.11935,0.411191,50)
          height 100, axis (0,0,1), sidewall angle: 0 radians, 3 vertices:
          (1.43074,0.560299,0)
          (0.960708,0.573396,0)
          (0.966604,0.0998768,0)
Geometric object tree has depth 4 and 59 object nodes (vs. 3 actual objects)
Initializing epsilon function...
Allocating fields...
Solving for band polarization: te.
Initializing fields to random numbers...
1 k-points
  Vector3<0.48683275786161556, -0.4987083213161647, 0.0>
elapsed time for initialization: 0.0001690387725830078
solve_kpoint (0.486833,-0.498708,0):
tefreqs:, k index, k1, k2, k3, kmag/2pi, te band 1
Solving for bands 1 to 1...
    iteration    1: trace = 0.06881914042628078 (131.592% change)
    iteration    2: trace = 0.056602415887883 (19.4811% change)
    iteration    3: trace = 0.05624871871113229 (0.626838% change)
    switching to approximate line minimization (decrease time by 77.2727%)
    iteration    4: trace = 0.05624659471704944 (0.00377615% change)
    iteration    5: trace = 0.05624656922182677 (4.53276e-05% change)
    iteration    6: trace = 0.05624656909348122 (2.28184e-07% change)
Finished solving for bands 1 to 1 after 6 iterations.
tefreqs:, 1, 0.486833, -0.498708, 0, 0.575052, 0.237164
elapsed time for k point: 0.00015282630920410156
Fixing e-field (band 1) phase by 0.65036 + -0.759626i; max ampl. = 0.535873
total elapsed time for run: 0.0003447532653808594
done
epsilon: 4.62384-7.29, mean 6.10084, harm. mean 5.85699, 100% > 1, 55.3979% "fill"
Initializing eigensolver data
Computing 1 bands with 1e-07 tolerance
Working in 2 dimensions.
Grid size is 2 x 2 x 1.
Solving for 1 bands at a time.
Creating Maxwell data...
Mesh size is 3.
Lattice vectors:
     (0.520882, 0.853629, 0)
     (0.509437, -0.860508, 0)
     (0, 0, 1)
Cell volume = 0.883093
Reciprocal lattice vectors (/ 2 pi):
     (0.974426, 0.576878, -0)
     (0.966636, -0.589838, 0)
     (-0, 0, 1)
Geometric objects:
     block, center = (0,0,0)
          size (1e+20,1e+20,100)
          axes (1,0,0), (0,1,0), (0,0,1)
     prism, center = (0.434651,0.0769938,50)
          height 100, axis (0,0,1), sidewall angle: 0 radians, 3 vertices:
          (0.607715,-0.0999576,0)
          (0.601283,0.416609,0)
          (0.0949565,-0.0856698,0)
     prism, center = (1.11935,0.411191,50)
          height 100, axis (0,0,1), sidewall angle: 0 radians, 3 vertices:
          (1.43074,0.560299,0)
          (0.960708,0.573396,0)
          (0.966604,0.0998768,0)
Geometric object tree has depth 4 and 59 object nodes (vs. 3 actual objects)
Initializing epsilon function...
Allocating fields...
Solving for band polarization: te.
Initializing fields to random numbers...
1 k-points
  Vector3<0.49204157482185185, -0.49361395508963496, 0.0>
elapsed time for initialization: 0.00016117095947265625
solve_kpoint (0.492042,-0.493614,0):
tefreqs:, k index, k1, k2, k3, kmag/2pi, te band 1
Solving for bands 1 to 1...
    iteration    1: trace = 0.06856091666588528 (132.32% change)
    iteration    2: trace = 0.05655094632444605 (19.1988% change)
    iteration    3: trace = 0.05621955213118078 (0.587732% change)
    iteration    4: trace = 0.05621761194510193 (0.00345115% change)
    iteration    5: trace = 0.05621759088303323 (3.74653e-05% change)
    iteration    6: trace = 0.05621759077988454 (1.83481e-07% change)
Finished solving for bands 1 to 1 after 6 iterations.
tefreqs:, 1, 0.492042, -0.493614, 0, 0.575005, 0.237102
elapsed time for k point: 0.00014090538024902344
Fixing e-field (band 1) phase by 0.650713 + -0.759324i; max ampl. = 0.535595
total elapsed time for run: 0.0003247261047363281
done
epsilon: 4.62384-7.29, mean 6.10084, harm. mean 5.85699, 100% > 1, 55.3979% "fill"
Initializing eigensolver data
Computing 1 bands with 1e-07 tolerance
Working in 2 dimensions.
Grid size is 2 x 2 x 1.
Solving for 1 bands at a time.
Creating Maxwell data...
Mesh size is 3.
Lattice vectors:
     (0.520882, 0.853629, 0)
     (0.509437, -0.860508, 0)
     (0, 0, 1)
Cell volume = 0.883093
Reciprocal lattice vectors (/ 2 pi):
     (0.974426, 0.576878, -0)
     (0.966636, -0.589838, 0)
     (-0, 0, 1)
Geometric objects:
     block, center = (0,0,0)
          size (1e+20,1e+20,100)
          axes (1,0,0), (0,1,0), (0,0,1)
     prism, center = (0.434651,0.0769938,50)
          height 100, axis (0,0,1), sidewall angle: 0 radians, 3 vertices:
          (0.607715,-0.0999576,0)
          (0.601283,0.416609,0)
          (0.0949565,-0.0856698,0)
     prism, center = (1.11935,0.411191,50)
          height 100, axis (0,0,1), sidewall angle: 0 radians, 3 vertices:
          (1.43074,0.560299,0)
          (0.960708,0.573396,0)
          (0.966604,0.0998768,0)
Geometric object tree has depth 4 and 59 object nodes (vs. 3 actual objects)
Initializing epsilon function...
Allocating fields...
Solving for band polarization: te.
Initializing fields to random numbers...
1 k-points
  Vector3<0.500577863586576, -0.5022190368876189, 0.0>
elapsed time for initialization: 0.00016164779663085938
solve_kpoint (0.500578,-0.502219,0):
tefreqs:, k index, k1, k2, k3, kmag/2pi, te band 1
Solving for bands 1 to 1...
    iteration    1: trace = 0.07117058718761628 (130.454% change)
    iteration    2: trace = 0.0585632368235758 (19.4357% change)
    iteration    3: trace = 0.05818533077897048 (0.647384% change)
    iteration    4: trace = 0.05818301148487225 (0.00398613% change)
    iteration    5: trace = 0.05818298296383277 (4.90195e-05% change)
    iteration    6: trace = 0.05818298281685557 (2.52612e-07% change)
Finished solving for bands 1 to 1 after 6 iterations.
tefreqs:, 1, 0.500578, -0.502219, 0, 0.585005, 0.241211
elapsed time for k point: 0.00013947486877441406
Fixing e-field (band 1) phase by 0.650774 + -0.759271i; max ampl. = 0.535227
total elapsed time for run: 0.0003211498260498047
done
epsilon: 4.62384-7.29, mean 6.10084, harm. mean 5.85699, 100% > 1, 55.3979% "fill"
Initializing eigensolver data
Computing 1 bands with 1e-07 tolerance
Working in 2 dimensions.
Grid size is 2 x 2 x 1.
Solving for 1 bands at a time.
Creating Maxwell data...
Mesh size is 3.
Lattice vectors:
     (0.520882, 0.853629, 0)
     (0.509437, -0.860508, 0)
     (0, 0, 1)
Cell volume = 0.883093
Reciprocal lattice vectors (/ 2 pi):
     (0.974426, 0.576878, -0)
     (0.966636, -0.589838, 0)
     (-0, 0, 1)
Geometric objects:
     block, center = (0,0,0)
          size (1e+20,1e+20,100)
          axes (1,0,0), (0,1,0), (0,0,1)
     prism, center = (0.434651,0.0769938,50)
          height 100, axis (0,0,1), sidewall angle: 0 radians, 3 vertices:
          (0.607715,-0.0999576,0)
          (0.601283,0.416609,0)
          (0.0949565,-0.0856698,0)
     prism, center = (1.11935,0.411191,50)
          height 100, axis (0,0,1), sidewall angle: 0 radians, 3 vertices:
          (1.43074,0.560299,0)
          (0.960708,0.573396,0)
          (0.966604,0.0998768,0)
Geometric object tree has depth 4 and 59 object nodes (vs. 3 actual objects)
Initializing epsilon function...
Allocating fields...
Solving for band polarization: te.
Initializing fields to random numbers...
1 k-points
  Vector3<0.4953690466263397, -0.5073134031141486, 0.0>
elapsed time for initialization: 0.00015997886657714844
solve_kpoint (0.495369,-0.507313,0):
tefreqs:, k index, k1, k2, k3, kmag/2pi, te band 1
Solving for bands 1 to 1...
    iteration    1: trace = 0.07142612560165069 (129.722% change)
    iteration    2: trace = 0.05861893661377194 (19.6965% change)
    iteration    3: trace = 0.05821518931663468 (0.691146% change)
    iteration    4: trace = 0.05821264839679153 (0.0043648% change)
    iteration    5: trace = 0.05821261391863666 (5.9228e-05% change)
    iteration    6: trace = 0.05821261373542685 (3.14725e-07% change)
Finished solving for bands 1 to 1 after 6 iterations.
tefreqs:, 1, 0.495369, -0.507313, 0, 0.585051, 0.241273
elapsed time for k point: 0.0001513957977294922
Fixing e-field (band 1) phase by 0.65042 + -0.759575i; max ampl. = 0.535506
total elapsed time for run: 0.0003333091735839844
done
epsilon: 4.62384-7.29, mean 6.10084, harm. mean 5.85699, 100% > 1, 55.3979% "fill"
Initializing eigensolver data
Computing 1 bands with 1e-07 tolerance
Working in 2 dimensions.
Grid size is 2 x 2 x 1.
Solving for 1 bands at a time.
Creating Maxwell data...
Mesh size is 3.
Lattice vectors:
     (0.520882, 0.853629, 0)
     (0.509437, -0.860508, 0)
     (0, 0, 1)
Cell volume = 0.883093
Reciprocal lattice vectors (/ 2 pi):
     (0.974426, 0.576878, -0)
     (0.966636, -0.589838, 0)
     (-0, 0, 1)
Geometric objects:
     block, center = (0,0,0)
          size (1e+20,1e+20,100)
          axes (1,0,0), (0,1,0), (0,0,1)
     prism, center = (0.434651,0.0769938,50)
          height 100, axis (0,0,1), sidewall angle: 0 radians, 3 vertices:
          (0.607715,-0.0999576,0)
          (0.601283,0.416609,0)
          (0.0949565,-0.0856698,0)
     prism, center = (1.11935,0.411191,50)
          height 100, axis (0,0,1), sidewall angle: 0 radians, 3 vertices:
          (1.43074,0.560299,0)
          (0.960708,0.573396,0)
          (0.966604,0.0998768,0)
Geometric object tree has depth 4 and 59 object nodes (vs. 3 actual objects)
Initializing epsilon function...
Allocating fields...
Solving for band polarization: te.
Initializing fields to random numbers...
1 k-points
  Vector3<0.48683275786161556, 0.0, 0.0>
elapsed time for initialization: 0.0001595020294189453
solve_kpoint (0.486833,0,0):
tefreqs:, k index, k1, k2, k3, kmag/2pi, te band 1
Solving for bands 1 to 1...
    large trace change predicted (7527.77%)
    large theta (-166.865)
    iteration    1: trace = 0.05276596086114311 (160.442% change)
    iteration    2: trace = 0.05007979061233057 (5.22369% change)
    iteration    3: trace = 0.05007369579445622 (0.012171% change)
    iteration    4: trace = 0.05007367561242455 (4.03047e-05% change)
    iteration    5: trace = 0.05007367560821751 (8.40171e-09% change)
Finished solving for bands 1 to 1 after 5 iterations.
tefreqs:, 1, 0.486833, 0, 0, 0.551282, 0.223771
elapsed time for k point: 0.0001285076141357422
Fixing e-field (band 1) phase by -0.662395 + 0.749155i; max ampl. = 0.378847
total elapsed time for run: 0.00030803680419921875
done
epsilon: 4.62384-7.29, mean 6.10084, harm. mean 5.85699, 100% > 1, 55.3979% "fill"
Initializing eigensolver data
Computing 1 bands with 1e-07 tolerance
Working in 2 dimensions.
Grid size is 2 x 2 x 1.
Solving for 1 bands at a time.
Creating Maxwell data...
Mesh size is 3.
Lattice vectors:
     (0.520882, 0.853629, 0)
     (0.509437, -0.860508, 0)
     (0, 0, 1)
Cell volume = 0.883093
Reciprocal lattice vectors (/ 2 pi):
     (0.974426, 0.576878, -0)
     (0.966636, -0.589838, 0)
     (-0, 0, 1)
Geometric objects:
     block, center = (0,0,0)
          size (1e+20,1e+20,100)
          axes (1,0,0), (0,1,0), (0,0,1)
     prism, center = (0.434651,0.0769938,50)
          height 100, axis (0,0,1), sidewall angle: 0 radians, 3 vertices:
          (0.607715,-0.0999576,0)
          (0.601283,0.416609,0)
          (0.0949565,-0.0856698,0)
     prism, center = (1.11935,0.411191,50)
          height 100, axis (0,0,1), sidewall angle: 0 radians, 3 vertices:
          (1.43074,0.560299,0)
          (0.960708,0.573396,0)
          (0.966604,0.0998768,0)
Geometric object tree has depth 4 and 59 object nodes (vs. 3 actual objects)
Initializing epsilon function...
Allocating fields...
Solving for band polarization: te.
Initializing fields to random numbers...
1 k-points
  Vector3<0.49204157482185185, 0.005094366226529756, 0.0>
elapsed time for initialization: 0.0001575946807861328
solve_kpoint (0.492042,0.00509437,0):
tefreqs:, k index, k1, k2, k3, kmag/2pi, te band 1
Solving for bands 1 to 1...
    large trace change predicted (3446.6%)
    large theta (-76.4214)
    iteration    1: trace = 0.05445774030922042 (159.636% change)
    iteration    2: trace = 0.05164315109472238 (5.3055% change)
    iteration    3: trace = 0.05163682019740135 (0.0122597% change)
    iteration    4: trace = 0.05163679933090704 (4.04101e-05% change)
    iteration    5: trace = 0.05163679932701511 (7.53712e-09% change)
Finished solving for bands 1 to 1 after 5 iterations.
tefreqs:, 1, 0.492042, 0.00509437, 0, 0.55991, 0.227237
elapsed time for k point: 0.0001323223114013672
Fixing e-field (band 1) phase by -0.662555 + 0.749013i; max ampl. = 0.380795
total elapsed time for run: 0.00030994415283203125
done
epsilon: 4.62384-7.29, mean 6.10084, harm. mean 5.85699, 100% > 1, 55.3979% "fill"
Initializing eigensolver data
Computing 1 bands with 1e-07 tolerance
Working in 2 dimensions.
Grid size is 2 x 2 x 1.
Solving for 1 bands at a time.
Creating Maxwell data...
Mesh size is 3.
Lattice vectors:
     (0.520882, 0.853629, 0)
     (0.509437, -0.860508, 0)
     (0, 0, 1)
Cell volume = 0.883093
Reciprocal lattice vectors (/ 2 pi):
     (0.974426, 0.576878, -0)
     (0.966636, -0.589838, 0)
     (-0, 0, 1)
Geometric objects:
     block, center = (0,0,0)
          size (1e+20,1e+20,100)
          axes (1,0,0), (0,1,0), (0,0,1)
     prism, center = (0.434651,0.0769938,50)
          height 100, axis (0,0,1), sidewall angle: 0 radians, 3 vertices:
          (0.607715,-0.0999576,0)
          (0.601283,0.416609,0)
          (0.0949565,-0.0856698,0)
     prism, center = (1.11935,0.411191,50)
          height 100, axis (0,0,1), sidewall angle: 0 radians, 3 vertices:
          (1.43074,0.560299,0)
          (0.960708,0.573396,0)
          (0.966604,0.0998768,0)
Geometric object tree has depth 4 and 59 object nodes (vs. 3 actual objects)
Initializing epsilon function...
Allocating fields...
Solving for band polarization: te.
Initializing fields to random numbers...
1 k-points
  Vector3<0.500577863586576, -0.0035107155714541316, 0.0>
elapsed time for initialization: 0.00015854835510253906
solve_kpoint (0.500578,-0.00351072,0):
tefreqs:, k index, k1, k2, k3, kmag/2pi, te band 1
Solving for bands 1 to 1...
    large trace change predicted (2260.86%)
    large theta (-50.1109)
    iteration    1: trace = 0.05555852809015292 (158.957% change)
    iteration    2: trace = 0.05260256553428272 (5.46585% change)
    iteration    3: trace = 0.05259548933718448 (0.0134531% change)
    iteration    4: trace = 0.0525954679982665 (4.05718e-05% change)
    iteration    5: trace = 0.05259546799483057 (6.53275e-09% change)
Finished solving for bands 1 to 1 after 5 iterations.
tefreqs:, 1, 0.500578, -0.00351072, 0, 0.564992, 0.229337
elapsed time for k point: 0.00012731552124023438
Fixing e-field (band 1) phase by -0.662523 + 0.749041i; max ampl. = 0.377685
total elapsed time for run: 0.0003046989440917969
done
epsilon: 4.62384-7.29, mean 6.10084, harm. mean 5.85699, 100% > 1, 55.3979% "fill"
Initializing eigensolver data
Computing 1 bands with 1e-07 tolerance
Working in 2 dimensions.
Grid size is 2 x 2 x 1.
Solving for 1 bands at a time.
Creating Maxwell data...
Mesh size is 3.
Lattice vectors:
     (0.520882, 0.853629, 0)
     (0.509437, -0.860508, 0)
     (0, 0, 1)
Cell volume = 0.883093
Reciprocal lattice vectors (/ 2 pi):
     (0.974426, 0.576878, -0)
     (0.966636, -0.589838, 0)
     (-0, 0, 1)
Geometric objects:
     block, center = (0,0,0)
          size (1e+20,1e+20,100)
          axes (1,0,0), (0,1,0), (0,0,1)
     prism, center = (0.434651,0.0769938,50)
          height 100, axis (0,0,1), sidewall angle: 0 radians, 3 vertices:
          (0.607715,-0.0999576,0)
          (0.601283,0.416609,0)
          (0.0949565,-0.0856698,0)
     prism, center = (1.11935,0.411191,50)
          height 100, axis (0,0,1), sidewall angle: 0 radians, 3 vertices:
          (1.43074,0.560299,0)
          (0.960708,0.573396,0)
          (0.966604,0.0998768,0)
Geometric object tree has depth 4 and 59 object nodes (vs. 3 actual objects)
Initializing epsilon function...
Allocating fields...
Solving for band polarization: te.
Initializing fields to random numbers...
1 k-points
  Vector3<0.4953690466263396, -0.008605081797983888, 0.0>
elapsed time for initialization: 0.00015974044799804688
solve_kpoint (0.495369,-0.00860508,0):
tefreqs:, k index, k1, k2, k3, kmag/2pi, te band 1
Solving for bands 1 to 1...
    large trace change predicted (3481.18%)
    large theta (-77.1354)
    iteration    1: trace = 0.05386500359878994 (159.754% change)
    iteration    2: trace = 0.05103945543521642 (5.3869% change)
    iteration    3: trace = 0.05103264069453711 (0.0133528% change)
    iteration    4: trace = 0.05103262013591246 (4.02853e-05% change)
    iteration    5: trace = 0.05103262013245729 (6.77052e-09% change)
Finished solving for bands 1 to 1 after 5 iterations.
tefreqs:, 1, 0.495369, -0.00860508, 0, 0.556442, 0.225904
elapsed time for k point: 0.00012993812561035156
Fixing e-field (band 1) phase by -0.662362 + 0.749184i; max ampl. = 0.375655
total elapsed time for run: 0.0003085136413574219
done
epsilon: 4.62384-7.29, mean 6.10084, harm. mean 5.85699, 100% > 1, 55.3979% "fill"
Initializing eigensolver data
Computing 1 bands with 1e-07 tolerance
Working in 2 dimensions.
Grid size is 2 x 2 x 1.
Solving for 1 bands at a time.
Creating Maxwell data...
Mesh size is 3.
Lattice vectors:
     (0.520882, 0.853629, 0)
     (0.509437, -0.860508, 0)
     (0, 0, 1)
Cell volume = 0.883093
Reciprocal lattice vectors (/ 2 pi):
     (0.974426, 0.576878, -0)
     (0.966636, -0.589838, 0)
     (-0, 0, 1)
Geometric objects:
     block, center = (0,0,0)
          size (1e+20,1e+20,100)
          axes (1,0,0), (0,1,0), (0,0,1)
     prism, center = (0.434651,0.0769938,50)
          height 100, axis (0,0,1), sidewall angle: 0 radians, 3 vertices:
          (0.607715,-0.0999576,0)
          (0.601283,0.416609,0)
          (0.0949565,-0.0856698,0)
     prism, center = (1.11935,0.411191,50)
          height 100, axis (0,0,1), sidewall angle: 0 radians, 3 vertices:
          (1.43074,0.560299,0)
          (0.960708,0.573396,0)
          (0.966604,0.0998768,0)
Geometric object tree has depth 4 and 59 object nodes (vs. 3 actual objects)
Initializing epsilon function...
Allocating fields...
Solving for band polarization: te.
Initializing fields to random numbers...
1 k-points
  Vector3<-0.48683275786161556, 0.0, 0.0>
elapsed time for initialization: 0.00021791458129882812
solve_kpoint (-0.486833,0,0):
tefreqs:, k index, k1, k2, k3, kmag/2pi, te band 1
Solving for bands 1 to 1...
    iteration    1: trace = 0.05485727788735027 (112.322% change)
    iteration    2: trace = 0.05172142739548188 (5.88457% change)
    iteration    3: trace = 0.05024707215118744 (2.89179% change)
    iteration    4: trace = 0.0502296681728567 (0.0346428% change)
    iteration    5: trace = 0.0502296394135075 (5.72557e-05% change)
    iteration    6: trace = 0.05022963637292027 (6.05337e-06% change)
Finished solving for bands 1 to 1 after 6 iterations.
tefreqs:, 1, -0.486833, 0, 0, 0.551282, 0.22412
elapsed time for k point: 0.00017333030700683594
Fixing e-field (band 1) phase by 0.648922 + -0.760855i; max ampl. = 0.444037
total elapsed time for run: 0.00044417381286621094
done
Initializing eigensolver data
Computing 1 bands with 1e-07 tolerance
Working in 2 dimensions.
Grid size is 2 x 2 x 1.
Solving for 1 bands at a time.
Creating Maxwell data...
Mesh size is 3.
Lattice vectors:
     (0.520882, 0.853629, 0)
     (0.509437, -0.860508, 0)
     (0, 0, 1)
Cell volume = 0.883093
Reciprocal lattice vectors (/ 2 pi):
     (0.974426, 0.576878, -0)
     (0.966636, -0.589838, 0)
     (-0, 0, 1)
Geometric objects:
     block, center = (0,0,0)
          size (1e+20,1e+20,100)
          axes (1,0,0), (0,1,0), (0,0,1)
     prism, center = (0.434651,0.0769938,50)
          height 100, axis (0,0,1), sidewall angle: 0 radians, 3 vertices:
          (0.607715,-0.0999576,0)
          (0.601283,0.416609,0)
          (0.0949565,-0.0856698,0)
     prism, center = (1.11935,0.411191,50)
          height 100, axis (0,0,1), sidewall angle: 0 radians, 3 vertices:
          (1.43074,0.560299,0)
          (0.960708,0.573396,0)
          (0.966604,0.0998768,0)
Geometric object tree has depth 4 and 59 object nodes (vs. 3 actual objects)
Initializing epsilon function...
Allocating fields...
Solving for band polarization: te.
Initializing fields to random numbers...
1 k-points
  Vector3<-0.48683275786161556, 0.4987083213161647, 0.0>
elapsed time for initialization: 0.00016951560974121094
solve_kpoint (-0.486833,0.498708,0):
tefreqs:, k index, k1, k2, k3, kmag/2pi, te band 1
Solving for bands 1 to 1...
    iteration    1: trace = 0.06673076984275929 (135.97% change)
    iteration    2: trace = 0.05647528979723505 (16.6477% change)
    iteration    3: trace = 0.05620062516990191 (0.48753% change)
    iteration    4: trace = 0.05619935031537779 (0.00226842% change)
    iteration    5: trace = 0.05619933930462521 (1.95923e-05% change)
    iteration    6: trace = 0.05619933925978848 (7.97816e-08% change)
Finished solving for bands 1 to 1 after 6 iterations.
tefreqs:, 1, -0.486833, 0.498708, 0, 0.575052, 0.237064
elapsed time for k point: 0.0001506805419921875
Fixing e-field (band 1) phase by -0.657756 + 0.753231i; max ampl. = 0.534607
total elapsed time for run: 0.0003447532653808594
done
Initializing eigensolver data
Computing 1 bands with 1e-07 tolerance
Working in 2 dimensions.
Grid size is 2 x 2 x 1.
Solving for 1 bands at a time.
Creating Maxwell data...
Mesh size is 3.
Lattice vectors:
     (0.520882, 0.853629, 0)
     (0.509437, -0.860508, 0)
     (0, 0, 1)
Cell volume = 0.883093
Reciprocal lattice vectors (/ 2 pi):
     (0.974426, 0.576878, -0)
     (0.966636, -0.589838, 0)
     (-0, 0, 1)
Geometric objects:
     block, center = (0,0,0)
          size (1e+20,1e+20,100)
          axes (1,0,0), (0,1,0), (0,0,1)
     prism, center = (0.434651,0.0769938,50)
          height 100, axis (0,0,1), sidewall angle: 0 radians, 3 vertices:
          (0.607715,-0.0999576,0)
          (0.601283,0.416609,0)
          (0.0949565,-0.0856698,0)
     prism, center = (1.11935,0.411191,50)
          height 100, axis (0,0,1), sidewall angle: 0 radians, 3 vertices:
          (1.43074,0.560299,0)
          (0.960708,0.573396,0)
          (0.966604,0.0998768,0)
Geometric object tree has depth 4 and 59 object nodes (vs. 3 actual objects)
Initializing epsilon function...
Allocating fields...
Solving for band polarization: te.
Initializing fields to random numbers...
1 k-points
  Vector3<5.551115123125783e-17, -0.4987083213161647, 0.0>
elapsed time for initialization: 0.00016355514526367188
solve_kpoint (5.55112e-17,-0.498708,0):
tefreqs:, k index, k1, k2, k3, kmag/2pi, te band 1
Solving for bands 1 to 1...
    iteration    1: trace = 0.05824913549349072 (105.855% change)
    iteration    2: trace = 0.05554137566754731 (4.7592% change)
    near maximum in trace
    iteration    3: trace = 0.05257381283193751 (5.48963% change)
    iteration    4: trace = 0.05214976351910765 (0.809845% change)
    iteration    5: trace = 0.05214262816907624 (0.0136834% change)
    iteration    6: trace = 0.052129348176624 (0.0254718% change)
    iteration    7: trace = 0.05212516103882159 (0.00803253% change)
    iteration    8: trace = 0.05212511891956822 (8.08041e-05% change)
    iteration    9: trace = 0.05212509964096426 (3.69853e-05% change)
    iteration   10: trace = 0.05212509123678085 (1.61231e-05% change)
    iteration   11: trace = 0.052125091187641 (9.42729e-08% change)
Finished solving for bands 1 to 1 after 11 iterations.
tefreqs:, 1, 5.55112e-17, -0.498708, 0, 0.564729, 0.228309
elapsed time for k point: 0.0002579689025878906
Fixing e-field (band 1) phase by 0.00781566 + -0.999969i; max ampl. = 0.527373
total elapsed time for run: 0.0004439353942871094
done
Initializing eigensolver data
Computing 1 bands with 1e-07 tolerance
Working in 2 dimensions.
Grid size is 2 x 2 x 1.
Solving for 1 bands at a time.
Creating Maxwell data...
Mesh size is 3.
Lattice vectors:
     (0.520882, 0.853629, 0)
     (0.509437, -0.860508, 0)
     (0, 0, 1)
Cell volume = 0.883093
Reciprocal lattice vectors (/ 2 pi):
     (0.974426, 0.576878, -0)
     (0.966636, -0.589838, 0)
     (-0, 0, 1)
Geometric objects:
     block, center = (0,0,0)
          size (1e+20,1e+20,100)
          axes (1,0,0), (0,1,0), (0,0,1)
     prism, center = (0.434651,0.0769938,50)
          height 100, axis (0,0,1), sidewall angle: 0 radians, 3 vertices:
          (0.607715,-0.0999576,0)
          (0.601283,0.416609,0)
          (0.0949565,-0.0856698,0)
     prism, center = (1.11935,0.411191,50)
          height 100, axis (0,0,1), sidewall angle: 0 radians, 3 vertices:
          (1.43074,0.560299,0)
          (0.960708,0.573396,0)
          (0.966604,0.0998768,0)
Geometric object tree has depth 4 and 59 object nodes (vs. 3 actual objects)
Initializing epsilon function...
Allocating fields...
Solving for band polarization: te.
Initializing fields to random numbers...
1 k-points
  Vector3<0.0, 0.0, 0.0>
elapsed time for initialization: 0.0001628398895263672
solve_kpoint (0,0,0):
tefreqs:, k index, k1, k2, k3, kmag/2pi, te band 1
tefreqs:, 1, 0, 0, 0, 0, 0
elapsed time for k point: 1.2874603271484375e-05
Fixing e-field (band 1) phase by 1 + -0i; max ampl. = 0
total elapsed time for run: 0.00022101402282714844
done
Initializing eigensolver data
Computing 1 bands with 1e-07 tolerance
Working in 2 dimensions.
Grid size is 2 x 2 x 1.
Solving for 1 bands at a time.
Creating Maxwell data...
Mesh size is 3.
Lattice vectors:
     (0.520882, 0.853629, 0)
     (0.509437, -0.860508, 0)
     (0, 0, 1)
Cell volume = 0.883093
Reciprocal lattice vectors (/ 2 pi):
     (0.974426, 0.576878, -0)
     (0.966636, -0.589838, 0)
     (-0, 0, 1)
Geometric objects:
     block, center = (0,0,0)
          size (1e+20,1e+20,100)
          axes (1,0,0), (0,1,0), (0,0,1)
     prism, center = (0.434651,0.0769938,50)
          height 100, axis (0,0,1), sidewall angle: 0 radians, 3 vertices:
          (0.607715,-0.0999576,0)
          (0.601283,0.416609,0)
          (0.0949565,-0.0856698,0)
     prism, center = (1.11935,0.411191,50)
          height 100, axis (0,0,1), sidewall angle: 0 radians, 3 vertices:
          (1.43074,0.560299,0)
          (0.960708,0.573396,0)
          (0.966604,0.0998768,0)
Geometric object tree has depth 4 and 59 object nodes (vs. 3 actual objects)
Initializing epsilon function...
Allocating fields...
Solving for band polarization: te.
Initializing fields to random numbers...
1 k-points
  Vector3<-5.551115123125783e-17, 0.4987083213161647, 0.0>
elapsed time for initialization: 0.00016045570373535156
solve_kpoint (-5.55112e-17,0.498708,0):
tefreqs:, k index, k1, k2, k3, kmag/2pi, te band 1
Solving for bands 1 to 1...
    large trace change predicted (1253.15%)
    large theta (-27.601)
    iteration    1: trace = 0.05539648308908698 (159.459% change)
    iteration    2: trace = 0.05255136330636286 (5.27129% change)
    iteration    3: trace = 0.05253860351239861 (0.0242836% change)
    iteration    4: trace = 0.05253858064487964 (4.35252e-05% change)
    iteration    5: trace = 0.05253858064213827 (5.21781e-09% change)
Finished solving for bands 1 to 1 after 5 iterations.
tefreqs:, 1, -5.55112e-17, 0.498708, 0, 0.564729, 0.229213
elapsed time for k point: 0.0001289844512939453
Fixing e-field (band 1) phase by -0.663615 + 0.748074i; max ampl. = 0.376305
total elapsed time for run: 0.00030922889709472656
done
Initializing eigensolver data
Computing 1 bands with 1e-07 tolerance
Working in 2 dimensions.
Grid size is 2 x 2 x 1.
Solving for 1 bands at a time.
Creating Maxwell data...
Mesh size is 3.
Lattice vectors:
     (0.520882, 0.853629, 0)
     (0.509437, -0.860508, 0)
     (0, 0, 1)
Cell volume = 0.883093
Reciprocal lattice vectors (/ 2 pi):
     (0.974426, 0.576878, -0)
     (0.966636, -0.589838, 0)
     (-0, 0, 1)
Geometric objects:
     block, center = (0,0,0)
          size (1e+20,1e+20,100)
          axes (1,0,0), (0,1,0), (0,0,1)
     prism, center = (0.434651,0.0769938,50)
          height 100, axis (0,0,1), sidewall angle: 0 radians, 3 vertices:
          (0.607715,-0.0999576,0)
          (0.601283,0.416609,0)
          (0.0949565,-0.0856698,0)
     prism, center = (1.11935,0.411191,50)
          height 100, axis (0,0,1), sidewall angle: 0 radians, 3 vertices:
          (1.43074,0.560299,0)
          (0.960708,0.573396,0)
          (0.966604,0.0998768,0)
Geometric object tree has depth 4 and 59 object nodes (vs. 3 actual objects)
Initializing epsilon function...
Allocating fields...
Solving for band polarization: te.
Initializing fields to random numbers...
1 k-points
  Vector3<0.48683275786161556, -0.4987083213161647, 0.0>
elapsed time for initialization: 0.00017261505126953125
solve_kpoint (0.486833,-0.498708,0):
tefreqs:, k index, k1, k2, k3, kmag/2pi, te band 1
Solving for bands 1 to 1...
    iteration    1: trace = 0.06881914042628078 (131.592% change)
    iteration    2: trace = 0.056602415887883 (19.4811% change)
    iteration    3: trace = 0.05624871871113229 (0.626838% change)
    iteration    4: trace = 0.05624659471704944 (0.00377615% change)
    iteration    5: trace = 0.05624656922182594 (4.53276e-05% change)
    iteration    6: trace = 0.05624656909348894 (2.28169e-07% change)
Finished solving for bands 1 to 1 after 6 iterations.
tefreqs:, 1, 0.486833, -0.498708, 0, 0.575052, 0.237164
elapsed time for k point: 0.00014138221740722656
Fixing e-field (band 1) phase by 0.65036 + -0.759626i; max ampl. = 0.535873
total elapsed time for run: 0.0003333091735839844
done
Initializing eigensolver data
Computing 1 bands with 1e-07 tolerance
Working in 2 dimensions.
Grid size is 2 x 2 x 1.
Solving for 1 bands at a time.
Creating Maxwell data...
Mesh size is 3.
Lattice vectors:
     (0.520882, 0.853629, 0)
     (0.509437, -0.860508, 0)
     (0, 0, 1)
Cell volume = 0.883093
Reciprocal lattice vectors (/ 2 pi):
     (0.974426, 0.576878, -0)
     (0.966636, -0.589838, 0)
     (-0, 0, 1)
Geometric objects:
     block, center = (0,0,0)
          size (1e+20,1e+20,100)
          axes (1,0,0), (0,1,0), (0,0,1)
     prism, center = (0.434651,0.0769938,50)
          height 100, axis (0,0,1), sidewall angle: 0 radians, 3 vertices:
          (0.607715,-0.0999576,0)
          (0.601283,0.416609,0)
          (0.0949565,-0.0856698,0)
     prism, center = (1.11935,0.411191,50)
          height 100, axis (0,0,1), sidewall angle: 0 radians, 3 vertices:
          (1.43074,0.560299,0)
          (0.960708,0.573396,0)
          (0.966604,0.0998768,0)
Geometric object tree has depth 4 and 59 object nodes (vs. 3 actual objects)
Initializing epsilon function...
Allocating fields...
Solving for band polarization: te.
Initializing fields to random numbers...
1 k-points
  Vector3<0.48683275786161556, 0.0, 0.0>
elapsed time for initialization: 0.0001571178436279297
solve_kpoint (0.486833,0,0):
tefreqs:, k index, k1, k2, k3, kmag/2pi, te band 1
Solving for bands 1 to 1...
    large trace change predicted (7527.77%)
    large theta (-166.865)
    iteration    1: trace = 0.05276596086114311 (160.442% change)
    iteration    2: trace = 0.05007979061233057 (5.22369% change)
    iteration    3: trace = 0.05007369579445622 (0.012171% change)
    iteration    4: trace = 0.05007367561242455 (4.03047e-05% change)
    iteration    5: trace = 0.05007367560821751 (8.40171e-09% change)
Finished solving for bands 1 to 1 after 5 iterations.
tefreqs:, 1, 0.486833, 0, 0, 0.551282, 0.223771
elapsed time for k point: 0.0001270771026611328
Fixing e-field (band 1) phase by -0.662395 + 0.749155i; max ampl. = 0.378847
total elapsed time for run: 0.0003027915954589844
done
Initializing eigensolver data
Computing 1 bands with 1e-07 tolerance
Working in 2 dimensions.
Grid size is 2 x 2 x 1.
Solving for 1 bands at a time.
Creating Maxwell data...
Mesh size is 3.
Lattice vectors:
     (0.520882, 0.853629, 0)
     (0.509437, -0.860508, 0)
     (0, 0, 1)
Cell volume = 0.883093
Reciprocal lattice vectors (/ 2 pi):
     (0.974426, 0.576878, -0)
     (0.966636, -0.589838, 0)
     (-0, 0, 1)
Geometric objects:
     block, center = (0,0,0)
          size (1e+20,1e+20,100)
          axes (1,0,0), (0,1,0), (0,0,1)
     prism, center = (0.434651,0.0769938,50)
          height 100, axis (0,0,1), sidewall angle: 0 radians, 3 vertices:
          (0.607715,-0.0999576,0)
          (0.601283,0.416609,0)
          (0.0949565,-0.0856698,0)
     prism, center = (1.11935,0.411191,50)
          height 100, axis (0,0,1), sidewall angle: 0 radians, 3 vertices:
          (1.43074,0.560299,0)
          (0.960708,0.573396,0)
          (0.966604,0.0998768,0)
Geometric object tree has depth 4 and 59 object nodes (vs. 3 actual objects)
Initializing epsilon function...
Allocating fields...
Solving for band polarization: te.
Initializing fields to random numbers...
1 k-points
  Vector3<0.32421450289002957, 0.34658738924296195, 0.0>
elapsed time for initialization: 0.00022673606872558594
solve_kpoint (0.324215,0.346587,0):
tefreqs:, k index, k1, k2, k3, kmag/2pi, te band 1
Solving for bands 1 to 1...
    large trace change predicted (779.626%)
    large theta (-17.4273)
    iteration    1: trace = 0.07288262623651945 (153.564% change)
    iteration    2: trace = 0.06932673447717531 (5.00093% change)
    iteration    3: trace = 0.06932392865216955 (0.00404733% change)
    iteration    4: trace = 0.06932391839836001 (1.47912e-05% change)
    iteration    5: trace = 0.06932391839163025 (9.7077e-09% change)
Finished solving for bands 1 to 1 after 5 iterations.
tefreqs:, 1, 0.324215, 0.346587, 0, 0.651179, 0.263294
elapsed time for k point: 0.00016498565673828125
Fixing e-field (band 1) phase by -0.665411 + 0.746477i; max ampl. = 0.435168
total elapsed time for run: 0.0004322528839111328
done
{
  "entries": {
    "band_non_identity_low_resolution": {
      "assertion_results": {
        "c3_legacy_disabled": "PASS",
        "deformation_metadata": "PASS",
        "finite_freqs": "PASS",
        "generic_current_bz_path": "PASS"
      },
      "assertions": {
        "c3_legacy_disabled": true,
        "deformation_metadata": true,
        "finite_freqs": true,
        "generic_current_bz_path": true
      },
      "command": "mp-python docs/architecture/mephc_affine_architecture_r3_1/run_r3_1_smokes.py --output-root \"$R3_1_SMOKE_OUTPUT\"",
      "driver_path": "docs/architecture/mephc_affine_architecture_r3_1/run_r3_1_smokes.py",
      "duration_seconds": 0.018805,
      "ended_at": "2026-08-12T06:52:22.575226+00:00",
      "exit_code": 0,
      "log_path": "logs/entrypoint_smoke.log",
      "numerical_or_shape_summary": {
        "finite": true,
        "shape": [
          8,
          1
        ]
      },
      "parameters": {
        "n_per_segment": 1,
        "num_bands": 1,
        "resolution": 2,
        "stretch_angle_degrees": 17.0,
        "stretch_factor": 1.05
      },
      "production_entry_traversed": true,
      "required_assertions": [
        "c3_legacy_disabled",
        "deformation_metadata",
        "finite_freqs",
        "generic_current_bz_path"
      ],
      "shape": [
        8,
        1
      ],
      "solver": "MPB",
      "started_at": "2026-08-12T06:52:22.556433+00:00",
      "status": "PASS"
    },
    "berry_non_identity_low_resolution": {
      "assertion_results": {
        "c3_reduction_disabled": "PASS",
        "current_full_bz_domain": "PASS",
        "deformation_metadata": "PASS",
        "finite_bcs": "PASS"
      },
      "assertions": {
        "c3_reduction_disabled": true,
        "current_full_bz_domain": true,
        "deformation_metadata": true,
        "finite_bcs": true
      },
      "command": "mp-python docs/architecture/mephc_affine_architecture_r3_1/run_r3_1_smokes.py --output-root \"$R3_1_SMOKE_OUTPUT\"",
      "driver_path": "docs/architecture/mephc_affine_architecture_r3_1/run_r3_1_smokes.py",
      "duration_seconds": 0.028212,
      "ended_at": "2026-08-12T06:52:22.603445+00:00",
      "exit_code": 0,
      "log_path": "logs/entrypoint_smoke.log",
      "numerical_or_shape_summary": {
        "finite": true,
        "shape": [
          7,
          1
        ]
      },
      "parameters": {
        "grid_n": 2,
        "num_bands": 1,
        "resolution": 2,
        "step": 0.01,
        "stretch_angle_degrees": 17.0,
        "stretch_factor": 1.05
      },
      "production_entry_traversed": true,
      "required_assertions": [
        "c3_reduction_disabled",
        "current_full_bz_domain",
        "deformation_metadata",
        "finite_bcs"
      ],
      "shape": [
        7,
        1
      ],
      "solver": "MPB",
      "started_at": "2026-08-12T06:52:22.575244+00:00",
      "status": "PASS"
    },
    "efs_non_identity_low_resolution": {
      "assertion_results": {
        "c3_reduction_disabled": "PASS",
        "current_full_bz_domain": "PASS",
        "deformation_metadata": "PASS",
        "finite_freqs": "PASS"
      },
      "assertions": {
        "c3_reduction_disabled": true,
        "current_full_bz_domain": true,
        "deformation_metadata": true,
        "finite_freqs": true
      },
      "command": "mp-python docs/architecture/mephc_affine_architecture_r3_1/run_r3_1_smokes.py --output-root \"$R3_1_SMOKE_OUTPUT\"",
      "driver_path": "docs/architecture/mephc_affine_architecture_r3_1/run_r3_1_smokes.py",
      "duration_seconds": 0.014416,
      "ended_at": "2026-08-12T06:52:22.617872+00:00",
      "exit_code": 0,
      "log_path": "logs/entrypoint_smoke.log",
      "numerical_or_shape_summary": {
        "finite": true,
        "shape": [
          7,
          1
        ]
      },
      "parameters": {
        "grid_n": 2,
        "num_bands": 1,
        "resolution": 2,
        "stretch_angle_degrees": 17.0,
        "stretch_factor": 1.05
      },
      "production_entry_traversed": true,
      "required_assertions": [
        "c3_reduction_disabled",
        "current_full_bz_domain",
        "deformation_metadata",
        "finite_freqs"
      ],
      "shape": [
        7,
        1
      ],
      "solver": "MPB",
      "started_at": "2026-08-12T06:52:22.603465+00:00",
      "status": "PASS"
    },
    "frequency_at_tracked_K1_non_identity_low_resolution": {
      "assertion_results": {
        "finite_freqs": "PASS",
        "landmark_metadata": "PASS",
        "tracked_K1": "PASS"
      },
      "assertions": {
        "finite_freqs": true,
        "landmark_metadata": true,
        "tracked_K1": true
      },
      "command": "mp-python docs/architecture/mephc_affine_architecture_r3_1/run_r3_1_smokes.py --output-root \"$R3_1_SMOKE_OUTPUT\"",
      "driver_path": "docs/architecture/mephc_affine_architecture_r3_1/run_r3_1_smokes.py",
      "duration_seconds": 0.006179,
      "ended_at": "2026-08-12T06:52:22.624058+00:00",
      "exit_code": 0,
      "log_path": "logs/entrypoint_smoke.log",
      "numerical_or_shape_summary": {
        "finite": true,
        "shape": [
          1
        ]
      },
      "parameters": {
        "num_bands": 1,
        "resolution": 2,
        "stretch_angle_degrees": 17.0,
        "stretch_factor": 1.05
      },
      "production_entry_traversed": true,
      "required_assertions": [
        "finite_freqs",
        "landmark_metadata",
        "tracked_K1"
      ],
      "shape": [
        1
      ],
      "solver": "MPB",
      "started_at": "2026-08-12T06:52:22.617891+00:00",
      "status": "PASS"
    }
  },
  "parameters": {
    "num_bands": 1,
    "record_writes": false,
    "resolution": 2,
    "stretch_angle_degrees": 17.0,
    "stretch_factor": 1.05
  },
  "status": "PASS",
  "total_duration_seconds": 0.067647
}

Elapsed run time = 0.1027 s
