Using MPI version 4.1, 1 processes
Initializing eigensolver data
Computing 6 bands with 1e-07 tolerance
Working in 2 dimensions.
Grid size is 24 x 24 x 1.
Solving for 6 bands at a time.
Creating Maxwell data...
Mesh size is 3.
Lattice vectors:
     (2, 0, 0)
     (0, 2, 0)
     (0, 0, 1)
Cell volume = 4
Reciprocal lattice vectors (/ 2 pi):
     (0.5, -0, 0)
     (-0, 0.5, -0)
     (0, -0, 1)
Geometric objects:
     block, center = (0,0,0)
          size (1e+20,1e+20,1)
          axes (1,0,0), (0,1,0), (0,0,1)
     prism, center = (-2.08167e-17,-1.38778e-17,0.5)
          height 1, axis (0,0,1), sidewall angle: 0 radians, 4 vertices:
          (0.25,0.25,0)
          (-0.25,0.25,0)
          (-0.25,-0.25,0)
          (0.25,-0.25,0)
     prism, center = (-2.08167e-17,1,0.5)
          height 1, axis (0,0,1), sidewall angle: 0 radians, 4 vertices:
          (0.25,1.25,0)
          (-0.25,1.25,0)
          (-0.25,0.75,0)
          (0.25,0.75,0)
     prism, center = (1,-1.38778e-17,0.5)
          height 1, axis (0,0,1), sidewall angle: 0 radians, 4 vertices:
          (1.25,0.25,0)
          (0.75,0.25,0)
          (0.75,-0.25,0)
          (1.25,-0.25,0)
     prism, center = (1,1,0.5)
          height 1, axis (0,0,1), sidewall angle: 0 radians, 4 vertices:
          (1.25,1.25,0)
          (0.75,1.25,0)
          (0.75,0.75,0)
          (1.25,0.75,0)
Geometric object tree has depth 3 and 45 object nodes (vs. 5 actual objects)
Initializing epsilon function...
Allocating fields...
Solving for band polarization: te.
Initializing fields to random numbers...
3 k-points
  Vector3<0.0, 0.0, 0.0>
  Vector3<0.12, 0.07, 0.0>
  Vector3<-0.09, 0.14, 0.0>
elapsed time for initialization: 0.001032114028930664
solve_kpoint (0,0,0):
tefreqs:, k index, k1, k2, k3, kmag/2pi, te band 1, te band 2, te band 3, te band 4, te band 5, te band 6
Solving for bands 2 to 6...
    near maximum in trace
    iteration    1: trace = 0.9203650250333267 (192.495% change)
    iteration    2: trace = 0.3589368087180581 (87.771% change)
    iteration    3: trace = 0.3075936834713707 (15.4061% change)
    iteration    4: trace = 0.2957324891097553 (3.93193% change)
    iteration    5: trace = 0.2930047255954774 (0.926649% change)
    iteration    6: trace = 0.292177671075187 (0.282666% change)
    iteration    7: trace = 0.2919568065763878 (0.0756211% change)
    iteration    8: trace = 0.2918843228013751 (0.02483% change)
    iteration    9: trace = 0.2918670649084794 (0.00591275% change)
    iteration   10: trace = 0.2918615795158576 (0.00187943% change)
    iteration   11: trace = 0.2918590380896459 (0.000870768% change)
    iteration   12: trace = 0.2918574957200604 (0.000528465% change)
    iteration   13: trace = 0.2918570788196515 (0.000142844% change)
    iteration   14: trace = 0.2918569787071745 (3.43019e-05% change)
    iteration   15: trace = 0.2918569587403362 (6.84131e-06% change)
Finished solving for bands 2 to 6 after 15 iterations.
tefreqs:, 1, 0, 0, 0, 0, 0, 0.195119, 0.195455, 0.260855, 0.261564, 0.281286
elapsed time for k point: 0.007846593856811523
solve_kpoint (0.12,0.07,0):
Solving for bands 1 to 6...
    iteration    1: trace = 0.2939879296708257 (2.46291% change)
    iteration    2: trace = 0.2919633305741724 (0.691047% change)
    iteration    3: trace = 0.2916769656190848 (0.0981306% change)
    iteration    4: trace = 0.291561814775894 (0.0394867% change)
    iteration    5: trace = 0.2914994930110051 (0.0213774% change)
    iteration    6: trace = 0.2914851575857814 (0.00491794% change)
    iteration    7: trace = 0.2914839193272293 (0.000424811% change)
    iteration    8: trace = 0.2914838030644879 (3.98865e-05% change)
    iteration    9: trace = 0.2914837753898026 (9.49442e-06% change)
Finished solving for bands 1 to 6 after 9 iterations.
tefreqs:, 2, 0.12, 0.07, 0, 0.0694622, 0.0313379, 0.186781, 0.193802, 0.265165, 0.270752, 0.272831
elapsed time for k point: 0.0070493221282958984
solve_kpoint (-0.09,0.14,0):
Solving for bands 1 to 6...
    iteration    1: trace = 0.2981973546826845 (5.12455% change)
    iteration    2: trace = 0.2933287228804834 (1.64613% change)
    iteration    3: trace = 0.2921185831713866 (0.413407% change)
    iteration    4: trace = 0.291529442155001 (0.201882% change)
    iteration    5: trace = 0.2913265198464225 (0.0696303% change)
    iteration    6: trace = 0.2912874292098344 (0.0134191% change)
    iteration    7: trace = 0.2912828693196371 (0.00156544% change)
    iteration    8: trace = 0.291282294772593 (0.000197247% change)
    iteration    9: trace = 0.2912821384098178 (5.36809e-05% change)
    iteration   10: trace = 0.2912820767402419 (2.11718e-05% change)
    iteration   11: trace = 0.2912820511716499 (8.77795e-06% change)
Finished solving for bands 1 to 6 after 11 iterations.
tefreqs:, 3, -0.09, 0.14, 0, 0.0832166, 0.0374784, 0.184071, 0.192774, 0.267782, 0.26902, 0.273413
elapsed time for k point: 0.005644559860229492
Band 1 range: 0.0 at Vector3<0.0, 0.0, 0.0> to 0.03747836894605642 at Vector3<-0.09, 0.14, 0.0>
Band 2 range: 0.18407084828549847 at Vector3<-0.09, 0.14, 0.0> to 0.19511883957002657 at Vector3<0.0, 0.0, 0.0>
Band 3 range: 0.19277412435849967 at Vector3<-0.09, 0.14, 0.0> to 0.19545512931369866 at Vector3<0.0, 0.0, 0.0>
Band 4 range: 0.26085481245435715 at Vector3<0.0, 0.0, 0.0> to 0.26778190368031835 at Vector3<-0.09, 0.14, 0.0>
Band 5 range: 0.2615638863874938 at Vector3<0.0, 0.0, 0.0> to 0.27075154374989957 at Vector3<0.12, 0.07, 0.0>
Band 6 range: 0.2728311491225165 at Vector3<0.12, 0.07, 0.0> to 0.28128631279786964 at Vector3<0.0, 0.0, 0.0>
Gap from band 1 (0.03747836894605642) to band 2 (0.18407084828549847), 132.33400792044247%
Gap from band 3 (0.19545512931369866) to band 4 (0.26085481245435715), 28.664588322251113%
Gap from band 5 (0.27075154374989957) to band 6 (0.2728311491225165), 0.7651477502448829%
total elapsed time for run: 0.021683454513549805
done
Initializing eigensolver data
Computing 6 bands with 1e-07 tolerance
Working in 2 dimensions.
Grid size is 24 x 24 x 1.
Solving for 6 bands at a time.
Creating Maxwell data...
Mesh size is 3.
Lattice vectors:
     (2, 0, 0)
     (0, 2, 0)
     (0, 0, 1)
Cell volume = 4
Reciprocal lattice vectors (/ 2 pi):
     (0.5, -0, 0)
     (-0, 0.5, -0)
     (0, -0, 1)
Geometric objects:
     block, center = (0,0,0)
          size (1e+20,1e+20,1)
          axes (1,0,0), (0,1,0), (0,0,1)
     prism, center = (0.005,-1.38778e-17,0.5)
          height 1, axis (0,0,1), sidewall angle: 0 radians, 4 vertices:
          (0.255,0.25,0)
          (-0.245,0.25,0)
          (-0.245,-0.25,0)
          (0.255,-0.25,0)
     prism, center = (-0.005,1,0.5)
          height 1, axis (0,0,1), sidewall angle: 0 radians, 4 vertices:
          (0.245,1.25,0)
          (-0.255,1.25,0)
          (-0.255,0.75,0)
          (0.245,0.75,0)
     prism, center = (0.995,-1.38778e-17,0.5)
          height 1, axis (0,0,1), sidewall angle: 0 radians, 4 vertices:
          (1.245,0.25,0)
          (0.745,0.25,0)
          (0.745,-0.25,0)
          (1.245,-0.25,0)
     prism, center = (1.005,1,0.5)
          height 1, axis (0,0,1), sidewall angle: 0 radians, 4 vertices:
          (1.255,1.25,0)
          (0.755,1.25,0)
          (0.755,0.75,0)
          (1.255,0.75,0)
Geometric object tree has depth 4 and 65 object nodes (vs. 5 actual objects)
Initializing epsilon function...
Allocating fields...
Solving for band polarization: te.
Initializing fields to random numbers...
3 k-points
  Vector3<0.0, 0.0, 0.0>
  Vector3<0.12, 0.07, 0.0>
  Vector3<-0.09, 0.14, 0.0>
elapsed time for initialization: 0.0010004043579101562
solve_kpoint (0,0,0):
tefreqs:, k index, k1, k2, k3, kmag/2pi, te band 1, te band 2, te band 3, te band 4, te band 5, te band 6
Solving for bands 2 to 6...
    near maximum in trace
    iteration    1: trace = 0.9155155242139448 (192.503% change)
    iteration    2: trace = 0.3591944485696962 (87.2859% change)
    iteration    3: trace = 0.3074400907962866 (15.5271% change)
    iteration    4: trace = 0.2953424986025044 (4.01392% change)
    iteration    5: trace = 0.29255326036567 (0.948889% change)
    iteration    6: trace = 0.2917194755340288 (0.285409% change)
    iteration    7: trace = 0.2914920485996721 (0.0779912% change)
    iteration    8: trace = 0.2914165021389268 (0.0259205% change)
    iteration    9: trace = 0.2913982455605449 (0.00626497% change)
    iteration   10: trace = 0.2913922207405765 (0.00206758% change)
    iteration   11: trace = 0.2913893101554084 (0.00099886% change)
    iteration   12: trace = 0.2913875678731657 (0.000597924% change)
    iteration   13: trace = 0.2913870995113816 (0.000160735% change)
    iteration   14: trace = 0.2913869888035452 (3.79934e-05% change)
    iteration   15: trace = 0.2913869673993875 (7.34561e-06% change)
Finished solving for bands 2 to 6 after 15 iterations.
tefreqs:, 1, 0, 0, 0, 0, 0, 0.195071, 0.195384, 0.260534, 0.261228, 0.281143
elapsed time for k point: 0.0070247650146484375
solve_kpoint (0.12,0.07,0):
Solving for bands 1 to 6...
    iteration    1: trace = 0.2934761297449668 (2.47098% change)
    iteration    2: trace = 0.2914330435473825 (0.698599% change)
    iteration    3: trace = 0.2911479394928365 (0.0978762% change)
    iteration    4: trace = 0.2910329002907119 (0.0395201% change)
    iteration    5: trace = 0.2909740459580519 (0.0202246% change)
    iteration    6: trace = 0.2909588437538149 (0.00522473% change)
    iteration    7: trace = 0.290957518478626 (0.000455486% change)
    iteration    8: trace = 0.2909573516166855 (5.73493e-05% change)
    iteration    9: trace = 0.290957321435983 (1.03729e-05% change)
    iteration   10: trace = 0.2909573136972553 (2.65975e-06% change)
Finished solving for bands 1 to 6 after 10 iterations.
tefreqs:, 2, 0.12, 0.07, 0, 0.0694622, 0.0312714, 0.186405, 0.194033, 0.265515, 0.269854, 0.272516
elapsed time for k point: 0.00523829460144043
solve_kpoint (-0.09,0.14,0):
Solving for bands 1 to 6...
    iteration    1: trace = 0.2978096313671506 (5.07225% change)
    iteration    2: trace = 0.2929510802021688 (1.64485% change)
    iteration    3: trace = 0.2917143284661796 (0.423063% change)
    iteration    4: trace = 0.2910980227464608 (0.211494% change)
    iteration    5: trace = 0.2908953641923991 (0.0696429% change)
    iteration    6: trace = 0.2908518581114812 (0.014957% change)
    iteration    7: trace = 0.2908471226129146 (0.00162816% change)
    iteration    8: trace = 0.2908464862795035 (0.000218786% change)
    iteration    9: trace = 0.2908463782760325 (3.71342e-05% change)
    iteration   10: trace = 0.2908463526470004 (8.81188e-06% change)
Finished solving for bands 1 to 6 after 10 iterations.
tefreqs:, 3, -0.09, 0.14, 0, 0.0832166, 0.0374931, 0.184276, 0.192398, 0.267061, 0.268792, 0.27367
elapsed time for k point: 0.005171298980712891
Band 1 range: 0.0 at Vector3<0.0, 0.0, 0.0> to 0.037493133297876305 at Vector3<-0.09, 0.14, 0.0>
Band 2 range: 0.18427619730628114 at Vector3<-0.09, 0.14, 0.0> to 0.19507130565563402 at Vector3<0.0, 0.0, 0.0>
Band 3 range: 0.1923980699246938 at Vector3<-0.09, 0.14, 0.0> to 0.1953839895853028 at Vector3<0.0, 0.0, 0.0>
Band 4 range: 0.2605338004051021 at Vector3<0.0, 0.0, 0.0> to 0.2670606953080079 at Vector3<-0.09, 0.14, 0.0>
Band 5 range: 0.2612282436263076 at Vector3<0.0, 0.0, 0.0> to 0.26985413137296305 at Vector3<0.12, 0.07, 0.0>
Band 6 range: 0.2725157167783765 at Vector3<0.12, 0.07, 0.0> to 0.28114265649543957 at Vector3<0.0, 0.0, 0.0>
Gap from band 1 (0.037493133297876305) to band 2 (0.18427619730628114), 132.374538542845%
Gap from band 3 (0.1953839895853028) to band 4 (0.2605338004051021), 28.579630911603793%
Gap from band 5 (0.26985413137296305) to band 6 (0.2725157167783765), 0.9814651070613257%
total elapsed time for run: 0.01850438117980957
done
Initializing eigensolver data
Computing 6 bands with 1e-07 tolerance
Working in 2 dimensions.
Grid size is 24 x 24 x 1.
Solving for 6 bands at a time.
Creating Maxwell data...
Mesh size is 3.
Lattice vectors:
     (2, 0, 0)
     (0, 2, 0)
     (0, 0, 1)
Cell volume = 4
Reciprocal lattice vectors (/ 2 pi):
     (0.5, -0, 0)
     (-0, 0.5, -0)
     (0, -0, 1)
Geometric objects:
     block, center = (0,0,0)
          size (1e+20,1e+20,1)
          axes (1,0,0), (0,1,0), (0,0,1)
     prism, center = (-0.005,-1.38778e-17,0.5)
          height 1, axis (0,0,1), sidewall angle: 0 radians, 4 vertices:
          (0.245,0.25,0)
          (-0.255,0.25,0)
          (-0.255,-0.25,0)
          (0.245,-0.25,0)
     prism, center = (0.005,1,0.5)
          height 1, axis (0,0,1), sidewall angle: 0 radians, 4 vertices:
          (0.255,1.25,0)
          (-0.245,1.25,0)
          (-0.245,0.75,0)
          (0.255,0.75,0)
     prism, center = (1.005,-1.38778e-17,0.5)
          height 1, axis (0,0,1), sidewall angle: 0 radians, 4 vertices:
          (1.255,0.25,0)
          (0.755,0.25,0)
          (0.755,-0.25,0)
          (1.255,-0.25,0)
     prism, center = (0.995,1,0.5)
          height 1, axis (0,0,1), sidewall angle: 0 radians, 4 vertices:
          (1.245,1.25,0)
          (0.745,1.25,0)
          (0.745,0.75,0)
          (1.245,0.75,0)
Geometric object tree has depth 5 and 74 object nodes (vs. 5 actual objects)
Initializing epsilon function...
Allocating fields...
Solving for band polarization: te.
Initializing fields to random numbers...
3 k-points
  Vector3<0.0, 0.0, 0.0>
  Vector3<0.12, 0.07, 0.0>
  Vector3<-0.09, 0.14, 0.0>
elapsed time for initialization: 0.001028299331665039
solve_kpoint (0,0,0):
tefreqs:, k index, k1, k2, k3, kmag/2pi, te band 1, te band 2, te band 3, te band 4, te band 5, te band 6
Solving for bands 2 to 6...
    near maximum in trace
    iteration    1: trace = 0.9186179180908454 (192.504% change)
    iteration    2: trace = 0.3580334216657298 (87.8211% change)
    iteration    3: trace = 0.3068420971112225 (15.3988% change)
    iteration    4: trace = 0.2951796647351904 (3.87442% change)
    iteration    5: trace = 0.2925179861122327 (0.905799% change)
    iteration    6: trace = 0.2917141654214563 (0.275172% change)
    iteration    7: trace = 0.2914906368634659 (0.0766553% change)
    iteration    8: trace = 0.2914163272685671 (0.0254962% change)
    iteration    9: trace = 0.2913983288841182 (0.00617637% change)
    iteration   10: trace = 0.2913922825584098 (0.00207496% change)
    iteration   11: trace = 0.2913893007563371 (0.0010233% change)
    iteration   12: trace = 0.2913875494749638 (0.000601013% change)
    iteration   13: trace = 0.2913870907122773 (0.000157441% change)
    iteration   14: trace = 0.2913869870218213 (3.55851e-05% change)
    iteration   15: trace = 0.2913869671290409 (6.82693e-06% change)
Finished solving for bands 2 to 6 after 15 iterations.
tefreqs:, 1, 0, 0, 0, 0, 0, 0.195071, 0.195384, 0.260534, 0.261228, 0.281143
elapsed time for k point: 0.0067920684814453125
solve_kpoint (0.12,0.07,0):
Solving for bands 1 to 6...
    iteration    1: trace = 0.2934760477315286 (2.47093% change)
    iteration    2: trace = 0.2914330305627368 (0.698576% change)
    iteration    3: trace = 0.2911479372652541 (0.0978725% change)
    iteration    4: trace = 0.2910328998060538 (0.0395195% change)
    iteration    5: trace = 0.2909740474491763 (0.0202239% change)
    iteration    6: trace = 0.2909588442096027 (0.00522508% change)
    iteration    7: trace = 0.2909575185427334 (0.000455621% change)
    iteration    8: trace = 0.290957351614825 (5.73719e-05% change)
    iteration    9: trace = 0.2909573214311051 (1.03739e-05% change)
    iteration   10: trace = 0.2909573136957088 (2.6586e-06% change)
Finished solving for bands 1 to 6 after 10 iterations.
tefreqs:, 2, 0.12, 0.07, 0, 0.0694622, 0.0312714, 0.186405, 0.194033, 0.265515, 0.269854, 0.272516
elapsed time for k point: 0.005246877670288086
solve_kpoint (-0.09,0.14,0):
Solving for bands 1 to 6...
    iteration    1: trace = 0.2978096324790923 (5.07225% change)
    iteration    2: trace = 0.292951080360326 (1.64485% change)
    iteration    3: trace = 0.2917143285604525 (0.423063% change)
    iteration    4: trace = 0.2910980227734103 (0.211494% change)
    iteration    5: trace = 0.2908953641964331 (0.0696429% change)
    iteration    6: trace = 0.2908518581108878 (0.014957% change)
    iteration    7: trace = 0.2908471226126396 (0.00162816% change)
    iteration    8: trace = 0.2908464862793407 (0.000218786% change)
    iteration    9: trace = 0.2908463782759372 (3.71342e-05% change)
    iteration   10: trace = 0.2908463526469545 (8.81186e-06% change)
Finished solving for bands 1 to 6 after 10 iterations.
tefreqs:, 3, -0.09, 0.14, 0, 0.0832166, 0.0374931, 0.184276, 0.192398, 0.267061, 0.268792, 0.27367
elapsed time for k point: 0.005146026611328125
Band 1 range: 0.0 at Vector3<0.0, 0.0, 0.0> to 0.03749313329785213 at Vector3<-0.09, 0.14, 0.0>
Band 2 range: 0.1842761973062777 at Vector3<-0.09, 0.14, 0.0> to 0.19507130565852637 at Vector3<0.0, 0.0, 0.0>
Band 3 range: 0.1923980699246904 at Vector3<-0.09, 0.14, 0.0> to 0.19538398970927684 at Vector3<0.0, 0.0, 0.0>
Band 4 range: 0.2605337999899543 at Vector3<0.0, 0.0, 0.0> to 0.2670606953080016 at Vector3<-0.09, 0.14, 0.0>
Band 5 range: 0.2612282435051489 at Vector3<0.0, 0.0, 0.0> to 0.26985413137437625 at Vector3<0.12, 0.07, 0.0>
Band 6 range: 0.2725157167776698 at Vector3<0.12, 0.07, 0.0> to 0.2811426564237691 at Vector3<0.0, 0.0, 0.0>
Gap from band 1 (0.03749313329785213) to band 2 (0.1842761973062777), 132.37453854288012%
Gap from band 3 (0.19538398970927684) to band 4 (0.2605337999899543), 28.5796306933567%
Gap from band 5 (0.26985413137437625) to band 6 (0.2725157167776698), 0.981465106278324%
total elapsed time for run: 0.018289566040039062
done
Initializing eigensolver data
Computing 6 bands with 1e-07 tolerance
Working in 2 dimensions.
Grid size is 24 x 24 x 1.
Solving for 6 bands at a time.
Creating Maxwell data...
Mesh size is 3.
Lattice vectors:
     (2, 0, 0)
     (0, 2, 0)
     (0, 0, 1)
Cell volume = 4
Reciprocal lattice vectors (/ 2 pi):
     (0.5, -0, 0)
     (-0, 0.5, -0)
     (0, -0, 1)
Geometric objects:
     block, center = (0,0,0)
          size (1e+20,1e+20,1)
          axes (1,0,0), (0,1,0), (0,0,1)
     prism, center = (0.0025,-1.38778e-17,0.5)
          height 1, axis (0,0,1), sidewall angle: 0 radians, 4 vertices:
          (0.2525,0.25,0)
          (-0.2475,0.25,0)
          (-0.2475,-0.25,0)
          (0.2525,-0.25,0)
     prism, center = (-0.0025,1,0.5)
          height 1, axis (0,0,1), sidewall angle: 0 radians, 4 vertices:
          (0.2475,1.25,0)
          (-0.2525,1.25,0)
          (-0.2525,0.75,0)
          (0.2475,0.75,0)
     prism, center = (0.9975,-1.38778e-17,0.5)
          height 1, axis (0,0,1), sidewall angle: 0 radians, 4 vertices:
          (1.2475,0.25,0)
          (0.7475,0.25,0)
          (0.7475,-0.25,0)
          (1.2475,-0.25,0)
     prism, center = (1.0025,1,0.5)
          height 1, axis (0,0,1), sidewall angle: 0 radians, 4 vertices:
          (1.2525,1.25,0)
          (0.7525,1.25,0)
          (0.7525,0.75,0)
          (1.2525,0.75,0)
Geometric object tree has depth 4 and 65 object nodes (vs. 5 actual objects)
Initializing epsilon function...
Allocating fields...
Solving for band polarization: te.
Initializing fields to random numbers...
3 k-points
  Vector3<0.0, 0.0, 0.0>
  Vector3<0.12, 0.07, 0.0>
  Vector3<-0.09, 0.14, 0.0>
elapsed time for initialization: 0.0009906291961669922
solve_kpoint (0,0,0):
tefreqs:, k index, k1, k2, k3, kmag/2pi, te band 1, te band 2, te band 3, te band 4, te band 5, te band 6
Solving for bands 2 to 6...
    near maximum in trace
    iteration    1: trace = 0.916351043477045 (192.498% change)
    iteration    2: trace = 0.3591117402392966 (87.3784% change)
    iteration    3: trace = 0.3074968983632788 (15.4858% change)
    iteration    4: trace = 0.2954567114434143 (3.99374% change)
    iteration    5: trace = 0.2926887269236795 (0.941259% change)
    iteration    6: trace = 0.2918590940233464 (0.283855% change)
    iteration    7: trace = 0.2916324283440389 (0.0776929% change)
    iteration    8: trace = 0.2915571489427503 (0.0258164% change)
    iteration    9: trace = 0.2915391794485696 (0.00616347% change)
    iteration   10: trace = 0.2915332986231409 (0.00201719% change)
    iteration   11: trace = 0.2915304741827506 (0.000968827% change)
    iteration   12: trace = 0.2915287915225567 (0.000577183% change)
    iteration   13: trace = 0.2915283384937283 (0.000155398% change)
    iteration   14: trace = 0.2915282315066836 (3.66987e-05% change)
    iteration   15: trace = 0.2915282108098142 (7.09944e-06% change)
Finished solving for bands 2 to 6 after 15 iterations.
tefreqs:, 1, 0, 0, 0, 0, 0, 0.195065, 0.19541, 0.26059, 0.261395, 0.281172
elapsed time for k point: 0.006626129150390625
solve_kpoint (0.12,0.07,0):
Solving for bands 1 to 6...
    iteration    1: trace = 0.2936190652154802 (2.46903% change)
    iteration    2: trace = 0.2915740415388588 (0.698923% change)
    iteration    3: trace = 0.2912908701543067 (0.0971654% change)
    iteration    4: trace = 0.2911769151882496 (0.0391283% change)
    iteration    5: trace = 0.2911180836845849 (0.0202068% change)
    iteration    6: trace = 0.2911031853596643 (0.00511775% change)
    iteration    7: trace = 0.2911019132025675 (0.000437013% change)
    iteration    8: trace = 0.2911017636870099 (5.13619e-05% change)
    iteration    9: trace = 0.2911017357146966 (9.60912e-06% change)
Finished solving for bands 1 to 6 after 9 iterations.
tefreqs:, 2, 0.12, 0.07, 0, 0.0694622, 0.031275, 0.186401, 0.194066, 0.265676, 0.269904, 0.272552
elapsed time for k point: 0.0047454833984375
solve_kpoint (-0.09,0.14,0):
Solving for bands 1 to 6...
    iteration    1: trace = 0.2979537249872839 (5.06854% change)
    iteration    2: trace = 0.2930850064550701 (1.64751% change)
    iteration    3: trace = 0.2918552223673082 (0.420482% change)
    iteration    4: trace = 0.2912437318719499 (0.209738% change)
    iteration    5: trace = 0.2910413304172831 (0.0695197% change)
    iteration    6: trace = 0.2909983738539216 (0.0147607% change)
    iteration    7: trace = 0.2909936823012518 (0.00161224% change)
    iteration    8: trace = 0.2909930783175277 (0.000207559% change)
    iteration    9: trace = 0.2909929712849668 (3.67818e-05% change)
    iteration   10: trace = 0.2909929454351493 (8.88331e-06% change)
Finished solving for bands 1 to 6 after 10 iterations.
tefreqs:, 3, -0.09, 0.14, 0, 0.0832166, 0.0375031, 0.184313, 0.192399, 0.267114, 0.26883, 0.273821
elapsed time for k point: 0.006574153900146484
Band 1 range: 0.0 at Vector3<0.0, 0.0, 0.0> to 0.03750313097526871 at Vector3<-0.09, 0.14, 0.0>
Band 2 range: 0.18431301067354702 at Vector3<-0.09, 0.14, 0.0> to 0.1950654783574094 at Vector3<0.0, 0.0, 0.0>
Band 3 range: 0.1923992002375145 at Vector3<-0.09, 0.14, 0.0> to 0.19541013161490614 at Vector3<0.0, 0.0, 0.0>
Band 4 range: 0.26058978906017644 at Vector3<0.0, 0.0, 0.0> to 0.2671144244040602 at Vector3<-0.09, 0.14, 0.0>
Band 5 range: 0.261395435749983 at Vector3<0.0, 0.0, 0.0> to 0.26990417911797565 at Vector3<0.12, 0.07, 0.0>
Band 6 range: 0.2725524926075681 at Vector3<0.12, 0.07, 0.0> to 0.28117243540557696 at Vector3<0.0, 0.0, 0.0>
Gap from band 1 (0.03750313097526871) to band 2 (0.18431301067354702), 132.3707811406358%
Gap from band 3 (0.19541013161490614) to band 4 (0.26058978906017644), 28.58757402798467%
Gap from band 5 (0.26990417911797565) to band 6 (0.2725524926075681), 0.9764147544423055%
total elapsed time for run: 0.019036531448364258
done
Initializing eigensolver data
Computing 6 bands with 1e-07 tolerance
Working in 2 dimensions.
Grid size is 24 x 24 x 1.
Solving for 6 bands at a time.
Creating Maxwell data...
Mesh size is 3.
Lattice vectors:
     (2, 0, 0)
     (0, 2, 0)
     (0, 0, 1)
Cell volume = 4
Reciprocal lattice vectors (/ 2 pi):
     (0.5, -0, 0)
     (-0, 0.5, -0)
     (0, -0, 1)
Geometric objects:
     block, center = (0,0,0)
          size (1e+20,1e+20,1)
          axes (1,0,0), (0,1,0), (0,0,1)
     prism, center = (-0.0025,-1.38778e-17,0.5)
          height 1, axis (0,0,1), sidewall angle: 0 radians, 4 vertices:
          (0.2475,0.25,0)
          (-0.2525,0.25,0)
          (-0.2525,-0.25,0)
          (0.2475,-0.25,0)
     prism, center = (0.0025,1,0.5)
          height 1, axis (0,0,1), sidewall angle: 0 radians, 4 vertices:
          (0.2525,1.25,0)
          (-0.2475,1.25,0)
          (-0.2475,0.75,0)
          (0.2525,0.75,0)
     prism, center = (1.0025,-1.38778e-17,0.5)
          height 1, axis (0,0,1), sidewall angle: 0 radians, 4 vertices:
          (1.2525,0.25,0)
          (0.7525,0.25,0)
          (0.7525,-0.25,0)
          (1.2525,-0.25,0)
     prism, center = (0.9975,1,0.5)
          height 1, axis (0,0,1), sidewall angle: 0 radians, 4 vertices:
          (1.2475,1.25,0)
          (0.7475,1.25,0)
          (0.7475,0.75,0)
          (1.2475,0.75,0)
Geometric object tree has depth 5 and 74 object nodes (vs. 5 actual objects)
Initializing epsilon function...
Allocating fields...
Solving for band polarization: te.
Initializing fields to random numbers...
3 k-points
  Vector3<0.0, 0.0, 0.0>
  Vector3<0.12, 0.07, 0.0>
  Vector3<-0.09, 0.14, 0.0>
elapsed time for initialization: 0.0010960102081298828
solve_kpoint (0,0,0):
tefreqs:, k index, k1, k2, k3, kmag/2pi, te band 1, te band 2, te band 3, te band 4, te band 5, te band 6
Solving for bands 2 to 6...
    near maximum in trace
    iteration    1: trace = 0.9192924751780882 (192.502% change)
    iteration    2: trace = 0.3585516716182633 (87.7636% change)
    iteration    3: trace = 0.3071037105078299 (15.4578% change)
    iteration    4: trace = 0.2953616218134911 (3.89801% change)
    iteration    5: trace = 0.2926735176028733 (0.914267% change)
    iteration    6: trace = 0.2918601956323418 (0.278281% change)
    iteration    7: trace = 0.2916333667744921 (0.0777485% change)
    iteration    8: trace = 0.2915578620066973 (0.0258937% change)
    iteration    9: trace = 0.291539616757671 (0.00625804% change)
    iteration   10: trace = 0.2915335257557113 (0.00208928% change)
    iteration   11: trace = 0.2915305246166955 (0.00102944% change)
    iteration   12: trace = 0.2915287870864343 (0.000596005% change)
    iteration   13: trace = 0.2915283328616896 (0.000155808% change)
    iteration   14: trace = 0.2915282303304437 (3.51703e-05% change)
    iteration   15: trace = 0.2915282106359015 (6.75562e-06% change)
Finished solving for bands 2 to 6 after 15 iterations.
tefreqs:, 1, 0, 0, 0, 0, 0, 0.195065, 0.19541, 0.26059, 0.261395, 0.281172
elapsed time for k point: 0.008608818054199219
solve_kpoint (0.12,0.07,0):
Solving for bands 1 to 6...
    iteration    1: trace = 0.2936189950752897 (2.46898% change)
    iteration    2: trace = 0.2915740327630874 (0.698902% change)
    iteration    3: trace = 0.2912908701830694 (0.0971623% change)
    iteration    4: trace = 0.2911769155065658 (0.0391282% change)
    iteration    5: trace = 0.2911180851163679 (0.0202064% change)
    iteration    6: trace = 0.291103185775648 (0.0051181% change)
    iteration    7: trace = 0.2911019132562634 (0.000437138% change)
    iteration    8: trace = 0.2911017636850659 (5.13811e-05% change)
    iteration    9: trace = 0.2911017357103874 (9.60993e-06% change)
Finished solving for bands 1 to 6 after 9 iterations.
tefreqs:, 2, 0.12, 0.07, 0, 0.0694622, 0.031275, 0.186401, 0.194066, 0.265676, 0.269904, 0.272552
elapsed time for k point: 0.006839752197265625
solve_kpoint (-0.09,0.14,0):
Solving for bands 1 to 6...
    iteration    1: trace = 0.2979537257610229 (5.06854% change)
    iteration    2: trace = 0.293085006659101 (1.64751% change)
    iteration    3: trace = 0.2918552224642547 (0.420482% change)
    iteration    4: trace = 0.2912437318897791 (0.209738% change)
    iteration    5: trace = 0.2910413304182523 (0.0695197% change)
    iteration    6: trace = 0.2909983738526387 (0.0147607% change)
    iteration    7: trace = 0.2909936823007176 (0.00161224% change)
    iteration    8: trace = 0.2909930783172187 (0.000207559% change)
    iteration    9: trace = 0.2909929712847965 (3.67818e-05% change)
    iteration   10: trace = 0.2909929454350672 (8.88328e-06% change)
Finished solving for bands 1 to 6 after 10 iterations.
tefreqs:, 3, -0.09, 0.14, 0, 0.0832166, 0.0375031, 0.184313, 0.192399, 0.267114, 0.26883, 0.273821
elapsed time for k point: 0.00717616081237793
Band 1 range: 0.0 at Vector3<0.0, 0.0, 0.0> to 0.037503130975228914 at Vector3<-0.09, 0.14, 0.0>
Band 2 range: 0.18431301067354164 at Vector3<-0.09, 0.14, 0.0> to 0.19506547841150618 at Vector3<0.0, 0.0, 0.0>
Band 3 range: 0.19239920023750787 at Vector3<-0.09, 0.14, 0.0> to 0.19541013181792521 at Vector3<0.0, 0.0, 0.0>
Band 4 range: 0.2605897886431203 at Vector3<0.0, 0.0, 0.0> to 0.2671144244040573 at Vector3<-0.09, 0.14, 0.0>
Band 5 range: 0.26139543572293394 at Vector3<0.0, 0.0, 0.0> to 0.2699041791202025 at Vector3<0.12, 0.07, 0.0>
Band 6 range: 0.27255249260776604 at Vector3<0.12, 0.07, 0.0> to 0.2811724353293616 at Vector3<0.0, 0.0, 0.0>
Gap from band 1 (0.037503130975228914) to band 2 (0.18431301067354164), 132.3707811406938%
Gap from band 3 (0.19541013181792521) to band 4 (0.2605897886431203), 28.587573769440244%
Gap from band 5 (0.2699041791202025) to band 6 (0.27255249260776604), 0.976414753689908%
total elapsed time for run: 0.02384042739868164
done
Initializing eigensolver data
Computing 6 bands with 1e-07 tolerance
Working in 2 dimensions.
Grid size is 24 x 24 x 1.
Solving for 6 bands at a time.
Creating Maxwell data...
Mesh size is 3.
Lattice vectors:
     (2, 0, 0)
     (0, 2, 0)
     (0, 0, 1)
Cell volume = 4
Reciprocal lattice vectors (/ 2 pi):
     (0.5, -0, 0)
     (-0, 0.5, -0)
     (0, -0, 1)
Geometric objects:
     block, center = (0,0,0)
          size (1e+20,1e+20,1)
          axes (1,0,0), (0,1,0), (0,0,1)
     prism, center = (0.005,-1.38778e-17,0.5)
          height 1, axis (0,0,1), sidewall angle: 0 radians, 4 vertices:
          (0.255,0.25,0)
          (-0.245,0.25,0)
          (-0.245,-0.25,0)
          (0.255,-0.25,0)
     prism, center = (-0.005,1,0.5)
          height 1, axis (0,0,1), sidewall angle: 0 radians, 4 vertices:
          (0.245,1.25,0)
          (-0.255,1.25,0)
          (-0.255,0.75,0)
          (0.245,0.75,0)
     prism, center = (0.995,-1.38778e-17,0.5)
          height 1, axis (0,0,1), sidewall angle: 0 radians, 4 vertices:
          (1.245,0.25,0)
          (0.745,0.25,0)
          (0.745,-0.25,0)
          (1.245,-0.25,0)
     prism, center = (1.005,1,0.5)
          height 1, axis (0,0,1), sidewall angle: 0 radians, 4 vertices:
          (1.255,1.25,0)
          (0.755,1.25,0)
          (0.755,0.75,0)
          (1.255,0.75,0)
Geometric object tree has depth 4 and 65 object nodes (vs. 5 actual objects)
Initializing epsilon function...
Allocating fields...
Solving for band polarization: te.
Initializing fields to random numbers...
3 k-points
  Vector3<0.0, 0.0, 0.0>
  Vector3<0.12, 0.07, 0.0>
  Vector3<-0.09, 0.14, 0.0>
elapsed time for initialization: 0.0018050670623779297
solve_kpoint (0,0,0):
tefreqs:, k index, k1, k2, k3, kmag/2pi, te band 1, te band 2, te band 3, te band 4, te band 5, te band 6
Solving for bands 2 to 6...
    near maximum in trace
    iteration    1: trace = 0.9155155242139448 (192.503% change)
    iteration    2: trace = 0.3591944485696962 (87.2859% change)
    iteration    3: trace = 0.3074400907962866 (15.5271% change)
    iteration    4: trace = 0.2953424986025044 (4.01392% change)
    iteration    5: trace = 0.29255326036567 (0.948889% change)
    iteration    6: trace = 0.2917194755340288 (0.285409% change)
    iteration    7: trace = 0.2914920485996721 (0.0779912% change)
    iteration    8: trace = 0.2914165021389268 (0.0259205% change)
    iteration    9: trace = 0.2913982455605449 (0.00626497% change)
    iteration   10: trace = 0.2913922207405765 (0.00206758% change)
    iteration   11: trace = 0.2913893101554084 (0.00099886% change)
    iteration   12: trace = 0.2913875678731657 (0.000597924% change)
    iteration   13: trace = 0.2913870995113816 (0.000160735% change)
    iteration   14: trace = 0.2913869888035452 (3.79934e-05% change)
    iteration   15: trace = 0.2913869673993875 (7.34561e-06% change)
Finished solving for bands 2 to 6 after 15 iterations.
tefreqs:, 1, 0, 0, 0, 0, 0, 0.195071, 0.195384, 0.260534, 0.261228, 0.281143
elapsed time for k point: 0.008136272430419922
solve_kpoint (0.12,0.07,0):
Solving for bands 1 to 6...
    iteration    1: trace = 0.2934761297449668 (2.47098% change)
    iteration    2: trace = 0.2914330435473825 (0.698599% change)
    iteration    3: trace = 0.2911479394928365 (0.0978762% change)
    iteration    4: trace = 0.2910329002907119 (0.0395201% change)
    iteration    5: trace = 0.2909740459580519 (0.0202246% change)
    iteration    6: trace = 0.2909588437538149 (0.00522473% change)
    iteration    7: trace = 0.290957518478626 (0.000455486% change)
    iteration    8: trace = 0.2909573516166855 (5.73493e-05% change)
    iteration    9: trace = 0.290957321435983 (1.03729e-05% change)
    iteration   10: trace = 0.2909573136972553 (2.65975e-06% change)
Finished solving for bands 1 to 6 after 10 iterations.
tefreqs:, 2, 0.12, 0.07, 0, 0.0694622, 0.0312714, 0.186405, 0.194033, 0.265515, 0.269854, 0.272516
elapsed time for k point: 0.00526118278503418
solve_kpoint (-0.09,0.14,0):
Solving for bands 1 to 6...
    iteration    1: trace = 0.2978096313671506 (5.07225% change)
    iteration    2: trace = 0.2929510802021688 (1.64485% change)
    iteration    3: trace = 0.2917143284661796 (0.423063% change)
    iteration    4: trace = 0.2910980227464608 (0.211494% change)
    iteration    5: trace = 0.2908953641923991 (0.0696429% change)
    iteration    6: trace = 0.2908518581114812 (0.014957% change)
    iteration    7: trace = 0.2908471226129146 (0.00162816% change)
    iteration    8: trace = 0.2908464862795035 (0.000218786% change)
    iteration    9: trace = 0.2908463782760325 (3.71342e-05% change)
    iteration   10: trace = 0.2908463526470004 (8.81188e-06% change)
Finished solving for bands 1 to 6 after 10 iterations.
tefreqs:, 3, -0.09, 0.14, 0, 0.0832166, 0.0374931, 0.184276, 0.192398, 0.267061, 0.268792, 0.27367
elapsed time for k point: 0.005143880844116211
Band 1 range: 0.0 at Vector3<0.0, 0.0, 0.0> to 0.037493133297876305 at Vector3<-0.09, 0.14, 0.0>
Band 2 range: 0.18427619730628114 at Vector3<-0.09, 0.14, 0.0> to 0.19507130565563402 at Vector3<0.0, 0.0, 0.0>
Band 3 range: 0.1923980699246938 at Vector3<-0.09, 0.14, 0.0> to 0.1953839895853028 at Vector3<0.0, 0.0, 0.0>
Band 4 range: 0.2605338004051021 at Vector3<0.0, 0.0, 0.0> to 0.2670606953080079 at Vector3<-0.09, 0.14, 0.0>
Band 5 range: 0.2612282436263076 at Vector3<0.0, 0.0, 0.0> to 0.26985413137296305 at Vector3<0.12, 0.07, 0.0>
Band 6 range: 0.2725157167783765 at Vector3<0.12, 0.07, 0.0> to 0.28114265649543957 at Vector3<0.0, 0.0, 0.0>
Gap from band 1 (0.037493133297876305) to band 2 (0.18427619730628114), 132.374538542845%
Gap from band 3 (0.1953839895853028) to band 4 (0.2605338004051021), 28.579630911603793%
Gap from band 5 (0.26985413137296305) to band 6 (0.2725157167783765), 0.9814651070613257%
total elapsed time for run: 0.02044534683227539
done
Initializing eigensolver data
Computing 6 bands with 1e-07 tolerance
Working in 2 dimensions.
Grid size is 24 x 24 x 1.
Solving for 6 bands at a time.
Creating Maxwell data...
Mesh size is 3.
Lattice vectors:
     (2, 0, 0)
     (0, 2, 0)
     (0, 0, 1)
Cell volume = 4
Reciprocal lattice vectors (/ 2 pi):
     (0.5, -0, 0)
     (-0, 0.5, -0)
     (0, -0, 1)
Geometric objects:
     block, center = (0,0,0)
          size (1e+20,1e+20,1)
          axes (1,0,0), (0,1,0), (0,0,1)
     prism, center = (0.005,-1.38778e-17,0.5)
          height 1, axis (0,0,1), sidewall angle: 0 radians, 4 vertices:
          (0.255,0.25,0)
          (-0.245,0.25,0)
          (-0.245,-0.25,0)
          (0.255,-0.25,0)
     prism, center = (-0.005,1,0.5)
          height 1, axis (0,0,1), sidewall angle: 0 radians, 4 vertices:
          (0.245,1.25,0)
          (-0.255,1.25,0)
          (-0.255,0.75,0)
          (0.245,0.75,0)
     prism, center = (0.995,-1.38778e-17,0.5)
          height 1, axis (0,0,1), sidewall angle: 0 radians, 4 vertices:
          (1.245,0.25,0)
          (0.745,0.25,0)
          (0.745,-0.25,0)
          (1.245,-0.25,0)
     prism, center = (1.005,1,0.5)
          height 1, axis (0,0,1), sidewall angle: 0 radians, 4 vertices:
          (1.255,1.25,0)
          (0.755,1.25,0)
          (0.755,0.75,0)
          (1.255,0.75,0)
Geometric object tree has depth 4 and 65 object nodes (vs. 5 actual objects)
Initializing epsilon function...
Allocating fields...
Solving for band polarization: te.
Initializing fields to random numbers...
3 k-points
  Vector3<0.0, 0.0, 0.0>
  Vector3<0.12, 0.07, 0.0>
  Vector3<-0.09, 0.14, 0.0>
elapsed time for initialization: 0.0009608268737792969
solve_kpoint (0,0,0):
tefreqs:, k index, k1, k2, k3, kmag/2pi, te band 1, te band 2, te band 3, te band 4, te band 5, te band 6
Solving for bands 2 to 6...
    near maximum in trace
    iteration    1: trace = 0.9155155242139448 (192.503% change)
    iteration    2: trace = 0.3591944485696962 (87.2859% change)
    iteration    3: trace = 0.3074400907962866 (15.5271% change)
    iteration    4: trace = 0.2953424986025044 (4.01392% change)
    iteration    5: trace = 0.29255326036567 (0.948889% change)
    iteration    6: trace = 0.2917194755340288 (0.285409% change)
    iteration    7: trace = 0.2914920485996721 (0.0779912% change)
    iteration    8: trace = 0.2914165021389268 (0.0259205% change)
    iteration    9: trace = 0.2913982455605449 (0.00626497% change)
    iteration   10: trace = 0.2913922207405765 (0.00206758% change)
    iteration   11: trace = 0.2913893101554084 (0.00099886% change)
    iteration   12: trace = 0.2913875678731657 (0.000597924% change)
    iteration   13: trace = 0.2913870995113816 (0.000160735% change)
    iteration   14: trace = 0.2913869888035452 (3.79934e-05% change)
    iteration   15: trace = 0.2913869673993875 (7.34561e-06% change)
Finished solving for bands 2 to 6 after 15 iterations.
tefreqs:, 1, 0, 0, 0, 0, 0, 0.195071, 0.195384, 0.260534, 0.261228, 0.281143
elapsed time for k point: 0.006735324859619141
solve_kpoint (0.12,0.07,0):
Solving for bands 1 to 6...
    iteration    1: trace = 0.2934761297449668 (2.47098% change)
    iteration    2: trace = 0.2914330435473825 (0.698599% change)
    iteration    3: trace = 0.2911479394928365 (0.0978762% change)
    iteration    4: trace = 0.2910329002907119 (0.0395201% change)
    iteration    5: trace = 0.2909740459580519 (0.0202246% change)
    iteration    6: trace = 0.2909588437538149 (0.00522473% change)
    iteration    7: trace = 0.290957518478626 (0.000455486% change)
    iteration    8: trace = 0.2909573516166855 (5.73493e-05% change)
    iteration    9: trace = 0.290957321435983 (1.03729e-05% change)
    iteration   10: trace = 0.2909573136972553 (2.65975e-06% change)
Finished solving for bands 1 to 6 after 10 iterations.
tefreqs:, 2, 0.12, 0.07, 0, 0.0694622, 0.0312714, 0.186405, 0.194033, 0.265515, 0.269854, 0.272516
elapsed time for k point: 0.005244255065917969
solve_kpoint (-0.09,0.14,0):
Solving for bands 1 to 6...
    iteration    1: trace = 0.2978096313671506 (5.07225% change)
    iteration    2: trace = 0.2929510802021688 (1.64485% change)
    iteration    3: trace = 0.2917143284661796 (0.423063% change)
    iteration    4: trace = 0.2910980227464608 (0.211494% change)
    iteration    5: trace = 0.2908953641923991 (0.0696429% change)
    iteration    6: trace = 0.2908518581114812 (0.014957% change)
    iteration    7: trace = 0.2908471226129146 (0.00162816% change)
    iteration    8: trace = 0.2908464862795035 (0.000218786% change)
    iteration    9: trace = 0.2908463782760325 (3.71342e-05% change)
    iteration   10: trace = 0.2908463526470004 (8.81188e-06% change)
Finished solving for bands 1 to 6 after 10 iterations.
tefreqs:, 3, -0.09, 0.14, 0, 0.0832166, 0.0374931, 0.184276, 0.192398, 0.267061, 0.268792, 0.27367
elapsed time for k point: 0.005145072937011719
Band 1 range: 0.0 at Vector3<0.0, 0.0, 0.0> to 0.037493133297876305 at Vector3<-0.09, 0.14, 0.0>
Band 2 range: 0.18427619730628114 at Vector3<-0.09, 0.14, 0.0> to 0.19507130565563402 at Vector3<0.0, 0.0, 0.0>
Band 3 range: 0.1923980699246938 at Vector3<-0.09, 0.14, 0.0> to 0.1953839895853028 at Vector3<0.0, 0.0, 0.0>
Band 4 range: 0.2605338004051021 at Vector3<0.0, 0.0, 0.0> to 0.2670606953080079 at Vector3<-0.09, 0.14, 0.0>
Band 5 range: 0.2612282436263076 at Vector3<0.0, 0.0, 0.0> to 0.26985413137296305 at Vector3<0.12, 0.07, 0.0>
Band 6 range: 0.2725157167783765 at Vector3<0.12, 0.07, 0.0> to 0.28114265649543957 at Vector3<0.0, 0.0, 0.0>
Gap from band 1 (0.037493133297876305) to band 2 (0.18427619730628114), 132.374538542845%
Gap from band 3 (0.1953839895853028) to band 4 (0.2605338004051021), 28.579630911603793%
Gap from band 5 (0.26985413137296305) to band 6 (0.2725157167783765), 0.9814651070613257%
total elapsed time for run: 0.01815032958984375
done
Initializing eigensolver data
Computing 6 bands with 1e-07 tolerance
Working in 2 dimensions.
Grid size is 32 x 32 x 1.
Solving for 6 bands at a time.
Creating Maxwell data...
Mesh size is 3.
Lattice vectors:
     (2, 0, 0)
     (0, 2, 0)
     (0, 0, 1)
Cell volume = 4
Reciprocal lattice vectors (/ 2 pi):
     (0.5, -0, 0)
     (-0, 0.5, -0)
     (0, -0, 1)
Geometric objects:
     block, center = (0,0,0)
          size (1e+20,1e+20,1)
          axes (1,0,0), (0,1,0), (0,0,1)
     prism, center = (-2.08167e-17,-1.38778e-17,0.5)
          height 1, axis (0,0,1), sidewall angle: 0 radians, 4 vertices:
          (0.25,0.25,0)
          (-0.25,0.25,0)
          (-0.25,-0.25,0)
          (0.25,-0.25,0)
     prism, center = (-2.08167e-17,1,0.5)
          height 1, axis (0,0,1), sidewall angle: 0 radians, 4 vertices:
          (0.25,1.25,0)
          (-0.25,1.25,0)
          (-0.25,0.75,0)
          (0.25,0.75,0)
     prism, center = (1,-1.38778e-17,0.5)
          height 1, axis (0,0,1), sidewall angle: 0 radians, 4 vertices:
          (1.25,0.25,0)
          (0.75,0.25,0)
          (0.75,-0.25,0)
          (1.25,-0.25,0)
     prism, center = (1,1,0.5)
          height 1, axis (0,0,1), sidewall angle: 0 radians, 4 vertices:
          (1.25,1.25,0)
          (0.75,1.25,0)
          (0.75,0.75,0)
          (1.25,0.75,0)
Geometric object tree has depth 3 and 45 object nodes (vs. 5 actual objects)
Initializing epsilon function...
Allocating fields...
Solving for band polarization: te.
Initializing fields to random numbers...
3 k-points
  Vector3<0.0, 0.0, 0.0>
  Vector3<0.12, 0.07, 0.0>
  Vector3<-0.09, 0.14, 0.0>
elapsed time for initialization: 0.0023415088653564453
solve_kpoint (0,0,0):
tefreqs:, k index, k1, k2, k3, kmag/2pi, te band 1, te band 2, te band 3, te band 4, te band 5, te band 6
Solving for bands 2 to 6...
    near maximum in trace
    iteration    1: trace = 1.057040553341168 (195.37% change)
    iteration    2: trace = 0.3601271533624645 (98.353% change)
    iteration    3: trace = 0.3103287583923868 (14.8551% change)
    iteration    4: trace = 0.2964617105955014 (4.57062% change)
    iteration    5: trace = 0.2933503271353657 (1.05504% change)
    iteration    6: trace = 0.2923521083444192 (0.340862% change)
    iteration    7: trace = 0.2920912605766972 (0.0892637% change)
    iteration    8: trace = 0.2919245706783214 (0.057084% change)
    iteration    9: trace = 0.2918466182115707 (0.0267065% change)
    iteration   10: trace = 0.2918190026541533 (0.0094628% change)
    iteration   11: trace = 0.2918122548546102 (0.00231235% change)
    iteration   12: trace = 0.291809772212102 (0.000850771% change)
    iteration   13: trace = 0.291809117189697 (0.000224469% change)
    iteration   14: trace = 0.2918089242444959 (6.61204e-05% change)
    iteration   15: trace = 0.2918088897303008 (1.18277e-05% change)
    iteration   16: trace = 0.2918088838236276 (2.02416e-06% change)
Finished solving for bands 2 to 6 after 16 iterations.
tefreqs:, 1, 0, 0, 0, 0, 0, 0.194867, 0.195075, 0.261522, 0.261922, 0.280687
elapsed time for k point: 0.08428454399108887
solve_kpoint (0.12,0.07,0):
Solving for bands 1 to 6...
    iteration    1: trace = 0.293981208393155 (2.53025% change)
    iteration    2: trace = 0.2919598344938986 (0.689958% change)
    iteration    3: trace = 0.2916832550756262 (0.0947769% change)
    iteration    4: trace = 0.2915690795427939 (0.0391513% change)
    iteration    5: trace = 0.2915087235820168 (0.0207025% change)
    iteration    6: trace = 0.2914927164112874 (0.0054913% change)
    iteration    7: trace = 0.2914913511527941 (0.000468369% change)
    iteration    8: trace = 0.2914912309082814 (4.12515e-05% change)
    iteration    9: trace = 0.2914912133371392 (6.02802e-06% change)
Finished solving for bands 1 to 6 after 9 iterations.
tefreqs:, 2, 0.12, 0.07, 0, 0.0694622, 0.0313357, 0.186505, 0.193597, 0.26577, 0.27104, 0.272304
elapsed time for k point: 0.046774864196777344
solve_kpoint (-0.09,0.14,0):
Solving for bands 1 to 6...
    iteration    1: trace = 0.2982099839173331 (5.29554% change)
    iteration    2: trace = 0.293396139577595 (1.62738% change)
    iteration    3: trace = 0.2922036938890944 (0.407256% change)
    iteration    4: trace = 0.2916016121250997 (0.206261% change)
    iteration    5: trace = 0.2913962060916879 (0.0704655% change)
    iteration    6: trace = 0.291351635084073 (0.0152968% change)
    iteration    7: trace = 0.2913465358769896 (0.00175021% change)
    iteration    8: trace = 0.2913459314560021 (0.000207458% change)
    iteration    9: trace = 0.2913458228899664 (3.72636e-05% change)
    iteration   10: trace = 0.2913457867926268 (1.23899e-05% change)
    iteration   11: trace = 0.2913457717560821 (5.16106e-06% change)
Finished solving for bands 1 to 6 after 11 iterations.
tefreqs:, 3, -0.09, 0.14, 0, 0.0832166, 0.0374999, 0.183941, 0.192465, 0.268008, 0.268774, 0.273851
elapsed time for k point: 0.04843282699584961
Band 1 range: 0.0 at Vector3<0.0, 0.0, 0.0> to 0.037499871193364565 at Vector3<-0.09, 0.14, 0.0>
Band 2 range: 0.18394103189260153 at Vector3<-0.09, 0.14, 0.0> to 0.19486666852513856 at Vector3<0.0, 0.0, 0.0>
Band 3 range: 0.19246469927336704 at Vector3<-0.09, 0.14, 0.0> to 0.19507531858288266 at Vector3<0.0, 0.0, 0.0>
Band 4 range: 0.2615215000875321 at Vector3<0.0, 0.0, 0.0> to 0.26800825182701027 at Vector3<-0.09, 0.14, 0.0>
Band 5 range: 0.26192161983652956 at Vector3<0.0, 0.0, 0.0> to 0.27103960839551644 at Vector3<0.12, 0.07, 0.0>
Band 6 range: 0.27230444271878895 at Vector3<0.12, 0.07, 0.0> to 0.2806867568224491 at Vector3<0.0, 0.0, 0.0>
Gap from band 1 (0.037499871193364565) to band 2 (0.18394103189260153), 132.26206961627744%
Gap from band 3 (0.19507531858288266) to band 4 (0.2615215000875321), 29.104969105188747%
Gap from band 5 (0.27103960839551644) to band 6 (0.27230444271878895), 0.4655740025784967%
total elapsed time for run: 0.18195128440856934
done
Initializing eigensolver data
Computing 6 bands with 1e-07 tolerance
Working in 2 dimensions.
Grid size is 32 x 32 x 1.
Solving for 6 bands at a time.
Creating Maxwell data...
Mesh size is 3.
Lattice vectors:
     (2, 0, 0)
     (0, 2, 0)
     (0, 0, 1)
Cell volume = 4
Reciprocal lattice vectors (/ 2 pi):
     (0.5, -0, 0)
     (-0, 0.5, -0)
     (0, -0, 1)
Geometric objects:
     block, center = (0,0,0)
          size (1e+20,1e+20,1)
          axes (1,0,0), (0,1,0), (0,0,1)
     prism, center = (0.005,-1.38778e-17,0.5)
          height 1, axis (0,0,1), sidewall angle: 0 radians, 4 vertices:
          (0.255,0.25,0)
          (-0.245,0.25,0)
          (-0.245,-0.25,0)
          (0.255,-0.25,0)
     prism, center = (-0.005,1,0.5)
          height 1, axis (0,0,1), sidewall angle: 0 radians, 4 vertices:
          (0.245,1.25,0)
          (-0.255,1.25,0)
          (-0.255,0.75,0)
          (0.245,0.75,0)
     prism, center = (0.995,-1.38778e-17,0.5)
          height 1, axis (0,0,1), sidewall angle: 0 radians, 4 vertices:
          (1.245,0.25,0)
          (0.745,0.25,0)
          (0.745,-0.25,0)
          (1.245,-0.25,0)
     prism, center = (1.005,1,0.5)
          height 1, axis (0,0,1), sidewall angle: 0 radians, 4 vertices:
          (1.255,1.25,0)
          (0.755,1.25,0)
          (0.755,0.75,0)
          (1.255,0.75,0)
Geometric object tree has depth 4 and 65 object nodes (vs. 5 actual objects)
Initializing epsilon function...
Allocating fields...
Solving for band polarization: te.
Initializing fields to random numbers...
3 k-points
  Vector3<0.0, 0.0, 0.0>
  Vector3<0.12, 0.07, 0.0>
  Vector3<-0.09, 0.14, 0.0>
elapsed time for initialization: 0.0014507770538330078
solve_kpoint (0,0,0):
tefreqs:, k index, k1, k2, k3, kmag/2pi, te band 1, te band 2, te band 3, te band 4, te band 5, te band 6
Solving for bands 2 to 6...
    near maximum in trace
    iteration    1: trace = 1.01327806062819 (195.627% change)
    iteration    2: trace = 0.3547237196751547 (96.2797% change)
    iteration    3: trace = 0.3085493052103364 (13.9232% change)
    iteration    4: trace = 0.2964105839594592 (4.01307% change)
    iteration    5: trace = 0.2935381796843317 (0.973781% change)
    iteration    6: trace = 0.2923768912658161 (0.396402% change)
    iteration    7: trace = 0.2919328585176166 (0.151985% change)
    iteration    8: trace = 0.2915994516860856 (0.114272% change)
    iteration    9: trace = 0.2914630632415094 (0.0467835% change)
    iteration   10: trace = 0.2914261636962339 (0.0126609% change)
    iteration   11: trace = 0.2914199643274228 (0.00212727% change)
    iteration   12: trace = 0.2914183718128487 (0.000546469% change)
    iteration   13: trace = 0.2914179619989602 (0.000140627% change)
    iteration   14: trace = 0.2914178122556182 (5.13844e-05% change)
    iteration   15: trace = 0.2914177745084336 (1.29529e-05% change)
    iteration   16: trace = 0.2914177668135143 (2.64051e-06% change)
Finished solving for bands 2 to 6 after 16 iterations.
tefreqs:, 1, 0, 0, 0, 0, 0, 0.194849, 0.19501, 0.261294, 0.261578, 0.280581
elapsed time for k point: 0.07213163375854492
solve_kpoint (0.12,0.07,0):
Solving for bands 1 to 6...
    iteration    1: trace = 0.2935643273734599 (2.53695% change)
    iteration    2: trace = 0.2915319062713262 (0.694731% change)
    iteration    3: trace = 0.2912566828994724 (0.0944505% change)
    iteration    4: trace = 0.2911403480275227 (0.0399504% change)
    iteration    5: trace = 0.2910822929332759 (0.0199426% change)
    iteration    6: trace = 0.2910658913818672 (0.00563484% change)
    iteration    7: trace = 0.2910644706214165 (0.000488124% change)
    iteration    8: trace = 0.291064327018734 (4.93371e-05% change)
    iteration    9: trace = 0.2910643062675632 (7.12941e-06% change)
Finished solving for bands 1 to 6 after 9 iterations.
tefreqs:, 2, 0.12, 0.07, 0, 0.0694622, 0.0312939, 0.186291, 0.193707, 0.265812, 0.270504, 0.272084
elapsed time for k point: 0.024650096893310547
solve_kpoint (-0.09,0.14,0):
Solving for bands 1 to 6...
    iteration    1: trace = 0.2978637102818225 (5.2702% change)
    iteration    2: trace = 0.2930583306434529 (1.6264% change)
    iteration    3: trace = 0.2918556114705734 (0.411247% change)
    iteration    4: trace = 0.2912302681582689 (0.214494% change)
    iteration    5: trace = 0.2910275331310607 (0.0696375% change)
    iteration    6: trace = 0.2909797284732054 (0.0164275% change)
    iteration    7: trace = 0.2909746363073674 (0.00175002% change)
    iteration    8: trace = 0.2909739732153683 (0.000227887% change)
    iteration    9: trace = 0.2909738751494988 (3.37026e-05% change)
    iteration   10: trace = 0.2909738542531928 (7.18151e-06% change)
Finished solving for bands 1 to 6 after 10 iterations.
tefreqs:, 3, -0.09, 0.14, 0, 0.0832166, 0.0375018, 0.184028, 0.192247, 0.267689, 0.268475, 0.273872
elapsed time for k point: 0.02518177032470703
Band 1 range: 0.0 at Vector3<0.0, 0.0, 0.0> to 0.03750176863266279 at Vector3<-0.09, 0.14, 0.0>
Band 2 range: 0.1840284349539074 at Vector3<-0.09, 0.14, 0.0> to 0.1948491600078903 at Vector3<0.0, 0.0, 0.0>
Band 3 range: 0.19224731947782442 at Vector3<-0.09, 0.14, 0.0> to 0.19500951178892034 at Vector3<0.0, 0.0, 0.0>
Band 4 range: 0.26129368961180294 at Vector3<0.0, 0.0, 0.0> to 0.26768902953614937 at Vector3<-0.09, 0.14, 0.0>
Band 5 range: 0.2615777642340821 at Vector3<0.0, 0.0, 0.0> to 0.27050393391978456 at Vector3<0.12, 0.07, 0.0>
Band 6 range: 0.27208412905409957 at Vector3<0.12, 0.07, 0.0> to 0.28058072456412936 at Vector3<0.0, 0.0, 0.0>
Gap from band 1 (0.03750176863266279) to band 2 (0.1840284349539074), 132.28594922857508%
Gap from band 3 (0.19500951178892034) to band 4 (0.26129368961180294), 29.05269023728464%
Gap from band 5 (0.27050393391978456) to band 6 (0.27208412905409957), 0.5824658676249086%
total elapsed time for run: 0.12362456321716309
done
Initializing eigensolver data
Computing 6 bands with 1e-07 tolerance
Working in 2 dimensions.
Grid size is 32 x 32 x 1.
Solving for 6 bands at a time.
Creating Maxwell data...
Mesh size is 3.
Lattice vectors:
     (2, 0, 0)
     (0, 2, 0)
     (0, 0, 1)
Cell volume = 4
Reciprocal lattice vectors (/ 2 pi):
     (0.5, -0, 0)
     (-0, 0.5, -0)
     (0, -0, 1)
Geometric objects:
     block, center = (0,0,0)
          size (1e+20,1e+20,1)
          axes (1,0,0), (0,1,0), (0,0,1)
     prism, center = (-0.005,-1.38778e-17,0.5)
          height 1, axis (0,0,1), sidewall angle: 0 radians, 4 vertices:
          (0.245,0.25,0)
          (-0.255,0.25,0)
          (-0.255,-0.25,0)
          (0.245,-0.25,0)
     prism, center = (0.005,1,0.5)
          height 1, axis (0,0,1), sidewall angle: 0 radians, 4 vertices:
          (0.255,1.25,0)
          (-0.245,1.25,0)
          (-0.245,0.75,0)
          (0.255,0.75,0)
     prism, center = (1.005,-1.38778e-17,0.5)
          height 1, axis (0,0,1), sidewall angle: 0 radians, 4 vertices:
          (1.255,0.25,0)
          (0.755,0.25,0)
          (0.755,-0.25,0)
          (1.255,-0.25,0)
     prism, center = (0.995,1,0.5)
          height 1, axis (0,0,1), sidewall angle: 0 radians, 4 vertices:
          (1.245,1.25,0)
          (0.745,1.25,0)
          (0.745,0.75,0)
          (1.245,0.75,0)
Geometric object tree has depth 5 and 74 object nodes (vs. 5 actual objects)
Initializing epsilon function...
Allocating fields...
Solving for band polarization: te.
Initializing fields to random numbers...
3 k-points
  Vector3<0.0, 0.0, 0.0>
  Vector3<0.12, 0.07, 0.0>
  Vector3<-0.09, 0.14, 0.0>
elapsed time for initialization: 0.0015118122100830078
solve_kpoint (0,0,0):
tefreqs:, k index, k1, k2, k3, kmag/2pi, te band 1, te band 2, te band 3, te band 4, te band 5, te band 6
Solving for bands 2 to 6...
    near maximum in trace
    iteration    1: trace = 1.01025900137808 (195.648% change)
    iteration    2: trace = 0.3542606709525254 (96.1508% change)
    iteration    3: trace = 0.308443278596932 (13.8274% change)
    iteration    4: trace = 0.2963711894898596 (3.992% change)
    iteration    5: trace = 0.293527177766675 (0.964238% change)
    iteration    6: trace = 0.292384981359162 (0.389887% change)
    iteration    7: trace = 0.2919333081400594 (0.154598% change)
    iteration    8: trace = 0.2915941069549309 (0.116259% change)
    iteration    9: trace = 0.2914623744500305 (0.0451869% change)
    iteration   10: trace = 0.2914258403052717 (0.0125356% change)
    iteration   11: trace = 0.2914198344990434 (0.00206086% change)
    iteration   12: trace = 0.2914183203661733 (0.000519572% change)
    iteration   13: trace = 0.2914179514274024 (0.000126601% change)
    iteration   14: trace = 0.2914178116430071 (4.7967e-05% change)
    iteration   15: trace = 0.2914177747307264 (1.26664e-05% change)
    iteration   16: trace = 0.2914177670253894 (2.64409e-06% change)
Finished solving for bands 2 to 6 after 16 iterations.
tefreqs:, 1, 0, 0, 0, 0, 0, 0.194849, 0.19501, 0.261294, 0.261578, 0.280581
elapsed time for k point: 0.035939931869506836
solve_kpoint (0.12,0.07,0):
Solving for bands 1 to 6...
    iteration    1: trace = 0.2935644160205809 (2.53697% change)
    iteration    2: trace = 0.2915319471547445 (0.694747% change)
    iteration    3: trace = 0.2912567068546834 (0.0944563% change)
    iteration    4: trace = 0.2911403546214369 (0.0399563% change)
    iteration    5: trace = 0.2910822937514355 (0.0199446% change)
    iteration    6: trace = 0.2910658913838465 (0.00563512% change)
    iteration    7: trace = 0.2910644706072512 (0.00048813% change)
    iteration    8: trace = 0.2910643270075852 (4.9336e-05% change)
    iteration    9: trace = 0.2910643062620097 (7.12749e-06% change)
Finished solving for bands 1 to 6 after 9 iterations.
tefreqs:, 2, 0.12, 0.07, 0, 0.0694622, 0.0312939, 0.186291, 0.193707, 0.265812, 0.270504, 0.272084
elapsed time for k point: 0.03827857971191406
solve_kpoint (-0.09,0.14,0):
Solving for bands 1 to 6...
    iteration    1: trace = 0.2978637108402769 (5.2702% change)
    iteration    2: trace = 0.2930583307178147 (1.6264% change)
    iteration    3: trace = 0.2918556115095072 (0.411247% change)
    iteration    4: trace = 0.2912302681443686 (0.214494% change)
    iteration    5: trace = 0.291027533118231 (0.0696375% change)
    iteration    6: trace = 0.2909797284702508 (0.0164275% change)
    iteration    7: trace = 0.2909746363066581 (0.00175002% change)
    iteration    8: trace = 0.2909739732149678 (0.000227887% change)
    iteration    9: trace = 0.2909738751492544 (3.37026e-05% change)
    iteration   10: trace = 0.2909738542530572 (7.18147e-06% change)
Finished solving for bands 1 to 6 after 10 iterations.
tefreqs:, 3, -0.09, 0.14, 0, 0.0832166, 0.0375018, 0.184028, 0.192247, 0.267689, 0.268475, 0.273872
elapsed time for k point: 0.0270535945892334
Band 1 range: 0.0 at Vector3<0.0, 0.0, 0.0> to 0.03750176863262252 at Vector3<-0.09, 0.14, 0.0>
Band 2 range: 0.18402843495390098 at Vector3<-0.09, 0.14, 0.0> to 0.19484915990851315 at Vector3<0.0, 0.0, 0.0>
Band 3 range: 0.19224731947781548 at Vector3<-0.09, 0.14, 0.0> to 0.19500951176902923 at Vector3<0.0, 0.0, 0.0>
Band 4 range: 0.2612936897199368 at Vector3<0.0, 0.0, 0.0> to 0.2676890295361486 at Vector3<-0.09, 0.14, 0.0>
Band 5 range: 0.2615777643049473 at Vector3<0.0, 0.0, 0.0> to 0.2705039339232975 at Vector3<0.12, 0.07, 0.0>
Band 6 range: 0.2720841290567343 at Vector3<0.12, 0.07, 0.0> to 0.28058072485776037 at Vector3<0.0, 0.0, 0.0>
Gap from band 1 (0.03750176863262252) to band 2 (0.18402843495390098), 132.28594922863348%
Gap from band 3 (0.19500951176902923) to band 4 (0.2612936897199368), 29.052690287780237%
Gap from band 5 (0.2705039339232975) to band 6 (0.2720841290567343), 0.5824658672945859%
total elapsed time for run: 0.10296821594238281
done
Initializing eigensolver data
Computing 6 bands with 1e-07 tolerance
Working in 2 dimensions.
Grid size is 32 x 32 x 1.
Solving for 6 bands at a time.
Creating Maxwell data...
Mesh size is 3.
Lattice vectors:
     (2, 0, 0)
     (0, 2, 0)
     (0, 0, 1)
Cell volume = 4
Reciprocal lattice vectors (/ 2 pi):
     (0.5, -0, 0)
     (-0, 0.5, -0)
     (0, -0, 1)
Geometric objects:
     block, center = (0,0,0)
          size (1e+20,1e+20,1)
          axes (1,0,0), (0,1,0), (0,0,1)
     prism, center = (0.0025,-1.38778e-17,0.5)
          height 1, axis (0,0,1), sidewall angle: 0 radians, 4 vertices:
          (0.2525,0.25,0)
          (-0.2475,0.25,0)
          (-0.2475,-0.25,0)
          (0.2525,-0.25,0)
     prism, center = (-0.0025,1,0.5)
          height 1, axis (0,0,1), sidewall angle: 0 radians, 4 vertices:
          (0.2475,1.25,0)
          (-0.2525,1.25,0)
          (-0.2525,0.75,0)
          (0.2475,0.75,0)
     prism, center = (0.9975,-1.38778e-17,0.5)
          height 1, axis (0,0,1), sidewall angle: 0 radians, 4 vertices:
          (1.2475,0.25,0)
          (0.7475,0.25,0)
          (0.7475,-0.25,0)
          (1.2475,-0.25,0)
     prism, center = (1.0025,1,0.5)
          height 1, axis (0,0,1), sidewall angle: 0 radians, 4 vertices:
          (1.2525,1.25,0)
          (0.7525,1.25,0)
          (0.7525,0.75,0)
          (1.2525,0.75,0)
Geometric object tree has depth 4 and 65 object nodes (vs. 5 actual objects)
Initializing epsilon function...
Allocating fields...
Solving for band polarization: te.
Initializing fields to random numbers...
3 k-points
  Vector3<0.0, 0.0, 0.0>
  Vector3<0.12, 0.07, 0.0>
  Vector3<-0.09, 0.14, 0.0>
elapsed time for initialization: 0.0014619827270507812
solve_kpoint (0,0,0):
tefreqs:, k index, k1, k2, k3, kmag/2pi, te band 1, te band 2, te band 3, te band 4, te band 5, te band 6
Solving for bands 2 to 6...
    near maximum in trace
    iteration    1: trace = 1.013451974321719 (195.627% change)
    iteration    2: trace = 0.3548835750059863 (96.2583% change)
    iteration    3: trace = 0.30866429604373 (13.931% change)
    iteration    4: trace = 0.2965159868585918 (4.01477% change)
    iteration    5: trace = 0.2936504375587596 (0.971099% change)
    iteration    6: trace = 0.292496988092101 (0.39357% change)
    iteration    7: trace = 0.2920572420336849 (0.150455% change)
    iteration    8: trace = 0.2917286993690895 (0.112556% change)
    iteration    9: trace = 0.2915944893373278 (0.0460157% change)
    iteration   10: trace = 0.291558406872128 (0.012375% change)
    iteration   11: trace = 0.2915523530469061 (0.00207639% change)
    iteration   12: trace = 0.2915508096776669 (0.000529364% change)
    iteration   13: trace = 0.2915504141973014 (0.000135647% change)
    iteration   14: trace = 0.2915502690064938 (4.97996e-05% change)
    iteration   15: trace = 0.2915502326077242 (1.24846e-05% change)
    iteration   16: trace = 0.291550225181231 (2.54724e-06% change)
Finished solving for bands 2 to 6 after 16 iterations.
tefreqs:, 1, 0, 0, 0, 0, 0, 0.194844, 0.195033, 0.261348, 0.261734, 0.280608
elapsed time for k point: 0.023138046264648438
solve_kpoint (0.12,0.07,0):
Solving for bands 1 to 6...
    iteration    1: trace = 0.293697863682892 (2.53498% change)
    iteration    2: trace = 0.2916640319665688 (0.694897% change)
    iteration    3: trace = 0.2913904857958598 (0.0938321% change)
    iteration    4: trace = 0.2912751001104432 (0.0396061% change)
    iteration    5: trace = 0.2912172194696694 (0.0198734% change)
    iteration    6: trace = 0.2912010560326884 (0.00555046% change)
    iteration    7: trace = 0.291199680252226 (0.000472451% change)
    iteration    8: trace = 0.2911995499500275 (4.47467e-05% change)
    iteration    9: trace = 0.2911995313427623 (6.38987e-06% change)
Finished solving for bands 1 to 6 after 9 iterations.
tefreqs:, 2, 0.12, 0.07, 0, 0.0694622, 0.0312973, 0.18629, 0.193735, 0.265963, 0.270552, 0.272118
elapsed time for k point: 0.015388250350952148
solve_kpoint (-0.09,0.14,0):
Solving for bands 1 to 6...
    iteration    1: trace = 0.2979963980780035 (5.2652% change)
    iteration    2: trace = 0.2931844095850693 (1.62792% change)
    iteration    3: trace = 0.2919874870891325 (0.409084% change)
    iteration    4: trace = 0.2913666660286048 (0.212845% change)
    iteration    5: trace = 0.291164734443666 (0.069329% change)
    iteration    6: trace = 0.2911173231720314 (0.0162846% change)
    iteration    7: trace = 0.2911122409550224 (0.00174578% change)
    iteration    8: trace = 0.2911116057155898 (0.000218211% change)
    iteration    9: trace = 0.2911115097728367 (3.29574e-05% change)
    iteration   10: trace = 0.2911114887437474 (7.22372e-06% change)
Finished solving for bands 1 to 6 after 10 iterations.
tefreqs:, 3, -0.09, 0.14, 0, 0.0832166, 0.0375109, 0.184062, 0.192248, 0.267738, 0.268514, 0.274013
elapsed time for k point: 0.024435997009277344
Band 1 range: 0.0 at Vector3<0.0, 0.0, 0.0> to 0.037510917919892056 at Vector3<-0.09, 0.14, 0.0>
Band 2 range: 0.18406208707149857 at Vector3<-0.09, 0.14, 0.0> to 0.19484439601811196 at Vector3<0.0, 0.0, 0.0>
Band 3 range: 0.19224803339575725 at Vector3<-0.09, 0.14, 0.0> to 0.19503280646311774 at Vector3<0.0, 0.0, 0.0>
Band 4 range: 0.2613476327925272 at Vector3<0.0, 0.0, 0.0> to 0.267738050948625 at Vector3<-0.09, 0.14, 0.0>
Band 5 range: 0.2617338569240094 at Vector3<0.0, 0.0, 0.0> to 0.2705520763892389 at Vector3<0.12, 0.07, 0.0>
Band 6 range: 0.2721176353718871 at Vector3<0.12, 0.07, 0.0> to 0.28060807881832794 at Vector3<0.0, 0.0, 0.0>
Gap from band 1 (0.037510917919892056) to band 2 (0.18406208707149857), 132.28251262585067%
Gap from band 3 (0.19503280646311774) to band 4 (0.2613476327925272), 29.061204480003017%
Gap from band 5 (0.2705520763892389) to band 6 (0.2721176353718871), 0.5769841023806171%
total elapsed time for run: 0.06458497047424316
done
Initializing eigensolver data
Computing 6 bands with 1e-07 tolerance
Working in 2 dimensions.
Grid size is 32 x 32 x 1.
Solving for 6 bands at a time.
Creating Maxwell data...
Mesh size is 3.
Lattice vectors:
     (2, 0, 0)
     (0, 2, 0)
     (0, 0, 1)
Cell volume = 4
Reciprocal lattice vectors (/ 2 pi):
     (0.5, -0, 0)
     (-0, 0.5, -0)
     (0, -0, 1)
Geometric objects:
     block, center = (0,0,0)
          size (1e+20,1e+20,1)
          axes (1,0,0), (0,1,0), (0,0,1)
     prism, center = (-0.0025,-1.38778e-17,0.5)
          height 1, axis (0,0,1), sidewall angle: 0 radians, 4 vertices:
          (0.2475,0.25,0)
          (-0.2525,0.25,0)
          (-0.2525,-0.25,0)
          (0.2475,-0.25,0)
     prism, center = (0.0025,1,0.5)
          height 1, axis (0,0,1), sidewall angle: 0 radians, 4 vertices:
          (0.2525,1.25,0)
          (-0.2475,1.25,0)
          (-0.2475,0.75,0)
          (0.2525,0.75,0)
     prism, center = (1.0025,-1.38778e-17,0.5)
          height 1, axis (0,0,1), sidewall angle: 0 radians, 4 vertices:
          (1.2525,0.25,0)
          (0.7525,0.25,0)
          (0.7525,-0.25,0)
          (1.2525,-0.25,0)
     prism, center = (0.9975,1,0.5)
          height 1, axis (0,0,1), sidewall angle: 0 radians, 4 vertices:
          (1.2475,1.25,0)
          (0.7475,1.25,0)
          (0.7475,0.75,0)
          (1.2475,0.75,0)
Geometric object tree has depth 5 and 74 object nodes (vs. 5 actual objects)
Initializing epsilon function...
Allocating fields...
Solving for band polarization: te.
Initializing fields to random numbers...
3 k-points
  Vector3<0.0, 0.0, 0.0>
  Vector3<0.12, 0.07, 0.0>
  Vector3<-0.09, 0.14, 0.0>
elapsed time for initialization: 0.0015716552734375
solve_kpoint (0,0,0):
tefreqs:, k index, k1, k2, k3, kmag/2pi, te band 1, te band 2, te band 3, te band 4, te band 5, te band 6
Solving for bands 2 to 6...
    near maximum in trace
    iteration    1: trace = 1.011239551466909 (195.645% change)
    iteration    2: trace = 0.3544725130242102 (96.1794% change)
    iteration    3: trace = 0.3086224241484877 (13.8291% change)
    iteration    4: trace = 0.2965382262593202 (3.99372% change)
    iteration    5: trace = 0.2936812505253661 (0.968106% change)
    iteration    6: trace = 0.2925260508856387 (0.394127% change)
    iteration    7: trace = 0.2920691904880607 (0.1563% change)
    iteration    8: trace = 0.2917270454418315 (0.117214% change)
    iteration    9: trace = 0.2915944038585433 (0.045478% change)
    iteration   10: trace = 0.2915581755446449 (0.012425% change)
    iteration   11: trace = 0.2915522655823071 (0.00202705% change)
    iteration   12: trace = 0.2915507748764633 (0.000511301% change)
    iteration   13: trace = 0.29155040809821 (0.000125803% change)
    iteration   14: trace = 0.2915502696636794 (4.74822e-05% change)
    iteration   15: trace = 0.2915502332584142 (1.24868e-05% change)
    iteration   16: trace = 0.2915502256272883 (2.61743e-06% change)
Finished solving for bands 2 to 6 after 16 iterations.
tefreqs:, 1, 0, 0, 0, 0, 0, 0.194844, 0.195033, 0.261348, 0.261734, 0.280608
elapsed time for k point: 0.03009796142578125
solve_kpoint (0.12,0.07,0):
Solving for bands 1 to 6...
    iteration    1: trace = 0.2936980033562701 (2.53499% change)
    iteration    2: trace = 0.2916641037754629 (0.69492% change)
    iteration    3: trace = 0.2913905281895844 (0.0938422% change)
    iteration    4: trace = 0.2912751122051712 (0.0396165% change)
    iteration    5: trace = 0.2912172207446476 (0.0198772% change)
    iteration    6: trace = 0.2912010560463592 (0.00555089% change)
    iteration    7: trace = 0.2911996802419162 (0.00047246% change)
    iteration    8: trace = 0.2911995499412257 (4.47462e-05% change)
    iteration    9: trace = 0.2911995313381782 (6.38842e-06% change)
Finished solving for bands 1 to 6 after 9 iterations.
tefreqs:, 2, 0.12, 0.07, 0, 0.0694622, 0.0312973, 0.18629, 0.193735, 0.265963, 0.270552, 0.272118
elapsed time for k point: 0.016339540481567383
solve_kpoint (-0.09,0.14,0):
Solving for bands 1 to 6...
    iteration    1: trace = 0.2979963983690004 (5.2652% change)
    iteration    2: trace = 0.2931844095156022 (1.62792% change)
    iteration    3: trace = 0.2919874870668079 (0.409084% change)
    iteration    4: trace = 0.2913666660024891 (0.212845% change)
    iteration    5: trace = 0.291164734429333 (0.069329% change)
    iteration    6: trace = 0.2911173231691804 (0.0162846% change)
    iteration    7: trace = 0.291112240954247 (0.00174578% change)
    iteration    8: trace = 0.2911116057151387 (0.000218211% change)
    iteration    9: trace = 0.2911115097725638 (3.29573e-05% change)
    iteration   10: trace = 0.2911114887435997 (7.22368e-06% change)
Finished solving for bands 1 to 6 after 10 iterations.
tefreqs:, 3, -0.09, 0.14, 0, 0.0832166, 0.0375109, 0.184062, 0.192248, 0.267738, 0.268514, 0.274013
elapsed time for k point: 0.02115464210510254
Band 1 range: 0.0 at Vector3<0.0, 0.0, 0.0> to 0.03751091791984726 at Vector3<-0.09, 0.14, 0.0>
Band 2 range: 0.18406208707149144 at Vector3<-0.09, 0.14, 0.0> to 0.1948443959016884 at Vector3<0.0, 0.0, 0.0>
Band 3 range: 0.1922480333957474 at Vector3<-0.09, 0.14, 0.0> to 0.19503280643026813 at Vector3<0.0, 0.0, 0.0>
Band 4 range: 0.2613476329308369 at Vector3<0.0, 0.0, 0.0> to 0.2677380509486118 at Vector3<-0.09, 0.14, 0.0>
Band 5 range: 0.2617338570283655 at Vector3<0.0, 0.0, 0.0> to 0.2705520763934303 at Vector3<0.12, 0.07, 0.0>
Band 6 range: 0.2721176353748474 at Vector3<0.12, 0.07, 0.0> to 0.2806080794906514 at Vector3<0.0, 0.0, 0.0>
Gap from band 1 (0.03751091791984726) to band 2 (0.18406208707149144), 132.28251262591567%
Gap from band 3 (0.19503280643026813) to band 4 (0.2613476329308369), 29.061204548294867%
Gap from band 5 (0.2705520763934303) to band 6 (0.2721176353748474), 0.5769841019192836%
total elapsed time for run: 0.06930780410766602
done
Initializing eigensolver data
Computing 6 bands with 1e-07 tolerance
Working in 2 dimensions.
Grid size is 32 x 32 x 1.
Solving for 6 bands at a time.
Creating Maxwell data...
Mesh size is 3.
Lattice vectors:
     (2, 0, 0)
     (0, 2, 0)
     (0, 0, 1)
Cell volume = 4
Reciprocal lattice vectors (/ 2 pi):
     (0.5, -0, 0)
     (-0, 0.5, -0)
     (0, -0, 1)
Geometric objects:
     block, center = (0,0,0)
          size (1e+20,1e+20,1)
          axes (1,0,0), (0,1,0), (0,0,1)
     prism, center = (0.005,-1.38778e-17,0.5)
          height 1, axis (0,0,1), sidewall angle: 0 radians, 4 vertices:
          (0.255,0.25,0)
          (-0.245,0.25,0)
          (-0.245,-0.25,0)
          (0.255,-0.25,0)
     prism, center = (-0.005,1,0.5)
          height 1, axis (0,0,1), sidewall angle: 0 radians, 4 vertices:
          (0.245,1.25,0)
          (-0.255,1.25,0)
          (-0.255,0.75,0)
          (0.245,0.75,0)
     prism, center = (0.995,-1.38778e-17,0.5)
          height 1, axis (0,0,1), sidewall angle: 0 radians, 4 vertices:
          (1.245,0.25,0)
          (0.745,0.25,0)
          (0.745,-0.25,0)
          (1.245,-0.25,0)
     prism, center = (1.005,1,0.5)
          height 1, axis (0,0,1), sidewall angle: 0 radians, 4 vertices:
          (1.255,1.25,0)
          (0.755,1.25,0)
          (0.755,0.75,0)
          (1.255,0.75,0)
Geometric object tree has depth 4 and 65 object nodes (vs. 5 actual objects)
Initializing epsilon function...
Allocating fields...
Solving for band polarization: te.
Initializing fields to random numbers...
3 k-points
  Vector3<0.0, 0.0, 0.0>
  Vector3<0.12, 0.07, 0.0>
  Vector3<-0.09, 0.14, 0.0>
elapsed time for initialization: 0.0014553070068359375
solve_kpoint (0,0,0):
tefreqs:, k index, k1, k2, k3, kmag/2pi, te band 1, te band 2, te band 3, te band 4, te band 5, te band 6
Solving for bands 2 to 6...
    near maximum in trace
    iteration    1: trace = 1.01327806062819 (195.627% change)
    iteration    2: trace = 0.3547237196751547 (96.2797% change)
    iteration    3: trace = 0.3085493052103364 (13.9232% change)
    iteration    4: trace = 0.2964105839594592 (4.01307% change)
    iteration    5: trace = 0.2935381796843317 (0.973781% change)
    iteration    6: trace = 0.2923768912658161 (0.396402% change)
    iteration    7: trace = 0.2919328585176166 (0.151985% change)
    iteration    8: trace = 0.2915994516860856 (0.114272% change)
    iteration    9: trace = 0.2914630632415094 (0.0467835% change)
    iteration   10: trace = 0.2914261636962339 (0.0126609% change)
    iteration   11: trace = 0.2914199643274228 (0.00212727% change)
    iteration   12: trace = 0.2914183718128487 (0.000546469% change)
    iteration   13: trace = 0.2914179619989602 (0.000140627% change)
    iteration   14: trace = 0.2914178122556182 (5.13844e-05% change)
    iteration   15: trace = 0.2914177745084336 (1.29529e-05% change)
    iteration   16: trace = 0.2914177668135143 (2.64051e-06% change)
Finished solving for bands 2 to 6 after 16 iterations.
tefreqs:, 1, 0, 0, 0, 0, 0, 0.194849, 0.19501, 0.261294, 0.261578, 0.280581
elapsed time for k point: 0.02454543113708496
solve_kpoint (0.12,0.07,0):
Solving for bands 1 to 6...
    iteration    1: trace = 0.2935643273734599 (2.53695% change)
    iteration    2: trace = 0.2915319062713262 (0.694731% change)
    iteration    3: trace = 0.2912566828994724 (0.0944505% change)
    iteration    4: trace = 0.2911403480275227 (0.0399504% change)
    iteration    5: trace = 0.2910822929332759 (0.0199426% change)
    iteration    6: trace = 0.2910658913818672 (0.00563484% change)
    iteration    7: trace = 0.2910644706214165 (0.000488124% change)
    iteration    8: trace = 0.291064327018734 (4.93371e-05% change)
    iteration    9: trace = 0.2910643062675632 (7.12941e-06% change)
Finished solving for bands 1 to 6 after 9 iterations.
tefreqs:, 2, 0.12, 0.07, 0, 0.0694622, 0.0312939, 0.186291, 0.193707, 0.265812, 0.270504, 0.272084
elapsed time for k point: 0.019470691680908203
solve_kpoint (-0.09,0.14,0):
Solving for bands 1 to 6...
    iteration    1: trace = 0.2978637102818225 (5.2702% change)
    iteration    2: trace = 0.2930583306434529 (1.6264% change)
    iteration    3: trace = 0.2918556114705734 (0.411247% change)
    iteration    4: trace = 0.2912302681582689 (0.214494% change)
    iteration    5: trace = 0.2910275331310607 (0.0696375% change)
    iteration    6: trace = 0.2909797284732054 (0.0164275% change)
    iteration    7: trace = 0.2909746363073674 (0.00175002% change)
    iteration    8: trace = 0.2909739732153683 (0.000227887% change)
    iteration    9: trace = 0.2909738751494988 (3.37026e-05% change)
    iteration   10: trace = 0.2909738542531928 (7.18151e-06% change)
Finished solving for bands 1 to 6 after 10 iterations.
tefreqs:, 3, -0.09, 0.14, 0, 0.0832166, 0.0375018, 0.184028, 0.192247, 0.267689, 0.268475, 0.273872
elapsed time for k point: 0.016848087310791016
Band 1 range: 0.0 at Vector3<0.0, 0.0, 0.0> to 0.03750176863266279 at Vector3<-0.09, 0.14, 0.0>
Band 2 range: 0.1840284349539074 at Vector3<-0.09, 0.14, 0.0> to 0.1948491600078903 at Vector3<0.0, 0.0, 0.0>
Band 3 range: 0.19224731947782442 at Vector3<-0.09, 0.14, 0.0> to 0.19500951178892034 at Vector3<0.0, 0.0, 0.0>
Band 4 range: 0.26129368961180294 at Vector3<0.0, 0.0, 0.0> to 0.26768902953614937 at Vector3<-0.09, 0.14, 0.0>
Band 5 range: 0.2615777642340821 at Vector3<0.0, 0.0, 0.0> to 0.27050393391978456 at Vector3<0.12, 0.07, 0.0>
Band 6 range: 0.27208412905409957 at Vector3<0.12, 0.07, 0.0> to 0.28058072456412936 at Vector3<0.0, 0.0, 0.0>
Gap from band 1 (0.03750176863266279) to band 2 (0.1840284349539074), 132.28594922857508%
Gap from band 3 (0.19500951178892034) to band 4 (0.26129368961180294), 29.05269023728464%
Gap from band 5 (0.27050393391978456) to band 6 (0.27208412905409957), 0.5824658676249086%
total elapsed time for run: 0.06247067451477051
done
Initializing eigensolver data
Computing 6 bands with 1e-07 tolerance
Working in 2 dimensions.
Grid size is 32 x 32 x 1.
Solving for 6 bands at a time.
Creating Maxwell data...
Mesh size is 3.
Lattice vectors:
     (2, 0, 0)
     (0, 2, 0)
     (0, 0, 1)
Cell volume = 4
Reciprocal lattice vectors (/ 2 pi):
     (0.5, -0, 0)
     (-0, 0.5, -0)
     (0, -0, 1)
Geometric objects:
     block, center = (0,0,0)
          size (1e+20,1e+20,1)
          axes (1,0,0), (0,1,0), (0,0,1)
     prism, center = (0.005,-1.38778e-17,0.5)
          height 1, axis (0,0,1), sidewall angle: 0 radians, 4 vertices:
          (0.255,0.25,0)
          (-0.245,0.25,0)
          (-0.245,-0.25,0)
          (0.255,-0.25,0)
     prism, center = (-0.005,1,0.5)
          height 1, axis (0,0,1), sidewall angle: 0 radians, 4 vertices:
          (0.245,1.25,0)
          (-0.255,1.25,0)
          (-0.255,0.75,0)
          (0.245,0.75,0)
     prism, center = (0.995,-1.38778e-17,0.5)
          height 1, axis (0,0,1), sidewall angle: 0 radians, 4 vertices:
          (1.245,0.25,0)
          (0.745,0.25,0)
          (0.745,-0.25,0)
          (1.245,-0.25,0)
     prism, center = (1.005,1,0.5)
          height 1, axis (0,0,1), sidewall angle: 0 radians, 4 vertices:
          (1.255,1.25,0)
          (0.755,1.25,0)
          (0.755,0.75,0)
          (1.255,0.75,0)
Geometric object tree has depth 4 and 65 object nodes (vs. 5 actual objects)
Initializing epsilon function...
Allocating fields...
Solving for band polarization: te.
Initializing fields to random numbers...
3 k-points
  Vector3<0.0, 0.0, 0.0>
  Vector3<0.12, 0.07, 0.0>
  Vector3<-0.09, 0.14, 0.0>
elapsed time for initialization: 0.0014688968658447266
solve_kpoint (0,0,0):
tefreqs:, k index, k1, k2, k3, kmag/2pi, te band 1, te band 2, te band 3, te band 4, te band 5, te band 6
Solving for bands 2 to 6...
    near maximum in trace
    iteration    1: trace = 1.01327806062819 (195.627% change)
    iteration    2: trace = 0.3547237196751547 (96.2797% change)
    iteration    3: trace = 0.3085493052103364 (13.9232% change)
    iteration    4: trace = 0.2964105839594592 (4.01307% change)
    iteration    5: trace = 0.2935381796843317 (0.973781% change)
    iteration    6: trace = 0.2923768912658161 (0.396402% change)
    iteration    7: trace = 0.2919328585176166 (0.151985% change)
    iteration    8: trace = 0.2915994516860856 (0.114272% change)
    iteration    9: trace = 0.2914630632415094 (0.0467835% change)
    iteration   10: trace = 0.2914261636962339 (0.0126609% change)
    iteration   11: trace = 0.2914199643274228 (0.00212727% change)
    iteration   12: trace = 0.2914183718128487 (0.000546469% change)
    iteration   13: trace = 0.2914179619989602 (0.000140627% change)
    iteration   14: trace = 0.2914178122556182 (5.13844e-05% change)
    iteration   15: trace = 0.2914177745084336 (1.29529e-05% change)
    iteration   16: trace = 0.2914177668135143 (2.64051e-06% change)
Finished solving for bands 2 to 6 after 16 iterations.
tefreqs:, 1, 0, 0, 0, 0, 0, 0.194849, 0.19501, 0.261294, 0.261578, 0.280581
elapsed time for k point: 0.030908823013305664
solve_kpoint (0.12,0.07,0):
Solving for bands 1 to 6...
    iteration    1: trace = 0.2935643273734599 (2.53695% change)
    iteration    2: trace = 0.2915319062713262 (0.694731% change)
    iteration    3: trace = 0.2912566828994724 (0.0944505% change)
    iteration    4: trace = 0.2911403480275227 (0.0399504% change)
    iteration    5: trace = 0.2910822929332759 (0.0199426% change)
    iteration    6: trace = 0.2910658913818672 (0.00563484% change)
    iteration    7: trace = 0.2910644706214165 (0.000488124% change)
    iteration    8: trace = 0.291064327018734 (4.93371e-05% change)
    iteration    9: trace = 0.2910643062675632 (7.12941e-06% change)
Finished solving for bands 1 to 6 after 9 iterations.
tefreqs:, 2, 0.12, 0.07, 0, 0.0694622, 0.0312939, 0.186291, 0.193707, 0.265812, 0.270504, 0.272084
elapsed time for k point: 0.01918935775756836
solve_kpoint (-0.09,0.14,0):
Solving for bands 1 to 6...
    iteration    1: trace = 0.2978637102818225 (5.2702% change)
    iteration    2: trace = 0.2930583306434529 (1.6264% change)
    iteration    3: trace = 0.2918556114705734 (0.411247% change)
    iteration    4: trace = 0.2912302681582689 (0.214494% change)
    iteration    5: trace = 0.2910275331310607 (0.0696375% change)
    iteration    6: trace = 0.2909797284732054 (0.0164275% change)
    iteration    7: trace = 0.2909746363073674 (0.00175002% change)
    iteration    8: trace = 0.2909739732153683 (0.000227887% change)
    iteration    9: trace = 0.2909738751494988 (3.37026e-05% change)
    iteration   10: trace = 0.2909738542531928 (7.18151e-06% change)
Finished solving for bands 1 to 6 after 10 iterations.
tefreqs:, 3, -0.09, 0.14, 0, 0.0832166, 0.0375018, 0.184028, 0.192247, 0.267689, 0.268475, 0.273872
elapsed time for k point: 0.018737077713012695
Band 1 range: 0.0 at Vector3<0.0, 0.0, 0.0> to 0.03750176863266279 at Vector3<-0.09, 0.14, 0.0>
Band 2 range: 0.1840284349539074 at Vector3<-0.09, 0.14, 0.0> to 0.1948491600078903 at Vector3<0.0, 0.0, 0.0>
Band 3 range: 0.19224731947782442 at Vector3<-0.09, 0.14, 0.0> to 0.19500951178892034 at Vector3<0.0, 0.0, 0.0>
Band 4 range: 0.26129368961180294 at Vector3<0.0, 0.0, 0.0> to 0.26768902953614937 at Vector3<-0.09, 0.14, 0.0>
Band 5 range: 0.2615777642340821 at Vector3<0.0, 0.0, 0.0> to 0.27050393391978456 at Vector3<0.12, 0.07, 0.0>
Band 6 range: 0.27208412905409957 at Vector3<0.12, 0.07, 0.0> to 0.28058072456412936 at Vector3<0.0, 0.0, 0.0>
Gap from band 1 (0.03750176863266279) to band 2 (0.1840284349539074), 132.28594922857508%
Gap from band 3 (0.19500951178892034) to band 4 (0.26129368961180294), 29.05269023728464%
Gap from band 5 (0.27050393391978456) to band 6 (0.27208412905409957), 0.5824658676249086%
total elapsed time for run: 0.07059979438781738
done
Initializing eigensolver data
Computing 6 bands with 1e-07 tolerance
Working in 2 dimensions.
Grid size is 40 x 40 x 1.
Solving for 6 bands at a time.
Creating Maxwell data...
Mesh size is 3.
Lattice vectors:
     (2, 0, 0)
     (0, 2, 0)
     (0, 0, 1)
Cell volume = 4
Reciprocal lattice vectors (/ 2 pi):
     (0.5, -0, 0)
     (-0, 0.5, -0)
     (0, -0, 1)
Geometric objects:
     block, center = (0,0,0)
          size (1e+20,1e+20,1)
          axes (1,0,0), (0,1,0), (0,0,1)
     prism, center = (-2.08167e-17,-1.38778e-17,0.5)
          height 1, axis (0,0,1), sidewall angle: 0 radians, 4 vertices:
          (0.25,0.25,0)
          (-0.25,0.25,0)
          (-0.25,-0.25,0)
          (0.25,-0.25,0)
     prism, center = (-2.08167e-17,1,0.5)
          height 1, axis (0,0,1), sidewall angle: 0 radians, 4 vertices:
          (0.25,1.25,0)
          (-0.25,1.25,0)
          (-0.25,0.75,0)
          (0.25,0.75,0)
     prism, center = (1,-1.38778e-17,0.5)
          height 1, axis (0,0,1), sidewall angle: 0 radians, 4 vertices:
          (1.25,0.25,0)
          (0.75,0.25,0)
          (0.75,-0.25,0)
          (1.25,-0.25,0)
     prism, center = (1,1,0.5)
          height 1, axis (0,0,1), sidewall angle: 0 radians, 4 vertices:
          (1.25,1.25,0)
          (0.75,1.25,0)
          (0.75,0.75,0)
          (1.25,0.75,0)
Geometric object tree has depth 3 and 45 object nodes (vs. 5 actual objects)
Initializing epsilon function...
Allocating fields...
Solving for band polarization: te.
Initializing fields to random numbers...
3 k-points
  Vector3<0.0, 0.0, 0.0>
  Vector3<0.12, 0.07, 0.0>
  Vector3<-0.09, 0.14, 0.0>
elapsed time for initialization: 0.002031087875366211
solve_kpoint (0,0,0):
tefreqs:, k index, k1, k2, k3, kmag/2pi, te band 1, te band 2, te band 3, te band 4, te band 5, te band 6
Solving for bands 2 to 6...
    near maximum in trace
    iteration    1: trace = 1.067028467964032 (197.058% change)
    iteration    2: trace = 0.3571395016444571 (99.6917% change)
    iteration    3: trace = 0.3129036298393397 (13.2039% change)
    iteration    4: trace = 0.3002293899679855 (4.13425% change)
    iteration    5: trace = 0.2966625060736446 (1.19515% change)
    iteration    6: trace = 0.2943626875081084 (0.778247% change)
    iteration    7: trace = 0.2931941793139503 (0.397752% change)
    iteration    8: trace = 0.2923200379973899 (0.298589% change)
    iteration    9: trace = 0.2920081994998536 (0.106734% change)
    iteration   10: trace = 0.291925457070919 (0.0283397% change)
    iteration   11: trace = 0.2919095614289656 (0.00544525% change)
    iteration   12: trace = 0.2919029148061343 (0.00227697% change)
    iteration   13: trace = 0.291901045498577 (0.000640389% change)
    iteration   14: trace = 0.291900587620928 (0.000156861% change)
    iteration   15: trace = 0.2919004965259205 (3.12075e-05% change)
    iteration   16: trace = 0.2919004603598456 (1.23899e-05% change)
    iteration   17: trace = 0.2919004397262527 (7.06871e-06% change)
Finished solving for bands 2 to 6 after 17 iterations.
tefreqs:, 1, 0, 0, 0, 0, 0, 0.194762, 0.194907, 0.261941, 0.262168, 0.280418
elapsed time for k point: 0.055100202560424805
solve_kpoint (0.12,0.07,0):
Solving for bands 1 to 6...
    iteration    1: trace = 0.2941067600688361 (2.5691% change)
    iteration    2: trace = 0.2920811192118376 (0.691123% change)
    iteration    3: trace = 0.2918044947943932 (0.0947529% change)
    iteration    4: trace = 0.2916904315018947 (0.0390966% change)
    iteration    5: trace = 0.291631293298139 (0.0202764% change)
    iteration    6: trace = 0.2916138216615837 (0.00599118% change)
    iteration    7: trace = 0.2916122868515454 (0.000526317% change)
    iteration    8: trace = 0.2916121427602327 (4.9412e-05% change)
    iteration    9: trace = 0.2916121280301675 (5.05125e-06% change)
Finished solving for bands 1 to 6 after 9 iterations.
tefreqs:, 2, 0.12, 0.07, 0, 0.0694622, 0.0313403, 0.186392, 0.193516, 0.266156, 0.271245, 0.272078
elapsed time for k point: 0.036301612854003906
solve_kpoint (-0.09,0.14,0):
Solving for bands 1 to 6...
    iteration    1: trace = 0.2983505891468352 (5.39858% change)
    iteration    2: trace = 0.2935546008969918 (1.62053% change)
    switching to approximate line minimization (decrease time by 94.9915%)
    iteration    3: trace = 0.2923659362038105 (0.405743% change)
    iteration    4: trace = 0.2917640906361049 (0.206066% change)
    iteration    5: trace = 0.2915563246731592 (0.0712356% change)
    iteration    6: trace = 0.2915054115374023 (0.0174641% change)
    switching back to exact line minimization
    iteration    7: trace = 0.2914991384063695 (0.002152% change)
    iteration    8: trace = 0.2914980501671483 (0.000373326% change)
    iteration    9: trace = 0.2914976935477521 (0.00012234% change)
    iteration   10: trace = 0.2914975323141085 (5.53122e-05% change)
    iteration   11: trace = 0.29149749899344 (1.14309e-05% change)
    iteration   12: trace = 0.2914974909409179 (2.76247e-06% change)
Finished solving for bands 1 to 6 after 12 iterations.
tefreqs:, 3, -0.09, 0.14, 0, 0.0832166, 0.0375183, 0.1839, 0.192335, 0.268069, 0.268795, 0.274165
elapsed time for k point: 0.06088376045227051
Band 1 range: 0.0 at Vector3<0.0, 0.0, 0.0> to 0.03751834299249084 at Vector3<-0.09, 0.14, 0.0>
Band 2 range: 0.1838997432236232 at Vector3<-0.09, 0.14, 0.0> to 0.19476212377931393 at Vector3<0.0, 0.0, 0.0>
Band 3 range: 0.1923345877459184 at Vector3<-0.09, 0.14, 0.0> to 0.1949070426054353 at Vector3<0.0, 0.0, 0.0>
Band 4 range: 0.2619411370587118 at Vector3<0.0, 0.0, 0.0> to 0.2680690430890539 at Vector3<-0.09, 0.14, 0.0>
Band 5 range: 0.26216764370288076 at Vector3<0.0, 0.0, 0.0> to 0.2712446880668692 at Vector3<0.12, 0.07, 0.0>
Band 6 range: 0.2720784662922505 at Vector3<0.12, 0.07, 0.0> to 0.2804182000543046 at Vector3<0.0, 0.0, 0.0>
Gap from band 1 (0.03751834299249084) to band 2 (0.1838997432236232), 132.22171931181583%
Gap from band 3 (0.1949070426054353) to band 4 (0.2619411370587118), 29.346333174647548%
Gap from band 5 (0.2712446880668692) to band 6 (0.2720784662922505), 0.3069179800978003%
total elapsed time for run: 0.15449857711791992
done
Initializing eigensolver data
Computing 6 bands with 1e-07 tolerance
Working in 2 dimensions.
Grid size is 40 x 40 x 1.
Solving for 6 bands at a time.
Creating Maxwell data...
Mesh size is 3.
Lattice vectors:
     (2, 0, 0)
     (0, 2, 0)
     (0, 0, 1)
Cell volume = 4
Reciprocal lattice vectors (/ 2 pi):
     (0.5, -0, 0)
     (-0, 0.5, -0)
     (0, -0, 1)
Geometric objects:
     block, center = (0,0,0)
          size (1e+20,1e+20,1)
          axes (1,0,0), (0,1,0), (0,0,1)
     prism, center = (0.005,-1.38778e-17,0.5)
          height 1, axis (0,0,1), sidewall angle: 0 radians, 4 vertices:
          (0.255,0.25,0)
          (-0.245,0.25,0)
          (-0.245,-0.25,0)
          (0.255,-0.25,0)
     prism, center = (-0.005,1,0.5)
          height 1, axis (0,0,1), sidewall angle: 0 radians, 4 vertices:
          (0.245,1.25,0)
          (-0.255,1.25,0)
          (-0.255,0.75,0)
          (0.245,0.75,0)
     prism, center = (0.995,-1.38778e-17,0.5)
          height 1, axis (0,0,1), sidewall angle: 0 radians, 4 vertices:
          (1.245,0.25,0)
          (0.745,0.25,0)
          (0.745,-0.25,0)
          (1.245,-0.25,0)
     prism, center = (1.005,1,0.5)
          height 1, axis (0,0,1), sidewall angle: 0 radians, 4 vertices:
          (1.255,1.25,0)
          (0.755,1.25,0)
          (0.755,0.75,0)
          (1.255,0.75,0)
Geometric object tree has depth 4 and 65 object nodes (vs. 5 actual objects)
Initializing epsilon function...
Allocating fields...
Solving for band polarization: te.
Initializing fields to random numbers...
3 k-points
  Vector3<0.0, 0.0, 0.0>
  Vector3<0.12, 0.07, 0.0>
  Vector3<-0.09, 0.14, 0.0>
elapsed time for initialization: 0.0021038055419921875
solve_kpoint (0,0,0):
tefreqs:, k index, k1, k2, k3, kmag/2pi, te band 1, te band 2, te band 3, te band 4, te band 5, te band 6
Solving for bands 2 to 6...
    near maximum in trace
    iteration    1: trace = 1.06386223486242 (197.061% change)
    iteration    2: trace = 0.3558578272786786 (99.7386% change)
    iteration    3: trace = 0.3122026942768732 (13.0692% change)
    iteration    4: trace = 0.2998811488679826 (4.0261% change)
    iteration    5: trace = 0.2963399165276242 (1.18789% change)
    iteration    6: trace = 0.2940401400550381 (0.779083% change)
    iteration    7: trace = 0.2928565266319472 (0.403346% change)
    iteration    8: trace = 0.2919660262886941 (0.304537% change)
    iteration    9: trace = 0.2916448468522613 (0.110066% change)
    iteration   10: trace = 0.2915647204804868 (0.0274777% change)
    iteration   11: trace = 0.2915489909880224 (0.005395% change)
    iteration   12: trace = 0.2915423120476854 (0.00229087% change)
    iteration   13: trace = 0.2915404168528843 (0.00065006% change)
    iteration   14: trace = 0.2915399494303735 (0.000160329% change)
    iteration   15: trace = 0.2915398518010551 (3.34875e-05% change)
    iteration   16: trace = 0.2915398104194808 (1.41941e-05% change)
    iteration   17: trace = 0.2915397863070943 (8.2707e-06% change)
Finished solving for bands 2 to 6 after 17 iterations.
tefreqs:, 1, 0, 0, 0, 0, 0, 0.194757, 0.194846, 0.261727, 0.261836, 0.280331
elapsed time for k point: 0.05843758583068848
solve_kpoint (0.12,0.07,0):
Solving for bands 1 to 6...
    iteration    1: trace = 0.2937254414931768 (2.57542% change)
    iteration    2: trace = 0.2916926340672266 (0.694481% change)
    iteration    3: trace = 0.2914185415273861 (0.0940104% change)
    iteration    4: trace = 0.2913023633680656 (0.0398744% change)
    iteration    5: trace = 0.2912446375975104 (0.0198184% change)
    iteration    6: trace = 0.2912271597848717 (0.00600126% change)
    iteration    7: trace = 0.291225562189054 (0.000548575% change)
    iteration    8: trace = 0.2912254018823858 (5.50455e-05% change)
    iteration    9: trace = 0.2912253847912117 (5.86871e-06% change)
Finished solving for bands 1 to 6 after 9 iterations.
tefreqs:, 2, 0.12, 0.07, 0, 0.0694622, 0.0313102, 0.186254, 0.193569, 0.266043, 0.270879, 0.271902
elapsed time for k point: 0.03348851203918457
solve_kpoint (-0.09,0.14,0):
Solving for bands 1 to 6...
    iteration    1: trace = 0.2980184950764468 (5.38482% change)
    iteration    2: trace = 0.2932312243467071 (1.61937% change)
    iteration    3: trace = 0.2920344906265974 (0.408954% change)
    iteration    4: trace = 0.2914079963840859 (0.214758% change)
    iteration    5: trace = 0.2912028501457851 (0.0704231% change)
    iteration    6: trace = 0.2911523805247173 (0.0173329% change)
    iteration    7: trace = 0.2911469947290938 (0.00184984% change)
    iteration    8: trace = 0.2911462911530022 (0.000241657% change)
    iteration    9: trace = 0.2911461952822541 (3.29287e-05% change)
    iteration   10: trace = 0.2911461758565671 (6.67214e-06% change)
Finished solving for bands 1 to 6 after 10 iterations.
tefreqs:, 3, -0.09, 0.14, 0, 0.0832166, 0.037513, 0.183931, 0.192192, 0.267948, 0.268457, 0.274054
elapsed time for k point: 0.04456019401550293
Band 1 range: 0.0 at Vector3<0.0, 0.0, 0.0> to 0.037513009747326714 at Vector3<-0.09, 0.14, 0.0>
Band 2 range: 0.18393125453853637 at Vector3<-0.09, 0.14, 0.0> to 0.19475662510608105 at Vector3<0.0, 0.0, 0.0>
Band 3 range: 0.1921920968229631 at Vector3<-0.09, 0.14, 0.0> to 0.1948463484112604 at Vector3<0.0, 0.0, 0.0>
Band 4 range: 0.2617270131933545 at Vector3<0.0, 0.0, 0.0> to 0.2679477461978041 at Vector3<-0.09, 0.14, 0.0>
Band 5 range: 0.2618356647155478 at Vector3<0.0, 0.0, 0.0> to 0.2708794218496368 at Vector3<0.12, 0.07, 0.0>
Band 6 range: 0.2719024605107682 at Vector3<0.12, 0.07, 0.0> to 0.2803312309448162 at Vector3<0.0, 0.0, 0.0>
Gap from band 1 (0.037513009747326714) to band 2 (0.18393125453853637), 132.23936529888883%
Gap from band 3 (0.1948463484112604) to band 4 (0.2617270131933545), 29.296787945334263%
Gap from band 5 (0.2708794218496368) to band 6 (0.2719024605107682), 0.37696124147788335%
total elapsed time for run: 0.13876557350158691
done
Initializing eigensolver data
Computing 6 bands with 1e-07 tolerance
Working in 2 dimensions.
Grid size is 40 x 40 x 1.
Solving for 6 bands at a time.
Creating Maxwell data...
Mesh size is 3.
Lattice vectors:
     (2, 0, 0)
     (0, 2, 0)
     (0, 0, 1)
Cell volume = 4
Reciprocal lattice vectors (/ 2 pi):
     (0.5, -0, 0)
     (-0, 0.5, -0)
     (0, -0, 1)
Geometric objects:
     block, center = (0,0,0)
          size (1e+20,1e+20,1)
          axes (1,0,0), (0,1,0), (0,0,1)
     prism, center = (-0.005,-1.38778e-17,0.5)
          height 1, axis (0,0,1), sidewall angle: 0 radians, 4 vertices:
          (0.245,0.25,0)
          (-0.255,0.25,0)
          (-0.255,-0.25,0)
          (0.245,-0.25,0)
     prism, center = (0.005,1,0.5)
          height 1, axis (0,0,1), sidewall angle: 0 radians, 4 vertices:
          (0.255,1.25,0)
          (-0.245,1.25,0)
          (-0.245,0.75,0)
          (0.255,0.75,0)
     prism, center = (1.005,-1.38778e-17,0.5)
          height 1, axis (0,0,1), sidewall angle: 0 radians, 4 vertices:
          (1.255,0.25,0)
          (0.755,0.25,0)
          (0.755,-0.25,0)
          (1.255,-0.25,0)
     prism, center = (0.995,1,0.5)
          height 1, axis (0,0,1), sidewall angle: 0 radians, 4 vertices:
          (1.245,1.25,0)
          (0.745,1.25,0)
          (0.745,0.75,0)
          (1.245,0.75,0)
Geometric object tree has depth 5 and 74 object nodes (vs. 5 actual objects)
Initializing epsilon function...
Allocating fields...
Solving for band polarization: te.
Initializing fields to random numbers...
3 k-points
  Vector3<0.0, 0.0, 0.0>
  Vector3<0.12, 0.07, 0.0>
  Vector3<-0.09, 0.14, 0.0>
elapsed time for initialization: 0.0033385753631591797
solve_kpoint (0,0,0):
tefreqs:, k index, k1, k2, k3, kmag/2pi, te band 1, te band 2, te band 3, te band 4, te band 5, te band 6
Solving for bands 2 to 6...
    near maximum in trace
    iteration    1: trace = 1.065590990038042 (197.055% change)
    iteration    2: trace = 0.3563421595186635 (99.7584% change)
    iteration    3: trace = 0.312328850297241 (13.1644% change)
    iteration    4: trace = 0.2999273045039863 (4.0511% change)
    iteration    5: trace = 0.2964157324488725 (1.1777% change)
    iteration    6: trace = 0.294094233903713 (0.786269% change)
    iteration    7: trace = 0.2928776303366125 (0.414536% change)
    iteration    8: trace = 0.2919752486134496 (0.308584% change)
    iteration    9: trace = 0.2916488982107711 (0.111836% change)
    iteration   10: trace = 0.2915657165863945 (0.0285252% change)
    iteration   11: trace = 0.2915492400924556 (0.0056512% change)
    iteration   12: trace = 0.2915423759749112 (0.00235439% change)
    iteration   13: trace = 0.2915404395217538 (0.000664212% change)
    iteration   14: trace = 0.291539952238046 (0.000167141% change)
    iteration   15: trace = 0.2915398508842915 (3.4765e-05% change)
    iteration   16: trace = 0.2915398107425537 (1.37689e-05% change)
    iteration   17: trace = 0.2915397866583934 (8.26102e-06% change)
Finished solving for bands 2 to 6 after 17 iterations.
tefreqs:, 1, 0, 0, 0, 0, 0, 0.194757, 0.194846, 0.261727, 0.261836, 0.280331
elapsed time for k point: 0.07004261016845703
solve_kpoint (0.12,0.07,0):
Solving for bands 1 to 6...
    iteration    1: trace = 0.2937256572991662 (2.57542% change)
    iteration    2: trace = 0.2916926900800014 (0.694535% change)
    iteration    3: trace = 0.2914185838632736 (0.0940151% change)
    iteration    4: trace = 0.2913023730172525 (0.0398856% change)
    iteration    5: trace = 0.2912446383615181 (0.0198215% change)
    iteration    6: trace = 0.2912271600582607 (0.00600142% change)
    iteration    7: trace = 0.2912255623125555 (0.000548627% change)
    iteration    8: trace = 0.2912254019205428 (5.50749e-05% change)
    iteration    9: trace = 0.2912253848088896 (5.87574e-06% change)
Finished solving for bands 1 to 6 after 9 iterations.
tefreqs:, 2, 0.12, 0.07, 0, 0.0694622, 0.0313102, 0.186254, 0.193569, 0.266043, 0.270879, 0.271902
elapsed time for k point: 0.04018521308898926
solve_kpoint (-0.09,0.14,0):
Solving for bands 1 to 6...
    iteration    1: trace = 0.2980184908329891 (5.38482% change)
    iteration    2: trace = 0.2932312230736254 (1.61937% change)
    iteration    3: trace = 0.292034490055017 (0.408954% change)
    iteration    4: trace = 0.2914079962022039 (0.214758% change)
    iteration    5: trace = 0.291202850114294 (0.070423% change)
    iteration    6: trace = 0.2911523805292009 (0.0173329% change)
    iteration    7: trace = 0.2911469947306756 (0.00184984% change)
    iteration    8: trace = 0.2911462911541779 (0.000241657% change)
    iteration    9: trace = 0.2911461952830354 (3.29289e-05% change)
    iteration   10: trace = 0.2911461758570201 (6.67225e-06% change)
Finished solving for bands 1 to 6 after 10 iterations.
tefreqs:, 3, -0.09, 0.14, 0, 0.0832166, 0.037513, 0.183931, 0.192192, 0.267948, 0.268457, 0.274054
elapsed time for k point: 0.0462646484375
Band 1 range: 0.0 at Vector3<0.0, 0.0, 0.0> to 0.037513009747428536 at Vector3<-0.09, 0.14, 0.0>
Band 2 range: 0.1839312545385512 at Vector3<-0.09, 0.14, 0.0> to 0.19475662539906505 at Vector3<0.0, 0.0, 0.0>
Band 3 range: 0.19219209682299085 at Vector3<-0.09, 0.14, 0.0> to 0.19484634830192488 at Vector3<0.0, 0.0, 0.0>
Band 4 range: 0.2617270135059971 at Vector3<0.0, 0.0, 0.0> to 0.26794774619777273 at Vector3<-0.09, 0.14, 0.0>
Band 5 range: 0.26183566461683977 at Vector3<0.0, 0.0, 0.0> to 0.2708794218466906 at Vector3<0.12, 0.07, 0.0>
Band 6 range: 0.27190246050660216 at Vector3<0.12, 0.07, 0.0> to 0.2803312312441405 at Vector3<0.0, 0.0, 0.0>
Gap from band 1 (0.037513009747428536) to band 2 (0.1839312545385512), 132.23936529874058%
Gap from band 3 (0.19484634830192488) to band 4 (0.2617270135059971), 29.296788117134415%
Gap from band 5 (0.2708794218466906) to band 6 (0.27190246050660216), 0.3769612410333392%
total elapsed time for run: 0.16000604629516602
done
Initializing eigensolver data
Computing 6 bands with 1e-07 tolerance
Working in 2 dimensions.
Grid size is 40 x 40 x 1.
Solving for 6 bands at a time.
Creating Maxwell data...
Mesh size is 3.
Lattice vectors:
     (2, 0, 0)
     (0, 2, 0)
     (0, 0, 1)
Cell volume = 4
Reciprocal lattice vectors (/ 2 pi):
     (0.5, -0, 0)
     (-0, 0.5, -0)
     (0, -0, 1)
Geometric objects:
     block, center = (0,0,0)
          size (1e+20,1e+20,1)
          axes (1,0,0), (0,1,0), (0,0,1)
     prism, center = (0.0025,-1.38778e-17,0.5)
          height 1, axis (0,0,1), sidewall angle: 0 radians, 4 vertices:
          (0.2525,0.25,0)
          (-0.2475,0.25,0)
          (-0.2475,-0.25,0)
          (0.2525,-0.25,0)
     prism, center = (-0.0025,1,0.5)
          height 1, axis (0,0,1), sidewall angle: 0 radians, 4 vertices:
          (0.2475,1.25,0)
          (-0.2525,1.25,0)
          (-0.2525,0.75,0)
          (0.2475,0.75,0)
     prism, center = (0.9975,-1.38778e-17,0.5)
          height 1, axis (0,0,1), sidewall angle: 0 radians, 4 vertices:
          (1.2475,0.25,0)
          (0.7475,0.25,0)
          (0.7475,-0.25,0)
          (1.2475,-0.25,0)
     prism, center = (1.0025,1,0.5)
          height 1, axis (0,0,1), sidewall angle: 0 radians, 4 vertices:
          (1.2525,1.25,0)
          (0.7525,1.25,0)
          (0.7525,0.75,0)
          (1.2525,0.75,0)
Geometric object tree has depth 4 and 65 object nodes (vs. 5 actual objects)
Initializing epsilon function...
Allocating fields...
Solving for band polarization: te.
Initializing fields to random numbers...
3 k-points
  Vector3<0.0, 0.0, 0.0>
  Vector3<0.12, 0.07, 0.0>
  Vector3<-0.09, 0.14, 0.0>
elapsed time for initialization: 0.0021283626556396484
solve_kpoint (0,0,0):
tefreqs:, k index, k1, k2, k3, kmag/2pi, te band 1, te band 2, te band 3, te band 4, te band 5, te band 6
Solving for bands 2 to 6...
    near maximum in trace
    iteration    1: trace = 1.083249925290336 (197.062% change)
    iteration    2: trace = 0.3687914647307374 (98.4075% change)
    iteration    3: trace = 0.3191505489786201 (14.4317% change)
    iteration    4: trace = 0.3010253213882498 (5.84519% change)
    iteration    5: trace = 0.2954545754631197 (1.86787% change)
    iteration    6: trace = 0.2931953254649227 (0.767604% change)
    iteration    7: trace = 0.2924723696853603 (0.246883% change)
    iteration    8: trace = 0.2919657964944392 (0.173354% change)
    iteration    9: trace = 0.2917721317921238 (0.0663533% change)
    iteration   10: trace = 0.2917006073468567 (0.0245168% change)
    iteration   11: trace = 0.2916768451464 (0.00814642% change)
    iteration   12: trace = 0.2916671699002688 (0.00331717% change)
    iteration   13: trace = 0.2916650428329957 (0.000729282% change)
    iteration   14: trace = 0.2916645486926128 (0.000169421% change)
    iteration   15: trace = 0.291664474519888 (2.54308e-05% change)
    iteration   16: trace = 0.2916644615254784 (4.45526e-06% change)
Finished solving for bands 2 to 6 after 16 iterations.
tefreqs:, 1, 0, 0, 0, 0, 0, 0.194752, 0.194868, 0.261779, 0.261982, 0.280357
elapsed time for k point: 0.07608723640441895
solve_kpoint (0.12,0.07,0):
Solving for bands 1 to 6...
    iteration    1: trace = 0.2938510596877005 (2.57384% change)
    iteration    2: trace = 0.2918165076711481 (0.69478% change)
    iteration    3: trace = 0.2915441997079508 (0.0933583% change)
    iteration    4: trace = 0.2914289388003666 (0.0395424% change)
    iteration    5: trace = 0.2913716140770539 (0.0196722% change)
    iteration    6: trace = 0.2913543249694523 (0.00593387% change)
    iteration    7: trace = 0.2913527638384747 (0.00053582% change)
    iteration    8: trace = 0.2913526164997255 (5.05706e-05% change)
    iteration    9: trace = 0.2913526012784505 (5.22435e-06% change)
Finished solving for bands 1 to 6 after 9 iterations.
tefreqs:, 2, 0.12, 0.07, 0, 0.0694622, 0.0313133, 0.186253, 0.193595, 0.266185, 0.270925, 0.271934
elapsed time for k point: 0.056221961975097656
solve_kpoint (-0.09,0.14,0):
Solving for bands 1 to 6...
    iteration    1: trace = 0.2981425318513992 (5.37946% change)
    iteration    2: trace = 0.2933497527950722 (1.62057% change)
    iteration    3: trace = 0.2921585918024369 (0.406881% change)
    iteration    4: trace = 0.2915359450336626 (0.213347% change)
    iteration    5: trace = 0.2913322402226794 (0.0698974% change)
    iteration    6: trace = 0.2912820120954804 (0.0172423% change)
    iteration    7: trace = 0.291276620845847 (0.00185089% change)
    iteration    8: trace = 0.2912759392784197 (0.000233993% change)
    iteration    9: trace = 0.2912758459525747 (3.20404e-05% change)
    iteration   10: trace = 0.2912758265435486 (6.66345e-06% change)
Finished solving for bands 1 to 6 after 10 iterations.
tefreqs:, 3, -0.09, 0.14, 0, 0.0832166, 0.0375215, 0.183963, 0.192192, 0.267986, 0.268502, 0.274186
elapsed time for k point: 0.050271034240722656
Band 1 range: 0.0 at Vector3<0.0, 0.0, 0.0> to 0.03752149043193491 at Vector3<-0.09, 0.14, 0.0>
Band 2 range: 0.18396261449339424 at Vector3<-0.09, 0.14, 0.0> to 0.19475217141478368 at Vector3<0.0, 0.0, 0.0>
Band 3 range: 0.19219224636896615 at Vector3<-0.09, 0.14, 0.0> to 0.19486775973838694 at Vector3<0.0, 0.0, 0.0>
Band 4 range: 0.26177852141530217 at Vector3<0.0, 0.0, 0.0> to 0.26798608960786885 at Vector3<-0.09, 0.14, 0.0>
Band 5 range: 0.2619824962561215 at Vector3<0.0, 0.0, 0.0> to 0.27092495934188227 at Vector3<0.12, 0.07, 0.0>
Band 6 range: 0.2719337560236855 at Vector3<0.12, 0.07, 0.0> to 0.28035653523732385 at Vector3<0.0, 0.0, 0.0>
Gap from band 1 (0.03752149043193491) to band 2 (0.18396261449339424), 132.2362380007633%
Gap from band 3 (0.19486775973838694) to band 4 (0.26177852141530217), 29.305291398790878%
Gap from band 5 (0.27092495934188227) to band 6 (0.2719337560236855), 0.3716608588015108%
total elapsed time for run: 0.18493890762329102
done
Initializing eigensolver data
Computing 6 bands with 1e-07 tolerance
Working in 2 dimensions.
Grid size is 40 x 40 x 1.
Solving for 6 bands at a time.
Creating Maxwell data...
Mesh size is 3.
Lattice vectors:
     (2, 0, 0)
     (0, 2, 0)
     (0, 0, 1)
Cell volume = 4
Reciprocal lattice vectors (/ 2 pi):
     (0.5, -0, 0)
     (-0, 0.5, -0)
     (0, -0, 1)
Geometric objects:
     block, center = (0,0,0)
          size (1e+20,1e+20,1)
          axes (1,0,0), (0,1,0), (0,0,1)
     prism, center = (-0.0025,-1.38778e-17,0.5)
          height 1, axis (0,0,1), sidewall angle: 0 radians, 4 vertices:
          (0.2475,0.25,0)
          (-0.2525,0.25,0)
          (-0.2525,-0.25,0)
          (0.2475,-0.25,0)
     prism, center = (0.0025,1,0.5)
          height 1, axis (0,0,1), sidewall angle: 0 radians, 4 vertices:
          (0.2525,1.25,0)
          (-0.2475,1.25,0)
          (-0.2475,0.75,0)
          (0.2525,0.75,0)
     prism, center = (1.0025,-1.38778e-17,0.5)
          height 1, axis (0,0,1), sidewall angle: 0 radians, 4 vertices:
          (1.2525,0.25,0)
          (0.7525,0.25,0)
          (0.7525,-0.25,0)
          (1.2525,-0.25,0)
     prism, center = (0.9975,1,0.5)
          height 1, axis (0,0,1), sidewall angle: 0 radians, 4 vertices:
          (1.2475,1.25,0)
          (0.7475,1.25,0)
          (0.7475,0.75,0)
          (1.2475,0.75,0)
Geometric object tree has depth 5 and 74 object nodes (vs. 5 actual objects)
Initializing epsilon function...
Allocating fields...
Solving for band polarization: te.
Initializing fields to random numbers...
3 k-points
  Vector3<0.0, 0.0, 0.0>
  Vector3<0.12, 0.07, 0.0>
  Vector3<-0.09, 0.14, 0.0>
elapsed time for initialization: 0.0021009445190429688
solve_kpoint (0,0,0):
tefreqs:, k index, k1, k2, k3, kmag/2pi, te band 1, te band 2, te band 3, te band 4, te band 5, te band 6
Solving for bands 2 to 6...
    near maximum in trace
    iteration    1: trace = 1.084052015979711 (197.062% change)
    iteration    2: trace = 0.3690846224209831 (98.4033% change)
    iteration    3: trace = 0.3192444446550061 (14.4815% change)
    iteration    4: trace = 0.3010254394259242 (5.87454% change)
    iteration    5: trace = 0.2954670636786123 (1.86369% change)
    iteration    6: trace = 0.2932052934462455 (0.768431% change)
    iteration    7: trace = 0.2924786868669015 (0.248122% change)
    iteration    8: trace = 0.2919640809743779 (0.176101% change)
    iteration    9: trace = 0.2917720124933206 (0.0658066% change)
    iteration   10: trace = 0.2917006216440515 (0.024471% change)
    iteration   11: trace = 0.2916769420616284 (0.0081181% change)
    iteration   12: trace = 0.291667194766082 (0.00334187% change)
    iteration   13: trace = 0.2916650473651274 (0.000736253% change)
    iteration   14: trace = 0.2916645491090488 (0.000170832% change)
    iteration   15: trace = 0.2916644752030187 (2.53394e-05% change)
    iteration   16: trace = 0.2916644619834442 (4.53246e-06% change)
Finished solving for bands 2 to 6 after 16 iterations.
tefreqs:, 1, 0, 0, 0, 0, 0, 0.194752, 0.194868, 0.261779, 0.261982, 0.280357
elapsed time for k point: 0.06505465507507324
solve_kpoint (0.12,0.07,0):
Solving for bands 1 to 6...
    iteration    1: trace = 0.2938512257536767 (2.5738% change)
    iteration    2: trace = 0.2918166169149156 (0.6948% change)
    iteration    3: trace = 0.291544269255506 (0.0933719% change)
    iteration    4: trace = 0.2914289580098322 (0.0395597% change)
    iteration    5: trace = 0.2913716155729608 (0.0196782% change)
    iteration    6: trace = 0.2913543250647477 (0.00593435% change)
    iteration    7: trace = 0.2913527639034957 (0.000535831% change)
    iteration    8: trace = 0.2913526165364242 (5.05803e-05% change)
    iteration    9: trace = 0.2913526012998638 (5.22959e-06% change)
Finished solving for bands 1 to 6 after 9 iterations.
tefreqs:, 2, 0.12, 0.07, 0, 0.0694622, 0.0313133, 0.186253, 0.193595, 0.266185, 0.270925, 0.271934
elapsed time for k point: 0.04248237609863281
solve_kpoint (-0.09,0.14,0):
Solving for bands 1 to 6...
    iteration    1: trace = 0.2981425277575116 (5.37946% change)
    iteration    2: trace = 0.2933497513148334 (1.62057% change)
    iteration    3: trace = 0.2921585911357101 (0.406881% change)
    iteration    4: trace = 0.2915359448714663 (0.213347% change)
    iteration    5: trace = 0.2913322402025286 (0.0698973% change)
    iteration    6: trace = 0.2912820121009196 (0.0172423% change)
    iteration    7: trace = 0.2912766208480582 (0.00185089% change)
    iteration    8: trace = 0.2912759392799767 (0.000233994% change)
    iteration    9: trace = 0.2912758459535921 (3.20405e-05% change)
    iteration   10: trace = 0.2912758265441295 (6.6636e-06% change)
Finished solving for bands 1 to 6 after 10 iterations.
tefreqs:, 3, -0.09, 0.14, 0, 0.0832166, 0.0375215, 0.183963, 0.192192, 0.267986, 0.268502, 0.274186
elapsed time for k point: 0.052731990814208984
Band 1 range: 0.0 at Vector3<0.0, 0.0, 0.0> to 0.03752149043206676 at Vector3<-0.09, 0.14, 0.0>
Band 2 range: 0.18396261449341578 at Vector3<-0.09, 0.14, 0.0> to 0.1947521715040677 at Vector3<0.0, 0.0, 0.0>
Band 3 range: 0.1921922463690028 at Vector3<-0.09, 0.14, 0.0> to 0.19486775974674944 at Vector3<0.0, 0.0, 0.0>
Band 4 range: 0.2617785212724493 at Vector3<0.0, 0.0, 0.0> to 0.26798608960785286 at Vector3<-0.09, 0.14, 0.0>
Band 5 range: 0.26198249637940174 at Vector3<0.0, 0.0, 0.0> to 0.2709249593419111 at Vector3<0.12, 0.07, 0.0>
Band 6 range: 0.27193375602118197 at Vector3<0.12, 0.07, 0.0> to 0.28035653600443167 at Vector3<0.0, 0.0, 0.0>
Gap from band 1 (0.03752149043206676) to band 2 (0.18396261449341578), 132.23623800057214%
Gap from band 3 (0.19486775974674944) to band 4 (0.2617785212724493), 29.305291341193143%
Gap from band 5 (0.2709249593419111) to band 6 (0.27193375602118197), 0.37166085787023184%
total elapsed time for run: 0.1625685691833496
done
Initializing eigensolver data
Computing 6 bands with 1e-07 tolerance
Working in 2 dimensions.
Grid size is 40 x 40 x 1.
Solving for 6 bands at a time.
Creating Maxwell data...
Mesh size is 3.
Lattice vectors:
     (2, 0, 0)
     (0, 2, 0)
     (0, 0, 1)
Cell volume = 4
Reciprocal lattice vectors (/ 2 pi):
     (0.5, -0, 0)
     (-0, 0.5, -0)
     (0, -0, 1)
Geometric objects:
     block, center = (0,0,0)
          size (1e+20,1e+20,1)
          axes (1,0,0), (0,1,0), (0,0,1)
     prism, center = (0.005,-1.38778e-17,0.5)
          height 1, axis (0,0,1), sidewall angle: 0 radians, 4 vertices:
          (0.255,0.25,0)
          (-0.245,0.25,0)
          (-0.245,-0.25,0)
          (0.255,-0.25,0)
     prism, center = (-0.005,1,0.5)
          height 1, axis (0,0,1), sidewall angle: 0 radians, 4 vertices:
          (0.245,1.25,0)
          (-0.255,1.25,0)
          (-0.255,0.75,0)
          (0.245,0.75,0)
     prism, center = (0.995,-1.38778e-17,0.5)
          height 1, axis (0,0,1), sidewall angle: 0 radians, 4 vertices:
          (1.245,0.25,0)
          (0.745,0.25,0)
          (0.745,-0.25,0)
          (1.245,-0.25,0)
     prism, center = (1.005,1,0.5)
          height 1, axis (0,0,1), sidewall angle: 0 radians, 4 vertices:
          (1.255,1.25,0)
          (0.755,1.25,0)
          (0.755,0.75,0)
          (1.255,0.75,0)
Geometric object tree has depth 4 and 65 object nodes (vs. 5 actual objects)
Initializing epsilon function...
Allocating fields...
Solving for band polarization: te.
Initializing fields to random numbers...
3 k-points
  Vector3<0.0, 0.0, 0.0>
  Vector3<0.12, 0.07, 0.0>
  Vector3<-0.09, 0.14, 0.0>
elapsed time for initialization: 0.002111196517944336
solve_kpoint (0,0,0):
tefreqs:, k index, k1, k2, k3, kmag/2pi, te band 1, te band 2, te band 3, te band 4, te band 5, te band 6
Solving for bands 2 to 6...
    near maximum in trace
    iteration    1: trace = 1.083276610725786 (197.062% change)
    iteration    2: trace = 0.3687965022854771 (98.4083% change)
    iteration    3: trace = 0.3190765952178463 (14.4561% change)
    iteration    4: trace = 0.3008812917260311 (5.86985% change)
    iteration    5: trace = 0.2952949760229467 (1.87405% change)
    iteration    6: trace = 0.2930474257354364 (0.764028% change)
    iteration    7: trace = 0.2923370604358206 (0.2427% change)
    iteration    8: trace = 0.2918392344521907 (0.170437% change)
    iteration    9: trace = 0.2916473518855258 (0.065771% change)
    iteration   10: trace = 0.29157603283363 (0.0244569% change)
    iteration   11: trace = 0.2915522994802288 (0.00814001% change)
    iteration   12: trace = 0.2915425386382103 (0.00334794% change)
    iteration   13: trace = 0.2915403779216068 (0.000741135% change)
    iteration   14: trace = 0.2915398686612919 (0.000174679% change)
    iteration   15: trace = 0.2915397925046705 (2.61222e-05% change)
    iteration   16: trace = 0.2915397792197165 (4.55682e-06% change)
Finished solving for bands 2 to 6 after 16 iterations.
tefreqs:, 1, 0, 0, 0, 0, 0, 0.194757, 0.194846, 0.261727, 0.261836, 0.280331
elapsed time for k point: 0.0540158748626709
solve_kpoint (0.12,0.07,0):
Solving for bands 1 to 6...
    iteration    1: trace = 0.2937257565019185 (2.57591% change)
    iteration    2: trace = 0.2916921988412132 (0.694737% change)
    iteration    3: trace = 0.2914182723916869 (0.0939535% change)
    iteration    4: trace = 0.2913022865469492 (0.0398084% change)
    iteration    5: trace = 0.2912446312414305 (0.0197942% change)
    iteration    6: trace = 0.291227159444532 (0.00599919% change)
    iteration    7: trace = 0.2912255621202355 (0.000548482% change)
    iteration    8: trace = 0.2912254018610372 (5.50292e-05% change)
    iteration    9: trace = 0.2912253847824848 (5.86438e-06% change)
Finished solving for bands 1 to 6 after 9 iterations.
tefreqs:, 2, 0.12, 0.07, 0, 0.0694622, 0.0313102, 0.186254, 0.193569, 0.266043, 0.270879, 0.271902
elapsed time for k point: 0.02845025062561035
solve_kpoint (-0.09,0.14,0):
Solving for bands 1 to 6...
    iteration    1: trace = 0.2980184958920913 (5.38482% change)
    iteration    2: trace = 0.2932312254739379 (1.61937% change)
    iteration    3: trace = 0.2920344911538235 (0.408954% change)
    iteration    4: trace = 0.2914079964202295 (0.214758% change)
    iteration    5: trace = 0.2912028501134428 (0.0704231% change)
    iteration    6: trace = 0.2911523805247314 (0.0173329% change)
    iteration    7: trace = 0.291146994729134 (0.00184984% change)
    iteration    8: trace = 0.2911462911529871 (0.000241657% change)
    iteration    9: trace = 0.2911461952822422 (3.29287e-05% change)
    iteration   10: trace = 0.291146175856558 (6.67214e-06% change)
Finished solving for bands 1 to 6 after 10 iterations.
tefreqs:, 3, -0.09, 0.14, 0, 0.0832166, 0.037513, 0.183931, 0.192192, 0.267948, 0.268457, 0.274054
elapsed time for k point: 0.045960187911987305
Band 1 range: 0.0 at Vector3<0.0, 0.0, 0.0> to 0.03751300974733136 at Vector3<-0.09, 0.14, 0.0>
Band 2 range: 0.18393125453853595 at Vector3<-0.09, 0.14, 0.0> to 0.1947566237639804 at Vector3<0.0, 0.0, 0.0>
Band 3 range: 0.1921920968229629 at Vector3<-0.09, 0.14, 0.0> to 0.1948463475623613 at Vector3<0.0, 0.0, 0.0>
Band 4 range: 0.26172701154296063 at Vector3<0.0, 0.0, 0.0> to 0.2679477461977936 at Vector3<-0.09, 0.14, 0.0>
Band 5 range: 0.2618356615513891 at Vector3<0.0, 0.0, 0.0> to 0.2708794218456242 at Vector3<0.12, 0.07, 0.0>
Band 6 range: 0.27190246049962613 at Vector3<0.12, 0.07, 0.0> to 0.28033122432243757 at Vector3<0.0, 0.0, 0.0>
Gap from band 1 (0.03751300974733136) to band 2 (0.18393125453853595), 132.23936529888172%
Gap from band 3 (0.1948463475623613) to band 4 (0.26172701154296063), 29.296787754614197%
Gap from band 5 (0.2708794218456242) to band 6 (0.27190246049962613), 0.3769612388613995%
total elapsed time for run: 0.13071227073669434
done
Initializing eigensolver data
Computing 6 bands with 1e-07 tolerance
Working in 2 dimensions.
Grid size is 40 x 40 x 1.
Solving for 6 bands at a time.
Creating Maxwell data...
Mesh size is 3.
Lattice vectors:
     (2, 0, 0)
     (0, 2, 0)
     (0, 0, 1)
Cell volume = 4
Reciprocal lattice vectors (/ 2 pi):
     (0.5, -0, 0)
     (-0, 0.5, -0)
     (0, -0, 1)
Geometric objects:
     block, center = (0,0,0)
          size (1e+20,1e+20,1)
          axes (1,0,0), (0,1,0), (0,0,1)
     prism, center = (0.005,-1.38778e-17,0.5)
          height 1, axis (0,0,1), sidewall angle: 0 radians, 4 vertices:
          (0.255,0.25,0)
          (-0.245,0.25,0)
          (-0.245,-0.25,0)
          (0.255,-0.25,0)
     prism, center = (-0.005,1,0.5)
          height 1, axis (0,0,1), sidewall angle: 0 radians, 4 vertices:
          (0.245,1.25,0)
          (-0.255,1.25,0)
          (-0.255,0.75,0)
          (0.245,0.75,0)
     prism, center = (0.995,-1.38778e-17,0.5)
          height 1, axis (0,0,1), sidewall angle: 0 radians, 4 vertices:
          (1.245,0.25,0)
          (0.745,0.25,0)
          (0.745,-0.25,0)
          (1.245,-0.25,0)
     prism, center = (1.005,1,0.5)
          height 1, axis (0,0,1), sidewall angle: 0 radians, 4 vertices:
          (1.255,1.25,0)
          (0.755,1.25,0)
          (0.755,0.75,0)
          (1.255,0.75,0)
Geometric object tree has depth 4 and 65 object nodes (vs. 5 actual objects)
Initializing epsilon function...
Allocating fields...
Solving for band polarization: te.
Initializing fields to random numbers...
3 k-points
  Vector3<0.0, 0.0, 0.0>
  Vector3<0.12, 0.07, 0.0>
  Vector3<-0.09, 0.14, 0.0>
elapsed time for initialization: 0.002103567123413086
solve_kpoint (0,0,0):
tefreqs:, k index, k1, k2, k3, kmag/2pi, te band 1, te band 2, te band 3, te band 4, te band 5, te band 6
Solving for bands 2 to 6...
    near maximum in trace
    iteration    1: trace = 1.083276610725786 (197.062% change)
    iteration    2: trace = 0.3687965022854771 (98.4083% change)
    iteration    3: trace = 0.3190765952178463 (14.4561% change)
    iteration    4: trace = 0.3008812917260311 (5.86985% change)
    iteration    5: trace = 0.2952949760229467 (1.87405% change)
    iteration    6: trace = 0.2930474257354364 (0.764028% change)
    iteration    7: trace = 0.2923370604358206 (0.2427% change)
    iteration    8: trace = 0.2918392344521907 (0.170437% change)
    iteration    9: trace = 0.2916473518855258 (0.065771% change)
    iteration   10: trace = 0.29157603283363 (0.0244569% change)
    iteration   11: trace = 0.2915522994802288 (0.00814001% change)
    iteration   12: trace = 0.2915425386382103 (0.00334794% change)
    iteration   13: trace = 0.2915403779216068 (0.000741135% change)
    iteration   14: trace = 0.2915398686612919 (0.000174679% change)
    iteration   15: trace = 0.2915397925046705 (2.61222e-05% change)
    iteration   16: trace = 0.2915397792197165 (4.55682e-06% change)
Finished solving for bands 2 to 6 after 16 iterations.
tefreqs:, 1, 0, 0, 0, 0, 0, 0.194757, 0.194846, 0.261727, 0.261836, 0.280331
elapsed time for k point: 0.06989049911499023
solve_kpoint (0.12,0.07,0):
Solving for bands 1 to 6...
    iteration    1: trace = 0.2937257565019185 (2.57591% change)
    iteration    2: trace = 0.2916921988412132 (0.694737% change)
    iteration    3: trace = 0.2914182723916869 (0.0939535% change)
    iteration    4: trace = 0.2913022865469492 (0.0398084% change)
    iteration    5: trace = 0.2912446312414305 (0.0197942% change)
    iteration    6: trace = 0.291227159444532 (0.00599919% change)
    iteration    7: trace = 0.2912255621202355 (0.000548482% change)
    iteration    8: trace = 0.2912254018610372 (5.50292e-05% change)
    iteration    9: trace = 0.2912253847824848 (5.86438e-06% change)
Finished solving for bands 1 to 6 after 9 iterations.
tefreqs:, 2, 0.12, 0.07, 0, 0.0694622, 0.0313102, 0.186254, 0.193569, 0.266043, 0.270879, 0.271902
elapsed time for k point: 0.0388178825378418
solve_kpoint (-0.09,0.14,0):
Solving for bands 1 to 6...
    iteration    1: trace = 0.2980184958920913 (5.38482% change)
    iteration    2: trace = 0.2932312254739379 (1.61937% change)
    iteration    3: trace = 0.2920344911538235 (0.408954% change)
    iteration    4: trace = 0.2914079964202295 (0.214758% change)
    iteration    5: trace = 0.2912028501134428 (0.0704231% change)
    iteration    6: trace = 0.2911523805247314 (0.0173329% change)
    iteration    7: trace = 0.291146994729134 (0.00184984% change)
    iteration    8: trace = 0.2911462911529871 (0.000241657% change)
    iteration    9: trace = 0.2911461952822422 (3.29287e-05% change)
    iteration   10: trace = 0.291146175856558 (6.67214e-06% change)
Finished solving for bands 1 to 6 after 10 iterations.
tefreqs:, 3, -0.09, 0.14, 0, 0.0832166, 0.037513, 0.183931, 0.192192, 0.267948, 0.268457, 0.274054
elapsed time for k point: 0.04609251022338867
Band 1 range: 0.0 at Vector3<0.0, 0.0, 0.0> to 0.03751300974733136 at Vector3<-0.09, 0.14, 0.0>
Band 2 range: 0.18393125453853595 at Vector3<-0.09, 0.14, 0.0> to 0.1947566237639804 at Vector3<0.0, 0.0, 0.0>
Band 3 range: 0.1921920968229629 at Vector3<-0.09, 0.14, 0.0> to 0.1948463475623613 at Vector3<0.0, 0.0, 0.0>
Band 4 range: 0.26172701154296063 at Vector3<0.0, 0.0, 0.0> to 0.2679477461977936 at Vector3<-0.09, 0.14, 0.0>
Band 5 range: 0.2618356615513891 at Vector3<0.0, 0.0, 0.0> to 0.2708794218456242 at Vector3<0.12, 0.07, 0.0>
Band 6 range: 0.27190246049962613 at Vector3<0.12, 0.07, 0.0> to 0.28033122432243757 at Vector3<0.0, 0.0, 0.0>
Gap from band 1 (0.03751300974733136) to band 2 (0.18393125453853595), 132.23936529888172%
Gap from band 3 (0.1948463475623613) to band 4 (0.26172701154296063), 29.296787754614197%
Gap from band 5 (0.2708794218456242) to band 6 (0.27190246049962613), 0.3769612388613995%
total elapsed time for run: 0.15710091590881348
done
Initializing eigensolver data
Computing 6 bands with 1e-07 tolerance
Working in 2 dimensions.
Grid size is 48 x 48 x 1.
Solving for 6 bands at a time.
Creating Maxwell data...
Mesh size is 3.
Lattice vectors:
     (2, 0, 0)
     (0, 2, 0)
     (0, 0, 1)
Cell volume = 4
Reciprocal lattice vectors (/ 2 pi):
     (0.5, -0, 0)
     (-0, 0.5, -0)
     (0, -0, 1)
Geometric objects:
     block, center = (0,0,0)
          size (1e+20,1e+20,1)
          axes (1,0,0), (0,1,0), (0,0,1)
     prism, center = (-2.08167e-17,-1.38778e-17,0.5)
          height 1, axis (0,0,1), sidewall angle: 0 radians, 4 vertices:
          (0.25,0.25,0)
          (-0.25,0.25,0)
          (-0.25,-0.25,0)
          (0.25,-0.25,0)
     prism, center = (-2.08167e-17,1,0.5)
          height 1, axis (0,0,1), sidewall angle: 0 radians, 4 vertices:
          (0.25,1.25,0)
          (-0.25,1.25,0)
          (-0.25,0.75,0)
          (0.25,0.75,0)
     prism, center = (1,-1.38778e-17,0.5)
          height 1, axis (0,0,1), sidewall angle: 0 radians, 4 vertices:
          (1.25,0.25,0)
          (0.75,0.25,0)
          (0.75,-0.25,0)
          (1.25,-0.25,0)
     prism, center = (1,1,0.5)
          height 1, axis (0,0,1), sidewall angle: 0 radians, 4 vertices:
          (1.25,1.25,0)
          (0.75,1.25,0)
          (0.75,0.75,0)
          (1.25,0.75,0)
Geometric object tree has depth 3 and 45 object nodes (vs. 5 actual objects)
Initializing epsilon function...
Allocating fields...
Solving for band polarization: te.
Initializing fields to random numbers...
3 k-points
  Vector3<0.0, 0.0, 0.0>
  Vector3<0.12, 0.07, 0.0>
  Vector3<-0.09, 0.14, 0.0>
elapsed time for initialization: 0.0030701160430908203
solve_kpoint (0,0,0):
tefreqs:, k index, k1, k2, k3, kmag/2pi, te band 1, te band 2, te band 3, te band 4, te band 5, te band 6
Solving for bands 2 to 6...
    near maximum in trace
    iteration    1: trace = 1.328952370989777 (197.529% change)
    iteration    2: trace = 0.3824344128556073 (110.614% change)
    iteration    3: trace = 0.3164600189280682 (18.8796% change)
    iteration    4: trace = 0.2974938575247937 (6.17837% change)
    iteration    5: trace = 0.2935913931245811 (1.32044% change)
    iteration    6: trace = 0.2924259374837727 (0.397755% change)
    iteration    7: trace = 0.292174076407973 (0.0861653% change)
    iteration    8: trace = 0.2920508559982019 (0.0421825% change)
    iteration    9: trace = 0.292006684609712 (0.0151257% change)
    iteration   10: trace = 0.2919900018547187 (0.0057133% change)
    iteration   11: trace = 0.2919842978268498 (0.00195352% change)
    iteration   12: trace = 0.2919808138458839 (0.00119322% change)
    iteration   13: trace = 0.2919798452285775 (0.000331741% change)
    iteration   14: trace = 0.2919795958643848 (8.54046e-05% change)
    iteration   15: trace = 0.2919795505506003 (1.55195e-05% change)
    iteration   16: trace = 0.2919795411107722 (3.23304e-06% change)
Finished solving for bands 2 to 6 after 16 iterations.
tefreqs:, 1, 0, 0, 0, 0, 0, 0.194711, 0.194819, 0.262166, 0.262348, 0.280277
elapsed time for k point: 0.07311868667602539
solve_kpoint (0.12,0.07,0):
Solving for bands 1 to 6...
    iteration    1: trace = 0.2942077587347097 (2.59598% change)
    iteration    2: trace = 0.2921762312733465 (0.6929% change)
    iteration    3: trace = 0.2918999940106479 (0.0945895% change)
    iteration    4: trace = 0.2917868332166844 (0.0387745% change)
    iteration    5: trace = 0.2917287145125271 (0.0199202% change)
    iteration    6: trace = 0.2917103489308357 (0.00629563% change)
    iteration    7: trace = 0.2917087088984652 (0.000562214% change)
    iteration    8: trace = 0.291708541116463 (5.7517e-05% change)
    iteration    9: trace = 0.2917085268652552 (4.88543e-06% change)
Finished solving for bands 1 to 6 after 9 iterations.
tefreqs:, 2, 0.12, 0.07, 0, 0.0694622, 0.0313453, 0.186339, 0.193476, 0.266362, 0.271393, 0.271971
elapsed time for k point: 0.04223990440368652
solve_kpoint (-0.09,0.14,0):
Solving for bands 1 to 6...
    iteration    1: trace = 0.2984682113113497 (5.46625% change)
    iteration    2: trace = 0.2936816440490299 (1.61667% change)
    iteration    3: trace = 0.2924850580494056 (0.408275% change)
    iteration    4: trace = 0.291876079570433 (0.208425% change)
    iteration    5: trace = 0.2916673024575628 (0.071555% change)
    iteration    6: trace = 0.2916162562928338 (0.017503% change)
    iteration    7: trace = 0.291610843778721 (0.00185606% change)
    iteration    8: trace = 0.2916101256799577 (0.000246253% change)
    iteration    9: trace = 0.2916100352071889 (3.10253e-05% change)
    iteration   10: trace = 0.2916100128997706 (7.64974e-06% change)
Finished solving for bands 1 to 6 after 10 iterations.
tefreqs:, 3, -0.09, 0.14, 0, 0.0832166, 0.0375299, 0.183881, 0.192271, 0.268069, 0.268887, 0.274336
elapsed time for k point: 0.04375433921813965
Band 1 range: 0.0 at Vector3<0.0, 0.0, 0.0> to 0.03752994637108086 at Vector3<-0.09, 0.14, 0.0>
Band 2 range: 0.1838806979336895 at Vector3<-0.09, 0.14, 0.0> to 0.194710963994899 at Vector3<0.0, 0.0, 0.0>
Band 3 range: 0.1922709111663791 at Vector3<-0.09, 0.14, 0.0> to 0.19481939440574536 at Vector3<0.0, 0.0, 0.0>
Band 4 range: 0.2621657968035996 at Vector3<0.0, 0.0, 0.0> to 0.26806861847463526 at Vector3<-0.09, 0.14, 0.0>
Band 5 range: 0.26234766189195086 at Vector3<0.0, 0.0, 0.0> to 0.27139258990666126 at Vector3<0.12, 0.07, 0.0>
Band 6 range: 0.27197072616134366 at Vector3<0.12, 0.07, 0.0> to 0.2802773349032837 at Vector3<0.0, 0.0, 0.0>
Gap from band 1 (0.03752994637108086) to band 2 (0.1838806979336895), 132.1984785529622%
Gap from band 3 (0.19481939440574536) to band 4 (0.2621657968035996), 29.47421653626532%
Gap from band 5 (0.27139258990666126) to band 6 (0.27197072616134366), 0.21279914840995126%
total elapsed time for run: 0.16234827041625977
done
Initializing eigensolver data
Computing 6 bands with 1e-07 tolerance
Working in 2 dimensions.
Grid size is 48 x 48 x 1.
Solving for 6 bands at a time.
Creating Maxwell data...
Mesh size is 3.
Lattice vectors:
     (2, 0, 0)
     (0, 2, 0)
     (0, 0, 1)
Cell volume = 4
Reciprocal lattice vectors (/ 2 pi):
     (0.5, -0, 0)
     (-0, 0.5, -0)
     (0, -0, 1)
Geometric objects:
     block, center = (0,0,0)
          size (1e+20,1e+20,1)
          axes (1,0,0), (0,1,0), (0,0,1)
     prism, center = (0.005,-1.38778e-17,0.5)
          height 1, axis (0,0,1), sidewall angle: 0 radians, 4 vertices:
          (0.255,0.25,0)
          (-0.245,0.25,0)
          (-0.245,-0.25,0)
          (0.255,-0.25,0)
     prism, center = (-0.005,1,0.5)
          height 1, axis (0,0,1), sidewall angle: 0 radians, 4 vertices:
          (0.245,1.25,0)
          (-0.255,1.25,0)
          (-0.255,0.75,0)
          (0.245,0.75,0)
     prism, center = (0.995,-1.38778e-17,0.5)
          height 1, axis (0,0,1), sidewall angle: 0 radians, 4 vertices:
          (1.245,0.25,0)
          (0.745,0.25,0)
          (0.745,-0.25,0)
          (1.245,-0.25,0)
     prism, center = (1.005,1,0.5)
          height 1, axis (0,0,1), sidewall angle: 0 radians, 4 vertices:
          (1.255,1.25,0)
          (0.755,1.25,0)
          (0.755,0.75,0)
          (1.255,0.75,0)
Geometric object tree has depth 4 and 65 object nodes (vs. 5 actual objects)
Initializing epsilon function...
Allocating fields...
Solving for band polarization: te.
Initializing fields to random numbers...
3 k-points
  Vector3<0.0, 0.0, 0.0>
  Vector3<0.12, 0.07, 0.0>
  Vector3<-0.09, 0.14, 0.0>
elapsed time for initialization: 0.0027801990509033203
solve_kpoint (0,0,0):
tefreqs:, k index, k1, k2, k3, kmag/2pi, te band 1, te band 2, te band 3, te band 4, te band 5, te band 6
Solving for bands 2 to 6...
    near maximum in trace
    iteration    1: trace = 1.322756466574834 (197.536% change)
    iteration    2: trace = 0.3813083265195506 (110.494% change)
    iteration    3: trace = 0.3161930022192352 (18.671% change)
    iteration    4: trace = 0.2972359310511941 (6.18069% change)
    iteration    5: trace = 0.2932820435376848 (1.33913% change)
    iteration    6: trace = 0.2921049020896466 (0.402176% change)
    iteration    7: trace = 0.2918632507444766 (0.0827618% change)
    iteration    8: trace = 0.2917422760385588 (0.0414577% change)
    iteration    9: trace = 0.2916968650748064 (0.0155666% change)
    iteration   10: trace = 0.2916795532427761 (0.00593505% change)
    iteration   11: trace = 0.2916737039988274 (0.00200539% change)
    iteration   12: trace = 0.2916701124346243 (0.00123137% change)
    iteration   13: trace = 0.2916691174201129 (0.000341144% change)
    iteration   14: trace = 0.2916688469257533 (9.27402e-05% change)
    iteration   15: trace = 0.2916687952299071 (1.77242e-05% change)
    iteration   16: trace = 0.2916687846475563 (3.62821e-06% change)
Finished solving for bands 2 to 6 after 16 iterations.
tefreqs:, 1, 0, 0, 0, 0, 0, 0.194712, 0.194763, 0.262011, 0.262031, 0.280203
elapsed time for k point: 0.07171082496643066
solve_kpoint (0.12,0.07,0):
Solving for bands 1 to 6...
    iteration    1: trace = 0.2938827111206955 (2.60199% change)
    iteration    2: trace = 0.2918460676339962 (0.695422% change)
    iteration    3: trace = 0.2915701378218689 (0.0945911% change)
    iteration    4: trace = 0.2914553508834631 (0.0393763% change)
    iteration    5: trace = 0.2913982025024591 (0.0196099% change)
    iteration    6: trace = 0.2913797158259983 (0.00634433% change)
    iteration    7: trace = 0.2913780138940155 (0.000584096% change)
    iteration    8: trace = 0.2913778274100475 (6.40007e-05% change)
    iteration    9: trace = 0.2913778113082257 (5.5261e-06% change)
Finished solving for bands 1 to 6 after 9 iterations.
tefreqs:, 2, 0.12, 0.07, 0, 0.0694622, 0.0313222, 0.186242, 0.193503, 0.266221, 0.271125, 0.271818
elapsed time for k point: 0.06688475608825684
solve_kpoint (-0.09,0.14,0):
Solving for bands 1 to 6...
    iteration    1: trace = 0.2981784117680608 (5.45967% change)
    iteration    2: trace = 0.2933993211848103 (1.61571% change)
    iteration    3: trace = 0.292197560561502 (0.41044% change)
    iteration    4: trace = 0.29157251225466 (0.214142% change)
    iteration    5: trace = 0.291364799253625 (0.0712643% change)
    iteration    6: trace = 0.2913120641780155 (0.018101% change)
    iteration    7: trace = 0.291306587841489 (0.0018799% change)
    iteration    8: trace = 0.2913058350676084 (0.000258413% change)
    iteration    9: trace = 0.2913057414717846 (3.21298e-05% change)
    iteration   10: trace = 0.2913057225952574 (6.47997e-06% change)
Finished solving for bands 1 to 6 after 10 iterations.
tefreqs:, 3, -0.09, 0.14, 0, 0.0832166, 0.0375231, 0.183888, 0.19217, 0.268005, 0.268588, 0.274203
elapsed time for k point: 0.115936279296875
Band 1 range: 0.0 at Vector3<0.0, 0.0, 0.0> to 0.0375230945342911 at Vector3<-0.09, 0.14, 0.0>
Band 2 range: 0.1838882108367323 at Vector3<-0.09, 0.14, 0.0> to 0.1947117299306526 at Vector3<0.0, 0.0, 0.0>
Band 3 range: 0.19217000371936335 at Vector3<-0.09, 0.14, 0.0> to 0.1947632493903487 at Vector3<0.0, 0.0, 0.0>
Band 4 range: 0.26201083926525404 at Vector3<0.0, 0.0, 0.0> to 0.26800546327396085 at Vector3<-0.09, 0.14, 0.0>
Band 5 range: 0.2620309168985191 at Vector3<0.0, 0.0, 0.0> to 0.2711250392851043 at Vector3<0.12, 0.07, 0.0>
Band 6 range: 0.27181770330406957 at Vector3<0.12, 0.07, 0.0> to 0.28020264498880165 at Vector3<0.0, 0.0, 0.0>
Gap from band 1 (0.0375230945342911) to band 2 (0.1838882108367323), 132.2110594643523%
Gap from band 3 (0.1947632493903487) to band 4 (0.26201083926525404), 29.444572949762257%
Gap from band 5 (0.2711250392851043) to band 6 (0.27181770330406957), 0.2551517737071581%
total elapsed time for run: 0.2575349807739258
done
Initializing eigensolver data
Computing 6 bands with 1e-07 tolerance
Working in 2 dimensions.
Grid size is 48 x 48 x 1.
Solving for 6 bands at a time.
Creating Maxwell data...
Mesh size is 3.
Lattice vectors:
     (2, 0, 0)
     (0, 2, 0)
     (0, 0, 1)
Cell volume = 4
Reciprocal lattice vectors (/ 2 pi):
     (0.5, -0, 0)
     (-0, 0.5, -0)
     (0, -0, 1)
Geometric objects:
     block, center = (0,0,0)
          size (1e+20,1e+20,1)
          axes (1,0,0), (0,1,0), (0,0,1)
     prism, center = (-0.005,-1.38778e-17,0.5)
          height 1, axis (0,0,1), sidewall angle: 0 radians, 4 vertices:
          (0.245,0.25,0)
          (-0.255,0.25,0)
          (-0.255,-0.25,0)
          (0.245,-0.25,0)
     prism, center = (0.005,1,0.5)
          height 1, axis (0,0,1), sidewall angle: 0 radians, 4 vertices:
          (0.255,1.25,0)
          (-0.245,1.25,0)
          (-0.245,0.75,0)
          (0.255,0.75,0)
     prism, center = (1.005,-1.38778e-17,0.5)
          height 1, axis (0,0,1), sidewall angle: 0 radians, 4 vertices:
          (1.255,0.25,0)
          (0.755,0.25,0)
          (0.755,-0.25,0)
          (1.255,-0.25,0)
     prism, center = (0.995,1,0.5)
          height 1, axis (0,0,1), sidewall angle: 0 radians, 4 vertices:
          (1.245,1.25,0)
          (0.745,1.25,0)
          (0.745,0.75,0)
          (1.245,0.75,0)
Geometric object tree has depth 5 and 74 object nodes (vs. 5 actual objects)
Initializing epsilon function...
Allocating fields...
Solving for band polarization: te.
Initializing fields to random numbers...
3 k-points
  Vector3<0.0, 0.0, 0.0>
  Vector3<0.12, 0.07, 0.0>
  Vector3<-0.09, 0.14, 0.0>
elapsed time for initialization: 0.007941246032714844
solve_kpoint (0,0,0):
tefreqs:, k index, k1, k2, k3, kmag/2pi, te band 1, te band 2, te band 3, te band 4, te band 5, te band 6
Solving for bands 2 to 6...
    near maximum in trace
    iteration    1: trace = 1.286938258423114 (197.596% change)
    iteration    2: trace = 0.3967177608758012 (105.749% change)
    iteration    3: trace = 0.3206522509429187 (21.2068% change)
    iteration    4: trace = 0.2973995982820769 (7.5245% change)
    iteration    5: trace = 0.2932846820913875 (1.39327% change)
    iteration    6: trace = 0.292145811477391 (0.389071% change)
    iteration    7: trace = 0.2919041002129834 (0.0827708% change)
    iteration    8: trace = 0.2917751181113766 (0.0441962% change)
    iteration    9: trace = 0.2917089969678561 (0.0226642% change)
    iteration   10: trace = 0.2916795585725279 (0.0100922% change)
    iteration   11: trace = 0.2916722675909013 (0.00249969% change)
    iteration   12: trace = 0.2916697570262723 (0.000860752% change)
    iteration   13: trace = 0.2916690914182253 (0.000228206% change)
    iteration   14: trace = 0.2916688560525218 (8.06962e-05% change)
    iteration   15: trace = 0.2916687972216855 (2.01704e-05% change)
    iteration   16: trace = 0.2916687850498947 (4.17316e-06% change)
Finished solving for bands 2 to 6 after 16 iterations.
tefreqs:, 1, 0, 0, 0, 0, 0, 0.194712, 0.194763, 0.262011, 0.262031, 0.280203
elapsed time for k point: 0.11892175674438477
solve_kpoint (0.12,0.07,0):
Solving for bands 1 to 6...
    iteration    1: trace = 0.2938831978766178 (2.60259% change)
    iteration    2: trace = 0.2918457222551437 (0.695706% change)
    iteration    3: trace = 0.2915698979799021 (0.094555% change)
    iteration    4: trace = 0.2914552859759132 (0.0393163% change)
    iteration    5: trace = 0.291398196853729 (0.0195895% change)
    iteration    6: trace = 0.2913797157161965 (0.00634243% change)
    iteration    7: trace = 0.2913780138745672 (0.000584065% change)
    iteration    8: trace = 0.2913778273994173 (6.39977e-05% change)
    switching to approximate line minimization (decrease time by 54.5999%)
    iteration    9: trace = 0.2913778113019093 (5.52462e-06% change)
Finished solving for bands 1 to 6 after 9 iterations.
tefreqs:, 2, 0.12, 0.07, 0, 0.0694622, 0.0313222, 0.186242, 0.193503, 0.266221, 0.271125, 0.271818
elapsed time for k point: 0.09845948219299316
solve_kpoint (-0.09,0.14,0):
Solving for bands 1 to 6...
    iteration    1: trace = 0.2981784151381804 (5.45967% change)
    iteration    2: trace = 0.2933993226154455 (1.61571% change)
    iteration    3: trace = 0.2921975612569344 (0.41044% change)
    iteration    4: trace = 0.2915725124129461 (0.214142% change)
    iteration    5: trace = 0.2913647992774008 (0.0712643% change)
    iteration    6: trace = 0.2913120641792228 (0.018101% change)
    iteration    7: trace = 0.291306587841462 (0.0018799% change)
    iteration    8: trace = 0.2913058350673809 (0.000258413% change)
    iteration    9: trace = 0.2913057414716063 (3.21297e-05% change)
    iteration   10: trace = 0.2913057225951476 (6.47995e-06% change)
Finished solving for bands 1 to 6 after 10 iterations.
tefreqs:, 3, -0.09, 0.14, 0, 0.0832166, 0.0375231, 0.183888, 0.19217, 0.268005, 0.268588, 0.274203
elapsed time for k point: 0.15596556663513184
Band 1 range: 0.0 at Vector3<0.0, 0.0, 0.0> to 0.03752309453427377 at Vector3<-0.09, 0.14, 0.0>
Band 2 range: 0.18388821083672782 at Vector3<-0.09, 0.14, 0.0> to 0.19471173011386406 at Vector3<0.0, 0.0, 0.0>
Band 3 range: 0.19217000371935739 at Vector3<-0.09, 0.14, 0.0> to 0.19476324948969287 at Vector3<0.0, 0.0, 0.0>
Band 4 range: 0.26201083951321247 at Vector3<0.0, 0.0, 0.0> to 0.2680054632739731 at Vector3<-0.09, 0.14, 0.0>
Band 5 range: 0.2620309166816268 at Vector3<0.0, 0.0, 0.0> to 0.2711250392833946 at Vector3<0.12, 0.07, 0.0>
Band 6 range: 0.2718177033033134 at Vector3<0.12, 0.07, 0.0> to 0.280202645481345 at Vector3<0.0, 0.0, 0.0>
Gap from band 1 (0.03752309453427377) to band 2 (0.18388821083672782), 132.21105946437692%
Gap from band 3 (0.19476324948969287) to band 4 (0.26201083951321247), 29.444572992445668%
Gap from band 5 (0.2711250392833946) to band 6 (0.2718177033033134), 0.2551517740595565%
total elapsed time for run: 0.3835630416870117
done
Initializing eigensolver data
Computing 6 bands with 1e-07 tolerance
Working in 2 dimensions.
Grid size is 48 x 48 x 1.
Solving for 6 bands at a time.
Creating Maxwell data...
Mesh size is 3.
Lattice vectors:
     (2, 0, 0)
     (0, 2, 0)
     (0, 0, 1)
Cell volume = 4
Reciprocal lattice vectors (/ 2 pi):
     (0.5, -0, 0)
     (-0, 0.5, -0)
     (0, -0, 1)
Geometric objects:
     block, center = (0,0,0)
          size (1e+20,1e+20,1)
          axes (1,0,0), (0,1,0), (0,0,1)
     prism, center = (0.0025,-1.38778e-17,0.5)
          height 1, axis (0,0,1), sidewall angle: 0 radians, 4 vertices:
          (0.2525,0.25,0)
          (-0.2475,0.25,0)
          (-0.2475,-0.25,0)
          (0.2525,-0.25,0)
     prism, center = (-0.0025,1,0.5)
          height 1, axis (0,0,1), sidewall angle: 0 radians, 4 vertices:
          (0.2475,1.25,0)
          (-0.2525,1.25,0)
          (-0.2525,0.75,0)
          (0.2475,0.75,0)
     prism, center = (0.9975,-1.38778e-17,0.5)
          height 1, axis (0,0,1), sidewall angle: 0 radians, 4 vertices:
          (1.2475,0.25,0)
          (0.7475,0.25,0)
          (0.7475,-0.25,0)
          (1.2475,-0.25,0)
     prism, center = (1.0025,1,0.5)
          height 1, axis (0,0,1), sidewall angle: 0 radians, 4 vertices:
          (1.2525,1.25,0)
          (0.7525,1.25,0)
          (0.7525,0.75,0)
          (1.2525,0.75,0)
Geometric object tree has depth 4 and 65 object nodes (vs. 5 actual objects)
Initializing epsilon function...
Allocating fields...
Solving for band polarization: te.
Initializing fields to random numbers...
3 k-points
  Vector3<0.0, 0.0, 0.0>
  Vector3<0.12, 0.07, 0.0>
  Vector3<-0.09, 0.14, 0.0>
elapsed time for initialization: 0.002793550491333008
solve_kpoint (0,0,0):
tefreqs:, k index, k1, k2, k3, kmag/2pi, te band 1, te band 2, te band 3, te band 4, te band 5, te band 6
Solving for bands 2 to 6...
    near maximum in trace
    iteration    1: trace = 1.28937098692498 (197.593% change)
    iteration    2: trace = 0.3971893395390452 (105.799% change)
    iteration    3: trace = 0.3208881501284182 (21.2515% change)
    iteration    4: trace = 0.2975805731555358 (7.53719% change)
    iteration    5: trace = 0.2934136268587306 (1.41015% change)
    iteration    6: trace = 0.2922624190051734 (0.393121% change)
    iteration    7: trace = 0.2920174144814377 (0.0838655% change)
    iteration    8: trace = 0.2918895956540575 (0.0437805% change)
    iteration    9: trace = 0.291824767133096 (0.0222124% change)
    iteration   10: trace = 0.2917967858061676 (0.00958886% change)
    iteration   11: trace = 0.2917896018284963 (0.00246201% change)
    iteration   12: trace = 0.2917871032618445 (0.000856294% change)
    iteration   13: trace = 0.2917864137740256 (0.000236299% change)
    iteration   14: trace = 0.2917861788773542 (8.0503e-05% change)
    iteration   15: trace = 0.2917861213956927 (1.96999e-05% change)
    iteration   16: trace = 0.2917861099337996 (3.92818e-06% change)
Finished solving for bands 2 to 6 after 16 iterations.
tefreqs:, 1, 0, 0, 0, 0, 0, 0.194707, 0.194783, 0.26206, 0.262169, 0.280226
elapsed time for k point: 0.12379312515258789
solve_kpoint (0.12,0.07,0):
Solving for bands 1 to 6...
    iteration    1: trace = 0.2940005949169963 (2.6004% change)
    iteration    2: trace = 0.2919625245319054 (0.695631% change)
    iteration    3: trace = 0.291688431396022 (0.0939236% change)
    iteration    4: trace = 0.2915743118155315 (0.0391314% change)
    iteration    5: trace = 0.2915177093045939 (0.0194146% change)
    iteration    6: trace = 0.2914993698105272 (0.00629124% change)
    iteration    7: trace = 0.2914976902260976 (0.00057619% change)
    iteration    8: trace = 0.2914975167126573 (5.95248e-05% change)
    iteration    9: trace = 0.2914975022515214 (4.96098e-06% change)
Finished solving for bands 1 to 6 after 9 iterations.
tefreqs:, 2, 0.12, 0.07, 0, 0.0694622, 0.0313251, 0.186241, 0.193526, 0.266356, 0.271168, 0.271848
elapsed time for k point: 0.1627943515777588
solve_kpoint (-0.09,0.14,0):
Solving for bands 1 to 6...
    iteration    1: trace = 0.2982940511955305 (5.45387% change)
    iteration    2: trace = 0.2935101792465952 (1.61671% change)
    iteration    3: trace = 0.2923143323999094 (0.408261% change)
    iteration    4: trace = 0.2916923461280349 (0.213007% change)
    iteration    5: trace = 0.291486716230445 (0.0705203% change)
    iteration    6: trace = 0.2914341263575124 (0.0180436% change)
    iteration    7: trace = 0.2914286287744772 (0.00188641% change)
    iteration    8: trace = 0.2914278925195847 (0.000252637% change)
    iteration    9: trace = 0.2914278011796829 (3.13422e-05% change)
    iteration   10: trace = 0.2914277824308987 (6.43342e-06% change)
Finished solving for bands 1 to 6 after 10 iterations.
tefreqs:, 3, -0.09, 0.14, 0, 0.0832166, 0.037531, 0.183918, 0.19217, 0.268036, 0.268636, 0.274328
elapsed time for k point: 0.20914745330810547
Band 1 range: 0.0 at Vector3<0.0, 0.0, 0.0> to 0.037530988340453895 at Vector3<-0.09, 0.14, 0.0>
Band 2 range: 0.18391765467793963 at Vector3<-0.09, 0.14, 0.0> to 0.1947072918961651 at Vector3<0.0, 0.0, 0.0>
Band 3 range: 0.19216956425491294 at Vector3<-0.09, 0.14, 0.0> to 0.1947832204498599 at Vector3<0.0, 0.0, 0.0>
Band 4 range: 0.2620598869706656 at Vector3<0.0, 0.0, 0.0> to 0.26803602568050594 at Vector3<-0.09, 0.14, 0.0>
Band 5 range: 0.2621690274126797 at Vector3<0.0, 0.0, 0.0> to 0.2711675235917538 at Vector3<0.12, 0.07, 0.0>
Band 6 range: 0.2718475316218879 at Vector3<0.12, 0.07, 0.0> to 0.28022614823362396 at Vector3<0.0, 0.0, 0.0>
Gap from band 1 (0.037530988340453895) to band 2 (0.18391765467793963), 132.20823062377207%
Gap from band 3 (0.1947832204498599) to band 4 (0.2620598869706656), 29.45285391331398%
Gap from band 5 (0.2711675235917538) to band 6 (0.2718475316218879), 0.2504564186960111%
total elapsed time for run: 0.4987471103668213
done
Initializing eigensolver data
Computing 6 bands with 1e-07 tolerance
Working in 2 dimensions.
Grid size is 48 x 48 x 1.
Solving for 6 bands at a time.
Creating Maxwell data...
Mesh size is 3.
Lattice vectors:
     (2, 0, 0)
     (0, 2, 0)
     (0, 0, 1)
Cell volume = 4
Reciprocal lattice vectors (/ 2 pi):
     (0.5, -0, 0)
     (-0, 0.5, -0)
     (0, -0, 1)
Geometric objects:
     block, center = (0,0,0)
          size (1e+20,1e+20,1)
          axes (1,0,0), (0,1,0), (0,0,1)
     prism, center = (-0.0025,-1.38778e-17,0.5)
          height 1, axis (0,0,1), sidewall angle: 0 radians, 4 vertices:
          (0.2475,0.25,0)
          (-0.2525,0.25,0)
          (-0.2525,-0.25,0)
          (0.2475,-0.25,0)
     prism, center = (0.0025,1,0.5)
          height 1, axis (0,0,1), sidewall angle: 0 radians, 4 vertices:
          (0.2525,1.25,0)
          (-0.2475,1.25,0)
          (-0.2475,0.75,0)
          (0.2525,0.75,0)
     prism, center = (1.0025,-1.38778e-17,0.5)
          height 1, axis (0,0,1), sidewall angle: 0 radians, 4 vertices:
          (1.2525,0.25,0)
          (0.7525,0.25,0)
          (0.7525,-0.25,0)
          (1.2525,-0.25,0)
     prism, center = (0.9975,1,0.5)
          height 1, axis (0,0,1), sidewall angle: 0 radians, 4 vertices:
          (1.2475,1.25,0)
          (0.7475,1.25,0)
          (0.7475,0.75,0)
          (1.2475,0.75,0)
Geometric object tree has depth 5 and 74 object nodes (vs. 5 actual objects)
Initializing epsilon function...
Allocating fields...
Solving for band polarization: te.
Initializing fields to random numbers...
3 k-points
  Vector3<0.0, 0.0, 0.0>
  Vector3<0.12, 0.07, 0.0>
  Vector3<-0.09, 0.14, 0.0>
elapsed time for initialization: 0.003002166748046875
solve_kpoint (0,0,0):
tefreqs:, k index, k1, k2, k3, kmag/2pi, te band 1, te band 2, te band 3, te band 4, te band 5, te band 6
Solving for bands 2 to 6...
    near maximum in trace
    iteration    1: trace = 1.168988985038193 (197.84% change)
    iteration    2: trace = 0.3839170950454553 (101.11% change)
    iteration    3: trace = 0.3164683034758243 (19.2605% change)
    iteration    4: trace = 0.2972260288620123 (6.27096% change)
    iteration    5: trace = 0.2933355541200266 (1.31755% change)
    iteration    6: trace = 0.2921401168414746 (0.408364% change)
    iteration    7: trace = 0.2919119157215572 (0.0781441% change)
    iteration    8: trace = 0.2918318126979925 (0.0274446% change)
    iteration    9: trace = 0.2918039322949328 (0.00955404% change)
    iteration   10: trace = 0.2917922561544433 (0.00400145% change)
    iteration   11: trace = 0.2917890108439471 (0.00111221% change)
    iteration   12: trace = 0.2917872405848899 (0.000606693% change)
    iteration   13: trace = 0.2917864471794977 (0.000271913% change)
    iteration   14: trace = 0.2917861639218216 (9.70771e-05% change)
    iteration   15: trace = 0.2917861172756748 (1.59864e-05% change)
    iteration   16: trace = 0.2917861092390081 (2.7543e-06% change)
Finished solving for bands 2 to 6 after 16 iterations.
tefreqs:, 1, 0, 0, 0, 0, 0, 0.194707, 0.194783, 0.26206, 0.262169, 0.280226
elapsed time for k point: 0.11907124519348145
solve_kpoint (0.12,0.07,0):
Solving for bands 1 to 6...
    iteration    1: trace = 0.294000393510798 (2.60001% change)
    iteration    2: trace = 0.2919627970349714 (0.695469% change)
    iteration    3: trace = 0.2916886195515793 (0.0939525% change)
    iteration    4: trace = 0.2915743641905737 (0.039178% change)
    iteration    5: trace = 0.2915177131756079 (0.0194312% change)
    iteration    6: trace = 0.2914993697369894 (0.00629259% change)
    iteration    7: trace = 0.2914976902297461 (0.000576163% change)
    iteration    8: trace = 0.2914975167288889 (5.95205e-05% change)
    iteration    9: trace = 0.2914975022628071 (4.96268e-06% change)
Finished solving for bands 1 to 6 after 9 iterations.
tefreqs:, 2, 0.12, 0.07, 0, 0.0694622, 0.0313251, 0.186241, 0.193526, 0.266356, 0.271168, 0.271848
elapsed time for k point: 0.06452202796936035
solve_kpoint (-0.09,0.14,0):
Solving for bands 1 to 6...
    iteration    1: trace = 0.298294048071844 (5.45388% change)
    iteration    2: trace = 0.2935101774108778 (1.61671% change)
    iteration    3: trace = 0.2923143315459685 (0.408261% change)
    iteration    4: trace = 0.2916923459472751 (0.213006% change)
    iteration    5: trace = 0.2914867162069253 (0.0705203% change)
    iteration    6: trace = 0.2914341263569367 (0.0180436% change)
    iteration    7: trace = 0.2914286287745902 (0.00188641% change)
    iteration    8: trace = 0.2914278925197982 (0.000252637% change)
    iteration    9: trace = 0.2914278011798413 (3.13422e-05% change)
    iteration   10: trace = 0.2914277824309985 (6.43344e-06% change)
Finished solving for bands 1 to 6 after 10 iterations.
tefreqs:, 3, -0.09, 0.14, 0, 0.0832166, 0.037531, 0.183918, 0.19217, 0.268036, 0.268636, 0.274328
elapsed time for k point: 0.0932002067565918
Band 1 range: 0.0 at Vector3<0.0, 0.0, 0.0> to 0.03753098834046873 at Vector3<-0.09, 0.14, 0.0>
Band 2 range: 0.18391765467794327 at Vector3<-0.09, 0.14, 0.0> to 0.19470729181542668 at Vector3<0.0, 0.0, 0.0>
Band 3 range: 0.1921695642549181 at Vector3<-0.09, 0.14, 0.0> to 0.19478322025024702 at Vector3<0.0, 0.0, 0.0>
Band 4 range: 0.26205988694359883 at Vector3<0.0, 0.0, 0.0> to 0.268036025680486 at Vector3<-0.09, 0.14, 0.0>
Band 5 range: 0.26216902711161083 at Vector3<0.0, 0.0, 0.0> to 0.2711675235969476 at Vector3<0.12, 0.07, 0.0>
Band 6 range: 0.2718475316278011 at Vector3<0.12, 0.07, 0.0> to 0.28022614749575736 at Vector3<0.0, 0.0, 0.0>
Gap from band 1 (0.03753098834046873) to band 2 (0.18391765467794327), 132.20823062375095%
Gap from band 3 (0.19478322025024702) to band 4 (0.26205988694359883), 29.45285400346655%
Gap from band 5 (0.2711675235969476) to band 6 (0.2718475316278011), 0.25045641895584175%
total elapsed time for run: 0.280043363571167
done
Initializing eigensolver data
Computing 6 bands with 1e-07 tolerance
Working in 2 dimensions.
Grid size is 48 x 48 x 1.
Solving for 6 bands at a time.
Creating Maxwell data...
Mesh size is 3.
Lattice vectors:
     (2, 0, 0)
     (0, 2, 0)
     (0, 0, 1)
Cell volume = 4
Reciprocal lattice vectors (/ 2 pi):
     (0.5, -0, 0)
     (-0, 0.5, -0)
     (0, -0, 1)
Geometric objects:
     block, center = (0,0,0)
          size (1e+20,1e+20,1)
          axes (1,0,0), (0,1,0), (0,0,1)
     prism, center = (0.005,-1.38778e-17,0.5)
          height 1, axis (0,0,1), sidewall angle: 0 radians, 4 vertices:
          (0.255,0.25,0)
          (-0.245,0.25,0)
          (-0.245,-0.25,0)
          (0.255,-0.25,0)
     prism, center = (-0.005,1,0.5)
          height 1, axis (0,0,1), sidewall angle: 0 radians, 4 vertices:
          (0.245,1.25,0)
          (-0.255,1.25,0)
          (-0.255,0.75,0)
          (0.245,0.75,0)
     prism, center = (0.995,-1.38778e-17,0.5)
          height 1, axis (0,0,1), sidewall angle: 0 radians, 4 vertices:
          (1.245,0.25,0)
          (0.745,0.25,0)
          (0.745,-0.25,0)
          (1.245,-0.25,0)
     prism, center = (1.005,1,0.5)
          height 1, axis (0,0,1), sidewall angle: 0 radians, 4 vertices:
          (1.255,1.25,0)
          (0.755,1.25,0)
          (0.755,0.75,0)
          (1.255,0.75,0)
Geometric object tree has depth 4 and 65 object nodes (vs. 5 actual objects)
Initializing epsilon function...
Allocating fields...
Solving for band polarization: te.
Initializing fields to random numbers...
3 k-points
  Vector3<0.0, 0.0, 0.0>
  Vector3<0.12, 0.07, 0.0>
  Vector3<-0.09, 0.14, 0.0>
elapsed time for initialization: 0.003796815872192383
solve_kpoint (0,0,0):
tefreqs:, k index, k1, k2, k3, kmag/2pi, te band 1, te band 2, te band 3, te band 4, te band 5, te band 6
Solving for bands 2 to 6...
    near maximum in trace
    iteration    1: trace = 1.167653832676694 (197.84% change)
    iteration    2: trace = 0.3829133615648884 (101.22% change)
    iteration    3: trace = 0.3167226959225449 (18.9215% change)
    iteration    4: trace = 0.2972962488216685 (6.32764% change)
    iteration    5: trace = 0.2932652385449546 (1.36514% change)
    iteration    6: trace = 0.2920188867220348 (0.425896% change)
    iteration    7: trace = 0.2917956410220598 (0.0764783% change)
    iteration    8: trace = 0.2917165397246961 (0.0271121% change)
    iteration    9: trace = 0.2916873578195053 (0.010004% change)
    iteration   10: trace = 0.2916751148920209 (0.00419737% change)
    iteration   11: trace = 0.2916718196190694 (0.00112978% change)
    iteration   12: trace = 0.2916699441590808 (0.000643006% change)
    iteration   13: trace = 0.291669118623437 (0.000283038% change)
    iteration   14: trace = 0.2916688381910743 (9.61475e-05% change)
    iteration   15: trace = 0.2916687924641596 (1.56777e-05% change)
    iteration   16: trace = 0.291668784306885 (2.79676e-06% change)
Finished solving for bands 2 to 6 after 16 iterations.
tefreqs:, 1, 0, 0, 0, 0, 0, 0.194712, 0.194763, 0.262011, 0.262031, 0.280203
elapsed time for k point: 0.10175228118896484
solve_kpoint (0.12,0.07,0):
Solving for bands 1 to 6...
    iteration    1: trace = 0.2938830234071468 (2.60224% change)
    iteration    2: trace = 0.2918460218661477 (0.695544% change)
    iteration    3: trace = 0.2915700968650855 (0.0945894% change)
    iteration    4: trace = 0.2914553411990544 (0.0393656% change)
    iteration    5: trace = 0.2913982018016445 (0.0196068% change)
    iteration    6: trace = 0.2913797157957205 (0.0063441% change)
    iteration    7: trace = 0.2913780138911418 (0.000584086% change)
    iteration    8: trace = 0.2913778274049518 (6.40015e-05% change)
    iteration    9: trace = 0.2913778113042689 (5.52571e-06% change)
Finished solving for bands 1 to 6 after 9 iterations.
tefreqs:, 2, 0.12, 0.07, 0, 0.0694622, 0.0313222, 0.186242, 0.193503, 0.266221, 0.271125, 0.271818
elapsed time for k point: 0.0965263843536377
solve_kpoint (-0.09,0.14,0):
Solving for bands 1 to 6...
    iteration    1: trace = 0.2981784131856924 (5.45967% change)
    iteration    2: trace = 0.2933993212013158 (1.61571% change)
    iteration    3: trace = 0.2921975605890152 (0.41044% change)
    iteration    4: trace = 0.2915725122753092 (0.214142% change)
    iteration    5: trace = 0.2913647992598478 (0.0712643% change)
    iteration    6: trace = 0.2913120641763355 (0.018101% change)
    iteration    7: trace = 0.2913065878403761 (0.0018799% change)
    iteration    8: trace = 0.2913058350668517 (0.000258413% change)
    iteration    9: trace = 0.2913057414712697 (3.21297e-05% change)
    iteration   10: trace = 0.2913057225949585 (6.4799e-06% change)
Finished solving for bands 1 to 6 after 10 iterations.
tefreqs:, 3, -0.09, 0.14, 0, 0.0832166, 0.0375231, 0.183888, 0.19217, 0.268005, 0.268588, 0.274203
elapsed time for k point: 0.13738322257995605
Band 1 range: 0.0 at Vector3<0.0, 0.0, 0.0> to 0.03752309453423886 at Vector3<-0.09, 0.14, 0.0>
Band 2 range: 0.18388821083671952 at Vector3<-0.09, 0.14, 0.0> to 0.19471172997261119 at Vector3<0.0, 0.0, 0.0>
Band 3 range: 0.19217000371934523 at Vector3<-0.09, 0.14, 0.0> to 0.19476324934208958 at Vector3<0.0, 0.0, 0.0>
Band 4 range: 0.2620108394195649 at Vector3<0.0, 0.0, 0.0> to 0.2680054632739587 at Vector3<-0.09, 0.14, 0.0>
Band 5 range: 0.26203091627779723 at Vector3<0.0, 0.0, 0.0> to 0.27112503929042087 at Vector3<0.12, 0.07, 0.0>
Band 6 range: 0.27181770330984556 at Vector3<0.12, 0.07, 0.0> to 0.2802026448214605 at Vector3<0.0, 0.0, 0.0>
Gap from band 1 (0.03752309453423886) to band 2 (0.18388821083671952), 132.2110594644268%
Gap from band 3 (0.19476324934208958) to band 4 (0.2620108394195649), 29.444573031621857%
Gap from band 5 (0.27112503929042087) to band 6 (0.27181770330984556), 0.25515177387117494%
total elapsed time for run: 0.33971381187438965
done
Initializing eigensolver data
Computing 6 bands with 1e-07 tolerance
Working in 2 dimensions.
Grid size is 48 x 48 x 1.
Solving for 6 bands at a time.
Creating Maxwell data...
Mesh size is 3.
Lattice vectors:
     (2, 0, 0)
     (0, 2, 0)
     (0, 0, 1)
Cell volume = 4
Reciprocal lattice vectors (/ 2 pi):
     (0.5, -0, 0)
     (-0, 0.5, -0)
     (0, -0, 1)
Geometric objects:
     block, center = (0,0,0)
          size (1e+20,1e+20,1)
          axes (1,0,0), (0,1,0), (0,0,1)
     prism, center = (0.005,-1.38778e-17,0.5)
          height 1, axis (0,0,1), sidewall angle: 0 radians, 4 vertices:
          (0.255,0.25,0)
          (-0.245,0.25,0)
          (-0.245,-0.25,0)
          (0.255,-0.25,0)
     prism, center = (-0.005,1,0.5)
          height 1, axis (0,0,1), sidewall angle: 0 radians, 4 vertices:
          (0.245,1.25,0)
          (-0.255,1.25,0)
          (-0.255,0.75,0)
          (0.245,0.75,0)
     prism, center = (0.995,-1.38778e-17,0.5)
          height 1, axis (0,0,1), sidewall angle: 0 radians, 4 vertices:
          (1.245,0.25,0)
          (0.745,0.25,0)
          (0.745,-0.25,0)
          (1.245,-0.25,0)
     prism, center = (1.005,1,0.5)
          height 1, axis (0,0,1), sidewall angle: 0 radians, 4 vertices:
          (1.255,1.25,0)
          (0.755,1.25,0)
          (0.755,0.75,0)
          (1.255,0.75,0)
Geometric object tree has depth 4 and 65 object nodes (vs. 5 actual objects)
Initializing epsilon function...
Allocating fields...
Solving for band polarization: te.
Initializing fields to random numbers...
3 k-points
  Vector3<0.0, 0.0, 0.0>
  Vector3<0.12, 0.07, 0.0>
  Vector3<-0.09, 0.14, 0.0>
elapsed time for initialization: 0.002897977828979492
solve_kpoint (0,0,0):
tefreqs:, k index, k1, k2, k3, kmag/2pi, te band 1, te band 2, te band 3, te band 4, te band 5, te band 6
Solving for bands 2 to 6...
    near maximum in trace
    iteration    1: trace = 1.167653832676694 (197.84% change)
    iteration    2: trace = 0.3829133615648884 (101.22% change)
    iteration    3: trace = 0.3167226959225449 (18.9215% change)
    iteration    4: trace = 0.2972962488216685 (6.32764% change)
    iteration    5: trace = 0.2932652385449546 (1.36514% change)
    iteration    6: trace = 0.2920188867220348 (0.425896% change)
    iteration    7: trace = 0.2917956410220598 (0.0764783% change)
    iteration    8: trace = 0.2917165397246961 (0.0271121% change)
    iteration    9: trace = 0.2916873578195053 (0.010004% change)
    iteration   10: trace = 0.2916751148920209 (0.00419737% change)
    iteration   11: trace = 0.2916718196190694 (0.00112978% change)
    iteration   12: trace = 0.2916699441590808 (0.000643006% change)
    iteration   13: trace = 0.291669118623437 (0.000283038% change)
    iteration   14: trace = 0.2916688381910743 (9.61475e-05% change)
    iteration   15: trace = 0.2916687924641596 (1.56777e-05% change)
    iteration   16: trace = 0.291668784306885 (2.79676e-06% change)
Finished solving for bands 2 to 6 after 16 iterations.
tefreqs:, 1, 0, 0, 0, 0, 0, 0.194712, 0.194763, 0.262011, 0.262031, 0.280203
elapsed time for k point: 0.1422882080078125
solve_kpoint (0.12,0.07,0):
Solving for bands 1 to 6...
    iteration    1: trace = 0.2938830234071468 (2.60224% change)
    iteration    2: trace = 0.2918460218661477 (0.695544% change)
    iteration    3: trace = 0.2915700968650855 (0.0945894% change)
    iteration    4: trace = 0.2914553411990544 (0.0393656% change)
    iteration    5: trace = 0.2913982018016445 (0.0196068% change)
    iteration    6: trace = 0.2913797157957205 (0.0063441% change)
    iteration    7: trace = 0.2913780138911418 (0.000584086% change)
    iteration    8: trace = 0.2913778274049518 (6.40015e-05% change)
    iteration    9: trace = 0.2913778113042689 (5.52571e-06% change)
Finished solving for bands 1 to 6 after 9 iterations.
tefreqs:, 2, 0.12, 0.07, 0, 0.0694622, 0.0313222, 0.186242, 0.193503, 0.266221, 0.271125, 0.271818
elapsed time for k point: 0.03992271423339844
solve_kpoint (-0.09,0.14,0):
Solving for bands 1 to 6...
    iteration    1: trace = 0.2981784131856924 (5.45967% change)
    iteration    2: trace = 0.2933993212013158 (1.61571% change)
    iteration    3: trace = 0.2921975605890152 (0.41044% change)
    iteration    4: trace = 0.2915725122753092 (0.214142% change)
    iteration    5: trace = 0.2913647992598478 (0.0712643% change)
    iteration    6: trace = 0.2913120641763355 (0.018101% change)
    iteration    7: trace = 0.2913065878403761 (0.0018799% change)
    iteration    8: trace = 0.2913058350668517 (0.000258413% change)
    iteration    9: trace = 0.2913057414712697 (3.21297e-05% change)
    iteration   10: trace = 0.2913057225949585 (6.4799e-06% change)
Finished solving for bands 1 to 6 after 10 iterations.
tefreqs:, 3, -0.09, 0.14, 0, 0.0832166, 0.0375231, 0.183888, 0.19217, 0.268005, 0.268588, 0.274203
elapsed time for k point: 0.04529380798339844
Band 1 range: 0.0 at Vector3<0.0, 0.0, 0.0> to 0.03752309453423886 at Vector3<-0.09, 0.14, 0.0>
Band 2 range: 0.18388821083671952 at Vector3<-0.09, 0.14, 0.0> to 0.19471172997261119 at Vector3<0.0, 0.0, 0.0>
Band 3 range: 0.19217000371934523 at Vector3<-0.09, 0.14, 0.0> to 0.19476324934208958 at Vector3<0.0, 0.0, 0.0>
Band 4 range: 0.2620108394195649 at Vector3<0.0, 0.0, 0.0> to 0.2680054632739587 at Vector3<-0.09, 0.14, 0.0>
Band 5 range: 0.26203091627779723 at Vector3<0.0, 0.0, 0.0> to 0.27112503929042087 at Vector3<0.12, 0.07, 0.0>
Band 6 range: 0.27181770330984556 at Vector3<0.12, 0.07, 0.0> to 0.2802026448214605 at Vector3<0.0, 0.0, 0.0>
Gap from band 1 (0.03752309453423886) to band 2 (0.18388821083671952), 132.2110594644268%
Gap from band 3 (0.19476324934208958) to band 4 (0.2620108394195649), 29.444573031621857%
Gap from band 5 (0.27112503929042087) to band 6 (0.27181770330984556), 0.25515177387117494%
total elapsed time for run: 0.2306358814239502
done
BLOCKED_EQUIVALENCE_SPECTRAL_MISMATCH

Elapsed run time = 4.1732 s
