Initializing eigensolver data
Computing 6 bands with 1e-07 tolerance
Working in 2 dimensions.
Grid size is 144 x 48 x 1.
Solving for 6 bands at a time.
Creating Maxwell data...
Mesh size is 3.
Lattice vectors:
     (3, 0, 0)
     (0, 1, 0)
     (0, 0, 1)
Cell volume = 3
Reciprocal lattice vectors (/ 2 pi):
     (0.333333, -0, 0)
     (-0, 1, -0)
     (0, -0, 1)
Geometric objects:
     block, center = (0,0,0)
          size (1e+20,1e+20,1)
          axes (1,0,0), (0,1,0), (0,0,1)
     prism, center = (-0.00447214,-1.38778e-17,0.5)
          height 1, axis (0,0,1), sidewall angle: 0 radians, 4 vertices:
          (0.245528,0.25,0)
          (-0.254472,0.25,0)
          (-0.254472,-0.25,0)
          (0.245528,-0.25,0)
     prism, center = (0.99449,-1.38778e-17,0.5)
          height 1, axis (0,0,1), sidewall angle: 0 radians, 4 vertices:
          (1.24449,0.25,0)
          (0.74449,0.25,0)
          (0.74449,-0.25,0)
          (1.24449,-0.25,0)
     prism, center = (2.00998,-1.38778e-17,0.5)
          height 1, axis (0,0,1), sidewall angle: 0 radians, 4 vertices:
          (2.25998,0.25,0)
          (1.75998,0.25,0)
          (1.75998,-0.25,0)
          (2.25998,-0.25,0)
Geometric object tree has depth 2 and 21 object nodes (vs. 4 actual objects)
Initializing epsilon function...
Allocating fields...
Solving for band polarization: te.
Initializing fields to random numbers...
1 k-points
  Vector3<-0.09, 0.14, 0.0>
elapsed time for initialization: 0.015120744705200195
solve_kpoint (-0.09,0.14,0):
tefreqs:, k index, k1, k2, k3, kmag/2pi, te band 1, te band 2, te band 3, te band 4, te band 5, te band 6
Solving for bands 1 to 6...
    near maximum in trace
    iteration    1: trace = 1.785879405703068 (199.001% change)
    iteration    2: trace = 0.5084824941253527 (111.351% change)
    iteration    3: trace = 0.4354512700348558 (15.4738% change)
    iteration    4: trace = 0.4099279020502543 (6.03832% change)
    iteration    5: trace = 0.4016877216839574 (2.03056% change)
    iteration    6: trace = 0.3976269414568493 (1.01607% change)
    iteration    7: trace = 0.3960256995281272 (0.403512% change)
    iteration    8: trace = 0.3948045449335961 (0.308829% change)
    iteration    9: trace = 0.394305706170707 (0.126431% change)
    iteration   10: trace = 0.394124566094651 (0.0459495% change)
    iteration   11: trace = 0.3940851341536683 (0.0100054% change)
    iteration   12: trace = 0.3940732469175076 (0.00301646% change)
    iteration   13: trace = 0.3940679473492957 (0.00134483% change)
    iteration   14: trace = 0.3940651231338205 (0.000716685% change)
    iteration   15: trace = 0.3940638792859644 (0.000315646% change)
    iteration   16: trace = 0.3940635016850482 (9.58223e-05% change)
    iteration   17: trace = 0.3940634017965034 (2.53483e-05% change)
    iteration   18: trace = 0.3940633804257654 (5.42317e-06% change)
Finished solving for bands 1 to 6 after 18 iterations.
tefreqs:, 1, -0.09, 0.14, 0, 0.143178, 0.0644356, 0.148738, 0.171436, 0.300098, 0.321931, 0.380394
elapsed time for k point: 0.24242520332336426
total elapsed time for run: 0.25765061378479004
done
Initializing eigensolver data
Computing 6 bands with 1e-07 tolerance
Working in 2 dimensions.
Grid size is 144 x 48 x 1.
Solving for 6 bands at a time.
Creating Maxwell data...
Mesh size is 3.
Lattice vectors:
     (3, 0, 0)
     (0, 1, 0)
     (0, 0, 1)
Cell volume = 3
Reciprocal lattice vectors (/ 2 pi):
     (0.333333, -0, 0)
     (-0, 1, -0)
     (0, -0, 1)
Geometric objects:
     block, center = (0,0,0)
          size (1e+20,1e+20,1)
          axes (1,0,0), (0,1,0), (0,0,1)
     prism, center = (-0.00223607,-1.38778e-17,0.5)
          height 1, axis (0,0,1), sidewall angle: 0 radians, 4 vertices:
          (0.247764,0.25,0)
          (-0.252236,0.25,0)
          (-0.252236,-0.25,0)
          (0.247764,-0.25,0)
     prism, center = (0.997245,-1.38778e-17,0.5)
          height 1, axis (0,0,1), sidewall angle: 0 radians, 4 vertices:
          (1.24725,0.25,0)
          (0.747245,0.25,0)
          (0.747245,-0.25,0)
          (1.24725,-0.25,0)
     prism, center = (2.00499,-1.38778e-17,0.5)
          height 1, axis (0,0,1), sidewall angle: 0 radians, 4 vertices:
          (2.25499,0.25,0)
          (1.75499,0.25,0)
          (1.75499,-0.25,0)
          (2.25499,-0.25,0)
Geometric object tree has depth 2 and 21 object nodes (vs. 4 actual objects)
Initializing epsilon function...
Allocating fields...
Solving for band polarization: te.
Initializing fields to random numbers...
1 k-points
  Vector3<-0.09, 0.14, 0.0>
elapsed time for initialization: 0.007873773574829102
solve_kpoint (-0.09,0.14,0):
tefreqs:, k index, k1, k2, k3, kmag/2pi, te band 1, te band 2, te band 3, te band 4, te band 5, te band 6
Solving for bands 1 to 6...
    near maximum in trace
    iteration    1: trace = 1.979094110791844 (198.893% change)
    iteration    2: trace = 0.5512111576574129 (112.863% change)
    iteration    3: trace = 0.4631058584473558 (17.3723% change)
    iteration    4: trace = 0.4369834596912256 (5.8044% change)
    iteration    5: trace = 0.428702437128528 (1.91317% change)
    iteration    6: trace = 0.4222582676328668 (1.51456% change)
    iteration    7: trace = 0.4164862623675448 (1.37634% change)
    iteration    8: trace = 0.4075298470311048 (2.17384% change)
    iteration    9: trace = 0.4007877883917016 (1.66817% change)
    iteration   10: trace = 0.3968351639382294 (0.991101% change)
    iteration   11: trace = 0.3953532990648921 (0.374119% change)
    iteration   12: trace = 0.3945846674446351 (0.194606% change)
    iteration   13: trace = 0.3941918580806347 (0.0995997% change)
    iteration   14: trace = 0.3940185501919059 (0.043975% change)
    iteration   15: trace = 0.393968041499754 (0.0128197% change)
    iteration   16: trace = 0.3939546423232664 (0.00340114% change)
    iteration   17: trace = 0.3939517829277668 (0.000725821% change)
    iteration   18: trace = 0.3939509108983636 (0.000221355% change)
    iteration   19: trace = 0.3939505959361369 (7.99496e-05% change)
    iteration   20: trace = 0.3939504104194608 (4.70914e-05% change)
    iteration   21: trace = 0.3939503413722887 (1.75269e-05% change)
    iteration   22: trace = 0.3939503203925842 (5.32547e-06% change)
Finished solving for bands 1 to 6 after 22 iterations.
tefreqs:, 1, -0.09, 0.14, 0, 0.143178, 0.0644192, 0.148725, 0.171406, 0.30015, 0.32183, 0.380312
elapsed time for k point: 0.259096622467041
total elapsed time for run: 0.2670466899871826
done
Initializing eigensolver data
Computing 6 bands with 1e-07 tolerance
Working in 2 dimensions.
Grid size is 144 x 48 x 1.
Solving for 6 bands at a time.
Creating Maxwell data...
Mesh size is 3.
Lattice vectors:
     (3, 0, 0)
     (0, 1, 0)
     (0, 0, 1)
Cell volume = 3
Reciprocal lattice vectors (/ 2 pi):
     (0.333333, -0, 0)
     (-0, 1, -0)
     (0, -0, 1)
Geometric objects:
     block, center = (0,0,0)
          size (1e+20,1e+20,1)
          axes (1,0,0), (0,1,0), (0,0,1)
     prism, center = (-0.00111803,-1.38778e-17,0.5)
          height 1, axis (0,0,1), sidewall angle: 0 radians, 4 vertices:
          (0.248882,0.25,0)
          (-0.251118,0.25,0)
          (-0.251118,-0.25,0)
          (0.248882,-0.25,0)
     prism, center = (0.998623,-1.38778e-17,0.5)
          height 1, axis (0,0,1), sidewall angle: 0 radians, 4 vertices:
          (1.24862,0.25,0)
          (0.748623,0.25,0)
          (0.748623,-0.25,0)
          (1.24862,-0.25,0)
     prism, center = (2.0025,-1.38778e-17,0.5)
          height 1, axis (0,0,1), sidewall angle: 0 radians, 4 vertices:
          (2.2525,0.25,0)
          (1.7525,0.25,0)
          (1.7525,-0.25,0)
          (2.2525,-0.25,0)
Geometric object tree has depth 2 and 21 object nodes (vs. 4 actual objects)
Initializing epsilon function...
Allocating fields...
Solving for band polarization: te.
Initializing fields to random numbers...
1 k-points
  Vector3<-0.09, 0.14, 0.0>
elapsed time for initialization: 0.00691676139831543
solve_kpoint (-0.09,0.14,0):
tefreqs:, k index, k1, k2, k3, kmag/2pi, te band 1, te band 2, te band 3, te band 4, te band 5, te band 6
Solving for bands 1 to 6...
    near maximum in trace
    iteration    1: trace = 1.978559720539841 (198.893% change)
    iteration    2: trace = 0.5512166154256566 (112.843% change)
    iteration    3: trace = 0.4629397462556337 (17.4089% change)
    iteration    4: trace = 0.4368355423176459 (5.80238% change)
    iteration    5: trace = 0.4286028974512485 (1.90254% change)
    iteration    6: trace = 0.4221578256646704 (1.51513% change)
    iteration    7: trace = 0.4162380854534729 (1.41216% change)
    iteration    8: trace = 0.4071335930923994 (2.21151% change)
    iteration    9: trace = 0.4003791068493211 (1.67291% change)
    iteration   10: trace = 0.3965545482245714 (0.959819% change)
    iteration   11: trace = 0.3951678556827951 (0.350298% change)
    iteration   12: trace = 0.3944828812605373 (0.173488% change)
    iteration   13: trace = 0.3941361755813869 (0.0879273% change)
    iteration   14: trace = 0.3939823336373963 (0.0390403% change)
    iteration   15: trace = 0.3939362186296961 (0.0117055% change)
    iteration   16: trace = 0.3939239756358768 (0.00310791% change)
    iteration   17: trace = 0.3939212777903682 (0.000684867% change)
    iteration   18: trace = 0.3939204241930579 (0.000216693% change)
    iteration   19: trace = 0.3939200935069342 (8.39475e-05% change)
    iteration   20: trace = 0.3939199025610479 (4.84733e-05% change)
    iteration   21: trace = 0.3939198366489207 (1.67324e-05% change)
    iteration   22: trace = 0.3939198176214888 (4.83028e-06% change)
Finished solving for bands 1 to 6 after 22 iterations.
tefreqs:, 1, -0.09, 0.14, 0, 0.143178, 0.0644202, 0.148725, 0.171388, 0.300148, 0.321787, 0.380317
elapsed time for k point: 0.2178969383239746
total elapsed time for run: 0.22490143775939941
done
Initializing eigensolver data
Computing 6 bands with 1e-07 tolerance
Working in 2 dimensions.
Grid size is 144 x 48 x 1.
Solving for 6 bands at a time.
Creating Maxwell data...
Mesh size is 3.
Lattice vectors:
     (3, 0, 0)
     (0, 1, 0)
     (0, 0, 1)
Cell volume = 3
Reciprocal lattice vectors (/ 2 pi):
     (0.333333, -0, 0)
     (-0, 1, -0)
     (0, -0, 1)
Geometric objects:
     block, center = (0,0,0)
          size (1e+20,1e+20,1)
          axes (1,0,0), (0,1,0), (0,0,1)
     prism, center = (-0.000559017,-1.38778e-17,0.5)
          height 1, axis (0,0,1), sidewall angle: 0 radians, 4 vertices:
          (0.249441,0.25,0)
          (-0.250559,0.25,0)
          (-0.250559,-0.25,0)
          (0.249441,-0.25,0)
     prism, center = (0.999311,-1.38778e-17,0.5)
          height 1, axis (0,0,1), sidewall angle: 0 radians, 4 vertices:
          (1.24931,0.25,0)
          (0.749311,0.25,0)
          (0.749311,-0.25,0)
          (1.24931,-0.25,0)
     prism, center = (2.00125,-1.38778e-17,0.5)
          height 1, axis (0,0,1), sidewall angle: 0 radians, 4 vertices:
          (2.25125,0.25,0)
          (1.75125,0.25,0)
          (1.75125,-0.25,0)
          (2.25125,-0.25,0)
Geometric object tree has depth 2 and 21 object nodes (vs. 4 actual objects)
Initializing epsilon function...
Allocating fields...
Solving for band polarization: te.
Initializing fields to random numbers...
1 k-points
  Vector3<-0.09, 0.14, 0.0>
elapsed time for initialization: 0.013143777847290039
solve_kpoint (-0.09,0.14,0):
tefreqs:, k index, k1, k2, k3, kmag/2pi, te band 1, te band 2, te band 3, te band 4, te band 5, te band 6
Solving for bands 1 to 6...
    near maximum in trace
    iteration    1: trace = 1.978693476164548 (198.893% change)
    iteration    2: trace = 0.5513510868821659 (112.831% change)
    iteration    3: trace = 0.4630542489322809 (17.4086% change)
    iteration    4: trace = 0.4369273373717508 (5.8061% change)
    iteration    5: trace = 0.428717856393232 (1.89673% change)
    iteration    6: trace = 0.4222953456126186 (1.50938% change)
    iteration    7: trace = 0.4163372921689562 (1.4209% change)
    iteration    8: trace = 0.4071654934491809 (2.22751% change)
    iteration    9: trace = 0.4003882249262684 (1.67847% change)
    iteration   10: trace = 0.3965788141386572 (0.955977% change)
    iteration   11: trace = 0.3952200914171324 (0.343199% change)
    iteration   12: trace = 0.3945628195599385 (0.166444% change)
    iteration   13: trace = 0.3942332501736027 (0.0835626% change)
    iteration   14: trace = 0.39408509353937 (0.037588% change)
    iteration   15: trace = 0.3940400622855224 (0.0114274% change)
    iteration   16: trace = 0.3940279768151502 (0.00306711% change)
    iteration   17: trace = 0.3940252849436282 (0.00068317% change)
    iteration   18: trace = 0.3940244115890911 (0.00022165% change)
    iteration   19: trace = 0.39402406357943 (8.83219e-05% change)
    iteration   20: trace = 0.3940238644207437 (5.05448e-05% change)
    iteration   21: trace = 0.3940237981221363 (1.6826e-05% change)
    iteration   22: trace = 0.3940237792947651 (4.77823e-06% change)
Finished solving for bands 1 to 6 after 22 iterations.
tefreqs:, 1, -0.09, 0.14, 0, 0.143178, 0.0644278, 0.148732, 0.171406, 0.300187, 0.321836, 0.38037
elapsed time for k point: 0.4421975612640381
total elapsed time for run: 0.45541954040527344
done
Initializing eigensolver data
Computing 12 bands with 1e-07 tolerance
Working in 2 dimensions.
Grid size is 144 x 48 x 1.
Solving for 6 bands at a time.
Creating Maxwell data...
Mesh size is 3.
Lattice vectors:
     (3, 0, 0)
     (0, 1, 0)
     (0, 0, 1)
Cell volume = 3
Reciprocal lattice vectors (/ 2 pi):
     (0.333333, -0, 0)
     (-0, 1, -0)
     (0, -0, 1)
Geometric objects:
     block, center = (0,0,0)
          size (1e+20,1e+20,1)
          axes (1,0,0), (0,1,0), (0,0,1)
     prism, center = (-2.08167e-17,-1.38778e-17,0.5)
          height 1, axis (0,0,1), sidewall angle: 0 radians, 4 vertices:
          (0.25,0.25,0)
          (-0.25,0.25,0)
          (-0.25,-0.25,0)
          (0.25,-0.25,0)
     prism, center = (1,-1.38778e-17,0.5)
          height 1, axis (0,0,1), sidewall angle: 0 radians, 4 vertices:
          (1.25,0.25,0)
          (0.75,0.25,0)
          (0.75,-0.25,0)
          (1.25,-0.25,0)
     prism, center = (2,-1.38778e-17,0.5)
          height 1, axis (0,0,1), sidewall angle: 0 radians, 4 vertices:
          (2.25,0.25,0)
          (1.75,0.25,0)
          (1.75,-0.25,0)
          (2.25,-0.25,0)
Geometric object tree has depth 2 and 21 object nodes (vs. 4 actual objects)
Initializing epsilon function...
Allocating fields...
Solving for band polarization: te.
Initializing fields to random numbers...
1 k-points
  Vector3<-0.09, 0.14, 0.0>
elapsed time for initialization: 0.010276556015014648
solve_kpoint (-0.09,0.14,0):
tefreqs:, k index, k1, k2, k3, kmag/2pi, te band 1, te band 2, te band 3, te band 4, te band 5, te band 6, te band 7, te band 8, te band 9, te band 10, te band 11, te band 12
Solving for bands 1 to 6...
    near maximum in trace
    iteration    1: trace = 1.96919601543399 (198.905% change)
    iteration    2: trace = 0.5966204688671579 (106.989% change)
    iteration    3: trace = 0.4657261648413613 (24.6425% change)
    iteration    4: trace = 0.4330772237883679 (7.26498% change)
    iteration    5: trace = 0.4183817915802304 (3.45182% change)
    iteration    6: trace = 0.413170865193483 (1.2533% change)
    iteration    7: trace = 0.408575116693714 (1.11853% change)
    iteration    8: trace = 0.4016384717882642 (1.7123% change)
    iteration    9: trace = 0.3970203311084918 (1.15647% change)
    iteration   10: trace = 0.3953553999419929 (0.420238% change)
    iteration   11: trace = 0.3949329743016349 (0.106904% change)
    iteration   12: trace = 0.3947974895930526 (0.0343116% change)
    iteration   13: trace = 0.3947330999166642 (0.0163109% change)
    iteration   14: trace = 0.3947014705434596 (0.00801317% change)
    iteration   15: trace = 0.3946908371278409 (0.00269408% change)
    iteration   16: trace = 0.3946883270682274 (0.000635958% change)
    iteration   17: trace = 0.394687783359689 (0.000137757% change)
    iteration   18: trace = 0.3946876287485499 (3.9173e-05% change)
    iteration   19: trace = 0.3946875717150322 (1.44503e-05% change)
    iteration   20: trace = 0.3946875469825201 (6.26635e-06% change)
Finished solving for bands 1 to 6 after 20 iterations.
Solving for bands 7 to 12...
    near maximum in trace
    iteration    1: trace = 5.849916846680444 (196.746% change)
    iteration    2: trace = 1.605647830063895 (113.855% change)
    iteration    3: trace = 1.349534207519238 (17.3332% change)
    iteration    4: trace = 1.274519732259074 (5.71745% change)
    iteration    5: trace = 1.242648550632075 (2.5323% change)
    iteration    6: trace = 1.227021961020682 (1.26548% change)
    iteration    7: trace = 1.219777604251024 (0.59215% change)
    iteration    8: trace = 1.215019867470855 (0.390812% change)
    iteration    9: trace = 1.212501008524047 (0.207525% change)
    iteration   10: trace = 1.211119491833592 (0.114004% change)
    iteration   11: trace = 1.210586821851825 (0.0439913% change)
    iteration   12: trace = 1.210360084224677 (0.0187313% change)
    iteration   13: trace = 1.210246224325392 (0.00940755% change)
    iteration   14: trace = 1.210149075449786 (0.00802752% change)
    iteration   15: trace = 1.210086184819456 (0.00519707% change)
    iteration   16: trace = 1.210042505762904 (0.00360965% change)
    iteration   17: trace = 1.210008478442085 (0.00281212% change)
    iteration   18: trace = 1.209974285421979 (0.00282589% change)
    iteration   19: trace = 1.209950569910066 (0.00196002% change)
    iteration   20: trace = 1.209933802396056 (0.00138581% change)
    iteration   21: trace = 1.209926865366142 (0.000573341% change)
    iteration   22: trace = 1.209924265969648 (0.000214839% change)
    iteration   23: trace = 1.209923026142958 (0.000102471% change)
    iteration   24: trace = 1.209921830096915 (9.88531e-05% change)
    iteration   25: trace = 1.209921156040608 (5.57107e-05% change)
    iteration   26: trace = 1.209920870938421 (2.35637e-05% change)
    iteration   27: trace = 1.209920781047962 (7.42945e-06% change)
Finished solving for bands 7 to 12 after 27 iterations.
Finished k-point with 23.5 mean iterations/band.
tefreqs:, 1, -0.09, 0.14, 0, 0.143178, 0.0644999, 0.148794, 0.171459, 0.300369, 0.322026, 0.380877, 0.409653, 0.41649, 0.425655, 0.46693, 0.479437, 0.489465
elapsed time for k point: 0.5979995727539062
total elapsed time for run: 0.608356237411499
done
Initializing eigensolver data
Computing 6 bands with 1e-07 tolerance
Working in 2 dimensions.
Grid size is 144 x 48 x 1.
Solving for 6 bands at a time.
Creating Maxwell data...
Mesh size is 3.
Lattice vectors:
     (3, 0, 0)
     (0, 1, 0)
     (0, 0, 1)
Cell volume = 3
Reciprocal lattice vectors (/ 2 pi):
     (0.333333, -0, 0)
     (-0, 1, -0)
     (0, -0, 1)
Geometric objects:
     block, center = (0,0,0)
          size (1e+20,1e+20,1)
          axes (1,0,0), (0,1,0), (0,0,1)
     prism, center = (0.000559017,-1.38778e-17,0.5)
          height 1, axis (0,0,1), sidewall angle: 0 radians, 4 vertices:
          (0.250559,0.25,0)
          (-0.249441,0.25,0)
          (-0.249441,-0.25,0)
          (0.250559,-0.25,0)
     prism, center = (1.00069,-1.38778e-17,0.5)
          height 1, axis (0,0,1), sidewall angle: 0 radians, 4 vertices:
          (1.25069,0.25,0)
          (0.750689,0.25,0)
          (0.750689,-0.25,0)
          (1.25069,-0.25,0)
     prism, center = (1.99875,-1.38778e-17,0.5)
          height 1, axis (0,0,1), sidewall angle: 0 radians, 4 vertices:
          (2.24875,0.25,0)
          (1.74875,0.25,0)
          (1.74875,-0.25,0)
          (2.24875,-0.25,0)
Geometric object tree has depth 2 and 21 object nodes (vs. 4 actual objects)
Initializing epsilon function...
Allocating fields...
Solving for band polarization: te.
Initializing fields to random numbers...
1 k-points
  Vector3<-0.09, 0.14, 0.0>
elapsed time for initialization: 0.006956815719604492
solve_kpoint (-0.09,0.14,0):
tefreqs:, k index, k1, k2, k3, kmag/2pi, te band 1, te band 2, te band 3, te band 4, te band 5, te band 6
Solving for bands 1 to 6...
    near maximum in trace
    iteration    1: trace = 1.924457122867961 (198.91% change)
    iteration    2: trace = 0.585224063278494 (106.725% change)
    iteration    3: trace = 0.4599906937309614 (23.9632% change)
    iteration    4: trace = 0.4353620402712953 (5.50144% change)
    iteration    5: trace = 0.4231639955382302 (2.84162% change)
    iteration    6: trace = 0.4142717312009595 (2.12369% change)
    iteration    7: trace = 0.4054452250764587 (2.15355% change)
    iteration    8: trace = 0.398957788829544 (1.61298% change)
    iteration    9: trace = 0.395715869497562 (0.815912% change)
    iteration   10: trace = 0.3946816711516885 (0.261691% change)
    iteration   11: trace = 0.3943100145583631 (0.0942105% change)
    iteration   12: trace = 0.3941507798493751 (0.0403913% change)
    iteration   13: trace = 0.3940706490065181 (0.0203321% change)
    iteration   14: trace = 0.394040399147045 (0.00767655% change)
    iteration   15: trace = 0.3940301978161533 (0.00258894% change)
    iteration   16: trace = 0.3940276200636642 (0.000654204% change)
    iteration   17: trace = 0.3940268872985271 (0.000185968% change)
    iteration   18: trace = 0.394026662511099 (5.70488e-05% change)
    iteration   19: trace = 0.3940265584199811 (2.64173e-05% change)
    iteration   20: trace = 0.3940265143271328 (1.11903e-05% change)
    iteration   21: trace = 0.3940265006629936 (3.46782e-06% change)
Finished solving for bands 1 to 6 after 21 iterations.
tefreqs:, 1, -0.09, 0.14, 0, 0.143178, 0.0644279, 0.148732, 0.171407, 0.300187, 0.321837, 0.380372
elapsed time for k point: 0.20990681648254395
total elapsed time for run: 0.21692466735839844
done
Initializing eigensolver data
Computing 6 bands with 1e-07 tolerance
Working in 2 dimensions.
Grid size is 144 x 48 x 1.
Solving for 6 bands at a time.
Creating Maxwell data...
Mesh size is 3.
Lattice vectors:
     (3, 0, 0)
     (0, 1, 0)
     (0, 0, 1)
Cell volume = 3
Reciprocal lattice vectors (/ 2 pi):
     (0.333333, -0, 0)
     (-0, 1, -0)
     (0, -0, 1)
Geometric objects:
     block, center = (0,0,0)
          size (1e+20,1e+20,1)
          axes (1,0,0), (0,1,0), (0,0,1)
     prism, center = (0.00111803,-1.38778e-17,0.5)
          height 1, axis (0,0,1), sidewall angle: 0 radians, 4 vertices:
          (0.251118,0.25,0)
          (-0.248882,0.25,0)
          (-0.248882,-0.25,0)
          (0.251118,-0.25,0)
     prism, center = (1.00138,-1.38778e-17,0.5)
          height 1, axis (0,0,1), sidewall angle: 0 radians, 4 vertices:
          (1.25138,0.25,0)
          (0.751377,0.25,0)
          (0.751377,-0.25,0)
          (1.25138,-0.25,0)
     prism, center = (1.9975,-1.38778e-17,0.5)
          height 1, axis (0,0,1), sidewall angle: 0 radians, 4 vertices:
          (2.2475,0.25,0)
          (1.7475,0.25,0)
          (1.7475,-0.25,0)
          (2.2475,-0.25,0)
Geometric object tree has depth 2 and 21 object nodes (vs. 4 actual objects)
Initializing epsilon function...
Allocating fields...
Solving for band polarization: te.
Initializing fields to random numbers...
1 k-points
  Vector3<-0.09, 0.14, 0.0>
elapsed time for initialization: 0.00690150260925293
solve_kpoint (-0.09,0.14,0):
tefreqs:, k index, k1, k2, k3, kmag/2pi, te band 1, te band 2, te band 3, te band 4, te band 5, te band 6
Solving for bands 1 to 6...
    near maximum in trace
    iteration    1: trace = 1.924291439357908 (198.91% change)
    iteration    2: trace = 0.5853148136574521 (106.708% change)
    iteration    3: trace = 0.4600274641625463 (23.9706% change)
    iteration    4: trace = 0.4353366799686548 (5.51525% change)
    iteration    5: trace = 0.4230951637131795 (2.85206% change)
    iteration    6: trace = 0.4142039220198304 (2.12379% change)
    iteration    7: trace = 0.4053827208864642 (2.1526% change)
    iteration    8: trace = 0.3988733664959077 (1.61873% change)
    iteration    9: trace = 0.3956168426739241 (0.819777% change)
    iteration   10: trace = 0.3945780909688453 (0.26291% change)
    iteration   11: trace = 0.3942058074227856 (0.0943943% change)
    iteration   12: trace = 0.3940459124918035 (0.0405695% change)
    iteration   13: trace = 0.3939655458941017 (0.0203973% change)
    iteration   14: trace = 0.3939353274456434 (0.00767062% change)
    iteration   15: trace = 0.3939251442878501 (0.00258502% change)
    iteration   16: trace = 0.3939225546360217 (0.000657399% change)
    iteration   17: trace = 0.3939218142045406 (0.000187964% change)
    iteration   18: trace = 0.3939215852906781 (5.81115e-05% change)
    iteration   19: trace = 0.3939214790707772 (2.69647e-05% change)
    iteration   20: trace = 0.3939214341841233 (1.13948e-05% change)
    iteration   21: trace = 0.3939214202912404 (3.52682e-06% change)
Finished solving for bands 1 to 6 after 21 iterations.
tefreqs:, 1, -0.09, 0.14, 0, 0.143178, 0.0644202, 0.148725, 0.171388, 0.300146, 0.321791, 0.380318
elapsed time for k point: 0.3254225254058838
total elapsed time for run: 0.3323953151702881
done
Initializing eigensolver data
Computing 6 bands with 1e-07 tolerance
Working in 2 dimensions.
Grid size is 144 x 48 x 1.
Solving for 6 bands at a time.
Creating Maxwell data...
Mesh size is 3.
Lattice vectors:
     (3, 0, 0)
     (0, 1, 0)
     (0, 0, 1)
Cell volume = 3
Reciprocal lattice vectors (/ 2 pi):
     (0.333333, -0, 0)
     (-0, 1, -0)
     (0, -0, 1)
Geometric objects:
     block, center = (0,0,0)
          size (1e+20,1e+20,1)
          axes (1,0,0), (0,1,0), (0,0,1)
     prism, center = (0.00223607,-1.38778e-17,0.5)
          height 1, axis (0,0,1), sidewall angle: 0 radians, 4 vertices:
          (0.252236,0.25,0)
          (-0.247764,0.25,0)
          (-0.247764,-0.25,0)
          (0.252236,-0.25,0)
     prism, center = (1.00275,-1.38778e-17,0.5)
          height 1, axis (0,0,1), sidewall angle: 0 radians, 4 vertices:
          (1.25275,0.25,0)
          (0.752755,0.25,0)
          (0.752755,-0.25,0)
          (1.25275,-0.25,0)
     prism, center = (1.99501,-1.38778e-17,0.5)
          height 1, axis (0,0,1), sidewall angle: 0 radians, 4 vertices:
          (2.24501,0.25,0)
          (1.74501,0.25,0)
          (1.74501,-0.25,0)
          (2.24501,-0.25,0)
Geometric object tree has depth 2 and 21 object nodes (vs. 4 actual objects)
Initializing epsilon function...
Allocating fields...
Solving for band polarization: te.
Initializing fields to random numbers...
1 k-points
  Vector3<-0.09, 0.14, 0.0>
elapsed time for initialization: 0.00685882568359375
solve_kpoint (-0.09,0.14,0):
tefreqs:, k index, k1, k2, k3, kmag/2pi, te band 1, te band 2, te band 3, te band 4, te band 5, te band 6
Solving for bands 1 to 6...
    near maximum in trace
    iteration    1: trace = 1.75627840896246 (199.01% change)
    iteration    2: trace = 0.5058912413536465 (110.548% change)
    iteration    3: trace = 0.4401443079561906 (13.8995% change)
    iteration    4: trace = 0.418468969661606 (5.04892% change)
    iteration    5: trace = 0.4108890617915711 (1.8279% change)
    iteration    6: trace = 0.4039744368191253 (1.69712% change)
    iteration    7: trace = 0.3986899090674484 (1.31675% change)
    iteration    8: trace = 0.3950755332131043 (0.910691% change)
    iteration    9: trace = 0.3942641739666707 (0.205579% change)
    iteration   10: trace = 0.3940396623042206 (0.0569607% change)
    iteration   11: trace = 0.3939951101115862 (0.0113072% change)
    iteration   12: trace = 0.393971506530148 (0.00599101% change)
    iteration   13: trace = 0.3939583607692475 (0.00333678% change)
    iteration   14: trace = 0.3939520565397764 (0.00160024% change)
    iteration   15: trace = 0.3939507022142792 (0.00034378% change)
    iteration   16: trace = 0.3939503730144167 (8.35638e-05% change)
    iteration   17: trace = 0.3939502996785746 (1.86155e-05% change)
    iteration   18: trace = 0.393950273060078 (6.75682e-06% change)
Finished solving for bands 1 to 6 after 18 iterations.
tefreqs:, 1, -0.09, 0.14, 0, 0.143178, 0.0644191, 0.148725, 0.171406, 0.300147, 0.321835, 0.380309
elapsed time for k point: 0.2748849391937256
total elapsed time for run: 0.2831141948699951
done
Initializing eigensolver data
Computing 6 bands with 1e-07 tolerance
Working in 2 dimensions.
Grid size is 144 x 48 x 1.
Solving for 6 bands at a time.
Creating Maxwell data...
Mesh size is 3.
Lattice vectors:
     (3, 0, 0)
     (0, 1, 0)
     (0, 0, 1)
Cell volume = 3
Reciprocal lattice vectors (/ 2 pi):
     (0.333333, -0, 0)
     (-0, 1, -0)
     (0, -0, 1)
Geometric objects:
     block, center = (0,0,0)
          size (1e+20,1e+20,1)
          axes (1,0,0), (0,1,0), (0,0,1)
     prism, center = (0.00447214,-1.38778e-17,0.5)
          height 1, axis (0,0,1), sidewall angle: 0 radians, 4 vertices:
          (0.254472,0.25,0)
          (-0.245528,0.25,0)
          (-0.245528,-0.25,0)
          (0.254472,-0.25,0)
     prism, center = (1.00551,-1.38778e-17,0.5)
          height 1, axis (0,0,1), sidewall angle: 0 radians, 4 vertices:
          (1.25551,0.25,0)
          (0.75551,0.25,0)
          (0.75551,-0.25,0)
          (1.25551,-0.25,0)
     prism, center = (1.99002,-1.38778e-17,0.5)
          height 1, axis (0,0,1), sidewall angle: 0 radians, 4 vertices:
          (2.24002,0.25,0)
          (1.74002,0.25,0)
          (1.74002,-0.25,0)
          (2.24002,-0.25,0)
Geometric object tree has depth 2 and 21 object nodes (vs. 4 actual objects)
Initializing epsilon function...
Allocating fields...
Solving for band polarization: te.
Initializing fields to random numbers...
1 k-points
  Vector3<-0.09, 0.14, 0.0>
elapsed time for initialization: 0.007815361022949219
solve_kpoint (-0.09,0.14,0):
tefreqs:, k index, k1, k2, k3, kmag/2pi, te band 1, te band 2, te band 3, te band 4, te band 5, te band 6
Solving for bands 1 to 6...
    near maximum in trace
    iteration    1: trace = 1.760080231142699 (199.012% change)
    iteration    2: trace = 0.508060340653342 (110.401% change)
    iteration    3: trace = 0.442087679271278 (13.8868% change)
    iteration    4: trace = 0.419693577323746 (5.19717% change)
    iteration    5: trace = 0.4114178780639185 (1.99148% change)
    iteration    6: trace = 0.4047803939267777 (1.62644% change)
    iteration    7: trace = 0.3995919406644633 (1.29006% change)
    iteration    8: trace = 0.3956017306912997 (1.00358% change)
    iteration    9: trace = 0.3944684744248878 (0.286875% change)
    iteration   10: trace = 0.394171099195289 (0.0754147% change)
    iteration   11: trace = 0.3941014289966759 (0.0176767% change)
    iteration   12: trace = 0.3940818300604386 (0.00497319% change)
    iteration   13: trace = 0.3940696023903648 (0.00310287% change)
    iteration   14: trace = 0.3940632131655016 (0.00162136% change)
    iteration   15: trace = 0.394060753639119 (0.000624147% change)
    iteration   16: trace = 0.3940602001463033 (0.000140459% change)
    iteration   17: trace = 0.3940600261730486 (4.41489e-05% change)
    iteration   18: trace = 0.3940599689468973 (1.45222e-05% change)
    iteration   19: trace = 0.3940599375481634 (7.96801e-06% change)
Finished solving for bands 1 to 6 after 19 iterations.
tefreqs:, 1, -0.09, 0.14, 0, 0.143178, 0.0644355, 0.148738, 0.171436, 0.300093, 0.321939, 0.380386
elapsed time for k point: 0.2578139305114746
total elapsed time for run: 0.2656984329223633
done
Initializing eigensolver data
Computing 12 bands with 1e-07 tolerance
Working in 2 dimensions.
Grid size is 144 x 48 x 1.
Solving for 6 bands at a time.
Creating Maxwell data...
Mesh size is 3.
Lattice vectors:
     (3, 0, 0)
     (0, 1, 0)
     (0, 0, 1)
Cell volume = 3
Reciprocal lattice vectors (/ 2 pi):
     (0.333333, -0, 0)
     (-0, 1, -0)
     (0, -0, 1)
Geometric objects:
     block, center = (0,0,0)
          size (1e+20,1e+20,1)
          axes (1,0,0), (0,1,0), (0,0,1)
     prism, center = (-2.08167e-17,-1.38778e-17,0.5)
          height 1, axis (0,0,1), sidewall angle: 0 radians, 4 vertices:
          (0.25,0.25,0)
          (-0.25,0.25,0)
          (-0.25,-0.25,0)
          (0.25,-0.25,0)
     prism, center = (1,-1.38778e-17,0.5)
          height 1, axis (0,0,1), sidewall angle: 0 radians, 4 vertices:
          (1.25,0.25,0)
          (0.75,0.25,0)
          (0.75,-0.25,0)
          (1.25,-0.25,0)
     prism, center = (2,-1.38778e-17,0.5)
          height 1, axis (0,0,1), sidewall angle: 0 radians, 4 vertices:
          (2.25,0.25,0)
          (1.75,0.25,0)
          (1.75,-0.25,0)
          (2.25,-0.25,0)
Geometric object tree has depth 2 and 21 object nodes (vs. 4 actual objects)
Initializing epsilon function...
Allocating fields...
Solving for band polarization: te.
Initializing fields to random numbers...
1 k-points
  Vector3<-0.09, 0.14, 0.0>
elapsed time for initialization: 0.010139226913452148
solve_kpoint (-0.09,0.14,0):
tefreqs:, k index, k1, k2, k3, kmag/2pi, te band 1, te band 2, te band 3, te band 4, te band 5, te band 6, te band 7, te band 8, te band 9, te band 10, te band 11, te band 12
Solving for bands 1 to 6...
    near maximum in trace
    iteration    1: trace = 1.474595019328055 (199.174% change)
    iteration    2: trace = 0.4550166343613786 (105.677% change)
    iteration    3: trace = 0.4118754448996854 (9.95307% change)
    iteration    4: trace = 0.3994520012028974 (3.0625% change)
    iteration    5: trace = 0.3968020404320934 (0.665607% change)
    iteration    6: trace = 0.3955669011907098 (0.311759% change)
    iteration    7: trace = 0.3951068611723955 (0.116367% change)
    iteration    8: trace = 0.3947852233343505 (0.0814384% change)
    iteration    9: trace = 0.394715394235861 (0.0176894% change)
    iteration   10: trace = 0.3946943478209958 (0.00533219% change)
    iteration   11: trace = 0.394690549462302 (0.000962359% change)
    iteration   12: trace = 0.3946889115599849 (0.000414985% change)
    iteration   13: trace = 0.3946881209030146 (0.000200324% change)
    iteration   14: trace = 0.3946876914328626 (0.000108813% change)
    iteration   15: trace = 0.3946875785636487 (2.85971e-05% change)
    iteration   16: trace = 0.3946875480598986 (7.72858e-06% change)
Finished solving for bands 1 to 6 after 16 iterations.
Solving for bands 7 to 12...
    near maximum in trace
    iteration    1: trace = 5.107796810712784 (197.15% change)
    iteration    2: trace = 1.586168178115919 (105.218% change)
    iteration    3: trace = 1.325980678125656 (17.8691% change)
    iteration    4: trace = 1.251237409299243 (5.80031% change)
    iteration    5: trace = 1.231688125199953 (1.5747% change)
    iteration    6: trace = 1.226087823736546 (0.455721% change)
    iteration    7: trace = 1.223531225404936 (0.208734% change)
    iteration    8: trace = 1.220374408684971 (0.258342% change)
    iteration    9: trace = 1.217102602974431 (0.268458% change)
    iteration   10: trace = 1.214476939455337 (0.215964% change)
    iteration   11: trace = 1.213148408233194 (0.109451% change)
    iteration   12: trace = 1.212458554806702 (0.0568809% change)
    iteration   13: trace = 1.212042417891809 (0.0343276% change)
    iteration   14: trace = 1.211587652719259 (0.0375276% change)
    iteration   15: trace = 1.211207697048493 (0.0313651% change)
    iteration   16: trace = 1.210865456216597 (0.0282602% change)
    iteration   17: trace = 1.210589053449887 (0.0228295% change)
    iteration   18: trace = 1.210293864627895 (0.0243869% change)
    iteration   19: trace = 1.210095700764708 (0.0163745% change)
    iteration   20: trace = 1.2099879245639 (0.00890682% change)
    iteration   21: trace = 1.209951227158227 (0.00303292% change)
    iteration   22: trace = 1.209935110171324 (0.00133204% change)
    iteration   23: trace = 1.209927818746212 (0.000602631% change)
    iteration   24: trace = 1.20992373699865 (0.000337355% change)
    iteration   25: trace = 1.209922017672074 (0.000142102% change)
    iteration   26: trace = 1.209921274074417 (6.14583e-05% change)
    iteration   27: trace = 1.209921048565792 (1.86383e-05% change)
    iteration   28: trace = 1.209920937512847 (9.17853e-06% change)
Finished solving for bands 7 to 12 after 28 iterations.
Finished k-point with 22 mean iterations/band.
tefreqs:, 1, -0.09, 0.14, 0, 0.143178, 0.0644998, 0.148794, 0.171459, 0.300369, 0.322026, 0.380877, 0.409653, 0.41649, 0.425655, 0.46693, 0.479437, 0.489465
elapsed time for k point: 0.5344853401184082
total elapsed time for run: 0.5446949005126953
done
Initializing eigensolver data
Computing 12 bands with 1e-07 tolerance
Working in 2 dimensions.
Grid size is 144 x 48 x 1.
Solving for 6 bands at a time.
Creating Maxwell data...
Mesh size is 3.
Lattice vectors:
     (3, 0, 0)
     (0, 1, 0)
     (0, 0, 1)
Cell volume = 3
Reciprocal lattice vectors (/ 2 pi):
     (0.333333, -0, 0)
     (-0, 1, -0)
     (0, -0, 1)
Geometric objects:
     block, center = (0,0,0)
          size (1e+20,1e+20,1)
          axes (1,0,0), (0,1,0), (0,0,1)
     prism, center = (-2.08167e-17,-1.38778e-17,0.5)
          height 1, axis (0,0,1), sidewall angle: 0 radians, 4 vertices:
          (0.25,0.25,0)
          (-0.25,0.25,0)
          (-0.25,-0.25,0)
          (0.25,-0.25,0)
     prism, center = (1,-1.38778e-17,0.5)
          height 1, axis (0,0,1), sidewall angle: 0 radians, 4 vertices:
          (1.25,0.25,0)
          (0.75,0.25,0)
          (0.75,-0.25,0)
          (1.25,-0.25,0)
     prism, center = (2,-1.38778e-17,0.5)
          height 1, axis (0,0,1), sidewall angle: 0 radians, 4 vertices:
          (2.25,0.25,0)
          (1.75,0.25,0)
          (1.75,-0.25,0)
          (2.25,-0.25,0)
Geometric object tree has depth 2 and 21 object nodes (vs. 4 actual objects)
Initializing epsilon function...
Allocating fields...
Solving for band polarization: te.
Initializing fields to random numbers...
1 k-points
  Vector3<-0.09, 0.14, 0.0>
elapsed time for initialization: 0.010006904602050781
solve_kpoint (-0.09,0.14,0):
tefreqs:, k index, k1, k2, k3, kmag/2pi, te band 1, te band 2, te band 3, te band 4, te band 5, te band 6, te band 7, te band 8, te band 9, te band 10, te band 11, te band 12
Solving for bands 1 to 6...
    near maximum in trace
    iteration    1: trace = 1.649940131536796 (199.086% change)
    iteration    2: trace = 0.5351630609506077 (102.034% change)
    iteration    3: trace = 0.4646279003771164 (14.11% change)
    iteration    4: trace = 0.4363929730434757 (6.26732% change)
    iteration    5: trace = 0.4287770103659803 (1.76057% change)
    iteration    6: trace = 0.424326735137448 (1.04331% change)
    iteration    7: trace = 0.4215116942126231 (0.665621% change)
    large trace change predicted (1.9507%)
    iteration    8: trace = 0.4140932403863923 (1.77559% change)
    iteration    9: trace = 0.4054621334445703 (2.10629% change)
    iteration   10: trace = 0.3997592948377787 (1.41646% change)
    iteration   11: trace = 0.3969214878239987 (0.712408% change)
    iteration   12: trace = 0.3957175319067163 (0.303784% change)
    iteration   13: trace = 0.3951034740030144 (0.155296% change)
    iteration   14: trace = 0.3948302620920852 (0.0691734% change)
    iteration   15: trace = 0.3947331594960311 (0.0245965% change)
    iteration   16: trace = 0.3947012114539558 (0.00809391% change)
    iteration   17: trace = 0.3946924597979861 (0.00221731% change)
    iteration   18: trace = 0.3946897293005994 (0.000691806% change)
    iteration   19: trace = 0.3946884849307032 (0.000315278% change)
    iteration   20: trace = 0.394687805758804 (0.000172078% change)
    iteration   21: trace = 0.3946875994827697 (5.22631e-05% change)
    iteration   22: trace = 0.3946875466365744 (1.33894e-05% change)
    iteration   23: trace = 0.3946875379677049 (2.19639e-06% change)
Finished solving for bands 1 to 6 after 23 iterations.
Solving for bands 7 to 12...
    near maximum in trace
    iteration    1: trace = 5.557688374289796 (196.899% change)
    iteration    2: trace = 1.688573843511868 (106.789% change)
    iteration    3: trace = 1.384988413502629 (19.7546% change)
    iteration    4: trace = 1.285837151338956 (7.42477% change)
    iteration    5: trace = 1.251627191928483 (2.69639% change)
    iteration    6: trace = 1.238838209272753 (1.02704% change)
    iteration    7: trace = 1.232805330771252 (0.488167% change)
    iteration    8: trace = 1.226944604246965 (0.47653% change)
    iteration    9: trace = 1.221940177975392 (0.408711% change)
    iteration   10: trace = 1.218063346038975 (0.317773% change)
    iteration   11: trace = 1.215549103247643 (0.206626% change)
    iteration   12: trace = 1.213931418634087 (0.133171% change)
    iteration   13: trace = 1.212889818415509 (0.0858407% change)
    iteration   14: trace = 1.212027392971333 (0.0711303% change)
    iteration   15: trace = 1.211476589739954 (0.0454551% change)
    iteration   16: trace = 1.21110762188375 (0.0304607% change)
    iteration   17: trace = 1.210827614382681 (0.0231226% change)
    iteration   18: trace = 1.210549295715665 (0.0229885% change)
    iteration   19: trace = 1.210332122023002 (0.0179417% change)
    iteration   20: trace = 1.210170413069557 (0.0133616% change)
    iteration   21: trace = 1.210076049960894 (0.00779781% change)
    iteration   22: trace = 1.21001088206929 (0.00538558% change)
    iteration   23: trace = 1.209966840473166 (0.00363983% change)
    iteration   24: trace = 1.209938491144643 (0.00234301% change)
    iteration   25: trace = 1.209927693910262 (0.000892383% change)
    iteration   26: trace = 1.209923662668879 (0.000333181% change)
    iteration   27: trace = 1.209922360816791 (0.000107598% change)
    iteration   28: trace = 1.20992174173993 (5.11667e-05% change)
    iteration   29: trace = 1.209921376071371 (3.02225e-05% change)
    iteration   30: trace = 1.209921076375081 (2.47699e-05% change)
    iteration   31: trace = 1.209920896901414 (1.48335e-05% change)
    iteration   32: trace = 1.209920805767152 (7.53225e-06% change)
Finished solving for bands 7 to 12 after 32 iterations.
Finished k-point with 27.5 mean iterations/band.
tefreqs:, 1, -0.09, 0.14, 0, 0.143178, 0.0644998, 0.148794, 0.171459, 0.300369, 0.322026, 0.380877, 0.409653, 0.41649, 0.425655, 0.46693, 0.479437, 0.489465
elapsed time for k point: 0.602860689163208
total elapsed time for run: 0.6129357814788818
done
Initializing eigensolver data
Computing 6 bands with 1e-07 tolerance
Working in 2 dimensions.
Grid size is 144 x 48 x 1.
Solving for 6 bands at a time.
Creating Maxwell data...
Mesh size is 3.
Lattice vectors:
     (3, 0, 0)
     (0, 1, 0)
     (0, 0, 1)
Cell volume = 3
Reciprocal lattice vectors (/ 2 pi):
     (0.333333, -0, 0)
     (-0, 1, -0)
     (0, -0, 1)
Geometric objects:
     block, center = (0,0,0)
          size (1e+20,1e+20,1)
          axes (1,0,0), (0,1,0), (0,0,1)
     prism, center = (0.00223607,-1.38778e-17,0.5)
          height 1, axis (0,0,1), sidewall angle: 0 radians, 4 vertices:
          (0.252236,0.25,0)
          (-0.247764,0.25,0)
          (-0.247764,-0.25,0)
          (0.252236,-0.25,0)
     prism, center = (1.00275,-1.38778e-17,0.5)
          height 1, axis (0,0,1), sidewall angle: 0 radians, 4 vertices:
          (1.25275,0.25,0)
          (0.752755,0.25,0)
          (0.752755,-0.25,0)
          (1.25275,-0.25,0)
     prism, center = (1.99501,-1.38778e-17,0.5)
          height 1, axis (0,0,1), sidewall angle: 0 radians, 4 vertices:
          (2.24501,0.25,0)
          (1.74501,0.25,0)
          (1.74501,-0.25,0)
          (2.24501,-0.25,0)
Geometric object tree has depth 2 and 21 object nodes (vs. 4 actual objects)
Initializing epsilon function...
Allocating fields...
Solving for band polarization: te.
Initializing fields to random numbers...
1 k-points
  Vector3<-0.09, 0.14, 0.0>
elapsed time for initialization: 0.007171154022216797
solve_kpoint (-0.09,0.14,0):
tefreqs:, k index, k1, k2, k3, kmag/2pi, te band 1, te band 2, te band 3, te band 4, te band 5, te band 6
Solving for bands 1 to 6...
    near maximum in trace
    iteration    1: trace = 1.856929070137911 (198.967% change)
    iteration    2: trace = 0.493936840265289 (115.957% change)
    iteration    3: trace = 0.4356651756764036 (12.5369% change)
    iteration    4: trace = 0.4171109708682298 (4.35148% change)
    iteration    5: trace = 0.4108852433644624 (1.50381% change)
    iteration    6: trace = 0.404995745008535 (1.44372% change)
    iteration    7: trace = 0.4000458566733199 (1.22972% change)
    iteration    8: trace = 0.3959092317491471 (1.03941% change)
    iteration    9: trace = 0.3946268868338917 (0.324424% change)
    iteration   10: trace = 0.3941989944074875 (0.108488% change)
    iteration   11: trace = 0.3940630088571168 (0.0345026% change)
    iteration   12: trace = 0.3939842519812071 (0.0199879% change)
    iteration   13: trace = 0.3939588315223049 (0.00645236% change)
    iteration   14: trace = 0.3939520983824504 (0.00170911% change)
    iteration   15: trace = 0.3939507769404897 (0.000335433% change)
    iteration   16: trace = 0.3939504213233032 (9.02695e-05% change)
    iteration   17: trace = 0.3939503215574487 (2.53245e-05% change)
    iteration   18: trace = 0.3939502826527356 (9.87554e-06% change)
Finished solving for bands 1 to 6 after 18 iterations.
tefreqs:, 1, -0.09, 0.14, 0, 0.143178, 0.0644191, 0.148725, 0.171406, 0.300147, 0.321835, 0.380309
elapsed time for k point: 0.18522381782531738
total elapsed time for run: 0.1924424171447754
done
Initializing eigensolver data
Computing 6 bands with 1e-07 tolerance
Working in 2 dimensions.
Grid size is 144 x 48 x 1.
Solving for 6 bands at a time.
Creating Maxwell data...
Mesh size is 3.
Lattice vectors:
     (3, 0, 0)
     (0, 1, 0)
     (0, 0, 1)
Cell volume = 3
Reciprocal lattice vectors (/ 2 pi):
     (0.333333, -0, 0)
     (-0, 1, -0)
     (0, -0, 1)
Geometric objects:
     block, center = (0,0,0)
          size (1e+20,1e+20,1)
          axes (1,0,0), (0,1,0), (0,0,1)
     prism, center = (0.00223607,-1.38778e-17,0.5)
          height 1, axis (0,0,1), sidewall angle: 0 radians, 4 vertices:
          (0.252236,0.25,0)
          (-0.247764,0.25,0)
          (-0.247764,-0.25,0)
          (0.252236,-0.25,0)
     prism, center = (1.00275,-1.38778e-17,0.5)
          height 1, axis (0,0,1), sidewall angle: 0 radians, 4 vertices:
          (1.25275,0.25,0)
          (0.752755,0.25,0)
          (0.752755,-0.25,0)
          (1.25275,-0.25,0)
     prism, center = (1.99501,-1.38778e-17,0.5)
          height 1, axis (0,0,1), sidewall angle: 0 radians, 4 vertices:
          (2.24501,0.25,0)
          (1.74501,0.25,0)
          (1.74501,-0.25,0)
          (2.24501,-0.25,0)
Geometric object tree has depth 2 and 21 object nodes (vs. 4 actual objects)
Initializing epsilon function...
Allocating fields...
Solving for band polarization: te.
Initializing fields to random numbers...
1 k-points
  Vector3<-0.09, 0.14, 0.0>
elapsed time for initialization: 0.006848573684692383
solve_kpoint (-0.09,0.14,0):
tefreqs:, k index, k1, k2, k3, kmag/2pi, te band 1, te band 2, te band 3, te band 4, te band 5, te band 6
Solving for bands 1 to 6...
    near maximum in trace
    iteration    1: trace = 1.856929070137911 (198.967% change)
    iteration    2: trace = 0.493936840265289 (115.957% change)
    iteration    3: trace = 0.4356651756764036 (12.5369% change)
    iteration    4: trace = 0.4171109708682298 (4.35148% change)
    iteration    5: trace = 0.4108852433644624 (1.50381% change)
    iteration    6: trace = 0.404995745008535 (1.44372% change)
    iteration    7: trace = 0.4000458566733199 (1.22972% change)
    iteration    8: trace = 0.3959092317491471 (1.03941% change)
    iteration    9: trace = 0.3946268868338917 (0.324424% change)
    iteration   10: trace = 0.3941989944074875 (0.108488% change)
    iteration   11: trace = 0.3940630088571168 (0.0345026% change)
    iteration   12: trace = 0.3939842519812071 (0.0199879% change)
    iteration   13: trace = 0.3939588315223049 (0.00645236% change)
    iteration   14: trace = 0.3939520983824504 (0.00170911% change)
    iteration   15: trace = 0.3939507769404897 (0.000335433% change)
    iteration   16: trace = 0.3939504213233032 (9.02695e-05% change)
    iteration   17: trace = 0.3939503215574487 (2.53245e-05% change)
    iteration   18: trace = 0.3939502826527356 (9.87554e-06% change)
Finished solving for bands 1 to 6 after 18 iterations.
tefreqs:, 1, -0.09, 0.14, 0, 0.143178, 0.0644191, 0.148725, 0.171406, 0.300147, 0.321835, 0.380309
elapsed time for k point: 0.181840181350708
total elapsed time for run: 0.1887340545654297
done
Initializing eigensolver data
Computing 6 bands with 1e-07 tolerance
Working in 2 dimensions.
Grid size is 144 x 48 x 1.
Solving for 6 bands at a time.
Creating Maxwell data...
Mesh size is 3.
Lattice vectors:
     (3, 0, 0)
     (0, 1, 0)
     (0, 0, 1)
Cell volume = 3
Reciprocal lattice vectors (/ 2 pi):
     (0.333333, -0, 0)
     (-0, 1, -0)
     (0, -0, 1)
Geometric objects:
     block, center = (0,0,0)
          size (1e+20,1e+20,1)
          axes (1,0,0), (0,1,0), (0,0,1)
     prism, center = (0.005,-1.38778e-17,0.5)
          height 1, axis (0,0,1), sidewall angle: 0 radians, 4 vertices:
          (0.255,0.25,0)
          (-0.245,0.25,0)
          (-0.245,-0.25,0)
          (0.255,-0.25,0)
     prism, center = (1.005,-1.38778e-17,0.5)
          height 1, axis (0,0,1), sidewall angle: 0 radians, 4 vertices:
          (1.255,0.25,0)
          (0.755,0.25,0)
          (0.755,-0.25,0)
          (1.255,-0.25,0)
     prism, center = (2.005,-1.38778e-17,0.5)
          height 1, axis (0,0,1), sidewall angle: 0 radians, 4 vertices:
          (2.255,0.25,0)
          (1.755,0.25,0)
          (1.755,-0.25,0)
          (2.255,-0.25,0)
Geometric object tree has depth 2 and 21 object nodes (vs. 4 actual objects)
Initializing epsilon function...
Allocating fields...
Solving for band polarization: te.
Initializing fields to random numbers...
1 k-points
  Vector3<-0.09, 0.14, 0.0>
elapsed time for initialization: 0.006898164749145508
solve_kpoint (-0.09,0.14,0):
tefreqs:, k index, k1, k2, k3, kmag/2pi, te band 1, te band 2, te band 3, te band 4, te band 5, te band 6
Solving for bands 1 to 6...
    near maximum in trace
    iteration    1: trace = 1.85809355871336 (198.968% change)
    iteration    2: trace = 0.494795063863951 (115.883% change)
    iteration    3: trace = 0.4363356645154246 (12.5566% change)
    iteration    4: trace = 0.4177805555590611 (4.34487% change)
    iteration    5: trace = 0.4115926591048275 (1.49219% change)
    iteration    6: trace = 0.4057510364546893 (1.42942% change)
    iteration    7: trace = 0.4007625210177942 (1.23706% change)
    iteration    8: trace = 0.3962442923404537 (1.1338% change)
    iteration    9: trace = 0.3948654991098635 (0.348572% change)
    iteration   10: trace = 0.3943768816271281 (0.123819% change)
    iteration   11: trace = 0.3942360655050146 (0.0357124% change)
    iteration   12: trace = 0.3941502145831817 (0.0217789% change)
    iteration   13: trace = 0.3941230390442088 (0.00689495% change)
    iteration   14: trace = 0.3941150642074164 (0.00202346% change)
    iteration   15: trace = 0.3941135245829508 (0.000390654% change)
    iteration   16: trace = 0.394113098068296 (0.000108221% change)
    iteration   17: trace = 0.3941129877607489 (2.79888e-05% change)
    iteration   18: trace = 0.3941129456163557 (1.06935e-05% change)
    iteration   19: trace = 0.3941129285533085 (4.32948e-06% change)
Finished solving for bands 1 to 6 after 19 iterations.
tefreqs:, 1, -0.09, 0.14, 0, 0.143178, 0.0644425, 0.148734, 0.171405, 0.300199, 0.321846, 0.380467
elapsed time for k point: 0.18335270881652832
total elapsed time for run: 0.19030165672302246
done
Initializing eigensolver data
Computing 6 bands with 1e-07 tolerance
Working in 2 dimensions.
Grid size is 144 x 48 x 1.
Solving for 6 bands at a time.
Creating Maxwell data...
Mesh size is 3.
Lattice vectors:
     (3, 0, 0)
     (0, 1, 0)
     (0, 0, 1)
Cell volume = 3
Reciprocal lattice vectors (/ 2 pi):
     (0.333333, -0, 0)
     (-0, 1, -0)
     (0, -0, 1)
Geometric objects:
     block, center = (0,0,0)
          size (1e+20,1e+20,1)
          axes (1,0,0), (0,1,0), (0,0,1)
     prism, center = (-0.005,-1.38778e-17,0.5)
          height 1, axis (0,0,1), sidewall angle: 0 radians, 4 vertices:
          (0.245,0.25,0)
          (-0.255,0.25,0)
          (-0.255,-0.25,0)
          (0.245,-0.25,0)
     prism, center = (0.995,-1.38778e-17,0.5)
          height 1, axis (0,0,1), sidewall angle: 0 radians, 4 vertices:
          (1.245,0.25,0)
          (0.745,0.25,0)
          (0.745,-0.25,0)
          (1.245,-0.25,0)
     prism, center = (1.995,-1.38778e-17,0.5)
          height 1, axis (0,0,1), sidewall angle: 0 radians, 4 vertices:
          (2.245,0.25,0)
          (1.745,0.25,0)
          (1.745,-0.25,0)
          (2.245,-0.25,0)
Geometric object tree has depth 2 and 21 object nodes (vs. 4 actual objects)
Initializing epsilon function...
Allocating fields...
Solving for band polarization: te.
Initializing fields to random numbers...
1 k-points
  Vector3<-0.09, 0.14, 0.0>
elapsed time for initialization: 0.006890535354614258
solve_kpoint (-0.09,0.14,0):
tefreqs:, k index, k1, k2, k3, kmag/2pi, te band 1, te band 2, te band 3, te band 4, te band 5, te band 6
Solving for bands 1 to 6...
    near maximum in trace
    iteration    1: trace = 1.861513654793713 (198.967% change)
    iteration    2: trace = 0.4949100707860439 (115.99% change)
    iteration    3: trace = 0.4363545415260842 (12.5755% change)
    iteration    4: trace = 0.4177306942171611 (4.36112% change)
    iteration    5: trace = 0.4116201331347168 (1.47358% change)
    iteration    6: trace = 0.4058655161686512 (1.40788% change)
    iteration    7: trace = 0.4008155186271024 (1.25204% change)
    iteration    8: trace = 0.396263338767155 (1.14222% change)
    iteration    9: trace = 0.3948572750914953 (0.355461% change)
    iteration   10: trace = 0.3943778950986216 (0.12148% change)
    iteration   11: trace = 0.3942366705001589 (0.0358159% change)
    iteration   12: trace = 0.3941506712633129 (0.0218165% change)
    iteration   13: trace = 0.3941229208522496 (0.00704081% change)
    iteration   14: trace = 0.3941150187208132 (0.00200501% change)
    iteration   15: trace = 0.3941135042012495 (0.000384284% change)
    iteration   16: trace = 0.3941130938308054 (0.000104125% change)
    iteration   17: trace = 0.3941129865904417 (2.72106e-05% change)
    iteration   18: trace = 0.3941129449950357 (1.05542e-05% change)
    iteration   19: trace = 0.3941129280515044 (4.29916e-06% change)
Finished solving for bands 1 to 6 after 19 iterations.
tefreqs:, 1, -0.09, 0.14, 0, 0.143178, 0.0644425, 0.148734, 0.171405, 0.300199, 0.321846, 0.380467
elapsed time for k point: 0.20551633834838867
total elapsed time for run: 0.21247076988220215
done
Initializing eigensolver data
Computing 6 bands with 1e-07 tolerance
Working in 2 dimensions.
Grid size is 144 x 48 x 1.
Solving for 6 bands at a time.
Creating Maxwell data...
Mesh size is 3.
Lattice vectors:
     (3, 0, 0)
     (0, 1, 0)
     (0, 0, 1)
Cell volume = 3
Reciprocal lattice vectors (/ 2 pi):
     (0.333333, -0, 0)
     (-0, 1, -0)
     (0, -0, 1)
Geometric objects:
     block, center = (0,0,0)
          size (1e+20,1e+20,1)
          axes (1,0,0), (0,1,0), (0,0,1)
     prism, center = (1.99501,-1.38778e-17,0.5)
          height 1, axis (0,0,1), sidewall angle: 0 radians, 4 vertices:
          (2.24501,0.25,0)
          (1.74501,0.25,0)
          (1.74501,-0.25,0)
          (2.24501,-0.25,0)
     prism, center = (1.00275,-1.38778e-17,0.5)
          height 1, axis (0,0,1), sidewall angle: 0 radians, 4 vertices:
          (0.752755,-0.25,0)
          (0.752755,0.25,0)
          (1.25275,0.25,0)
          (1.25275,-0.25,0)
     prism, center = (0.00223607,-1.38778e-17,0.5)
          height 1, axis (0,0,1), sidewall angle: 0 radians, 4 vertices:
          (-0.247764,-0.25,0)
          (0.252236,-0.25,0)
          (0.252236,0.25,0)
          (-0.247764,0.25,0)
Geometric object tree has depth 2 and 21 object nodes (vs. 4 actual objects)
Initializing epsilon function...
Allocating fields...
Solving for band polarization: te.
Initializing fields to random numbers...
1 k-points
  Vector3<-0.09, 0.14, 0.0>
elapsed time for initialization: 0.006911277770996094
solve_kpoint (-0.09,0.14,0):
tefreqs:, k index, k1, k2, k3, kmag/2pi, te band 1, te band 2, te band 3, te band 4, te band 5, te band 6
Solving for bands 1 to 6...
    near maximum in trace
    iteration    1: trace = 1.856929070137849 (198.967% change)
    iteration    2: trace = 0.4939368402653279 (115.957% change)
    iteration    3: trace = 0.4356651756764156 (12.5369% change)
    iteration    4: trace = 0.4171109708682327 (4.35148% change)
    iteration    5: trace = 0.4108852433644689 (1.50381% change)
    iteration    6: trace = 0.404995745008537 (1.44372% change)
    iteration    7: trace = 0.4000458566733212 (1.22972% change)
    iteration    8: trace = 0.3959092317491476 (1.03941% change)
    iteration    9: trace = 0.3946268868338926 (0.324424% change)
    iteration   10: trace = 0.3941989944074892 (0.108488% change)
    iteration   11: trace = 0.3940630088571156 (0.0345026% change)
    iteration   12: trace = 0.3939842519812059 (0.0199879% change)
    iteration   13: trace = 0.3939588315223068 (0.00645236% change)
    iteration   14: trace = 0.3939520983824481 (0.00170911% change)
    iteration   15: trace = 0.3939507769404872 (0.000335433% change)
    iteration   16: trace = 0.3939504213233049 (9.02695e-05% change)
    iteration   17: trace = 0.3939503215574502 (2.53245e-05% change)
    iteration   18: trace = 0.3939502826527334 (9.87554e-06% change)
Finished solving for bands 1 to 6 after 18 iterations.
tefreqs:, 1, -0.09, 0.14, 0, 0.143178, 0.0644191, 0.148725, 0.171406, 0.300147, 0.321835, 0.380309
elapsed time for k point: 0.18071627616882324
total elapsed time for run: 0.18766546249389648
done
Initializing eigensolver data
Computing 6 bands with 1e-07 tolerance
Working in 2 dimensions.
Grid size is 192 x 64 x 1.
Solving for 6 bands at a time.
Creating Maxwell data...
Mesh size is 3.
Lattice vectors:
     (3, 0, 0)
     (0, 1, 0)
     (0, 0, 1)
Cell volume = 3
Reciprocal lattice vectors (/ 2 pi):
     (0.333333, -0, 0)
     (-0, 1, -0)
     (0, -0, 1)
Geometric objects:
     block, center = (0,0,0)
          size (1e+20,1e+20,1)
          axes (1,0,0), (0,1,0), (0,0,1)
     prism, center = (-0.00447214,-1.38778e-17,0.5)
          height 1, axis (0,0,1), sidewall angle: 0 radians, 4 vertices:
          (0.245528,0.25,0)
          (-0.254472,0.25,0)
          (-0.254472,-0.25,0)
          (0.245528,-0.25,0)
     prism, center = (0.99449,-1.38778e-17,0.5)
          height 1, axis (0,0,1), sidewall angle: 0 radians, 4 vertices:
          (1.24449,0.25,0)
          (0.74449,0.25,0)
          (0.74449,-0.25,0)
          (1.24449,-0.25,0)
     prism, center = (2.00998,-1.38778e-17,0.5)
          height 1, axis (0,0,1), sidewall angle: 0 radians, 4 vertices:
          (2.25998,0.25,0)
          (1.75998,0.25,0)
          (1.75998,-0.25,0)
          (2.25998,-0.25,0)
Geometric object tree has depth 2 and 21 object nodes (vs. 4 actual objects)
Initializing epsilon function...
Allocating fields...
Solving for band polarization: te.
Initializing fields to random numbers...
1 k-points
  Vector3<-0.09, 0.14, 0.0>
elapsed time for initialization: 0.01173710823059082
solve_kpoint (-0.09,0.14,0):
tefreqs:, k index, k1, k2, k3, kmag/2pi, te band 1, te band 2, te band 3, te band 4, te band 5, te band 6
Solving for bands 1 to 6...
    near maximum in trace
    iteration    1: trace = 1.899650144229545 (199.407% change)
    iteration    2: trace = 0.5137765893808125 (114.847% change)
    iteration    3: trace = 0.4391006972312327 (15.6738% change)
    iteration    4: trace = 0.4152969645550409 (5.57205% change)
    iteration    5: trace = 0.4075864748510789 (1.87402% change)
    iteration    6: trace = 0.4019674936789832 (1.38817% change)
    iteration    7: trace = 0.3984615800562181 (0.876009% change)
    iteration    8: trace = 0.3957140250574073 (0.691926% change)
    iteration    9: trace = 0.394972720311039 (0.187509% change)
    iteration   10: trace = 0.3947073777007833 (0.0672026% change)
    iteration   11: trace = 0.3946472956287854 (0.0152231% change)
    iteration   12: trace = 0.3946190373207047 (0.00716065% change)
    iteration   13: trace = 0.3946076605198713 (0.00288302% change)
    iteration   14: trace = 0.3946010806951432 (0.00166745% change)
    iteration   15: trace = 0.3945992527285786 (0.000463245% change)
    iteration   16: trace = 0.3945987107036426 (0.000137361% change)
    iteration   17: trace = 0.3945986084400813 (2.59158e-05% change)
    iteration   18: trace = 0.394598578129152 (7.68146e-06% change)
Finished solving for bands 1 to 6 after 18 iterations.
tefreqs:, 1, -0.09, 0.14, 0, 0.143178, 0.0644528, 0.148819, 0.17152, 0.300395, 0.32224, 0.380529
elapsed time for k point: 0.29047513008117676
total elapsed time for run: 0.3022754192352295
done
Initializing eigensolver data
Computing 6 bands with 1e-07 tolerance
Working in 2 dimensions.
Grid size is 192 x 64 x 1.
Solving for 6 bands at a time.
Creating Maxwell data...
Mesh size is 3.
Lattice vectors:
     (3, 0, 0)
     (0, 1, 0)
     (0, 0, 1)
Cell volume = 3
Reciprocal lattice vectors (/ 2 pi):
     (0.333333, -0, 0)
     (-0, 1, -0)
     (0, -0, 1)
Geometric objects:
     block, center = (0,0,0)
          size (1e+20,1e+20,1)
          axes (1,0,0), (0,1,0), (0,0,1)
     prism, center = (-0.00223607,-1.38778e-17,0.5)
          height 1, axis (0,0,1), sidewall angle: 0 radians, 4 vertices:
          (0.247764,0.25,0)
          (-0.252236,0.25,0)
          (-0.252236,-0.25,0)
          (0.247764,-0.25,0)
     prism, center = (0.997245,-1.38778e-17,0.5)
          height 1, axis (0,0,1), sidewall angle: 0 radians, 4 vertices:
          (1.24725,0.25,0)
          (0.747245,0.25,0)
          (0.747245,-0.25,0)
          (1.24725,-0.25,0)
     prism, center = (2.00499,-1.38778e-17,0.5)
          height 1, axis (0,0,1), sidewall angle: 0 radians, 4 vertices:
          (2.25499,0.25,0)
          (1.75499,0.25,0)
          (1.75499,-0.25,0)
          (2.25499,-0.25,0)
Geometric object tree has depth 2 and 21 object nodes (vs. 4 actual objects)
Initializing epsilon function...
Allocating fields...
Solving for band polarization: te.
Initializing fields to random numbers...
1 k-points
  Vector3<-0.09, 0.14, 0.0>
elapsed time for initialization: 0.013596534729003906
solve_kpoint (-0.09,0.14,0):
tefreqs:, k index, k1, k2, k3, kmag/2pi, te band 1, te band 2, te band 3, te band 4, te band 5, te band 6
Solving for bands 1 to 6...
    near maximum in trace
    iteration    1: trace = 1.894921117452218 (199.404% change)
    iteration    2: trace = 0.5108547633511001 (115.062% change)
    iteration    3: trace = 0.4361444828860059 (15.7783% change)
    iteration    4: trace = 0.4065801200327331 (7.01638% change)
    iteration    5: trace = 0.399251685446581 (1.81885% change)
    iteration    6: trace = 0.3962821540757273 (0.746551% change)
    iteration    7: trace = 0.3954241260460474 (0.216754% change)
    iteration    8: trace = 0.3948653707802138 (0.141405% change)
    iteration    9: trace = 0.3946924303049243 (0.0438069% change)
    iteration   10: trace = 0.3946281652429771 (0.0162836% change)
    iteration   11: trace = 0.3946151077145015 (0.00330887% change)
    iteration   12: trace = 0.3946086382316294 (0.00163945% change)
    iteration   13: trace = 0.3946057004999849 (0.00074447% change)
    iteration   14: trace = 0.3946042847234277 (0.000358783% change)
    iteration   15: trace = 0.3946039512409946 (8.45106e-05% change)
    iteration   16: trace = 0.3946038536488876 (2.47317e-05% change)
    iteration   17: trace = 0.3946038312345426 (5.68021e-06% change)
Finished solving for bands 1 to 6 after 17 iterations.
tefreqs:, 1, -0.09, 0.14, 0, 0.143178, 0.0644541, 0.148818, 0.171498, 0.300488, 0.322161, 0.38054
elapsed time for k point: 0.25380992889404297
total elapsed time for run: 0.267470121383667
done
Initializing eigensolver data
Computing 6 bands with 1e-07 tolerance
Working in 2 dimensions.
Grid size is 192 x 64 x 1.
Solving for 6 bands at a time.
Creating Maxwell data...
Mesh size is 3.
Lattice vectors:
     (3, 0, 0)
     (0, 1, 0)
     (0, 0, 1)
Cell volume = 3
Reciprocal lattice vectors (/ 2 pi):
     (0.333333, -0, 0)
     (-0, 1, -0)
     (0, -0, 1)
Geometric objects:
     block, center = (0,0,0)
          size (1e+20,1e+20,1)
          axes (1,0,0), (0,1,0), (0,0,1)
     prism, center = (-0.00111803,-1.38778e-17,0.5)
          height 1, axis (0,0,1), sidewall angle: 0 radians, 4 vertices:
          (0.248882,0.25,0)
          (-0.251118,0.25,0)
          (-0.251118,-0.25,0)
          (0.248882,-0.25,0)
     prism, center = (0.998623,-1.38778e-17,0.5)
          height 1, axis (0,0,1), sidewall angle: 0 radians, 4 vertices:
          (1.24862,0.25,0)
          (0.748623,0.25,0)
          (0.748623,-0.25,0)
          (1.24862,-0.25,0)
     prism, center = (2.0025,-1.38778e-17,0.5)
          height 1, axis (0,0,1), sidewall angle: 0 radians, 4 vertices:
          (2.2525,0.25,0)
          (1.7525,0.25,0)
          (1.7525,-0.25,0)
          (2.2525,-0.25,0)
Geometric object tree has depth 2 and 21 object nodes (vs. 4 actual objects)
Initializing epsilon function...
Allocating fields...
Solving for band polarization: te.
Initializing fields to random numbers...
1 k-points
  Vector3<-0.09, 0.14, 0.0>
elapsed time for initialization: 0.011608362197875977
solve_kpoint (-0.09,0.14,0):
tefreqs:, k index, k1, k2, k3, kmag/2pi, te band 1, te band 2, te band 3, te band 4, te band 5, te band 6
Solving for bands 1 to 6...
    near maximum in trace
    iteration    1: trace = 1.893862836680534 (199.404% change)
    iteration    2: trace = 0.5108132036139985 (115.03% change)
    iteration    3: trace = 0.4359451757463608 (15.8157% change)
    iteration    4: trace = 0.4064422230492674 (7.0046% change)
    iteration    5: trace = 0.3991872040430226 (1.80108% change)
    iteration    6: trace = 0.3962478475948683 (0.739056% change)
    iteration    7: trace = 0.3953845742386591 (0.2181% change)
    iteration    8: trace = 0.394829253085513 (0.14055% change)
    iteration    9: trace = 0.3946589593517235 (0.0431403% change)
    iteration   10: trace = 0.39459779588829 (0.015499% change)
    iteration   11: trace = 0.394585319945999 (0.00316174% change)
    iteration   12: trace = 0.394579047814822 (0.00158956% change)
    iteration   13: trace = 0.3945761654332104 (0.000730498% change)
    iteration   14: trace = 0.3945748314521274 (0.00033808% change)
    iteration   15: trace = 0.3945745211193126 (7.865e-05% change)
    iteration   16: trace = 0.3945744335094323 (2.22036e-05% change)
    iteration   17: trace = 0.3945744129592133 (5.2082e-06% change)
Finished solving for bands 1 to 6 after 17 iterations.
tefreqs:, 1, -0.09, 0.14, 0, 0.143178, 0.0644534, 0.148816, 0.171484, 0.300492, 0.322124, 0.380536
elapsed time for k point: 0.26811838150024414
total elapsed time for run: 0.2797846794128418
done
Initializing eigensolver data
Computing 6 bands with 1e-07 tolerance
Working in 2 dimensions.
Grid size is 192 x 64 x 1.
Solving for 6 bands at a time.
Creating Maxwell data...
Mesh size is 3.
Lattice vectors:
     (3, 0, 0)
     (0, 1, 0)
     (0, 0, 1)
Cell volume = 3
Reciprocal lattice vectors (/ 2 pi):
     (0.333333, -0, 0)
     (-0, 1, -0)
     (0, -0, 1)
Geometric objects:
     block, center = (0,0,0)
          size (1e+20,1e+20,1)
          axes (1,0,0), (0,1,0), (0,0,1)
     prism, center = (-0.000559017,-1.38778e-17,0.5)
          height 1, axis (0,0,1), sidewall angle: 0 radians, 4 vertices:
          (0.249441,0.25,0)
          (-0.250559,0.25,0)
          (-0.250559,-0.25,0)
          (0.249441,-0.25,0)
     prism, center = (0.999311,-1.38778e-17,0.5)
          height 1, axis (0,0,1), sidewall angle: 0 radians, 4 vertices:
          (1.24931,0.25,0)
          (0.749311,0.25,0)
          (0.749311,-0.25,0)
          (1.24931,-0.25,0)
     prism, center = (2.00125,-1.38778e-17,0.5)
          height 1, axis (0,0,1), sidewall angle: 0 radians, 4 vertices:
          (2.25125,0.25,0)
          (1.75125,0.25,0)
          (1.75125,-0.25,0)
          (2.25125,-0.25,0)
Geometric object tree has depth 2 and 21 object nodes (vs. 4 actual objects)
Initializing epsilon function...
Allocating fields...
Solving for band polarization: te.
Initializing fields to random numbers...
1 k-points
  Vector3<-0.09, 0.14, 0.0>
elapsed time for initialization: 0.011715888977050781
solve_kpoint (-0.09,0.14,0):
tefreqs:, k index, k1, k2, k3, kmag/2pi, te band 1, te band 2, te band 3, te band 4, te band 5, te band 6
Solving for bands 1 to 6...
    near maximum in trace
    iteration    1: trace = 1.89389803378944 (199.404% change)
    iteration    2: trace = 0.5109275338107448 (115.016% change)
    iteration    3: trace = 0.4359964711836541 (15.8262% change)
    iteration    4: trace = 0.4065073770193438 (7.00035% change)
    iteration    5: trace = 0.3992688560733141 (1.79666% change)
    iteration    6: trace = 0.396331582482696 (0.738379% change)
    iteration    7: trace = 0.3954611671194914 (0.219859% change)
    iteration    8: trace = 0.3949023978851773 (0.141395% change)
    iteration    9: trace = 0.3947317354825655 (0.0432257% change)
    iteration   10: trace = 0.3946710394301185 (0.0153777% change)
    iteration   11: trace = 0.3946586528480608 (0.00313851% change)
    iteration   12: trace = 0.3946524276803707 (0.00157737% change)
    iteration   13: trace = 0.3946495530181724 (0.000728406% change)
    iteration   14: trace = 0.3946482328007352 (0.00033453% change)
    iteration   15: trace = 0.3946479249074002 (7.80172e-05% change)
    iteration   16: trace = 0.3946478387298619 (2.18366e-05% change)
    iteration   17: trace = 0.3946478184005636 (5.15125e-06% change)
Finished solving for bands 1 to 6 after 17 iterations.
tefreqs:, 1, -0.09, 0.14, 0, 0.143178, 0.0644592, 0.148821, 0.171496, 0.30052, 0.322155, 0.380575
elapsed time for k point: 0.2622065544128418
total elapsed time for run: 0.27397894859313965
done
Initializing eigensolver data
Computing 12 bands with 1e-07 tolerance
Working in 2 dimensions.
Grid size is 192 x 64 x 1.
Solving for 6 bands at a time.
Creating Maxwell data...
Mesh size is 3.
Lattice vectors:
     (3, 0, 0)
     (0, 1, 0)
     (0, 0, 1)
Cell volume = 3
Reciprocal lattice vectors (/ 2 pi):
     (0.333333, -0, 0)
     (-0, 1, -0)
     (0, -0, 1)
Geometric objects:
     block, center = (0,0,0)
          size (1e+20,1e+20,1)
          axes (1,0,0), (0,1,0), (0,0,1)
     prism, center = (-2.08167e-17,-1.38778e-17,0.5)
          height 1, axis (0,0,1), sidewall angle: 0 radians, 4 vertices:
          (0.25,0.25,0)
          (-0.25,0.25,0)
          (-0.25,-0.25,0)
          (0.25,-0.25,0)
     prism, center = (1,-1.38778e-17,0.5)
          height 1, axis (0,0,1), sidewall angle: 0 radians, 4 vertices:
          (1.25,0.25,0)
          (0.75,0.25,0)
          (0.75,-0.25,0)
          (1.25,-0.25,0)
     prism, center = (2,-1.38778e-17,0.5)
          height 1, axis (0,0,1), sidewall angle: 0 radians, 4 vertices:
          (2.25,0.25,0)
          (1.75,0.25,0)
          (1.75,-0.25,0)
          (2.25,-0.25,0)
Geometric object tree has depth 2 and 21 object nodes (vs. 4 actual objects)
Initializing epsilon function...
Allocating fields...
Solving for band polarization: te.
Initializing fields to random numbers...
1 k-points
  Vector3<-0.09, 0.14, 0.0>
elapsed time for initialization: 0.018621206283569336
solve_kpoint (-0.09,0.14,0):
tefreqs:, k index, k1, k2, k3, kmag/2pi, te band 1, te band 2, te band 3, te band 4, te band 5, te band 6, te band 7, te band 8, te band 9, te band 10, te band 11, te band 12
Solving for bands 1 to 6...
    near maximum in trace
    iteration    1: trace = 1.62578313653448 (199.497% change)
    iteration    2: trace = 0.465766436161249 (110.924% change)
    iteration    3: trace = 0.4136623132136795 (11.8495% change)
    iteration    4: trace = 0.3996451835831544 (3.44694% change)
    iteration    5: trace = 0.3970564473771226 (0.649863% change)
    iteration    6: trace = 0.3959373585388029 (0.282244% change)
    iteration    7: trace = 0.3955074924405165 (0.108628% change)
    iteration    8: trace = 0.3952467020695962 (0.0659599% change)
    iteration    9: trace = 0.39517752359174 (0.0175041% change)
    iteration   10: trace = 0.3951468291072455 (0.00776757% change)
    iteration   11: trace = 0.3951393145135941 (0.00190174% change)
    iteration   12: trace = 0.39513581654427 (0.000885254% change)
    iteration   13: trace = 0.3951344660764528 (0.000341774% change)
    iteration   14: trace = 0.3951337953751071 (0.00016974% change)
    iteration   15: trace = 0.3951336397185034 (3.93934e-05% change)
    iteration   16: trace = 0.3951335986352759 (1.03973e-05% change)
    iteration   17: trace = 0.3951335906044039 (2.03244e-06% change)
Finished solving for bands 1 to 6 after 17 iterations.
Solving for bands 7 to 12...
    near maximum in trace
    iteration    1: trace = 5.879977374101003 (198.177% change)
    iteration    2: trace = 1.687095381116503 (110.819% change)
    iteration    3: trace = 1.383329822344671 (19.7865% change)
    iteration    4: trace = 1.28224038975338 (7.58483% change)
    iteration    5: trace = 1.2508226454905 (2.48061% change)
    iteration    6: trace = 1.23838266153527 (0.999514% change)
    iteration    7: trace = 1.232713869180713 (0.458808% change)
    iteration    8: trace = 1.228467276739128 (0.345086% change)
    iteration    9: trace = 1.225394876890222 (0.250413% change)
    iteration   10: trace = 1.222529938282434 (0.234071% change)
    iteration   11: trace = 1.220195184647505 (0.19116% change)
    iteration   12: trace = 1.218144186228267 (0.168229% change)
    iteration   13: trace = 1.216670850816017 (0.121022% change)
    iteration   14: trace = 1.215338584294101 (0.109561% change)
    iteration   15: trace = 1.2144368222889 (0.074226% change)
    iteration   16: trace = 1.213783850762937 (0.0537819% change)
    iteration   17: trace = 1.213285441710613 (0.0410709% change)
    iteration   18: trace = 1.212745569867535 (0.0445066% change)
    iteration   19: trace = 1.21229124739049 (0.0374693% change)
    iteration   20: trace = 1.211807430743932 (0.0399172% change)
    iteration   21: trace = 1.211382454466222 (0.0350758% change)
    iteration   22: trace = 1.211055711282043 (0.0269764% change)
    iteration   23: trace = 1.210890667587536 (0.013629% change)
    iteration   24: trace = 1.210799396132359 (0.00753783% change)
    iteration   25: trace = 1.210762907790766 (0.00301362% change)
    iteration   26: trace = 1.210748546144444 (0.00118617% change)
    iteration   27: trace = 1.210744019560794 (0.000373867% change)
    iteration   28: trace = 1.210741902957746 (0.000174819% change)
    iteration   29: trace = 1.210740832733687 (8.83941e-05% change)
    iteration   30: trace = 1.210740118623865 (5.89812e-05% change)
    iteration   31: trace = 1.210739710187121 (3.37345e-05% change)
    iteration   32: trace = 1.210739471700513 (1.96976e-05% change)
    iteration   33: trace = 1.210739367506366 (8.60583e-06% change)
Finished solving for bands 7 to 12 after 33 iterations.
Finished k-point with 25 mean iterations/band.
tefreqs:, 1, -0.09, 0.14, 0, 0.143178, 0.0645122, 0.148867, 0.171535, 0.300654, 0.322294, 0.380946, 0.409754, 0.416599, 0.425796, 0.467301, 0.479516, 0.489569
elapsed time for k point: 0.8870959281921387
total elapsed time for run: 0.9058058261871338
done
Initializing eigensolver data
Computing 6 bands with 1e-07 tolerance
Working in 2 dimensions.
Grid size is 192 x 64 x 1.
Solving for 6 bands at a time.
Creating Maxwell data...
Mesh size is 3.
Lattice vectors:
     (3, 0, 0)
     (0, 1, 0)
     (0, 0, 1)
Cell volume = 3
Reciprocal lattice vectors (/ 2 pi):
     (0.333333, -0, 0)
     (-0, 1, -0)
     (0, -0, 1)
Geometric objects:
     block, center = (0,0,0)
          size (1e+20,1e+20,1)
          axes (1,0,0), (0,1,0), (0,0,1)
     prism, center = (0.000559017,-1.38778e-17,0.5)
          height 1, axis (0,0,1), sidewall angle: 0 radians, 4 vertices:
          (0.250559,0.25,0)
          (-0.249441,0.25,0)
          (-0.249441,-0.25,0)
          (0.250559,-0.25,0)
     prism, center = (1.00069,-1.38778e-17,0.5)
          height 1, axis (0,0,1), sidewall angle: 0 radians, 4 vertices:
          (1.25069,0.25,0)
          (0.750689,0.25,0)
          (0.750689,-0.25,0)
          (1.25069,-0.25,0)
     prism, center = (1.99875,-1.38778e-17,0.5)
          height 1, axis (0,0,1), sidewall angle: 0 radians, 4 vertices:
          (2.24875,0.25,0)
          (1.74875,0.25,0)
          (1.74875,-0.25,0)
          (2.24875,-0.25,0)
Geometric object tree has depth 2 and 21 object nodes (vs. 4 actual objects)
Initializing epsilon function...
Allocating fields...
Solving for band polarization: te.
Initializing fields to random numbers...
1 k-points
  Vector3<-0.09, 0.14, 0.0>
elapsed time for initialization: 0.011920690536499023
solve_kpoint (-0.09,0.14,0):
tefreqs:, k index, k1, k2, k3, kmag/2pi, te band 1, te band 2, te band 3, te band 4, te band 5, te band 6
Solving for bands 1 to 6...
    near maximum in trace
    iteration    1: trace = 1.764460287214973 (199.446% change)
    iteration    2: trace = 0.4986611956482874 (111.863% change)
    iteration    3: trace = 0.4379136067053979 (12.9723% change)
    iteration    4: trace = 0.4148396364913408 (5.41164% change)
    iteration    5: trace = 0.4070170143010433 (1.90365% change)
    iteration    6: trace = 0.4013066057406335 (1.4129% change)
    iteration    7: trace = 0.398042632255763 (0.816658% change)
    iteration    8: trace = 0.395587287434887 (0.618763% change)
    iteration    9: trace = 0.3949423229241302 (0.163173% change)
    iteration   10: trace = 0.3947368099953356 (0.0520497% change)
    iteration   11: trace = 0.3946887682041547 (0.0121713% change)
    iteration   12: trace = 0.3946645907778282 (0.00612588% change)
    iteration   13: trace = 0.3946551172858974 (0.00240042% change)
    iteration   14: trace = 0.3946507048186737 (0.00111806% change)
    iteration   15: trace = 0.3946494046632914 (0.000329445% change)
    iteration   16: trace = 0.3946490125067545 (9.93684e-05% change)
    iteration   17: trace = 0.3946489281942441 (2.13639e-05% change)
    iteration   18: trace = 0.3946488953170404 (8.33075e-06% change)
Finished solving for bands 1 to 6 after 18 iterations.
tefreqs:, 1, -0.09, 0.14, 0, 0.143178, 0.0644592, 0.148821, 0.171496, 0.30052, 0.322156, 0.380576
elapsed time for k point: 0.3041987419128418
total elapsed time for run: 0.31618785858154297
done
Initializing eigensolver data
Computing 6 bands with 1e-07 tolerance
Working in 2 dimensions.
Grid size is 192 x 64 x 1.
Solving for 6 bands at a time.
Creating Maxwell data...
Mesh size is 3.
Lattice vectors:
     (3, 0, 0)
     (0, 1, 0)
     (0, 0, 1)
Cell volume = 3
Reciprocal lattice vectors (/ 2 pi):
     (0.333333, -0, 0)
     (-0, 1, -0)
     (0, -0, 1)
Geometric objects:
     block, center = (0,0,0)
          size (1e+20,1e+20,1)
          axes (1,0,0), (0,1,0), (0,0,1)
     prism, center = (0.00111803,-1.38778e-17,0.5)
          height 1, axis (0,0,1), sidewall angle: 0 radians, 4 vertices:
          (0.251118,0.25,0)
          (-0.248882,0.25,0)
          (-0.248882,-0.25,0)
          (0.251118,-0.25,0)
     prism, center = (1.00138,-1.38778e-17,0.5)
          height 1, axis (0,0,1), sidewall angle: 0 radians, 4 vertices:
          (1.25138,0.25,0)
          (0.751377,0.25,0)
          (0.751377,-0.25,0)
          (1.25138,-0.25,0)
     prism, center = (1.9975,-1.38778e-17,0.5)
          height 1, axis (0,0,1), sidewall angle: 0 radians, 4 vertices:
          (2.2475,0.25,0)
          (1.7475,0.25,0)
          (1.7475,-0.25,0)
          (2.2475,-0.25,0)
Geometric object tree has depth 2 and 21 object nodes (vs. 4 actual objects)
Initializing epsilon function...
Allocating fields...
Solving for band polarization: te.
Initializing fields to random numbers...
1 k-points
  Vector3<-0.09, 0.14, 0.0>
elapsed time for initialization: 0.011642694473266602
solve_kpoint (-0.09,0.14,0):
tefreqs:, k index, k1, k2, k3, kmag/2pi, te band 1, te band 2, te band 3, te band 4, te band 5, te band 6
Solving for bands 1 to 6...
    near maximum in trace
    iteration    1: trace = 1.764272412011341 (199.446% change)
    iteration    2: trace = 0.4985689062337713 (111.869% change)
    iteration    3: trace = 0.4378186953580364 (12.9754% change)
    iteration    4: trace = 0.4147638359219685 (5.40824% change)
    iteration    5: trace = 0.406989282180197 (1.89219% change)
    iteration    6: trace = 0.4013129668338049 (1.4045% change)
    iteration    7: trace = 0.3980383762919636 (0.819312% change)
    iteration    8: trace = 0.3955349052291979 (0.630936% change)
    iteration    9: trace = 0.3948749073716884 (0.167001% change)
    iteration   10: trace = 0.3946635908889617 (0.0535291% change)
    iteration   11: trace = 0.3946148723930732 (0.0123451% change)
    iteration   12: trace = 0.3945905065033992 (0.00617479% change)
    iteration   13: trace = 0.3945810661686068 (0.00239247% change)
    iteration   14: trace = 0.3945766043894866 (0.00113077% change)
    iteration   15: trace = 0.3945752795653486 (0.000335759% change)
    iteration   16: trace = 0.3945748790361356 (0.000101509% change)
    iteration   17: trace = 0.3945747951584664 (2.12577e-05% change)
    iteration   18: trace = 0.3945747630860905 (8.12834e-06% change)
Finished solving for bands 1 to 6 after 18 iterations.
tefreqs:, 1, -0.09, 0.14, 0, 0.143178, 0.0644533, 0.148816, 0.171484, 0.300491, 0.322127, 0.380535
elapsed time for k point: 0.27868151664733887
total elapsed time for run: 0.2903754711151123
done
Initializing eigensolver data
Computing 6 bands with 1e-07 tolerance
Working in 2 dimensions.
Grid size is 192 x 64 x 1.
Solving for 6 bands at a time.
Creating Maxwell data...
Mesh size is 3.
Lattice vectors:
     (3, 0, 0)
     (0, 1, 0)
     (0, 0, 1)
Cell volume = 3
Reciprocal lattice vectors (/ 2 pi):
     (0.333333, -0, 0)
     (-0, 1, -0)
     (0, -0, 1)
Geometric objects:
     block, center = (0,0,0)
          size (1e+20,1e+20,1)
          axes (1,0,0), (0,1,0), (0,0,1)
     prism, center = (0.00223607,-1.38778e-17,0.5)
          height 1, axis (0,0,1), sidewall angle: 0 radians, 4 vertices:
          (0.252236,0.25,0)
          (-0.247764,0.25,0)
          (-0.247764,-0.25,0)
          (0.252236,-0.25,0)
     prism, center = (1.00275,-1.38778e-17,0.5)
          height 1, axis (0,0,1), sidewall angle: 0 radians, 4 vertices:
          (1.25275,0.25,0)
          (0.752755,0.25,0)
          (0.752755,-0.25,0)
          (1.25275,-0.25,0)
     prism, center = (1.99501,-1.38778e-17,0.5)
          height 1, axis (0,0,1), sidewall angle: 0 radians, 4 vertices:
          (2.24501,0.25,0)
          (1.74501,0.25,0)
          (1.74501,-0.25,0)
          (2.24501,-0.25,0)
Geometric object tree has depth 2 and 21 object nodes (vs. 4 actual objects)
Initializing epsilon function...
Allocating fields...
Solving for band polarization: te.
Initializing fields to random numbers...
1 k-points
  Vector3<-0.09, 0.14, 0.0>
elapsed time for initialization: 0.011772394180297852
solve_kpoint (-0.09,0.14,0):
tefreqs:, k index, k1, k2, k3, kmag/2pi, te band 1, te band 2, te band 3, te band 4, te band 5, te band 6
Solving for bands 1 to 6...
    near maximum in trace
    iteration    1: trace = 1.76445003666575 (199.446% change)
    iteration    2: trace = 0.4986987734811649 (111.858% change)
    iteration    3: trace = 0.4379062103091544 (12.9815% change)
    iteration    4: trace = 0.4148349748767362 (5.41108% change)
    iteration    5: trace = 0.4071234614781682 (1.87638% change)
    iteration    6: trace = 0.4015242209833983 (1.38484% change)
    iteration    7: trace = 0.3982543742233648 (0.817688% change)
    iteration    8: trace = 0.3956288872708418 (0.661429% change)
    iteration    9: trace = 0.3949259788351487 (0.177827% change)
    iteration   10: trace = 0.3946961417031356 (0.0582145% change)
    iteration   11: trace = 0.3946448286624193 (0.0130015% change)
    iteration   12: trace = 0.3946194266726613 (0.00643688% change)
    iteration   13: trace = 0.3946098080383419 (0.00243748% change)
    iteration   14: trace = 0.3946050734782084 (0.00119982% change)
    iteration   15: trace = 0.3946036386102323 (0.000363622% change)
    iteration   16: trace = 0.3946031963604757 (0.000112074% change)
    iteration   17: trace = 0.3946031074989891 (2.25192e-05% change)
    iteration   18: trace = 0.3946030751475132 (8.19849e-06% change)
Finished solving for bands 1 to 6 after 18 iterations.
tefreqs:, 1, -0.09, 0.14, 0, 0.143178, 0.0644541, 0.148817, 0.171498, 0.300486, 0.322165, 0.380537
elapsed time for k point: 0.26157164573669434
total elapsed time for run: 0.2734241485595703
done
Initializing eigensolver data
Computing 6 bands with 1e-07 tolerance
Working in 2 dimensions.
Grid size is 192 x 64 x 1.
Solving for 6 bands at a time.
Creating Maxwell data...
Mesh size is 3.
Lattice vectors:
     (3, 0, 0)
     (0, 1, 0)
     (0, 0, 1)
Cell volume = 3
Reciprocal lattice vectors (/ 2 pi):
     (0.333333, -0, 0)
     (-0, 1, -0)
     (0, -0, 1)
Geometric objects:
     block, center = (0,0,0)
          size (1e+20,1e+20,1)
          axes (1,0,0), (0,1,0), (0,0,1)
     prism, center = (0.00447214,-1.38778e-17,0.5)
          height 1, axis (0,0,1), sidewall angle: 0 radians, 4 vertices:
          (0.254472,0.25,0)
          (-0.245528,0.25,0)
          (-0.245528,-0.25,0)
          (0.254472,-0.25,0)
     prism, center = (1.00551,-1.38778e-17,0.5)
          height 1, axis (0,0,1), sidewall angle: 0 radians, 4 vertices:
          (1.25551,0.25,0)
          (0.75551,0.25,0)
          (0.75551,-0.25,0)
          (1.25551,-0.25,0)
     prism, center = (1.99002,-1.38778e-17,0.5)
          height 1, axis (0,0,1), sidewall angle: 0 radians, 4 vertices:
          (2.24002,0.25,0)
          (1.74002,0.25,0)
          (1.74002,-0.25,0)
          (2.24002,-0.25,0)
Geometric object tree has depth 2 and 21 object nodes (vs. 4 actual objects)
Initializing epsilon function...
Allocating fields...
Solving for band polarization: te.
Initializing fields to random numbers...
1 k-points
  Vector3<-0.09, 0.14, 0.0>
elapsed time for initialization: 0.011806488037109375
solve_kpoint (-0.09,0.14,0):
tefreqs:, k index, k1, k2, k3, kmag/2pi, te band 1, te band 2, te band 3, te band 4, te band 5, te band 6
Solving for bands 1 to 6...
    near maximum in trace
    iteration    1: trace = 1.764682197507868 (199.447% change)
    iteration    2: trace = 0.498883150443612 (111.841% change)
    iteration    3: trace = 0.4379933980824369 (12.9985% change)
    iteration    4: trace = 0.4149377739146208 (5.40621% change)
    iteration    5: trace = 0.4073720005015726 (1.84013% change)
    iteration    6: trace = 0.4019392278606448 (1.34257% change)
    iteration    7: trace = 0.3986565380887331 (0.820062% change)
    iteration    8: trace = 0.3957756932645968 (0.725259% change)
    iteration    9: trace = 0.394974772520884 (0.202572% change)
    iteration   10: trace = 0.3947002735366001 (0.069522% change)
    iteration   11: trace = 0.3946415253300031 (0.0148854% change)
    iteration   12: trace = 0.3946133902080753 (0.00712954% change)
    iteration   13: trace = 0.3946033556288555 (0.00254292% change)
    iteration   14: trace = 0.3945981559418529 (0.00131771% change)
    iteration   15: trace = 0.3945965423248409 (0.000408927% change)
    iteration   16: trace = 0.3945960072112804 (0.00013561% change)
    iteration   17: trace = 0.3945959042548807 (2.60916e-05% change)
    iteration   18: trace = 0.3945958679770181 (9.19367e-06% change)
Finished solving for bands 1 to 6 after 18 iterations.
tefreqs:, 1, -0.09, 0.14, 0, 0.143178, 0.0644528, 0.148818, 0.17152, 0.300393, 0.322244, 0.380524
elapsed time for k point: 0.3233611583709717
total elapsed time for run: 0.3352324962615967
done
Initializing eigensolver data
Computing 12 bands with 1e-07 tolerance
Working in 2 dimensions.
Grid size is 192 x 64 x 1.
Solving for 6 bands at a time.
Creating Maxwell data...
Mesh size is 3.
Lattice vectors:
     (3, 0, 0)
     (0, 1, 0)
     (0, 0, 1)
Cell volume = 3
Reciprocal lattice vectors (/ 2 pi):
     (0.333333, -0, 0)
     (-0, 1, -0)
     (0, -0, 1)
Geometric objects:
     block, center = (0,0,0)
          size (1e+20,1e+20,1)
          axes (1,0,0), (0,1,0), (0,0,1)
     prism, center = (-2.08167e-17,-1.38778e-17,0.5)
          height 1, axis (0,0,1), sidewall angle: 0 radians, 4 vertices:
          (0.25,0.25,0)
          (-0.25,0.25,0)
          (-0.25,-0.25,0)
          (0.25,-0.25,0)
     prism, center = (1,-1.38778e-17,0.5)
          height 1, axis (0,0,1), sidewall angle: 0 radians, 4 vertices:
          (1.25,0.25,0)
          (0.75,0.25,0)
          (0.75,-0.25,0)
          (1.25,-0.25,0)
     prism, center = (2,-1.38778e-17,0.5)
          height 1, axis (0,0,1), sidewall angle: 0 radians, 4 vertices:
          (2.25,0.25,0)
          (1.75,0.25,0)
          (1.75,-0.25,0)
          (2.25,-0.25,0)
Geometric object tree has depth 2 and 21 object nodes (vs. 4 actual objects)
Initializing epsilon function...
Allocating fields...
Solving for band polarization: te.
Initializing fields to random numbers...
1 k-points
  Vector3<-0.09, 0.14, 0.0>
elapsed time for initialization: 0.017637968063354492
solve_kpoint (-0.09,0.14,0):
tefreqs:, k index, k1, k2, k3, kmag/2pi, te band 1, te band 2, te band 3, te band 4, te band 5, te band 6, te band 7, te band 8, te band 9, te band 10, te band 11, te band 12
Solving for bands 1 to 6...
    near maximum in trace
    iteration    1: trace = 2.095608625460991 (199.345% change)
    iteration    2: trace = 0.5697008833603289 (114.501% change)
    iteration    3: trace = 0.4643326560856968 (20.38% change)
    iteration    4: trace = 0.4266404784647878 (8.4609% change)
    iteration    5: trace = 0.4113253935325453 (3.6553% change)
    iteration    6: trace = 0.4028952194375848 (2.07073% change)
    iteration    7: trace = 0.3996398663551931 (0.811267% change)
    iteration    8: trace = 0.3968871444661566 (0.691181% change)
    iteration    9: trace = 0.3957797536538644 (0.279409% change)
    iteration   10: trace = 0.3953151356105299 (0.117462% change)
    iteration   11: trace = 0.395205529214207 (0.0277302% change)
    iteration   12: trace = 0.3951602563561436 (0.0114562% change)
    iteration   13: trace = 0.3951457256826915 (0.00367723% change)
    iteration   14: trace = 0.3951375332085865 (0.0020733% change)
    iteration   15: trace = 0.3951347561420887 (0.000702813% change)
    iteration   16: trace = 0.3951338316259164 (0.000233975% change)
    iteration   17: trace = 0.395133668877219 (4.11883e-05% change)
    iteration   18: trace = 0.395133620376715 (1.22745e-05% change)
    iteration   19: trace = 0.3951336029680349 (4.40577e-06% change)
Finished solving for bands 1 to 6 after 19 iterations.
Solving for bands 7 to 12...
    near maximum in trace
    iteration    1: trace = 6.292854785922295 (198.046% change)
    iteration    2: trace = 1.670160697658135 (116.104% change)
    iteration    3: trace = 1.393428111531251 (18.0659% change)
    iteration    4: trace = 1.296073223585657 (7.23962% change)
    iteration    5: trace = 1.255305931932118 (3.19571% change)
    iteration    6: trace = 1.236830242469034 (1.48272% change)
    iteration    7: trace = 1.230173837112719 (0.539635% change)
    iteration    8: trace = 1.226684756460344 (0.284028% change)
    iteration    9: trace = 1.224679269077495 (0.163622% change)
    iteration   10: trace = 1.222821905000235 (0.151776% change)
    iteration   11: trace = 1.221154267570468 (0.136469% change)
    iteration   12: trace = 1.21981923606017 (0.109385% change)
    iteration   13: trace = 1.219055243798959 (0.0626512% change)
    iteration   14: trace = 1.218583466878729 (0.0387077% change)
    iteration   15: trace = 1.218335282780248 (0.0203687% change)
    iteration   16: trace = 1.218158347884267 (0.0145237% change)
    iteration   17: trace = 1.218034109288223 (0.0101994% change)
    iteration   18: trace = 1.217937669291468 (0.00791799% change)
    iteration   19: trace = 1.217872936704065 (0.00531508% change)
    iteration   20: trace = 1.217800666720744 (0.00593429% change)
    iteration   21: trace = 1.217670431833846 (0.0106948% change)
    large trace change predicted (0.0463152%)
    iteration   22: trace = 1.217172217819378 (0.0409237% change)
    large trace change predicted (0.118628%)
    iteration   23: trace = 1.216085728276161 (0.0893033% change)
    iteration   24: trace = 1.214693748013473 (0.11453% change)
    iteration   25: trace = 1.213525269632008 (0.0962416% change)
    iteration   26: trace = 1.212512649911905 (0.0834793% change)
    iteration   27: trace = 1.211839317033589 (0.0555475% change)
    iteration   28: trace = 1.211425572158025 (0.0341477% change)
    iteration   29: trace = 1.211168302580429 (0.0212392% change)
    iteration   30: trace = 1.211047622932935 (0.0099644% change)
    iteration   31: trace = 1.210962321248618 (0.00704388% change)
    iteration   32: trace = 1.210905087724474 (0.0047264% change)
    iteration   33: trace = 1.210852009111701 (0.00438348% change)
    iteration   34: trace = 1.210812732580222 (0.00324376% change)
    iteration   35: trace = 1.210788600242606 (0.00199309% change)
    iteration   36: trace = 1.210773351459862 (0.00125942% change)
    iteration   37: trace = 1.210765165467453 (0.000676098% change)
    iteration   38: trace = 1.210758379896669 (0.000560438% change)
    iteration   39: trace = 1.2107529405832 (0.000449249% change)
    iteration   40: trace = 1.210748174875973 (0.000393616% change)
    iteration   41: trace = 1.210744881078115 (0.000272047% change)
    iteration   42: trace = 1.210743156127401 (0.00014247% change)
    iteration   43: trace = 1.210742080031177 (8.8879e-05% change)
    iteration   44: trace = 1.210741402284147 (5.59778e-05% change)
    iteration   45: trace = 1.210740889402285 (4.2361e-05% change)
    iteration   46: trace = 1.210740491709052 (3.28471e-05% change)
    iteration   47: trace = 1.210740127962507 (3.00433e-05% change)
    iteration   48: trace = 1.210739829887693 (2.46192e-05% change)
    iteration   49: trace = 1.210739635469598 (1.60578e-05% change)
    iteration   50: trace = 1.210739505026002 (1.07739e-05% change)
    iteration   51: trace = 1.210739410042507 (7.84508e-06% change)
Finished solving for bands 7 to 12 after 51 iterations.
Finished k-point with 35 mean iterations/band.
tefreqs:, 1, -0.09, 0.14, 0, 0.143178, 0.0645122, 0.148867, 0.171535, 0.300654, 0.322294, 0.380946, 0.409754, 0.416599, 0.425796, 0.467301, 0.479516, 0.489569
elapsed time for k point: 1.6141948699951172
total elapsed time for run: 1.6319305896759033
done
Initializing eigensolver data
Computing 12 bands with 1e-07 tolerance
Working in 2 dimensions.
Grid size is 192 x 64 x 1.
Solving for 6 bands at a time.
Creating Maxwell data...
Mesh size is 3.
Lattice vectors:
     (3, 0, 0)
     (0, 1, 0)
     (0, 0, 1)
Cell volume = 3
Reciprocal lattice vectors (/ 2 pi):
     (0.333333, -0, 0)
     (-0, 1, -0)
     (0, -0, 1)
Geometric objects:
     block, center = (0,0,0)
          size (1e+20,1e+20,1)
          axes (1,0,0), (0,1,0), (0,0,1)
     prism, center = (-2.08167e-17,-1.38778e-17,0.5)
          height 1, axis (0,0,1), sidewall angle: 0 radians, 4 vertices:
          (0.25,0.25,0)
          (-0.25,0.25,0)
          (-0.25,-0.25,0)
          (0.25,-0.25,0)
     prism, center = (1,-1.38778e-17,0.5)
          height 1, axis (0,0,1), sidewall angle: 0 radians, 4 vertices:
          (1.25,0.25,0)
          (0.75,0.25,0)
          (0.75,-0.25,0)
          (1.25,-0.25,0)
     prism, center = (2,-1.38778e-17,0.5)
          height 1, axis (0,0,1), sidewall angle: 0 radians, 4 vertices:
          (2.25,0.25,0)
          (1.75,0.25,0)
          (1.75,-0.25,0)
          (2.25,-0.25,0)
Geometric object tree has depth 2 and 21 object nodes (vs. 4 actual objects)
Initializing epsilon function...
Allocating fields...
Solving for band polarization: te.
Initializing fields to random numbers...
1 k-points
  Vector3<-0.09, 0.14, 0.0>
elapsed time for initialization: 0.017320632934570312
solve_kpoint (-0.09,0.14,0):
tefreqs:, k index, k1, k2, k3, kmag/2pi, te band 1, te band 2, te band 3, te band 4, te band 5, te band 6, te band 7, te band 8, te band 9, te band 10, te band 11, te band 12
Solving for bands 1 to 6...
    near maximum in trace
    iteration    1: trace = 1.913012328133771 (199.404% change)
    iteration    2: trace = 0.5235854851354674 (114.046% change)
    iteration    3: trace = 0.4482072448678589 (15.5132% change)
    iteration    4: trace = 0.4196399577934998 (6.58348% change)
    iteration    5: trace = 0.4076676390293363 (2.89428% change)
    iteration    6: trace = 0.4008597182139123 (1.68403% change)
    iteration    7: trace = 0.3983817906201261 (0.62007% change)
    iteration    8: trace = 0.3964810740792211 (0.47825% change)
    iteration    9: trace = 0.39562738338779 (0.215549% change)
    iteration   10: trace = 0.3952602309853961 (0.0928457% change)
    iteration   11: trace = 0.3951798445394143 (0.0203397% change)
    iteration   12: trace = 0.3951498665859169 (0.00758619% change)
    iteration   13: trace = 0.3951408302737402 (0.00228683% change)
    iteration   14: trace = 0.3951360125219896 (0.00121926% change)
    iteration   15: trace = 0.3951343198715547 (0.000428373% change)
    iteration   16: trace = 0.3951337373558547 (0.000147422% change)
    iteration   17: trace = 0.3951336306045284 (2.70165e-05% change)
    iteration   18: trace = 0.3951336039145684 (6.75467e-06% change)
Finished solving for bands 1 to 6 after 18 iterations.
Solving for bands 7 to 12...
    near maximum in trace
    iteration    1: trace = 5.927715378485602 (198.165% change)
    iteration    2: trace = 1.675127339867932 (111.868% change)
    iteration    3: trace = 1.388778441169318 (18.6918% change)
    iteration    4: trace = 1.282553605255541 (7.95295% change)
    iteration    5: trace = 1.245116874200905 (2.96215% change)
    iteration    6: trace = 1.23188753191931 (1.06817% change)
    iteration    7: trace = 1.226950619778874 (0.401565% change)
    iteration    8: trace = 1.223459208235313 (0.284966% change)
    iteration    9: trace = 1.221049934118881 (0.197117% change)
    iteration   10: trace = 1.219107376752993 (0.159216% change)
    iteration   11: trace = 1.217507096572471 (0.131353% change)
    iteration   12: trace = 1.216206038034487 (0.10692% change)
    iteration   13: trace = 1.215330196064216 (0.0720402% change)
    iteration   14: trace = 1.214462463620179 (0.0714244% change)
    iteration   15: trace = 1.213822756878037 (0.0526879% change)
    iteration   16: trace = 1.213338962977259 (0.039865% change)
    iteration   17: trace = 1.212815867429923 (0.0431214% change)
    iteration   18: trace = 1.212150966029862 (0.054838% change)
    iteration   19: trace = 1.211586805777423 (0.0465529% change)
    iteration   20: trace = 1.211182658646398 (0.0333624% change)
    iteration   21: trace = 1.210979652431149 (0.0167624% change)
    iteration   22: trace = 1.210860420496568 (0.00984639% change)
    iteration   23: trace = 1.210794685682095 (0.00542892% change)
    iteration   24: trace = 1.210759401306782 (0.00291419% change)
    iteration   25: trace = 1.210746826242497 (0.00103862% change)
    iteration   26: trace = 1.210741709623667 (0.000422601% change)
    iteration   27: trace = 1.210740278935085 (0.000118166% change)
    iteration   28: trace = 1.210739758428918 (4.29907e-05% change)
    iteration   29: trace = 1.210739546211071 (1.7528e-05% change)
    iteration   30: trace = 1.210739417828129 (1.06037e-05% change)
    iteration   31: trace = 1.210739359633206 (4.80656e-06% change)
Finished solving for bands 7 to 12 after 31 iterations.
Finished k-point with 24.5 mean iterations/band.
tefreqs:, 1, -0.09, 0.14, 0, 0.143178, 0.0645122, 0.148867, 0.171535, 0.300654, 0.322294, 0.380946, 0.409754, 0.416599, 0.425796, 0.467301, 0.479516, 0.489569
elapsed time for k point: 1.7797935009002686
total elapsed time for run: 1.7972016334533691
done
Initializing eigensolver data
Computing 6 bands with 1e-07 tolerance
Working in 2 dimensions.
Grid size is 192 x 64 x 1.
Solving for 6 bands at a time.
Creating Maxwell data...
Mesh size is 3.
Lattice vectors:
     (3, 0, 0)
     (0, 1, 0)
     (0, 0, 1)
Cell volume = 3
Reciprocal lattice vectors (/ 2 pi):
     (0.333333, -0, 0)
     (-0, 1, -0)
     (0, -0, 1)
Geometric objects:
     block, center = (0,0,0)
          size (1e+20,1e+20,1)
          axes (1,0,0), (0,1,0), (0,0,1)
     prism, center = (0.00223607,-1.38778e-17,0.5)
          height 1, axis (0,0,1), sidewall angle: 0 radians, 4 vertices:
          (0.252236,0.25,0)
          (-0.247764,0.25,0)
          (-0.247764,-0.25,0)
          (0.252236,-0.25,0)
     prism, center = (1.00275,-1.38778e-17,0.5)
          height 1, axis (0,0,1), sidewall angle: 0 radians, 4 vertices:
          (1.25275,0.25,0)
          (0.752755,0.25,0)
          (0.752755,-0.25,0)
          (1.25275,-0.25,0)
     prism, center = (1.99501,-1.38778e-17,0.5)
          height 1, axis (0,0,1), sidewall angle: 0 radians, 4 vertices:
          (2.24501,0.25,0)
          (1.74501,0.25,0)
          (1.74501,-0.25,0)
          (2.24501,-0.25,0)
Geometric object tree has depth 2 and 21 object nodes (vs. 4 actual objects)
Initializing epsilon function...
Allocating fields...
Solving for band polarization: te.
Initializing fields to random numbers...
1 k-points
  Vector3<-0.09, 0.14, 0.0>
elapsed time for initialization: 0.012018918991088867
solve_kpoint (-0.09,0.14,0):
tefreqs:, k index, k1, k2, k3, kmag/2pi, te band 1, te band 2, te band 3, te band 4, te band 5, te band 6
Solving for bands 1 to 6...
    near maximum in trace
    iteration    1: trace = 1.935536722536874 (199.394% change)
    iteration    2: trace = 0.5178421395310165 (115.571% change)
    iteration    3: trace = 0.4357331956218378 (17.2213% change)
    iteration    4: trace = 0.4067972721340036 (6.86881% change)
    iteration    5: trace = 0.4006559553250063 (1.52116% change)
    iteration    6: trace = 0.397274483935951 (0.84756% change)
    iteration    7: trace = 0.3958327585597147 (0.363564% change)
    iteration    8: trace = 0.3949185917134228 (0.231215% change)
    iteration    9: trace = 0.394707738930253 (0.0534057% change)
    iteration   10: trace = 0.3946293762267703 (0.0198553% change)
    iteration   11: trace = 0.3946153306728507 (0.00355924% change)
    iteration   12: trace = 0.394608567535971 (0.00171387% change)
    iteration   13: trace = 0.3946053425239288 (0.000817272% change)
    iteration   14: trace = 0.3946036323623817 (0.000433386% change)
    iteration   15: trace = 0.394603226099411 (0.000102955% change)
    iteration   16: trace = 0.3946031045382882 (3.08059e-05% change)
    iteration   17: trace = 0.3946030742491484 (7.67585e-06% change)
Finished solving for bands 1 to 6 after 17 iterations.
tefreqs:, 1, -0.09, 0.14, 0, 0.143178, 0.0644541, 0.148817, 0.171498, 0.300486, 0.322165, 0.380537
elapsed time for k point: 0.2696967124938965
total elapsed time for run: 0.28178858757019043
done
Initializing eigensolver data
Computing 6 bands with 1e-07 tolerance
Working in 2 dimensions.
Grid size is 192 x 64 x 1.
Solving for 6 bands at a time.
Creating Maxwell data...
Mesh size is 3.
Lattice vectors:
     (3, 0, 0)
     (0, 1, 0)
     (0, 0, 1)
Cell volume = 3
Reciprocal lattice vectors (/ 2 pi):
     (0.333333, -0, 0)
     (-0, 1, -0)
     (0, -0, 1)
Geometric objects:
     block, center = (0,0,0)
          size (1e+20,1e+20,1)
          axes (1,0,0), (0,1,0), (0,0,1)
     prism, center = (0.00223607,-1.38778e-17,0.5)
          height 1, axis (0,0,1), sidewall angle: 0 radians, 4 vertices:
          (0.252236,0.25,0)
          (-0.247764,0.25,0)
          (-0.247764,-0.25,0)
          (0.252236,-0.25,0)
     prism, center = (1.00275,-1.38778e-17,0.5)
          height 1, axis (0,0,1), sidewall angle: 0 radians, 4 vertices:
          (1.25275,0.25,0)
          (0.752755,0.25,0)
          (0.752755,-0.25,0)
          (1.25275,-0.25,0)
     prism, center = (1.99501,-1.38778e-17,0.5)
          height 1, axis (0,0,1), sidewall angle: 0 radians, 4 vertices:
          (2.24501,0.25,0)
          (1.74501,0.25,0)
          (1.74501,-0.25,0)
          (2.24501,-0.25,0)
Geometric object tree has depth 2 and 21 object nodes (vs. 4 actual objects)
Initializing epsilon function...
Allocating fields...
Solving for band polarization: te.
Initializing fields to random numbers...
1 k-points
  Vector3<-0.09, 0.14, 0.0>
elapsed time for initialization: 0.01175236701965332
solve_kpoint (-0.09,0.14,0):
tefreqs:, k index, k1, k2, k3, kmag/2pi, te band 1, te band 2, te band 3, te band 4, te band 5, te band 6
Solving for bands 1 to 6...
    near maximum in trace
    iteration    1: trace = 1.831474399985363 (199.428% change)
    iteration    2: trace = 0.4723235405547418 (117.992% change)
    iteration    3: trace = 0.4131579041767092 (13.3635% change)
    iteration    4: trace = 0.3995675066899628 (3.3444% change)
    iteration    5: trace = 0.3968945123706003 (0.671217% change)
    iteration    6: trace = 0.3956192351559847 (0.321831% change)
    iteration    7: trace = 0.3950942167132867 (0.132796% change)
    iteration    8: trace = 0.3947340880533209 (0.0911916% change)
    iteration    9: trace = 0.3946456399204739 (0.0224095% change)
    iteration   10: trace = 0.3946151956768704 (0.00771462% change)
    iteration   11: trace = 0.394608668524225 (0.00165407% change)
    iteration   12: trace = 0.3946052803211522 (0.000858627% change)
    iteration   13: trace = 0.3946038452128312 (0.000363683% change)
    iteration   14: trace = 0.3946032279041191 (0.000156438% change)
    iteration   15: trace = 0.3946031021266418 (3.18744e-05% change)
    iteration   16: trace = 0.3946030677511169 (8.71142e-06% change)
Finished solving for bands 1 to 6 after 16 iterations.
tefreqs:, 1, -0.09, 0.14, 0, 0.143178, 0.0644541, 0.148817, 0.171498, 0.300486, 0.322165, 0.380537
elapsed time for k point: 0.2533552646636963
total elapsed time for run: 0.2651798725128174
done
Initializing eigensolver data
Computing 6 bands with 1e-07 tolerance
Working in 2 dimensions.
Grid size is 192 x 64 x 1.
Solving for 6 bands at a time.
Creating Maxwell data...
Mesh size is 3.
Lattice vectors:
     (3, 0, 0)
     (0, 1, 0)
     (0, 0, 1)
Cell volume = 3
Reciprocal lattice vectors (/ 2 pi):
     (0.333333, -0, 0)
     (-0, 1, -0)
     (0, -0, 1)
Geometric objects:
     block, center = (0,0,0)
          size (1e+20,1e+20,1)
          axes (1,0,0), (0,1,0), (0,0,1)
     prism, center = (0.005,-1.38778e-17,0.5)
          height 1, axis (0,0,1), sidewall angle: 0 radians, 4 vertices:
          (0.255,0.25,0)
          (-0.245,0.25,0)
          (-0.245,-0.25,0)
          (0.255,-0.25,0)
     prism, center = (1.005,-1.38778e-17,0.5)
          height 1, axis (0,0,1), sidewall angle: 0 radians, 4 vertices:
          (1.255,0.25,0)
          (0.755,0.25,0)
          (0.755,-0.25,0)
          (1.255,-0.25,0)
     prism, center = (2.005,-1.38778e-17,0.5)
          height 1, axis (0,0,1), sidewall angle: 0 radians, 4 vertices:
          (2.255,0.25,0)
          (1.755,0.25,0)
          (1.755,-0.25,0)
          (2.255,-0.25,0)
Geometric object tree has depth 2 and 21 object nodes (vs. 4 actual objects)
Initializing epsilon function...
Allocating fields...
Solving for band polarization: te.
Initializing fields to random numbers...
1 k-points
  Vector3<-0.09, 0.14, 0.0>
elapsed time for initialization: 0.011688470840454102
solve_kpoint (-0.09,0.14,0):
tefreqs:, k index, k1, k2, k3, kmag/2pi, te band 1, te band 2, te band 3, te band 4, te band 5, te band 6
Solving for bands 1 to 6...
    near maximum in trace
    iteration    1: trace = 1.83465459033563 (199.428% change)
    iteration    2: trace = 0.4739456881778646 (117.882% change)
    iteration    3: trace = 0.4140413167245752 (13.4922% change)
    iteration    4: trace = 0.4000288828815534 (3.44256% change)
    iteration    5: trace = 0.3971699799015974 (0.717237% change)
    iteration    6: trace = 0.395846409144887 (0.333807% change)
    iteration    7: trace = 0.3952880222091805 (0.141161% change)
    iteration    8: trace = 0.3948861936412791 (0.101706% change)
    iteration    9: trace = 0.3947843760423925 (0.0257874% change)
    iteration   10: trace = 0.3947500176367119 (0.00870346% change)
    iteration   11: trace = 0.3947428254546695 (0.00182198% change)
    iteration   12: trace = 0.3947393520270271 (0.000879926% change)
    iteration   13: trace = 0.3947379146820011 (0.000364126% change)
    iteration   14: trace = 0.3947372709855659 (0.000163069% change)
    iteration   15: trace = 0.3947371390914718 (3.34131e-05% change)
    iteration   16: trace = 0.3947371044450982 (8.77708e-06% change)
Finished solving for bands 1 to 6 after 16 iterations.
tefreqs:, 1, -0.09, 0.14, 0, 0.143178, 0.0644719, 0.148827, 0.171499, 0.300543, 0.322175, 0.380652
elapsed time for k point: 0.28592562675476074
total elapsed time for run: 0.2976796627044678
done
Initializing eigensolver data
Computing 6 bands with 1e-07 tolerance
Working in 2 dimensions.
Grid size is 192 x 64 x 1.
Solving for 6 bands at a time.
Creating Maxwell data...
Mesh size is 3.
Lattice vectors:
     (3, 0, 0)
     (0, 1, 0)
     (0, 0, 1)
Cell volume = 3
Reciprocal lattice vectors (/ 2 pi):
     (0.333333, -0, 0)
     (-0, 1, -0)
     (0, -0, 1)
Geometric objects:
     block, center = (0,0,0)
          size (1e+20,1e+20,1)
          axes (1,0,0), (0,1,0), (0,0,1)
     prism, center = (-0.005,-1.38778e-17,0.5)
          height 1, axis (0,0,1), sidewall angle: 0 radians, 4 vertices:
          (0.245,0.25,0)
          (-0.255,0.25,0)
          (-0.255,-0.25,0)
          (0.245,-0.25,0)
     prism, center = (0.995,-1.38778e-17,0.5)
          height 1, axis (0,0,1), sidewall angle: 0 radians, 4 vertices:
          (1.245,0.25,0)
          (0.745,0.25,0)
          (0.745,-0.25,0)
          (1.245,-0.25,0)
     prism, center = (1.995,-1.38778e-17,0.5)
          height 1, axis (0,0,1), sidewall angle: 0 radians, 4 vertices:
          (2.245,0.25,0)
          (1.745,0.25,0)
          (1.745,-0.25,0)
          (2.245,-0.25,0)
Geometric object tree has depth 2 and 21 object nodes (vs. 4 actual objects)
Initializing epsilon function...
Allocating fields...
Solving for band polarization: te.
Initializing fields to random numbers...
1 k-points
  Vector3<-0.09, 0.14, 0.0>
elapsed time for initialization: 0.012156486511230469
solve_kpoint (-0.09,0.14,0):
tefreqs:, k index, k1, k2, k3, kmag/2pi, te band 1, te band 2, te band 3, te band 4, te band 5, te band 6
Solving for bands 1 to 6...
    near maximum in trace
    iteration    1: trace = 1.831826409263123 (199.429% change)
    iteration    2: trace = 0.4735968287208773 (117.829% change)
    iteration    3: trace = 0.4139100321277529 (13.4504% change)
    iteration    4: trace = 0.4000098049652879 (3.41563% change)
    iteration    5: trace = 0.3971673612770856 (0.713127% change)
    iteration    6: trace = 0.395840326977236 (0.334684% change)
    iteration    7: trace = 0.3952823717229388 (0.141054% change)
    iteration    8: trace = 0.3948834874913829 (0.100962% change)
    iteration    9: trace = 0.3947839605357973 (0.0252073% change)
    iteration   10: trace = 0.3947500873060183 (0.00858056% change)
    iteration   11: trace = 0.3947428978976666 (0.00182127% change)
    iteration   12: trace = 0.3947393700859957 (0.000893703% change)
    iteration   13: trace = 0.3947379150232493 (0.000368614% change)
    iteration   14: trace = 0.394737271938292 (0.000162915% change)
    iteration   15: trace = 0.3947371398086196 (3.34728e-05% change)
    iteration   16: trace = 0.3947371047005326 (8.89404e-06% change)
Finished solving for bands 1 to 6 after 16 iterations.
tefreqs:, 1, -0.09, 0.14, 0, 0.143178, 0.0644719, 0.148827, 0.171499, 0.300543, 0.322175, 0.380652
elapsed time for k point: 0.21996331214904785
total elapsed time for run: 0.23222088813781738
done
Initializing eigensolver data
Computing 6 bands with 1e-07 tolerance
Working in 2 dimensions.
Grid size is 192 x 64 x 1.
Solving for 6 bands at a time.
Creating Maxwell data...
Mesh size is 3.
Lattice vectors:
     (3, 0, 0)
     (0, 1, 0)
     (0, 0, 1)
Cell volume = 3
Reciprocal lattice vectors (/ 2 pi):
     (0.333333, -0, 0)
     (-0, 1, -0)
     (0, -0, 1)
Geometric objects:
     block, center = (0,0,0)
          size (1e+20,1e+20,1)
          axes (1,0,0), (0,1,0), (0,0,1)
     prism, center = (1.99501,-1.38778e-17,0.5)
          height 1, axis (0,0,1), sidewall angle: 0 radians, 4 vertices:
          (2.24501,0.25,0)
          (1.74501,0.25,0)
          (1.74501,-0.25,0)
          (2.24501,-0.25,0)
     prism, center = (1.00275,-1.38778e-17,0.5)
          height 1, axis (0,0,1), sidewall angle: 0 radians, 4 vertices:
          (0.752755,-0.25,0)
          (0.752755,0.25,0)
          (1.25275,0.25,0)
          (1.25275,-0.25,0)
     prism, center = (0.00223607,-1.38778e-17,0.5)
          height 1, axis (0,0,1), sidewall angle: 0 radians, 4 vertices:
          (-0.247764,-0.25,0)
          (0.252236,-0.25,0)
          (0.252236,0.25,0)
          (-0.247764,0.25,0)
Geometric object tree has depth 2 and 21 object nodes (vs. 4 actual objects)
Initializing epsilon function...
Allocating fields...
Solving for band polarization: te.
Initializing fields to random numbers...
1 k-points
  Vector3<-0.09, 0.14, 0.0>
elapsed time for initialization: 0.011782407760620117
solve_kpoint (-0.09,0.14,0):
tefreqs:, k index, k1, k2, k3, kmag/2pi, te band 1, te band 2, te band 3, te band 4, te band 5, te band 6
Solving for bands 1 to 6...
    near maximum in trace
    iteration    1: trace = 1.831474399985349 (199.428% change)
    iteration    2: trace = 0.4723235405547016 (117.992% change)
    iteration    3: trace = 0.4131579041767 (13.3635% change)
    iteration    4: trace = 0.3995675066899653 (3.3444% change)
    iteration    5: trace = 0.3968945123705996 (0.671217% change)
    iteration    6: trace = 0.3956192351559843 (0.321831% change)
    iteration    7: trace = 0.3950942167132859 (0.132796% change)
    iteration    8: trace = 0.3947340880533196 (0.0911916% change)
    iteration    9: trace = 0.394645639920473 (0.0224095% change)
    iteration   10: trace = 0.3946151956768699 (0.00771462% change)
    iteration   11: trace = 0.3946086685242254 (0.00165407% change)
    iteration   12: trace = 0.3946052803211524 (0.000858627% change)
    iteration   13: trace = 0.3946038452128325 (0.000363683% change)
    iteration   14: trace = 0.3946032279041232 (0.000156438% change)
    iteration   15: trace = 0.3946031021266412 (3.18744e-05% change)
    iteration   16: trace = 0.3946030677511181 (8.71142e-06% change)
Finished solving for bands 1 to 6 after 16 iterations.
tefreqs:, 1, -0.09, 0.14, 0, 0.143178, 0.0644541, 0.148817, 0.171498, 0.300486, 0.322165, 0.380537
elapsed time for k point: 0.2226855754852295
total elapsed time for run: 0.23453617095947266
done
Initializing eigensolver data
Computing 6 bands with 1e-07 tolerance
Working in 2 dimensions.
Grid size is 240 x 80 x 1.
Solving for 6 bands at a time.
Creating Maxwell data...
Mesh size is 3.
Lattice vectors:
     (3, 0, 0)
     (0, 1, 0)
     (0, 0, 1)
Cell volume = 3
Reciprocal lattice vectors (/ 2 pi):
     (0.333333, -0, 0)
     (-0, 1, -0)
     (0, -0, 1)
Geometric objects:
     block, center = (0,0,0)
          size (1e+20,1e+20,1)
          axes (1,0,0), (0,1,0), (0,0,1)
     prism, center = (-0.00447214,-1.38778e-17,0.5)
          height 1, axis (0,0,1), sidewall angle: 0 radians, 4 vertices:
          (0.245528,0.25,0)
          (-0.254472,0.25,0)
          (-0.254472,-0.25,0)
          (0.245528,-0.25,0)
     prism, center = (0.99449,-1.38778e-17,0.5)
          height 1, axis (0,0,1), sidewall angle: 0 radians, 4 vertices:
          (1.24449,0.25,0)
          (0.74449,0.25,0)
          (0.74449,-0.25,0)
          (1.24449,-0.25,0)
     prism, center = (2.00998,-1.38778e-17,0.5)
          height 1, axis (0,0,1), sidewall angle: 0 radians, 4 vertices:
          (2.25998,0.25,0)
          (1.75998,0.25,0)
          (1.75998,-0.25,0)
          (2.25998,-0.25,0)
Geometric object tree has depth 2 and 21 object nodes (vs. 4 actual objects)
Initializing epsilon function...
Allocating fields...
Solving for band polarization: te.
Initializing fields to random numbers...
1 k-points
  Vector3<-0.09, 0.14, 0.0>
elapsed time for initialization: 0.0186769962310791
solve_kpoint (-0.09,0.14,0):
tefreqs:, k index, k1, k2, k3, kmag/2pi, te band 1, te band 2, te band 3, te band 4, te band 5, te band 6
Solving for bands 1 to 6...
    near maximum in trace
    iteration    1: trace = 1.986621799822854 (199.606% change)
    iteration    2: trace = 0.518788247322352 (117.173% change)
    iteration    3: trace = 0.4429388150245864 (15.7736% change)
    iteration    4: trace = 0.4171705026642423 (5.99187% change)
    iteration    5: trace = 0.4088855856324541 (2.0059% change)
    iteration    6: trace = 0.4021122422907373 (1.67037% change)
    iteration    7: trace = 0.3986642860158969 (0.861153% change)
    iteration    8: trace = 0.3962169932348009 (0.615763% change)
    iteration    9: trace = 0.3955112633755737 (0.178276% change)
    iteration   10: trace = 0.3951948854958969 (0.0800241% change)
    iteration   11: trace = 0.3951026921371867 (0.0233313% change)
    iteration   12: trace = 0.3950388336427042 (0.0161638% change)
    iteration   13: trace = 0.3950164054508093 (0.00567763% change)
    iteration   14: trace = 0.3950082694946754 (0.00205967% change)
    iteration   15: trace = 0.3950067237749638 (0.000391314% change)
    iteration   16: trace = 0.3950062776388656 (0.000112944% change)
    iteration   17: trace = 0.3950061741450748 (2.62005e-05% change)
    iteration   18: trace = 0.3950061361886671 (9.60907e-06% change)
Finished solving for bands 1 to 6 after 18 iterations.
tefreqs:, 1, -0.09, 0.14, 0, 0.143178, 0.0644766, 0.148874, 0.171576, 0.300592, 0.32244, 0.380689
elapsed time for k point: 0.4687223434448242
total elapsed time for run: 0.4874701499938965
done
Initializing eigensolver data
Computing 6 bands with 1e-07 tolerance
Working in 2 dimensions.
Grid size is 240 x 80 x 1.
Solving for 6 bands at a time.
Creating Maxwell data...
Mesh size is 3.
Lattice vectors:
     (3, 0, 0)
     (0, 1, 0)
     (0, 0, 1)
Cell volume = 3
Reciprocal lattice vectors (/ 2 pi):
     (0.333333, -0, 0)
     (-0, 1, -0)
     (0, -0, 1)
Geometric objects:
     block, center = (0,0,0)
          size (1e+20,1e+20,1)
          axes (1,0,0), (0,1,0), (0,0,1)
     prism, center = (-0.00223607,-1.38778e-17,0.5)
          height 1, axis (0,0,1), sidewall angle: 0 radians, 4 vertices:
          (0.247764,0.25,0)
          (-0.252236,0.25,0)
          (-0.252236,-0.25,0)
          (0.247764,-0.25,0)
     prism, center = (0.997245,-1.38778e-17,0.5)
          height 1, axis (0,0,1), sidewall angle: 0 radians, 4 vertices:
          (1.24725,0.25,0)
          (0.747245,0.25,0)
          (0.747245,-0.25,0)
          (1.24725,-0.25,0)
     prism, center = (2.00499,-1.38778e-17,0.5)
          height 1, axis (0,0,1), sidewall angle: 0 radians, 4 vertices:
          (2.25499,0.25,0)
          (1.75499,0.25,0)
          (1.75499,-0.25,0)
          (2.25499,-0.25,0)
Geometric object tree has depth 2 and 21 object nodes (vs. 4 actual objects)
Initializing epsilon function...
Allocating fields...
Solving for band polarization: te.
Initializing fields to random numbers...
1 k-points
  Vector3<-0.09, 0.14, 0.0>
elapsed time for initialization: 0.01845860481262207
solve_kpoint (-0.09,0.14,0):
tefreqs:, k index, k1, k2, k3, kmag/2pi, te band 1, te band 2, te band 3, te band 4, te band 5, te band 6
Solving for bands 1 to 6...
    near maximum in trace
    iteration    1: trace = 1.984481954349079 (199.606% change)
    iteration    2: trace = 0.5185040815256545 (117.138% change)
    iteration    3: trace = 0.4428646632134601 (15.7358% change)
    iteration    4: trace = 0.417253638757339 (5.95523% change)
    iteration    5: trace = 0.4089682638514205 (2.00561% change)
    iteration    6: trace = 0.4021680590684225 (1.67671% change)
    iteration    7: trace = 0.3986295736073459 (0.88374% change)
    iteration    8: trace = 0.396176255567137 (0.617338% change)
    iteration    9: trace = 0.3954889591441512 (0.173633% change)
    iteration   10: trace = 0.3951970187548077 (0.0738448% change)
    iteration   11: trace = 0.3951115747106884 (0.021623% change)
    iteration   12: trace = 0.3950540714837296 (0.0145547% change)
    iteration   13: trace = 0.3950342392020439 (0.00502027% change)
    iteration   14: trace = 0.3950270827156205 (0.00181163% change)
    iteration   15: trace = 0.3950257201259705 (0.000344936% change)
    iteration   16: trace = 0.3950253224511658 (0.000100671% change)
    iteration   17: trace = 0.3950252299136635 (2.34257e-05% change)
    iteration   18: trace = 0.3950251953043478 (8.76129e-06% change)
Finished solving for bands 1 to 6 after 18 iterations.
tefreqs:, 1, -0.09, 0.14, 0, 0.143178, 0.0644784, 0.148875, 0.171556, 0.300696, 0.322367, 0.380702
elapsed time for k point: 0.43862390518188477
total elapsed time for run: 0.45717358589172363
done
Initializing eigensolver data
Computing 6 bands with 1e-07 tolerance
Working in 2 dimensions.
Grid size is 240 x 80 x 1.
Solving for 6 bands at a time.
Creating Maxwell data...
Mesh size is 3.
Lattice vectors:
     (3, 0, 0)
     (0, 1, 0)
     (0, 0, 1)
Cell volume = 3
Reciprocal lattice vectors (/ 2 pi):
     (0.333333, -0, 0)
     (-0, 1, -0)
     (0, -0, 1)
Geometric objects:
     block, center = (0,0,0)
          size (1e+20,1e+20,1)
          axes (1,0,0), (0,1,0), (0,0,1)
     prism, center = (-0.00111803,-1.38778e-17,0.5)
          height 1, axis (0,0,1), sidewall angle: 0 radians, 4 vertices:
          (0.248882,0.25,0)
          (-0.251118,0.25,0)
          (-0.251118,-0.25,0)
          (0.248882,-0.25,0)
     prism, center = (0.998623,-1.38778e-17,0.5)
          height 1, axis (0,0,1), sidewall angle: 0 radians, 4 vertices:
          (1.24862,0.25,0)
          (0.748623,0.25,0)
          (0.748623,-0.25,0)
          (1.24862,-0.25,0)
     prism, center = (2.0025,-1.38778e-17,0.5)
          height 1, axis (0,0,1), sidewall angle: 0 radians, 4 vertices:
          (2.2525,0.25,0)
          (1.7525,0.25,0)
          (1.7525,-0.25,0)
          (2.2525,-0.25,0)
Geometric object tree has depth 2 and 21 object nodes (vs. 4 actual objects)
Initializing epsilon function...
Allocating fields...
Solving for band polarization: te.
Initializing fields to random numbers...
1 k-points
  Vector3<-0.09, 0.14, 0.0>
elapsed time for initialization: 0.017742395401000977
solve_kpoint (-0.09,0.14,0):
tefreqs:, k index, k1, k2, k3, kmag/2pi, te band 1, te band 2, te band 3, te band 4, te band 5, te band 6
Solving for bands 1 to 6...
    near maximum in trace
    iteration    1: trace = 1.967920409619368 (199.605% change)
    iteration    2: trace = 0.5154161762408369 (116.98% change)
    iteration    3: trace = 0.4392047831436479 (15.9668% change)
    iteration    4: trace = 0.4147116556244989 (5.73666% change)
    iteration    5: trace = 0.4069219547725181 (1.89615% change)
    iteration    6: trace = 0.4016702963550434 (1.29896% change)
    iteration    7: trace = 0.3985999402319389 (0.76733% change)
    iteration    8: trace = 0.3960580637180549 (0.639741% change)
    iteration    9: trace = 0.3953358487681242 (0.182517% change)
    iteration   10: trace = 0.3950791960532667 (0.0649413% change)
    iteration   11: trace = 0.3950218832971051 (0.0145077% change)
    iteration   12: trace = 0.3949917389282092 (0.00763135% change)
    iteration   13: trace = 0.3949808570416525 (0.002755% change)
    iteration   14: trace = 0.3949760131386973 (0.00122637% change)
    iteration   15: trace = 0.3949748929403868 (0.000283612% change)
    iteration   16: trace = 0.3949745809870553 (7.89806e-05% change)
    iteration   17: trace = 0.3949745107114163 (1.77924e-05% change)
    iteration   18: trace = 0.3949744864499769 (6.14253e-06% change)
Finished solving for bands 1 to 6 after 18 iterations.
tefreqs:, 1, -0.09, 0.14, 0, 0.143178, 0.0644739, 0.148872, 0.171542, 0.300698, 0.322327, 0.380676
elapsed time for k point: 0.530127763748169
total elapsed time for run: 0.54795241355896
done
Initializing eigensolver data
Computing 6 bands with 1e-07 tolerance
Working in 2 dimensions.
Grid size is 240 x 80 x 1.
Solving for 6 bands at a time.
Creating Maxwell data...
Mesh size is 3.
Lattice vectors:
     (3, 0, 0)
     (0, 1, 0)
     (0, 0, 1)
Cell volume = 3
Reciprocal lattice vectors (/ 2 pi):
     (0.333333, -0, 0)
     (-0, 1, -0)
     (0, -0, 1)
Geometric objects:
     block, center = (0,0,0)
          size (1e+20,1e+20,1)
          axes (1,0,0), (0,1,0), (0,0,1)
     prism, center = (-0.000559017,-1.38778e-17,0.5)
          height 1, axis (0,0,1), sidewall angle: 0 radians, 4 vertices:
          (0.249441,0.25,0)
          (-0.250559,0.25,0)
          (-0.250559,-0.25,0)
          (0.249441,-0.25,0)
     prism, center = (0.999311,-1.38778e-17,0.5)
          height 1, axis (0,0,1), sidewall angle: 0 radians, 4 vertices:
          (1.24931,0.25,0)
          (0.749311,0.25,0)
          (0.749311,-0.25,0)
          (1.24931,-0.25,0)
     prism, center = (2.00125,-1.38778e-17,0.5)
          height 1, axis (0,0,1), sidewall angle: 0 radians, 4 vertices:
          (2.25125,0.25,0)
          (1.75125,0.25,0)
          (1.75125,-0.25,0)
          (2.25125,-0.25,0)
Geometric object tree has depth 2 and 21 object nodes (vs. 4 actual objects)
Initializing epsilon function...
Allocating fields...
Solving for band polarization: te.
Initializing fields to random numbers...
1 k-points
  Vector3<-0.09, 0.14, 0.0>
elapsed time for initialization: 0.01823282241821289
solve_kpoint (-0.09,0.14,0):
tefreqs:, k index, k1, k2, k3, kmag/2pi, te band 1, te band 2, te band 3, te band 4, te band 5, te band 6
Solving for bands 1 to 6...
    near maximum in trace
    iteration    1: trace = 1.968101339813922 (199.605% change)
    iteration    2: trace = 0.5156699437010078 (116.954% change)
    iteration    3: trace = 0.4394114707595776 (15.969% change)
    iteration    4: trace = 0.414852861921672 (5.74965% change)
    iteration    5: trace = 0.40700489438193 (1.90981% change)
    iteration    6: trace = 0.4017003203507795 (1.31187% change)
    iteration    7: trace = 0.398621180227463 (0.769476% change)
    iteration    8: trace = 0.396106742832244 (0.632779% change)
    iteration    9: trace = 0.3953909870144285 (0.180861% change)
    iteration   10: trace = 0.3951357295675488 (0.0645791% change)
    iteration   11: trace = 0.3950779157597391 (0.0146324% change)
    iteration   12: trace = 0.3950471477575362 (0.00778813% change)
    iteration   13: trace = 0.3950359646569184 (0.00283087% change)
    iteration   14: trace = 0.3950310458938817 (0.00124515% change)
    iteration   15: trace = 0.3950299189521023 (0.00028528% change)
    iteration   16: trace = 0.3950296066520466 (7.90573e-05% change)
    iteration   17: trace = 0.3950295360741107 (1.78665e-05% change)
    iteration   18: trace = 0.3950295119784426 (6.09971e-06% change)
Finished solving for bands 1 to 6 after 18 iterations.
tefreqs:, 1, -0.09, 0.14, 0, 0.143178, 0.0644785, 0.148875, 0.17155, 0.30072, 0.322348, 0.380707
elapsed time for k point: 0.5282201766967773
total elapsed time for run: 0.5465245246887207
done
Initializing eigensolver data
Computing 12 bands with 1e-07 tolerance
Working in 2 dimensions.
Grid size is 240 x 80 x 1.
Solving for 6 bands at a time.
Creating Maxwell data...
Mesh size is 3.
Lattice vectors:
     (3, 0, 0)
     (0, 1, 0)
     (0, 0, 1)
Cell volume = 3
Reciprocal lattice vectors (/ 2 pi):
     (0.333333, -0, 0)
     (-0, 1, -0)
     (0, -0, 1)
Geometric objects:
     block, center = (0,0,0)
          size (1e+20,1e+20,1)
          axes (1,0,0), (0,1,0), (0,0,1)
     prism, center = (-2.08167e-17,-1.38778e-17,0.5)
          height 1, axis (0,0,1), sidewall angle: 0 radians, 4 vertices:
          (0.25,0.25,0)
          (-0.25,0.25,0)
          (-0.25,-0.25,0)
          (0.25,-0.25,0)
     prism, center = (1,-1.38778e-17,0.5)
          height 1, axis (0,0,1), sidewall angle: 0 radians, 4 vertices:
          (1.25,0.25,0)
          (0.75,0.25,0)
          (0.75,-0.25,0)
          (1.25,-0.25,0)
     prism, center = (2,-1.38778e-17,0.5)
          height 1, axis (0,0,1), sidewall angle: 0 radians, 4 vertices:
          (2.25,0.25,0)
          (1.75,0.25,0)
          (1.75,-0.25,0)
          (2.25,-0.25,0)
Geometric object tree has depth 2 and 21 object nodes (vs. 4 actual objects)
Initializing epsilon function...
Allocating fields...
Solving for band polarization: te.
Initializing fields to random numbers...
1 k-points
  Vector3<-0.09, 0.14, 0.0>
elapsed time for initialization: 0.027019739151000977
solve_kpoint (-0.09,0.14,0):
tefreqs:, k index, k1, k2, k3, kmag/2pi, te band 1, te band 2, te band 3, te band 4, te band 5, te band 6, te band 7, te band 8, te band 9, te band 10, te band 11, te band 12
Solving for bands 1 to 6...
    near maximum in trace
    iteration    1: trace = 2.067877707580662 (199.588% change)
    iteration    2: trace = 0.5323564628318269 (118.106% change)
    iteration    3: trace = 0.4491134621837544 (16.9629% change)
    iteration    4: trace = 0.4150553963053654 (7.88227% change)
    iteration    5: trace = 0.4051809672207515 (2.4077% change)
    iteration    6: trace = 0.400056604207521 (1.27276% change)
    iteration    7: trace = 0.3978739167790101 (0.547087% change)
    iteration    8: trace = 0.3962174072400159 (0.417209% change)
    iteration    9: trace = 0.3957297037459372 (0.123166% change)
    iteration   10: trace = 0.3955344403508816 (0.0493548% change)
    iteration   11: trace = 0.3954890606155964 (0.0114737% change)
    iteration   12: trace = 0.3954638749804723 (0.00636843% change)
    iteration   13: trace = 0.3954539952846657 (0.00249829% change)
    iteration   14: trace = 0.3954494278032865 (0.001155% change)
    iteration   15: trace = 0.395448472107895 (0.000241674% change)
    iteration   16: trace = 0.3954482050389838 (6.75357e-05% change)
    iteration   17: trace = 0.3954481428177473 (1.57344e-05% change)
    iteration   18: trace = 0.3954481205765922 (5.62429e-06% change)
Finished solving for bands 1 to 6 after 18 iterations.
Solving for bands 7 to 12...
    near maximum in trace
    iteration    1: trace = 6.182618444192318 (198.775% change)
    iteration    2: trace = 1.572160535117561 (118.906% change)
    iteration    3: trace = 1.327476310063416 (16.8769% change)
    iteration    4: trace = 1.26270106989547 (5.00161% change)
    iteration    5: trace = 1.242036220261808 (1.65006% change)
    iteration    6: trace = 1.230735718801069 (0.913995% change)
    iteration    7: trace = 1.224200018103909 (0.532454% change)
    iteration    8: trace = 1.218883738608195 (0.435211% change)
    iteration    9: trace = 1.21587750276923 (0.246943% change)
    iteration   10: trace = 1.213996076506611 (0.154858% change)
    iteration   11: trace = 1.213179318158671 (0.0673011% change)
    iteration   12: trace = 1.21264802031385 (0.0438034% change)
    iteration   13: trace = 1.212270680461426 (0.0311219% change)
    iteration   14: trace = 1.211928110102415 (0.0282626% change)
    iteration   15: trace = 1.211763445572668 (0.0135879% change)
    iteration   16: trace = 1.211653450386814 (0.00907769% change)
    iteration   17: trace = 1.211567558003764 (0.00708911% change)
    iteration   18: trace = 1.211483673527406 (0.00692387% change)
    iteration   19: trace = 1.211427645135273 (0.00462488% change)
    iteration   20: trace = 1.211380808615378 (0.0038663% change)
    iteration   21: trace = 1.211357085004832 (0.00195841% change)
    iteration   22: trace = 1.211343010618485 (0.00116188% change)
    iteration   23: trace = 1.211335699213117 (0.00060358% change)
    iteration   24: trace = 1.211330863103967 (0.000399239% change)
    iteration   25: trace = 1.211329236812132 (0.000134257% change)
    iteration   26: trace = 1.211328692575516 (4.49289e-05% change)
    iteration   27: trace = 1.21132855081526 (1.17029e-05% change)
    iteration   28: trace = 1.211328492256383 (4.83427e-06% change)
Finished solving for bands 7 to 12 after 28 iterations.
Finished k-point with 23 mean iterations/band.
tefreqs:, 1, -0.09, 0.14, 0, 0.143178, 0.0645225, 0.148913, 0.17159, 0.30084, 0.322477, 0.381013, 0.409833, 0.416674, 0.425894, 0.467541, 0.479597, 0.489648
elapsed time for k point: 1.7022504806518555
total elapsed time for run: 1.7293825149536133
done
Initializing eigensolver data
Computing 6 bands with 1e-07 tolerance
Working in 2 dimensions.
Grid size is 240 x 80 x 1.
Solving for 6 bands at a time.
Creating Maxwell data...
Mesh size is 3.
Lattice vectors:
     (3, 0, 0)
     (0, 1, 0)
     (0, 0, 1)
Cell volume = 3
Reciprocal lattice vectors (/ 2 pi):
     (0.333333, -0, 0)
     (-0, 1, -0)
     (0, -0, 1)
Geometric objects:
     block, center = (0,0,0)
          size (1e+20,1e+20,1)
          axes (1,0,0), (0,1,0), (0,0,1)
     prism, center = (0.000559017,-1.38778e-17,0.5)
          height 1, axis (0,0,1), sidewall angle: 0 radians, 4 vertices:
          (0.250559,0.25,0)
          (-0.249441,0.25,0)
          (-0.249441,-0.25,0)
          (0.250559,-0.25,0)
     prism, center = (1.00069,-1.38778e-17,0.5)
          height 1, axis (0,0,1), sidewall angle: 0 radians, 4 vertices:
          (1.25069,0.25,0)
          (0.750689,0.25,0)
          (0.750689,-0.25,0)
          (1.25069,-0.25,0)
     prism, center = (1.99875,-1.38778e-17,0.5)
          height 1, axis (0,0,1), sidewall angle: 0 radians, 4 vertices:
          (2.24875,0.25,0)
          (1.74875,0.25,0)
          (1.74875,-0.25,0)
          (2.24875,-0.25,0)
Geometric object tree has depth 2 and 21 object nodes (vs. 4 actual objects)
Initializing epsilon function...
Allocating fields...
Solving for band polarization: te.
Initializing fields to random numbers...
1 k-points
  Vector3<-0.09, 0.14, 0.0>
elapsed time for initialization: 0.01812577247619629
solve_kpoint (-0.09,0.14,0):
tefreqs:, k index, k1, k2, k3, kmag/2pi, te band 1, te band 2, te band 3, te band 4, te band 5, te band 6
Solving for bands 1 to 6...
    near maximum in trace
    iteration    1: trace = 2.043618125564055 (199.595% change)
    iteration    2: trace = 0.5249412096390252 (118.251% change)
    iteration    3: trace = 0.4431074176773706 (16.907% change)
    iteration    4: trace = 0.410791416256995 (7.56905% change)
    iteration    5: trace = 0.4016960897012881 (2.23888% change)
    iteration    6: trace = 0.3975832596312153 (1.02913% change)
    iteration    7: trace = 0.396318721935413 (0.318563% change)
    iteration    8: trace = 0.3954563328388835 (0.217837% change)
    iteration    9: trace = 0.395172913547175 (0.0716946% change)
    iteration   10: trace = 0.3950678034462403 (0.026602% change)
    iteration   11: trace = 0.3950468651387111 (0.00530007% change)
    iteration   12: trace = 0.3950374389496084 (0.00238612% change)
    iteration   13: trace = 0.3950331158592595 (0.00109436% change)
    iteration   14: trace = 0.395030764718573 (0.000595177% change)
    iteration   15: trace = 0.3950302128988804 (0.00013969% change)
    iteration   16: trace = 0.3950300382169578 (4.42199e-05% change)
    iteration   17: trace = 0.3950299991653328 (9.88574e-06% change)
Finished solving for bands 1 to 6 after 17 iterations.
tefreqs:, 1, -0.09, 0.14, 0, 0.143178, 0.0644785, 0.148875, 0.17155, 0.30072, 0.322349, 0.380707
elapsed time for k point: 0.5320274829864502
total elapsed time for run: 0.550246000289917
done
Initializing eigensolver data
Computing 6 bands with 1e-07 tolerance
Working in 2 dimensions.
Grid size is 240 x 80 x 1.
Solving for 6 bands at a time.
Creating Maxwell data...
Mesh size is 3.
Lattice vectors:
     (3, 0, 0)
     (0, 1, 0)
     (0, 0, 1)
Cell volume = 3
Reciprocal lattice vectors (/ 2 pi):
     (0.333333, -0, 0)
     (-0, 1, -0)
     (0, -0, 1)
Geometric objects:
     block, center = (0,0,0)
          size (1e+20,1e+20,1)
          axes (1,0,0), (0,1,0), (0,0,1)
     prism, center = (0.00111803,-1.38778e-17,0.5)
          height 1, axis (0,0,1), sidewall angle: 0 radians, 4 vertices:
          (0.251118,0.25,0)
          (-0.248882,0.25,0)
          (-0.248882,-0.25,0)
          (0.251118,-0.25,0)
     prism, center = (1.00138,-1.38778e-17,0.5)
          height 1, axis (0,0,1), sidewall angle: 0 radians, 4 vertices:
          (1.25138,0.25,0)
          (0.751377,0.25,0)
          (0.751377,-0.25,0)
          (1.25138,-0.25,0)
     prism, center = (1.9975,-1.38778e-17,0.5)
          height 1, axis (0,0,1), sidewall angle: 0 radians, 4 vertices:
          (2.2475,0.25,0)
          (1.7475,0.25,0)
          (1.7475,-0.25,0)
          (2.2475,-0.25,0)
Geometric object tree has depth 2 and 21 object nodes (vs. 4 actual objects)
Initializing epsilon function...
Allocating fields...
Solving for band polarization: te.
Initializing fields to random numbers...
1 k-points
  Vector3<-0.09, 0.14, 0.0>
elapsed time for initialization: 0.018298864364624023
solve_kpoint (-0.09,0.14,0):
tefreqs:, k index, k1, k2, k3, kmag/2pi, te band 1, te band 2, te band 3, te band 4, te band 5, te band 6
Solving for bands 1 to 6...
    near maximum in trace
    iteration    1: trace = 2.1225748327415 (199.578% change)
    iteration    2: trace = 0.4906297261294587 (124.9% change)
    iteration    3: trace = 0.4269808238333472 (13.8727% change)
    iteration    4: trace = 0.4060173867894097 (5.03325% change)
    iteration    5: trace = 0.4004242069208216 (1.38713% change)
    iteration    6: trace = 0.3973236998457206 (0.777315% change)
    iteration    7: trace = 0.3960902793949441 (0.310915% change)
    iteration    8: trace = 0.3952627794462147 (0.209135% change)
    iteration    9: trace = 0.3950751546854736 (0.0474796% change)
    iteration   10: trace = 0.3950009835053608 (0.0187757% change)
    iteration   11: trace = 0.3949864874209412 (0.00366995% change)
    iteration   12: trace = 0.3949793240924385 (0.00181358% change)
    iteration   13: trace = 0.3949765218607152 (0.000709465% change)
    iteration   14: trace = 0.3949749994491321 (0.000385444% change)
    iteration   15: trace = 0.3949746049759145 (9.9873e-05% change)
    iteration   16: trace = 0.394974477307055 (3.23233e-05% change)
    iteration   17: trace = 0.3949744485453506 (7.28191e-06% change)
Finished solving for bands 1 to 6 after 17 iterations.
tefreqs:, 1, -0.09, 0.14, 0, 0.143178, 0.0644739, 0.148872, 0.171542, 0.300697, 0.322329, 0.380675
elapsed time for k point: 0.5353295803070068
total elapsed time for run: 0.5537078380584717
done
Initializing eigensolver data
Computing 6 bands with 1e-07 tolerance
Working in 2 dimensions.
Grid size is 240 x 80 x 1.
Solving for 6 bands at a time.
Creating Maxwell data...
Mesh size is 3.
Lattice vectors:
     (3, 0, 0)
     (0, 1, 0)
     (0, 0, 1)
Cell volume = 3
Reciprocal lattice vectors (/ 2 pi):
     (0.333333, -0, 0)
     (-0, 1, -0)
     (0, -0, 1)
Geometric objects:
     block, center = (0,0,0)
          size (1e+20,1e+20,1)
          axes (1,0,0), (0,1,0), (0,0,1)
     prism, center = (0.00223607,-1.38778e-17,0.5)
          height 1, axis (0,0,1), sidewall angle: 0 radians, 4 vertices:
          (0.252236,0.25,0)
          (-0.247764,0.25,0)
          (-0.247764,-0.25,0)
          (0.252236,-0.25,0)
     prism, center = (1.00275,-1.38778e-17,0.5)
          height 1, axis (0,0,1), sidewall angle: 0 radians, 4 vertices:
          (1.25275,0.25,0)
          (0.752755,0.25,0)
          (0.752755,-0.25,0)
          (1.25275,-0.25,0)
     prism, center = (1.99501,-1.38778e-17,0.5)
          height 1, axis (0,0,1), sidewall angle: 0 radians, 4 vertices:
          (2.24501,0.25,0)
          (1.74501,0.25,0)
          (1.74501,-0.25,0)
          (2.24501,-0.25,0)
Geometric object tree has depth 2 and 21 object nodes (vs. 4 actual objects)
Initializing epsilon function...
Allocating fields...
Solving for band polarization: te.
Initializing fields to random numbers...
1 k-points
  Vector3<-0.09, 0.14, 0.0>
elapsed time for initialization: 0.01957988739013672
solve_kpoint (-0.09,0.14,0):
tefreqs:, k index, k1, k2, k3, kmag/2pi, te band 1, te band 2, te band 3, te band 4, te band 5, te band 6
Solving for bands 1 to 6...
    near maximum in trace
    iteration    1: trace = 2.125647761930703 (199.578% change)
    iteration    2: trace = 0.4913266835977287 (124.902% change)
    iteration    3: trace = 0.4274423315377384 (13.9065% change)
    iteration    4: trace = 0.4063385926559007 (5.06218% change)
    iteration    5: trace = 0.4006128159805389 (1.41911% change)
    iteration    6: trace = 0.3974713206690864 (0.787259% change)
    iteration    7: trace = 0.3962024461681775 (0.319747% change)
    iteration    8: trace = 0.3953399877440785 (0.217918% change)
    iteration    9: trace = 0.3951388686120957 (0.0508854% change)
    iteration   10: trace = 0.3950560023827373 (0.0209736% change)
    iteration   11: trace = 0.39503871259177 (0.00437664% change)
    iteration   12: trace = 0.3950302956600565 (0.00213068% change)
    iteration   13: trace = 0.3950268674343049 (0.000867842% change)
    iteration   14: trace = 0.3950250388069876 (0.000462913% change)
    iteration   15: trace = 0.3950245597469743 (0.000121273% change)
    iteration   16: trace = 0.395024399472945 (4.05732e-05% change)
    iteration   17: trace = 0.3950243636004461 (9.08108e-06% change)
Finished solving for bands 1 to 6 after 17 iterations.
tefreqs:, 1, -0.09, 0.14, 0, 0.143178, 0.0644784, 0.148875, 0.171556, 0.300694, 0.32237, 0.3807
elapsed time for k point: 0.6326065063476562
total elapsed time for run: 0.6522743701934814
done
Initializing eigensolver data
Computing 6 bands with 1e-07 tolerance
Working in 2 dimensions.
Grid size is 240 x 80 x 1.
Solving for 6 bands at a time.
Creating Maxwell data...
Mesh size is 3.
Lattice vectors:
     (3, 0, 0)
     (0, 1, 0)
     (0, 0, 1)
Cell volume = 3
Reciprocal lattice vectors (/ 2 pi):
     (0.333333, -0, 0)
     (-0, 1, -0)
     (0, -0, 1)
Geometric objects:
     block, center = (0,0,0)
          size (1e+20,1e+20,1)
          axes (1,0,0), (0,1,0), (0,0,1)
     prism, center = (0.00447214,-1.38778e-17,0.5)
          height 1, axis (0,0,1), sidewall angle: 0 radians, 4 vertices:
          (0.254472,0.25,0)
          (-0.245528,0.25,0)
          (-0.245528,-0.25,0)
          (0.254472,-0.25,0)
     prism, center = (1.00551,-1.38778e-17,0.5)
          height 1, axis (0,0,1), sidewall angle: 0 radians, 4 vertices:
          (1.25551,0.25,0)
          (0.75551,0.25,0)
          (0.75551,-0.25,0)
          (1.25551,-0.25,0)
     prism, center = (1.99002,-1.38778e-17,0.5)
          height 1, axis (0,0,1), sidewall angle: 0 radians, 4 vertices:
          (2.24002,0.25,0)
          (1.74002,0.25,0)
          (1.74002,-0.25,0)
          (2.24002,-0.25,0)
Geometric object tree has depth 2 and 21 object nodes (vs. 4 actual objects)
Initializing epsilon function...
Allocating fields...
Solving for band polarization: te.
Initializing fields to random numbers...
1 k-points
  Vector3<-0.09, 0.14, 0.0>
elapsed time for initialization: 0.019222736358642578
solve_kpoint (-0.09,0.14,0):
tefreqs:, k index, k1, k2, k3, kmag/2pi, te band 1, te band 2, te band 3, te band 4, te band 5, te band 6
Solving for bands 1 to 6...
    near maximum in trace
    iteration    1: trace = 2.146238372884671 (199.575% change)
    iteration    2: trace = 0.5139271754027283 (122.723% change)
    iteration    3: trace = 0.4346306031706507 (16.7194% change)
    iteration    4: trace = 0.4106979741771006 (5.66233% change)
    iteration    5: trace = 0.4033164774330256 (1.8136% change)
    iteration    6: trace = 0.3991186996230353 (1.04626% change)
    iteration    7: trace = 0.3972815173788913 (0.461372% change)
    iteration    8: trace = 0.3958082762325925 (0.371519% change)
    iteration    9: trace = 0.3952997471024763 (0.128561% change)
    iteration   10: trace = 0.395088723021731 (0.0533976% change)
    iteration   11: trace = 0.3950398104411016 (0.0123809% change)
    iteration   12: trace = 0.395018241854982 (0.00546% change)
    iteration   13: trace = 0.3950094378463777 (0.00222878% change)
    iteration   14: trace = 0.3950053147834137 (0.00104379% change)
    iteration   15: trace = 0.3950043604405797 (0.000241603% change)
    iteration   16: trace = 0.3950041401162083 (5.57777e-05% change)
    iteration   17: trace = 0.3950040964174467 (1.10629e-05% change)
    iteration   18: trace = 0.3950040859818983 (2.64188e-06% change)
Finished solving for bands 1 to 6 after 18 iterations.
tefreqs:, 1, -0.09, 0.14, 0, 0.143178, 0.0644765, 0.148874, 0.171576, 0.300591, 0.322441, 0.380686
elapsed time for k point: 0.61318039894104
total elapsed time for run: 0.6324849128723145
done
Initializing eigensolver data
Computing 12 bands with 1e-07 tolerance
Working in 2 dimensions.
Grid size is 240 x 80 x 1.
Solving for 6 bands at a time.
Creating Maxwell data...
Mesh size is 3.
Lattice vectors:
     (3, 0, 0)
     (0, 1, 0)
     (0, 0, 1)
Cell volume = 3
Reciprocal lattice vectors (/ 2 pi):
     (0.333333, -0, 0)
     (-0, 1, -0)
     (0, -0, 1)
Geometric objects:
     block, center = (0,0,0)
          size (1e+20,1e+20,1)
          axes (1,0,0), (0,1,0), (0,0,1)
     prism, center = (-2.08167e-17,-1.38778e-17,0.5)
          height 1, axis (0,0,1), sidewall angle: 0 radians, 4 vertices:
          (0.25,0.25,0)
          (-0.25,0.25,0)
          (-0.25,-0.25,0)
          (0.25,-0.25,0)
     prism, center = (1,-1.38778e-17,0.5)
          height 1, axis (0,0,1), sidewall angle: 0 radians, 4 vertices:
          (1.25,0.25,0)
          (0.75,0.25,0)
          (0.75,-0.25,0)
          (1.25,-0.25,0)
     prism, center = (2,-1.38778e-17,0.5)
          height 1, axis (0,0,1), sidewall angle: 0 radians, 4 vertices:
          (2.25,0.25,0)
          (1.75,0.25,0)
          (1.75,-0.25,0)
          (2.25,-0.25,0)
Geometric object tree has depth 2 and 21 object nodes (vs. 4 actual objects)
Initializing epsilon function...
Allocating fields...
Solving for band polarization: te.
Initializing fields to random numbers...
1 k-points
  Vector3<-0.09, 0.14, 0.0>
elapsed time for initialization: 0.031213998794555664
solve_kpoint (-0.09,0.14,0):
tefreqs:, k index, k1, k2, k3, kmag/2pi, te band 1, te band 2, te band 3, te band 4, te band 5, te band 6, te band 7, te band 8, te band 9, te band 10, te band 11, te band 12
Solving for bands 1 to 6...
    near maximum in trace
    iteration    1: trace = 2.343538390568617 (199.529% change)
    iteration    2: trace = 0.5662132589315055 (122.163% change)
    iteration    3: trace = 0.457183585533808 (21.3074% change)
    iteration    4: trace = 0.4202967093979941 (8.40745% change)
    iteration    5: trace = 0.4096843953211995 (2.55724% change)
    iteration    6: trace = 0.4035731779425797 (1.5029% change)
    iteration    7: trace = 0.4002007782146874 (0.839141% change)
    iteration    8: trace = 0.3971926529913083 (0.75449% change)
    iteration    9: trace = 0.3960664135102085 (0.283953% change)
    iteration   10: trace = 0.395613141438615 (0.114509% change)
    iteration   11: trace = 0.3955133751855425 (0.0252213% change)
    iteration   12: trace = 0.3954709883869513 (0.0107175% change)
    iteration   13: trace = 0.395457948291653 (0.00329741% change)
    iteration   14: trace = 0.3954509524479256 (0.00176906% change)
    iteration   15: trace = 0.3954489753291696 (0.000499967% change)
    iteration   16: trace = 0.395448305412739 (0.000169407% change)
    iteration   17: trace = 0.395448163662448 (3.58455e-05% change)
    iteration   18: trace = 0.3954481233084416 (1.02046e-05% change)
    iteration   19: trace = 0.3954481133007136 (2.53073e-06% change)
Finished solving for bands 1 to 6 after 19 iterations.
Solving for bands 7 to 12...
    near maximum in trace
    iteration    1: trace = 6.435898381250961 (198.724% change)
    iteration    2: trace = 1.62164076634749 (119.497% change)
    iteration    3: trace = 1.355140942914859 (17.9052% change)
    iteration    4: trace = 1.277452074898487 (5.90208% change)
    iteration    5: trace = 1.248391667714467 (2.30105% change)
    iteration    6: trace = 1.232398074547744 (1.2894% change)
    iteration    7: trace = 1.22537372865956 (0.571603% change)
    iteration    8: trace = 1.220584361851667 (0.391615% change)
    iteration    9: trace = 1.21726710936551 (0.272146% change)
    iteration   10: trace = 1.214851483879059 (0.198644% change)
    iteration   11: trace = 1.213719441699775 (0.093227% change)
    iteration   12: trace = 1.213053287399694 (0.0549004% change)
    iteration   13: trace = 1.212629218421436 (0.0349649% change)
    iteration   14: trace = 1.21224241112048 (0.0319033% change)
    iteration   15: trace = 1.211988129792301 (0.0209783% change)
    iteration   16: trace = 1.211794723941551 (0.015959% change)
    iteration   17: trace = 1.211668594235234 (0.010409% change)
    iteration   18: trace = 1.211561775369067 (0.00881624% change)
    iteration   19: trace = 1.211483558751709 (0.00645606% change)
    iteration   20: trace = 1.211413378848236 (0.00579306% change)
    iteration   21: trace = 1.211374953704867 (0.00317198% change)
    iteration   22: trace = 1.211354072707824 (0.00172376% change)
    iteration   23: trace = 1.211343052799894 (0.000909722% change)
    iteration   24: trace = 1.21133460224183 (0.000697621% change)
    iteration   25: trace = 1.21133091092844 (0.000304732% change)
    iteration   26: trace = 1.211329308958805 (0.000132249% change)
    iteration   27: trace = 1.211328842549484 (3.85039e-05% change)
    iteration   28: trace = 1.211328649827836 (1.59099e-05% change)
    iteration   29: trace = 1.211328570313025 (6.56426e-06% change)
Finished solving for bands 7 to 12 after 29 iterations.
Finished k-point with 24 mean iterations/band.
tefreqs:, 1, -0.09, 0.14, 0, 0.143178, 0.0645225, 0.148913, 0.17159, 0.30084, 0.322477, 0.381013, 0.409833, 0.416674, 0.425894, 0.467541, 0.479597, 0.489648
elapsed time for k point: 1.6103410720825195
total elapsed time for run: 1.6416516304016113
done
Initializing eigensolver data
Computing 12 bands with 1e-07 tolerance
Working in 2 dimensions.
Grid size is 240 x 80 x 1.
Solving for 6 bands at a time.
Creating Maxwell data...
Mesh size is 3.
Lattice vectors:
     (3, 0, 0)
     (0, 1, 0)
     (0, 0, 1)
Cell volume = 3
Reciprocal lattice vectors (/ 2 pi):
     (0.333333, -0, 0)
     (-0, 1, -0)
     (0, -0, 1)
Geometric objects:
     block, center = (0,0,0)
          size (1e+20,1e+20,1)
          axes (1,0,0), (0,1,0), (0,0,1)
     prism, center = (-2.08167e-17,-1.38778e-17,0.5)
          height 1, axis (0,0,1), sidewall angle: 0 radians, 4 vertices:
          (0.25,0.25,0)
          (-0.25,0.25,0)
          (-0.25,-0.25,0)
          (0.25,-0.25,0)
     prism, center = (1,-1.38778e-17,0.5)
          height 1, axis (0,0,1), sidewall angle: 0 radians, 4 vertices:
          (1.25,0.25,0)
          (0.75,0.25,0)
          (0.75,-0.25,0)
          (1.25,-0.25,0)
     prism, center = (2,-1.38778e-17,0.5)
          height 1, axis (0,0,1), sidewall angle: 0 radians, 4 vertices:
          (2.25,0.25,0)
          (1.75,0.25,0)
          (1.75,-0.25,0)
          (2.25,-0.25,0)
Geometric object tree has depth 2 and 21 object nodes (vs. 4 actual objects)
Initializing epsilon function...
Allocating fields...
Solving for band polarization: te.
Initializing fields to random numbers...
1 k-points
  Vector3<-0.09, 0.14, 0.0>
elapsed time for initialization: 0.028127193450927734
solve_kpoint (-0.09,0.14,0):
tefreqs:, k index, k1, k2, k3, kmag/2pi, te band 1, te band 2, te band 3, te band 4, te band 5, te band 6, te band 7, te band 8, te band 9, te band 10, te band 11, te band 12
Solving for bands 1 to 6...
    near maximum in trace
    iteration    1: trace = 1.954787299624541 (199.612% change)
    iteration    2: trace = 0.5074417597170715 (117.564% change)
    iteration    3: trace = 0.4411161387253537 (13.9845% change)
    iteration    4: trace = 0.423468302035587 (4.08239% change)
    iteration    5: trace = 0.4161466916514026 (1.74404% change)
    iteration    6: trace = 0.4087601278056542 (1.79088% change)
    iteration    7: trace = 0.4026853025864185 (1.49728% change)
    iteration    8: trace = 0.3976420597170072 (1.2603% change)
    iteration    9: trace = 0.3961778223244519 (0.368909% change)
    iteration   10: trace = 0.3956730993808456 (0.127479% change)
    iteration   11: trace = 0.395552053804525 (0.030597% change)
    iteration   12: trace = 0.3954917101348691 (0.0152567% change)
    iteration   13: trace = 0.3954662926723906 (0.00642701% change)
    iteration   14: trace = 0.3954534262333468 (0.00325354% change)
    iteration   15: trace = 0.3954497219674085 (0.000936718% change)
    iteration   16: trace = 0.3954486339590927 (0.000275132% change)
    iteration   17: trace = 0.3954483191244642 (7.96146e-05% change)
    iteration   18: trace = 0.3954481934371225 (3.17835e-05% change)
    iteration   19: trace = 0.3954481338427694 (1.50701e-05% change)
    iteration   20: trace = 0.3954481117155267 (5.59549e-06% change)
Finished solving for bands 1 to 6 after 20 iterations.
Solving for bands 7 to 12...
    near maximum in trace
    iteration    1: trace = 6.052604728367643 (198.791% change)
    iteration    2: trace = 1.664519303245406 (113.723% change)
    iteration    3: trace = 1.393631801507058 (17.7158% change)
    iteration    4: trace = 1.296635373877566 (7.21091% change)
    iteration    5: trace = 1.255002987671498 (3.26319% change)
    iteration    6: trace = 1.236951192270439 (1.44881% change)
    iteration    7: trace = 1.229074982002313 (0.638778% change)
    iteration    8: trace = 1.222257850664013 (0.556198% change)
    iteration    9: trace = 1.217535250639483 (0.387131% change)
    iteration   10: trace = 1.214350572924484 (0.26191% change)
    iteration   11: trace = 1.212933981297296 (0.116722% change)
    iteration   12: trace = 1.21235587736638 (0.047673% change)
    iteration   13: trace = 1.212129737622554 (0.0186547% change)
    iteration   14: trace = 1.211916166505366 (0.017621% change)
    iteration   15: trace = 1.211741221896385 (0.0144364% change)
    iteration   16: trace = 1.211610772479721 (0.010766% change)
    iteration   17: trace = 1.211531716065537 (0.00652511% change)
    iteration   18: trace = 1.211462831040068 (0.00568594% change)
    iteration   19: trace = 1.211415798097816 (0.0038824% change)
    iteration   20: trace = 1.211376147568869 (0.00327313% change)
    iteration   21: trace = 1.211355424778318 (0.0017107% change)
    iteration   22: trace = 1.211344104971207 (0.000934479% change)
    iteration   23: trace = 1.211338477886543 (0.000464533% change)
    iteration   24: trace = 1.211333792892207 (0.000386763% change)
    iteration   25: trace = 1.211330902808051 (0.000238587% change)
    iteration   26: trace = 1.21132930858731 (0.000131609% change)
    iteration   27: trace = 1.21132880945091 (4.12057e-05% change)
    iteration   28: trace = 1.21132860008028 (1.72844e-05% change)
    iteration   29: trace = 1.211328524799852 (6.2147e-06% change)
Finished solving for bands 7 to 12 after 29 iterations.
Finished k-point with 24.5 mean iterations/band.
tefreqs:, 1, -0.09, 0.14, 0, 0.143178, 0.0645225, 0.148913, 0.17159, 0.30084, 0.322477, 0.381013, 0.409833, 0.416674, 0.425894, 0.467541, 0.479597, 0.489648
elapsed time for k point: 1.607762336730957
total elapsed time for run: 1.6359748840332031
done
Initializing eigensolver data
Computing 6 bands with 1e-07 tolerance
Working in 2 dimensions.
Grid size is 240 x 80 x 1.
Solving for 6 bands at a time.
Creating Maxwell data...
Mesh size is 3.
Lattice vectors:
     (3, 0, 0)
     (0, 1, 0)
     (0, 0, 1)
Cell volume = 3
Reciprocal lattice vectors (/ 2 pi):
     (0.333333, -0, 0)
     (-0, 1, -0)
     (0, -0, 1)
Geometric objects:
     block, center = (0,0,0)
          size (1e+20,1e+20,1)
          axes (1,0,0), (0,1,0), (0,0,1)
     prism, center = (0.00223607,-1.38778e-17,0.5)
          height 1, axis (0,0,1), sidewall angle: 0 radians, 4 vertices:
          (0.252236,0.25,0)
          (-0.247764,0.25,0)
          (-0.247764,-0.25,0)
          (0.252236,-0.25,0)
     prism, center = (1.00275,-1.38778e-17,0.5)
          height 1, axis (0,0,1), sidewall angle: 0 radians, 4 vertices:
          (1.25275,0.25,0)
          (0.752755,0.25,0)
          (0.752755,-0.25,0)
          (1.25275,-0.25,0)
     prism, center = (1.99501,-1.38778e-17,0.5)
          height 1, axis (0,0,1), sidewall angle: 0 radians, 4 vertices:
          (2.24501,0.25,0)
          (1.74501,0.25,0)
          (1.74501,-0.25,0)
          (2.24501,-0.25,0)
Geometric object tree has depth 2 and 21 object nodes (vs. 4 actual objects)
Initializing epsilon function...
Allocating fields...
Solving for band polarization: te.
Initializing fields to random numbers...
1 k-points
  Vector3<-0.09, 0.14, 0.0>
elapsed time for initialization: 0.01786494255065918
solve_kpoint (-0.09,0.14,0):
tefreqs:, k index, k1, k2, k3, kmag/2pi, te band 1, te band 2, te band 3, te band 4, te band 5, te band 6
Solving for bands 1 to 6...
    near maximum in trace
    iteration    1: trace = 1.457720351674763 (199.71% change)
    iteration    2: trace = 0.4694078243510724 (102.568% change)
    iteration    3: trace = 0.4273190223842129 (9.38721% change)
    iteration    4: trace = 0.4123250294393135 (3.57151% change)
    iteration    5: trace = 0.4058824103003712 (1.57481% change)
    iteration    6: trace = 0.3999484069473589 (1.47277% change)
    iteration    7: trace = 0.3971393483609128 (0.70483% change)
    iteration    8: trace = 0.3956228168690019 (0.382594% change)
    iteration    9: trace = 0.3952585048589696 (0.0921281% change)
    iteration   10: trace = 0.3951106155081839 (0.0374229% change)
    iteration   11: trace = 0.3950650608758521 (0.0115303% change)
    iteration   12: trace = 0.3950395720957934 (0.006452% change)
    iteration   13: trace = 0.3950297476498404 (0.00248698% change)
    iteration   14: trace = 0.3950257522005813 (0.00101144% change)
    iteration   15: trace = 0.3950247771609931 (0.00024683% change)
    iteration   16: trace = 0.3950245046169107 (6.89942e-05% change)
    iteration   17: trace = 0.3950244099814861 (2.39569e-05% change)
    iteration   18: trace = 0.3950243675641209 (1.07379e-05% change)
    iteration   19: trace = 0.3950243487314232 (4.76748e-06% change)
Finished solving for bands 1 to 6 after 19 iterations.
tefreqs:, 1, -0.09, 0.14, 0, 0.143178, 0.0644784, 0.148875, 0.171556, 0.300694, 0.32237, 0.3807
elapsed time for k point: 0.5373032093048096
total elapsed time for run: 0.5552401542663574
done
Initializing eigensolver data
Computing 6 bands with 1e-07 tolerance
Working in 2 dimensions.
Grid size is 240 x 80 x 1.
Solving for 6 bands at a time.
Creating Maxwell data...
Mesh size is 3.
Lattice vectors:
     (3, 0, 0)
     (0, 1, 0)
     (0, 0, 1)
Cell volume = 3
Reciprocal lattice vectors (/ 2 pi):
     (0.333333, -0, 0)
     (-0, 1, -0)
     (0, -0, 1)
Geometric objects:
     block, center = (0,0,0)
          size (1e+20,1e+20,1)
          axes (1,0,0), (0,1,0), (0,0,1)
     prism, center = (0.00223607,-1.38778e-17,0.5)
          height 1, axis (0,0,1), sidewall angle: 0 radians, 4 vertices:
          (0.252236,0.25,0)
          (-0.247764,0.25,0)
          (-0.247764,-0.25,0)
          (0.252236,-0.25,0)
     prism, center = (1.00275,-1.38778e-17,0.5)
          height 1, axis (0,0,1), sidewall angle: 0 radians, 4 vertices:
          (1.25275,0.25,0)
          (0.752755,0.25,0)
          (0.752755,-0.25,0)
          (1.25275,-0.25,0)
     prism, center = (1.99501,-1.38778e-17,0.5)
          height 1, axis (0,0,1), sidewall angle: 0 radians, 4 vertices:
          (2.24501,0.25,0)
          (1.74501,0.25,0)
          (1.74501,-0.25,0)
          (2.24501,-0.25,0)
Geometric object tree has depth 2 and 21 object nodes (vs. 4 actual objects)
Initializing epsilon function...
Allocating fields...
Solving for band polarization: te.
Initializing fields to random numbers...
1 k-points
  Vector3<-0.09, 0.14, 0.0>
elapsed time for initialization: 0.018395662307739258
solve_kpoint (-0.09,0.14,0):
tefreqs:, k index, k1, k2, k3, kmag/2pi, te band 1, te band 2, te band 3, te band 4, te band 5, te band 6
Solving for bands 1 to 6...
    near maximum in trace
    iteration    1: trace = 2.239755091573675 (199.554% change)
    iteration    2: trace = 0.5189920467581516 (124.75% change)
    iteration    3: trace = 0.4285624669736939 (19.0869% change)
    iteration    4: trace = 0.4045906804159963 (5.75447% change)
    iteration    5: trace = 0.3989899932225974 (1.39393% change)
    iteration    6: trace = 0.3966109585302194 (0.598047% change)
    iteration    7: trace = 0.3957648941200483 (0.213551% change)
    iteration    8: trace = 0.3952897542988166 (0.120128% change)
    iteration    9: trace = 0.3951198295726328 (0.0429966% change)
    iteration   10: trace = 0.3950530033158194 (0.0169143% change)
    iteration   11: trace = 0.3950355682496097 (0.00441345% change)
    iteration   12: trace = 0.3950291342083653 (0.00162874% change)
    iteration   13: trace = 0.3950263913834433 (0.000694337% change)
    iteration   14: trace = 0.3950249833588745 (0.000356439% change)
    iteration   15: trace = 0.3950245194941929 (0.000117427% change)
    iteration   16: trace = 0.3950243901554326 (3.2742e-05% change)
    iteration   17: trace = 0.3950243560573373 (8.6319e-06% change)
Finished solving for bands 1 to 6 after 17 iterations.
tefreqs:, 1, -0.09, 0.14, 0, 0.143178, 0.0644784, 0.148875, 0.171556, 0.300694, 0.32237, 0.3807
elapsed time for k point: 0.5598161220550537
total elapsed time for run: 0.5783007144927979
done
Initializing eigensolver data
Computing 6 bands with 1e-07 tolerance
Working in 2 dimensions.
Grid size is 240 x 80 x 1.
Solving for 6 bands at a time.
Creating Maxwell data...
Mesh size is 3.
Lattice vectors:
     (3, 0, 0)
     (0, 1, 0)
     (0, 0, 1)
Cell volume = 3
Reciprocal lattice vectors (/ 2 pi):
     (0.333333, -0, 0)
     (-0, 1, -0)
     (0, -0, 1)
Geometric objects:
     block, center = (0,0,0)
          size (1e+20,1e+20,1)
          axes (1,0,0), (0,1,0), (0,0,1)
     prism, center = (0.005,-1.38778e-17,0.5)
          height 1, axis (0,0,1), sidewall angle: 0 radians, 4 vertices:
          (0.255,0.25,0)
          (-0.245,0.25,0)
          (-0.245,-0.25,0)
          (0.255,-0.25,0)
     prism, center = (1.005,-1.38778e-17,0.5)
          height 1, axis (0,0,1), sidewall angle: 0 radians, 4 vertices:
          (1.255,0.25,0)
          (0.755,0.25,0)
          (0.755,-0.25,0)
          (1.255,-0.25,0)
     prism, center = (2.005,-1.38778e-17,0.5)
          height 1, axis (0,0,1), sidewall angle: 0 radians, 4 vertices:
          (2.255,0.25,0)
          (1.755,0.25,0)
          (1.755,-0.25,0)
          (2.255,-0.25,0)
Geometric object tree has depth 2 and 21 object nodes (vs. 4 actual objects)
Initializing epsilon function...
Allocating fields...
Solving for band polarization: te.
Initializing fields to random numbers...
1 k-points
  Vector3<-0.09, 0.14, 0.0>
elapsed time for initialization: 0.01765275001525879
solve_kpoint (-0.09,0.14,0):
tefreqs:, k index, k1, k2, k3, kmag/2pi, te band 1, te band 2, te band 3, te band 4, te band 5, te band 6
Solving for bands 1 to 6...
    near maximum in trace
    iteration    1: trace = 2.246239395443881 (199.554% change)
    iteration    2: trace = 0.5201544805810138 (124.79% change)
    iteration    3: trace = 0.4295053091765695 (19.0909% change)
    iteration    4: trace = 0.4049741318404413 (5.8794% change)
    iteration    5: trace = 0.3991306349867934 (1.45342% change)
    iteration    6: trace = 0.3967295067069834 (0.603405% change)
    iteration    7: trace = 0.395888944701852 (0.212098% change)
    iteration    8: trace = 0.3954332131183995 (0.115182% change)
    iteration    9: trace = 0.3952694065793881 (0.0414332% change)
    iteration   10: trace = 0.395203919499953 (0.0165691% change)
    iteration   11: trace = 0.3951864256154043 (0.00442664% change)
    iteration   12: trace = 0.3951800848689219 (0.00160451% change)
    iteration   13: trace = 0.395177343455486 (0.000693715% change)
    iteration   14: trace = 0.3951759428349473 (0.000354429% change)
    iteration   15: trace = 0.3951754610895701 (0.000121907% change)
    iteration   16: trace = 0.3951753304501474 (3.30586e-05% change)
    iteration   17: trace = 0.3951752966914318 (8.54272e-06% change)
Finished solving for bands 1 to 6 after 17 iterations.
tefreqs:, 1, -0.09, 0.14, 0, 0.143178, 0.0644977, 0.148888, 0.171561, 0.300761, 0.322386, 0.38082
elapsed time for k point: 0.7238154411315918
total elapsed time for run: 0.7415406703948975
done
Initializing eigensolver data
Computing 6 bands with 1e-07 tolerance
Working in 2 dimensions.
Grid size is 240 x 80 x 1.
Solving for 6 bands at a time.
Creating Maxwell data...
Mesh size is 3.
Lattice vectors:
     (3, 0, 0)
     (0, 1, 0)
     (0, 0, 1)
Cell volume = 3
Reciprocal lattice vectors (/ 2 pi):
     (0.333333, -0, 0)
     (-0, 1, -0)
     (0, -0, 1)
Geometric objects:
     block, center = (0,0,0)
          size (1e+20,1e+20,1)
          axes (1,0,0), (0,1,0), (0,0,1)
     prism, center = (-0.005,-1.38778e-17,0.5)
          height 1, axis (0,0,1), sidewall angle: 0 radians, 4 vertices:
          (0.245,0.25,0)
          (-0.255,0.25,0)
          (-0.255,-0.25,0)
          (0.245,-0.25,0)
     prism, center = (0.995,-1.38778e-17,0.5)
          height 1, axis (0,0,1), sidewall angle: 0 radians, 4 vertices:
          (1.245,0.25,0)
          (0.745,0.25,0)
          (0.745,-0.25,0)
          (1.245,-0.25,0)
     prism, center = (1.995,-1.38778e-17,0.5)
          height 1, axis (0,0,1), sidewall angle: 0 radians, 4 vertices:
          (2.245,0.25,0)
          (1.745,0.25,0)
          (1.745,-0.25,0)
          (2.245,-0.25,0)
Geometric object tree has depth 2 and 21 object nodes (vs. 4 actual objects)
Initializing epsilon function...
Allocating fields...
Solving for band polarization: te.
Initializing fields to random numbers...
1 k-points
  Vector3<-0.09, 0.14, 0.0>
elapsed time for initialization: 0.01762866973876953
solve_kpoint (-0.09,0.14,0):
tefreqs:, k index, k1, k2, k3, kmag/2pi, te band 1, te band 2, te band 3, te band 4, te band 5, te band 6
Solving for bands 1 to 6...
    near maximum in trace
    iteration    1: trace = 1.91912130647013 (199.622% change)
    iteration    2: trace = 0.4843731228825401 (119.389% change)
    iteration    3: trace = 0.4296871929915129 (11.9655% change)
    iteration    4: trace = 0.4121755638684535 (4.16021% change)
    iteration    5: trace = 0.4061515175728854 (1.47228% change)
    iteration    6: trace = 0.4009218635303418 (1.29596% change)
    iteration    7: trace = 0.3980198755778449 (0.726458% change)
    iteration    8: trace = 0.3958661857330228 (0.542569% change)
    iteration    9: trace = 0.3953986052303085 (0.118186% change)
    iteration   10: trace = 0.395246388295623 (0.0385045% change)
    iteration   11: trace = 0.3952106149085133 (0.00905132% change)
    iteration   12: trace = 0.3951897527243697 (0.00527889% change)
    iteration   13: trace = 0.3951807146578731 (0.00228705% change)
    iteration   14: trace = 0.3951765725297552 (0.00104817% change)
    iteration   15: trace = 0.3951756315240203 (0.000238123% change)
    iteration   16: trace = 0.3951753846515138 (6.24716e-05% change)
    iteration   17: trace = 0.3951753242572271 (1.52829e-05% change)
    iteration   18: trace = 0.3951752990138461 (6.38789e-06% change)
Finished solving for bands 1 to 6 after 18 iterations.
tefreqs:, 1, -0.09, 0.14, 0, 0.143178, 0.0644977, 0.148888, 0.171561, 0.300761, 0.322386, 0.38082
elapsed time for k point: 0.5028567314147949
total elapsed time for run: 0.5205662250518799
done
Initializing eigensolver data
Computing 6 bands with 1e-07 tolerance
Working in 2 dimensions.
Grid size is 240 x 80 x 1.
Solving for 6 bands at a time.
Creating Maxwell data...
Mesh size is 3.
Lattice vectors:
     (3, 0, 0)
     (0, 1, 0)
     (0, 0, 1)
Cell volume = 3
Reciprocal lattice vectors (/ 2 pi):
     (0.333333, -0, 0)
     (-0, 1, -0)
     (0, -0, 1)
Geometric objects:
     block, center = (0,0,0)
          size (1e+20,1e+20,1)
          axes (1,0,0), (0,1,0), (0,0,1)
     prism, center = (1.99501,-1.38778e-17,0.5)
          height 1, axis (0,0,1), sidewall angle: 0 radians, 4 vertices:
          (2.24501,0.25,0)
          (1.74501,0.25,0)
          (1.74501,-0.25,0)
          (2.24501,-0.25,0)
     prism, center = (1.00275,-1.38778e-17,0.5)
          height 1, axis (0,0,1), sidewall angle: 0 radians, 4 vertices:
          (0.752755,-0.25,0)
          (0.752755,0.25,0)
          (1.25275,0.25,0)
          (1.25275,-0.25,0)
     prism, center = (0.00223607,-1.38778e-17,0.5)
          height 1, axis (0,0,1), sidewall angle: 0 radians, 4 vertices:
          (-0.247764,-0.25,0)
          (0.252236,-0.25,0)
          (0.252236,0.25,0)
          (-0.247764,0.25,0)
Geometric object tree has depth 2 and 21 object nodes (vs. 4 actual objects)
Initializing epsilon function...
Allocating fields...
Solving for band polarization: te.
Initializing fields to random numbers...
1 k-points
  Vector3<-0.09, 0.14, 0.0>
elapsed time for initialization: 0.02695488929748535
solve_kpoint (-0.09,0.14,0):
tefreqs:, k index, k1, k2, k3, kmag/2pi, te band 1, te band 2, te band 3, te band 4, te band 5, te band 6
Solving for bands 1 to 6...
    near maximum in trace
    iteration    1: trace = 2.110014395195892 (199.581% change)
    iteration    2: trace = 0.513644627624483 (121.69% change)
    iteration    3: trace = 0.4298572762852624 (17.7609% change)
    iteration    4: trace = 0.4075621862002123 (5.32471% change)
    iteration    5: trace = 0.4013535307317709 (1.53506% change)
    iteration    6: trace = 0.3981291291378826 (0.806622% change)
    iteration    7: trace = 0.3965272367770392 (0.403166% change)
    iteration    8: trace = 0.3954988323768781 (0.25969% change)
    iteration    9: trace = 0.3951856235986586 (0.0792247% change)
    iteration   10: trace = 0.3950695647008581 (0.0293725% change)
    iteration   11: trace = 0.3950423766859849 (0.00688207% change)
    iteration   12: trace = 0.3950321167128281 (0.00259722% change)
    iteration   13: trace = 0.3950275592691568 (0.0011537% change)
    iteration   14: trace = 0.395025287990369 (0.000574969% change)
    iteration   15: trace = 0.3950246052142551 (0.000172844% change)
    iteration   16: trace = 0.3950244173609958 (4.75548e-05% change)
    iteration   17: trace = 0.3950243663375695 (1.29165e-05% change)
    iteration   18: trace = 0.3950243510278569 (3.87564e-06% change)
Finished solving for bands 1 to 6 after 18 iterations.
tefreqs:, 1, -0.09, 0.14, 0, 0.143178, 0.0644784, 0.148875, 0.171556, 0.300694, 0.32237, 0.3807
elapsed time for k point: 0.5012655258178711
total elapsed time for run: 0.5283012390136719
done
