Initializing eigensolver data
Computing 6 bands with 1e-10 tolerance
Working in 2 dimensions.
Grid size is 240 x 80 x 1.
Solving for 6 bands at a time.
Creating Maxwell data...
Mesh size is 3.
Lattice vectors:
     (3, 0, 0)
     (0, 1, 0)
     (0, 0, 1)
Cell volume = 3
Reciprocal lattice vectors (/ 2 pi):
     (0.333333, -0, 0)
     (-0, 1, -0)
     (0, -0, 1)
Geometric objects:
     block, center = (0,0,0)
          size (1e+20,1e+20,1)
          axes (1,0,0), (0,1,0), (0,0,1)
     prism, center = (-0.000894427,-1.38778e-17,0.5)
          height 1, axis (0,0,1), sidewall angle: 0 radians, 4 vertices:
          (0.249106,0.25,0)
          (-0.250894,0.25,0)
          (-0.250894,-0.25,0)
          (0.249106,-0.25,0)
     prism, center = (0.998898,-1.38778e-17,0.5)
          height 1, axis (0,0,1), sidewall angle: 0 radians, 4 vertices:
          (1.2489,0.25,0)
          (0.748898,0.25,0)
          (0.748898,-0.25,0)
          (1.2489,-0.25,0)
     prism, center = (2.002,-1.38778e-17,0.5)
          height 1, axis (0,0,1), sidewall angle: 0 radians, 4 vertices:
          (2.252,0.25,0)
          (1.752,0.25,0)
          (1.752,-0.25,0)
          (2.252,-0.25,0)
Geometric object tree has depth 2 and 21 object nodes (vs. 4 actual objects)
Initializing epsilon function...
Allocating fields...
Solving for band polarization: te.
Initializing fields to random numbers...
1 k-points
  Vector3<-0.09, 0.14, 0.0>
elapsed time for initialization: 0.01988816261291504
solve_kpoint (-0.09,0.14,0):
tefreqs:, k index, k1, k2, k3, kmag/2pi, te band 1, te band 2, te band 3, te band 4, te band 5, te band 6
Solving for bands 1 to 6...
    near maximum in trace
    iteration    1: trace = 2.080422597716768 (199.586% change)
    iteration    2: trace = 0.5678263812133856 (114.234% change)
    iteration    3: trace = 0.4400603349155709 (25.3533% change)
    iteration    4: trace = 0.4206982975930963 (4.49883% change)
    iteration    5: trace = 0.4115157193203436 (2.20678% change)
    iteration    6: trace = 0.4062544427608486 (1.28674% change)
    iteration    7: trace = 0.3999579538041225 (1.56199% change)
    iteration    8: trace = 0.3967228986932079 (0.812133% change)
    iteration    9: trace = 0.3954020087210515 (0.333505% change)
    iteration   10: trace = 0.3951742319175635 (0.057623% change)
    iteration   11: trace = 0.3950875476918324 (0.0219381% change)
    iteration   12: trace = 0.3950517235658717 (0.0090678% change)
    iteration   13: trace = 0.3950282491858367 (0.00594228% change)
    iteration   14: trace = 0.3950217679785001 (0.00164071% change)
    iteration   15: trace = 0.3950198438340574 (0.0004871% change)
    iteration   16: trace = 0.3950194874274144 (9.0225e-05% change)
    iteration   17: trace = 0.3950193709263869 (2.94925e-05% change)
    iteration   18: trace = 0.3950193261414505 (1.13374e-05% change)
    iteration   19: trace = 0.3950193064442582 (4.98639e-06% change)
    iteration   20: trace = 0.3950192994454971 (1.77175e-06% change)
    iteration   21: trace = 0.3950192973035165 (5.42247e-07% change)
    iteration   22: trace = 0.3950192968090864 (1.25166e-07% change)
    iteration   23: trace = 0.3950192966950723 (2.88629e-08% change)
    iteration   24: trace = 0.3950192966502808 (1.13391e-08% change)
    iteration   25: trace = 0.3950192966304188 (5.02809e-09% change)
Finished solving for bands 1 to 6 after 25 iterations.
tefreqs:, 1, -0.09, 0.14, 0, 0.143178, 0.0644772, 0.148874, 0.17155, 0.300715, 0.322348, 0.380698
elapsed time for k point: 1.1073510646820068
total elapsed time for run: 1.127342939376831
done
Initializing eigensolver data
Computing 6 bands with 1e-10 tolerance
Working in 2 dimensions.
Grid size is 240 x 80 x 1.
Solving for 6 bands at a time.
Creating Maxwell data...
Mesh size is 3.
Lattice vectors:
     (3, 0, 0)
     (0, 1, 0)
     (0, 0, 1)
Cell volume = 3
Reciprocal lattice vectors (/ 2 pi):
     (0.333333, -0, 0)
     (-0, 1, -0)
     (0, -0, 1)
Geometric objects:
     block, center = (0,0,0)
          size (1e+20,1e+20,1)
          axes (1,0,0), (0,1,0), (0,0,1)
     prism, center = (-0.000447214,-1.38778e-17,0.5)
          height 1, axis (0,0,1), sidewall angle: 0 radians, 4 vertices:
          (0.249553,0.25,0)
          (-0.250447,0.25,0)
          (-0.250447,-0.25,0)
          (0.249553,-0.25,0)
     prism, center = (0.999449,-1.38778e-17,0.5)
          height 1, axis (0,0,1), sidewall angle: 0 radians, 4 vertices:
          (1.24945,0.25,0)
          (0.749449,0.25,0)
          (0.749449,-0.25,0)
          (1.24945,-0.25,0)
     prism, center = (2.001,-1.38778e-17,0.5)
          height 1, axis (0,0,1), sidewall angle: 0 radians, 4 vertices:
          (2.251,0.25,0)
          (1.751,0.25,0)
          (1.751,-0.25,0)
          (2.251,-0.25,0)
Geometric object tree has depth 2 and 21 object nodes (vs. 4 actual objects)
Initializing epsilon function...
Allocating fields...
Solving for band polarization: te.
Initializing fields to random numbers...
1 k-points
  Vector3<-0.09, 0.14, 0.0>
elapsed time for initialization: 0.0194246768951416
solve_kpoint (-0.09,0.14,0):
tefreqs:, k index, k1, k2, k3, kmag/2pi, te band 1, te band 2, te band 3, te band 4, te band 5, te band 6
Solving for bands 1 to 6...
    near maximum in trace
    iteration    1: trace = 1.742767862171556 (199.651% change)
    iteration    2: trace = 0.4672842745503314 (115.426% change)
    iteration    3: trace = 0.4143132572723998 (12.0171% change)
    iteration    4: trace = 0.3996438576291597 (3.60446% change)
    iteration    5: trace = 0.39695196943711 (0.675848% change)
    iteration    6: trace = 0.3958218426466725 (0.285107% change)
    iteration    7: trace = 0.3953885588391552 (0.109524% change)
    iteration    8: trace = 0.3951041186753068 (0.0719653% change)
    iteration    9: trace = 0.3950416218595464 (0.0158191% change)
    iteration   10: trace = 0.3950182055178726 (0.00592774% change)
    iteration   11: trace = 0.39501236333476 (0.00147898% change)
    iteration   12: trace = 0.3950091703217198 (0.000808336% change)
    iteration   13: trace = 0.3950079387158849 (0.000311792% change)
    iteration   14: trace = 0.3950073735284956 (0.000143083% change)
    iteration   15: trace = 0.3950072423893297 (3.31992e-05% change)
    iteration   16: trace = 0.395007204649074 (9.55432e-06% change)
    iteration   17: trace = 0.3950071962835149 (2.11782e-06% change)
    iteration   18: trace = 0.3950071933972722 (7.30681e-07% change)
    iteration   19: trace = 0.3950071922620353 (2.87397e-07% change)
    iteration   20: trace = 0.3950071916650658 (1.51129e-07% change)
    iteration   21: trace = 0.3950071914623525 (5.13189e-08% change)
    iteration   22: trace = 0.3950071914155747 (1.18423e-08% change)
    iteration   23: trace = 0.3950071914044384 (2.81928e-09% change)
Finished solving for bands 1 to 6 after 23 iterations.
tefreqs:, 1, -0.09, 0.14, 0, 0.143178, 0.0644736, 0.148873, 0.171549, 0.30072, 0.322347, 0.380681
elapsed time for k point: 0.8842983245849609
total elapsed time for run: 0.9038197994232178
done
Initializing eigensolver data
Computing 6 bands with 1e-10 tolerance
Working in 2 dimensions.
Grid size is 240 x 80 x 1.
Solving for 6 bands at a time.
Creating Maxwell data...
Mesh size is 3.
Lattice vectors:
     (3, 0, 0)
     (0, 1, 0)
     (0, 0, 1)
Cell volume = 3
Reciprocal lattice vectors (/ 2 pi):
     (0.333333, -0, 0)
     (-0, 1, -0)
     (0, -0, 1)
Geometric objects:
     block, center = (0,0,0)
          size (1e+20,1e+20,1)
          axes (1,0,0), (0,1,0), (0,0,1)
     prism, center = (-0.000223607,-1.38778e-17,0.5)
          height 1, axis (0,0,1), sidewall angle: 0 radians, 4 vertices:
          (0.249776,0.25,0)
          (-0.250224,0.25,0)
          (-0.250224,-0.25,0)
          (0.249776,-0.25,0)
     prism, center = (0.999725,-1.38778e-17,0.5)
          height 1, axis (0,0,1), sidewall angle: 0 radians, 4 vertices:
          (1.24972,0.25,0)
          (0.749725,0.25,0)
          (0.749725,-0.25,0)
          (1.24972,-0.25,0)
     prism, center = (2.0005,-1.38778e-17,0.5)
          height 1, axis (0,0,1), sidewall angle: 0 radians, 4 vertices:
          (2.2505,0.25,0)
          (1.7505,0.25,0)
          (1.7505,-0.25,0)
          (2.2505,-0.25,0)
Geometric object tree has depth 2 and 21 object nodes (vs. 4 actual objects)
Initializing epsilon function...
Allocating fields...
Solving for band polarization: te.
Initializing fields to random numbers...
1 k-points
  Vector3<-0.09, 0.14, 0.0>
elapsed time for initialization: 0.017566442489624023
solve_kpoint (-0.09,0.14,0):
tefreqs:, k index, k1, k2, k3, kmag/2pi, te band 1, te band 2, te band 3, te band 4, te band 5, te band 6
Solving for bands 1 to 6...
    near maximum in trace
    iteration    1: trace = 1.741602593797976 (199.651% change)
    iteration    2: trace = 0.4670192812856652 (115.419% change)
    iteration    3: trace = 0.4141389813556747 (12.0025% change)
    iteration    4: trace = 0.3995402467282321 (3.58833% change)
    iteration    5: trace = 0.3968815638944709 (0.667657% change)
    iteration    6: trace = 0.3957588641129176 (0.283281% change)
    iteration    7: trace = 0.3953308993047358 (0.108196% change)
    iteration    8: trace = 0.3950502742284321 (0.0710101% change)
    iteration    9: trace = 0.3949884197912809 (0.0156586% change)
    iteration   10: trace = 0.3949652460798091 (0.00586711% change)
    iteration   11: trace = 0.3949594827673439 (0.00145921% change)
    iteration   12: trace = 0.3949563295302531 (0.000798373% change)
    iteration   13: trace = 0.3949551268198911 (0.000304518% change)
    iteration   14: trace = 0.3949545797205531 (0.000138522% change)
    iteration   15: trace = 0.3949544523337668 (3.22535e-05% change)
    iteration   16: trace = 0.3949544153076339 (9.37479e-06% change)
    iteration   17: trace = 0.3949544070148247 (2.09969e-06% change)
    iteration   18: trace = 0.3949544041354224 (7.29047e-07% change)
    iteration   19: trace = 0.394954403003921 (2.86489e-07% change)
    iteration   20: trace = 0.3949544024134281 (1.49509e-07% change)
    iteration   21: trace = 0.3949544022214257 (4.86138e-08% change)
    iteration   22: trace = 0.3949544021768583 (1.12842e-08% change)
    iteration   23: trace = 0.3949544021663267 (2.66654e-09% change)
Finished solving for bands 1 to 6 after 23 iterations.
tefreqs:, 1, -0.09, 0.14, 0, 0.143178, 0.0644649, 0.148869, 0.171545, 0.300713, 0.322339, 0.38063
elapsed time for k point: 1.4018094539642334
total elapsed time for run: 1.4195079803466797
done
Initializing eigensolver data
Computing 12 bands with 1e-10 tolerance
Working in 2 dimensions.
Grid size is 240 x 80 x 1.
Solving for 6 bands at a time.
Creating Maxwell data...
Mesh size is 3.
Lattice vectors:
     (3, 0, 0)
     (0, 1, 0)
     (0, 0, 1)
Cell volume = 3
Reciprocal lattice vectors (/ 2 pi):
     (0.333333, -0, 0)
     (-0, 1, -0)
     (0, -0, 1)
Geometric objects:
     block, center = (0,0,0)
          size (1e+20,1e+20,1)
          axes (1,0,0), (0,1,0), (0,0,1)
     prism, center = (-2.08167e-17,-1.38778e-17,0.5)
          height 1, axis (0,0,1), sidewall angle: 0 radians, 4 vertices:
          (0.25,0.25,0)
          (-0.25,0.25,0)
          (-0.25,-0.25,0)
          (0.25,-0.25,0)
     prism, center = (1,-1.38778e-17,0.5)
          height 1, axis (0,0,1), sidewall angle: 0 radians, 4 vertices:
          (1.25,0.25,0)
          (0.75,0.25,0)
          (0.75,-0.25,0)
          (1.25,-0.25,0)
     prism, center = (2,-1.38778e-17,0.5)
          height 1, axis (0,0,1), sidewall angle: 0 radians, 4 vertices:
          (2.25,0.25,0)
          (1.75,0.25,0)
          (1.75,-0.25,0)
          (2.25,-0.25,0)
Geometric object tree has depth 2 and 21 object nodes (vs. 4 actual objects)
Initializing epsilon function...
Allocating fields...
Solving for band polarization: te.
Initializing fields to random numbers...
1 k-points
  Vector3<-0.09, 0.14, 0.0>
elapsed time for initialization: 0.04478716850280762
solve_kpoint (-0.09,0.14,0):
tefreqs:, k index, k1, k2, k3, kmag/2pi, te band 1, te band 2, te band 3, te band 4, te band 5, te band 6, te band 7, te band 8, te band 9, te band 10, te band 11, te band 12
Solving for bands 1 to 6...
    near maximum in trace
    iteration    1: trace = 2.402720126467857 (199.522% change)
    iteration    2: trace = 0.5901576106312404 (121.125% change)
    iteration    3: trace = 0.4411310550508701 (28.901% change)
    iteration    4: trace = 0.4167170458158934 (5.69192% change)
    iteration    5: trace = 0.4050930051653075 (2.82889% change)
    iteration    6: trace = 0.4002033954364821 (1.21436% change)
    iteration    7: trace = 0.3970022347044203 (0.803095% change)
    iteration    8: trace = 0.3959615967562957 (0.262468% change)
    iteration    9: trace = 0.395562881369259 (0.100746% change)
    iteration   10: trace = 0.3954908523252612 (0.0182109% change)
    iteration   11: trace = 0.3954660591270966 (0.00626917% change)
    iteration   12: trace = 0.3954572156440025 (0.00223624% change)
    iteration   13: trace = 0.3954512345950143 (0.00151245% change)
    iteration   14: trace = 0.3954490959539629 (0.000540812% change)
    iteration   15: trace = 0.3954483492821354 (0.000188816% change)
    iteration   16: trace = 0.3954481860157548 (4.12864e-05% change)
    iteration   17: trace = 0.3954481343268654 (1.3071e-05% change)
    iteration   18: trace = 0.3954481167845004 (4.43607e-06% change)
    iteration   19: trace = 0.395448108838073 (2.00947e-06% change)
    iteration   20: trace = 0.3954481056903602 (7.95986e-07% change)
    iteration   21: trace = 0.3954481047934477 (2.26809e-07% change)
    iteration   22: trace = 0.3954481045438122 (6.31272e-08% change)
    iteration   23: trace = 0.3954481044747881 (1.74547e-08% change)
    iteration   24: trace = 0.3954481044465935 (7.1298e-09% change)
Finished solving for bands 1 to 6 after 24 iterations.
Solving for bands 7 to 12...
    near maximum in trace
    iteration    1: trace = 6.393643639562081 (198.728% change)
    iteration    2: trace = 1.673519164459125 (117.021% change)
    iteration    3: trace = 1.366698250225777 (20.1841% change)
    iteration    4: trace = 1.279928971690246 (6.55697% change)
    iteration    5: trace = 1.243731772486915 (2.86863% change)
    iteration    6: trace = 1.227295445299519 (1.33032% change)
    iteration    7: trace = 1.221719569218392 (0.455357% change)
    iteration    8: trace = 1.218908962968078 (0.230318% change)
    iteration    9: trace = 1.216942792967882 (0.161436% change)
    iteration   10: trace = 1.214816806059088 (0.174852% change)
    iteration   11: trace = 1.213368430303396 (0.119297% change)
    iteration   12: trace = 1.212480312830658 (0.0732212% change)
    iteration   13: trace = 1.212081563104691 (0.0328925% change)
    iteration   14: trace = 1.211856828988993 (0.0185429% change)
    iteration   15: trace = 1.211747974220303 (0.00898288% change)
    iteration   16: trace = 1.211650005991216 (0.0080852% change)
    iteration   17: trace = 1.211561177827239 (0.00733144% change)
    iteration   18: trace = 1.211477019841118 (0.00694648% change)
    iteration   19: trace = 1.211423664785052 (0.00440423% change)
    iteration   20: trace = 1.211379310741161 (0.00366138% change)
    iteration   21: trace = 1.211351848795929 (0.00226702% change)
    iteration   22: trace = 1.211337240897659 (0.00120592% change)
    iteration   23: trace = 1.211332244753321 (0.00041245% change)
    iteration   24: trace = 1.211330017555829 (0.000183864% change)
    iteration   25: trace = 1.211329241935326 (6.40305e-05% change)
    iteration   26: trace = 1.211328815361072 (3.52154e-05% change)
    iteration   27: trace = 1.211328603652928 (1.74773e-05% change)
    iteration   28: trace = 1.211328494246952 (9.0319e-06% change)
    iteration   29: trace = 1.211328461628918 (2.69275e-06% change)
    iteration   30: trace = 1.21132845081645 (8.92612e-07% change)
    iteration   31: trace = 1.211328447207489 (2.97934e-07% change)
    iteration   32: trace = 1.211328444387916 (2.32767e-07% change)
    iteration   33: trace = 1.211328442028015 (1.94819e-07% change)
    iteration   34: trace = 1.211328440426619 (1.32202e-07% change)
    iteration   35: trace = 1.211328439827657 (4.94467e-08% change)
    iteration   36: trace = 1.211328439594124 (1.92791e-08% change)
    iteration   37: trace = 1.211328439505325 (7.33069e-09% change)
Finished solving for bands 7 to 12 after 37 iterations.
Finished k-point with 30.5 mean iterations/band.
tefreqs:, 1, -0.09, 0.14, 0, 0.143178, 0.0645225, 0.148913, 0.17159, 0.30084, 0.322477, 0.381013, 0.409833, 0.416674, 0.425894, 0.467541, 0.479597, 0.489648
elapsed time for k point: 3.795663833618164
total elapsed time for run: 3.840545892715454
done
Initializing eigensolver data
Computing 6 bands with 1e-10 tolerance
Working in 2 dimensions.
Grid size is 240 x 80 x 1.
Solving for 6 bands at a time.
Creating Maxwell data...
Mesh size is 3.
Lattice vectors:
     (3, 0, 0)
     (0, 1, 0)
     (0, 0, 1)
Cell volume = 3
Reciprocal lattice vectors (/ 2 pi):
     (0.333333, -0, 0)
     (-0, 1, -0)
     (0, -0, 1)
Geometric objects:
     block, center = (0,0,0)
          size (1e+20,1e+20,1)
          axes (1,0,0), (0,1,0), (0,0,1)
     prism, center = (0.000223607,-1.38778e-17,0.5)
          height 1, axis (0,0,1), sidewall angle: 0 radians, 4 vertices:
          (0.250224,0.25,0)
          (-0.249776,0.25,0)
          (-0.249776,-0.25,0)
          (0.250224,-0.25,0)
     prism, center = (1.00028,-1.38778e-17,0.5)
          height 1, axis (0,0,1), sidewall angle: 0 radians, 4 vertices:
          (1.25028,0.25,0)
          (0.750275,0.25,0)
          (0.750275,-0.25,0)
          (1.25028,-0.25,0)
     prism, center = (1.9995,-1.38778e-17,0.5)
          height 1, axis (0,0,1), sidewall angle: 0 radians, 4 vertices:
          (2.2495,0.25,0)
          (1.7495,0.25,0)
          (1.7495,-0.25,0)
          (2.2495,-0.25,0)
Geometric object tree has depth 2 and 21 object nodes (vs. 4 actual objects)
Initializing epsilon function...
Allocating fields...
Solving for band polarization: te.
Initializing fields to random numbers...
1 k-points
  Vector3<-0.09, 0.14, 0.0>
elapsed time for initialization: 0.01778244972229004
solve_kpoint (-0.09,0.14,0):
tefreqs:, k index, k1, k2, k3, kmag/2pi, te band 1, te band 2, te band 3, te band 4, te band 5, te band 6
Solving for bands 1 to 6...
    near maximum in trace
    iteration    1: trace = 1.879071566343103 (199.624% change)
    iteration    2: trace = 0.516257086747917 (113.789% change)
    iteration    3: trace = 0.4461942015568608 (14.5593% change)
    iteration    4: trace = 0.4244869045581146 (4.98628% change)
    iteration    5: trace = 0.4166882660689686 (1.85422% change)
    iteration    6: trace = 0.4093169702995306 (1.78481% change)
    iteration    7: trace = 0.4033830445249812 (1.4603% change)
    iteration    8: trace = 0.3977201571529962 (1.41377% change)
    iteration    9: trace = 0.3959540843324805 (0.445037% change)
    iteration   10: trace = 0.3952513833741372 (0.177628% change)
    iteration   11: trace = 0.3950865098695771 (0.0417223% change)
    iteration   12: trace = 0.395006654788258 (0.0202141% change)
    iteration   13: trace = 0.3949760627846592 (0.00774498% change)
    iteration   14: trace = 0.3949608498120785 (0.00385169% change)
    iteration   15: trace = 0.3949564151096648 (0.00112283% change)
    iteration   16: trace = 0.3949548471201024 (0.000397004% change)
    iteration   17: trace = 0.3949544769299462 (9.37298e-05% change)
    iteration   18: trace = 0.394954322415177 (3.91222e-05% change)
    iteration   19: trace = 0.3949542577276666 (1.63785e-05% change)
    iteration   20: trace = 0.3949542258256705 (8.07739e-06% change)
    iteration   21: trace = 0.3949542187101285 (1.80161e-06% change)
    iteration   22: trace = 0.3949542172532063 (3.68884e-07% change)
    iteration   23: trace = 0.3949542169936812 (6.57102e-08% change)
    iteration   24: trace = 0.3949542169474588 (1.17032e-08% change)
    iteration   25: trace = 0.3949542169349485 (3.16754e-09% change)
Finished solving for bands 1 to 6 after 25 iterations.
tefreqs:, 1, -0.09, 0.14, 0, 0.143178, 0.0644649, 0.148869, 0.171545, 0.300713, 0.322339, 0.380629
elapsed time for k point: 2.0403449535369873
total elapsed time for run: 2.058232069015503
done
Initializing eigensolver data
Computing 6 bands with 1e-10 tolerance
Working in 2 dimensions.
Grid size is 240 x 80 x 1.
Solving for 6 bands at a time.
Creating Maxwell data...
Mesh size is 3.
Lattice vectors:
     (3, 0, 0)
     (0, 1, 0)
     (0, 0, 1)
Cell volume = 3
Reciprocal lattice vectors (/ 2 pi):
     (0.333333, -0, 0)
     (-0, 1, -0)
     (0, -0, 1)
Geometric objects:
     block, center = (0,0,0)
          size (1e+20,1e+20,1)
          axes (1,0,0), (0,1,0), (0,0,1)
     prism, center = (0.000447214,-1.38778e-17,0.5)
          height 1, axis (0,0,1), sidewall angle: 0 radians, 4 vertices:
          (0.250447,0.25,0)
          (-0.249553,0.25,0)
          (-0.249553,-0.25,0)
          (0.250447,-0.25,0)
     prism, center = (1.00055,-1.38778e-17,0.5)
          height 1, axis (0,0,1), sidewall angle: 0 radians, 4 vertices:
          (1.25055,0.25,0)
          (0.750551,0.25,0)
          (0.750551,-0.25,0)
          (1.25055,-0.25,0)
     prism, center = (1.999,-1.38778e-17,0.5)
          height 1, axis (0,0,1), sidewall angle: 0 radians, 4 vertices:
          (2.249,0.25,0)
          (1.749,0.25,0)
          (1.749,-0.25,0)
          (2.249,-0.25,0)
Geometric object tree has depth 2 and 21 object nodes (vs. 4 actual objects)
Initializing epsilon function...
Allocating fields...
Solving for band polarization: te.
Initializing fields to random numbers...
1 k-points
  Vector3<-0.09, 0.14, 0.0>
elapsed time for initialization: 0.03561687469482422
solve_kpoint (-0.09,0.14,0):
tefreqs:, k index, k1, k2, k3, kmag/2pi, te band 1, te band 2, te band 3, te band 4, te band 5, te band 6
Solving for bands 1 to 6...
    near maximum in trace
    iteration    1: trace = 2.111059913985734 (199.581% change)
    iteration    2: trace = 0.5057333709782551 (122.694% change)
    iteration    3: trace = 0.4320040113868909 (15.7249% change)
    iteration    4: trace = 0.4078323412041214 (5.75628% change)
    iteration    5: trace = 0.4016019841605039 (1.53943% change)
    iteration    6: trace = 0.3979160199946854 (0.922047% change)
    iteration    7: trace = 0.3963456056807181 (0.39544% change)
    iteration    8: trace = 0.395375822210498 (0.244981% change)
    iteration    9: trace = 0.3951381066161763 (0.060142% change)
    iteration   10: trace = 0.3950491764199743 (0.0225086% change)
    iteration   11: trace = 0.3950273011480038 (0.00553751% change)
    iteration   12: trace = 0.3950146253800603 (0.00320888% change)
    iteration   13: trace = 0.3950095863892057 (0.00127565% change)
    iteration   14: trace = 0.3950074511645568 (0.000540552% change)
    iteration   15: trace = 0.3950069788994529 (0.000119559% change)
    iteration   16: trace = 0.3950068269323675 (3.8472e-05% change)
    iteration   17: trace = 0.3950067912982901 (9.02113e-06% change)
    iteration   18: trace = 0.3950067771652939 (3.57791e-06% change)
    iteration   19: trace = 0.3950067715652823 (1.4177e-06% change)
    iteration   20: trace = 0.3950067687080157 (7.23346e-07% change)
    iteration   21: trace = 0.3950067678659397 (2.1318e-07% change)
    iteration   22: trace = 0.3950067676571605 (5.28546e-08% change)
    iteration   23: trace = 0.3950067676169181 (1.01878e-08% change)
    iteration   24: trace = 0.3950067676106647 (1.58311e-09% change)
Finished solving for bands 1 to 6 after 24 iterations.
tefreqs:, 1, -0.09, 0.14, 0, 0.143178, 0.0644736, 0.148873, 0.171548, 0.30072, 0.322347, 0.380681
elapsed time for k point: 1.8939270973205566
total elapsed time for run: 1.9296412467956543
done
Initializing eigensolver data
Computing 6 bands with 1e-10 tolerance
Working in 2 dimensions.
Grid size is 240 x 80 x 1.
Solving for 6 bands at a time.
Creating Maxwell data...
Mesh size is 3.
Lattice vectors:
     (3, 0, 0)
     (0, 1, 0)
     (0, 0, 1)
Cell volume = 3
Reciprocal lattice vectors (/ 2 pi):
     (0.333333, -0, 0)
     (-0, 1, -0)
     (0, -0, 1)
Geometric objects:
     block, center = (0,0,0)
          size (1e+20,1e+20,1)
          axes (1,0,0), (0,1,0), (0,0,1)
     prism, center = (0.000894427,-1.38778e-17,0.5)
          height 1, axis (0,0,1), sidewall angle: 0 radians, 4 vertices:
          (0.250894,0.25,0)
          (-0.249106,0.25,0)
          (-0.249106,-0.25,0)
          (0.250894,-0.25,0)
     prism, center = (1.0011,-1.38778e-17,0.5)
          height 1, axis (0,0,1), sidewall angle: 0 radians, 4 vertices:
          (1.2511,0.25,0)
          (0.751102,0.25,0)
          (0.751102,-0.25,0)
          (1.2511,-0.25,0)
     prism, center = (1.998,-1.38778e-17,0.5)
          height 1, axis (0,0,1), sidewall angle: 0 radians, 4 vertices:
          (2.248,0.25,0)
          (1.748,0.25,0)
          (1.748,-0.25,0)
          (2.248,-0.25,0)
Geometric object tree has depth 2 and 21 object nodes (vs. 4 actual objects)
Initializing epsilon function...
Allocating fields...
Solving for band polarization: te.
Initializing fields to random numbers...
1 k-points
  Vector3<-0.09, 0.14, 0.0>
elapsed time for initialization: 0.06356215476989746
solve_kpoint (-0.09,0.14,0):
tefreqs:, k index, k1, k2, k3, kmag/2pi, te band 1, te band 2, te band 3, te band 4, te band 5, te band 6
Solving for bands 1 to 6...
    near maximum in trace
    iteration    1: trace = 2.397285676121364 (199.523% change)
    iteration    2: trace = 0.6010118110676765 (119.82% change)
    iteration    3: trace = 0.4428861169374271 (30.2952% change)
    iteration    4: trace = 0.4153931480599524 (6.40653% change)
    iteration    5: trace = 0.4043942227078282 (2.68336% change)
    iteration    6: trace = 0.4003044773349543 (1.01647% change)
    iteration    7: trace = 0.3972822713238913 (0.757838% change)
    iteration    8: trace = 0.395958003133785 (0.333888% change)
    iteration    9: trace = 0.3952862120653719 (0.169806% change)
    iteration   10: trace = 0.3951128427761519 (0.0438688% change)
    iteration   11: trace = 0.3950520155437991 (0.0153961% change)
    iteration   12: trace = 0.3950343520297406 (0.00447129% change)
    iteration   13: trace = 0.3950243282952874 (0.00253747% change)
    iteration   14: trace = 0.3950209165899898 (0.000863673% change)
    iteration   15: trace = 0.3950195356613759 (0.000349584% change)
    iteration   16: trace = 0.3950192142323052 (8.13705e-05% change)
    iteration   17: trace = 0.3950191198711607 (2.38877e-05% change)
    iteration   18: trace = 0.3950190923153827 (6.97581e-06% change)
    iteration   19: trace = 0.3950190794177875 (3.26506e-06% change)
    iteration   20: trace = 0.395019073644431 (1.46154e-06% change)
    iteration   21: trace = 0.3950190716947014 (4.93579e-07% change)
    iteration   22: trace = 0.3950190712403429 (1.15022e-07% change)
    iteration   23: trace = 0.3950190711521619 (2.23232e-08% change)
    iteration   24: trace = 0.395019071128425 (6.00904e-09% change)
Finished solving for bands 1 to 6 after 24 iterations.
tefreqs:, 1, -0.09, 0.14, 0, 0.143178, 0.0644772, 0.148874, 0.17155, 0.300716, 0.322347, 0.380699
elapsed time for k point: 1.5264487266540527
total elapsed time for run: 1.5900959968566895
done
Initializing eigensolver data
Computing 6 bands with 1e-10 tolerance
Working in 2 dimensions.
Grid size is 240 x 80 x 1.
Solving for 6 bands at a time.
Creating Maxwell data...
Mesh size is 3.
Lattice vectors:
     (3, 0, 0)
     (0, 1, 0)
     (0, 0, 1)
Cell volume = 3
Reciprocal lattice vectors (/ 2 pi):
     (0.333333, -0, 0)
     (-0, 1, -0)
     (0, -0, 1)
Geometric objects:
     block, center = (0,0,0)
          size (1e+20,1e+20,1)
          axes (1,0,0), (0,1,0), (0,0,1)
     prism, center = (0.0005,-1.38778e-17,0.5)
          height 1, axis (0,0,1), sidewall angle: 0 radians, 4 vertices:
          (0.2505,0.25,0)
          (-0.2495,0.25,0)
          (-0.2495,-0.25,0)
          (0.2505,-0.25,0)
     prism, center = (1,-1.38778e-17,0.5)
          height 1, axis (0,0,1), sidewall angle: 0 radians, 4 vertices:
          (1.25,0.25,0)
          (0.75,0.25,0)
          (0.75,-0.25,0)
          (1.25,-0.25,0)
     prism, center = (2,-1.38778e-17,0.5)
          height 1, axis (0,0,1), sidewall angle: 0 radians, 4 vertices:
          (2.25,0.25,0)
          (1.75,0.25,0)
          (1.75,-0.25,0)
          (2.25,-0.25,0)
Geometric object tree has depth 2 and 21 object nodes (vs. 4 actual objects)
Initializing epsilon function...
Allocating fields...
Solving for band polarization: te.
Initializing fields to random numbers...
1 k-points
  Vector3<-0.09, 0.14, 0.0>
elapsed time for initialization: 0.017586946487426758
solve_kpoint (-0.09,0.14,0):
tefreqs:, k index, k1, k2, k3, kmag/2pi, te band 1, te band 2, te band 3, te band 4, te band 5, te band 6
Solving for bands 1 to 6...
    near maximum in trace
    iteration    1: trace = 2.099329458680293 (199.582% change)
    iteration    2: trace = 0.5277207726548016 (119.648% change)
    iteration    3: trace = 0.4496128195782882 (15.9839% change)
    iteration    4: trace = 0.4261935785645891 (5.34804% change)
    iteration    5: trace = 0.4194067393483518 (1.60521% change)
    iteration    6: trace = 0.4142587094844267 (1.23503% change)
    iteration    7: trace = 0.4099163796698345 (1.05374% change)
    iteration    8: trace = 0.4023524168201906 (1.86243% change)
    iteration    9: trace = 0.3983444483002457 (1.00112% change)
    iteration   10: trace = 0.3963567602743844 (0.500235% change)
    iteration   11: trace = 0.3958584170141809 (0.12581% change)
    iteration   12: trace = 0.3956065938760279 (0.0636347% change)
    iteration   13: trace = 0.3955139789250086 (0.0234136% change)
    iteration   14: trace = 0.3954672445431054 (0.0118168% change)
    iteration   15: trace = 0.3954541889589925 (0.00330136% change)
    iteration   16: trace = 0.3954502984966131 (0.000983801% change)
    iteration   17: trace = 0.3954494382403569 (0.000217539% change)
    iteration   18: trace = 0.3954491024097291 (8.49238e-05% change)
    iteration   19: trace = 0.3954489587231765 (3.6335e-05% change)
    iteration   20: trace = 0.3954488852040637 (1.85913e-05% change)
    iteration   21: trace = 0.3954488643610586 (5.27072e-06% change)
    iteration   22: trace = 0.3954488590412708 (1.34525e-06% change)
    iteration   23: trace = 0.3954488578590991 (2.98944e-07% change)
    iteration   24: trace = 0.3954488575356667 (8.17887e-08% change)
    iteration   25: trace = 0.3954488573754694 (4.05102e-08% change)
    iteration   26: trace = 0.3954488572944141 (2.0497e-08% change)
    iteration   27: trace = 0.3954488572576137 (9.306e-09% change)
Finished solving for bands 1 to 6 after 27 iterations.
tefreqs:, 1, -0.09, 0.14, 0, 0.143178, 0.0645212, 0.148919, 0.171584, 0.300846, 0.322472, 0.381014
elapsed time for k point: 1.6355655193328857
total elapsed time for run: 1.6532282829284668
done
Initializing eigensolver data
Computing 6 bands with 1e-10 tolerance
Working in 2 dimensions.
Grid size is 240 x 80 x 1.
Solving for 6 bands at a time.
Creating Maxwell data...
Mesh size is 3.
Lattice vectors:
     (3, 0, 0)
     (0, 1, 0)
     (0, 0, 1)
Cell volume = 3
Reciprocal lattice vectors (/ 2 pi):
     (0.333333, -0, 0)
     (-0, 1, -0)
     (0, -0, 1)
Geometric objects:
     block, center = (0,0,0)
          size (1e+20,1e+20,1)
          axes (1,0,0), (0,1,0), (0,0,1)
     prism, center = (-0.000894427,-1.38778e-17,0.5)
          height 1, axis (0,0,1), sidewall angle: 0 radians, 4 vertices:
          (0.249106,0.25,0)
          (-0.250894,0.25,0)
          (-0.250894,-0.25,0)
          (0.249106,-0.25,0)
     prism, center = (0.998898,-1.38778e-17,0.5)
          height 1, axis (0,0,1), sidewall angle: 0 radians, 4 vertices:
          (1.2489,0.25,0)
          (0.748898,0.25,0)
          (0.748898,-0.25,0)
          (1.2489,-0.25,0)
     prism, center = (2.002,-1.38778e-17,0.5)
          height 1, axis (0,0,1), sidewall angle: 0 radians, 4 vertices:
          (2.252,0.25,0)
          (1.752,0.25,0)
          (1.752,-0.25,0)
          (2.252,-0.25,0)
Geometric object tree has depth 2 and 21 object nodes (vs. 4 actual objects)
Initializing epsilon function...
Allocating fields...
Solving for band polarization: te.
Initializing fields to random numbers...
1 k-points
  Vector3<-0.09, 0.14, 0.0>
elapsed time for initialization: 0.03677034378051758
solve_kpoint (-0.09,0.14,0):
tefreqs:, k index, k1, k2, k3, kmag/2pi, te band 1, te band 2, te band 3, te band 4, te band 5, te band 6
Solving for bands 1 to 6...
    near maximum in trace
    iteration    1: trace = 1.760119303827672 (199.649% change)
    iteration    2: trace = 0.4995291524908113 (111.574% change)
    iteration    3: trace = 0.4381838900719539 (13.084% change)
    iteration    4: trace = 0.4147732466764868 (5.48929% change)
    iteration    5: trace = 0.4062098515524227 (2.08613% change)
    iteration    6: trace = 0.3991028733879931 (1.76502% change)
    iteration    7: trace = 0.3965540269295519 (0.64069% change)
    iteration    8: trace = 0.3953454924439692 (0.305224% change)
    iteration    9: trace = 0.3951243436262561 (0.0559538% change)
    iteration   10: trace = 0.3950512082932487 (0.0185112% change)
    iteration   11: trace = 0.3950352979577716 (0.00402749% change)
    iteration   12: trace = 0.3950262365093785 (0.00229386% change)
    iteration   13: trace = 0.3950218808160724 (0.00110264% change)
    iteration   14: trace = 0.3950198837355617 (0.000505563% change)
    iteration   15: trace = 0.3950194859467593 (0.000100701% change)
    iteration   16: trace = 0.3950193587017747 (3.22123e-05% change)
    iteration   17: trace = 0.395019322553945 (9.1509e-06% change)
    iteration   18: trace = 0.3950193067673498 (3.99641e-06% change)
    iteration   19: trace = 0.395019300720388 (1.5308e-06% change)
    iteration   20: trace = 0.3950192978182073 (7.34693e-07% change)
    iteration   21: trace = 0.3950192969200046 (2.27382e-07% change)
    iteration   22: trace = 0.3950192967041232 (5.46508e-08% change)
    iteration   23: trace = 0.3950192966452538 (1.49029e-08% change)
    iteration   24: trace = 0.39501929662755 (4.48175e-09% change)
Finished solving for bands 1 to 6 after 24 iterations.
tefreqs:, 1, -0.09, 0.14, 0, 0.143178, 0.0644772, 0.148874, 0.17155, 0.300715, 0.322348, 0.380698
elapsed time for k point: 2.106588840484619
total elapsed time for run: 2.143550157546997
done
Initializing eigensolver data
Computing 6 bands with 1e-10 tolerance
Working in 2 dimensions.
Grid size is 240 x 80 x 1.
Solving for 6 bands at a time.
Creating Maxwell data...
Mesh size is 3.
Lattice vectors:
     (3, 0, 0)
     (0, 1, 0)
     (0, 0, 1)
Cell volume = 3
Reciprocal lattice vectors (/ 2 pi):
     (0.333333, -0, 0)
     (-0, 1, -0)
     (0, -0, 1)
Geometric objects:
     block, center = (0,0,0)
          size (1e+20,1e+20,1)
          axes (1,0,0), (0,1,0), (0,0,1)
     prism, center = (-0.000447214,-1.38778e-17,0.5)
          height 1, axis (0,0,1), sidewall angle: 0 radians, 4 vertices:
          (0.249553,0.25,0)
          (-0.250447,0.25,0)
          (-0.250447,-0.25,0)
          (0.249553,-0.25,0)
     prism, center = (0.999449,-1.38778e-17,0.5)
          height 1, axis (0,0,1), sidewall angle: 0 radians, 4 vertices:
          (1.24945,0.25,0)
          (0.749449,0.25,0)
          (0.749449,-0.25,0)
          (1.24945,-0.25,0)
     prism, center = (2.001,-1.38778e-17,0.5)
          height 1, axis (0,0,1), sidewall angle: 0 radians, 4 vertices:
          (2.251,0.25,0)
          (1.751,0.25,0)
          (1.751,-0.25,0)
          (2.251,-0.25,0)
Geometric object tree has depth 2 and 21 object nodes (vs. 4 actual objects)
Initializing epsilon function...
Allocating fields...
Solving for band polarization: te.
Initializing fields to random numbers...
1 k-points
  Vector3<-0.09, 0.14, 0.0>
elapsed time for initialization: 0.05033111572265625
solve_kpoint (-0.09,0.14,0):
tefreqs:, k index, k1, k2, k3, kmag/2pi, te band 1, te band 2, te band 3, te band 4, te band 5, te band 6
Solving for bands 1 to 6...
    near maximum in trace
    iteration    1: trace = 2.00246443843286 (199.599% change)
    iteration    2: trace = 0.5627878432605246 (112.244% change)
    iteration    3: trace = 0.4278829917033428 (27.2351% change)
    iteration    4: trace = 0.4134555392069018 (3.42964% change)
    iteration    5: trace = 0.4044021800083673 (2.21392% change)
    iteration    6: trace = 0.4002434685382668 (1.03368% change)
    iteration    7: trace = 0.3969827825767896 (0.818008% change)
    iteration    8: trace = 0.3957365614532464 (0.314417% change)
    iteration    9: trace = 0.3952367840770682 (0.12637% change)
    iteration   10: trace = 0.3951101869360056 (0.0320358% change)
    iteration   11: trace = 0.3950488632172786 (0.0155219% change)
    iteration   12: trace = 0.3950213445461199 (0.00696613% change)
    iteration   13: trace = 0.3950104476740803 (0.00275859% change)
    iteration   14: trace = 0.3950080066343427 (0.00061797% change)
    iteration   15: trace = 0.3950073884096708 (0.00015651% change)
    iteration   16: trace = 0.3950072633010425 (3.16725e-05% change)
    iteration   17: trace = 0.395007221103706 (1.06827e-05% change)
    iteration   18: trace = 0.3950072045211336 (4.19804e-06% change)
    iteration   19: trace = 0.3950071955909465 (2.26077e-06% change)
    iteration   20: trace = 0.395007192595931 (7.58218e-07% change)
    iteration   21: trace = 0.3950071917238463 (2.20777e-07% change)
    iteration   22: trace = 0.395007191514257 (5.30596e-08% change)
    iteration   23: trace = 0.3950071914476081 (1.68728e-08% change)
    iteration   24: trace = 0.3950071914208981 (6.76189e-09% change)
Finished solving for bands 1 to 6 after 24 iterations.
tefreqs:, 1, -0.09, 0.14, 0, 0.143178, 0.0644736, 0.148873, 0.171549, 0.30072, 0.322347, 0.380681
elapsed time for k point: 1.3959989547729492
total elapsed time for run: 1.4464168548583984
done
Initializing eigensolver data
Computing 6 bands with 1e-10 tolerance
Working in 2 dimensions.
Grid size is 240 x 80 x 1.
Solving for 6 bands at a time.
Creating Maxwell data...
Mesh size is 3.
Lattice vectors:
     (3, 0, 0)
     (0, 1, 0)
     (0, 0, 1)
Cell volume = 3
Reciprocal lattice vectors (/ 2 pi):
     (0.333333, -0, 0)
     (-0, 1, -0)
     (0, -0, 1)
Geometric objects:
     block, center = (0,0,0)
          size (1e+20,1e+20,1)
          axes (1,0,0), (0,1,0), (0,0,1)
     prism, center = (-0.000223607,-1.38778e-17,0.5)
          height 1, axis (0,0,1), sidewall angle: 0 radians, 4 vertices:
          (0.249776,0.25,0)
          (-0.250224,0.25,0)
          (-0.250224,-0.25,0)
          (0.249776,-0.25,0)
     prism, center = (0.999725,-1.38778e-17,0.5)
          height 1, axis (0,0,1), sidewall angle: 0 radians, 4 vertices:
          (1.24972,0.25,0)
          (0.749725,0.25,0)
          (0.749725,-0.25,0)
          (1.24972,-0.25,0)
     prism, center = (2.0005,-1.38778e-17,0.5)
          height 1, axis (0,0,1), sidewall angle: 0 radians, 4 vertices:
          (2.2505,0.25,0)
          (1.7505,0.25,0)
          (1.7505,-0.25,0)
          (2.2505,-0.25,0)
Geometric object tree has depth 2 and 21 object nodes (vs. 4 actual objects)
Initializing epsilon function...
Allocating fields...
Solving for band polarization: te.
Initializing fields to random numbers...
1 k-points
  Vector3<-0.09, 0.14, 0.0>
elapsed time for initialization: 0.023827552795410156
solve_kpoint (-0.09,0.14,0):
tefreqs:, k index, k1, k2, k3, kmag/2pi, te band 1, te band 2, te band 3, te band 4, te band 5, te band 6
Solving for bands 1 to 6...
    near maximum in trace
    iteration    1: trace = 2.013265976609846 (199.599% change)
    iteration    2: trace = 0.5227869717704912 (117.543% change)
    iteration    3: trace = 0.4414522044210926 (16.8702% change)
    iteration    4: trace = 0.4152930808714621 (6.10663% change)
    iteration    5: trace = 0.4070833196494243 (1.99659% change)
    iteration    6: trace = 0.4009564890681583 (1.51647% change)
    iteration    7: trace = 0.3979540390432117 (0.751636% change)
    iteration    8: trace = 0.3959551019744528 (0.503568% change)
    iteration    9: trace = 0.395321046696591 (0.160261% change)
    iteration   10: trace = 0.3950597238129872 (0.0661258% change)
    iteration   11: trace = 0.3949986857737349 (0.0154515% change)
    iteration   12: trace = 0.3949716396523306 (0.00684738% change)
    iteration   13: trace = 0.3949616599412948 (0.00252672% change)
    iteration   14: trace = 0.3949563778264678 (0.00133738% change)
    iteration   15: trace = 0.3949549808008784 (0.000353717% change)
    iteration   16: trace = 0.3949545620734796 (0.000106019% change)
    iteration   17: trace = 0.3949544693682015 (2.34724e-05% change)
    iteration   18: trace = 0.3949544294412495 (1.01093e-05% change)
    iteration   19: trace = 0.3949544128173327 (4.20907e-06% change)
    iteration   20: trace = 0.3949544045778976 (2.08617e-06% change)
    iteration   21: trace = 0.3949544026948487 (4.76776e-07% change)
    iteration   22: trace = 0.3949544022618626 (1.09629e-07% change)
    iteration   23: trace = 0.3949544021857756 (1.92648e-08% change)
    iteration   24: trace = 0.3949544021722851 (3.41572e-09% change)
Finished solving for bands 1 to 6 after 24 iterations.
tefreqs:, 1, -0.09, 0.14, 0, 0.143178, 0.0644649, 0.148869, 0.171545, 0.300713, 0.322339, 0.38063
elapsed time for k point: 1.3800714015960693
total elapsed time for run: 1.4039771556854248
done
Initializing eigensolver data
Computing 12 bands with 1e-10 tolerance
Working in 2 dimensions.
Grid size is 240 x 80 x 1.
Solving for 6 bands at a time.
Creating Maxwell data...
Mesh size is 3.
Lattice vectors:
     (3, 0, 0)
     (0, 1, 0)
     (0, 0, 1)
Cell volume = 3
Reciprocal lattice vectors (/ 2 pi):
     (0.333333, -0, 0)
     (-0, 1, -0)
     (0, -0, 1)
Geometric objects:
     block, center = (0,0,0)
          size (1e+20,1e+20,1)
          axes (1,0,0), (0,1,0), (0,0,1)
     prism, center = (-2.08167e-17,-1.38778e-17,0.5)
          height 1, axis (0,0,1), sidewall angle: 0 radians, 4 vertices:
          (0.25,0.25,0)
          (-0.25,0.25,0)
          (-0.25,-0.25,0)
          (0.25,-0.25,0)
     prism, center = (1,-1.38778e-17,0.5)
          height 1, axis (0,0,1), sidewall angle: 0 radians, 4 vertices:
          (1.25,0.25,0)
          (0.75,0.25,0)
          (0.75,-0.25,0)
          (1.25,-0.25,0)
     prism, center = (2,-1.38778e-17,0.5)
          height 1, axis (0,0,1), sidewall angle: 0 radians, 4 vertices:
          (2.25,0.25,0)
          (1.75,0.25,0)
          (1.75,-0.25,0)
          (2.25,-0.25,0)
Geometric object tree has depth 2 and 21 object nodes (vs. 4 actual objects)
Initializing epsilon function...
Allocating fields...
Solving for band polarization: te.
Initializing fields to random numbers...
1 k-points
  Vector3<-0.09, 0.14, 0.0>
elapsed time for initialization: 0.038643598556518555
solve_kpoint (-0.09,0.14,0):
tefreqs:, k index, k1, k2, k3, kmag/2pi, te band 1, te band 2, te band 3, te band 4, te band 5, te band 6, te band 7, te band 8, te band 9, te band 10, te band 11, te band 12
Solving for bands 1 to 6...
    near maximum in trace
    iteration    1: trace = 2.336924974146738 (199.536% change)
    iteration    2: trace = 0.5213218890938172 (127.043% change)
    iteration    3: trace = 0.4441480551821305 (15.9868% change)
    iteration    4: trace = 0.4231009355413059 (4.85377% change)
    iteration    5: trace = 0.4145173490632723 (2.04952% change)
    iteration    6: trace = 0.4077403022313275 (1.6484% change)
    iteration    7: trace = 0.4024346567057898 (1.30975% change)
    iteration    8: trace = 0.3978186019078476 (1.15365% change)
    iteration    9: trace = 0.3962056187486422 (0.406281% change)
    iteration   10: trace = 0.3956554702047625 (0.138951% change)
    iteration   11: trace = 0.3955394449901064 (0.0293291% change)
    iteration   12: trace = 0.3954889975209774 (0.0127549% change)
    iteration   13: trace = 0.3954660695270472 (0.00579755% change)
    iteration   14: trace = 0.3954537946381137 (0.00310395% change)
    iteration   15: trace = 0.3954495678444893 (0.00106885% change)
    iteration   16: trace = 0.3954484909511518 (0.000272322% change)
    iteration   17: trace = 0.3954482272415555 (6.66862e-05% change)
    iteration   18: trace = 0.395448154992853 (1.82701e-05% change)
    iteration   19: trace = 0.3954481242073029 (7.78498e-06% change)
    iteration   20: trace = 0.3954481113241433 (3.25786e-06% change)
    iteration   21: trace = 0.3954481061196249 (1.31611e-06% change)
    iteration   22: trace = 0.3954481048597217 (3.18601e-07% change)
    iteration   23: trace = 0.3954481045299147 (8.34008e-08% change)
    iteration   24: trace = 0.395448104468281 (1.55858e-08% change)
    iteration   25: trace = 0.3954481044455156 (5.75688e-09% change)
Finished solving for bands 1 to 6 after 25 iterations.
Solving for bands 7 to 12...
    near maximum in trace
    iteration    1: trace = 6.275915339966211 (198.749% change)
    iteration    2: trace = 1.65105915324651 (116.687% change)
    iteration    3: trace = 1.376565805096742 (18.1326% change)
    iteration    4: trace = 1.292241710643508 (6.31923% change)
    iteration    5: trace = 1.259320427706306 (2.58048% change)
    iteration    6: trace = 1.240249774792318 (1.52591% change)
    iteration    7: trace = 1.231042825904597 (0.745112% change)
    iteration    8: trace = 1.226015853300948 (0.409186% change)
    iteration    9: trace = 1.223239604761666 (0.226701% change)
    iteration   10: trace = 1.220456292208047 (0.227795% change)
    iteration   11: trace = 1.217620691627759 (0.23261% change)
    iteration   12: trace = 1.215309202047262 (0.190017% change)
    iteration   13: trace = 1.214117769910641 (0.0980834% change)
    iteration   14: trace = 1.213431065067794 (0.056576% change)
    iteration   15: trace = 1.213082052458562 (0.0287666% change)
    iteration   16: trace = 1.212757189800355 (0.0267835% change)
    iteration   17: trace = 1.212401629474015 (0.0293226% change)
    iteration   18: trace = 1.212034910984367 (0.0302519% change)
    iteration   19: trace = 1.211807367732294 (0.0187754% change)
    iteration   20: trace = 1.211626708014401 (0.0149094% change)
    iteration   21: trace = 1.211496151416145 (0.0107759% change)
    iteration   22: trace = 1.211400466964373 (0.00789835% change)
    iteration   23: trace = 1.211359102242348 (0.00341468% change)
    iteration   24: trace = 1.211340536510181 (0.00153265% change)
    iteration   25: trace = 1.21133446861712 (0.000500925% change)
    iteration   26: trace = 1.211331665860825 (0.000231378% change)
    iteration   27: trace = 1.211330457909047 (9.9721e-05% change)
    iteration   28: trace = 1.211329580356579 (7.24454e-05% change)
    iteration   29: trace = 1.211329113999385 (3.84996e-05% change)
    iteration   30: trace = 1.211328860455745 (2.0931e-05% change)
    iteration   31: trace = 1.211328728131153 (1.09239e-05% change)
    iteration   32: trace = 1.2113286205011 (8.88529e-06% change)
    iteration   33: trace = 1.211328556826901 (5.25656e-06% change)
    iteration   34: trace = 1.21132851915956 (3.10959e-06% change)
    iteration   35: trace = 1.211328500735112 (1.52101e-06% change)
    iteration   36: trace = 1.211328486343297 (1.1881e-06% change)
    iteration   37: trace = 1.211328472710177 (1.12547e-06% change)
    iteration   38: trace = 1.211328457342101 (1.2687e-06% change)
    iteration   39: trace = 1.211328447577739 (8.06087e-07% change)
    iteration   40: trace = 1.211328442912235 (3.85156e-07% change)
    iteration   41: trace = 1.211328441258935 (1.36486e-07% change)
    iteration   42: trace = 1.211328440429166 (6.85007e-08% change)
    iteration   43: trace = 1.211328439891552 (4.43822e-08% change)
    iteration   44: trace = 1.211328439516113 (3.0994e-08% change)
    iteration   45: trace = 1.211328439326051 (1.56904e-08% change)
    iteration   46: trace = 1.211328439228996 (8.0123e-09% change)
Finished solving for bands 7 to 12 after 46 iterations.
Finished k-point with 35.5 mean iterations/band.
tefreqs:, 1, -0.09, 0.14, 0, 0.143178, 0.0645225, 0.148913, 0.17159, 0.30084, 0.322477, 0.381013, 0.409833, 0.416674, 0.425894, 0.467541, 0.479597, 0.489648
elapsed time for k point: 4.706751346588135
total elapsed time for run: 4.745485305786133
done
Initializing eigensolver data
Computing 6 bands with 1e-10 tolerance
Working in 2 dimensions.
Grid size is 240 x 80 x 1.
Solving for 6 bands at a time.
Creating Maxwell data...
Mesh size is 3.
Lattice vectors:
     (3, 0, 0)
     (0, 1, 0)
     (0, 0, 1)
Cell volume = 3
Reciprocal lattice vectors (/ 2 pi):
     (0.333333, -0, 0)
     (-0, 1, -0)
     (0, -0, 1)
Geometric objects:
     block, center = (0,0,0)
          size (1e+20,1e+20,1)
          axes (1,0,0), (0,1,0), (0,0,1)
     prism, center = (0.000223607,-1.38778e-17,0.5)
          height 1, axis (0,0,1), sidewall angle: 0 radians, 4 vertices:
          (0.250224,0.25,0)
          (-0.249776,0.25,0)
          (-0.249776,-0.25,0)
          (0.250224,-0.25,0)
     prism, center = (1.00028,-1.38778e-17,0.5)
          height 1, axis (0,0,1), sidewall angle: 0 radians, 4 vertices:
          (1.25028,0.25,0)
          (0.750275,0.25,0)
          (0.750275,-0.25,0)
          (1.25028,-0.25,0)
     prism, center = (1.9995,-1.38778e-17,0.5)
          height 1, axis (0,0,1), sidewall angle: 0 radians, 4 vertices:
          (2.2495,0.25,0)
          (1.7495,0.25,0)
          (1.7495,-0.25,0)
          (2.2495,-0.25,0)
Geometric object tree has depth 2 and 21 object nodes (vs. 4 actual objects)
Initializing epsilon function...
Allocating fields...
Solving for band polarization: te.
Initializing fields to random numbers...
1 k-points
  Vector3<-0.09, 0.14, 0.0>
elapsed time for initialization: 0.017420053482055664
solve_kpoint (-0.09,0.14,0):
tefreqs:, k index, k1, k2, k3, kmag/2pi, te band 1, te band 2, te band 3, te band 4, te band 5, te band 6
Solving for bands 1 to 6...
    near maximum in trace
    iteration    1: trace = 1.970520576766864 (199.609% change)
    iteration    2: trace = 0.4941500833079677 (119.803% change)
    iteration    3: trace = 0.433006535379179 (13.1895% change)
    iteration    4: trace = 0.4129285406593895 (4.74694% change)
    iteration    5: trace = 0.4057084676255824 (1.76393% change)
    iteration    6: trace = 0.4003796943012082 (1.32213% change)
    iteration    7: trace = 0.3977366333577456 (0.662325% change)
    iteration    8: trace = 0.3957559953778887 (0.49922% change)
    iteration    9: trace = 0.3952555968082596 (0.126521% change)
    iteration   10: trace = 0.3950620458699335 (0.0489805% change)
    iteration   11: trace = 0.395003995805684 (0.014695% change)
    iteration   12: trace = 0.3949694411163972 (0.00874832% change)
    iteration   13: trace = 0.3949588307159196 (0.00268642% change)
    iteration   14: trace = 0.3949551865154107 (0.000922683% change)
    iteration   15: trace = 0.3949544800241569 (0.000178879% change)
    iteration   16: trace = 0.3949542858948675 (4.91523e-05% change)
    iteration   17: trace = 0.394954244999047 (1.03546e-05% change)
    iteration   18: trace = 0.3949542285321541 (4.16932e-06% change)
    iteration   19: trace = 0.3949542217729347 (1.71139e-06% change)
    iteration   20: trace = 0.394954218296212 (8.80285e-07% change)
    iteration   21: trace = 0.3949542172823178 (2.56712e-07% change)
    iteration   22: trace = 0.3949542170144841 (6.78138e-08% change)
    iteration   23: trace = 0.39495421695344 (1.5456e-08% change)
    iteration   24: trace = 0.3949542169384956 (3.78383e-09% change)
Finished solving for bands 1 to 6 after 24 iterations.
tefreqs:, 1, -0.09, 0.14, 0, 0.143178, 0.0644649, 0.148869, 0.171545, 0.300713, 0.322339, 0.380629
elapsed time for k point: 1.3007030487060547
total elapsed time for run: 1.3181912899017334
done
Initializing eigensolver data
Computing 6 bands with 1e-10 tolerance
Working in 2 dimensions.
Grid size is 240 x 80 x 1.
Solving for 6 bands at a time.
Creating Maxwell data...
Mesh size is 3.
Lattice vectors:
     (3, 0, 0)
     (0, 1, 0)
     (0, 0, 1)
Cell volume = 3
Reciprocal lattice vectors (/ 2 pi):
     (0.333333, -0, 0)
     (-0, 1, -0)
     (0, -0, 1)
Geometric objects:
     block, center = (0,0,0)
          size (1e+20,1e+20,1)
          axes (1,0,0), (0,1,0), (0,0,1)
     prism, center = (0.000447214,-1.38778e-17,0.5)
          height 1, axis (0,0,1), sidewall angle: 0 radians, 4 vertices:
          (0.250447,0.25,0)
          (-0.249553,0.25,0)
          (-0.249553,-0.25,0)
          (0.250447,-0.25,0)
     prism, center = (1.00055,-1.38778e-17,0.5)
          height 1, axis (0,0,1), sidewall angle: 0 radians, 4 vertices:
          (1.25055,0.25,0)
          (0.750551,0.25,0)
          (0.750551,-0.25,0)
          (1.25055,-0.25,0)
     prism, center = (1.999,-1.38778e-17,0.5)
          height 1, axis (0,0,1), sidewall angle: 0 radians, 4 vertices:
          (2.249,0.25,0)
          (1.749,0.25,0)
          (1.749,-0.25,0)
          (2.249,-0.25,0)
Geometric object tree has depth 2 and 21 object nodes (vs. 4 actual objects)
Initializing epsilon function...
Allocating fields...
Solving for band polarization: te.
Initializing fields to random numbers...
1 k-points
  Vector3<-0.09, 0.14, 0.0>
elapsed time for initialization: 0.017255544662475586
solve_kpoint (-0.09,0.14,0):
tefreqs:, k index, k1, k2, k3, kmag/2pi, te band 1, te band 2, te band 3, te band 4, te band 5, te band 6
Solving for bands 1 to 6...
    near maximum in trace
    iteration    1: trace = 2.057430042559622 (199.588% change)
    iteration    2: trace = 0.5311926761944824 (117.919% change)
    iteration    3: trace = 0.455572709388666 (15.3268% change)
    iteration    4: trace = 0.4181296760756378 (8.57112% change)
    iteration    5: trace = 0.4059450886479495 (2.95716% change)
    iteration    6: trace = 0.3997112151953054 (1.54753% change)
    iteration    7: trace = 0.3975411554938287 (0.544385% change)
    iteration    8: trace = 0.3958573149087151 (0.424463% change)
    iteration    9: trace = 0.3952855487547309 (0.144542% change)
    iteration   10: trace = 0.3950765439616094 (0.0528884% change)
    iteration   11: trace = 0.3950353316276463 (0.010432% change)
    iteration   12: trace = 0.3950178111013362 (0.00443528% change)
    iteration   13: trace = 0.3950119033549089 (0.00149558% change)
    iteration   14: trace = 0.3950084715366512 (0.000868792% change)
    iteration   15: trace = 0.3950073200679517 (0.000291505% change)
    iteration   16: trace = 0.3950069143008343 (0.000102724% change)
    iteration   17: trace = 0.3950068213726374 (2.35257e-05% change)
    iteration   18: trace = 0.395006789275672 (8.12567e-06% change)
    iteration   19: trace = 0.3950067772149238 (3.0533e-06% change)
    iteration   20: trace = 0.3950067701895869 (1.77854e-06% change)
    iteration   21: trace = 0.3950067682205952 (4.9847e-07% change)
    iteration   22: trace = 0.3950067677375017 (1.223e-07% change)
    iteration   23: trace = 0.3950067676342773 (2.61323e-08% change)
    iteration   24: trace = 0.3950067676138806 (5.16363e-09% change)
Finished solving for bands 1 to 6 after 24 iterations.
tefreqs:, 1, -0.09, 0.14, 0, 0.143178, 0.0644736, 0.148873, 0.171548, 0.30072, 0.322347, 0.380681
elapsed time for k point: 1.5567328929901123
total elapsed time for run: 1.5740535259246826
done
Initializing eigensolver data
Computing 6 bands with 1e-10 tolerance
Working in 2 dimensions.
Grid size is 240 x 80 x 1.
Solving for 6 bands at a time.
Creating Maxwell data...
Mesh size is 3.
Lattice vectors:
     (3, 0, 0)
     (0, 1, 0)
     (0, 0, 1)
Cell volume = 3
Reciprocal lattice vectors (/ 2 pi):
     (0.333333, -0, 0)
     (-0, 1, -0)
     (0, -0, 1)
Geometric objects:
     block, center = (0,0,0)
          size (1e+20,1e+20,1)
          axes (1,0,0), (0,1,0), (0,0,1)
     prism, center = (0.000894427,-1.38778e-17,0.5)
          height 1, axis (0,0,1), sidewall angle: 0 radians, 4 vertices:
          (0.250894,0.25,0)
          (-0.249106,0.25,0)
          (-0.249106,-0.25,0)
          (0.250894,-0.25,0)
     prism, center = (1.0011,-1.38778e-17,0.5)
          height 1, axis (0,0,1), sidewall angle: 0 radians, 4 vertices:
          (1.2511,0.25,0)
          (0.751102,0.25,0)
          (0.751102,-0.25,0)
          (1.2511,-0.25,0)
     prism, center = (1.998,-1.38778e-17,0.5)
          height 1, axis (0,0,1), sidewall angle: 0 radians, 4 vertices:
          (2.248,0.25,0)
          (1.748,0.25,0)
          (1.748,-0.25,0)
          (2.248,-0.25,0)
Geometric object tree has depth 2 and 21 object nodes (vs. 4 actual objects)
Initializing epsilon function...
Allocating fields...
Solving for band polarization: te.
Initializing fields to random numbers...
1 k-points
  Vector3<-0.09, 0.14, 0.0>
elapsed time for initialization: 0.021298885345458984
solve_kpoint (-0.09,0.14,0):
tefreqs:, k index, k1, k2, k3, kmag/2pi, te band 1, te band 2, te band 3, te band 4, te band 5, te band 6
Solving for bands 1 to 6...
    near maximum in trace
    iteration    1: trace = 2.160101929613645 (199.57% change)
    iteration    2: trace = 0.5386497356161138 (120.163% change)
    iteration    3: trace = 0.4546476919022376 (16.9138% change)
    iteration    4: trace = 0.4233327586181372 (7.1334% change)
    iteration    5: trace = 0.4130813306204605 (2.45128% change)
    iteration    6: trace = 0.4064619310491649 (1.61539% change)
    iteration    7: trace = 0.4025296092331545 (0.972154% change)
    iteration    8: trace = 0.3976968486383351 (1.20785% change)
    iteration    9: trace = 0.3959394326731838 (0.442877% change)
    iteration   10: trace = 0.3952367647928895 (0.177626% change)
    iteration   11: trace = 0.3951032463266881 (0.0337876% change)
    iteration   12: trace = 0.3950500718116119 (0.0134593% change)
    iteration   13: trace = 0.3950325887570152 (0.00442563% change)
    iteration   14: trace = 0.395023003868567 (0.00242638% change)
    iteration   15: trace = 0.3950202466690539 (0.000697987% change)
    iteration   16: trace = 0.395019349431796 (0.000227137% change)
    iteration   17: trace = 0.3950191673572282 (4.60926e-05% change)
    iteration   18: trace = 0.3950191059656391 (1.55414e-05% change)
    iteration   19: trace = 0.3950190864468077 (4.94124e-06% change)
    iteration   20: trace = 0.3950190764073003 (2.54152e-06% change)
    iteration   21: trace = 0.3950190728041579 (9.12144e-07% change)
    iteration   22: trace = 0.3950190715352826 (3.21219e-07% change)
    iteration   23: trace = 0.3950190712280591 (7.77743e-08% change)
    iteration   24: trace = 0.3950190711595542 (1.73422e-08% change)
    iteration   25: trace = 0.3950190711369064 (5.73334e-09% change)
Finished solving for bands 1 to 6 after 25 iterations.
tefreqs:, 1, -0.09, 0.14, 0, 0.143178, 0.0644772, 0.148874, 0.17155, 0.300716, 0.322347, 0.380699
elapsed time for k point: 1.5526707172393799
total elapsed time for run: 1.5740373134613037
done
Initializing eigensolver data
Computing 6 bands with 1e-10 tolerance
Working in 2 dimensions.
Grid size is 240 x 80 x 1.
Solving for 6 bands at a time.
Creating Maxwell data...
Mesh size is 3.
Lattice vectors:
     (3, 0, 0)
     (0, 1, 0)
     (0, 0, 1)
Cell volume = 3
Reciprocal lattice vectors (/ 2 pi):
     (0.333333, -0, 0)
     (-0, 1, -0)
     (0, -0, 1)
Geometric objects:
     block, center = (0,0,0)
          size (1e+20,1e+20,1)
          axes (1,0,0), (0,1,0), (0,0,1)
     prism, center = (0.0005,-1.38778e-17,0.5)
          height 1, axis (0,0,1), sidewall angle: 0 radians, 4 vertices:
          (0.2505,0.25,0)
          (-0.2495,0.25,0)
          (-0.2495,-0.25,0)
          (0.2505,-0.25,0)
     prism, center = (1,-1.38778e-17,0.5)
          height 1, axis (0,0,1), sidewall angle: 0 radians, 4 vertices:
          (1.25,0.25,0)
          (0.75,0.25,0)
          (0.75,-0.25,0)
          (1.25,-0.25,0)
     prism, center = (2,-1.38778e-17,0.5)
          height 1, axis (0,0,1), sidewall angle: 0 radians, 4 vertices:
          (2.25,0.25,0)
          (1.75,0.25,0)
          (1.75,-0.25,0)
          (2.25,-0.25,0)
Geometric object tree has depth 2 and 21 object nodes (vs. 4 actual objects)
Initializing epsilon function...
Allocating fields...
Solving for band polarization: te.
Initializing fields to random numbers...
1 k-points
  Vector3<-0.09, 0.14, 0.0>
elapsed time for initialization: 0.025237321853637695
solve_kpoint (-0.09,0.14,0):
tefreqs:, k index, k1, k2, k3, kmag/2pi, te band 1, te band 2, te band 3, te band 4, te band 5, te band 6
Solving for bands 1 to 6...
    near maximum in trace
    iteration    1: trace = 2.172067359431127 (199.568% change)
    iteration    2: trace = 0.5575957260869225 (118.291% change)
    iteration    3: trace = 0.4689511897568006 (17.2704% change)
    iteration    4: trace = 0.4318762232286483 (8.23131% change)
    iteration    5: trace = 0.4198123558169591 (2.83293% change)
    iteration    6: trace = 0.4124322989258016 (1.77353% change)
    iteration    7: trace = 0.4075785023365193 (1.18384% change)
    iteration    8: trace = 0.4010162549238775 (1.62312% change)
    iteration    9: trace = 0.3974748789335961 (0.887017% change)
    iteration   10: trace = 0.3959428793972369 (0.386177% change)
    iteration   11: trace = 0.3956320490857009 (0.0785347% change)
    iteration   12: trace = 0.3955198837181911 (0.028355% change)
    iteration   13: trace = 0.3954835760464812 (0.00918015% change)
    iteration   14: trace = 0.3954624350205969 (0.00534576% change)
    iteration   15: trace = 0.3954537526660561 (0.00219552% change)
    iteration   16: trace = 0.3954499315108499 (0.000966276% change)
    iteration   17: trace = 0.3954490878554801 (0.000213341% change)
    iteration   18: trace = 0.3954488967533756 (4.83253e-05% change)
    iteration   19: trace = 0.3954488685228678 (7.13885e-06% change)
    iteration   20: trace = 0.3954488613039989 (1.82549e-06% change)
    iteration   21: trace = 0.3954488591242286 (5.51214e-07% change)
    iteration   22: trace = 0.3954488580420553 (2.73657e-07% change)
    iteration   23: trace = 0.3954488575059866 (1.3556e-07% change)
    iteration   24: trace = 0.3954488573151344 (4.82622e-08% change)
    iteration   25: trace = 0.3954488572636797 (1.30117e-08% change)
    iteration   26: trace = 0.3954488572529422 (2.71526e-09% change)
Finished solving for bands 1 to 6 after 26 iterations.
tefreqs:, 1, -0.09, 0.14, 0, 0.143178, 0.0645212, 0.148919, 0.171584, 0.300846, 0.322472, 0.381014
elapsed time for k point: 1.7301433086395264
total elapsed time for run: 1.755455732345581
done
Initializing eigensolver data
Computing 6 bands with 1e-10 tolerance
Working in 2 dimensions.
Grid size is 240 x 80 x 1.
Solving for 6 bands at a time.
Creating Maxwell data...
Mesh size is 3.
Lattice vectors:
     (3, 0, 0)
     (0, 1, 0)
     (0, 0, 1)
Cell volume = 3
Reciprocal lattice vectors (/ 2 pi):
     (0.333333, -0, 0)
     (-0, 1, -0)
     (0, -0, 1)
Geometric objects:
     block, center = (0,0,0)
          size (1e+20,1e+20,1)
          axes (1,0,0), (0,1,0), (0,0,1)
     prism, center = (-0.0005,-1.38778e-17,0.5)
          height 1, axis (0,0,1), sidewall angle: 0 radians, 4 vertices:
          (0.2495,0.25,0)
          (-0.2505,0.25,0)
          (-0.2505,-0.25,0)
          (0.2495,-0.25,0)
     prism, center = (1,-1.38778e-17,0.5)
          height 1, axis (0,0,1), sidewall angle: 0 radians, 4 vertices:
          (1.25,0.25,0)
          (0.75,0.25,0)
          (0.75,-0.25,0)
          (1.25,-0.25,0)
     prism, center = (2,-1.38778e-17,0.5)
          height 1, axis (0,0,1), sidewall angle: 0 radians, 4 vertices:
          (2.25,0.25,0)
          (1.75,0.25,0)
          (1.75,-0.25,0)
          (2.25,-0.25,0)
Geometric object tree has depth 2 and 21 object nodes (vs. 4 actual objects)
Initializing epsilon function...
Allocating fields...
Solving for band polarization: te.
Initializing fields to random numbers...
1 k-points
  Vector3<-0.09, 0.14, 0.0>
elapsed time for initialization: 0.024549484252929688
solve_kpoint (-0.09,0.14,0):
tefreqs:, k index, k1, k2, k3, kmag/2pi, te band 1, te band 2, te band 3, te band 4, te band 5, te band 6
Solving for bands 1 to 6...
    near maximum in trace
    iteration    1: trace = 2.063637796352225 (199.587% change)
    iteration    2: trace = 0.5092586206216582 (120.827% change)
    iteration    3: trace = 0.4360961635908593 (15.4783% change)
    iteration    4: trace = 0.4069331994948385 (6.91861% change)
    iteration    5: trace = 0.3992595292213019 (1.90368% change)
    iteration    6: trace = 0.3965204917190617 (0.688391% change)
    iteration    7: trace = 0.3959233869804551 (0.1507% change)
    iteration    8: trace = 0.3956292590877747 (0.0743167% change)
    iteration    9: trace = 0.3955402275833535 (0.0225063% change)
    iteration   10: trace = 0.395496915454067 (0.0109507% change)
    iteration   11: trace = 0.3954869738168041 (0.00251374% change)
    iteration   12: trace = 0.3954835807889733 (0.00085794% change)
    iteration   13: trace = 0.3954827447118234 (0.000211407% change)
    iteration   14: trace = 0.3954822752743004 (0.0001187% change)
    iteration   15: trace = 0.3954820548031822 (5.57474e-05% change)
    iteration   16: trace = 0.3954819418436808 (2.85625e-05% change)
    iteration   17: trace = 0.3954819150239564 (6.78153e-06% change)
    iteration   18: trace = 0.3954819093348585 (1.43852e-06% change)
    iteration   19: trace = 0.3954819084674351 (2.19333e-07% change)
    iteration   20: trace = 0.395481908291239 (4.45523e-08% change)
    iteration   21: trace = 0.3954819082353351 (1.41356e-08% change)
    iteration   22: trace = 0.3954819082119421 (5.91506e-09% change)
Finished solving for bands 1 to 6 after 22 iterations.
tefreqs:, 1, -0.09, 0.14, 0, 0.143178, 0.0645232, 0.148921, 0.171592, 0.300858, 0.32249, 0.381028
elapsed time for k point: 1.4401819705963135
total elapsed time for run: 1.4648160934448242
done
Initializing eigensolver data
Computing 6 bands with 1e-10 tolerance
Working in 2 dimensions.
Grid size is 240 x 80 x 1.
Solving for 6 bands at a time.
Creating Maxwell data...
Mesh size is 3.
Lattice vectors:
     (3, 0, 0)
     (0, 1, 0)
     (0, 0, 1)
Cell volume = 3
Reciprocal lattice vectors (/ 2 pi):
     (0.333333, -0, 0)
     (-0, 1, -0)
     (0, -0, 1)
Geometric objects:
     block, center = (0,0,0)
          size (1e+20,1e+20,1)
          axes (1,0,0), (0,1,0), (0,0,1)
     prism, center = (-2.08167e-17,-1.38778e-17,0.5)
          height 1, axis (0,0,1), sidewall angle: 0 radians, 4 vertices:
          (0.25,0.25,0)
          (-0.25,0.25,0)
          (-0.25,-0.25,0)
          (0.25,-0.25,0)
     prism, center = (1.0005,-1.38778e-17,0.5)
          height 1, axis (0,0,1), sidewall angle: 0 radians, 4 vertices:
          (1.2505,0.25,0)
          (0.7505,0.25,0)
          (0.7505,-0.25,0)
          (1.2505,-0.25,0)
     prism, center = (2,-1.38778e-17,0.5)
          height 1, axis (0,0,1), sidewall angle: 0 radians, 4 vertices:
          (2.25,0.25,0)
          (1.75,0.25,0)
          (1.75,-0.25,0)
          (2.25,-0.25,0)
Geometric object tree has depth 2 and 21 object nodes (vs. 4 actual objects)
Initializing epsilon function...
Allocating fields...
Solving for band polarization: te.
Initializing fields to random numbers...
1 k-points
  Vector3<-0.09, 0.14, 0.0>
elapsed time for initialization: 0.018598556518554688
solve_kpoint (-0.09,0.14,0):
tefreqs:, k index, k1, k2, k3, kmag/2pi, te band 1, te band 2, te band 3, te band 4, te band 5, te band 6
Solving for bands 1 to 6...
    near maximum in trace
    iteration    1: trace = 2.112885589765237 (199.579% change)
    iteration    2: trace = 0.5955225977084824 (112.048% change)
    iteration    3: trace = 0.445110368425583 (28.9078% change)
    iteration    4: trace = 0.4208365912799424 (5.6063% change)
    iteration    5: trace = 0.4093378290745906 (2.7702% change)
    iteration    6: trace = 0.4043697986705067 (1.22108% change)
    iteration    7: trace = 0.3996976130189092 (1.16214% change)
    iteration    8: trace = 0.3970097601860368 (0.67474% change)
    iteration    9: trace = 0.3956261304022573 (0.349121% change)
    iteration   10: trace = 0.3952716518071928 (0.0896395% change)
    iteration   11: trace = 0.3951533978402516 (0.0299216% change)
    iteration   12: trace = 0.3951202123390043 (0.00839848% change)
    iteration   13: trace = 0.3951012403858188 (0.00480168% change)
    iteration   14: trace = 0.3950946681888377 (0.00166343% change)
    iteration   15: trace = 0.3950923569078307 (0.000584996% change)
    iteration   16: trace = 0.3950918721950514 (0.000122683% change)
    iteration   17: trace = 0.3950917014726895 (4.32108e-05% change)
    iteration   18: trace = 0.3950916530665707 (1.22519e-05% change)
    iteration   19: trace = 0.3950916298287234 (5.88163e-06% change)
    iteration   20: trace = 0.3950916195268842 (2.60746e-06% change)
    iteration   21: trace = 0.3950916156476505 (9.81857e-07% change)
    iteration   22: trace = 0.3950916147971009 (2.15279e-07% change)
    iteration   23: trace = 0.3950916146041478 (4.88376e-08% change)
    iteration   24: trace = 0.3950916145473167 (1.43843e-08% change)
    iteration   25: trace = 0.3950916145236963 (5.97844e-09% change)
Finished solving for bands 1 to 6 after 25 iterations.
tefreqs:, 1, -0.09, 0.14, 0, 0.143178, 0.0644826, 0.148882, 0.171561, 0.300746, 0.322378, 0.380735
elapsed time for k point: 1.5118474960327148
total elapsed time for run: 1.5305259227752686
done
Initializing eigensolver data
Computing 6 bands with 1e-10 tolerance
Working in 2 dimensions.
Grid size is 240 x 80 x 1.
Solving for 6 bands at a time.
Creating Maxwell data...
Mesh size is 3.
Lattice vectors:
     (3, 0, 0)
     (0, 1, 0)
     (0, 0, 1)
Cell volume = 3
Reciprocal lattice vectors (/ 2 pi):
     (0.333333, -0, 0)
     (-0, 1, -0)
     (0, -0, 1)
Geometric objects:
     block, center = (0,0,0)
          size (1e+20,1e+20,1)
          axes (1,0,0), (0,1,0), (0,0,1)
     prism, center = (-2.08167e-17,-1.38778e-17,0.5)
          height 1, axis (0,0,1), sidewall angle: 0 radians, 4 vertices:
          (0.25,0.25,0)
          (-0.25,0.25,0)
          (-0.25,-0.25,0)
          (0.25,-0.25,0)
     prism, center = (0.9995,-1.38778e-17,0.5)
          height 1, axis (0,0,1), sidewall angle: 0 radians, 4 vertices:
          (1.2495,0.25,0)
          (0.7495,0.25,0)
          (0.7495,-0.25,0)
          (1.2495,-0.25,0)
     prism, center = (2,-1.38778e-17,0.5)
          height 1, axis (0,0,1), sidewall angle: 0 radians, 4 vertices:
          (2.25,0.25,0)
          (1.75,0.25,0)
          (1.75,-0.25,0)
          (2.25,-0.25,0)
Geometric object tree has depth 2 and 21 object nodes (vs. 4 actual objects)
Initializing epsilon function...
Allocating fields...
Solving for band polarization: te.
Initializing fields to random numbers...
1 k-points
  Vector3<-0.09, 0.14, 0.0>
elapsed time for initialization: 0.019002437591552734
solve_kpoint (-0.09,0.14,0):
tefreqs:, k index, k1, k2, k3, kmag/2pi, te band 1, te band 2, te band 3, te band 4, te band 5, te band 6
Solving for bands 1 to 6...
    near maximum in trace
    iteration    1: trace = 2.228457955672916 (199.555% change)
    iteration    2: trace = 0.522935070854731 (123.975% change)
    iteration    3: trace = 0.4373585613346098 (17.823% change)
    iteration    4: trace = 0.4078471019067058 (6.98326% change)
    iteration    5: trace = 0.4003126663011676 (1.86459% change)
    iteration    6: trace = 0.3972170717998835 (0.776296% change)
    iteration    7: trace = 0.3962084146509766 (0.254254% change)
    iteration    8: trace = 0.3954444101282008 (0.193015% change)
    iteration    9: trace = 0.3952072935586465 (0.05998% change)
    iteration   10: trace = 0.3951212944579554 (0.0217629% change)
    iteration   11: trace = 0.3951048971024951 (0.00415004% change)
    iteration   12: trace = 0.3950972963854738 (0.00192374% change)
    iteration   13: trace = 0.3950940189506231 (0.000829529% change)
    iteration   14: trace = 0.3950923010600837 (0.000434806% change)
    iteration   15: trace = 0.3950919322947658 (9.33365e-05% change)
    iteration   16: trace = 0.3950918227646403 (2.77227e-05% change)
    iteration   17: trace = 0.39509179757101 (6.37665e-06% change)
    iteration   18: trace = 0.3950917859209228 (2.9487e-06% change)
    iteration   19: trace = 0.3950917812225851 (1.18918e-06% change)
    iteration   20: trace = 0.3950917790198625 (5.57522e-07% change)
    iteration   21: trace = 0.3950917784032515 (1.56068e-07% change)
    iteration   22: trace = 0.395091778244647 (4.01437e-08% change)
    iteration   23: trace = 0.3950917782114247 (8.40874e-09% change)
Finished solving for bands 1 to 6 after 23 iterations.
tefreqs:, 1, -0.09, 0.14, 0, 0.143178, 0.0644827, 0.148882, 0.171561, 0.300746, 0.322378, 0.380735
elapsed time for k point: 1.6670832633972168
total elapsed time for run: 1.6861560344696045
done
Initializing eigensolver data
Computing 6 bands with 1e-10 tolerance
Working in 2 dimensions.
Grid size is 240 x 80 x 1.
Solving for 6 bands at a time.
Creating Maxwell data...
Mesh size is 3.
Lattice vectors:
     (3, 0, 0)
     (0, 1, 0)
     (0, 0, 1)
Cell volume = 3
Reciprocal lattice vectors (/ 2 pi):
     (0.333333, -0, 0)
     (-0, 1, -0)
     (0, -0, 1)
Geometric objects:
     block, center = (0,0,0)
          size (1e+20,1e+20,1)
          axes (1,0,0), (0,1,0), (0,0,1)
     prism, center = (-2.08167e-17,-1.38778e-17,0.5)
          height 1, axis (0,0,1), sidewall angle: 0 radians, 4 vertices:
          (0.25,0.25,0)
          (-0.25,0.25,0)
          (-0.25,-0.25,0)
          (0.25,-0.25,0)
     prism, center = (1,-1.38778e-17,0.5)
          height 1, axis (0,0,1), sidewall angle: 0 radians, 4 vertices:
          (1.25,0.25,0)
          (0.75,0.25,0)
          (0.75,-0.25,0)
          (1.25,-0.25,0)
     prism, center = (2.0005,-1.38778e-17,0.5)
          height 1, axis (0,0,1), sidewall angle: 0 radians, 4 vertices:
          (2.2505,0.25,0)
          (1.7505,0.25,0)
          (1.7505,-0.25,0)
          (2.2505,-0.25,0)
Geometric object tree has depth 2 and 21 object nodes (vs. 4 actual objects)
Initializing epsilon function...
Allocating fields...
Solving for band polarization: te.
Initializing fields to random numbers...
1 k-points
  Vector3<-0.09, 0.14, 0.0>
elapsed time for initialization: 0.019823789596557617
solve_kpoint (-0.09,0.14,0):
tefreqs:, k index, k1, k2, k3, kmag/2pi, te band 1, te band 2, te band 3, te band 4, te band 5, te band 6
Solving for bands 1 to 6...
    near maximum in trace
    iteration    1: trace = 1.904217008068062 (199.618% change)
    iteration    2: trace = 0.5065500058272346 (115.952% change)
    iteration    3: trace = 0.4331296321831194 (15.6267% change)
    iteration    4: trace = 0.4076445466046876 (6.06229% change)
    iteration    5: trace = 0.4010751480433898 (1.62464% change)
    iteration    6: trace = 0.3978055469652486 (0.818546% change)
    iteration    7: trace = 0.3964268656185422 (0.347173% change)
    iteration    8: trace = 0.3954891356626709 (0.236826% change)
    iteration    9: trace = 0.3952271144462399 (0.0662744% change)
    iteration   10: trace = 0.3951310856500554 (0.0243001% change)
    iteration   11: trace = 0.395108605031545 (0.00568957% change)
    iteration   12: trace = 0.3950983646189054 (0.00259183% change)
    iteration   13: trace = 0.3950945735719208 (0.000959524% change)
    iteration   14: trace = 0.3950926193229435 (0.000494629% change)
    iteration   15: trace = 0.3950920878443009 (0.00013452% change)
    iteration   16: trace = 0.3950919012424494 (4.723e-05% change)
    iteration   17: trace = 0.395091860729062 (1.02542e-05% change)
    iteration   18: trace = 0.3950918455904127 (3.83168e-06% change)
    iteration   19: trace = 0.3950918399625866 (1.42443e-06% change)
    iteration   20: trace = 0.3950918367791545 (8.05745e-07% change)
    iteration   21: trace = 0.3950918358326527 (2.39565e-07% change)
    iteration   22: trace = 0.3950918356204991 (5.36973e-08% change)
    iteration   23: trace = 0.395091835578935 (1.05201e-08% change)
    iteration   24: trace = 0.3950918355718097 (1.80345e-09% change)
Finished solving for bands 1 to 6 after 24 iterations.
tefreqs:, 1, -0.09, 0.14, 0, 0.143178, 0.0644827, 0.148882, 0.171561, 0.300746, 0.322378, 0.380735
elapsed time for k point: 1.4863030910491943
total elapsed time for run: 1.5061867237091064
done
Initializing eigensolver data
Computing 6 bands with 1e-10 tolerance
Working in 2 dimensions.
Grid size is 240 x 80 x 1.
Solving for 6 bands at a time.
Creating Maxwell data...
Mesh size is 3.
Lattice vectors:
     (3, 0, 0)
     (0, 1, 0)
     (0, 0, 1)
Cell volume = 3
Reciprocal lattice vectors (/ 2 pi):
     (0.333333, -0, 0)
     (-0, 1, -0)
     (0, -0, 1)
Geometric objects:
     block, center = (0,0,0)
          size (1e+20,1e+20,1)
          axes (1,0,0), (0,1,0), (0,0,1)
     prism, center = (-2.08167e-17,-1.38778e-17,0.5)
          height 1, axis (0,0,1), sidewall angle: 0 radians, 4 vertices:
          (0.25,0.25,0)
          (-0.25,0.25,0)
          (-0.25,-0.25,0)
          (0.25,-0.25,0)
     prism, center = (1,-1.38778e-17,0.5)
          height 1, axis (0,0,1), sidewall angle: 0 radians, 4 vertices:
          (1.25,0.25,0)
          (0.75,0.25,0)
          (0.75,-0.25,0)
          (1.25,-0.25,0)
     prism, center = (1.9995,-1.38778e-17,0.5)
          height 1, axis (0,0,1), sidewall angle: 0 radians, 4 vertices:
          (2.2495,0.25,0)
          (1.7495,0.25,0)
          (1.7495,-0.25,0)
          (2.2495,-0.25,0)
Geometric object tree has depth 2 and 21 object nodes (vs. 4 actual objects)
Initializing epsilon function...
Allocating fields...
Solving for band polarization: te.
Initializing fields to random numbers...
1 k-points
  Vector3<-0.09, 0.14, 0.0>
elapsed time for initialization: 0.01987624168395996
solve_kpoint (-0.09,0.14,0):
tefreqs:, k index, k1, k2, k3, kmag/2pi, te band 1, te band 2, te band 3, te band 4, te band 5, te band 6
Solving for bands 1 to 6...
    near maximum in trace
    iteration    1: trace = 1.73881013859848 (199.653% change)
    iteration    2: trace = 0.4878516213597472 (112.362% change)
    iteration    3: trace = 0.4302471609933893 (12.5486% change)
    iteration    4: trace = 0.412062987015922 (4.31769% change)
    iteration    5: trace = 0.4047914681545824 (1.78037% change)
    iteration    6: trace = 0.3994116673529668 (1.33792% change)
    iteration    7: trace = 0.3970701929933433 (0.587954% change)
    iteration    8: trace = 0.3955961470047049 (0.371921% change)
    iteration    9: trace = 0.3952564639559085 (0.085903% change)
    iteration   10: trace = 0.3951449275162238 (0.0282227% change)
    iteration   11: trace = 0.3951176002779249 (0.00691599% change)
    iteration   12: trace = 0.3951006585260529 (0.00428787% change)
    iteration   13: trace = 0.3950948073467205 (0.00148094% change)
    iteration   14: trace = 0.3950924215210154 (0.000603863% change)
    iteration   15: trace = 0.3950918249666038 (0.000150991% change)
    iteration   16: trace = 0.3950916063203186 (5.53406e-05% change)
    iteration   17: trace = 0.3950915391765728 (1.69945e-05% change)
    iteration   18: trace = 0.3950915059821197 (8.40171e-06% change)
    iteration   19: trace = 0.3950914916539783 (3.62654e-06% change)
    iteration   20: trace = 0.3950914862540762 (1.36675e-06% change)
    iteration   21: trace = 0.3950914850619356 (3.01738e-07% change)
    iteration   22: trace = 0.3950914848294652 (5.88397e-08% change)
    iteration   23: trace = 0.3950914847821894 (1.19658e-08% change)
    iteration   24: trace = 0.3950914847729618 (2.33557e-09% change)
Finished solving for bands 1 to 6 after 24 iterations.
tefreqs:, 1, -0.09, 0.14, 0, 0.143178, 0.0644826, 0.148882, 0.171561, 0.300746, 0.322378, 0.380735
elapsed time for k point: 1.3183043003082275
total elapsed time for run: 1.3382551670074463
done
Initializing eigensolver data
Computing 6 bands with 1e-10 tolerance
Working in 2 dimensions.
Grid size is 240 x 80 x 1.
Solving for 6 bands at a time.
Creating Maxwell data...
Mesh size is 3.
Lattice vectors:
     (3, 0, 0)
     (0, 1, 0)
     (0, 0, 1)
Cell volume = 3
Reciprocal lattice vectors (/ 2 pi):
     (0.333333, -0, 0)
     (-0, 1, -0)
     (0, -0, 1)
Geometric objects:
     block, center = (0,0,0)
          size (1e+20,1e+20,1)
          axes (1,0,0), (0,1,0), (0,0,1)
     prism, center = (0.001,-1.38778e-17,0.5)
          height 1, axis (0,0,1), sidewall angle: 0 radians, 4 vertices:
          (0.251,0.25,0)
          (-0.249,0.25,0)
          (-0.249,-0.25,0)
          (0.251,-0.25,0)
     prism, center = (1,-1.38778e-17,0.5)
          height 1, axis (0,0,1), sidewall angle: 0 radians, 4 vertices:
          (1.25,0.25,0)
          (0.75,0.25,0)
          (0.75,-0.25,0)
          (1.25,-0.25,0)
     prism, center = (2,-1.38778e-17,0.5)
          height 1, axis (0,0,1), sidewall angle: 0 radians, 4 vertices:
          (2.25,0.25,0)
          (1.75,0.25,0)
          (1.75,-0.25,0)
          (2.25,-0.25,0)
Geometric object tree has depth 2 and 21 object nodes (vs. 4 actual objects)
Initializing epsilon function...
Allocating fields...
Solving for band polarization: te.
Initializing fields to random numbers...
1 k-points
  Vector3<-0.09, 0.14, 0.0>
elapsed time for initialization: 0.019850969314575195
solve_kpoint (-0.09,0.14,0):
tefreqs:, k index, k1, k2, k3, kmag/2pi, te band 1, te band 2, te band 3, te band 4, te band 5, te band 6
Solving for bands 1 to 6...
    near maximum in trace
    iteration    1: trace = 2.189852423818812 (199.564% change)
    iteration    2: trace = 0.5752772890307108 (116.781% change)
    iteration    3: trace = 0.4227060521294084 (30.5759% change)
    iteration    4: trace = 0.4065328257724939 (3.90074% change)
    iteration    5: trace = 0.399545598492995 (1.73363% change)
    iteration    6: trace = 0.3974420025791618 (0.527887% change)
    iteration    7: trace = 0.3960751187176037 (0.344513% change)
    iteration    8: trace = 0.3956822574028274 (0.0992378% change)
    iteration    9: trace = 0.3955125450433916 (0.0429003% change)
    iteration   10: trace = 0.3954786101667737 (0.00858034% change)
    iteration   11: trace = 0.3954631726511171 (0.00390358% change)
    iteration   12: trace = 0.3954570665324434 (0.00154405% change)
    iteration   13: trace = 0.3954533305383127 (0.000944733% change)
    iteration   14: trace = 0.3954522659803567 (0.0002692% change)
    iteration   15: trace = 0.395451894578434 (9.39183e-05% change)
    iteration   16: trace = 0.3954518228520054 (1.81378e-05% change)
    iteration   17: trace = 0.3954518044909685 (4.64305e-06% change)
    iteration   18: trace = 0.395451800837368 (9.23905e-07% change)
    iteration   19: trace = 0.3954517995765939 (3.18819e-07% change)
    iteration   20: trace = 0.3954517990408359 (1.3548e-07% change)
    iteration   21: trace = 0.3954517988135938 (5.74639e-08% change)
    iteration   22: trace = 0.3954517987449178 (1.73665e-08% change)
    iteration   23: trace = 0.3954517987287814 (4.0805e-09% change)
Finished solving for bands 1 to 6 after 23 iterations.
tefreqs:, 1, -0.09, 0.14, 0, 0.143178, 0.0645215, 0.148919, 0.171585, 0.300846, 0.322473, 0.381016
elapsed time for k point: 1.2943730354309082
total elapsed time for run: 1.3143794536590576
done
Initializing eigensolver data
Computing 6 bands with 1e-10 tolerance
Working in 2 dimensions.
Grid size is 240 x 80 x 1.
Solving for 6 bands at a time.
Creating Maxwell data...
Mesh size is 3.
Lattice vectors:
     (3, 0, 0)
     (0, 1, 0)
     (0, 0, 1)
Cell volume = 3
Reciprocal lattice vectors (/ 2 pi):
     (0.333333, -0, 0)
     (-0, 1, -0)
     (0, -0, 1)
Geometric objects:
     block, center = (0,0,0)
          size (1e+20,1e+20,1)
          axes (1,0,0), (0,1,0), (0,0,1)
     prism, center = (-0.001,-1.38778e-17,0.5)
          height 1, axis (0,0,1), sidewall angle: 0 radians, 4 vertices:
          (0.249,0.25,0)
          (-0.251,0.25,0)
          (-0.251,-0.25,0)
          (0.249,-0.25,0)
     prism, center = (1,-1.38778e-17,0.5)
          height 1, axis (0,0,1), sidewall angle: 0 radians, 4 vertices:
          (1.25,0.25,0)
          (0.75,0.25,0)
          (0.75,-0.25,0)
          (1.25,-0.25,0)
     prism, center = (2,-1.38778e-17,0.5)
          height 1, axis (0,0,1), sidewall angle: 0 radians, 4 vertices:
          (2.25,0.25,0)
          (1.75,0.25,0)
          (1.75,-0.25,0)
          (2.25,-0.25,0)
Geometric object tree has depth 2 and 21 object nodes (vs. 4 actual objects)
Initializing epsilon function...
Allocating fields...
Solving for band polarization: te.
Initializing fields to random numbers...
1 k-points
  Vector3<-0.09, 0.14, 0.0>
elapsed time for initialization: 0.020243167877197266
solve_kpoint (-0.09,0.14,0):
tefreqs:, k index, k1, k2, k3, kmag/2pi, te band 1, te band 2, te band 3, te band 4, te band 5, te band 6
Solving for bands 1 to 6...
    near maximum in trace
    iteration    1: trace = 2.067251322584199 (199.587% change)
    iteration    2: trace = 0.569751411402432 (113.576% change)
    iteration    3: trace = 0.4272176010224447 (28.5934% change)
    iteration    4: trace = 0.4084089604817227 (4.50169% change)
    iteration    5: trace = 0.4006324415133953 (1.9224% change)
    iteration    6: trace = 0.3983611179150948 (0.568546% change)
    iteration    7: trace = 0.3966073918609655 (0.441206% change)
    iteration    8: trace = 0.3959185543857435 (0.173833% change)
    iteration    9: trace = 0.3955920283328176 (0.0825071% change)
    iteration   10: trace = 0.395524702137774 (0.0170205% change)
    iteration   11: trace = 0.3954993246534499 (0.00641636% change)
    iteration   12: trace = 0.3954913920317095 (0.00200574% change)
    iteration   13: trace = 0.3954866796541345 (0.00119153% change)
    iteration   14: trace = 0.3954852026201099 (0.000373473% change)
    iteration   15: trace = 0.3954846664739005 (0.000135567% change)
    iteration   16: trace = 0.3954845552471186 (2.81242e-05% change)
    iteration   17: trace = 0.3954845171597892 (9.63055e-06% change)
    iteration   18: trace = 0.3954845065298463 (2.68783e-06% change)
    iteration   19: trace = 0.395484501410376 (1.29448e-06% change)
    iteration   20: trace = 0.3954844992298682 (5.51351e-07% change)
    iteration   21: trace = 0.3954844984448208 (1.98503e-07% change)
    iteration   22: trace = 0.3954844982787171 (4.20001e-08% change)
    iteration   23: trace = 0.3954844982421779 (9.23909e-09% change)
Finished solving for bands 1 to 6 after 23 iterations.
tefreqs:, 1, -0.09, 0.14, 0, 0.143178, 0.0645234, 0.148921, 0.171592, 0.300859, 0.322491, 0.38103
elapsed time for k point: 1.4776391983032227
total elapsed time for run: 1.4979522228240967
done
Initializing eigensolver data
Computing 6 bands with 1e-10 tolerance
Working in 2 dimensions.
Grid size is 240 x 80 x 1.
Solving for 6 bands at a time.
Creating Maxwell data...
Mesh size is 3.
Lattice vectors:
     (3, 0, 0)
     (0, 1, 0)
     (0, 0, 1)
Cell volume = 3
Reciprocal lattice vectors (/ 2 pi):
     (0.333333, -0, 0)
     (-0, 1, -0)
     (0, -0, 1)
Geometric objects:
     block, center = (0,0,0)
          size (1e+20,1e+20,1)
          axes (1,0,0), (0,1,0), (0,0,1)
     prism, center = (-2.08167e-17,-1.38778e-17,0.5)
          height 1, axis (0,0,1), sidewall angle: 0 radians, 4 vertices:
          (0.25,0.25,0)
          (-0.25,0.25,0)
          (-0.25,-0.25,0)
          (0.25,-0.25,0)
     prism, center = (1.001,-1.38778e-17,0.5)
          height 1, axis (0,0,1), sidewall angle: 0 radians, 4 vertices:
          (1.251,0.25,0)
          (0.751,0.25,0)
          (0.751,-0.25,0)
          (1.251,-0.25,0)
     prism, center = (2,-1.38778e-17,0.5)
          height 1, axis (0,0,1), sidewall angle: 0 radians, 4 vertices:
          (2.25,0.25,0)
          (1.75,0.25,0)
          (1.75,-0.25,0)
          (2.25,-0.25,0)
Geometric object tree has depth 2 and 21 object nodes (vs. 4 actual objects)
Initializing epsilon function...
Allocating fields...
Solving for band polarization: te.
Initializing fields to random numbers...
1 k-points
  Vector3<-0.09, 0.14, 0.0>
elapsed time for initialization: 0.02022385597229004
solve_kpoint (-0.09,0.14,0):
tefreqs:, k index, k1, k2, k3, kmag/2pi, te band 1, te band 2, te band 3, te band 4, te band 5, te band 6
Solving for bands 1 to 6...
    near maximum in trace
    iteration    1: trace = 2.182617416756802 (199.563% change)
    iteration    2: trace = 0.546286907088497 (119.926% change)
    iteration    3: trace = 0.4467974268674596 (20.0365% change)
    iteration    4: trace = 0.4122137694497353 (8.05197% change)
    iteration    5: trace = 0.4029974527922145 (2.26109% change)
    iteration    6: trace = 0.3986028814247869 (1.09645% change)
    iteration    7: trace = 0.3968246807165278 (0.447106% change)
    iteration    8: trace = 0.3956285943641285 (0.301869% change)
    iteration    9: trace = 0.3952727816470062 (0.0899765% change)
    iteration   10: trace = 0.3951426905668008 (0.0329171% change)
    iteration   11: trace = 0.3951147339474488 (0.00707532% change)
    iteration   12: trace = 0.395102303026568 (0.0031462% change)
    iteration   13: trace = 0.3950976281807781 (0.00118321% change)
    iteration   14: trace = 0.3950951806984253 (0.000619465% change)
    iteration   15: trace = 0.3950944468059041 (0.000185751% change)
    iteration   16: trace = 0.3950941784085766 (6.79325e-05% change)
    iteration   17: trace = 0.3950941199896238 (1.47861e-05% change)
    iteration   18: trace = 0.3950940971169133 (5.78918e-06% change)
    iteration   19: trace = 0.3950940877530879 (2.37002e-06% change)
    iteration   20: trace = 0.3950940830580717 (1.18833e-06% change)
    iteration   21: trace = 0.3950940818357808 (3.09367e-07% change)
    iteration   22: trace = 0.3950940814834829 (8.91681e-08% change)
    iteration   23: trace = 0.3950940814167918 (1.68798e-08% change)
    iteration   24: trace = 0.3950940814055144 (2.85436e-09% change)
Finished solving for bands 1 to 6 after 24 iterations.
tefreqs:, 1, -0.09, 0.14, 0, 0.143178, 0.0644829, 0.148882, 0.171561, 0.300746, 0.32238, 0.380737
elapsed time for k point: 1.589632272720337
total elapsed time for run: 1.609936237335205
done
Initializing eigensolver data
Computing 6 bands with 1e-10 tolerance
Working in 2 dimensions.
Grid size is 240 x 80 x 1.
Solving for 6 bands at a time.
Creating Maxwell data...
Mesh size is 3.
Lattice vectors:
     (3, 0, 0)
     (0, 1, 0)
     (0, 0, 1)
Cell volume = 3
Reciprocal lattice vectors (/ 2 pi):
     (0.333333, -0, 0)
     (-0, 1, -0)
     (0, -0, 1)
Geometric objects:
     block, center = (0,0,0)
          size (1e+20,1e+20,1)
          axes (1,0,0), (0,1,0), (0,0,1)
     prism, center = (-2.08167e-17,-1.38778e-17,0.5)
          height 1, axis (0,0,1), sidewall angle: 0 radians, 4 vertices:
          (0.25,0.25,0)
          (-0.25,0.25,0)
          (-0.25,-0.25,0)
          (0.25,-0.25,0)
     prism, center = (0.999,-1.38778e-17,0.5)
          height 1, axis (0,0,1), sidewall angle: 0 radians, 4 vertices:
          (1.249,0.25,0)
          (0.749,0.25,0)
          (0.749,-0.25,0)
          (1.249,-0.25,0)
     prism, center = (2,-1.38778e-17,0.5)
          height 1, axis (0,0,1), sidewall angle: 0 radians, 4 vertices:
          (2.25,0.25,0)
          (1.75,0.25,0)
          (1.75,-0.25,0)
          (2.25,-0.25,0)
Geometric object tree has depth 2 and 21 object nodes (vs. 4 actual objects)
Initializing epsilon function...
Allocating fields...
Solving for band polarization: te.
Initializing fields to random numbers...
1 k-points
  Vector3<-0.09, 0.14, 0.0>
elapsed time for initialization: 0.027012109756469727
solve_kpoint (-0.09,0.14,0):
tefreqs:, k index, k1, k2, k3, kmag/2pi, te band 1, te band 2, te band 3, te band 4, te band 5, te band 6
Solving for bands 1 to 6...
    near maximum in trace
    iteration    1: trace = 1.919096232019537 (199.616% change)
    iteration    2: trace = 0.5152756863033326 (115.333% change)
    iteration    3: trace = 0.4358491083554114 (16.7016% change)
    iteration    4: trace = 0.4120413628025244 (5.61576% change)
    iteration    5: trace = 0.4040717322692633 (1.95307% change)
    iteration    6: trace = 0.398675994668637 (1.34432% change)
    iteration    7: trace = 0.3966895026795335 (0.499517% change)
    iteration    8: trace = 0.3955803677815207 (0.279989% change)
    iteration    9: trace = 0.3952534696893156 (0.0826718% change)
    iteration   10: trace = 0.3951355921226253 (0.0298277% change)
    iteration   11: trace = 0.3951109811992665 (0.00622867% change)
    iteration   12: trace = 0.3951014839591324 (0.00240372% change)
    iteration   13: trace = 0.3950974787500592 (0.00101372% change)
    iteration   14: trace = 0.3950953437704866 (0.000540369% change)
    iteration   15: trace = 0.3950947176464253 (0.000158474% change)
    iteration   16: trace = 0.3950945259776446 (4.85121e-05% change)
    iteration   17: trace = 0.3950944733083853 (1.33308e-05% change)
    iteration   18: trace = 0.3950944521751132 (5.34892e-06% change)
    iteration   19: trace = 0.3950944430239022 (2.31621e-06% change)
    iteration   20: trace = 0.3950944384695331 (1.15273e-06% change)
    iteration   21: trace = 0.3950944370663731 (3.55145e-07% change)
    iteration   22: trace = 0.3950944367697449 (7.50778e-08% change)
    iteration   23: trace = 0.3950944367069272 (1.58994e-08% change)
    iteration   24: trace = 0.3950944366955583 (2.87752e-09% change)
Finished solving for bands 1 to 6 after 24 iterations.
tefreqs:, 1, -0.09, 0.14, 0, 0.143178, 0.0644829, 0.148882, 0.171561, 0.300747, 0.322379, 0.380737
elapsed time for k point: 1.730992317199707
total elapsed time for run: 1.7580819129943848
done
Initializing eigensolver data
Computing 6 bands with 1e-10 tolerance
Working in 2 dimensions.
Grid size is 240 x 80 x 1.
Solving for 6 bands at a time.
Creating Maxwell data...
Mesh size is 3.
Lattice vectors:
     (3, 0, 0)
     (0, 1, 0)
     (0, 0, 1)
Cell volume = 3
Reciprocal lattice vectors (/ 2 pi):
     (0.333333, -0, 0)
     (-0, 1, -0)
     (0, -0, 1)
Geometric objects:
     block, center = (0,0,0)
          size (1e+20,1e+20,1)
          axes (1,0,0), (0,1,0), (0,0,1)
     prism, center = (-2.08167e-17,-1.38778e-17,0.5)
          height 1, axis (0,0,1), sidewall angle: 0 radians, 4 vertices:
          (0.25,0.25,0)
          (-0.25,0.25,0)
          (-0.25,-0.25,0)
          (0.25,-0.25,0)
     prism, center = (1,-1.38778e-17,0.5)
          height 1, axis (0,0,1), sidewall angle: 0 radians, 4 vertices:
          (1.25,0.25,0)
          (0.75,0.25,0)
          (0.75,-0.25,0)
          (1.25,-0.25,0)
     prism, center = (2.001,-1.38778e-17,0.5)
          height 1, axis (0,0,1), sidewall angle: 0 radians, 4 vertices:
          (2.251,0.25,0)
          (1.751,0.25,0)
          (1.751,-0.25,0)
          (2.251,-0.25,0)
Geometric object tree has depth 2 and 21 object nodes (vs. 4 actual objects)
Initializing epsilon function...
Allocating fields...
Solving for band polarization: te.
Initializing fields to random numbers...
1 k-points
  Vector3<-0.09, 0.14, 0.0>
elapsed time for initialization: 0.020641803741455078
solve_kpoint (-0.09,0.14,0):
tefreqs:, k index, k1, k2, k3, kmag/2pi, te band 1, te band 2, te band 3, te band 4, te band 5, te band 6
Solving for bands 1 to 6...
    near maximum in trace
    iteration    1: trace = 2.15938984350074 (199.571% change)
    iteration    2: trace = 0.595573124429629 (113.527% change)
    iteration    3: trace = 0.4419655698874692 (29.61% change)
    iteration    4: trace = 0.4156494319513002 (6.13705% change)
    iteration    5: trace = 0.4036973961364324 (2.91745% change)
    iteration    6: trace = 0.3998139931633442 (0.966608% change)
    iteration    7: trace = 0.3968850830956958 (0.735261% change)
    iteration    8: trace = 0.3957173565733847 (0.294656% change)
    iteration    9: trace = 0.3952506369421615 (0.118012% change)
    iteration   10: trace = 0.3951536800339549 (0.0245335% change)
    iteration   11: trace = 0.3951176430979756 (0.00912014% change)
    iteration   12: trace = 0.3951055565620101 (0.00305902% change)
    iteration   13: trace = 0.3950978086487107 (0.00196099% change)
    iteration   14: trace = 0.3950955267633472 (0.000577551% change)
    iteration   15: trace = 0.3950947774816864 (0.000189646% change)
    iteration   16: trace = 0.3950946055754149 (4.35101e-05% change)
    iteration   17: trace = 0.3950945314582516 (1.87593e-05% change)
    iteration   18: trace = 0.3950945070762542 (6.17118e-06% change)
    iteration   19: trace = 0.3950944931390732 (3.52756e-06% change)
    iteration   20: trace = 0.3950944882498437 (1.23748e-06% change)
    iteration   21: trace = 0.3950944868526369 (3.53639e-07% change)
    iteration   22: trace = 0.395094486624389 (5.77705e-08% change)
    iteration   23: trace = 0.3950944865789107 (1.15108e-08% change)
    iteration   24: trace = 0.3950944865638648 (3.80817e-09% change)
Finished solving for bands 1 to 6 after 24 iterations.
tefreqs:, 1, -0.09, 0.14, 0, 0.143178, 0.0644829, 0.148882, 0.171561, 0.300747, 0.322378, 0.380737
elapsed time for k point: 2.3213491439819336
total elapsed time for run: 2.3421239852905273
done
Initializing eigensolver data
Computing 6 bands with 1e-10 tolerance
Working in 2 dimensions.
Grid size is 240 x 80 x 1.
Solving for 6 bands at a time.
Creating Maxwell data...
Mesh size is 3.
Lattice vectors:
     (3, 0, 0)
     (0, 1, 0)
     (0, 0, 1)
Cell volume = 3
Reciprocal lattice vectors (/ 2 pi):
     (0.333333, -0, 0)
     (-0, 1, -0)
     (0, -0, 1)
Geometric objects:
     block, center = (0,0,0)
          size (1e+20,1e+20,1)
          axes (1,0,0), (0,1,0), (0,0,1)
     prism, center = (-2.08167e-17,-1.38778e-17,0.5)
          height 1, axis (0,0,1), sidewall angle: 0 radians, 4 vertices:
          (0.25,0.25,0)
          (-0.25,0.25,0)
          (-0.25,-0.25,0)
          (0.25,-0.25,0)
     prism, center = (1,-1.38778e-17,0.5)
          height 1, axis (0,0,1), sidewall angle: 0 radians, 4 vertices:
          (1.25,0.25,0)
          (0.75,0.25,0)
          (0.75,-0.25,0)
          (1.25,-0.25,0)
     prism, center = (1.999,-1.38778e-17,0.5)
          height 1, axis (0,0,1), sidewall angle: 0 radians, 4 vertices:
          (2.249,0.25,0)
          (1.749,0.25,0)
          (1.749,-0.25,0)
          (2.249,-0.25,0)
Geometric object tree has depth 2 and 21 object nodes (vs. 4 actual objects)
Initializing epsilon function...
Allocating fields...
Solving for band polarization: te.
Initializing fields to random numbers...
1 k-points
  Vector3<-0.09, 0.14, 0.0>
elapsed time for initialization: 0.07871127128601074
solve_kpoint (-0.09,0.14,0):
tefreqs:, k index, k1, k2, k3, kmag/2pi, te band 1, te band 2, te band 3, te band 4, te band 5, te band 6
Solving for bands 1 to 6...
    near maximum in trace
    iteration    1: trace = 2.223456442174229 (199.558% change)
    iteration    2: trace = 0.6276195794465045 (111.946% change)
    iteration    3: trace = 0.4428416278464313 (34.5231% change)
    iteration    4: trace = 0.4238152423402518 (4.39075% change)
    iteration    5: trace = 0.4151163672671095 (2.0738% change)
    iteration    6: trace = 0.4107453534886371 (1.05853% change)
    iteration    7: trace = 0.4028415064675233 (1.94296% change)
    iteration    8: trace = 0.3979650665285516 (1.21788% change)
    iteration    9: trace = 0.3958750586147901 (0.526556% change)
    iteration   10: trace = 0.3953891177844538 (0.122826% change)
    iteration   11: trace = 0.3952149473441451 (0.0440601% change)
    iteration   12: trace = 0.3951524829797063 (0.0158064% change)
    iteration   13: trace = 0.3951147459035327 (0.00955046% change)
    iteration   14: trace = 0.3951002699210661 (0.00366381% change)
    iteration   15: trace = 0.3950953247529418 (0.00125163% change)
    iteration   16: trace = 0.3950943459809632 (0.000247731% change)
    iteration   17: trace = 0.3950940706145643 (6.96964e-05% change)
    iteration   18: trace = 0.3950940008920216 (1.76471e-05% change)
    iteration   19: trace = 0.3950939745081676 (6.67787e-06% change)
    iteration   20: trace = 0.3950939638953914 (2.68614e-06% change)
    iteration   21: trace = 0.3950939593155799 (1.15917e-06% change)
    iteration   22: trace = 0.3950939580508503 (3.20109e-07% change)
    iteration   23: trace = 0.3950939577708389 (7.08721e-08% change)
    iteration   24: trace = 0.3950939576937642 (1.9508e-08% change)
    iteration   25: trace = 0.3950939576653376 (7.19489e-09% change)
Finished solving for bands 1 to 6 after 25 iterations.
tefreqs:, 1, -0.09, 0.14, 0, 0.143178, 0.0644829, 0.148882, 0.171561, 0.300746, 0.322379, 0.380736
elapsed time for k point: 2.3792853355407715
total elapsed time for run: 2.4581151008605957
done
Initializing eigensolver data
Computing 12 bands with 1e-10 tolerance
Working in 2 dimensions.
Grid size is 240 x 80 x 1.
Solving for 6 bands at a time.
Creating Maxwell data...
Mesh size is 3.
Lattice vectors:
     (3, 0, 0)
     (0, 1, 0)
     (0, 0, 1)
Cell volume = 3
Reciprocal lattice vectors (/ 2 pi):
     (0.333333, -0, 0)
     (-0, 1, -0)
     (0, -0, 1)
Geometric objects:
     block, center = (0,0,0)
          size (1e+20,1e+20,1)
          axes (1,0,0), (0,1,0), (0,0,1)
     prism, center = (-2.08167e-17,-1.38778e-17,0.5)
          height 1, axis (0,0,1), sidewall angle: 0 radians, 4 vertices:
          (0.25,0.25,0)
          (-0.25,0.25,0)
          (-0.25,-0.25,0)
          (0.25,-0.25,0)
     prism, center = (1,-1.38778e-17,0.5)
          height 1, axis (0,0,1), sidewall angle: 0 radians, 4 vertices:
          (1.25,0.25,0)
          (0.75,0.25,0)
          (0.75,-0.25,0)
          (1.25,-0.25,0)
     prism, center = (2,-1.38778e-17,0.5)
          height 1, axis (0,0,1), sidewall angle: 0 radians, 4 vertices:
          (2.25,0.25,0)
          (1.75,0.25,0)
          (1.75,-0.25,0)
          (2.25,-0.25,0)
Geometric object tree has depth 2 and 21 object nodes (vs. 4 actual objects)
Initializing epsilon function...
Allocating fields...
Solving for band polarization: te.
Initializing fields to random numbers...
1 k-points
  Vector3<-0.09, 0.14, 0.0>
elapsed time for initialization: 0.032001495361328125
solve_kpoint (-0.09,0.14,0):
tefreqs:, k index, k1, k2, k3, kmag/2pi, te band 1, te band 2, te band 3, te band 4, te band 5, te band 6, te band 7, te band 8, te band 9, te band 10, te band 11, te band 12
Solving for bands 1 to 6...
    near maximum in trace
    iteration    1: trace = 2.208192959971417 (199.556% change)
    iteration    2: trace = 0.5621268304087976 (118.836% change)
    iteration    3: trace = 0.462392788904672 (19.4694% change)
    iteration    4: trace = 0.419546668334258 (9.71634% change)
    iteration    5: trace = 0.4060887202877528 (3.26002% change)
    iteration    6: trace = 0.400078895857813 (1.49096% change)
    iteration    7: trace = 0.3979991364201363 (0.521192% change)
    iteration    8: trace = 0.3964289680837437 (0.395295% change)
    iteration    9: trace = 0.3958023422430194 (0.158193% change)
    iteration   10: trace = 0.3955459742014326 (0.0647927% change)
    iteration   11: trace = 0.3954862773518894 (0.0150934% change)
    iteration   12: trace = 0.3954633656917912 (0.00579346% change)
    iteration   13: trace = 0.3954544525687785 (0.00225387% change)
    iteration   14: trace = 0.3954496888144661 (0.00120464% change)
    iteration   15: trace = 0.3954485431182775 (0.00028972% change)
    iteration   16: trace = 0.3954482160285757 (8.27136e-05% change)
    iteration   17: trace = 0.3954481488461955 (1.69889e-05% change)
    iteration   18: trace = 0.3954481221156854 (6.75955e-06% change)
    iteration   19: trace = 0.39544811189615 (2.58429e-06% change)
    iteration   20: trace = 0.3954481065310356 (1.35672e-06% change)
    iteration   21: trace = 0.3954481049765725 (3.93089e-07% change)
    iteration   22: trace = 0.3954481045623838 (1.04739e-07% change)
    iteration   23: trace = 0.3954481044681841 (2.3821e-08% change)
    iteration   24: trace = 0.3954481044432183 (6.3133e-09% change)
Finished solving for bands 1 to 6 after 24 iterations.
Solving for bands 7 to 12...
    near maximum in trace
    iteration    1: trace = 5.824684013503303 (198.84% change)
    iteration    2: trace = 1.639563540987086 (112.138% change)
    iteration    3: trace = 1.378869629357607 (17.2735% change)
    iteration    4: trace = 1.291122077754755 (6.57287% change)
    iteration    5: trace = 1.256428279091303 (2.7237% change)
    iteration    6: trace = 1.238878871475719 (1.40659% change)
    iteration    7: trace = 1.229932320135391 (0.724766% change)
    iteration    8: trace = 1.222879158102005 (0.575108% change)
    iteration    9: trace = 1.218694712652959 (0.342766% change)
    iteration   10: trace = 1.215755794968931 (0.241444% change)
    iteration   11: trace = 1.214142307642031 (0.132803% change)
    iteration   12: trace = 1.213125328636733 (0.0837962% change)
    iteration   13: trace = 1.212526477926537 (0.0493765% change)
    iteration   14: trace = 1.212044740763268 (0.0397379% change)
    iteration   15: trace = 1.211794402833729 (0.0206563% change)
    iteration   16: trace = 1.211646762678696 (0.0121843% change)
    iteration   17: trace = 1.21156894440612 (0.00642273% change)
    iteration   18: trace = 1.211508807911058 (0.00496365% change)
    iteration   19: trace = 1.21146389930997 (0.0037069% change)
    iteration   20: trace = 1.211413952305705 (0.00412295% change)
    iteration   21: trace = 1.211377199015496 (0.00303396% change)
    iteration   22: trace = 1.211352437272389 (0.00204412% change)
    iteration   23: trace = 1.21134104725358 (0.000940277% change)
    iteration   24: trace = 1.211334284905174 (0.000558255% change)
    iteration   25: trace = 1.211330949216683 (0.000275373% change)
    iteration   26: trace = 1.211329287740579 (0.000137161% change)
    iteration   27: trace = 1.211328747407092 (4.46067e-05% change)
    iteration   28: trace = 1.211328550414148 (1.62626e-05% change)
    iteration   29: trace = 1.21132849450586 (4.61545e-06% change)
    iteration   30: trace = 1.2113284729165 (1.78229e-06% change)
    iteration   31: trace = 1.211328461536044 (9.39502e-07% change)
    iteration   32: trace = 1.211328452217822 (7.69256e-07% change)
    iteration   33: trace = 1.211328446886681 (4.40107e-07% change)
    iteration   34: trace = 1.211328444400636 (2.05233e-07% change)
    iteration   35: trace = 1.211328442987511 (1.16659e-07% change)
    iteration   36: trace = 1.211328441812088 (9.70358e-08% change)
    iteration   37: trace = 1.211328440915258 (7.40369e-08% change)
    iteration   38: trace = 1.211328440291378 (5.15038e-08% change)
    iteration   39: trace = 1.211328439916244 (3.09688e-08% change)
    iteration   40: trace = 1.211328439670447 (2.02915e-08% change)
    iteration   41: trace = 1.211328439493239 (1.46293e-08% change)
    iteration   42: trace = 1.21132843933744 (1.28618e-08% change)
    iteration   43: trace = 1.211328439225193 (9.26645e-09% change)
Finished solving for bands 7 to 12 after 43 iterations.
Finished k-point with 33.5 mean iterations/band.
tefreqs:, 1, -0.09, 0.14, 0, 0.143178, 0.0645225, 0.148913, 0.17159, 0.30084, 0.322477, 0.381013, 0.409833, 0.416674, 0.425894, 0.467541, 0.479597, 0.489648
elapsed time for k point: 8.495161771774292
total elapsed time for run: 8.527297973632812
done
Initializing eigensolver data
Computing 12 bands with 1e-10 tolerance
Working in 2 dimensions.
Grid size is 240 x 80 x 1.
Solving for 6 bands at a time.
Creating Maxwell data...
Mesh size is 3.
Lattice vectors:
     (3, 0, 0)
     (0, 1, 0)
     (0, 0, 1)
Cell volume = 3
Reciprocal lattice vectors (/ 2 pi):
     (0.333333, -0, 0)
     (-0, 1, -0)
     (0, -0, 1)
Geometric objects:
     block, center = (0,0,0)
          size (1e+20,1e+20,1)
          axes (1,0,0), (0,1,0), (0,0,1)
     prism, center = (-2.08167e-17,-1.38778e-17,0.5)
          height 1, axis (0,0,1), sidewall angle: 0 radians, 4 vertices:
          (0.25,0.25,0)
          (-0.25,0.25,0)
          (-0.25,-0.25,0)
          (0.25,-0.25,0)
     prism, center = (1,-1.38778e-17,0.5)
          height 1, axis (0,0,1), sidewall angle: 0 radians, 4 vertices:
          (1.25,0.25,0)
          (0.75,0.25,0)
          (0.75,-0.25,0)
          (1.25,-0.25,0)
     prism, center = (2,-1.38778e-17,0.5)
          height 1, axis (0,0,1), sidewall angle: 0 radians, 4 vertices:
          (2.25,0.25,0)
          (1.75,0.25,0)
          (1.75,-0.25,0)
          (2.25,-0.25,0)
Geometric object tree has depth 2 and 21 object nodes (vs. 4 actual objects)
Initializing epsilon function...
Allocating fields...
Solving for band polarization: te.
Initializing fields to random numbers...
1 k-points
  Vector3<-0.09, 0.14, 0.0>
elapsed time for initialization: 0.06374526023864746
solve_kpoint (-0.09,0.14,0):
tefreqs:, k index, k1, k2, k3, kmag/2pi, te band 1, te band 2, te band 3, te band 4, te band 5, te band 6, te band 7, te band 8, te band 9, te band 10, te band 11, te band 12
Solving for bands 1 to 6...
    near maximum in trace
    iteration    1: trace = 2.099689858343574 (199.582% change)
    iteration    2: trace = 0.6138474194297477 (109.513% change)
    iteration    3: trace = 0.4553381695352752 (29.6505% change)
    iteration    4: trace = 0.4324500707437847 (5.15621% change)
    iteration    5: trace = 0.4224117604376617 (2.34852% change)
    iteration    6: trace = 0.418632766613243 (0.898643% change)
    iteration    7: trace = 0.413613260224608 (1.20626% change)
    iteration    8: trace = 0.4064751721335038 (1.74081% change)
    iteration    9: trace = 0.400162791108589 (1.56511% change)
    iteration   10: trace = 0.3974251890267686 (0.68647% change)
    iteration   11: trace = 0.39633772040931 (0.274003% change)
    iteration   12: trace = 0.3958563478547531 (0.121529% change)
    iteration   13: trace = 0.3955812915844843 (0.069508% change)
    iteration   14: trace = 0.3954889176556029 (0.0233542% change)
    iteration   15: trace = 0.3954586303862916 (0.00765848% change)
    iteration   16: trace = 0.3954518192386605 (0.00172236% change)
    iteration   17: trace = 0.3954496202969124 (0.00055606% change)
    iteration   18: trace = 0.3954487568800557 (0.000218338% change)
    iteration   19: trace = 0.3954483314545791 (0.00010758% change)
    iteration   20: trace = 0.3954481635848858 (4.24505e-05% change)
    iteration   21: trace = 0.3954481200086333 (1.10195e-05% change)
    iteration   22: trace = 0.3954481081766901 (2.99203e-06% change)
    iteration   23: trace = 0.3954481057124561 (6.2315e-07% change)
    iteration   24: trace = 0.3954481049868738 (1.83484e-07% change)
    iteration   25: trace = 0.3954481046955123 (7.36788e-08% change)
    iteration   26: trace = 0.3954481045256234 (4.29611e-08% change)
    iteration   27: trace = 0.3954481044583909 (1.70016e-08% change)
    iteration   28: trace = 0.3954481044368914 (5.43674e-09% change)
Finished solving for bands 1 to 6 after 28 iterations.
Solving for bands 7 to 12...
    near maximum in trace
    iteration    1: trace = 6.500277291197357 (198.702% change)
    iteration    2: trace = 1.639422031119817 (119.436% change)
    iteration    3: trace = 1.339746319518373 (20.1181% change)
    iteration    4: trace = 1.262965728433836 (5.90005% change)
    iteration    5: trace = 1.242186916794364 (1.65889% change)
    iteration    6: trace = 1.233437752653641 (0.706825% change)
    iteration    7: trace = 1.227629396494124 (0.472019% change)
    iteration    8: trace = 1.22159375422879 (0.492862% change)
    iteration    9: trace = 1.216986254206545 (0.377884% change)
    iteration   10: trace = 1.214039507478601 (0.242428% change)
    iteration   11: trace = 1.212732700186495 (0.107699% change)
    iteration   12: trace = 1.212119814346114 (0.0505504% change)
    iteration   13: trace = 1.211834951112804 (0.023504% change)
    iteration   14: trace = 1.211613235337628 (0.0182975% change)
    iteration   15: trace = 1.211490270675164 (0.0101494% change)
    iteration   16: trace = 1.211424343949965 (0.00544194% change)
    iteration   17: trace = 1.211395096994648 (0.00241429% change)
    iteration   18: trace = 1.211375965925406 (0.00157927% change)
    iteration   19: trace = 1.211364322441399 (0.000961183% change)
    iteration   20: trace = 1.211353615927826 (0.000883843% change)
    iteration   21: trace = 1.211345604165 (0.000661391% change)
    iteration   22: trace = 1.211339471887148 (0.000506238% change)
    iteration   23: trace = 1.211335889418389 (0.000295745% change)
    iteration   24: trace = 1.211332497122156 (0.000280046% change)
    iteration   25: trace = 1.211330404113126 (0.000172786% change)
    iteration   26: trace = 1.211329338702616 (8.79538e-05% change)
    iteration   27: trace = 1.211328944335245 (3.25566e-05% change)
    iteration   28: trace = 1.211328713886989 (1.90244e-05% change)
    iteration   29: trace = 1.211328590947816 (1.01491e-05% change)
    iteration   30: trace = 1.21132850980551 (6.69862e-06% change)
    iteration   31: trace = 1.211328470746736 (3.22446e-06% change)
    iteration   32: trace = 1.211328451570574 (1.58307e-06% change)
    iteration   33: trace = 1.211328445340879 (5.14286e-07% change)
    iteration   34: trace = 1.211328442682661 (2.19446e-07% change)
    iteration   35: trace = 1.211328441115302 (1.29392e-07% change)
    iteration   36: trace = 1.211328439991116 (9.28061e-08% change)
    iteration   37: trace = 1.211328439507523 (3.99225e-08% change)
    iteration   38: trace = 1.211328439304594 (1.67527e-08% change)
    iteration   39: trace = 1.211328439230672 (6.10248e-09% change)
Finished solving for bands 7 to 12 after 39 iterations.
Finished k-point with 33.5 mean iterations/band.
tefreqs:, 1, -0.09, 0.14, 0, 0.143178, 0.0645225, 0.148913, 0.17159, 0.30084, 0.322477, 0.381013, 0.409833, 0.416674, 0.425894, 0.467541, 0.479597, 0.489648
elapsed time for k point: 6.290626287460327
total elapsed time for run: 6.354555130004883
done
Initializing eigensolver data
Computing 12 bands with 1e-10 tolerance
Working in 2 dimensions.
Grid size is 240 x 80 x 1.
Solving for 6 bands at a time.
Creating Maxwell data...
Mesh size is 3.
Lattice vectors:
     (3, 0, 0)
     (0, 1, 0)
     (0, 0, 1)
Cell volume = 3
Reciprocal lattice vectors (/ 2 pi):
     (0.333333, -0, 0)
     (-0, 1, -0)
     (0, -0, 1)
Geometric objects:
     block, center = (0,0,0)
          size (1e+20,1e+20,1)
          axes (1,0,0), (0,1,0), (0,0,1)
     prism, center = (-2.08167e-17,-1.38778e-17,0.5)
          height 1, axis (0,0,1), sidewall angle: 0 radians, 4 vertices:
          (0.25,0.25,0)
          (-0.25,0.25,0)
          (-0.25,-0.25,0)
          (0.25,-0.25,0)
     prism, center = (1,-1.38778e-17,0.5)
          height 1, axis (0,0,1), sidewall angle: 0 radians, 4 vertices:
          (1.25,0.25,0)
          (0.75,0.25,0)
          (0.75,-0.25,0)
          (1.25,-0.25,0)
     prism, center = (2,-1.38778e-17,0.5)
          height 1, axis (0,0,1), sidewall angle: 0 radians, 4 vertices:
          (2.25,0.25,0)
          (1.75,0.25,0)
          (1.75,-0.25,0)
          (2.25,-0.25,0)
Geometric object tree has depth 2 and 21 object nodes (vs. 4 actual objects)
Initializing epsilon function...
Allocating fields...
Solving for band polarization: te.
Initializing fields to random numbers...
1 k-points
  Vector3<-0.09, 0.14, 0.0>
elapsed time for initialization: 0.030141115188598633
solve_kpoint (-0.09,0.14,0):
tefreqs:, k index, k1, k2, k3, kmag/2pi, te band 1, te band 2, te band 3, te band 4, te band 5, te band 6, te band 7, te band 8, te band 9, te band 10, te band 11, te band 12
Solving for bands 1 to 6...
    near maximum in trace
    iteration    1: trace = 1.762700676138675 (199.646% change)
    iteration    2: trace = 0.5002704101305699 (111.573% change)
    iteration    3: trace = 0.4386878738736017 (13.1172% change)
    iteration    4: trace = 0.4213721846945219 (4.02662% change)
    iteration    5: trace = 0.4153826511494357 (1.43161% change)
    iteration    6: trace = 0.4085706072344048 (1.6535% change)
    iteration    7: trace = 0.4022735447589016 (1.55321% change)
    iteration    8: trace = 0.3973578852248406 (1.22948% change)
    iteration    9: trace = 0.3960502602036696 (0.329622% change)
    iteration   10: trace = 0.3956269568370939 (0.106938% change)
    iteration   11: trace = 0.3955388786344251 (0.0222654% change)
    iteration   12: trace = 0.3954879004396351 (0.0128891% change)
    iteration   13: trace = 0.3954636689312027 (0.00612718% change)
    iteration   14: trace = 0.3954524925013881 (0.0028262% change)
    iteration   15: trace = 0.3954493927629756 (0.000783849% change)
    iteration   16: trace = 0.3954484604306071 (0.000235766% change)
    iteration   17: trace = 0.3954482272526758 (5.89655e-05% change)
    iteration   18: trace = 0.3954481492511984 (1.97248e-05% change)
    iteration   19: trace = 0.3954481220737338 (6.87257e-06% change)
    iteration   20: trace = 0.3954481096634254 (3.13829e-06% change)
    iteration   21: trace = 0.395448105606607 (1.02588e-06% change)
    iteration   22: trace = 0.3954481046825986 (2.33661e-07% change)
    iteration   23: trace = 0.3954481044743434 (5.26631e-08% change)
    iteration   24: trace = 0.3954481044420168 (8.17467e-09% change)
Finished solving for bands 1 to 6 after 24 iterations.
Solving for bands 7 to 12...
    near maximum in trace
    iteration    1: trace = 6.632191496105103 (198.684% change)
    iteration    2: trace = 1.698552536967245 (118.444% change)
    iteration    3: trace = 1.375918079739722 (20.988% change)
    iteration    4: trace = 1.28651903348639 (6.71558% change)
    iteration    5: trace = 1.258613828562784 (2.19283% change)
    iteration    6: trace = 1.247369094295642 (0.897431% change)
    iteration    7: trace = 1.241684402271548 (0.456775% change)
    iteration    8: trace = 1.236075710046729 (0.452723% change)
    iteration    9: trace = 1.229414356123841 (0.540368% change)
    iteration   10: trace = 1.222376844177534 (0.574071% change)
    iteration   11: trace = 1.217681081575524 (0.384889% change)
    iteration   12: trace = 1.215248313849781 (0.199987% change)
    iteration   13: trace = 1.213955577607068 (0.106433% change)
    iteration   14: trace = 1.212972836835559 (0.0809864% change)
    iteration   15: trace = 1.212419563911598 (0.0456234% change)
    iteration   16: trace = 1.212056066131388 (0.0299857% change)
    iteration   17: trace = 1.211855056654466 (0.0165855% change)
    iteration   18: trace = 1.211718690914196 (0.0112533% change)
    iteration   19: trace = 1.211624354982583 (0.0077856% change)
    iteration   20: trace = 1.211527564543574 (0.0079888% change)
    iteration   21: trace = 1.211458144907433 (0.00573009% change)
    iteration   22: trace = 1.211407390003833 (0.00418966% change)
    iteration   23: trace = 1.211376124921672 (0.00258092% change)
    iteration   24: trace = 1.211352124065596 (0.00198131% change)
    iteration   25: trace = 1.211339432022404 (0.00104776% change)
    iteration   26: trace = 1.211333420994225 (0.000496231% change)
    iteration   27: trace = 1.211331111134998 (0.000190688% change)
    iteration   28: trace = 1.211329899310768 (0.000100041% change)
    iteration   29: trace = 1.211329279035062 (5.12062e-05% change)
    iteration   30: trace = 1.211328872833683 (3.35335e-05% change)
    iteration   31: trace = 1.211328636335278 (1.95239e-05% change)
    iteration   32: trace = 1.211328523296137 (9.33183e-06% change)
    iteration   33: trace = 1.211328482991111 (3.32734e-06% change)
    iteration   34: trace = 1.21132846614486 (1.39073e-06% change)
    iteration   35: trace = 1.211328457191299 (7.39152e-07% change)
    iteration   36: trace = 1.211328451159727 (4.9793e-07% change)
    iteration   37: trace = 1.211328446822508 (3.58055e-07% change)
    iteration   38: trace = 1.211328444185719 (2.17677e-07% change)
    iteration   39: trace = 1.211328442756842 (1.1796e-07% change)
    iteration   40: trace = 1.211328441857893 (7.42119e-08% change)
    iteration   41: trace = 1.211328441058322 (6.60077e-08% change)
    iteration   42: trace = 1.211328440293939 (6.31029e-08% change)
    iteration   43: trace = 1.211328439731275 (4.64501e-08% change)
    iteration   44: trace = 1.211328439469783 (2.15872e-08% change)
    iteration   45: trace = 1.211328439342251 (1.05283e-08% change)
    iteration   46: trace = 1.211328439263237 (6.52291e-09% change)
Finished solving for bands 7 to 12 after 46 iterations.
Finished k-point with 35 mean iterations/band.
tefreqs:, 1, -0.09, 0.14, 0, 0.143178, 0.0645225, 0.148913, 0.17159, 0.30084, 0.322477, 0.381013, 0.409833, 0.416674, 0.425894, 0.467541, 0.479597, 0.489648
elapsed time for k point: 6.336843490600586
total elapsed time for run: 6.367088556289673
done
Initializing eigensolver data
Computing 6 bands with 1e-10 tolerance
Working in 2 dimensions.
Grid size is 240 x 80 x 1.
Solving for 6 bands at a time.
Creating Maxwell data...
Mesh size is 3.
Lattice vectors:
     (3, 0, 0)
     (0, 1, 0)
     (0, 0, 1)
Cell volume = 3
Reciprocal lattice vectors (/ 2 pi):
     (0.333333, -0, 0)
     (-0, 1, -0)
     (0, -0, 1)
Geometric objects:
     block, center = (0,0,0)
          size (1e+20,1e+20,1)
          axes (1,0,0), (0,1,0), (0,0,1)
     prism, center = (0.000447214,-1.38778e-17,0.5)
          height 1, axis (0,0,1), sidewall angle: 0 radians, 4 vertices:
          (0.250447,0.25,0)
          (-0.249553,0.25,0)
          (-0.249553,-0.25,0)
          (0.250447,-0.25,0)
     prism, center = (1.00055,-1.38778e-17,0.5)
          height 1, axis (0,0,1), sidewall angle: 0 radians, 4 vertices:
          (1.25055,0.25,0)
          (0.750551,0.25,0)
          (0.750551,-0.25,0)
          (1.25055,-0.25,0)
     prism, center = (1.999,-1.38778e-17,0.5)
          height 1, axis (0,0,1), sidewall angle: 0 radians, 4 vertices:
          (2.249,0.25,0)
          (1.749,0.25,0)
          (1.749,-0.25,0)
          (2.249,-0.25,0)
Geometric object tree has depth 2 and 21 object nodes (vs. 4 actual objects)
Initializing epsilon function...
Allocating fields...
Solving for band polarization: te.
Initializing fields to random numbers...
1 k-points
  Vector3<-0.09, 0.14, 0.0>
elapsed time for initialization: 0.027133703231811523
solve_kpoint (-0.09,0.14,0):
tefreqs:, k index, k1, k2, k3, kmag/2pi, te band 1, te band 2, te band 3, te band 4, te band 5, te band 6
Solving for bands 1 to 6...
    near maximum in trace
    iteration    1: trace = 2.24451854492542 (199.552% change)
    iteration    2: trace = 0.5821795509041656 (117.617% change)
    iteration    3: trace = 0.4538935754431743 (24.7639% change)
    iteration    4: trace = 0.4133190489161881 (9.35746% change)
    iteration    5: trace = 0.4024016846932479 (2.67674% change)
    iteration    6: trace = 0.398105958085565 (1.07325% change)
    iteration    7: trace = 0.3965479221041918 (0.392129% change)
    iteration    8: trace = 0.3955591393412863 (0.249659% change)
    iteration    9: trace = 0.3952005744611773 (0.0906887% change)
    iteration   10: trace = 0.3950548219372294 (0.0368874% change)
    iteration   11: trace = 0.3950240131226007 (0.00779892% change)
    iteration   12: trace = 0.3950138303708222 (0.00257779% change)
    iteration   13: trace = 0.3950100800514755 (0.000949419% change)
    iteration   14: trace = 0.3950079007012152 (0.000551722% change)
    iteration   15: trace = 0.3950071363636217 (0.0001935% change)
    iteration   16: trace = 0.3950068598983881 (6.999e-05% change)
    iteration   17: trace = 0.3950067993251658 (1.53347e-05% change)
    iteration   18: trace = 0.3950067800095574 (4.88994e-06% change)
    iteration   19: trace = 0.3950067732678171 (1.70674e-06% change)
    iteration   20: trace = 0.395006769418454 (9.74506e-07% change)
    iteration   21: trace = 0.395006768064459 (3.42778e-07% change)
    iteration   22: trace = 0.3950067677049678 (9.10089e-08% change)
    iteration   23: trace = 0.3950067676263485 (1.99033e-08% change)
    iteration   24: trace = 0.395006767612271 (3.56387e-09% change)
Finished solving for bands 1 to 6 after 24 iterations.
tefreqs:, 1, -0.09, 0.14, 0, 0.143178, 0.0644736, 0.148873, 0.171548, 0.30072, 0.322347, 0.380681
elapsed time for k point: 2.1149189472198486
total elapsed time for run: 2.1421329975128174
done
Initializing eigensolver data
Computing 6 bands with 1e-10 tolerance
Working in 2 dimensions.
Grid size is 240 x 80 x 1.
Solving for 6 bands at a time.
Creating Maxwell data...
Mesh size is 3.
Lattice vectors:
     (3, 0, 0)
     (0, 1, 0)
     (0, 0, 1)
Cell volume = 3
Reciprocal lattice vectors (/ 2 pi):
     (0.333333, -0, 0)
     (-0, 1, -0)
     (0, -0, 1)
Geometric objects:
     block, center = (0,0,0)
          size (1e+20,1e+20,1)
          axes (1,0,0), (0,1,0), (0,0,1)
     prism, center = (0.000447214,-1.38778e-17,0.5)
          height 1, axis (0,0,1), sidewall angle: 0 radians, 4 vertices:
          (0.250447,0.25,0)
          (-0.249553,0.25,0)
          (-0.249553,-0.25,0)
          (0.250447,-0.25,0)
     prism, center = (1.00055,-1.38778e-17,0.5)
          height 1, axis (0,0,1), sidewall angle: 0 radians, 4 vertices:
          (1.25055,0.25,0)
          (0.750551,0.25,0)
          (0.750551,-0.25,0)
          (1.25055,-0.25,0)
     prism, center = (1.999,-1.38778e-17,0.5)
          height 1, axis (0,0,1), sidewall angle: 0 radians, 4 vertices:
          (2.249,0.25,0)
          (1.749,0.25,0)
          (1.749,-0.25,0)
          (2.249,-0.25,0)
Geometric object tree has depth 2 and 21 object nodes (vs. 4 actual objects)
Initializing epsilon function...
Allocating fields...
Solving for band polarization: te.
Initializing fields to random numbers...
1 k-points
  Vector3<-0.09, 0.14, 0.0>
elapsed time for initialization: 0.039903879165649414
solve_kpoint (-0.09,0.14,0):
tefreqs:, k index, k1, k2, k3, kmag/2pi, te band 1, te band 2, te band 3, te band 4, te band 5, te band 6
Solving for bands 1 to 6...
    near maximum in trace
    iteration    1: trace = 1.929084680377904 (199.614% change)
    iteration    2: trace = 0.5146194336204389 (115.764% change)
    iteration    3: trace = 0.4434737061906663 (14.8515% change)
    iteration    4: trace = 0.4223480833948393 (4.8799% change)
    iteration    5: trace = 0.4153955770415682 (1.65982% change)
    iteration    6: trace = 0.4092160421811307 (1.49877% change)
    iteration    7: trace = 0.4038693969578357 (1.31515% change)
    iteration    8: trace = 0.3981444126201252 (1.42765% change)
    iteration    9: trace = 0.3961227045635322 (0.509075% change)
    iteration   10: trace = 0.3953210442039987 (0.202582% change)
    iteration   11: trace = 0.3951478127954017 (0.04383% change)
    iteration   12: trace = 0.3950616089189444 (0.021818% change)
    iteration   13: trace = 0.3950305896107107 (0.00785207% change)
    iteration   14: trace = 0.3950137685905343 (0.00425825% change)
    iteration   15: trace = 0.3950089149378724 (0.00122874% change)
    iteration   16: trace = 0.3950072994233189 (0.000408983% change)
    iteration   17: trace = 0.3950069552247896 (8.71373e-05% change)
    iteration   18: trace = 0.3950068422204237 (2.86082e-05% change)
    iteration   19: trace = 0.3950067984607815 (1.10782e-05% change)
    iteration   20: trace = 0.3950067755345688 (5.804e-06% change)
    iteration   21: trace = 0.3950067695172244 (1.52335e-06% change)
    iteration   22: trace = 0.3950067680508256 (3.71234e-07% change)
    iteration   23: trace = 0.3950067677422885 (7.81093e-08% change)
    iteration   24: trace = 0.3950067676667801 (1.91157e-08% change)
    iteration   25: trace = 0.3950067676359404 (7.80738e-09% change)
Finished solving for bands 1 to 6 after 25 iterations.
tefreqs:, 1, -0.09, 0.14, 0, 0.143178, 0.0644736, 0.148873, 0.171548, 0.30072, 0.322347, 0.380681
elapsed time for k point: 2.2738125324249268
total elapsed time for run: 2.3137905597686768
done
Initializing eigensolver data
Computing 6 bands with 1e-10 tolerance
Working in 2 dimensions.
Grid size is 240 x 80 x 1.
Solving for 6 bands at a time.
Creating Maxwell data...
Mesh size is 3.
Lattice vectors:
     (3, 0, 0)
     (0, 1, 0)
     (0, 0, 1)
Cell volume = 3
Reciprocal lattice vectors (/ 2 pi):
     (0.333333, -0, 0)
     (-0, 1, -0)
     (0, -0, 1)
Geometric objects:
     block, center = (0,0,0)
          size (1e+20,1e+20,1)
          axes (1,0,0), (0,1,0), (0,0,1)
     prism, center = (0.000447214,-1.38778e-17,0.5)
          height 1, axis (0,0,1), sidewall angle: 0 radians, 4 vertices:
          (0.250447,0.25,0)
          (-0.249553,0.25,0)
          (-0.249553,-0.25,0)
          (0.250447,-0.25,0)
     prism, center = (1.00055,-1.38778e-17,0.5)
          height 1, axis (0,0,1), sidewall angle: 0 radians, 4 vertices:
          (1.25055,0.25,0)
          (0.750551,0.25,0)
          (0.750551,-0.25,0)
          (1.25055,-0.25,0)
     prism, center = (1.999,-1.38778e-17,0.5)
          height 1, axis (0,0,1), sidewall angle: 0 radians, 4 vertices:
          (2.249,0.25,0)
          (1.749,0.25,0)
          (1.749,-0.25,0)
          (2.249,-0.25,0)
Geometric object tree has depth 2 and 21 object nodes (vs. 4 actual objects)
Initializing epsilon function...
Allocating fields...
Solving for band polarization: te.
Initializing fields to random numbers...
1 k-points
  Vector3<-0.09, 0.14, 0.0>
elapsed time for initialization: 0.02170729637145996
solve_kpoint (-0.09,0.14,0):
tefreqs:, k index, k1, k2, k3, kmag/2pi, te band 1, te band 2, te band 3, te band 4, te band 5, te band 6
Solving for bands 1 to 6...
    near maximum in trace
    iteration    1: trace = 2.001259878137173 (199.603% change)
    iteration    2: trace = 0.5517554084209658 (113.552% change)
    iteration    3: trace = 0.4641251357624058 (17.2521% change)
    iteration    4: trace = 0.4317812477465214 (7.22037% change)
    iteration    5: trace = 0.4179498890456696 (3.25547% change)
    iteration    6: trace = 0.4086477372359303 (2.25071% change)
    iteration    7: trace = 0.4027470126058099 (1.45446% change)
    iteration    8: trace = 0.3973683452903988 (1.34447% change)
    iteration    9: trace = 0.3957816174593241 (0.400108% change)
    iteration   10: trace = 0.3952036472600297 (0.146139% change)
    iteration   11: trace = 0.3950855471642739 (0.0298878% change)
    iteration   12: trace = 0.3950359109288268 (0.0125642% change)
    iteration   13: trace = 0.3950189726741281 (0.00428787% change)
    iteration   14: trace = 0.3950104749258294 (0.00215125% change)
    iteration   15: trace = 0.3950080090882827 (0.000624248% change)
    iteration   16: trace = 0.3950071466158972 (0.000218343% change)
    iteration   17: trace = 0.3950069249796934 (5.61094e-05% change)
    iteration   18: trace = 0.3950068369204338 (2.22931e-05% change)
    iteration   19: trace = 0.3950067986938552 (9.67745e-06% change)
    iteration   20: trace = 0.3950067770774364 (5.47242e-06% change)
    iteration   21: trace = 0.3950067700432301 (1.78078e-06% change)
    iteration   22: trace = 0.3950067680900252 (4.94474e-07% change)
    iteration   23: trace = 0.3950067677169287 (9.44532e-08% change)
    iteration   24: trace = 0.395006767644957 (1.82204e-08% change)
    iteration   25: trace = 0.3950067676227967 (5.61011e-09% change)
Finished solving for bands 1 to 6 after 25 iterations.
tefreqs:, 1, -0.09, 0.14, 0, 0.143178, 0.0644736, 0.148873, 0.171548, 0.30072, 0.322347, 0.380681
elapsed time for k point: 2.7539758682250977
total elapsed time for run: 2.7757580280303955
done
Initializing eigensolver data
Computing 6 bands with 1e-10 tolerance
Working in 2 dimensions.
Grid size is 240 x 80 x 1.
Solving for 6 bands at a time.
Creating Maxwell data...
Mesh size is 3.
Lattice vectors:
     (3, 0, 0)
     (0, 1, 0)
     (0, 0, 1)
Cell volume = 3
Reciprocal lattice vectors (/ 2 pi):
     (0.333333, -0, 0)
     (-0, 1, -0)
     (0, -0, 1)
Geometric objects:
     block, center = (0,0,0)
          size (1e+20,1e+20,1)
          axes (1,0,0), (0,1,0), (0,0,1)
     prism, center = (0.001,-1.38778e-17,0.5)
          height 1, axis (0,0,1), sidewall angle: 0 radians, 4 vertices:
          (0.251,0.25,0)
          (-0.249,0.25,0)
          (-0.249,-0.25,0)
          (0.251,-0.25,0)
     prism, center = (1,-1.38778e-17,0.5)
          height 1, axis (0,0,1), sidewall angle: 0 radians, 4 vertices:
          (1.25,0.25,0)
          (0.75,0.25,0)
          (0.75,-0.25,0)
          (1.25,-0.25,0)
     prism, center = (2,-1.38778e-17,0.5)
          height 1, axis (0,0,1), sidewall angle: 0 radians, 4 vertices:
          (2.25,0.25,0)
          (1.75,0.25,0)
          (1.75,-0.25,0)
          (2.25,-0.25,0)
Geometric object tree has depth 2 and 21 object nodes (vs. 4 actual objects)
Initializing epsilon function...
Allocating fields...
Solving for band polarization: te.
Initializing fields to random numbers...
1 k-points
  Vector3<-0.09, 0.14, 0.0>
elapsed time for initialization: 0.03980207443237305
solve_kpoint (-0.09,0.14,0):
tefreqs:, k index, k1, k2, k3, kmag/2pi, te band 1, te band 2, te band 3, te band 4, te band 5, te band 6
Solving for bands 1 to 6...
    near maximum in trace
    iteration    1: trace = 2.4351012263026 (199.514% change)
    iteration    2: trace = 0.5952305489941179 (121.43% change)
    iteration    3: trace = 0.4267021137220324 (32.9823% change)
    iteration    4: trace = 0.4072808321364568 (4.65748% change)
    iteration    5: trace = 0.3994947530449194 (1.93017% change)
    iteration    6: trace = 0.3976452527460939 (0.464034% change)
    iteration    7: trace = 0.3962897432145334 (0.341466% change)
    iteration    8: trace = 0.3957878590265458 (0.126726% change)
    iteration    9: trace = 0.3955302277473708 (0.0651145% change)
    iteration   10: trace = 0.3954811093088446 (0.0124191% change)
    iteration   11: trace = 0.3954623648408095 (0.00473977% change)
    iteration   12: trace = 0.3954568203353508 (0.00140204% change)
    iteration   13: trace = 0.3954534842271054 (0.000843612% change)
    iteration   14: trace = 0.3954523654666442 (0.000282906% change)
    iteration   15: trace = 0.3954519253348033 (0.000111298% change)
    iteration   16: trace = 0.3954518392714146 (2.17633e-05% change)
    iteration   17: trace = 0.3954518127824841 (6.6984e-06% change)
    iteration   18: trace = 0.3954518047171407 (2.03953e-06% change)
    iteration   19: trace = 0.3954518010678663 (9.22811e-07% change)
    iteration   20: trace = 0.3954517994761963 (4.02494e-07% change)
    iteration   21: trace = 0.3954517989066557 (1.44023e-07% change)
    iteration   22: trace = 0.3954517987594481 (3.72252e-08% change)
    iteration   23: trace = 0.3954517987306392 (7.28505e-09% change)
Finished solving for bands 1 to 6 after 23 iterations.
tefreqs:, 1, -0.09, 0.14, 0, 0.143178, 0.0645215, 0.148919, 0.171585, 0.300846, 0.322473, 0.381016
elapsed time for k point: 2.2226550579071045
total elapsed time for run: 2.262545108795166
done
Initializing eigensolver data
Computing 6 bands with 1e-10 tolerance
Working in 2 dimensions.
Grid size is 240 x 80 x 1.
Solving for 6 bands at a time.
Creating Maxwell data...
Mesh size is 3.
Lattice vectors:
     (3, 0, 0)
     (0, 1, 0)
     (0, 0, 1)
Cell volume = 3
Reciprocal lattice vectors (/ 2 pi):
     (0.333333, -0, 0)
     (-0, 1, -0)
     (0, -0, 1)
Geometric objects:
     block, center = (0,0,0)
          size (1e+20,1e+20,1)
          axes (1,0,0), (0,1,0), (0,0,1)
     prism, center = (0.001,-1.38778e-17,0.5)
          height 1, axis (0,0,1), sidewall angle: 0 radians, 4 vertices:
          (0.251,0.25,0)
          (-0.249,0.25,0)
          (-0.249,-0.25,0)
          (0.251,-0.25,0)
     prism, center = (1,-1.38778e-17,0.5)
          height 1, axis (0,0,1), sidewall angle: 0 radians, 4 vertices:
          (1.25,0.25,0)
          (0.75,0.25,0)
          (0.75,-0.25,0)
          (1.25,-0.25,0)
     prism, center = (2,-1.38778e-17,0.5)
          height 1, axis (0,0,1), sidewall angle: 0 radians, 4 vertices:
          (2.25,0.25,0)
          (1.75,0.25,0)
          (1.75,-0.25,0)
          (2.25,-0.25,0)
Geometric object tree has depth 2 and 21 object nodes (vs. 4 actual objects)
Initializing epsilon function...
Allocating fields...
Solving for band polarization: te.
Initializing fields to random numbers...
1 k-points
  Vector3<-0.09, 0.14, 0.0>
elapsed time for initialization: 0.020046234130859375
solve_kpoint (-0.09,0.14,0):
tefreqs:, k index, k1, k2, k3, kmag/2pi, te band 1, te band 2, te band 3, te band 4, te band 5, te band 6
Solving for bands 1 to 6...
    near maximum in trace
    iteration    1: trace = 1.726784549149795 (199.657% change)
    iteration    2: trace = 0.5001728532322424 (110.16% change)
    iteration    3: trace = 0.4360321660252067 (13.7023% change)
    iteration    4: trace = 0.4123940055609893 (5.57224% change)
    iteration    5: trace = 0.4052812166493527 (1.73976% change)
    iteration    6: trace = 0.400169144105824 (1.26937% change)
    iteration    7: trace = 0.3974535510338977 (0.680922% change)
    iteration    8: trace = 0.3958469767312766 (0.405035% change)
    iteration    9: trace = 0.3955497188363075 (0.0751223% change)
    iteration   10: trace = 0.3954698660782602 (0.0201898% change)
    iteration   11: trace = 0.3954575580344566 (0.00311231% change)
    iteration   12: trace = 0.3954539358323245 (0.000915956% change)
    iteration   13: trace = 0.3954527752648357 (0.000293478% change)
    iteration   14: trace = 0.3954521153476808 (0.000166876% change)
    iteration   15: trace = 0.395451897873116 (5.49939e-05% change)
    iteration   16: trace = 0.3954518258754935 (1.82064e-05% change)
    iteration   17: trace = 0.3954518094196185 (4.16128e-06% change)
    iteration   18: trace = 0.3954518037374236 (1.43689e-06% change)
    iteration   19: trace = 0.3954518010810509 (6.71731e-07% change)
    iteration   20: trace = 0.3954517995035405 (3.98913e-07% change)
    iteration   21: trace = 0.3954517988972756 (1.53309e-07% change)
    iteration   22: trace = 0.3954517987631472 (3.39177e-08% change)
    iteration   23: trace = 0.3954517987316863 (7.9557e-09% change)
Finished solving for bands 1 to 6 after 23 iterations.
tefreqs:, 1, -0.09, 0.14, 0, 0.143178, 0.0645215, 0.148919, 0.171585, 0.300846, 0.322473, 0.381016
elapsed time for k point: 1.2094521522521973
total elapsed time for run: 1.2295722961425781
done
Initializing eigensolver data
Computing 6 bands with 1e-10 tolerance
Working in 2 dimensions.
Grid size is 240 x 80 x 1.
Solving for 6 bands at a time.
Creating Maxwell data...
Mesh size is 3.
Lattice vectors:
     (3, 0, 0)
     (0, 1, 0)
     (0, 0, 1)
Cell volume = 3
Reciprocal lattice vectors (/ 2 pi):
     (0.333333, -0, 0)
     (-0, 1, -0)
     (0, -0, 1)
Geometric objects:
     block, center = (0,0,0)
          size (1e+20,1e+20,1)
          axes (1,0,0), (0,1,0), (0,0,1)
     prism, center = (0.001,-1.38778e-17,0.5)
          height 1, axis (0,0,1), sidewall angle: 0 radians, 4 vertices:
          (0.251,0.25,0)
          (-0.249,0.25,0)
          (-0.249,-0.25,0)
          (0.251,-0.25,0)
     prism, center = (1,-1.38778e-17,0.5)
          height 1, axis (0,0,1), sidewall angle: 0 radians, 4 vertices:
          (1.25,0.25,0)
          (0.75,0.25,0)
          (0.75,-0.25,0)
          (1.25,-0.25,0)
     prism, center = (2,-1.38778e-17,0.5)
          height 1, axis (0,0,1), sidewall angle: 0 radians, 4 vertices:
          (2.25,0.25,0)
          (1.75,0.25,0)
          (1.75,-0.25,0)
          (2.25,-0.25,0)
Geometric object tree has depth 2 and 21 object nodes (vs. 4 actual objects)
Initializing epsilon function...
Allocating fields...
Solving for band polarization: te.
Initializing fields to random numbers...
1 k-points
  Vector3<-0.09, 0.14, 0.0>
elapsed time for initialization: 0.03747820854187012
solve_kpoint (-0.09,0.14,0):
tefreqs:, k index, k1, k2, k3, kmag/2pi, te band 1, te band 2, te band 3, te band 4, te band 5, te band 6
Solving for bands 1 to 6...
    near maximum in trace
    iteration    1: trace = 2.088821824009651 (199.584% change)
    iteration    2: trace = 0.5158359053671059 (120.783% change)
    iteration    3: trace = 0.452171679172002 (13.1537% change)
    iteration    4: trace = 0.4298308846411812 (5.06593% change)
    iteration    5: trace = 0.4200116388904452 (2.31084% change)
    iteration    6: trace = 0.4103125493113315 (2.33622% change)
    iteration    7: trace = 0.4038265733483659 (1.59333% change)
    iteration    8: trace = 0.3983582923678584 (1.36335% change)
    iteration    9: trace = 0.396611028884654 (0.43958% change)
    iteration   10: trace = 0.3958540998111349 (0.191032% change)
    iteration   11: trace = 0.3956507429667167 (0.0513849% change)
    iteration   12: trace = 0.3955315610774988 (0.0301275% change)
    iteration   13: trace = 0.3954833446710158 (0.012191% change)
    iteration   14: trace = 0.3954595794180977 (0.00600935% change)
    iteration   15: trace = 0.3954539251682797 (0.0014298% change)
    iteration   16: trace = 0.3954523237884754 (0.000404948% change)
    iteration   17: trace = 0.3954519940062288 (8.33937e-05% change)
    iteration   18: trace = 0.3954518753904429 (2.9995e-05% change)
    iteration   19: trace = 0.3954518327163121 (1.07912e-05% change)
    iteration   20: trace = 0.395451809653213 (5.83209e-06% change)
    iteration   21: trace = 0.3954518017297256 (2.00365e-06% change)
    iteration   22: trace = 0.395451799408385 (5.8701e-07% change)
    iteration   23: trace = 0.3954517989356525 (1.19542e-07% change)
    iteration   24: trace = 0.3954517988123776 (3.11732e-08% change)
    iteration   25: trace = 0.3954517987563539 (1.4167e-08% change)
    iteration   26: trace = 0.3954517987338985 (5.67844e-09% change)
Finished solving for bands 1 to 6 after 26 iterations.
tefreqs:, 1, -0.09, 0.14, 0, 0.143178, 0.0645215, 0.148919, 0.171585, 0.300846, 0.322473, 0.381016
elapsed time for k point: 1.9752137660980225
total elapsed time for run: 2.0128188133239746
done
Initializing eigensolver data
Computing 6 bands with 1e-10 tolerance
Working in 2 dimensions.
Grid size is 240 x 80 x 1.
Solving for 6 bands at a time.
Creating Maxwell data...
Mesh size is 3.
Lattice vectors:
     (3, 0, 0)
     (0, 1, 0)
     (0, 0, 1)
Cell volume = 3
Reciprocal lattice vectors (/ 2 pi):
     (0.333333, -0, 0)
     (-0, 1, -0)
     (0, -0, 1)
Geometric objects:
     block, center = (0,0,0)
          size (1e+20,1e+20,1)
          axes (1,0,0), (0,1,0), (0,0,1)
     prism, center = (1.999,-1.38778e-17,0.5)
          height 1, axis (0,0,1), sidewall angle: 0 radians, 4 vertices:
          (2.249,0.25,0)
          (1.749,0.25,0)
          (1.749,-0.25,0)
          (2.249,-0.25,0)
     prism, center = (1.00055,-1.38778e-17,0.5)
          height 1, axis (0,0,1), sidewall angle: 0 radians, 4 vertices:
          (0.750551,-0.25,0)
          (0.750551,0.25,0)
          (1.25055,0.25,0)
          (1.25055,-0.25,0)
     prism, center = (0.000447214,-1.38778e-17,0.5)
          height 1, axis (0,0,1), sidewall angle: 0 radians, 4 vertices:
          (-0.249553,-0.25,0)
          (0.250447,-0.25,0)
          (0.250447,0.25,0)
          (-0.249553,0.25,0)
Geometric object tree has depth 2 and 21 object nodes (vs. 4 actual objects)
Initializing epsilon function...
Allocating fields...
Solving for band polarization: te.
Initializing fields to random numbers...
1 k-points
  Vector3<-0.09, 0.14, 0.0>
elapsed time for initialization: 0.020399808883666992
solve_kpoint (-0.09,0.14,0):
tefreqs:, k index, k1, k2, k3, kmag/2pi, te band 1, te band 2, te band 3, te band 4, te band 5, te band 6
Solving for bands 1 to 6...
    near maximum in trace
    iteration    1: trace = 1.899046693645868 (199.622% change)
    iteration    2: trace = 0.5275939900869105 (113.033% change)
    iteration    3: trace = 0.4356443059632604 (19.0918% change)
    iteration    4: trace = 0.4049390440139655 (7.3057% change)
    iteration    5: trace = 0.3990230137980134 (1.47172% change)
    iteration    6: trace = 0.3966495797548857 (0.596586% change)
    iteration    7: trace = 0.3958705225217067 (0.196603% change)
    iteration    8: trace = 0.3952852085945 (0.147964% change)
    iteration    9: trace = 0.3951001859365635 (0.0468183% change)
    iteration   10: trace = 0.395026709451572 (0.0185987% change)
    iteration   11: trace = 0.3950132989029903 (0.0033949% change)
    iteration   12: trace = 0.3950093013416713 (0.00101201% change)
    iteration   13: trace = 0.3950080879778332 (0.000307174% change)
    iteration   14: trace = 0.3950072374692064 (0.000215314% change)
    iteration   15: trace = 0.3950069178847795 (8.0906e-05% change)
    iteration   16: trace = 0.39500680218651 (2.92902e-05% change)
    iteration   17: trace = 0.3950067761074946 (6.60217e-06% change)
    iteration   18: trace = 0.3950067690989753 (1.77428e-06% change)
    iteration   19: trace = 0.3950067679317897 (2.95485e-07% change)
    iteration   20: trace = 0.3950067677100224 (5.61427e-08% change)
    iteration   21: trace = 0.3950067676497522 (1.5258e-08% change)
    iteration   22: trace = 0.3950067676265978 (5.86176e-09% change)
Finished solving for bands 1 to 6 after 22 iterations.
tefreqs:, 1, -0.09, 0.14, 0, 0.143178, 0.0644736, 0.148873, 0.171548, 0.30072, 0.322347, 0.380681
elapsed time for k point: 1.6094985008239746
total elapsed time for run: 1.6299681663513184
done
Initializing eigensolver data
Computing 6 bands with 1e-10 tolerance
Working in 2 dimensions.
Grid size is 240 x 80 x 1.
Solving for 6 bands at a time.
Creating Maxwell data...
Mesh size is 3.
Lattice vectors:
     (3, 0, 0)
     (0, 1, 0)
     (0, 0, 1)
Cell volume = 3
Reciprocal lattice vectors (/ 2 pi):
     (0.333333, -0, 0)
     (-0, 1, -0)
     (0, -0, 1)
Geometric objects:
     block, center = (0,0,0)
          size (1e+20,1e+20,1)
          axes (1,0,0), (0,1,0), (0,0,1)
     prism, center = (0.001,-1.38778e-17,0.5)
          height 1, axis (0,0,1), sidewall angle: 0 radians, 4 vertices:
          (0.251,0.25,0)
          (-0.249,0.25,0)
          (-0.249,-0.25,0)
          (0.251,-0.25,0)
     prism, center = (1.001,-1.38778e-17,0.5)
          height 1, axis (0,0,1), sidewall angle: 0 radians, 4 vertices:
          (1.251,0.25,0)
          (0.751,0.25,0)
          (0.751,-0.25,0)
          (1.251,-0.25,0)
     prism, center = (2.001,-1.38778e-17,0.5)
          height 1, axis (0,0,1), sidewall angle: 0 radians, 4 vertices:
          (2.251,0.25,0)
          (1.751,0.25,0)
          (1.751,-0.25,0)
          (2.251,-0.25,0)
Geometric object tree has depth 2 and 21 object nodes (vs. 4 actual objects)
Initializing epsilon function...
Allocating fields...
Solving for band polarization: te.
Initializing fields to random numbers...
1 k-points
  Vector3<-0.09, 0.14, 0.0>
elapsed time for initialization: 0.04010915756225586
solve_kpoint (-0.09,0.14,0):
tefreqs:, k index, k1, k2, k3, kmag/2pi, te band 1, te band 2, te band 3, te band 4, te band 5, te band 6
Solving for bands 1 to 6...
    near maximum in trace
    iteration    1: trace = 2.076625604532095 (199.586% change)
    iteration    2: trace = 0.5292291690922962 (118.763% change)
    iteration    3: trace = 0.4414690413778251 (18.0819% change)
    iteration    4: trace = 0.4088986587293654 (7.66031% change)
    iteration    5: trace = 0.4010472407933579 (1.93875% change)
    iteration    6: trace = 0.3972835815365536 (0.942882% change)
    iteration    7: trace = 0.395978696270782 (0.328992% change)
    iteration    8: trace = 0.3951323969823584 (0.213952% change)
    iteration    9: trace = 0.3948769491596612 (0.0646696% change)
    iteration   10: trace = 0.3947782484315292 (0.0249984% change)
    iteration   11: trace = 0.3947593295366975 (0.0047924% change)
    iteration   12: trace = 0.3947517157673777 (0.00192873% change)
    iteration   13: trace = 0.3947491316804664 (0.000654613% change)
    iteration   14: trace = 0.3947477744988436 (0.000343809% change)
    iteration   15: trace = 0.3947472999518629 (0.000120215% change)
    iteration   16: trace = 0.3947471210859718 (4.53115e-05% change)
    iteration   17: trace = 0.3947470804969598 (1.02823e-05% change)
    iteration   18: trace = 0.3947470658559294 (3.70896e-06% change)
    iteration   19: trace = 0.3947470593237101 (1.65479e-06% change)
    iteration   20: trace = 0.3947470559338582 (8.5874e-07% change)
    iteration   21: trace = 0.3947470550425837 (2.25784e-07% change)
    iteration   22: trace = 0.394747054829637 (5.39451e-08% change)
    iteration   23: trace = 0.394747054789414 (1.01896e-08% change)
    iteration   24: trace = 0.3947470547821007 (1.85266e-09% change)
Finished solving for bands 1 to 6 after 24 iterations.
tefreqs:, 1, -0.09, 0.14, 0, 0.143178, 0.0644424, 0.148857, 0.171528, 0.30066, 0.322277, 0.380467
elapsed time for k point: 2.0053799152374268
total elapsed time for run: 2.0455596446990967
done
Initializing eigensolver data
Computing 6 bands with 1e-10 tolerance
Working in 2 dimensions.
Grid size is 240 x 80 x 1.
Solving for 6 bands at a time.
Creating Maxwell data...
Mesh size is 3.
Lattice vectors:
     (3, 0, 0)
     (0, 1, 0)
     (0, 0, 1)
Cell volume = 3
Reciprocal lattice vectors (/ 2 pi):
     (0.333333, -0, 0)
     (-0, 1, -0)
     (0, -0, 1)
Geometric objects:
     block, center = (0,0,0)
          size (1e+20,1e+20,1)
          axes (1,0,0), (0,1,0), (0,0,1)
     prism, center = (-0.001,-1.38778e-17,0.5)
          height 1, axis (0,0,1), sidewall angle: 0 radians, 4 vertices:
          (0.249,0.25,0)
          (-0.251,0.25,0)
          (-0.251,-0.25,0)
          (0.249,-0.25,0)
     prism, center = (0.999,-1.38778e-17,0.5)
          height 1, axis (0,0,1), sidewall angle: 0 radians, 4 vertices:
          (1.249,0.25,0)
          (0.749,0.25,0)
          (0.749,-0.25,0)
          (1.249,-0.25,0)
     prism, center = (1.999,-1.38778e-17,0.5)
          height 1, axis (0,0,1), sidewall angle: 0 radians, 4 vertices:
          (2.249,0.25,0)
          (1.749,0.25,0)
          (1.749,-0.25,0)
          (2.249,-0.25,0)
Geometric object tree has depth 2 and 21 object nodes (vs. 4 actual objects)
Initializing epsilon function...
Allocating fields...
Solving for band polarization: te.
Initializing fields to random numbers...
1 k-points
  Vector3<-0.09, 0.14, 0.0>
elapsed time for initialization: 0.019840240478515625
solve_kpoint (-0.09,0.14,0):
tefreqs:, k index, k1, k2, k3, kmag/2pi, te band 1, te band 2, te band 3, te band 4, te band 5, te band 6
Solving for bands 1 to 6...
    near maximum in trace
    iteration    1: trace = 2.070799710188862 (199.583% change)
    iteration    2: trace = 0.5704669636635483 (113.607% change)
    iteration    3: trace = 0.4608459636201844 (21.2585% change)
    iteration    4: trace = 0.416653315767874 (10.0724% change)
    iteration    5: trace = 0.4058265568944835 (2.63271% change)
    iteration    6: trace = 0.3999302873108412 (1.46354% change)
    iteration    7: trace = 0.3974006562118297 (0.634525% change)
    iteration    8: trace = 0.3956021469051228 (0.453595% change)
    iteration    9: trace = 0.3950417462899221 (0.141758% change)
    iteration   10: trace = 0.3948402644117982 (0.0510157% change)
    iteration   11: trace = 0.394802482530641 (0.00956936% change)
    iteration   12: trace = 0.3947892539714642 (0.00335073% change)
    iteration   13: trace = 0.3947839426374176 (0.00134537% change)
    iteration   14: trace = 0.3947811287990245 (0.000712757% change)
    iteration   15: trace = 0.3947800661341825 (0.000269179% change)
    iteration   16: trace = 0.3947797006295631 (9.25844e-05% change)
    iteration   17: trace = 0.3947796040135128 (2.44734e-05% change)
    iteration   18: trace = 0.3947795753290633 (7.26594e-06% change)
    iteration   19: trace = 0.3947795662185232 (2.30775e-06% change)
    iteration   20: trace = 0.3947795614879094 (1.19829e-06% change)
    iteration   21: trace = 0.3947795599590682 (3.87265e-07% change)
    iteration   22: trace = 0.3947795595444301 (1.0503e-07% change)
    iteration   23: trace = 0.3947795594668183 (1.96595e-08% change)
    iteration   24: trace = 0.3947795594500785 (4.24028e-09% change)
Finished solving for bands 1 to 6 after 24 iterations.
tefreqs:, 1, -0.09, 0.14, 0, 0.143178, 0.0644444, 0.148858, 0.171535, 0.300673, 0.322295, 0.380481
elapsed time for k point: 1.1345765590667725
total elapsed time for run: 1.1544876098632812
done
Initializing eigensolver data
Computing 6 bands with 1e-10 tolerance
Working in 2 dimensions.
Grid size is 288 x 96 x 1.
Solving for 6 bands at a time.
Creating Maxwell data...
Mesh size is 3.
Lattice vectors:
     (3, 0, 0)
     (0, 1, 0)
     (0, 0, 1)
Cell volume = 3
Reciprocal lattice vectors (/ 2 pi):
     (0.333333, -0, 0)
     (-0, 1, -0)
     (0, -0, 1)
Geometric objects:
     block, center = (0,0,0)
          size (1e+20,1e+20,1)
          axes (1,0,0), (0,1,0), (0,0,1)
     prism, center = (-0.000894427,-1.38778e-17,0.5)
          height 1, axis (0,0,1), sidewall angle: 0 radians, 4 vertices:
          (0.249106,0.25,0)
          (-0.250894,0.25,0)
          (-0.250894,-0.25,0)
          (0.249106,-0.25,0)
     prism, center = (0.998898,-1.38778e-17,0.5)
          height 1, axis (0,0,1), sidewall angle: 0 radians, 4 vertices:
          (1.2489,0.25,0)
          (0.748898,0.25,0)
          (0.748898,-0.25,0)
          (1.2489,-0.25,0)
     prism, center = (2.002,-1.38778e-17,0.5)
          height 1, axis (0,0,1), sidewall angle: 0 radians, 4 vertices:
          (2.252,0.25,0)
          (1.752,0.25,0)
          (1.752,-0.25,0)
          (2.252,-0.25,0)
Geometric object tree has depth 2 and 21 object nodes (vs. 4 actual objects)
Initializing epsilon function...
Allocating fields...
Solving for band polarization: te.
Initializing fields to random numbers...
1 k-points
  Vector3<-0.09, 0.14, 0.0>
elapsed time for initialization: 0.028292417526245117
solve_kpoint (-0.09,0.14,0):
tefreqs:, k index, k1, k2, k3, kmag/2pi, te band 1, te band 2, te band 3, te band 4, te band 5, te band 6
Solving for bands 1 to 6...
    near maximum in trace
    iteration    1: trace = 2.429336025032446 (199.664% change)
    iteration    2: trace = 0.6834534530719024 (112.175% change)
    iteration    3: trace = 0.5041565760525523 (30.1946% change)
    iteration    4: trace = 0.4665268881364223 (7.75324% change)
    iteration    5: trace = 0.4305839318497285 (8.01305% change)
    iteration    6: trace = 0.4106615488476743 (4.7364% change)
    iteration    7: trace = 0.4021207384523957 (2.10162% change)
    iteration    8: trace = 0.3986460761961974 (0.867834% change)
    iteration    9: trace = 0.3967868683441995 (0.467471% change)
    iteration   10: trace = 0.3958419926476554 (0.238416% change)
    iteration   11: trace = 0.3954520239994764 (0.0985648% change)
    iteration   12: trace = 0.3953528492076432 (0.025082% change)
    iteration   13: trace = 0.3953094039386132 (0.0109896% change)
    iteration   14: trace = 0.3952913667947623 (0.0045629% change)
    iteration   15: trace = 0.3952824577764484 (0.00225381% change)
    iteration   16: trace = 0.3952800521956963 (0.000608574% change)
    iteration   17: trace = 0.3952793706687515 (0.000172416% change)
    iteration   18: trace = 0.3952792332035385 (3.47767e-05% change)
    iteration   19: trace = 0.3952791891747603 (1.11387e-05% change)
    iteration   20: trace = 0.3952791708808731 (4.62809e-06% change)
    iteration   21: trace = 0.3952791629474329 (2.00705e-06% change)
    iteration   22: trace = 0.3952791603625203 (6.53946e-07% change)
    iteration   23: trace = 0.3952791596255434 (1.86445e-07% change)
    iteration   24: trace = 0.3952791593895665 (5.96988e-08% change)
    iteration   25: trace = 0.3952791593214759 (1.72259e-08% change)
    iteration   26: trace = 0.3952791592912477 (7.64731e-09% change)
Finished solving for bands 1 to 6 after 26 iterations.
tefreqs:, 1, -0.09, 0.14, 0, 0.143178, 0.0644906, 0.14891, 0.171587, 0.300849, 0.322478, 0.380791
elapsed time for k point: 3.5046780109405518
total elapsed time for run: 3.533083438873291
done
Initializing eigensolver data
Computing 6 bands with 1e-10 tolerance
Working in 2 dimensions.
Grid size is 288 x 96 x 1.
Solving for 6 bands at a time.
Creating Maxwell data...
Mesh size is 3.
Lattice vectors:
     (3, 0, 0)
     (0, 1, 0)
     (0, 0, 1)
Cell volume = 3
Reciprocal lattice vectors (/ 2 pi):
     (0.333333, -0, 0)
     (-0, 1, -0)
     (0, -0, 1)
Geometric objects:
     block, center = (0,0,0)
          size (1e+20,1e+20,1)
          axes (1,0,0), (0,1,0), (0,0,1)
     prism, center = (-0.000447214,-1.38778e-17,0.5)
          height 1, axis (0,0,1), sidewall angle: 0 radians, 4 vertices:
          (0.249553,0.25,0)
          (-0.250447,0.25,0)
          (-0.250447,-0.25,0)
          (0.249553,-0.25,0)
     prism, center = (0.999449,-1.38778e-17,0.5)
          height 1, axis (0,0,1), sidewall angle: 0 radians, 4 vertices:
          (1.24945,0.25,0)
          (0.749449,0.25,0)
          (0.749449,-0.25,0)
          (1.24945,-0.25,0)
     prism, center = (2.001,-1.38778e-17,0.5)
          height 1, axis (0,0,1), sidewall angle: 0 radians, 4 vertices:
          (2.251,0.25,0)
          (1.751,0.25,0)
          (1.751,-0.25,0)
          (2.251,-0.25,0)
Geometric object tree has depth 2 and 21 object nodes (vs. 4 actual objects)
Initializing epsilon function...
Allocating fields...
Solving for band polarization: te.
Initializing fields to random numbers...
1 k-points
  Vector3<-0.09, 0.14, 0.0>
elapsed time for initialization: 0.04273486137390137
solve_kpoint (-0.09,0.14,0):
tefreqs:, k index, k1, k2, k3, kmag/2pi, te band 1, te band 2, te band 3, te band 4, te band 5, te band 6
Solving for bands 1 to 6...
    near maximum in trace
    iteration    1: trace = 2.088055432452302 (199.711% change)
    iteration    2: trace = 0.5895643035109885 (111.927% change)
    iteration    3: trace = 0.4435993576534668 (28.2559% change)
    iteration    4: trace = 0.4244000699543122 (4.4238% change)
    iteration    5: trace = 0.4119895066720118 (2.96765% change)
    iteration    6: trace = 0.4052685543895507 (1.64476% change)
    iteration    7: trace = 0.3992629255328322 (1.49295% change)
    iteration    8: trace = 0.396638141981739 (0.659575% change)
    iteration    9: trace = 0.3956502786463766 (0.24937% change)
    iteration   10: trace = 0.3954433321500499 (0.0523191% change)
    iteration   11: trace = 0.3953450699845316 (0.0248517% change)
    iteration   12: trace = 0.395300227852119 (0.0113432% change)
    iteration   13: trace = 0.3952772743461709 (0.00580677% change)
    iteration   14: trace = 0.3952717803099303 (0.00138993% change)
    iteration   15: trace = 0.3952699031627628 (0.000474902% change)
    iteration   16: trace = 0.3952694693124749 (0.000109761% change)
    iteration   17: trace = 0.3952692668488204 (5.12217e-05% change)
    iteration   18: trace = 0.3952691926606827 (1.8769e-05% change)
    iteration   19: trace = 0.395269156232894 (9.21594e-06% change)
    iteration   20: trace = 0.3952691448586498 (2.87759e-06% change)
    iteration   21: trace = 0.3952691414306165 (8.67266e-07% change)
    iteration   22: trace = 0.3952691406659375 (1.93458e-07% change)
    iteration   23: trace = 0.3952691404403115 (5.70816e-08% change)
    iteration   24: trace = 0.3952691403580214 (2.08188e-08% change)
    iteration   25: trace = 0.3952691403237968 (8.65855e-09% change)
Finished solving for bands 1 to 6 after 25 iterations.
tefreqs:, 1, -0.09, 0.14, 0, 0.143178, 0.0644876, 0.14891, 0.171585, 0.300853, 0.322477, 0.380777
elapsed time for k point: 3.1088507175445557
total elapsed time for run: 3.1516647338867188
done
Initializing eigensolver data
Computing 6 bands with 1e-10 tolerance
Working in 2 dimensions.
Grid size is 288 x 96 x 1.
Solving for 6 bands at a time.
Creating Maxwell data...
Mesh size is 3.
Lattice vectors:
     (3, 0, 0)
     (0, 1, 0)
     (0, 0, 1)
Cell volume = 3
Reciprocal lattice vectors (/ 2 pi):
     (0.333333, -0, 0)
     (-0, 1, -0)
     (0, -0, 1)
Geometric objects:
     block, center = (0,0,0)
          size (1e+20,1e+20,1)
          axes (1,0,0), (0,1,0), (0,0,1)
     prism, center = (-0.000223607,-1.38778e-17,0.5)
          height 1, axis (0,0,1), sidewall angle: 0 radians, 4 vertices:
          (0.249776,0.25,0)
          (-0.250224,0.25,0)
          (-0.250224,-0.25,0)
          (0.249776,-0.25,0)
     prism, center = (0.999725,-1.38778e-17,0.5)
          height 1, axis (0,0,1), sidewall angle: 0 radians, 4 vertices:
          (1.24972,0.25,0)
          (0.749725,0.25,0)
          (0.749725,-0.25,0)
          (1.24972,-0.25,0)
     prism, center = (2.0005,-1.38778e-17,0.5)
          height 1, axis (0,0,1), sidewall angle: 0 radians, 4 vertices:
          (2.2505,0.25,0)
          (1.7505,0.25,0)
          (1.7505,-0.25,0)
          (2.2505,-0.25,0)
Geometric object tree has depth 2 and 21 object nodes (vs. 4 actual objects)
Initializing epsilon function...
Allocating fields...
Solving for band polarization: te.
Initializing fields to random numbers...
1 k-points
  Vector3<-0.09, 0.14, 0.0>
elapsed time for initialization: 0.03481698036193848
solve_kpoint (-0.09,0.14,0):
tefreqs:, k index, k1, k2, k3, kmag/2pi, te band 1, te band 2, te band 3, te band 4, te band 5, te band 6
Solving for bands 1 to 6...
    near maximum in trace
    iteration    1: trace = 1.964498875034135 (199.728% change)
    iteration    2: trace = 0.4946796563678962 (119.537% change)
    iteration    3: trace = 0.4409207437806727 (11.4919% change)
    iteration    4: trace = 0.4244308059364778 (3.81115% change)
    iteration    5: trace = 0.4196774210183913 (1.12625% change)
    iteration    6: trace = 0.4163073925236777 (0.806242% change)
    iteration    7: trace = 0.41122477543643 (1.22838% change)
    iteration    8: trace = 0.4023281430536697 (2.18711% change)
    iteration    9: trace = 0.3981713889391796 (1.03854% change)
    iteration   10: trace = 0.3962193469402681 (0.491456% change)
    iteration   11: trace = 0.3957073722393235 (0.129299% change)
    iteration   12: trace = 0.3954272579771315 (0.0708133% change)
    iteration   13: trace = 0.3953093583316274 (0.0298202% change)
    iteration   14: trace = 0.3952499800929996 (0.0150218% change)
    iteration   15: trace = 0.3952360491606239 (0.00352465% change)
    iteration   16: trace = 0.395232108101442 (0.000997146% change)
    iteration   17: trace = 0.395231216577985 (0.00022557% change)
    iteration   18: trace = 0.3952308391216061 (9.55027e-05% change)
    iteration   19: trace = 0.3952307087776101 (3.29792e-05% change)
    iteration   20: trace = 0.395230650470891 (1.47526e-05% change)
    iteration   21: trace = 0.3952306341872475 (4.12004e-06% change)
    iteration   22: trace = 0.3952306297118588 (1.13235e-06% change)
    iteration   23: trace = 0.3952306285852257 (2.85057e-07% change)
    iteration   24: trace = 0.3952306283301384 (6.45414e-08% change)
    iteration   25: trace = 0.3952306282239182 (2.68755e-08% change)
    iteration   26: trace = 0.3952306281640215 (1.51549e-08% change)
    iteration   27: trace = 0.3952306281321858 (8.05497e-09% change)
Finished solving for bands 1 to 6 after 27 iterations.
tefreqs:, 1, -0.09, 0.14, 0, 0.143178, 0.064481, 0.148906, 0.171582, 0.300849, 0.322471, 0.380739
elapsed time for k point: 3.3451638221740723
total elapsed time for run: 3.380063533782959
done
Initializing eigensolver data
Computing 12 bands with 1e-10 tolerance
Working in 2 dimensions.
Grid size is 288 x 96 x 1.
Solving for 6 bands at a time.
Creating Maxwell data...
Mesh size is 3.
Lattice vectors:
     (3, 0, 0)
     (0, 1, 0)
     (0, 0, 1)
Cell volume = 3
Reciprocal lattice vectors (/ 2 pi):
     (0.333333, -0, 0)
     (-0, 1, -0)
     (0, -0, 1)
Geometric objects:
     block, center = (0,0,0)
          size (1e+20,1e+20,1)
          axes (1,0,0), (0,1,0), (0,0,1)
     prism, center = (-2.08167e-17,-1.38778e-17,0.5)
          height 1, axis (0,0,1), sidewall angle: 0 radians, 4 vertices:
          (0.25,0.25,0)
          (-0.25,0.25,0)
          (-0.25,-0.25,0)
          (0.25,-0.25,0)
     prism, center = (1,-1.38778e-17,0.5)
          height 1, axis (0,0,1), sidewall angle: 0 radians, 4 vertices:
          (1.25,0.25,0)
          (0.75,0.25,0)
          (0.75,-0.25,0)
          (1.25,-0.25,0)
     prism, center = (2,-1.38778e-17,0.5)
          height 1, axis (0,0,1), sidewall angle: 0 radians, 4 vertices:
          (2.25,0.25,0)
          (1.75,0.25,0)
          (1.75,-0.25,0)
          (2.25,-0.25,0)
Geometric object tree has depth 2 and 21 object nodes (vs. 4 actual objects)
Initializing epsilon function...
Allocating fields...
Solving for band polarization: te.
Initializing fields to random numbers...
1 k-points
  Vector3<-0.09, 0.14, 0.0>
elapsed time for initialization: 0.05796051025390625
solve_kpoint (-0.09,0.14,0):
tefreqs:, k index, k1, k2, k3, kmag/2pi, te band 1, te band 2, te band 3, te band 4, te band 5, te band 6, te band 7, te band 8, te band 9, te band 10, te band 11, te band 12
Solving for bands 1 to 6...
    near maximum in trace
    iteration    1: trace = 2.194797818391656 (199.699% change)
    iteration    2: trace = 0.5682601685073464 (117.735% change)
    iteration    3: trace = 0.4269457280353501 (28.399% change)
    iteration    4: trace = 0.4079405160561729 (4.55277% change)
    iteration    5: trace = 0.4002207082427107 (1.91046% change)
    iteration    6: trace = 0.3979399722375497 (0.571498% change)
    iteration    7: trace = 0.3966160351738569 (0.333252% change)
    iteration    8: trace = 0.3960457130430732 (0.143901% change)
    iteration    9: trace = 0.3957047968679653 (0.0861171% change)
    iteration   10: trace = 0.395634342012152 (0.0178065% change)
    iteration   11: trace = 0.3956132798561795 (0.00532378% change)
    iteration   12: trace = 0.3956080990044204 (0.00130958% change)
    iteration   13: trace = 0.3956053287246961 (0.000700261% change)
    iteration   14: trace = 0.3956042245920464 (0.0002791% change)
    iteration   15: trace = 0.3956036651305574 (0.00014142% change)
    iteration   16: trace = 0.3956035296187903 (3.42544e-05% change)
    iteration   17: trace = 0.3956034870396974 (1.07631e-05% change)
    iteration   18: trace = 0.395603478262442 (2.2187e-06% change)
    iteration   19: trace = 0.3956034750499029 (8.1206e-07% change)
    iteration   20: trace = 0.3956034738579538 (3.01299e-07% change)
    iteration   21: trace = 0.3956034732587638 (1.51462e-07% change)
    iteration   22: trace = 0.3956034730977512 (4.07005e-08% change)
    iteration   23: trace = 0.3956034730531151 (1.12831e-08% change)
    iteration   24: trace = 0.3956034730439589 (2.31447e-09% change)
Finished solving for bands 1 to 6 after 24 iterations.
Solving for bands 7 to 12...
    near maximum in trace
    iteration    1: trace = 6.459085719611501 (199.112% change)
    iteration    2: trace = 1.651465046316829 (118.552% change)
    iteration    3: trace = 1.37000158002265 (18.6309% change)
    iteration    4: trace = 1.287635570370604 (6.19844% change)
    iteration    5: trace = 1.258193694722395 (2.31295% change)
    iteration    6: trace = 1.242587786987072 (1.24808% change)
    iteration    7: trace = 1.235145149354362 (0.600762% change)
    iteration    8: trace = 1.230311198807135 (0.392134% change)
    iteration    9: trace = 1.227112278165874 (0.260348% change)
    iteration   10: trace = 1.224480828621096 (0.214673% change)
    iteration   11: trace = 1.222916362560462 (0.127847% change)
    iteration   12: trace = 1.221473106080665 (0.118087% change)
    iteration   13: trace = 1.220278342310203 (0.0978612% change)
    iteration   14: trace = 1.219304099321903 (0.0798697% change)
    iteration   15: trace = 1.218787983564315 (0.0423377% change)
    iteration   16: trace = 1.21842449723848 (0.029828% change)
    iteration   17: trace = 1.218178600682672 (0.0201836% change)
    iteration   18: trace = 1.217902768204203 (0.0226456% change)
    iteration   19: trace = 1.217564826773929 (0.0277517% change)
    large trace change predicted (0.0604338%)
    iteration   20: trace = 1.216854853108326 (0.058328% change)
    iteration   21: trace = 1.215940758303202 (0.0751477% change)
    iteration   22: trace = 1.214874224943057 (0.0877511% change)
    iteration   23: trace = 1.213755602791649 (0.0921196% change)
    iteration   24: trace = 1.212567597450304 (0.0979264% change)
    iteration   25: trace = 1.212010999052757 (0.045913% change)
    iteration   26: trace = 1.211797584141016 (0.0176099% change)
    iteration   27: trace = 1.211726085850118 (0.00590036% change)
    iteration   28: trace = 1.211688056694135 (0.00313848% change)
    iteration   29: trace = 1.21166830364338 (0.00163022% change)
    iteration   30: trace = 1.211652579121041 (0.00129777% change)
    iteration   31: trace = 1.211645089205241 (0.000618159% change)
    iteration   32: trace = 1.211641843257674 (0.000267896% change)
    iteration   33: trace = 1.2116406506518 (9.8429e-05% change)
    iteration   34: trace = 1.211639987303232 (5.4748e-05% change)
    iteration   35: trace = 1.211639641177396 (2.85667e-05% change)
    iteration   36: trace = 1.21163944269776 (1.63811e-05% change)
    iteration   37: trace = 1.211639359133306 (6.89681e-06% change)
    iteration   38: trace = 1.21163932510346 (2.80858e-06% change)
    iteration   39: trace = 1.21163930890098 (1.33724e-06% change)
    iteration   40: trace = 1.211639299910803 (7.41985e-07% change)
    iteration   41: trace = 1.211639295973088 (3.24991e-07% change)
    iteration   42: trace = 1.211639293886945 (1.72175e-07% change)
    iteration   43: trace = 1.211639292488422 (1.15424e-07% change)
    iteration   44: trace = 1.211639291802629 (5.66004e-08% change)
    iteration   45: trace = 1.21163929144418 (2.95838e-08% change)
    iteration   46: trace = 1.211639291170745 (2.25674e-08% change)
    iteration   47: trace = 1.21163929097795 (1.59119e-08% change)
    iteration   48: trace = 1.211639290885449 (7.63436e-09% change)
Finished solving for bands 7 to 12 after 48 iterations.
Finished k-point with 36 mean iterations/band.
tefreqs:, 1, -0.09, 0.14, 0, 0.143178, 0.0645265, 0.148941, 0.171613, 0.300941, 0.322567, 0.381039, 0.409868, 0.416721, 0.425944, 0.467676, 0.479618, 0.489701
elapsed time for k point: 9.617962837219238
total elapsed time for run: 9.676063299179077
done
Initializing eigensolver data
Computing 6 bands with 1e-10 tolerance
Working in 2 dimensions.
Grid size is 288 x 96 x 1.
Solving for 6 bands at a time.
Creating Maxwell data...
Mesh size is 3.
Lattice vectors:
     (3, 0, 0)
     (0, 1, 0)
     (0, 0, 1)
Cell volume = 3
Reciprocal lattice vectors (/ 2 pi):
     (0.333333, -0, 0)
     (-0, 1, -0)
     (0, -0, 1)
Geometric objects:
     block, center = (0,0,0)
          size (1e+20,1e+20,1)
          axes (1,0,0), (0,1,0), (0,0,1)
     prism, center = (0.000223607,-1.38778e-17,0.5)
          height 1, axis (0,0,1), sidewall angle: 0 radians, 4 vertices:
          (0.250224,0.25,0)
          (-0.249776,0.25,0)
          (-0.249776,-0.25,0)
          (0.250224,-0.25,0)
     prism, center = (1.00028,-1.38778e-17,0.5)
          height 1, axis (0,0,1), sidewall angle: 0 radians, 4 vertices:
          (1.25028,0.25,0)
          (0.750275,0.25,0)
          (0.750275,-0.25,0)
          (1.25028,-0.25,0)
     prism, center = (1.9995,-1.38778e-17,0.5)
          height 1, axis (0,0,1), sidewall angle: 0 radians, 4 vertices:
          (2.2495,0.25,0)
          (1.7495,0.25,0)
          (1.7495,-0.25,0)
          (2.2495,-0.25,0)
Geometric object tree has depth 2 and 21 object nodes (vs. 4 actual objects)
Initializing epsilon function...
Allocating fields...
Solving for band polarization: te.
Initializing fields to random numbers...
1 k-points
  Vector3<-0.09, 0.14, 0.0>
elapsed time for initialization: 0.026203393936157227
solve_kpoint (-0.09,0.14,0):
tefreqs:, k index, k1, k2, k3, kmag/2pi, te band 1, te band 2, te band 3, te band 4, te band 5, te band 6
Solving for bands 1 to 6...
    near maximum in trace
    iteration    1: trace = 2.345499737341732 (199.675% change)
    iteration    2: trace = 0.565369959576637 (122.309% change)
    iteration    3: trace = 0.4696931163274986 (18.4872% change)
    iteration    4: trace = 0.4299740764937013 (8.82972% change)
    iteration    5: trace = 0.4155559929719007 (3.41042% change)
    iteration    6: trace = 0.4069698234843901 (2.08776% change)
    iteration    7: trace = 0.4026556400644116 (1.06572% change)
    iteration    8: trace = 0.3980371297673392 (1.15363% change)
    iteration    9: trace = 0.3962211679670835 (0.457272% change)
    iteration   10: trace = 0.3955562367568933 (0.167959% change)
    iteration   11: trace = 0.3953813108378734 (0.0442325% change)
    iteration   12: trace = 0.3952846885045466 (0.0244407% change)
    iteration   13: trace = 0.3952524260430417 (0.00816216% change)
    iteration   14: trace = 0.3952363608290027 (0.00406463% change)
    iteration   15: trace = 0.3952321763470406 (0.00105873% change)
    iteration   16: trace = 0.3952309192330154 (0.00031807% change)
    iteration   17: trace = 0.3952306812446762 (6.0215e-05% change)
    iteration   18: trace = 0.3952305864877592 (2.39751e-05% change)
    iteration   19: trace = 0.3952305474393593 (9.8799e-06% change)
    iteration   20: trace = 0.3952305274135354 (5.06687e-06% change)
    iteration   21: trace = 0.3952305218701264 (1.40258e-06% change)
    iteration   22: trace = 0.3952305201436338 (4.36832e-07% change)
    iteration   23: trace = 0.3952305198355076 (7.79611e-08% change)
    iteration   24: trace = 0.395230519770134 (1.65406e-08% change)
    iteration   25: trace = 0.3952305197549538 (3.84086e-09% change)
Finished solving for bands 1 to 6 after 25 iterations.
tefreqs:, 1, -0.09, 0.14, 0, 0.143178, 0.064481, 0.148906, 0.171582, 0.300849, 0.322471, 0.380739
elapsed time for k point: 2.3831627368927
total elapsed time for run: 2.409435987472534
done
Initializing eigensolver data
Computing 6 bands with 1e-10 tolerance
Working in 2 dimensions.
Grid size is 288 x 96 x 1.
Solving for 6 bands at a time.
Creating Maxwell data...
Mesh size is 3.
Lattice vectors:
     (3, 0, 0)
     (0, 1, 0)
     (0, 0, 1)
Cell volume = 3
Reciprocal lattice vectors (/ 2 pi):
     (0.333333, -0, 0)
     (-0, 1, -0)
     (0, -0, 1)
Geometric objects:
     block, center = (0,0,0)
          size (1e+20,1e+20,1)
          axes (1,0,0), (0,1,0), (0,0,1)
     prism, center = (0.000447214,-1.38778e-17,0.5)
          height 1, axis (0,0,1), sidewall angle: 0 radians, 4 vertices:
          (0.250447,0.25,0)
          (-0.249553,0.25,0)
          (-0.249553,-0.25,0)
          (0.250447,-0.25,0)
     prism, center = (1.00055,-1.38778e-17,0.5)
          height 1, axis (0,0,1), sidewall angle: 0 radians, 4 vertices:
          (1.25055,0.25,0)
          (0.750551,0.25,0)
          (0.750551,-0.25,0)
          (1.25055,-0.25,0)
     prism, center = (1.999,-1.38778e-17,0.5)
          height 1, axis (0,0,1), sidewall angle: 0 radians, 4 vertices:
          (2.249,0.25,0)
          (1.749,0.25,0)
          (1.749,-0.25,0)
          (2.249,-0.25,0)
Geometric object tree has depth 2 and 21 object nodes (vs. 4 actual objects)
Initializing epsilon function...
Allocating fields...
Solving for band polarization: te.
Initializing fields to random numbers...
1 k-points
  Vector3<-0.09, 0.14, 0.0>
elapsed time for initialization: 0.028203487396240234
solve_kpoint (-0.09,0.14,0):
tefreqs:, k index, k1, k2, k3, kmag/2pi, te band 1, te band 2, te band 3, te band 4, te band 5, te band 6
Solving for bands 1 to 6...
    near maximum in trace
    iteration    1: trace = 2.145238808410787 (199.704% change)
    iteration    2: trace = 0.4990205757851745 (124.513% change)
    iteration    3: trace = 0.425879089134743 (15.8161% change)
    iteration    4: trace = 0.4037229443362191 (5.34139% change)
    iteration    5: trace = 0.3985943375367019 (1.27845% change)
    iteration    6: trace = 0.3965333094948403 (0.518414% change)
    iteration    7: trace = 0.3959467281269802 (0.148037% change)
    iteration    8: trace = 0.3954995160622299 (0.113011% change)
    iteration    9: trace = 0.3953476476975379 (0.0384065% change)
    iteration   10: trace = 0.3952872330082923 (0.0152826% change)
    iteration   11: trace = 0.3952758527403405 (0.00287903% change)
    iteration   12: trace = 0.3952716246382744 (0.00106966% change)
    iteration   13: trace = 0.3952702112071309 (0.000357585% change)
    iteration   14: trace = 0.395269325860576 (0.000223985% change)
    iteration   15: trace = 0.39526904099939 (7.20676e-05% change)
    iteration   16: trace = 0.3952689423534044 (2.49567e-05% change)
    iteration   17: trace = 0.3952689208369332 (5.4435e-06% change)
    iteration   18: trace = 0.3952689136754078 (1.81181e-06% change)
    iteration   19: trace = 0.3952689113719485 (5.82758e-07% change)
    iteration   20: trace = 0.3952689102474063 (2.84501e-07% change)
    iteration   21: trace = 0.3952689098346107 (1.04434e-07% change)
    iteration   22: trace = 0.3952689097180507 (2.94888e-08% change)
    iteration   23: trace = 0.3952689096892241 (7.2929e-09% change)
Finished solving for bands 1 to 6 after 23 iterations.
tefreqs:, 1, -0.09, 0.14, 0, 0.143178, 0.0644876, 0.14891, 0.171585, 0.300853, 0.322476, 0.380777
elapsed time for k point: 2.135254383087158
total elapsed time for run: 2.1635324954986572
done
Initializing eigensolver data
Computing 6 bands with 1e-10 tolerance
Working in 2 dimensions.
Grid size is 288 x 96 x 1.
Solving for 6 bands at a time.
Creating Maxwell data...
Mesh size is 3.
Lattice vectors:
     (3, 0, 0)
     (0, 1, 0)
     (0, 0, 1)
Cell volume = 3
Reciprocal lattice vectors (/ 2 pi):
     (0.333333, -0, 0)
     (-0, 1, -0)
     (0, -0, 1)
Geometric objects:
     block, center = (0,0,0)
          size (1e+20,1e+20,1)
          axes (1,0,0), (0,1,0), (0,0,1)
     prism, center = (0.000894427,-1.38778e-17,0.5)
          height 1, axis (0,0,1), sidewall angle: 0 radians, 4 vertices:
          (0.250894,0.25,0)
          (-0.249106,0.25,0)
          (-0.249106,-0.25,0)
          (0.250894,-0.25,0)
     prism, center = (1.0011,-1.38778e-17,0.5)
          height 1, axis (0,0,1), sidewall angle: 0 radians, 4 vertices:
          (1.2511,0.25,0)
          (0.751102,0.25,0)
          (0.751102,-0.25,0)
          (1.2511,-0.25,0)
     prism, center = (1.998,-1.38778e-17,0.5)
          height 1, axis (0,0,1), sidewall angle: 0 radians, 4 vertices:
          (2.248,0.25,0)
          (1.748,0.25,0)
          (1.748,-0.25,0)
          (2.248,-0.25,0)
Geometric object tree has depth 2 and 21 object nodes (vs. 4 actual objects)
Initializing epsilon function...
Allocating fields...
Solving for band polarization: te.
Initializing fields to random numbers...
1 k-points
  Vector3<-0.09, 0.14, 0.0>
elapsed time for initialization: 0.036757707595825195
solve_kpoint (-0.09,0.14,0):
tefreqs:, k index, k1, k2, k3, kmag/2pi, te band 1, te band 2, te band 3, te band 4, te band 5, te band 6
Solving for bands 1 to 6...
    near maximum in trace
    iteration    1: trace = 1.856974382183184 (199.742% change)
    iteration    2: trace = 0.4828480849076984 (117.456% change)
    iteration    3: trace = 0.4264633692517963 (12.4016% change)
    iteration    4: trace = 0.4081499286074712 (4.38849% change)
    iteration    5: trace = 0.402225283985267 (1.4622% change)
    iteration    6: trace = 0.3986282986770607 (0.898288% change)
    iteration    7: trace = 0.397011589468871 (0.406392% change)
    iteration    8: trace = 0.3957058010470633 (0.329446% change)
    iteration    9: trace = 0.3954151232813605 (0.073485% change)
    iteration   10: trace = 0.3953165661773675 (0.0249281% change)
    iteration   11: trace = 0.3952956033642059 (0.00530293% change)
    iteration   12: trace = 0.3952856822920758 (0.00250982% change)
    iteration   13: trace = 0.3952822651455247 (0.000864479% change)
    iteration   14: trace = 0.3952800572671862 (0.000558559% change)
    iteration   15: trace = 0.3952793758458505 (0.00017239% change)
    iteration   16: trace = 0.3952791814532316 (4.91786e-05% change)
    iteration   17: trace = 0.3952791476285809 (8.55715e-06% change)
    iteration   18: trace = 0.3952791384977574 (2.30997e-06% change)
    iteration   19: trace = 0.3952791364649049 (5.14283e-07% change)
    iteration   20: trace = 0.3952791357600014 (1.78331e-07% change)
    iteration   21: trace = 0.3952791354427508 (8.02599e-08% change)
    iteration   22: trace = 0.3952791353245927 (2.98923e-08% change)
    iteration   23: trace = 0.3952791352912546 (8.43408e-09% change)
Finished solving for bands 1 to 6 after 23 iterations.
tefreqs:, 1, -0.09, 0.14, 0, 0.143178, 0.0644906, 0.14891, 0.171587, 0.30085, 0.322477, 0.380791
elapsed time for k point: 2.795152187347412
total elapsed time for run: 2.8320491313934326
done
Initializing eigensolver data
Computing 6 bands with 1e-10 tolerance
Working in 2 dimensions.
Grid size is 288 x 96 x 1.
Solving for 6 bands at a time.
Creating Maxwell data...
Mesh size is 3.
Lattice vectors:
     (3, 0, 0)
     (0, 1, 0)
     (0, 0, 1)
Cell volume = 3
Reciprocal lattice vectors (/ 2 pi):
     (0.333333, -0, 0)
     (-0, 1, -0)
     (0, -0, 1)
Geometric objects:
     block, center = (0,0,0)
          size (1e+20,1e+20,1)
          axes (1,0,0), (0,1,0), (0,0,1)
     prism, center = (0.0005,-1.38778e-17,0.5)
          height 1, axis (0,0,1), sidewall angle: 0 radians, 4 vertices:
          (0.2505,0.25,0)
          (-0.2495,0.25,0)
          (-0.2495,-0.25,0)
          (0.2505,-0.25,0)
     prism, center = (1,-1.38778e-17,0.5)
          height 1, axis (0,0,1), sidewall angle: 0 radians, 4 vertices:
          (1.25,0.25,0)
          (0.75,0.25,0)
          (0.75,-0.25,0)
          (1.25,-0.25,0)
     prism, center = (2,-1.38778e-17,0.5)
          height 1, axis (0,0,1), sidewall angle: 0 radians, 4 vertices:
          (2.25,0.25,0)
          (1.75,0.25,0)
          (1.75,-0.25,0)
          (2.25,-0.25,0)
Geometric object tree has depth 2 and 21 object nodes (vs. 4 actual objects)
Initializing epsilon function...
Allocating fields...
Solving for band polarization: te.
Initializing fields to random numbers...
1 k-points
  Vector3<-0.09, 0.14, 0.0>
elapsed time for initialization: 0.028552532196044922
solve_kpoint (-0.09,0.14,0):
tefreqs:, k index, k1, k2, k3, kmag/2pi, te band 1, te band 2, te band 3, te band 4, te band 5, te band 6
Solving for bands 1 to 6...
    near maximum in trace
    iteration    1: trace = 2.035192363212585 (199.719% change)
    iteration    2: trace = 0.5104737080867203 (119.789% change)
    iteration    3: trace = 0.4472258254174281 (13.2083% change)
    iteration    4: trace = 0.4258881263006821 (4.88772% change)
    iteration    5: trace = 0.4204684341355625 (1.28071% change)
    iteration    6: trace = 0.4180815139778074 (0.569297% change)
    iteration    7: trace = 0.4161926921035055 (0.452806% change)
    large trace change predicted (2.99813%)
    iteration    8: trace = 0.4090853957922836 (1.7224% change)
    iteration    9: trace = 0.4025978823779661 (1.59853% change)
    iteration   10: trace = 0.3982584736856061 (1.08369% change)
    iteration   11: trace = 0.3968508845549423 (0.354062% change)
    iteration   12: trace = 0.396106860263792 (0.187658% change)
    iteration   13: trace = 0.3958133766936213 (0.0741195% change)
    iteration   14: trace = 0.3956825046492998 (0.0330695% change)
    iteration   15: trace = 0.3956448430873785 (0.00951858% change)
    iteration   16: trace = 0.3956336199622186 (0.00283671% change)
    iteration   17: trace = 0.3956310350223923 (0.000653369% change)
    iteration   18: trace = 0.3956302407556392 (0.00020076% change)
    iteration   19: trace = 0.3956298901166701 (8.8628e-05% change)
    iteration   20: trace = 0.3956297145658563 (4.43725e-05% change)
    iteration   21: trace = 0.3956296528957239 (1.55878e-05% change)
    iteration   22: trace = 0.3956296368632573 (4.05239e-06% change)
    iteration   23: trace = 0.3956296321074607 (1.20208e-06% change)
    iteration   24: trace = 0.395629630998805 (2.80226e-07% change)
    iteration   25: trace = 0.3956296305780622 (1.06348e-07% change)
    iteration   26: trace = 0.3956296303927229 (4.68467e-08% change)
    iteration   27: trace = 0.3956296302739644 (3.00176e-08% change)
    iteration   28: trace = 0.3956296302372556 (9.27858e-09% change)
Finished solving for bands 1 to 6 after 28 iterations.
tefreqs:, 1, -0.09, 0.14, 0, 0.143178, 0.0645271, 0.148947, 0.171614, 0.300955, 0.322577, 0.381051
elapsed time for k point: 3.6487350463867188
total elapsed time for run: 3.6774115562438965
done
Initializing eigensolver data
Computing 6 bands with 1e-10 tolerance
Working in 2 dimensions.
Grid size is 288 x 96 x 1.
Solving for 6 bands at a time.
Creating Maxwell data...
Mesh size is 3.
Lattice vectors:
     (3, 0, 0)
     (0, 1, 0)
     (0, 0, 1)
Cell volume = 3
Reciprocal lattice vectors (/ 2 pi):
     (0.333333, -0, 0)
     (-0, 1, -0)
     (0, -0, 1)
Geometric objects:
     block, center = (0,0,0)
          size (1e+20,1e+20,1)
          axes (1,0,0), (0,1,0), (0,0,1)
     prism, center = (-0.0005,-1.38778e-17,0.5)
          height 1, axis (0,0,1), sidewall angle: 0 radians, 4 vertices:
          (0.2495,0.25,0)
          (-0.2505,0.25,0)
          (-0.2505,-0.25,0)
          (0.2495,-0.25,0)
     prism, center = (1,-1.38778e-17,0.5)
          height 1, axis (0,0,1), sidewall angle: 0 radians, 4 vertices:
          (1.25,0.25,0)
          (0.75,0.25,0)
          (0.75,-0.25,0)
          (1.25,-0.25,0)
     prism, center = (2,-1.38778e-17,0.5)
          height 1, axis (0,0,1), sidewall angle: 0 radians, 4 vertices:
          (2.25,0.25,0)
          (1.75,0.25,0)
          (1.75,-0.25,0)
          (2.25,-0.25,0)
Geometric object tree has depth 2 and 21 object nodes (vs. 4 actual objects)
Initializing epsilon function...
Allocating fields...
Solving for band polarization: te.
Initializing fields to random numbers...
1 k-points
  Vector3<-0.09, 0.14, 0.0>
elapsed time for initialization: 0.02860426902770996
solve_kpoint (-0.09,0.14,0):
tefreqs:, k index, k1, k2, k3, kmag/2pi, te band 1, te band 2, te band 3, te band 4, te band 5, te band 6
Solving for bands 1 to 6...
    near maximum in trace
    iteration    1: trace = 2.028834713452261 (199.72% change)
    iteration    2: trace = 0.4886370393865098 (122.361% change)
    iteration    3: trace = 0.4270667864642814 (13.4476% change)
    iteration    4: trace = 0.4066241730910993 (4.90412% change)
    iteration    5: trace = 0.4011917670887063 (1.34496% change)
    iteration    6: trace = 0.3979423086733001 (0.813245% change)
    iteration    7: trace = 0.3966465746723967 (0.326139% change)
    iteration    8: trace = 0.3959163604829096 (0.184267% change)
    iteration    9: trace = 0.3957556380466043 (0.0406033% change)
    iteration   10: trace = 0.3956931954550478 (0.0157793% change)
    iteration   11: trace = 0.3956745046584096 (0.00472367% change)
    iteration   12: trace = 0.3956616681420727 (0.00324426% change)
    iteration   13: trace = 0.3956567064466354 (0.00125403% change)
    iteration   14: trace = 0.3956549724015361 (0.000438271% change)
    iteration   15: trace = 0.3956547047606171 (6.76451e-05% change)
    iteration   16: trace = 0.3956546372519111 (1.70625e-05% change)
    iteration   17: trace = 0.3956546198125234 (4.40773e-06% change)
    iteration   18: trace = 0.3956546119996131 (1.97468e-06% change)
    iteration   19: trace = 0.3956546087040337 (8.32944e-07% change)
    iteration   20: trace = 0.3956546072561296 (3.65952e-07% change)
    iteration   21: trace = 0.3956546068316819 (1.07277e-07% change)
    iteration   22: trace = 0.3956546067372574 (2.38654e-08% change)
    iteration   23: trace = 0.3956546067132102 (6.07783e-09% change)
Finished solving for bands 1 to 6 after 23 iterations.
tefreqs:, 1, -0.09, 0.14, 0, 0.143178, 0.0645286, 0.148948, 0.17162, 0.300964, 0.322591, 0.381062
elapsed time for k point: 2.0254628658294678
total elapsed time for run: 2.054145336151123
done
Initializing eigensolver data
Computing 6 bands with 1e-10 tolerance
Working in 2 dimensions.
Grid size is 288 x 96 x 1.
Solving for 6 bands at a time.
Creating Maxwell data...
Mesh size is 3.
Lattice vectors:
     (3, 0, 0)
     (0, 1, 0)
     (0, 0, 1)
Cell volume = 3
Reciprocal lattice vectors (/ 2 pi):
     (0.333333, -0, 0)
     (-0, 1, -0)
     (0, -0, 1)
Geometric objects:
     block, center = (0,0,0)
          size (1e+20,1e+20,1)
          axes (1,0,0), (0,1,0), (0,0,1)
     prism, center = (-2.08167e-17,-1.38778e-17,0.5)
          height 1, axis (0,0,1), sidewall angle: 0 radians, 4 vertices:
          (0.25,0.25,0)
          (-0.25,0.25,0)
          (-0.25,-0.25,0)
          (0.25,-0.25,0)
     prism, center = (1.0005,-1.38778e-17,0.5)
          height 1, axis (0,0,1), sidewall angle: 0 radians, 4 vertices:
          (1.2505,0.25,0)
          (0.7505,0.25,0)
          (0.7505,-0.25,0)
          (1.2505,-0.25,0)
     prism, center = (2,-1.38778e-17,0.5)
          height 1, axis (0,0,1), sidewall angle: 0 radians, 4 vertices:
          (2.25,0.25,0)
          (1.75,0.25,0)
          (1.75,-0.25,0)
          (2.25,-0.25,0)
Geometric object tree has depth 2 and 21 object nodes (vs. 4 actual objects)
Initializing epsilon function...
Allocating fields...
Solving for band polarization: te.
Initializing fields to random numbers...
1 k-points
  Vector3<-0.09, 0.14, 0.0>
elapsed time for initialization: 0.03084397315979004
solve_kpoint (-0.09,0.14,0):
tefreqs:, k index, k1, k2, k3, kmag/2pi, te band 1, te band 2, te band 3, te band 4, te band 5, te band 6
Solving for bands 1 to 6...
    near maximum in trace
    iteration    1: trace = 2.020252741668757 (199.721% change)
    iteration    2: trace = 0.5836867802088466 (110.338% change)
    iteration    3: trace = 0.4464756162178515 (26.6387% change)
    iteration    4: trace = 0.4267158749043812 (4.52587% change)
    iteration    5: trace = 0.4147553705139194 (2.84276% change)
    iteration    6: trace = 0.4080636321138299 (1.62654% change)
    iteration    7: trace = 0.400989014178279 (1.74886% change)
    iteration    8: trace = 0.3975337429946733 (0.865416% change)
    iteration    9: trace = 0.3958815469449922 (0.416477% change)
    iteration   10: trace = 0.3955378135959462 (0.086865% change)
    iteration   11: trace = 0.3954072270085696 (0.0330204% change)
    iteration   12: trace = 0.3953584215802538 (0.0123438% change)
    iteration   13: trace = 0.395328831421481 (0.00748467% change)
    iteration   14: trace = 0.3953200494273438 (0.00222147% change)
    iteration   15: trace = 0.3953168842731806 (0.000800659% change)
    iteration   16: trace = 0.3953161663099052 (0.000181617% change)
    iteration   17: trace = 0.3953158840131053 (7.14104e-05% change)
    iteration   18: trace = 0.395315777660478 (2.69032e-05% change)
    iteration   19: trace = 0.3953157187180946 (1.49102e-05% change)
    iteration   20: trace = 0.3953156987007714 (5.06363e-06% change)
    iteration   21: trace = 0.395315693607788 (1.28833e-06% change)
    iteration   22: trace = 0.3953156926275241 (2.4797e-07% change)
    iteration   23: trace = 0.395315692407092 (5.5761e-08% change)
    iteration   24: trace = 0.3953156923330547 (1.87286e-08% change)
    iteration   25: trace = 0.3953156923058964 (6.87005e-09% change)
Finished solving for bands 1 to 6 after 25 iterations.
tefreqs:, 1, -0.09, 0.14, 0, 0.143178, 0.0644941, 0.148915, 0.171589, 0.300865, 0.322487, 0.380814
elapsed time for k point: 2.1966328620910645
total elapsed time for run: 2.2275912761688232
done
Initializing eigensolver data
Computing 6 bands with 1e-10 tolerance
Working in 2 dimensions.
Grid size is 288 x 96 x 1.
Solving for 6 bands at a time.
Creating Maxwell data...
Mesh size is 3.
Lattice vectors:
     (3, 0, 0)
     (0, 1, 0)
     (0, 0, 1)
Cell volume = 3
Reciprocal lattice vectors (/ 2 pi):
     (0.333333, -0, 0)
     (-0, 1, -0)
     (0, -0, 1)
Geometric objects:
     block, center = (0,0,0)
          size (1e+20,1e+20,1)
          axes (1,0,0), (0,1,0), (0,0,1)
     prism, center = (-2.08167e-17,-1.38778e-17,0.5)
          height 1, axis (0,0,1), sidewall angle: 0 radians, 4 vertices:
          (0.25,0.25,0)
          (-0.25,0.25,0)
          (-0.25,-0.25,0)
          (0.25,-0.25,0)
     prism, center = (0.9995,-1.38778e-17,0.5)
          height 1, axis (0,0,1), sidewall angle: 0 radians, 4 vertices:
          (1.2495,0.25,0)
          (0.7495,0.25,0)
          (0.7495,-0.25,0)
          (1.2495,-0.25,0)
     prism, center = (2,-1.38778e-17,0.5)
          height 1, axis (0,0,1), sidewall angle: 0 radians, 4 vertices:
          (2.25,0.25,0)
          (1.75,0.25,0)
          (1.75,-0.25,0)
          (2.25,-0.25,0)
Geometric object tree has depth 2 and 21 object nodes (vs. 4 actual objects)
Initializing epsilon function...
Allocating fields...
Solving for band polarization: te.
Initializing fields to random numbers...
1 k-points
  Vector3<-0.09, 0.14, 0.0>
elapsed time for initialization: 0.031435489654541016
solve_kpoint (-0.09,0.14,0):
tefreqs:, k index, k1, k2, k3, kmag/2pi, te band 1, te band 2, te band 3, te band 4, te band 5, te band 6
Solving for bands 1 to 6...
    near maximum in trace
    iteration    1: trace = 2.034912228304661 (199.719% change)
    iteration    2: trace = 0.5245049598483528 (118.027% change)
    iteration    3: trace = 0.4514219392165993 (14.9772% change)
    iteration    4: trace = 0.4253879596423988 (5.93834% change)
    iteration    5: trace = 0.4151328155749982 (2.44019% change)
    iteration    6: trace = 0.4071981016041419 (1.92981% change)
    iteration    7: trace = 0.4027147824266177 (1.10711% change)
    iteration    8: trace = 0.3984127896876962 (1.07398% change)
    iteration    9: trace = 0.3965460402446379 (0.469647% change)
    iteration   10: trace = 0.3956833990469193 (0.217776% change)
    iteration   11: trace = 0.3954771652923224 (0.0521345% change)
    iteration   12: trace = 0.3953756402843023 (0.0256748% change)
    iteration   13: trace = 0.3953388818744902 (0.00929752% change)
    iteration   14: trace = 0.395321702028081 (0.00434569% change)
    iteration   15: trace = 0.3953174790188859 (0.00106825% change)
    iteration   16: trace = 0.3953162039282613 (0.000322549% change)
    iteration   17: trace = 0.3953159392486534 (6.69539e-05% change)
    iteration   18: trace = 0.3953158744937287 (1.63806e-05% change)
    iteration   19: trace = 0.3953158526989761 (5.51325e-06% change)
    iteration   20: trace = 0.3953158383153098 (3.63853e-06% change)
    iteration   21: trace = 0.3953158322435996 (1.53591e-06% change)
    iteration   22: trace = 0.3953158305657701 (4.24428e-07% change)
    iteration   23: trace = 0.3953158301550183 (1.03905e-07% change)
    iteration   24: trace = 0.3953158300611978 (2.3733e-08% change)
    iteration   25: trace = 0.3953158300270589 (8.63586e-09% change)
Finished solving for bands 1 to 6 after 25 iterations.
tefreqs:, 1, -0.09, 0.14, 0, 0.143178, 0.0644941, 0.148915, 0.171589, 0.300865, 0.322487, 0.380815
elapsed time for k point: 2.869394540786743
total elapsed time for run: 2.9010095596313477
done
Initializing eigensolver data
Computing 6 bands with 1e-10 tolerance
Working in 2 dimensions.
Grid size is 288 x 96 x 1.
Solving for 6 bands at a time.
Creating Maxwell data...
Mesh size is 3.
Lattice vectors:
     (3, 0, 0)
     (0, 1, 0)
     (0, 0, 1)
Cell volume = 3
Reciprocal lattice vectors (/ 2 pi):
     (0.333333, -0, 0)
     (-0, 1, -0)
     (0, -0, 1)
Geometric objects:
     block, center = (0,0,0)
          size (1e+20,1e+20,1)
          axes (1,0,0), (0,1,0), (0,0,1)
     prism, center = (-2.08167e-17,-1.38778e-17,0.5)
          height 1, axis (0,0,1), sidewall angle: 0 radians, 4 vertices:
          (0.25,0.25,0)
          (-0.25,0.25,0)
          (-0.25,-0.25,0)
          (0.25,-0.25,0)
     prism, center = (1,-1.38778e-17,0.5)
          height 1, axis (0,0,1), sidewall angle: 0 radians, 4 vertices:
          (1.25,0.25,0)
          (0.75,0.25,0)
          (0.75,-0.25,0)
          (1.25,-0.25,0)
     prism, center = (2.0005,-1.38778e-17,0.5)
          height 1, axis (0,0,1), sidewall angle: 0 radians, 4 vertices:
          (2.2505,0.25,0)
          (1.7505,0.25,0)
          (1.7505,-0.25,0)
          (2.2505,-0.25,0)
Geometric object tree has depth 2 and 21 object nodes (vs. 4 actual objects)
Initializing epsilon function...
Allocating fields...
Solving for band polarization: te.
Initializing fields to random numbers...
1 k-points
  Vector3<-0.09, 0.14, 0.0>
elapsed time for initialization: 0.04329490661621094
solve_kpoint (-0.09,0.14,0):
tefreqs:, k index, k1, k2, k3, kmag/2pi, te band 1, te band 2, te band 3, te band 4, te band 5, te band 6
Solving for bands 1 to 6...
    near maximum in trace
    iteration    1: trace = 2.248371486853808 (199.687% change)
    iteration    2: trace = 0.5860034336614256 (117.301% change)
    iteration    3: trace = 0.4223238751842089 (32.4656% change)
    iteration    4: trace = 0.4056117114873268 (4.03707% change)
    iteration    5: trace = 0.3987516432547694 (1.70571% change)
    iteration    6: trace = 0.3971695893176499 (0.39754% change)
    iteration    7: trace = 0.3960282930563165 (0.287771% change)
    iteration    8: trace = 0.3955822029063922 (0.112704% change)
    iteration    9: trace = 0.3953716736313426 (0.0532343% change)
    iteration   10: trace = 0.3953362168417058 (0.00896837% change)
    iteration   11: trace = 0.3953226296957311 (0.00343692% change)
    iteration   12: trace = 0.3953183767099576 (0.00107583% change)
    iteration   13: trace = 0.3953156350310333 (0.000693539% change)
    iteration   14: trace = 0.3953147629579153 (0.000220602% change)
    iteration   15: trace = 0.3953144827568103 (7.08805e-05% change)
    iteration   16: trace = 0.3953144253024671 (1.45338e-05% change)
    iteration   17: trace = 0.3953144039159784 (5.40999e-06% change)
    iteration   18: trace = 0.395314396090961 (1.97944e-06% change)
    iteration   19: trace = 0.3953143924477303 (9.21603e-07% change)
    iteration   20: trace = 0.3953143910521132 (3.5304e-07% change)
    iteration   21: trace = 0.3953143906496749 (1.01802e-07% change)
    iteration   22: trace = 0.3953143905735603 (1.92542e-08% change)
    iteration   23: trace = 0.3953143905604293 (3.32166e-09% change)
Finished solving for bands 1 to 6 after 23 iterations.
tefreqs:, 1, -0.09, 0.14, 0, 0.143178, 0.0644941, 0.148915, 0.171589, 0.300864, 0.322486, 0.380815
elapsed time for k point: 2.6128885746002197
total elapsed time for run: 2.65628981590271
done
Initializing eigensolver data
Computing 6 bands with 1e-10 tolerance
Working in 2 dimensions.
Grid size is 288 x 96 x 1.
Solving for 6 bands at a time.
Creating Maxwell data...
Mesh size is 3.
Lattice vectors:
     (3, 0, 0)
     (0, 1, 0)
     (0, 0, 1)
Cell volume = 3
Reciprocal lattice vectors (/ 2 pi):
     (0.333333, -0, 0)
     (-0, 1, -0)
     (0, -0, 1)
Geometric objects:
     block, center = (0,0,0)
          size (1e+20,1e+20,1)
          axes (1,0,0), (0,1,0), (0,0,1)
     prism, center = (-2.08167e-17,-1.38778e-17,0.5)
          height 1, axis (0,0,1), sidewall angle: 0 radians, 4 vertices:
          (0.25,0.25,0)
          (-0.25,0.25,0)
          (-0.25,-0.25,0)
          (0.25,-0.25,0)
     prism, center = (1,-1.38778e-17,0.5)
          height 1, axis (0,0,1), sidewall angle: 0 radians, 4 vertices:
          (1.25,0.25,0)
          (0.75,0.25,0)
          (0.75,-0.25,0)
          (1.25,-0.25,0)
     prism, center = (1.9995,-1.38778e-17,0.5)
          height 1, axis (0,0,1), sidewall angle: 0 radians, 4 vertices:
          (2.2495,0.25,0)
          (1.7495,0.25,0)
          (1.7495,-0.25,0)
          (2.2495,-0.25,0)
Geometric object tree has depth 2 and 21 object nodes (vs. 4 actual objects)
Initializing epsilon function...
Allocating fields...
Solving for band polarization: te.
Initializing fields to random numbers...
1 k-points
  Vector3<-0.09, 0.14, 0.0>
elapsed time for initialization: 0.06312823295593262
solve_kpoint (-0.09,0.14,0):
tefreqs:, k index, k1, k2, k3, kmag/2pi, te band 1, te band 2, te band 3, te band 4, te band 5, te band 6
Solving for bands 1 to 6...
    near maximum in trace
    iteration    1: trace = 2.150100975859187 (199.704% change)
    iteration    2: trace = 0.5559924175166914 (117.816% change)
    iteration    3: trace = 0.4691694045292546 (16.9384% change)
    iteration    4: trace = 0.432312387910499 (8.17699% change)
    iteration    5: trace = 0.4160929378285307 (3.82351% change)
    iteration    6: trace = 0.4059566404491961 (2.4661% change)
    iteration    7: trace = 0.4015735884150072 (1.08555% change)
    iteration    8: trace = 0.3978730170539444 (0.925783% change)
    iteration    9: trace = 0.3962971313379587 (0.396863% change)
    iteration   10: trace = 0.3955641596732262 (0.185126% change)
    iteration   11: trace = 0.3954135337627313 (0.038086% change)
    iteration   12: trace = 0.3953526838418175 (0.0153901% change)
    iteration   13: trace = 0.395332118224632 (0.00520198% change)
    iteration   14: trace = 0.3953199622820355 (0.00307492% change)
    iteration   15: trace = 0.395316090962989 (0.000979292% change)
    iteration   16: trace = 0.3953146865746225 (0.000355258% change)
    iteration   17: trace = 0.3953143607502904 (8.24215e-05% change)
    iteration   18: trace = 0.3953142499732548 (2.80225e-05% change)
    iteration   19: trace = 0.3953142124214564 (9.49923e-06% change)
    iteration   20: trace = 0.395314189180187 (5.87919e-06% change)
    iteration   21: trace = 0.3953141824183979 (1.71048e-06% change)
    iteration   22: trace = 0.3953141803962369 (5.11533e-07% change)
    iteration   23: trace = 0.3953141799935692 (1.0186e-07% change)
    iteration   24: trace = 0.3953141799139228 (2.01476e-08% change)
    iteration   25: trace = 0.3953141798949948 (4.7881e-09% change)
Finished solving for bands 1 to 6 after 25 iterations.
tefreqs:, 1, -0.09, 0.14, 0, 0.143178, 0.0644941, 0.148915, 0.171589, 0.300864, 0.322486, 0.380814
elapsed time for k point: 2.31878399848938
total elapsed time for run: 2.382000684738159
done
Initializing eigensolver data
Computing 6 bands with 1e-10 tolerance
Working in 2 dimensions.
Grid size is 288 x 96 x 1.
Solving for 6 bands at a time.
Creating Maxwell data...
Mesh size is 3.
Lattice vectors:
     (3, 0, 0)
     (0, 1, 0)
     (0, 0, 1)
Cell volume = 3
Reciprocal lattice vectors (/ 2 pi):
     (0.333333, -0, 0)
     (-0, 1, -0)
     (0, -0, 1)
Geometric objects:
     block, center = (0,0,0)
          size (1e+20,1e+20,1)
          axes (1,0,0), (0,1,0), (0,0,1)
     prism, center = (0.001,-1.38778e-17,0.5)
          height 1, axis (0,0,1), sidewall angle: 0 radians, 4 vertices:
          (0.251,0.25,0)
          (-0.249,0.25,0)
          (-0.249,-0.25,0)
          (0.251,-0.25,0)
     prism, center = (1,-1.38778e-17,0.5)
          height 1, axis (0,0,1), sidewall angle: 0 radians, 4 vertices:
          (1.25,0.25,0)
          (0.75,0.25,0)
          (0.75,-0.25,0)
          (1.25,-0.25,0)
     prism, center = (2,-1.38778e-17,0.5)
          height 1, axis (0,0,1), sidewall angle: 0 radians, 4 vertices:
          (2.25,0.25,0)
          (1.75,0.25,0)
          (1.75,-0.25,0)
          (2.25,-0.25,0)
Geometric object tree has depth 2 and 21 object nodes (vs. 4 actual objects)
Initializing epsilon function...
Allocating fields...
Solving for band polarization: te.
Initializing fields to random numbers...
1 k-points
  Vector3<-0.09, 0.14, 0.0>
elapsed time for initialization: 0.039000749588012695
solve_kpoint (-0.09,0.14,0):
tefreqs:, k index, k1, k2, k3, kmag/2pi, te band 1, te band 2, te band 3, te band 4, te band 5, te band 6
Solving for bands 1 to 6...
    near maximum in trace
    iteration    1: trace = 2.364428525224085 (199.674% change)
    iteration    2: trace = 0.5248673116811529 (127.336% change)
    iteration    3: trace = 0.4461687800289768 (16.2092% change)
    iteration    4: trace = 0.422100604745148 (5.54394% change)
    iteration    5: trace = 0.4129648935901966 (2.18802% change)
    iteration    6: trace = 0.4053573388376345 (1.85931% change)
    iteration    7: trace = 0.4005836921597088 (1.18461% change)
    iteration    8: trace = 0.3971635191735839 (0.857458% change)
    iteration    9: trace = 0.3961245643376251 (0.261936% change)
    iteration   10: trace = 0.3957446057527523 (0.095965% change)
    iteration   11: trace = 0.3956712494678684 (0.018538% change)
    iteration   12: trace = 0.3956473651574766 (0.00603658% change)
    iteration   13: trace = 0.3956399213863921 (0.00188143% change)
    iteration   14: trace = 0.39563562350377 (0.00108632% change)
    iteration   15: trace = 0.3956339842822131 (0.000414327% change)
    iteration   16: trace = 0.3956333613928437 (0.000157441% change)
    iteration   17: trace = 0.3956331959078589 (4.18279e-05% change)
    iteration   18: trace = 0.3956331392802249 (1.43132e-05% change)
    iteration   19: trace = 0.3956331169644082 (5.64053e-06% change)
    iteration   20: trace = 0.3956331049825044 (3.02854e-06% change)
    iteration   21: trace = 0.3956331004637414 (1.14216e-06% change)
    iteration   22: trace = 0.3956330993807913 (2.73726e-07% change)
    iteration   23: trace = 0.3956330991354924 (6.20016e-08% change)
    iteration   24: trace = 0.3956330990920977 (1.09684e-08% change)
    iteration   25: trace = 0.3956330990794582 (3.19475e-09% change)
Finished solving for bands 1 to 6 after 25 iterations.
tefreqs:, 1, -0.09, 0.14, 0, 0.143178, 0.0645274, 0.148947, 0.171615, 0.300955, 0.322578, 0.381053
elapsed time for k point: 2.6471312046051025
total elapsed time for run: 2.6862099170684814
done
Initializing eigensolver data
Computing 6 bands with 1e-10 tolerance
Working in 2 dimensions.
Grid size is 288 x 96 x 1.
Solving for 6 bands at a time.
Creating Maxwell data...
Mesh size is 3.
Lattice vectors:
     (3, 0, 0)
     (0, 1, 0)
     (0, 0, 1)
Cell volume = 3
Reciprocal lattice vectors (/ 2 pi):
     (0.333333, -0, 0)
     (-0, 1, -0)
     (0, -0, 1)
Geometric objects:
     block, center = (0,0,0)
          size (1e+20,1e+20,1)
          axes (1,0,0), (0,1,0), (0,0,1)
     prism, center = (-0.001,-1.38778e-17,0.5)
          height 1, axis (0,0,1), sidewall angle: 0 radians, 4 vertices:
          (0.249,0.25,0)
          (-0.251,0.25,0)
          (-0.251,-0.25,0)
          (0.249,-0.25,0)
     prism, center = (1,-1.38778e-17,0.5)
          height 1, axis (0,0,1), sidewall angle: 0 radians, 4 vertices:
          (1.25,0.25,0)
          (0.75,0.25,0)
          (0.75,-0.25,0)
          (1.25,-0.25,0)
     prism, center = (2,-1.38778e-17,0.5)
          height 1, axis (0,0,1), sidewall angle: 0 radians, 4 vertices:
          (2.25,0.25,0)
          (1.75,0.25,0)
          (1.75,-0.25,0)
          (2.25,-0.25,0)
Geometric object tree has depth 2 and 21 object nodes (vs. 4 actual objects)
Initializing epsilon function...
Allocating fields...
Solving for band polarization: te.
Initializing fields to random numbers...
1 k-points
  Vector3<-0.09, 0.14, 0.0>
elapsed time for initialization: 0.028285980224609375
solve_kpoint (-0.09,0.14,0):
tefreqs:, k index, k1, k2, k3, kmag/2pi, te band 1, te band 2, te band 3, te band 4, te band 5, te band 6
Solving for bands 1 to 6...
    near maximum in trace
    iteration    1: trace = 2.166918854517488 (199.699% change)
    iteration    2: trace = 0.5717546757543563 (116.492% change)
    iteration    3: trace = 0.4428237632899899 (25.4157% change)
    iteration    4: trace = 0.4217689040131037 (4.87047% change)
    iteration    5: trace = 0.4125202887479335 (2.21712% change)
    iteration    6: trace = 0.4077804603151188 (1.15563% change)
    iteration    7: trace = 0.4019965235979961 (1.42853% change)
    iteration    8: trace = 0.3983401713697956 (0.913704% change)
    iteration    9: trace = 0.3964630596316245 (0.472346% change)
    iteration   10: trace = 0.3959393423084804 (0.132185% change)
    iteration   11: trace = 0.3957624767001034 (0.0446799% change)
    iteration   12: trace = 0.3957036924424168 (0.0148545% change)
    iteration   13: trace = 0.3956723727554211 (0.00791525% change)
    iteration   14: trace = 0.3956622652391321 (0.00255455% change)
    iteration   15: trace = 0.3956588803244112 (0.00085551% change)
    iteration   16: trace = 0.3956580521445571 (0.000209317% change)
    iteration   17: trace = 0.395657802129723 (6.31896e-05% change)
    iteration   18: trace = 0.3956577305038592 (1.8103e-05% change)
    iteration   19: trace = 0.3956576985131587 (8.08545e-06% change)
    iteration   20: trace = 0.3956576825803851 (4.02691e-06% change)
    iteration   21: trace = 0.3956576758348531 (1.70489e-06% change)
    iteration   22: trace = 0.3956576742455281 (4.01692e-07% change)
    iteration   23: trace = 0.3956576738768794 (9.31737e-08% change)
    iteration   24: trace = 0.3956576737747022 (2.58246e-08% change)
    iteration   25: trace = 0.3956576737356516 (9.86979e-09% change)
Finished solving for bands 1 to 6 after 25 iterations.
tefreqs:, 1, -0.09, 0.14, 0, 0.143178, 0.0645289, 0.148948, 0.17162, 0.300964, 0.322592, 0.381064
elapsed time for k point: 2.678640604019165
total elapsed time for run: 2.7070000171661377
done
Initializing eigensolver data
Computing 6 bands with 1e-10 tolerance
Working in 2 dimensions.
Grid size is 288 x 96 x 1.
Solving for 6 bands at a time.
Creating Maxwell data...
Mesh size is 3.
Lattice vectors:
     (3, 0, 0)
     (0, 1, 0)
     (0, 0, 1)
Cell volume = 3
Reciprocal lattice vectors (/ 2 pi):
     (0.333333, -0, 0)
     (-0, 1, -0)
     (0, -0, 1)
Geometric objects:
     block, center = (0,0,0)
          size (1e+20,1e+20,1)
          axes (1,0,0), (0,1,0), (0,0,1)
     prism, center = (-2.08167e-17,-1.38778e-17,0.5)
          height 1, axis (0,0,1), sidewall angle: 0 radians, 4 vertices:
          (0.25,0.25,0)
          (-0.25,0.25,0)
          (-0.25,-0.25,0)
          (0.25,-0.25,0)
     prism, center = (1.001,-1.38778e-17,0.5)
          height 1, axis (0,0,1), sidewall angle: 0 radians, 4 vertices:
          (1.251,0.25,0)
          (0.751,0.25,0)
          (0.751,-0.25,0)
          (1.251,-0.25,0)
     prism, center = (2,-1.38778e-17,0.5)
          height 1, axis (0,0,1), sidewall angle: 0 radians, 4 vertices:
          (2.25,0.25,0)
          (1.75,0.25,0)
          (1.75,-0.25,0)
          (2.25,-0.25,0)
Geometric object tree has depth 2 and 21 object nodes (vs. 4 actual objects)
Initializing epsilon function...
Allocating fields...
Solving for band polarization: te.
Initializing fields to random numbers...
1 k-points
  Vector3<-0.09, 0.14, 0.0>
elapsed time for initialization: 0.0282900333404541
solve_kpoint (-0.09,0.14,0):
tefreqs:, k index, k1, k2, k3, kmag/2pi, te band 1, te band 2, te band 3, te band 4, te band 5, te band 6
Solving for bands 1 to 6...
    near maximum in trace
    iteration    1: trace = 2.252910480214607 (199.689% change)
    iteration    2: trace = 0.5497581392297263 (121.538% change)
    iteration    3: trace = 0.4633987396729263 (17.0476% change)
    iteration    4: trace = 0.4317052359621932 (7.08152% change)
    iteration    5: trace = 0.4197219962296056 (2.81486% change)
    iteration    6: trace = 0.4115625058869481 (1.9631% change)
    iteration    7: trace = 0.407233595402469 (1.05738% change)
    iteration    8: trace = 0.4015865652478524 (1.39636% change)
    iteration    9: trace = 0.3979462175853324 (0.910619% change)
    iteration   10: trace = 0.3960115688014803 (0.487343% change)
    iteration   11: trace = 0.3955337517524427 (0.12073% change)
    iteration   12: trace = 0.3953859848858101 (0.0373658% change)
    iteration   13: trace = 0.3953507793903942 (0.00890448% change)
    iteration   14: trace = 0.3953318321575415 (0.00479263% change)
    iteration   15: trace = 0.3953234511828293 (0.00212001% change)
    iteration   16: trace = 0.3953196936471642 (0.000950501% change)
    iteration   17: trace = 0.3953189218569295 (0.000195232% change)
    iteration   18: trace = 0.3953187157830984 (5.21285e-05% change)
    iteration   19: trace = 0.3953186753275877 (1.02336e-05% change)
    iteration   20: trace = 0.3953186609053487 (3.64826e-06% change)
    iteration   21: trace = 0.3953186557259684 (1.31018e-06% change)
    iteration   22: trace = 0.3953186530822098 (6.68766e-07% change)
    iteration   23: trace = 0.3953186523058294 (1.96394e-07% change)
    iteration   24: trace = 0.395318652108227 (4.99856e-08% change)
    iteration   25: trace = 0.3953186520507617 (1.45365e-08% change)
    iteration   26: trace = 0.3953186520327149 (4.56514e-09% change)
Finished solving for bands 1 to 6 after 26 iterations.
tefreqs:, 1, -0.09, 0.14, 0, 0.143178, 0.0644944, 0.148916, 0.17159, 0.300865, 0.322489, 0.380816
elapsed time for k point: 2.7088265419006348
total elapsed time for run: 2.737191915512085
done
Initializing eigensolver data
Computing 6 bands with 1e-10 tolerance
Working in 2 dimensions.
Grid size is 288 x 96 x 1.
Solving for 6 bands at a time.
Creating Maxwell data...
Mesh size is 3.
Lattice vectors:
     (3, 0, 0)
     (0, 1, 0)
     (0, 0, 1)
Cell volume = 3
Reciprocal lattice vectors (/ 2 pi):
     (0.333333, -0, 0)
     (-0, 1, -0)
     (0, -0, 1)
Geometric objects:
     block, center = (0,0,0)
          size (1e+20,1e+20,1)
          axes (1,0,0), (0,1,0), (0,0,1)
     prism, center = (-2.08167e-17,-1.38778e-17,0.5)
          height 1, axis (0,0,1), sidewall angle: 0 radians, 4 vertices:
          (0.25,0.25,0)
          (-0.25,0.25,0)
          (-0.25,-0.25,0)
          (0.25,-0.25,0)
     prism, center = (0.999,-1.38778e-17,0.5)
          height 1, axis (0,0,1), sidewall angle: 0 radians, 4 vertices:
          (1.249,0.25,0)
          (0.749,0.25,0)
          (0.749,-0.25,0)
          (1.249,-0.25,0)
     prism, center = (2,-1.38778e-17,0.5)
          height 1, axis (0,0,1), sidewall angle: 0 radians, 4 vertices:
          (2.25,0.25,0)
          (1.75,0.25,0)
          (1.75,-0.25,0)
          (2.25,-0.25,0)
Geometric object tree has depth 2 and 21 object nodes (vs. 4 actual objects)
Initializing epsilon function...
Allocating fields...
Solving for band polarization: te.
Initializing fields to random numbers...
1 k-points
  Vector3<-0.09, 0.14, 0.0>
elapsed time for initialization: 0.036042213439941406
solve_kpoint (-0.09,0.14,0):
tefreqs:, k index, k1, k2, k3, kmag/2pi, te band 1, te band 2, te band 3, te band 4, te band 5, te band 6
Solving for bands 1 to 6...
    near maximum in trace
    iteration    1: trace = 1.949415310607131 (199.731% change)
    iteration    2: trace = 0.5028217456447601 (117.982% change)
    iteration    3: trace = 0.4335784253548332 (14.7893% change)
    iteration    4: trace = 0.408932244756984 (5.85065% change)
    iteration    5: trace = 0.4017496859832013 (1.77198% change)
    iteration    6: trace = 0.3982547226671046 (0.873736% change)
    iteration    7: trace = 0.3968423264966967 (0.355276% change)
    iteration    8: trace = 0.3957497442084142 (0.275699% change)
    iteration    9: trace = 0.3954603022399369 (0.0731644% change)
    iteration   10: trace = 0.395359449587982 (0.0255059% change)
    iteration   11: trace = 0.3953385580467369 (0.00528433% change)
    iteration   12: trace = 0.3953268777355453 (0.00295455% change)
    iteration   13: trace = 0.39532180385682 (0.00128347% change)
    iteration   14: trace = 0.39531957552194 (0.000563678% change)
    iteration   15: trace = 0.395319144978804 (0.00010891% change)
    iteration   16: trace = 0.3953190170009901 (3.23733e-05% change)
    iteration   17: trace = 0.3953189816923192 (8.93169e-06% change)
    iteration   18: trace = 0.3953189641303951 (4.44247e-06% change)
    iteration   19: trace = 0.3953189570293308 (1.79629e-06% change)
    iteration   20: trace = 0.3953189539606482 (7.76255e-07% change)
    iteration   21: trace = 0.3953189532550426 (1.7849e-07% change)
    iteration   22: trace = 0.3953189531179744 (3.46728e-08% change)
    iteration   23: trace = 0.3953189530900968 (7.05194e-09% change)
Finished solving for bands 1 to 6 after 23 iterations.
tefreqs:, 1, -0.09, 0.14, 0, 0.143178, 0.0644945, 0.148916, 0.17159, 0.300866, 0.322488, 0.380817
elapsed time for k point: 2.290003776550293
total elapsed time for run: 2.326112985610962
done
Initializing eigensolver data
Computing 6 bands with 1e-10 tolerance
Working in 2 dimensions.
Grid size is 288 x 96 x 1.
Solving for 6 bands at a time.
Creating Maxwell data...
Mesh size is 3.
Lattice vectors:
     (3, 0, 0)
     (0, 1, 0)
     (0, 0, 1)
Cell volume = 3
Reciprocal lattice vectors (/ 2 pi):
     (0.333333, -0, 0)
     (-0, 1, -0)
     (0, -0, 1)
Geometric objects:
     block, center = (0,0,0)
          size (1e+20,1e+20,1)
          axes (1,0,0), (0,1,0), (0,0,1)
     prism, center = (-2.08167e-17,-1.38778e-17,0.5)
          height 1, axis (0,0,1), sidewall angle: 0 radians, 4 vertices:
          (0.25,0.25,0)
          (-0.25,0.25,0)
          (-0.25,-0.25,0)
          (0.25,-0.25,0)
     prism, center = (1,-1.38778e-17,0.5)
          height 1, axis (0,0,1), sidewall angle: 0 radians, 4 vertices:
          (1.25,0.25,0)
          (0.75,0.25,0)
          (0.75,-0.25,0)
          (1.25,-0.25,0)
     prism, center = (2.001,-1.38778e-17,0.5)
          height 1, axis (0,0,1), sidewall angle: 0 radians, 4 vertices:
          (2.251,0.25,0)
          (1.751,0.25,0)
          (1.751,-0.25,0)
          (2.251,-0.25,0)
Geometric object tree has depth 2 and 21 object nodes (vs. 4 actual objects)
Initializing epsilon function...
Allocating fields...
Solving for band polarization: te.
Initializing fields to random numbers...
1 k-points
  Vector3<-0.09, 0.14, 0.0>
elapsed time for initialization: 0.027954816818237305
solve_kpoint (-0.09,0.14,0):
tefreqs:, k index, k1, k2, k3, kmag/2pi, te band 1, te band 2, te band 3, te band 4, te band 5, te band 6
Solving for bands 1 to 6...
    near maximum in trace
    iteration    1: trace = 2.183758683448389 (199.699% change)
    iteration    2: trace = 0.5697419626721814 (117.234% change)
    iteration    3: trace = 0.4234095295755614 (29.4683% change)
    iteration    4: trace = 0.4040571671667521 (4.6775% change)
    iteration    5: trace = 0.397114891020059 (1.73303% change)
    iteration    6: trace = 0.3959368037420352 (0.297102% change)
    iteration    7: trace = 0.3955566370389305 (0.0960631% change)
    iteration    8: trace = 0.3954485170305845 (0.0273374% change)
    iteration    9: trace = 0.3953622828040847 (0.0218091% change)
    iteration   10: trace = 0.3953314296424709 (0.00780407% change)
    iteration   11: trace = 0.3953206789498329 (0.00271945% change)
    iteration   12: trace = 0.3953186408966995 (0.000515546% change)
    iteration   13: trace = 0.3953179232284691 (0.000181542% change)
    iteration   14: trace = 0.3953176972768532 (5.7157e-05% change)
    iteration   15: trace = 0.3953175706011741 (3.2044e-05% change)
    iteration   16: trace = 0.395317525973046 (1.12892e-05% change)
    iteration   17: trace = 0.3953175093417338 (4.20708e-06% change)
    iteration   18: trace = 0.3953175061026483 (8.19363e-07% change)
    iteration   19: trace = 0.395317505171221 (2.35615e-07% change)
    iteration   20: trace = 0.3953175049041197 (6.75663e-08% change)
    iteration   21: trace = 0.3953175047664502 (3.4825e-08% change)
    iteration   22: trace = 0.3953175047167196 (1.25799e-08% change)
    iteration   23: trace = 0.3953175046997816 (4.28466e-09% change)
Finished solving for bands 1 to 6 after 23 iterations.
tefreqs:, 1, -0.09, 0.14, 0, 0.143178, 0.0644944, 0.148915, 0.171589, 0.300865, 0.322487, 0.380817
elapsed time for k point: 2.6074042320251465
total elapsed time for run: 2.635424852371216
done
Initializing eigensolver data
Computing 6 bands with 1e-10 tolerance
Working in 2 dimensions.
Grid size is 288 x 96 x 1.
Solving for 6 bands at a time.
Creating Maxwell data...
Mesh size is 3.
Lattice vectors:
     (3, 0, 0)
     (0, 1, 0)
     (0, 0, 1)
Cell volume = 3
Reciprocal lattice vectors (/ 2 pi):
     (0.333333, -0, 0)
     (-0, 1, -0)
     (0, -0, 1)
Geometric objects:
     block, center = (0,0,0)
          size (1e+20,1e+20,1)
          axes (1,0,0), (0,1,0), (0,0,1)
     prism, center = (-2.08167e-17,-1.38778e-17,0.5)
          height 1, axis (0,0,1), sidewall angle: 0 radians, 4 vertices:
          (0.25,0.25,0)
          (-0.25,0.25,0)
          (-0.25,-0.25,0)
          (0.25,-0.25,0)
     prism, center = (1,-1.38778e-17,0.5)
          height 1, axis (0,0,1), sidewall angle: 0 radians, 4 vertices:
          (1.25,0.25,0)
          (0.75,0.25,0)
          (0.75,-0.25,0)
          (1.25,-0.25,0)
     prism, center = (1.999,-1.38778e-17,0.5)
          height 1, axis (0,0,1), sidewall angle: 0 radians, 4 vertices:
          (2.249,0.25,0)
          (1.749,0.25,0)
          (1.749,-0.25,0)
          (2.249,-0.25,0)
Geometric object tree has depth 2 and 21 object nodes (vs. 4 actual objects)
Initializing epsilon function...
Allocating fields...
Solving for band polarization: te.
Initializing fields to random numbers...
1 k-points
  Vector3<-0.09, 0.14, 0.0>
elapsed time for initialization: 0.027959108352661133
solve_kpoint (-0.09,0.14,0):
tefreqs:, k index, k1, k2, k3, kmag/2pi, te band 1, te band 2, te band 3, te band 4, te band 5, te band 6
Solving for bands 1 to 6...
    near maximum in trace
    iteration    1: trace = 1.816328018449012 (199.748% change)
    iteration    2: trace = 0.5115629861896179 (112.098% change)
    iteration    3: trace = 0.4424842097812206 (14.4812% change)
    iteration    4: trace = 0.4153047996883005 (6.33709% change)
    iteration    5: trace = 0.4056731333945284 (2.34639% change)
    iteration    6: trace = 0.4006661085443598 (1.24192% change)
    iteration    7: trace = 0.3983456961775634 (0.580821% change)
    iteration    8: trace = 0.3962872678093103 (0.518083% change)
    iteration    9: trace = 0.3956246296734972 (0.167351% change)
    iteration   10: trace = 0.3953972962055511 (0.0574784% change)
    iteration   11: trace = 0.3953502117225634 (0.0119089% change)
    iteration   12: trace = 0.3953311215737211 (0.00482878% change)
    iteration   13: trace = 0.3953232747503936 (0.00198489% change)
    iteration   14: trace = 0.3953187740960659 (0.00113848% change)
    iteration   15: trace = 0.3953176002833954 (0.000296929% change)
    iteration   16: trace = 0.3953172610346469 (8.58168e-05% change)
    iteration   17: trace = 0.3953171868610145 (1.87631e-05% change)
    iteration   18: trace = 0.3953171611210019 (6.51123e-06% change)
    iteration   19: trace = 0.3953171513557691 (2.47023e-06% change)
    iteration   20: trace = 0.3953171462118814 (1.30121e-06% change)
    iteration   21: trace = 0.3953171446017098 (4.07311e-07% change)
    iteration   22: trace = 0.3953171442340221 (9.30108e-08% change)
    iteration   23: trace = 0.3953171441470518 (2.20001e-08% change)
    iteration   24: trace = 0.3953171441264029 (5.22338e-09% change)
Finished solving for bands 1 to 6 after 24 iterations.
tefreqs:, 1, -0.09, 0.14, 0, 0.143178, 0.0644944, 0.148915, 0.171589, 0.300864, 0.322488, 0.380816
elapsed time for k point: 2.5213119983673096
total elapsed time for run: 2.5493416786193848
done
Initializing eigensolver data
Computing 12 bands with 1e-10 tolerance
Working in 2 dimensions.
Grid size is 288 x 96 x 1.
Solving for 6 bands at a time.
Creating Maxwell data...
Mesh size is 3.
Lattice vectors:
     (3, 0, 0)
     (0, 1, 0)
     (0, 0, 1)
Cell volume = 3
Reciprocal lattice vectors (/ 2 pi):
     (0.333333, -0, 0)
     (-0, 1, -0)
     (0, -0, 1)
Geometric objects:
     block, center = (0,0,0)
          size (1e+20,1e+20,1)
          axes (1,0,0), (0,1,0), (0,0,1)
     prism, center = (-2.08167e-17,-1.38778e-17,0.5)
          height 1, axis (0,0,1), sidewall angle: 0 radians, 4 vertices:
          (0.25,0.25,0)
          (-0.25,0.25,0)
          (-0.25,-0.25,0)
          (0.25,-0.25,0)
     prism, center = (1,-1.38778e-17,0.5)
          height 1, axis (0,0,1), sidewall angle: 0 radians, 4 vertices:
          (1.25,0.25,0)
          (0.75,0.25,0)
          (0.75,-0.25,0)
          (1.25,-0.25,0)
     prism, center = (2,-1.38778e-17,0.5)
          height 1, axis (0,0,1), sidewall angle: 0 radians, 4 vertices:
          (2.25,0.25,0)
          (1.75,0.25,0)
          (1.75,-0.25,0)
          (2.25,-0.25,0)
Geometric object tree has depth 2 and 21 object nodes (vs. 4 actual objects)
Initializing epsilon function...
Allocating fields...
Solving for band polarization: te.
Initializing fields to random numbers...
1 k-points
  Vector3<-0.09, 0.14, 0.0>
elapsed time for initialization: 0.04263448715209961
solve_kpoint (-0.09,0.14,0):
tefreqs:, k index, k1, k2, k3, kmag/2pi, te band 1, te band 2, te band 3, te band 4, te band 5, te band 6, te band 7, te band 8, te band 9, te band 10, te band 11, te band 12
Solving for bands 1 to 6...
    near maximum in trace
    iteration    1: trace = 2.084394497053698 (199.712% change)
    iteration    2: trace = 0.5097198497682807 (121.404% change)
    iteration    3: trace = 0.4331930972072412 (16.232% change)
    iteration    4: trace = 0.4080016781509015 (5.98944% change)
    iteration    5: trace = 0.4016237448292699 (1.57553% change)
    iteration    6: trace = 0.3983170564793012 (0.826733% change)
    iteration    7: trace = 0.3969249044386612 (0.35012% change)
    iteration    8: trace = 0.3959655280694937 (0.241995% change)
    iteration    9: trace = 0.3957116874478545 (0.0641273% change)
    iteration   10: trace = 0.3956287633871295 (0.0209579% change)
    iteration   11: trace = 0.3956140255209992 (0.00372524% change)
    iteration   12: trace = 0.3956082362050088 (0.00146339% change)
    iteration   13: trace = 0.3956057003602256 (0.000641001% change)
    iteration   14: trace = 0.3956041385613251 (0.000394788% change)
    iteration   15: trace = 0.3956036875419983 (0.000114008% change)
    iteration   16: trace = 0.3956035334565016 (3.89495e-05% change)
    iteration   17: trace = 0.3956034942760329 (9.90397e-06% change)
    iteration   18: trace = 0.3956034807098307 (3.42924e-06% change)
    iteration   19: trace = 0.3956034763077503 (1.11275e-06% change)
    iteration   20: trace = 0.3956034740547609 (5.69507e-07% change)
    iteration   21: trace = 0.3956034732935496 (1.92418e-07% change)
    iteration   22: trace = 0.3956034730977372 (4.94971e-08% change)
    iteration   23: trace = 0.3956034730522813 (1.14903e-08% change)
    iteration   24: trace = 0.3956034730438293 (2.1365e-09% change)
Finished solving for bands 1 to 6 after 24 iterations.
Solving for bands 7 to 12...
    near maximum in trace
    iteration    1: trace = 6.819883985236181 (199.063% change)
    iteration    2: trace = 1.722465132783325 (119.345% change)
    iteration    3: trace = 1.418124887230246 (19.3811% change)
    iteration    4: trace = 1.30651006110923 (8.19301% change)
    iteration    5: trace = 1.261669381766161 (3.49202% change)
    iteration    6: trace = 1.240987592488262 (1.65279% change)
    iteration    7: trace = 1.232651982666052 (0.673955% change)
    iteration    8: trace = 1.227054096866272 (0.455167% change)
    iteration    9: trace = 1.2230620808047 (0.325863% change)
    iteration   10: trace = 1.218948566438537 (0.336896% change)
    iteration   11: trace = 1.216435238583447 (0.206401% change)
    iteration   12: trace = 1.214982945936843 (0.119461% change)
    iteration   13: trace = 1.214074369850689 (0.0748089% change)
    iteration   14: trace = 1.213272894995914 (0.0660371% change)
    iteration   15: trace = 1.212834975864277 (0.0361005% change)
    iteration   16: trace = 1.212541357016913 (0.0242122% change)
    iteration   17: trace = 1.212342898947262 (0.0163685% change)
    iteration   18: trace = 1.212160711481973 (0.0150288% change)
    iteration   19: trace = 1.212013248427748 (0.012166% change)
    iteration   20: trace = 1.211857636634769 (0.0128399% change)
    iteration   21: trace = 1.211758262927741 (0.00820045% change)
    iteration   22: trace = 1.211701360294494 (0.00469598% change)
    iteration   23: trace = 1.211673658119496 (0.00228625% change)
    iteration   24: trace = 1.21165252161696 (0.00174442% change)
    iteration   25: trace = 1.211643917115043 (0.000710149% change)
    iteration   26: trace = 1.21164076711375 (0.000259978% change)
    iteration   27: trace = 1.211639952314687 (6.72476e-05% change)
    iteration   28: trace = 1.21163961565307 (2.77856e-05% change)
    iteration   29: trace = 1.211639479849754 (1.12082e-05% change)
    iteration   30: trace = 1.211639401143399 (6.49586e-06% change)
    iteration   31: trace = 1.211639359347511 (3.44953e-06% change)
    iteration   32: trace = 1.211639326287561 (2.72853e-06% change)
    iteration   33: trace = 1.211639308584112 (1.46112e-06% change)
    iteration   34: trace = 1.21163930062173 (6.57158e-07% change)
    iteration   35: trace = 1.211639297559183 (2.52761e-07% change)
    iteration   36: trace = 1.211639295461862 (1.73098e-07% change)
    iteration   37: trace = 1.211639294083159 (1.13788e-07% change)
    iteration   38: trace = 1.211639293178511 (7.46631e-08% change)
    iteration   39: trace = 1.211639292548611 (5.19874e-08% change)
    iteration   40: trace = 1.211639291937626 (5.04264e-08% change)
    iteration   41: trace = 1.211639291443833 (4.07541e-08% change)
    iteration   42: trace = 1.211639291065458 (3.12284e-08% change)
    iteration   43: trace = 1.211639290842886 (1.83695e-08% change)
    iteration   44: trace = 1.211639290741237 (8.38937e-09% change)
Finished solving for bands 7 to 12 after 44 iterations.
Finished k-point with 34 mean iterations/band.
tefreqs:, 1, -0.09, 0.14, 0, 0.143178, 0.0645265, 0.148941, 0.171613, 0.300941, 0.322567, 0.381039, 0.409868, 0.416721, 0.425944, 0.467676, 0.479618, 0.489701
elapsed time for k point: 8.135095357894897
total elapsed time for run: 8.17781949043274
done
Initializing eigensolver data
Computing 12 bands with 1e-10 tolerance
Working in 2 dimensions.
Grid size is 288 x 96 x 1.
Solving for 6 bands at a time.
Creating Maxwell data...
Mesh size is 3.
Lattice vectors:
     (3, 0, 0)
     (0, 1, 0)
     (0, 0, 1)
Cell volume = 3
Reciprocal lattice vectors (/ 2 pi):
     (0.333333, -0, 0)
     (-0, 1, -0)
     (0, -0, 1)
Geometric objects:
     block, center = (0,0,0)
          size (1e+20,1e+20,1)
          axes (1,0,0), (0,1,0), (0,0,1)
     prism, center = (-2.08167e-17,-1.38778e-17,0.5)
          height 1, axis (0,0,1), sidewall angle: 0 radians, 4 vertices:
          (0.25,0.25,0)
          (-0.25,0.25,0)
          (-0.25,-0.25,0)
          (0.25,-0.25,0)
     prism, center = (1,-1.38778e-17,0.5)
          height 1, axis (0,0,1), sidewall angle: 0 radians, 4 vertices:
          (1.25,0.25,0)
          (0.75,0.25,0)
          (0.75,-0.25,0)
          (1.25,-0.25,0)
     prism, center = (2,-1.38778e-17,0.5)
          height 1, axis (0,0,1), sidewall angle: 0 radians, 4 vertices:
          (2.25,0.25,0)
          (1.75,0.25,0)
          (1.75,-0.25,0)
          (2.25,-0.25,0)
Geometric object tree has depth 2 and 21 object nodes (vs. 4 actual objects)
Initializing epsilon function...
Allocating fields...
Solving for band polarization: te.
Initializing fields to random numbers...
1 k-points
  Vector3<-0.09, 0.14, 0.0>
elapsed time for initialization: 0.05863356590270996
solve_kpoint (-0.09,0.14,0):
tefreqs:, k index, k1, k2, k3, kmag/2pi, te band 1, te band 2, te band 3, te band 4, te band 5, te band 6, te band 7, te band 8, te band 9, te band 10, te band 11, te band 12
Solving for bands 1 to 6...
    near maximum in trace
    iteration    1: trace = 2.296747419781134 (199.683% change)
    iteration    2: trace = 0.560015704298569 (121.587% change)
    iteration    3: trace = 0.4612838261616661 (19.3346% change)
    iteration    4: trace = 0.4226698952428571 (8.73664% change)
    iteration    5: trace = 0.4115659539047394 (2.66206% change)
    iteration    6: trace = 0.4035702948352371 (1.9618% change)
    iteration    7: trace = 0.3992458571736374 (1.07732% change)
    iteration    8: trace = 0.3965228428869004 (0.684373% change)
    iteration    9: trace = 0.3958988948302553 (0.157479% change)
    iteration   10: trace = 0.395682054876331 (0.0547866% change)
    iteration   11: trace = 0.3956381718734154 (0.0110911% change)
    iteration   12: trace = 0.3956174854512695 (0.00522876% change)
    iteration   13: trace = 0.3956088291700798 (0.00218807% change)
    iteration   14: trace = 0.3956045639044061 (0.00107816% change)
    iteration   15: trace = 0.3956037855627752 (0.000196748% change)
    iteration   16: trace = 0.3956035776459369 (5.25569e-05% change)
    iteration   17: trace = 0.3956035248413864 (1.33478e-05% change)
    iteration   18: trace = 0.3956034956056938 (7.39015e-06% change)
    iteration   19: trace = 0.3956034822303438 (3.381e-06% change)
    iteration   20: trace = 0.3956034755212524 (1.69591e-06% change)
    iteration   21: trace = 0.3956034736704734 (4.67837e-07% change)
    iteration   22: trace = 0.3956034731990536 (1.19165e-07% change)
    iteration   23: trace = 0.3956034730892596 (2.77536e-08% change)
    iteration   24: trace = 0.3956034730585699 (7.7577e-09% change)
Finished solving for bands 1 to 6 after 24 iterations.
Solving for bands 7 to 12...
    near maximum in trace
    iteration    1: trace = 6.421158948724889 (199.116% change)
    iteration    2: trace = 1.612054023112636 (119.731% change)
    iteration    3: trace = 1.35261935406019 (17.5017% change)
    iteration    4: trace = 1.279150110105004 (5.58326% change)
    iteration    5: trace = 1.252017054969244 (2.14392% change)
    iteration    6: trace = 1.237336958449939 (1.17943% change)
    iteration    7: trace = 1.228875802595476 (0.686166% change)
    iteration    8: trace = 1.222964195517456 (0.482218% change)
    iteration    9: trace = 1.219863277499164 (0.253879% change)
    iteration   10: trace = 1.217698660330564 (0.177605% change)
    iteration   11: trace = 1.216468248550623 (0.101095% change)
    iteration   12: trace = 1.215528564826502 (0.0772767% change)
    iteration   13: trace = 1.214828210388783 (0.0576339% change)
    iteration   14: trace = 1.214056139448856 (0.0635741% change)
    iteration   15: trace = 1.213510214606145 (0.0449771% change)
    iteration   16: trace = 1.213048519770404 (0.0380535% change)
    iteration   17: trace = 1.21266318228763 (0.0317711% change)
    iteration   18: trace = 1.212287081982334 (0.0310192% change)
    iteration   19: trace = 1.212044171116802 (0.0200394% change)
    iteration   20: trace = 1.211842458361392 (0.0166437% change)
    iteration   21: trace = 1.211748584657801 (0.00774666% change)
    iteration   22: trace = 1.211700518429145 (0.00396676% change)
    iteration   23: trace = 1.211673696477086 (0.0022136% change)
    iteration   24: trace = 1.211652649912625 (0.001737% change)
    iteration   25: trace = 1.211644157602128 (0.000700889% change)
    iteration   26: trace = 1.211640887603317 (0.000269881% change)
    iteration   27: trace = 1.211639977776114 (7.50905e-05% change)
    iteration   28: trace = 1.211639628269349 (2.88458e-05% change)
    iteration   29: trace = 1.211639488168656 (1.15629e-05% change)
    iteration   30: trace = 1.21163940636881 (6.75117e-06% change)
    iteration   31: trace = 1.211639355929989 (4.16286e-06% change)
    iteration   32: trace = 1.211639319482477 (3.00812e-06% change)
    iteration   33: trace = 1.211639303851862 (1.29004e-06% change)
    iteration   34: trace = 1.211639297722289 (5.05891e-07% change)
    iteration   35: trace = 1.211639294756292 (2.44792e-07% change)
    iteration   36: trace = 1.21163929293578 (1.50252e-07% change)
    iteration   37: trace = 1.21163929201033 (7.63799e-08% change)
    iteration   38: trace = 1.211639291595806 (3.42119e-08% change)
    iteration   39: trace = 1.2116392913756 (1.81742e-08% change)
    iteration   40: trace = 1.21163929120077 (1.44293e-08% change)
    iteration   41: trace = 1.211639291033792 (1.37812e-08% change)
    iteration   42: trace = 1.211639290888345 (1.20041e-08% change)
    iteration   43: trace = 1.211639290779997 (8.94223e-09% change)
Finished solving for bands 7 to 12 after 43 iterations.
Finished k-point with 33.5 mean iterations/band.
tefreqs:, 1, -0.09, 0.14, 0, 0.143178, 0.0645265, 0.148941, 0.171613, 0.300941, 0.322567, 0.381039, 0.409868, 0.416721, 0.425944, 0.467676, 0.479618, 0.489701
elapsed time for k point: 8.979948282241821
total elapsed time for run: 9.03874135017395
done
Initializing eigensolver data
Computing 12 bands with 1e-10 tolerance
Working in 2 dimensions.
Grid size is 288 x 96 x 1.
Solving for 6 bands at a time.
Creating Maxwell data...
Mesh size is 3.
Lattice vectors:
     (3, 0, 0)
     (0, 1, 0)
     (0, 0, 1)
Cell volume = 3
Reciprocal lattice vectors (/ 2 pi):
     (0.333333, -0, 0)
     (-0, 1, -0)
     (0, -0, 1)
Geometric objects:
     block, center = (0,0,0)
          size (1e+20,1e+20,1)
          axes (1,0,0), (0,1,0), (0,0,1)
     prism, center = (-2.08167e-17,-1.38778e-17,0.5)
          height 1, axis (0,0,1), sidewall angle: 0 radians, 4 vertices:
          (0.25,0.25,0)
          (-0.25,0.25,0)
          (-0.25,-0.25,0)
          (0.25,-0.25,0)
     prism, center = (1,-1.38778e-17,0.5)
          height 1, axis (0,0,1), sidewall angle: 0 radians, 4 vertices:
          (1.25,0.25,0)
          (0.75,0.25,0)
          (0.75,-0.25,0)
          (1.25,-0.25,0)
     prism, center = (2,-1.38778e-17,0.5)
          height 1, axis (0,0,1), sidewall angle: 0 radians, 4 vertices:
          (2.25,0.25,0)
          (1.75,0.25,0)
          (1.75,-0.25,0)
          (2.25,-0.25,0)
Geometric object tree has depth 2 and 21 object nodes (vs. 4 actual objects)
Initializing epsilon function...
Allocating fields...
Solving for band polarization: te.
Initializing fields to random numbers...
1 k-points
  Vector3<-0.09, 0.14, 0.0>
elapsed time for initialization: 0.1061553955078125
solve_kpoint (-0.09,0.14,0):
tefreqs:, k index, k1, k2, k3, kmag/2pi, te band 1, te band 2, te band 3, te band 4, te band 5, te band 6, te band 7, te band 8, te band 9, te band 10, te band 11, te band 12
Solving for bands 1 to 6...
    near maximum in trace
    iteration    1: trace = 2.081654569458999 (199.713% change)
    iteration    2: trace = 0.4951875740004285 (123.133% change)
    iteration    3: trace = 0.4277057531509729 (14.624% change)
    iteration    4: trace = 0.4056411319521751 (5.29542% change)
    iteration    5: trace = 0.4001442583336163 (1.36435% change)
    iteration    6: trace = 0.3973653946217227 (0.696885% change)
    iteration    7: trace = 0.3964305049939061 (0.235549% change)
    iteration    8: trace = 0.3958223051979856 (0.153537% change)
    iteration    9: trace = 0.3956759161336144 (0.0369904% change)
    iteration   10: trace = 0.395622975753265 (0.0133806% change)
    iteration   11: trace = 0.3956123840463257 (0.00267726% change)
    iteration   12: trace = 0.3956071035316961 (0.00133478% change)
    iteration   13: trace = 0.3956050373807444 (0.000522275% change)
    iteration   14: trace = 0.3956039302562738 (0.000279856% change)
    iteration   15: trace = 0.395603620487301 (7.83028e-05% change)
    iteration   16: trace = 0.3956035127288743 (2.7239e-05% change)
    iteration   17: trace = 0.3956034885449471 (6.11317e-06% change)
    iteration   18: trace = 0.3956034794262987 (2.305e-06% change)
    iteration   19: trace = 0.395603475949405 (8.78883e-07% change)
    iteration   20: trace = 0.3956034739124034 (5.1491e-07% change)
    iteration   21: trace = 0.3956034732452271 (1.68648e-07% change)
    iteration   22: trace = 0.3956034730804015 (4.16643e-08% change)
    iteration   23: trace = 0.3956034730470044 (8.44206e-09% change)
Finished solving for bands 1 to 6 after 23 iterations.
Solving for bands 7 to 12...
    near maximum in trace
    iteration    1: trace = 6.682983888554667 (199.079% change)
    iteration    2: trace = 1.744553581034816 (117.197% change)
    iteration    3: trace = 1.400594778970303 (21.8723% change)
    iteration    4: trace = 1.278284423236121 (9.13146% change)
    iteration    5: trace = 1.237742542301143 (3.22269% change)
    iteration    6: trace = 1.224849332946463 (1.04713% change)
    iteration    7: trace = 1.220560336822067 (0.350779% change)
    iteration    8: trace = 1.218106631463026 (0.201233% change)
    iteration    9: trace = 1.216762436631009 (0.110412% change)
    iteration   10: trace = 1.215675906696612 (0.0893367% change)
    iteration   11: trace = 1.214825851672348 (0.0699489% change)
    iteration   12: trace = 1.214112476297678 (0.0587397% change)
    iteration   13: trace = 1.213633336155543 (0.039472% change)
    iteration   14: trace = 1.213142574755268 (0.0404455% change)
    iteration   15: trace = 1.212683293407497 (0.037866% change)
    iteration   16: trace = 1.212260865359679 (0.0348402% change)
    iteration   17: trace = 1.212013918347127 (0.0203729% change)
    iteration   18: trace = 1.21185988468094 (0.0127097% change)
    iteration   19: trace = 1.211780840574101 (0.00652276% change)
    iteration   20: trace = 1.211719464752342 (0.00506506% change)
    iteration   21: trace = 1.211680002818445 (0.00325674% change)
    iteration   22: trace = 1.211655128885217 (0.00205287% change)
    iteration   23: trace = 1.211646276142597 (0.000730635% change)
    iteration   24: trace = 1.211642393289809 (0.000320461% change)
    iteration   25: trace = 1.211640804404645 (0.000131135% change)
    iteration   26: trace = 1.211639903709603 (7.43368e-05% change)
    iteration   27: trace = 1.21163954894264 (2.92799e-05% change)
    iteration   28: trace = 1.211639414926348 (1.10607e-05% change)
    iteration   29: trace = 1.211639369003058 (3.79018e-06% change)
    iteration   30: trace = 1.211639345694052 (1.92376e-06% change)
    iteration   31: trace = 1.21163933134312 (1.18442e-06% change)
    iteration   32: trace = 1.211639318111089 (1.09208e-06% change)
    iteration   33: trace = 1.211639307230524 (8.98004e-07% change)
    iteration   34: trace = 1.21163930104722 (5.10325e-07% change)
    iteration   35: trace = 1.211639298294265 (2.27209e-07% change)
    iteration   36: trace = 1.211639296390541 (1.5712e-07% change)
    iteration   37: trace = 1.211639294536003 (1.5306e-07% change)
    iteration   38: trace = 1.211639292828273 (1.40944e-07% change)
    iteration   39: trace = 1.21163929169118 (9.38475e-08% change)
    iteration   40: trace = 1.211639291126929 (4.65692e-08% change)
    iteration   41: trace = 1.211639290888556 (1.96735e-08% change)
    iteration   42: trace = 1.211639290781083 (8.87012e-09% change)
Finished solving for bands 7 to 12 after 42 iterations.
Finished k-point with 32.5 mean iterations/band.
tefreqs:, 1, -0.09, 0.14, 0, 0.143178, 0.0645265, 0.148941, 0.171613, 0.300941, 0.322567, 0.381039, 0.409868, 0.416721, 0.425944, 0.467676, 0.479618, 0.489701
elapsed time for k point: 8.930330991744995
total elapsed time for run: 9.03658413887024
done
Initializing eigensolver data
Computing 6 bands with 1e-10 tolerance
Working in 2 dimensions.
Grid size is 288 x 96 x 1.
Solving for 6 bands at a time.
Creating Maxwell data...
Mesh size is 3.
Lattice vectors:
     (3, 0, 0)
     (0, 1, 0)
     (0, 0, 1)
Cell volume = 3
Reciprocal lattice vectors (/ 2 pi):
     (0.333333, -0, 0)
     (-0, 1, -0)
     (0, -0, 1)
Geometric objects:
     block, center = (0,0,0)
          size (1e+20,1e+20,1)
          axes (1,0,0), (0,1,0), (0,0,1)
     prism, center = (0.000447214,-1.38778e-17,0.5)
          height 1, axis (0,0,1), sidewall angle: 0 radians, 4 vertices:
          (0.250447,0.25,0)
          (-0.249553,0.25,0)
          (-0.249553,-0.25,0)
          (0.250447,-0.25,0)
     prism, center = (1.00055,-1.38778e-17,0.5)
          height 1, axis (0,0,1), sidewall angle: 0 radians, 4 vertices:
          (1.25055,0.25,0)
          (0.750551,0.25,0)
          (0.750551,-0.25,0)
          (1.25055,-0.25,0)
     prism, center = (1.999,-1.38778e-17,0.5)
          height 1, axis (0,0,1), sidewall angle: 0 radians, 4 vertices:
          (2.249,0.25,0)
          (1.749,0.25,0)
          (1.749,-0.25,0)
          (2.249,-0.25,0)
Geometric object tree has depth 2 and 21 object nodes (vs. 4 actual objects)
Initializing epsilon function...
Allocating fields...
Solving for band polarization: te.
Initializing fields to random numbers...
1 k-points
  Vector3<-0.09, 0.14, 0.0>
elapsed time for initialization: 0.046860694885253906
solve_kpoint (-0.09,0.14,0):
tefreqs:, k index, k1, k2, k3, kmag/2pi, te band 1, te band 2, te band 3, te band 4, te band 5, te band 6
Solving for bands 1 to 6...
    near maximum in trace
    iteration    1: trace = 2.038518241467815 (199.718% change)
    iteration    2: trace = 0.5732067397310966 (112.21% change)
    iteration    3: trace = 0.4254313365667063 (29.5954% change)
    iteration    4: trace = 0.4080309489374098 (4.17545% change)
    iteration    5: trace = 0.4001201758915838 (1.95775% change)
    iteration    6: trace = 0.3978076026705536 (0.579645% change)
    iteration    7: trace = 0.3961460519051533 (0.418551% change)
    iteration    8: trace = 0.3955799807066234 (0.142997% change)
    iteration    9: trace = 0.3953289533731582 (0.0634782% change)
    iteration   10: trace = 0.3952868828959425 (0.0106425% change)
    iteration   11: trace = 0.3952742851531059 (0.00318704% change)
    iteration   12: trace = 0.3952715989159945 (0.00067959% change)
    iteration   13: trace = 0.3952699859442577 (0.000408068% change)
    iteration   14: trace = 0.3952693177325687 (0.000169052% change)
    iteration   15: trace = 0.3952690227343304 (7.46322e-05% change)
    iteration   16: trace = 0.3952689494331374 (1.85446e-05% change)
    iteration   17: trace = 0.3952689241443329 (6.39787e-06% change)
    iteration   18: trace = 0.3952689161477795 (2.02307e-06% change)
    iteration   19: trace = 0.3952689120651299 (1.03288e-06% change)
    iteration   20: trace = 0.395268910380301 (4.26249e-07% change)
    iteration   21: trace = 0.395268909836001 (1.37704e-07% change)
    iteration   22: trace = 0.3952689097180292 (2.98459e-08% change)
    iteration   23: trace = 0.3952689096920369 (6.57586e-09% change)
Finished solving for bands 1 to 6 after 23 iterations.
tefreqs:, 1, -0.09, 0.14, 0, 0.143178, 0.0644876, 0.14891, 0.171585, 0.300853, 0.322476, 0.380777
elapsed time for k point: 2.6612677574157715
total elapsed time for run: 2.708207368850708
done
Initializing eigensolver data
Computing 6 bands with 1e-10 tolerance
Working in 2 dimensions.
Grid size is 288 x 96 x 1.
Solving for 6 bands at a time.
Creating Maxwell data...
Mesh size is 3.
Lattice vectors:
     (3, 0, 0)
     (0, 1, 0)
     (0, 0, 1)
Cell volume = 3
Reciprocal lattice vectors (/ 2 pi):
     (0.333333, -0, 0)
     (-0, 1, -0)
     (0, -0, 1)
Geometric objects:
     block, center = (0,0,0)
          size (1e+20,1e+20,1)
          axes (1,0,0), (0,1,0), (0,0,1)
     prism, center = (0.000447214,-1.38778e-17,0.5)
          height 1, axis (0,0,1), sidewall angle: 0 radians, 4 vertices:
          (0.250447,0.25,0)
          (-0.249553,0.25,0)
          (-0.249553,-0.25,0)
          (0.250447,-0.25,0)
     prism, center = (1.00055,-1.38778e-17,0.5)
          height 1, axis (0,0,1), sidewall angle: 0 radians, 4 vertices:
          (1.25055,0.25,0)
          (0.750551,0.25,0)
          (0.750551,-0.25,0)
          (1.25055,-0.25,0)
     prism, center = (1.999,-1.38778e-17,0.5)
          height 1, axis (0,0,1), sidewall angle: 0 radians, 4 vertices:
          (2.249,0.25,0)
          (1.749,0.25,0)
          (1.749,-0.25,0)
          (2.249,-0.25,0)
Geometric object tree has depth 2 and 21 object nodes (vs. 4 actual objects)
Initializing epsilon function...
Allocating fields...
Solving for band polarization: te.
Initializing fields to random numbers...
1 k-points
  Vector3<-0.09, 0.14, 0.0>
elapsed time for initialization: 0.028064966201782227
solve_kpoint (-0.09,0.14,0):
tefreqs:, k index, k1, k2, k3, kmag/2pi, te band 1, te band 2, te band 3, te band 4, te band 5, te band 6
Solving for bands 1 to 6...
    near maximum in trace
    iteration    1: trace = 2.163396887180344 (199.701% change)
    iteration    2: trace = 0.4951994607124298 (125.495% change)
    iteration    3: trace = 0.4240604989386628 (15.4774% change)
    iteration    4: trace = 0.4019613910318194 (5.35073% change)
    iteration    5: trace = 0.3981527664224923 (0.95202% change)
    iteration    6: trace = 0.3964709841982889 (0.42329% change)
    iteration    7: trace = 0.395841610687806 (0.15887% change)
    iteration    8: trace = 0.3954202050347753 (0.106515% change)
    iteration    9: trace = 0.3953216658905244 (0.0249232% change)
    iteration   10: trace = 0.3952864465197849 (0.00890944% change)
    iteration   11: trace = 0.395277586778499 (0.00224137% change)
    iteration   12: trace = 0.395272389018171 (0.00131497% change)
    iteration   13: trace = 0.3952700967869471 (0.000579913% change)
    iteration   14: trace = 0.3952691531695738 (0.000238728% change)
    iteration   15: trace = 0.3952689690238633 (4.65874e-05% change)
    iteration   16: trace = 0.3952689217021009 (1.1972e-05% change)
    iteration   17: trace = 0.3952689139659565 (1.95719e-06% change)
    iteration   18: trace = 0.3952689114577078 (6.34568e-07% change)
    iteration   19: trace = 0.3952689104819055 (2.4687e-07% change)
    iteration   20: trace = 0.3952689099450454 (1.35822e-07% change)
    iteration   21: trace = 0.3952689097484277 (4.97428e-08% change)
    iteration   22: trace = 0.395268909698399 (1.26569e-08% change)
    iteration   23: trace = 0.3952689096856523 (3.22483e-09% change)
Finished solving for bands 1 to 6 after 23 iterations.
tefreqs:, 1, -0.09, 0.14, 0, 0.143178, 0.0644876, 0.14891, 0.171585, 0.300853, 0.322476, 0.380777
elapsed time for k point: 2.283419370651245
total elapsed time for run: 2.3115615844726562
done
Initializing eigensolver data
Computing 6 bands with 1e-10 tolerance
Working in 2 dimensions.
Grid size is 288 x 96 x 1.
Solving for 6 bands at a time.
Creating Maxwell data...
Mesh size is 3.
Lattice vectors:
     (3, 0, 0)
     (0, 1, 0)
     (0, 0, 1)
Cell volume = 3
Reciprocal lattice vectors (/ 2 pi):
     (0.333333, -0, 0)
     (-0, 1, -0)
     (0, -0, 1)
Geometric objects:
     block, center = (0,0,0)
          size (1e+20,1e+20,1)
          axes (1,0,0), (0,1,0), (0,0,1)
     prism, center = (0.000447214,-1.38778e-17,0.5)
          height 1, axis (0,0,1), sidewall angle: 0 radians, 4 vertices:
          (0.250447,0.25,0)
          (-0.249553,0.25,0)
          (-0.249553,-0.25,0)
          (0.250447,-0.25,0)
     prism, center = (1.00055,-1.38778e-17,0.5)
          height 1, axis (0,0,1), sidewall angle: 0 radians, 4 vertices:
          (1.25055,0.25,0)
          (0.750551,0.25,0)
          (0.750551,-0.25,0)
          (1.25055,-0.25,0)
     prism, center = (1.999,-1.38778e-17,0.5)
          height 1, axis (0,0,1), sidewall angle: 0 radians, 4 vertices:
          (2.249,0.25,0)
          (1.749,0.25,0)
          (1.749,-0.25,0)
          (2.249,-0.25,0)
Geometric object tree has depth 2 and 21 object nodes (vs. 4 actual objects)
Initializing epsilon function...
Allocating fields...
Solving for band polarization: te.
Initializing fields to random numbers...
1 k-points
  Vector3<-0.09, 0.14, 0.0>
elapsed time for initialization: 0.04128766059875488
solve_kpoint (-0.09,0.14,0):
tefreqs:, k index, k1, k2, k3, kmag/2pi, te band 1, te band 2, te band 3, te band 4, te band 5, te band 6
Solving for bands 1 to 6...
    near maximum in trace
    iteration    1: trace = 2.059835320357497 (199.715% change)
    iteration    2: trace = 0.5090425154495187 (120.737% change)
    iteration    3: trace = 0.4367184129265826 (15.2944% change)
    iteration    4: trace = 0.4114841846908744 (5.95005% change)
    iteration    5: trace = 0.4044719428625689 (1.71878% change)
    iteration    6: trace = 0.3997913487786356 (1.16395% change)
    iteration    7: trace = 0.3974377177156685 (0.590453% change)
    iteration    8: trace = 0.3958209583713195 (0.407625% change)
    iteration    9: trace = 0.3954415860061494 (0.0958904% change)
    iteration   10: trace = 0.3953085576204516 (0.0336461% change)
    iteration   11: trace = 0.3952860868976866 (0.00568451% change)
    iteration   12: trace = 0.3952767990141552 (0.00234969% change)
    iteration   13: trace = 0.3952725507595251 (0.00107476% change)
    iteration   14: trace = 0.3952698967862784 (0.000671431% change)
    iteration   15: trace = 0.395269204927362 (0.000175035% change)
    iteration   16: trace = 0.3952689915742236 (5.39767e-05% change)
    iteration   17: trace = 0.3952689403828991 (1.2951e-05% change)
    iteration   18: trace = 0.3952689212500016 (4.84048e-06% change)
    iteration   19: trace = 0.3952689143555044 (1.74425e-06% change)
    iteration   20: trace = 0.3952689109783088 (8.54405e-07% change)
    iteration   21: trace = 0.3952689099642691 (2.56544e-07% change)
    iteration   22: trace = 0.3952689097431031 (5.59533e-08% change)
    iteration   23: trace = 0.3952689096958926 (1.19439e-08% change)
    iteration   24: trace = 0.3952689096870825 (2.22888e-09% change)
Finished solving for bands 1 to 6 after 24 iterations.
tefreqs:, 1, -0.09, 0.14, 0, 0.143178, 0.0644876, 0.14891, 0.171585, 0.300853, 0.322476, 0.380777
elapsed time for k point: 2.614426374435425
total elapsed time for run: 2.6557962894439697
done
Initializing eigensolver data
Computing 6 bands with 1e-10 tolerance
Working in 2 dimensions.
Grid size is 288 x 96 x 1.
Solving for 6 bands at a time.
Creating Maxwell data...
Mesh size is 3.
Lattice vectors:
     (3, 0, 0)
     (0, 1, 0)
     (0, 0, 1)
Cell volume = 3
Reciprocal lattice vectors (/ 2 pi):
     (0.333333, -0, 0)
     (-0, 1, -0)
     (0, -0, 1)
Geometric objects:
     block, center = (0,0,0)
          size (1e+20,1e+20,1)
          axes (1,0,0), (0,1,0), (0,0,1)
     prism, center = (0.001,-1.38778e-17,0.5)
          height 1, axis (0,0,1), sidewall angle: 0 radians, 4 vertices:
          (0.251,0.25,0)
          (-0.249,0.25,0)
          (-0.249,-0.25,0)
          (0.251,-0.25,0)
     prism, center = (1,-1.38778e-17,0.5)
          height 1, axis (0,0,1), sidewall angle: 0 radians, 4 vertices:
          (1.25,0.25,0)
          (0.75,0.25,0)
          (0.75,-0.25,0)
          (1.25,-0.25,0)
     prism, center = (2,-1.38778e-17,0.5)
          height 1, axis (0,0,1), sidewall angle: 0 radians, 4 vertices:
          (2.25,0.25,0)
          (1.75,0.25,0)
          (1.75,-0.25,0)
          (2.25,-0.25,0)
Geometric object tree has depth 2 and 21 object nodes (vs. 4 actual objects)
Initializing epsilon function...
Allocating fields...
Solving for band polarization: te.
Initializing fields to random numbers...
1 k-points
  Vector3<-0.09, 0.14, 0.0>
elapsed time for initialization: 0.028156757354736328
solve_kpoint (-0.09,0.14,0):
tefreqs:, k index, k1, k2, k3, kmag/2pi, te band 1, te band 2, te band 3, te band 4, te band 5, te band 6
Solving for bands 1 to 6...
    near maximum in trace
    iteration    1: trace = 2.507724848666295 (199.655% change)
    iteration    2: trace = 0.6921228853563546 (113.481% change)
    iteration    3: trace = 0.4570760897003517 (40.9062% change)
    iteration    4: trace = 0.4296392476905783 (6.18842% change)
    iteration    5: trace = 0.4124822060476073 (4.07472% change)
    iteration    6: trace = 0.4054002519928216 (1.73178% change)
    iteration    7: trace = 0.3999114783594228 (1.36314% change)
    iteration    8: trace = 0.3973428554991107 (0.644367% change)
    iteration    9: trace = 0.3960359916161178 (0.329443% change)
    iteration   10: trace = 0.395772577260459 (0.0665349% change)
    iteration   11: trace = 0.3956843557118573 (0.0222935% change)
    iteration   12: trace = 0.3956568379654005 (0.00695471% change)
    iteration   13: trace = 0.3956415784468597 (0.00385683% change)
    iteration   14: trace = 0.3956360998555982 (0.00138475% change)
    iteration   15: trace = 0.3956338667755288 (0.000564429% change)
    iteration   16: trace = 0.395633371495219 (0.000125187% change)
    iteration   17: trace = 0.3956332109754763 (4.05729e-05% change)
    iteration   18: trace = 0.3956331529516584 (1.46661e-05% change)
    iteration   19: trace = 0.3956331179841345 (8.83837e-06% change)
    iteration   20: trace = 0.3956331043534873 (3.44527e-06% change)
    iteration   21: trace = 0.395633100283218 (1.0288e-06% change)
    iteration   22: trace = 0.3956330993695049 (2.3095e-07% change)
    iteration   23: trace = 0.3956330991708293 (5.02171e-08% change)
    iteration   24: trace = 0.3956330991102905 (1.53018e-08% change)
    iteration   25: trace = 0.3956330990870505 (5.87415e-09% change)
Finished solving for bands 1 to 6 after 25 iterations.
tefreqs:, 1, -0.09, 0.14, 0, 0.143178, 0.0645274, 0.148947, 0.171615, 0.300955, 0.322578, 0.381053
elapsed time for k point: 1.917891263961792
total elapsed time for run: 1.9461169242858887
done
Initializing eigensolver data
Computing 6 bands with 1e-10 tolerance
Working in 2 dimensions.
Grid size is 288 x 96 x 1.
Solving for 6 bands at a time.
Creating Maxwell data...
Mesh size is 3.
Lattice vectors:
     (3, 0, 0)
     (0, 1, 0)
     (0, 0, 1)
Cell volume = 3
Reciprocal lattice vectors (/ 2 pi):
     (0.333333, -0, 0)
     (-0, 1, -0)
     (0, -0, 1)
Geometric objects:
     block, center = (0,0,0)
          size (1e+20,1e+20,1)
          axes (1,0,0), (0,1,0), (0,0,1)
     prism, center = (0.001,-1.38778e-17,0.5)
          height 1, axis (0,0,1), sidewall angle: 0 radians, 4 vertices:
          (0.251,0.25,0)
          (-0.249,0.25,0)
          (-0.249,-0.25,0)
          (0.251,-0.25,0)
     prism, center = (1,-1.38778e-17,0.5)
          height 1, axis (0,0,1), sidewall angle: 0 radians, 4 vertices:
          (1.25,0.25,0)
          (0.75,0.25,0)
          (0.75,-0.25,0)
          (1.25,-0.25,0)
     prism, center = (2,-1.38778e-17,0.5)
          height 1, axis (0,0,1), sidewall angle: 0 radians, 4 vertices:
          (2.25,0.25,0)
          (1.75,0.25,0)
          (1.75,-0.25,0)
          (2.25,-0.25,0)
Geometric object tree has depth 2 and 21 object nodes (vs. 4 actual objects)
Initializing epsilon function...
Allocating fields...
Solving for band polarization: te.
Initializing fields to random numbers...
1 k-points
  Vector3<-0.09, 0.14, 0.0>
elapsed time for initialization: 0.0279541015625
solve_kpoint (-0.09,0.14,0):
tefreqs:, k index, k1, k2, k3, kmag/2pi, te band 1, te band 2, te band 3, te band 4, te band 5, te band 6
Solving for bands 1 to 6...
    near maximum in trace
    iteration    1: trace = 2.133953603585465 (199.704% change)
    iteration    2: trace = 0.6961666752559645 (101.606% change)
    iteration    3: trace = 0.4546391944819332 (41.9754% change)
    iteration    4: trace = 0.4307179455852114 (5.40375% change)
    iteration    5: trace = 0.4148793644403748 (3.74613% change)
    iteration    6: trace = 0.4080042579910896 (1.67098% change)
    iteration    7: trace = 0.4022258319570285 (1.42637% change)
    iteration    8: trace = 0.3984641665963311 (0.939606% change)
    iteration    9: trace = 0.3964316362660866 (0.511395% change)
    iteration   10: trace = 0.3959073528000273 (0.132338% change)
    iteration   11: trace = 0.3957309702827711 (0.0445614% change)
    iteration   12: trace = 0.3956773806765637 (0.0135428% change)
    iteration   13: trace = 0.3956507358195995 (0.00673421% change)
    iteration   14: trace = 0.3956396461253364 (0.00280294% change)
    iteration   15: trace = 0.3956349836452565 (0.00117847% change)
    iteration   16: trace = 0.3956337264884781 (0.000317757% change)
    iteration   17: trace = 0.3956333151466772 (0.00010397% change)
    iteration   18: trace = 0.3956331951884524 (3.03206e-05% change)
    iteration   19: trace = 0.3956331354560349 (1.50979e-05% change)
    iteration   20: trace = 0.3956331104450076 (6.32177e-06% change)
    iteration   21: trace = 0.3956331016026828 (2.23498e-06% change)
    iteration   22: trace = 0.3956330996089693 (5.0393e-07% change)
    iteration   23: trace = 0.3956330991953306 (1.04551e-07% change)
    iteration   24: trace = 0.3956330991101408 (2.15325e-08% change)
    iteration   25: trace = 0.3956330990894351 (5.23356e-09% change)
Finished solving for bands 1 to 6 after 25 iterations.
tefreqs:, 1, -0.09, 0.14, 0, 0.143178, 0.0645274, 0.148947, 0.171615, 0.300955, 0.322578, 0.381053
elapsed time for k point: 2.6845452785491943
total elapsed time for run: 2.7125723361968994
done
Initializing eigensolver data
Computing 6 bands with 1e-10 tolerance
Working in 2 dimensions.
Grid size is 288 x 96 x 1.
Solving for 6 bands at a time.
Creating Maxwell data...
Mesh size is 3.
Lattice vectors:
     (3, 0, 0)
     (0, 1, 0)
     (0, 0, 1)
Cell volume = 3
Reciprocal lattice vectors (/ 2 pi):
     (0.333333, -0, 0)
     (-0, 1, -0)
     (0, -0, 1)
Geometric objects:
     block, center = (0,0,0)
          size (1e+20,1e+20,1)
          axes (1,0,0), (0,1,0), (0,0,1)
     prism, center = (0.001,-1.38778e-17,0.5)
          height 1, axis (0,0,1), sidewall angle: 0 radians, 4 vertices:
          (0.251,0.25,0)
          (-0.249,0.25,0)
          (-0.249,-0.25,0)
          (0.251,-0.25,0)
     prism, center = (1,-1.38778e-17,0.5)
          height 1, axis (0,0,1), sidewall angle: 0 radians, 4 vertices:
          (1.25,0.25,0)
          (0.75,0.25,0)
          (0.75,-0.25,0)
          (1.25,-0.25,0)
     prism, center = (2,-1.38778e-17,0.5)
          height 1, axis (0,0,1), sidewall angle: 0 radians, 4 vertices:
          (2.25,0.25,0)
          (1.75,0.25,0)
          (1.75,-0.25,0)
          (2.25,-0.25,0)
Geometric object tree has depth 2 and 21 object nodes (vs. 4 actual objects)
Initializing epsilon function...
Allocating fields...
Solving for band polarization: te.
Initializing fields to random numbers...
1 k-points
  Vector3<-0.09, 0.14, 0.0>
elapsed time for initialization: 0.03748202323913574
solve_kpoint (-0.09,0.14,0):
tefreqs:, k index, k1, k2, k3, kmag/2pi, te band 1, te band 2, te band 3, te band 4, te band 5, te band 6
Solving for bands 1 to 6...
    near maximum in trace
    iteration    1: trace = 2.467912157965627 (199.658% change)
    iteration    2: trace = 0.6130626188726739 (120.407% change)
    iteration    3: trace = 0.4976501704305007 (20.7817% change)
    iteration    4: trace = 0.4446781397547417 (11.2428% change)
    iteration    5: trace = 0.4261164670114516 (4.26316% change)
    iteration    6: trace = 0.4181073304841838 (1.8974% change)
    iteration    7: trace = 0.4130123157755912 (1.22606% change)
    iteration    8: trace = 0.4039137844615842 (2.2275% change)
    iteration    9: trace = 0.3989474225780139 (1.23717% change)
    iteration   10: trace = 0.3967090121736378 (0.562658% change)
    iteration   11: trace = 0.3961623094198417 (0.137905% change)
    iteration   12: trace = 0.3958353100857741 (0.0825758% change)
    iteration   13: trace = 0.395718106582708 (0.0296135% change)
    iteration   14: trace = 0.3956572646690176 (0.0153762% change)
    iteration   15: trace = 0.3956406504373051 (0.00419924% change)
    iteration   16: trace = 0.3956351101470301 (0.00140034% change)
    iteration   17: trace = 0.3956340200705589 (0.000275526% change)
    iteration   18: trace = 0.3956334952560474 (0.000132652% change)
    iteration   19: trace = 0.395633251497146 (6.16123e-05% change)
    iteration   20: trace = 0.3956331354869572 (2.93227e-05% change)
    iteration   21: trace = 0.3956331083942295 (6.84794e-06% change)
    iteration   22: trace = 0.3956331009832472 (1.8732e-06% change)
    iteration   23: trace = 0.3956330995025652 (3.74256e-07% change)
    iteration   24: trace = 0.3956330992017596 (7.60315e-08% change)
    iteration   25: trace = 0.3956330991236627 (1.97397e-08% change)
    iteration   26: trace = 0.3956330990953289 (7.16164e-09% change)
Finished solving for bands 1 to 6 after 26 iterations.
tefreqs:, 1, -0.09, 0.14, 0, 0.143178, 0.0645274, 0.148947, 0.171615, 0.300955, 0.322578, 0.381053
elapsed time for k point: 3.121962547302246
total elapsed time for run: 3.1595218181610107
done
Initializing eigensolver data
Computing 6 bands with 1e-10 tolerance
Working in 2 dimensions.
Grid size is 288 x 96 x 1.
Solving for 6 bands at a time.
Creating Maxwell data...
Mesh size is 3.
Lattice vectors:
     (3, 0, 0)
     (0, 1, 0)
     (0, 0, 1)
Cell volume = 3
Reciprocal lattice vectors (/ 2 pi):
     (0.333333, -0, 0)
     (-0, 1, -0)
     (0, -0, 1)
Geometric objects:
     block, center = (0,0,0)
          size (1e+20,1e+20,1)
          axes (1,0,0), (0,1,0), (0,0,1)
     prism, center = (1.999,-1.38778e-17,0.5)
          height 1, axis (0,0,1), sidewall angle: 0 radians, 4 vertices:
          (2.249,0.25,0)
          (1.749,0.25,0)
          (1.749,-0.25,0)
          (2.249,-0.25,0)
     prism, center = (1.00055,-1.38778e-17,0.5)
          height 1, axis (0,0,1), sidewall angle: 0 radians, 4 vertices:
          (0.750551,-0.25,0)
          (0.750551,0.25,0)
          (1.25055,0.25,0)
          (1.25055,-0.25,0)
     prism, center = (0.000447214,-1.38778e-17,0.5)
          height 1, axis (0,0,1), sidewall angle: 0 radians, 4 vertices:
          (-0.249553,-0.25,0)
          (0.250447,-0.25,0)
          (0.250447,0.25,0)
          (-0.249553,0.25,0)
Geometric object tree has depth 2 and 21 object nodes (vs. 4 actual objects)
Initializing epsilon function...
Allocating fields...
Solving for band polarization: te.
Initializing fields to random numbers...
1 k-points
  Vector3<-0.09, 0.14, 0.0>
elapsed time for initialization: 0.05605936050415039
solve_kpoint (-0.09,0.14,0):
tefreqs:, k index, k1, k2, k3, kmag/2pi, te band 1, te band 2, te band 3, te band 4, te band 5, te band 6
Solving for bands 1 to 6...
    near maximum in trace
    iteration    1: trace = 2.293975256459803 (199.681% change)
    iteration    2: trace = 0.615457317114799 (115.385% change)
    iteration    3: trace = 0.4382779664212202 (33.6288% change)
    iteration    4: trace = 0.4114473896038343 (6.31512% change)
    iteration    5: trace = 0.4016678895891448 (2.40544% change)
    iteration    6: trace = 0.3988476117942604 (0.704615% change)
    iteration    7: trace = 0.3966107627160529 (0.562405% change)
    iteration    8: trace = 0.3957444413056642 (0.21867% change)
    iteration    9: trace = 0.3953737369892825 (0.0937165% change)
    iteration   10: trace = 0.3953038038367809 (0.0176894% change)
    iteration   11: trace = 0.3952810638550229 (0.0057527% change)
    iteration   12: trace = 0.3952750780231781 (0.00151433% change)
    iteration   13: trace = 0.395271181949726 (0.000985666% change)
    iteration   14: trace = 0.3952697348362537 (0.000366107% change)
    iteration   15: trace = 0.3952691065766876 (0.000158945% change)
    iteration   16: trace = 0.3952689781287245 (3.24963e-05% change)
    iteration   17: trace = 0.3952689339485284 (1.11772e-05% change)
    iteration   18: trace = 0.3952689205671582 (3.38538e-06% change)
    iteration   19: trace = 0.3952689131825111 (1.86826e-06% change)
    iteration   20: trace = 0.3952689106221235 (6.47758e-07% change)
    iteration   21: trace = 0.3952689098732483 (1.8946e-07% change)
    iteration   22: trace = 0.3952689097277242 (3.68165e-08% change)
    iteration   23: trace = 0.3952689096946649 (8.36376e-09% change)
Finished solving for bands 1 to 6 after 23 iterations.
tefreqs:, 1, -0.09, 0.14, 0, 0.143178, 0.0644876, 0.14891, 0.171585, 0.300853, 0.322476, 0.380777
elapsed time for k point: 2.489614725112915
total elapsed time for run: 2.545750617980957
done
Initializing eigensolver data
Computing 6 bands with 1e-10 tolerance
Working in 2 dimensions.
Grid size is 288 x 96 x 1.
Solving for 6 bands at a time.
Creating Maxwell data...
Mesh size is 3.
Lattice vectors:
     (3, 0, 0)
     (0, 1, 0)
     (0, 0, 1)
Cell volume = 3
Reciprocal lattice vectors (/ 2 pi):
     (0.333333, -0, 0)
     (-0, 1, -0)
     (0, -0, 1)
Geometric objects:
     block, center = (0,0,0)
          size (1e+20,1e+20,1)
          axes (1,0,0), (0,1,0), (0,0,1)
     prism, center = (0.001,-1.38778e-17,0.5)
          height 1, axis (0,0,1), sidewall angle: 0 radians, 4 vertices:
          (0.251,0.25,0)
          (-0.249,0.25,0)
          (-0.249,-0.25,0)
          (0.251,-0.25,0)
     prism, center = (1.001,-1.38778e-17,0.5)
          height 1, axis (0,0,1), sidewall angle: 0 radians, 4 vertices:
          (1.251,0.25,0)
          (0.751,0.25,0)
          (0.751,-0.25,0)
          (1.251,-0.25,0)
     prism, center = (2.001,-1.38778e-17,0.5)
          height 1, axis (0,0,1), sidewall angle: 0 radians, 4 vertices:
          (2.251,0.25,0)
          (1.751,0.25,0)
          (1.751,-0.25,0)
          (2.251,-0.25,0)
Geometric object tree has depth 2 and 21 object nodes (vs. 4 actual objects)
Initializing epsilon function...
Allocating fields...
Solving for band polarization: te.
Initializing fields to random numbers...
1 k-points
  Vector3<-0.09, 0.14, 0.0>
elapsed time for initialization: 0.029877901077270508
solve_kpoint (-0.09,0.14,0):
tefreqs:, k index, k1, k2, k3, kmag/2pi, te band 1, te band 2, te band 3, te band 4, te band 5, te band 6
Solving for bands 1 to 6...
    near maximum in trace
    iteration    1: trace = 2.07199495728852 (199.713% change)
    iteration    2: trace = 0.5182750100653085 (119.966% change)
    iteration    3: trace = 0.4453517288868431 (15.1352% change)
    iteration    4: trace = 0.4210759159554969 (5.60366% change)
    iteration    5: trace = 0.4129376612283668 (1.95159% change)
    iteration    6: trace = 0.4067700190145249 (1.50484% change)
    iteration    7: trace = 0.4020753913893963 (1.16082% change)
    iteration    8: trace = 0.397299119485106 (1.195% change)
    iteration    9: trace = 0.3958960556141023 (0.353775% change)
    iteration   10: trace = 0.3953397162039352 (0.140625% change)
    iteration   11: trace = 0.3951915780959043 (0.0374781% change)
    iteration   12: trace = 0.3951107985417398 (0.0204427% change)
    iteration   13: trace = 0.3950822376604251 (0.00722884% change)
    iteration   14: trace = 0.3950684126178297 (0.00349934% change)
    iteration   15: trace = 0.3950652860087316 (0.000791413% change)
    iteration   16: trace = 0.3950644590189831 (0.00020933% change)
    iteration   17: trace = 0.3950642662455537 (4.87954e-05% change)
    iteration   18: trace = 0.3950641857608745 (2.03726e-05% change)
    iteration   19: trace = 0.3950641529540161 (8.30418e-06% change)
    iteration   20: trace = 0.3950641391101629 (3.5042e-06% change)
    iteration   21: trace = 0.395064135251819 (9.76637e-07% change)
    iteration   22: trace = 0.3950641342607352 (2.50867e-07% change)
    iteration   23: trace = 0.3950641340560234 (5.18174e-08% change)
    iteration   24: trace = 0.3950641340157566 (1.01925e-08% change)
    iteration   25: trace = 0.3950641340027753 (3.28587e-09% change)
Finished solving for bands 1 to 6 after 25 iterations.
tefreqs:, 1, -0.09, 0.14, 0, 0.143178, 0.0644634, 0.148896, 0.171568, 0.300806, 0.32242, 0.380611
elapsed time for k point: 2.898261070251465
total elapsed time for run: 2.9282219409942627
done
Initializing eigensolver data
Computing 6 bands with 1e-10 tolerance
Working in 2 dimensions.
Grid size is 288 x 96 x 1.
Solving for 6 bands at a time.
Creating Maxwell data...
Mesh size is 3.
Lattice vectors:
     (3, 0, 0)
     (0, 1, 0)
     (0, 0, 1)
Cell volume = 3
Reciprocal lattice vectors (/ 2 pi):
     (0.333333, -0, 0)
     (-0, 1, -0)
     (0, -0, 1)
Geometric objects:
     block, center = (0,0,0)
          size (1e+20,1e+20,1)
          axes (1,0,0), (0,1,0), (0,0,1)
     prism, center = (-0.001,-1.38778e-17,0.5)
          height 1, axis (0,0,1), sidewall angle: 0 radians, 4 vertices:
          (0.249,0.25,0)
          (-0.251,0.25,0)
          (-0.251,-0.25,0)
          (0.249,-0.25,0)
     prism, center = (0.999,-1.38778e-17,0.5)
          height 1, axis (0,0,1), sidewall angle: 0 radians, 4 vertices:
          (1.249,0.25,0)
          (0.749,0.25,0)
          (0.749,-0.25,0)
          (1.249,-0.25,0)
     prism, center = (1.999,-1.38778e-17,0.5)
          height 1, axis (0,0,1), sidewall angle: 0 radians, 4 vertices:
          (2.249,0.25,0)
          (1.749,0.25,0)
          (1.749,-0.25,0)
          (2.249,-0.25,0)
Geometric object tree has depth 2 and 21 object nodes (vs. 4 actual objects)
Initializing epsilon function...
Allocating fields...
Solving for band polarization: te.
Initializing fields to random numbers...
1 k-points
  Vector3<-0.09, 0.14, 0.0>
elapsed time for initialization: 0.0352931022644043
solve_kpoint (-0.09,0.14,0):
tefreqs:, k index, k1, k2, k3, kmag/2pi, te band 1, te band 2, te band 3, te band 4, te band 5, te band 6
Solving for bands 1 to 6...
    near maximum in trace
    iteration    1: trace = 2.00139804494706 (199.723% change)
    iteration    2: trace = 0.5711768596237762 (111.19% change)
    iteration    3: trace = 0.4472752843430756 (24.3313% change)
    iteration    4: trace = 0.412541510212002 (8.07934% change)
    iteration    5: trace = 0.4008621405124778 (2.87173% change)
    iteration    6: trace = 0.3976340442182205 (0.808544% change)
    iteration    7: trace = 0.3962968214389171 (0.336861% change)
    iteration    8: trace = 0.3956246489317968 (0.169757% change)
    iteration    9: trace = 0.3952561975722619 (0.0931749% change)
    iteration   10: trace = 0.3951367919945857 (0.0302142% change)
    iteration   11: trace = 0.3951021694152038 (0.00876256% change)
    iteration   12: trace = 0.3950931798191319 (0.00227528% change)
    iteration   13: trace = 0.3950905807870149 (0.00065783% change)
    iteration   14: trace = 0.3950894967514666 (0.000274377% change)
    iteration   15: trace = 0.3950889341750393 (0.000142392% change)
    iteration   16: trace = 0.3950886757665881 (6.54052e-05% change)
    iteration   17: trace = 0.3950886012812432 (1.88528e-05% change)
    iteration   18: trace = 0.3950885844488598 (4.26041e-06% change)
    iteration   19: trace = 0.3950885816223008 (7.15424e-07% change)
    iteration   20: trace = 0.3950885809356031 (1.73809e-07% change)
    iteration   21: trace = 0.3950885807257625 (5.31123e-08% change)
    iteration   22: trace = 0.3950885806369186 (2.24871e-08% change)
    iteration   23: trace = 0.395088580603289 (8.51191e-09% change)
Finished solving for bands 1 to 6 after 23 iterations.
tefreqs:, 1, -0.09, 0.14, 0, 0.143178, 0.0644648, 0.148897, 0.171574, 0.300815, 0.322433, 0.380621
elapsed time for k point: 3.139504909515381
total elapsed time for run: 3.1748833656311035
done
Initializing eigensolver data
Computing 6 bands with 1e-10 tolerance
Working in 2 dimensions.
Grid size is 336 x 112 x 1.
Solving for 6 bands at a time.
Creating Maxwell data...
Mesh size is 3.
Lattice vectors:
     (3, 0, 0)
     (0, 1, 0)
     (0, 0, 1)
Cell volume = 3
Reciprocal lattice vectors (/ 2 pi):
     (0.333333, -0, 0)
     (-0, 1, -0)
     (0, -0, 1)
Geometric objects:
     block, center = (0,0,0)
          size (1e+20,1e+20,1)
          axes (1,0,0), (0,1,0), (0,0,1)
     prism, center = (-0.000894427,-1.38778e-17,0.5)
          height 1, axis (0,0,1), sidewall angle: 0 radians, 4 vertices:
          (0.249106,0.25,0)
          (-0.250894,0.25,0)
          (-0.250894,-0.25,0)
          (0.249106,-0.25,0)
     prism, center = (0.998898,-1.38778e-17,0.5)
          height 1, axis (0,0,1), sidewall angle: 0 radians, 4 vertices:
          (1.2489,0.25,0)
          (0.748898,0.25,0)
          (0.748898,-0.25,0)
          (1.2489,-0.25,0)
     prism, center = (2.002,-1.38778e-17,0.5)
          height 1, axis (0,0,1), sidewall angle: 0 radians, 4 vertices:
          (2.252,0.25,0)
          (1.752,0.25,0)
          (1.752,-0.25,0)
          (2.252,-0.25,0)
Geometric object tree has depth 2 and 21 object nodes (vs. 4 actual objects)
Initializing epsilon function...
Allocating fields...
Solving for band polarization: te.
Initializing fields to random numbers...
1 k-points
  Vector3<-0.09, 0.14, 0.0>
elapsed time for initialization: 0.08371710777282715
solve_kpoint (-0.09,0.14,0):
tefreqs:, k index, k1, k2, k3, kmag/2pi, te band 1, te band 2, te band 3, te band 4, te band 5, te band 6
Solving for bands 1 to 6...
    near maximum in trace
    iteration    1: trace = 2.152610621119494 (199.781% change)
    iteration    2: trace = 0.5153721217560365 (122.732% change)
    iteration    3: trace = 0.4470760699087904 (14.1922% change)
    iteration    4: trace = 0.4240569947748561 (5.28486% change)
    iteration    5: trace = 0.4147641724431862 (2.21569% change)
    iteration    6: trace = 0.4066806848053544 (1.96811% change)
    iteration    7: trace = 0.4013828015682748 (1.31125% change)
    iteration    8: trace = 0.3972160414767525 (1.04352% change)
    iteration    9: trace = 0.3960099467951729 (0.304099% change)
    iteration   10: trace = 0.3955951839740867 (0.10479% change)
    iteration   11: trace = 0.3955169626990972 (0.019775% change)
    iteration   12: trace = 0.3954860649342469 (0.0078123% change)
    iteration   13: trace = 0.3954748176237163 (0.00284396% change)
    iteration   14: trace = 0.395469449890284 (0.0013573% change)
    iteration   15: trace = 0.3954679562440959 (0.00037769% change)
    iteration   16: trace = 0.3954675200362921 (0.000110302% change)
    iteration   17: trace = 0.3954674103611251 (2.7733e-05% change)
    iteration   18: trace = 0.3954673685974783 (1.05606e-05% change)
    iteration   19: trace = 0.3954673485960317 (5.05767e-06% change)
    iteration   20: trace = 0.3954673376218689 (2.77499e-06% change)
    iteration   21: trace = 0.3954673336192359 (1.01213e-06% change)
    iteration   22: trace = 0.395467332592141 (2.59717e-07% change)
    iteration   23: trace = 0.3954673323355058 (6.48941e-08% change)
    iteration   24: trace = 0.3954673322807062 (1.38569e-08% change)
    iteration   25: trace = 0.3954673322565954 (6.09681e-09% change)
Finished solving for bands 1 to 6 after 25 iterations.
tefreqs:, 1, -0.09, 0.14, 0, 0.143178, 0.0645004, 0.148936, 0.171613, 0.300945, 0.322571, 0.38086
elapsed time for k point: 2.41536021232605
total elapsed time for run: 2.4991672039031982
done
Initializing eigensolver data
Computing 6 bands with 1e-10 tolerance
Working in 2 dimensions.
Grid size is 336 x 112 x 1.
Solving for 6 bands at a time.
Creating Maxwell data...
Mesh size is 3.
Lattice vectors:
     (3, 0, 0)
     (0, 1, 0)
     (0, 0, 1)
Cell volume = 3
Reciprocal lattice vectors (/ 2 pi):
     (0.333333, -0, 0)
     (-0, 1, -0)
     (0, -0, 1)
Geometric objects:
     block, center = (0,0,0)
          size (1e+20,1e+20,1)
          axes (1,0,0), (0,1,0), (0,0,1)
     prism, center = (-0.000447214,-1.38778e-17,0.5)
          height 1, axis (0,0,1), sidewall angle: 0 radians, 4 vertices:
          (0.249553,0.25,0)
          (-0.250447,0.25,0)
          (-0.250447,-0.25,0)
          (0.249553,-0.25,0)
     prism, center = (0.999449,-1.38778e-17,0.5)
          height 1, axis (0,0,1), sidewall angle: 0 radians, 4 vertices:
          (1.24945,0.25,0)
          (0.749449,0.25,0)
          (0.749449,-0.25,0)
          (1.24945,-0.25,0)
     prism, center = (2.001,-1.38778e-17,0.5)
          height 1, axis (0,0,1), sidewall angle: 0 radians, 4 vertices:
          (2.251,0.25,0)
          (1.751,0.25,0)
          (1.751,-0.25,0)
          (2.251,-0.25,0)
Geometric object tree has depth 2 and 21 object nodes (vs. 4 actual objects)
Initializing epsilon function...
Allocating fields...
Solving for band polarization: te.
Initializing fields to random numbers...
1 k-points
  Vector3<-0.09, 0.14, 0.0>
elapsed time for initialization: 0.04163527488708496
solve_kpoint (-0.09,0.14,0):
tefreqs:, k index, k1, k2, k3, kmag/2pi, te band 1, te band 2, te band 3, te band 4, te band 5, te band 6
Solving for bands 1 to 6...
    near maximum in trace
    iteration    1: trace = 1.788541077793632 (199.818% change)
    iteration    2: trace = 0.5172518763315986 (110.269% change)
    iteration    3: trace = 0.455013582810607 (12.8027% change)
    iteration    4: trace = 0.4314258072944804 (5.32192% change)
    iteration    5: trace = 0.4227387669337218 (2.03404% change)
    iteration    6: trace = 0.4182714934226471 (1.06236% change)
    iteration    7: trace = 0.4162381200011456 (0.487322% change)
    large trace change predicted (1.74761%)
    iteration    8: trace = 0.410310690532403 (1.43426% change)
    iteration    9: trace = 0.4035150272659844 (1.67005% change)
    iteration   10: trace = 0.3982770792971257 (1.30656% change)
    iteration   11: trace = 0.3966434736931076 (0.411011% change)
    iteration   12: trace = 0.3959086748253068 (0.185426% change)
    iteration   13: trace = 0.3956591960016164 (0.0630341% change)
    iteration   14: trace = 0.3955284685707944 (0.0330459% change)
    iteration   15: trace = 0.3954840289446619 (0.0112361% change)
    iteration   16: trace = 0.3954639510242458 (0.00507693% change)
    iteration   17: trace = 0.3954595650886437 (0.00110907% change)
    iteration   18: trace = 0.3954583706212946 (0.000302046% change)
    iteration   19: trace = 0.3954580876625843 (7.15521e-05% change)
    iteration   20: trace = 0.3954579307594813 (3.96763e-05% change)
    iteration   21: trace = 0.3954578690925193 (1.55938e-05% change)
    iteration   22: trace = 0.3954578495708222 (4.93648e-06% change)
    iteration   23: trace = 0.3954578447403504 (1.22149e-06% change)
    iteration   24: trace = 0.3954578435095856 (3.11225e-07% change)
    iteration   25: trace = 0.3954578431158645 (9.95608e-08% change)
    iteration   26: trace = 0.3954578429676929 (3.74684e-08% change)
    iteration   27: trace = 0.3954578428673578 (2.53719e-08% change)
    iteration   28: trace = 0.3954578428268456 (1.02444e-08% change)
    iteration   29: trace = 0.3954578428158727 (2.77473e-09% change)
Finished solving for bands 1 to 6 after 29 iterations.
tefreqs:, 1, -0.09, 0.14, 0, 0.143178, 0.0644977, 0.148936, 0.171612, 0.300949, 0.322569, 0.380847
elapsed time for k point: 3.7249789237976074
total elapsed time for run: 3.7667012214660645
done
Initializing eigensolver data
Computing 6 bands with 1e-10 tolerance
Working in 2 dimensions.
Grid size is 336 x 112 x 1.
Solving for 6 bands at a time.
Creating Maxwell data...
Mesh size is 3.
Lattice vectors:
     (3, 0, 0)
     (0, 1, 0)
     (0, 0, 1)
Cell volume = 3
Reciprocal lattice vectors (/ 2 pi):
     (0.333333, -0, 0)
     (-0, 1, -0)
     (0, -0, 1)
Geometric objects:
     block, center = (0,0,0)
          size (1e+20,1e+20,1)
          axes (1,0,0), (0,1,0), (0,0,1)
     prism, center = (-0.000223607,-1.38778e-17,0.5)
          height 1, axis (0,0,1), sidewall angle: 0 radians, 4 vertices:
          (0.249776,0.25,0)
          (-0.250224,0.25,0)
          (-0.250224,-0.25,0)
          (0.249776,-0.25,0)
     prism, center = (0.999725,-1.38778e-17,0.5)
          height 1, axis (0,0,1), sidewall angle: 0 radians, 4 vertices:
          (1.24972,0.25,0)
          (0.749725,0.25,0)
          (0.749725,-0.25,0)
          (1.24972,-0.25,0)
     prism, center = (2.0005,-1.38778e-17,0.5)
          height 1, axis (0,0,1), sidewall angle: 0 radians, 4 vertices:
          (2.2505,0.25,0)
          (1.7505,0.25,0)
          (1.7505,-0.25,0)
          (2.2505,-0.25,0)
Geometric object tree has depth 2 and 21 object nodes (vs. 4 actual objects)
Initializing epsilon function...
Allocating fields...
Solving for band polarization: te.
Initializing fields to random numbers...
1 k-points
  Vector3<-0.09, 0.14, 0.0>
elapsed time for initialization: 0.07462120056152344
solve_kpoint (-0.09,0.14,0):
tefreqs:, k index, k1, k2, k3, kmag/2pi, te band 1, te band 2, te band 3, te band 4, te band 5, te band 6
Solving for bands 1 to 6...
    near maximum in trace
    iteration    1: trace = 2.206934284509755 (199.777% change)
    iteration    2: trace = 0.6047899206971223 (113.962% change)
    iteration    3: trace = 0.4361723410780593 (32.3965% change)
    iteration    4: trace = 0.4144254425024265 (5.11332% change)
    iteration    5: trace = 0.4039486743339468 (2.56039% change)
    iteration    6: trace = 0.4001901316247718 (0.934799% change)
    iteration    7: trace = 0.3973272945383498 (0.717937% change)
    iteration    8: trace = 0.3961420898529679 (0.29874% change)
    iteration    9: trace = 0.3956110785089879 (0.134136% change)
    iteration   10: trace = 0.3955075804245654 (0.026165% change)
    iteration   11: trace = 0.3954610882784578 (0.0117557% change)
    iteration   12: trace = 0.3954404144384701 (0.00522792% change)
    iteration   13: trace = 0.3954295177720427 (0.00275562% change)
    iteration   14: trace = 0.3954270558986765 (0.000622584% change)
    iteration   15: trace = 0.3954263353154637 (0.000182229% change)
    iteration   16: trace = 0.3954262221346992 (2.86225e-05% change)
    iteration   17: trace = 0.3954261820493029 (1.01373e-05% change)
    iteration   18: trace = 0.395426168265629 (3.48578e-06% change)
    iteration   19: trace = 0.3954261606221475 (1.93297e-06% change)
    iteration   20: trace = 0.3954261580013181 (6.62786e-07% change)
    iteration   21: trace = 0.3954261570455875 (2.41696e-07% change)
    iteration   22: trace = 0.3954261568301857 (5.44733e-08% change)
    iteration   23: trace = 0.3954261567776182 (1.32939e-08% change)
    iteration   24: trace = 0.3954261567622092 (3.89682e-09% change)
Finished solving for bands 1 to 6 after 24 iterations.
tefreqs:, 1, -0.09, 0.14, 0, 0.143178, 0.0644922, 0.148933, 0.171609, 0.300945, 0.322564, 0.380815
elapsed time for k point: 2.2748799324035645
total elapsed time for run: 2.3495848178863525
done
Initializing eigensolver data
Computing 12 bands with 1e-10 tolerance
Working in 2 dimensions.
Grid size is 336 x 112 x 1.
Solving for 6 bands at a time.
Creating Maxwell data...
Mesh size is 3.
Lattice vectors:
     (3, 0, 0)
     (0, 1, 0)
     (0, 0, 1)
Cell volume = 3
Reciprocal lattice vectors (/ 2 pi):
     (0.333333, -0, 0)
     (-0, 1, -0)
     (0, -0, 1)
Geometric objects:
     block, center = (0,0,0)
          size (1e+20,1e+20,1)
          axes (1,0,0), (0,1,0), (0,0,1)
     prism, center = (-2.08167e-17,-1.38778e-17,0.5)
          height 1, axis (0,0,1), sidewall angle: 0 radians, 4 vertices:
          (0.25,0.25,0)
          (-0.25,0.25,0)
          (-0.25,-0.25,0)
          (0.25,-0.25,0)
     prism, center = (1,-1.38778e-17,0.5)
          height 1, axis (0,0,1), sidewall angle: 0 radians, 4 vertices:
          (1.25,0.25,0)
          (0.75,0.25,0)
          (0.75,-0.25,0)
          (1.25,-0.25,0)
     prism, center = (2,-1.38778e-17,0.5)
          height 1, axis (0,0,1), sidewall angle: 0 radians, 4 vertices:
          (2.25,0.25,0)
          (1.75,0.25,0)
          (1.75,-0.25,0)
          (2.25,-0.25,0)
Geometric object tree has depth 2 and 21 object nodes (vs. 4 actual objects)
Initializing epsilon function...
Allocating fields...
Solving for band polarization: te.
Initializing fields to random numbers...
1 k-points
  Vector3<-0.09, 0.14, 0.0>
elapsed time for initialization: 0.10315370559692383
solve_kpoint (-0.09,0.14,0):
tefreqs:, k index, k1, k2, k3, kmag/2pi, te band 1, te band 2, te band 3, te band 4, te band 5, te band 6, te band 7, te band 8, te band 9, te band 10, te band 11, te band 12
Solving for bands 1 to 6...
    near maximum in trace
    iteration    1: trace = 2.971947284483968 (199.699% change)
    iteration    2: trace = 0.6775791146089676 (125.735% change)
    iteration    3: trace = 0.4482101158819709 (40.7481% change)
    iteration    4: trace = 0.4198211727911275 (6.541% change)
    iteration    5: trace = 0.4057796388755868 (3.40153% change)
    iteration    6: trace = 0.4013722055036107 (1.0921% change)
    iteration    7: trace = 0.3980861269818385 (0.822076% change)
    iteration    8: trace = 0.3966486460402653 (0.361751% change)
    iteration    9: trace = 0.3959597435547745 (0.173832% change)
    iteration   10: trace = 0.3958195768363462 (0.0354055% change)
    iteration   11: trace = 0.3957680758562716 (0.0130121% change)
    iteration   12: trace = 0.3957546641166058 (0.00338885% change)
    iteration   13: trace = 0.3957468962711632 (0.00196281% change)
    iteration   14: trace = 0.3957440453516645 (0.000720392% change)
    iteration   15: trace = 0.3957427106654324 (0.000337261% change)
    iteration   16: trace = 0.3957424149412803 (7.47264e-05% change)
    iteration   17: trace = 0.3957423076497936 (2.71114e-05% change)
    iteration   18: trace = 0.395742279208698 (7.18677e-06% change)
    iteration   19: trace = 0.3957422650108946 (3.58764e-06% change)
    iteration   20: trace = 0.395742258900893 (1.54393e-06% change)
    iteration   21: trace = 0.3957422564377545 (6.2241e-07% change)
    iteration   22: trace = 0.3957422559066465 (1.34206e-07% change)
    iteration   23: trace = 0.3957422557969752 (2.77128e-08% change)
    iteration   24: trace = 0.3957422557736317 (5.89866e-09% change)
Finished solving for bands 1 to 6 after 24 iterations.
Solving for bands 7 to 12...
    near maximum in trace
    iteration    1: trace = 7.043467246061802 (199.289% change)
    iteration    2: trace = 1.678053738225068 (123.038% change)
    iteration    3: trace = 1.369095758331501 (20.2785% change)
    iteration    4: trace = 1.272203901150366 (7.33668% change)
    iteration    5: trace = 1.240744532959771 (2.50378% change)
    iteration    6: trace = 1.228718967002554 (0.973942% change)
    iteration    7: trace = 1.224097806896518 (0.376804% change)
    iteration    8: trace = 1.220757198523531 (0.273277% change)
    iteration    9: trace = 1.218492694727696 (0.185672% change)
    iteration   10: trace = 1.216278918441282 (0.181847% change)
    iteration   11: trace = 1.21464235493179 (0.134646% change)
    iteration   12: trace = 1.213546727250227 (0.0902424% change)
    iteration   13: trace = 1.213038991437927 (0.0418478% change)
    iteration   14: trace = 1.212638367917363 (0.0330319% change)
    iteration   15: trace = 1.212394442738126 (0.0201173% change)
    iteration   16: trace = 1.212246941797878 (0.0121668% change)
    iteration   17: trace = 1.212169837350465 (0.00636066% change)
    iteration   18: trace = 1.212096611261158 (0.00604109% change)
    iteration   19: trace = 1.212038545086162 (0.00479067% change)
    iteration   20: trace = 1.211989108498819 (0.00407888% change)
    iteration   21: trace = 1.211960639788451 (0.00234895% change)
    iteration   22: trace = 1.211938629498833 (0.00181611% change)
    iteration   23: trace = 1.211926911646858 (0.000966873% change)
    iteration   24: trace = 1.211919196022228 (0.000636643% change)
    iteration   25: trace = 1.211915116173909 (0.000336644% change)
    iteration   26: trace = 1.211912858943557 (0.000186253% change)
    iteration   27: trace = 1.211912235726059 (5.14243e-05% change)
    iteration   28: trace = 1.211911971095111 (2.18358e-05% change)
    iteration   29: trace = 1.211911820186083 (1.24521e-05% change)
    iteration   30: trace = 1.211911699371911 (9.96889e-06% change)
    iteration   31: trace = 1.211911637477328 (5.10719e-06% change)
    iteration   32: trace = 1.211911602219325 (2.90929e-06% change)
    iteration   33: trace = 1.211911588286297 (1.14967e-06% change)
    iteration   34: trace = 1.211911582435747 (4.82754e-07% change)
    iteration   35: trace = 1.211911580047314 (1.9708e-07% change)
    iteration   36: trace = 1.211911578491529 (1.28374e-07% change)
    iteration   37: trace = 1.211911577222673 (1.04699e-07% change)
    iteration   38: trace = 1.211911576085622 (9.38229e-08% change)
    iteration   39: trace = 1.211911575290499 (6.5609e-08% change)
    iteration   40: trace = 1.211911574669507 (5.12407e-08% change)
    iteration   41: trace = 1.211911574262266 (3.36032e-08% change)
    iteration   42: trace = 1.211911574031461 (1.90446e-08% change)
    iteration   43: trace = 1.211911573901916 (1.06894e-08% change)
    iteration   44: trace = 1.211911573828049 (6.09507e-09% change)
Finished solving for bands 7 to 12 after 44 iterations.
Finished k-point with 34 mean iterations/band.
tefreqs:, 1, -0.09, 0.14, 0, 0.143178, 0.0645309, 0.148962, 0.171635, 0.301023, 0.322646, 0.38107, 0.409903, 0.416759, 0.425988, 0.467784, 0.479652, 0.489744
elapsed time for k point: 9.243059396743774
total elapsed time for run: 9.346301078796387
done
Initializing eigensolver data
Computing 6 bands with 1e-10 tolerance
Working in 2 dimensions.
Grid size is 336 x 112 x 1.
Solving for 6 bands at a time.
Creating Maxwell data...
Mesh size is 3.
Lattice vectors:
     (3, 0, 0)
     (0, 1, 0)
     (0, 0, 1)
Cell volume = 3
Reciprocal lattice vectors (/ 2 pi):
     (0.333333, -0, 0)
     (-0, 1, -0)
     (0, -0, 1)
Geometric objects:
     block, center = (0,0,0)
          size (1e+20,1e+20,1)
          axes (1,0,0), (0,1,0), (0,0,1)
     prism, center = (0.000223607,-1.38778e-17,0.5)
          height 1, axis (0,0,1), sidewall angle: 0 radians, 4 vertices:
          (0.250224,0.25,0)
          (-0.249776,0.25,0)
          (-0.249776,-0.25,0)
          (0.250224,-0.25,0)
     prism, center = (1.00028,-1.38778e-17,0.5)
          height 1, axis (0,0,1), sidewall angle: 0 radians, 4 vertices:
          (1.25028,0.25,0)
          (0.750275,0.25,0)
          (0.750275,-0.25,0)
          (1.25028,-0.25,0)
     prism, center = (1.9995,-1.38778e-17,0.5)
          height 1, axis (0,0,1), sidewall angle: 0 radians, 4 vertices:
          (2.2495,0.25,0)
          (1.7495,0.25,0)
          (1.7495,-0.25,0)
          (2.2495,-0.25,0)
Geometric object tree has depth 2 and 21 object nodes (vs. 4 actual objects)
Initializing epsilon function...
Allocating fields...
Solving for band polarization: te.
Initializing fields to random numbers...
1 k-points
  Vector3<-0.09, 0.14, 0.0>
elapsed time for initialization: 0.039400339126586914
solve_kpoint (-0.09,0.14,0):
tefreqs:, k index, k1, k2, k3, kmag/2pi, te band 1, te band 2, te band 3, te band 4, te band 5, te band 6
Solving for bands 1 to 6...
    near maximum in trace
    iteration    1: trace = 2.196252098096592 (199.776% change)
    iteration    2: trace = 0.6043231889594728 (113.686% change)
    iteration    3: trace = 0.4437002549158752 (30.6525% change)
    iteration    4: trace = 0.4233548058385878 (4.693% change)
    iteration    5: trace = 0.4130066597406056 (2.47456% change)
    iteration    6: trace = 0.4084226058977269 (1.11612% change)
    iteration    7: trace = 0.4016824973754363 (1.66401% change)
    iteration    8: trace = 0.3976775193766082 (1.00205% change)
    iteration    9: trace = 0.396022948465627 (0.416926% change)
    iteration   10: trace = 0.3956535625408475 (0.0933174% change)
    iteration   11: trace = 0.395521116098722 (0.033481% change)
    iteration   12: trace = 0.3954695155879722 (0.0130471% change)
    iteration   13: trace = 0.3954399319234675 (0.00748092% change)
    iteration   14: trace = 0.3954304097440107 (0.00240803% change)
    iteration   15: trace = 0.3954271324865839 (0.000828786% change)
    iteration   16: trace = 0.3954264401182326 (0.000175094% change)
    iteration   17: trace = 0.3954262078915677 (5.87282e-05% change)
    iteration   18: trace = 0.3954261420143607 (1.66598e-05% change)
    iteration   19: trace = 0.3954261083975077 (8.50142e-06% change)
    iteration   20: trace = 0.3954260966156233 (2.97954e-06% change)
    iteration   21: trace = 0.3954260926046033 (1.01435e-06% change)
    iteration   22: trace = 0.3954260916972152 (2.29471e-07% change)
    iteration   23: trace = 0.3954260914697714 (5.75187e-08% change)
    iteration   24: trace = 0.3954260914036728 (1.67158e-08% change)
    iteration   25: trace = 0.3954260913742617 (7.43783e-09% change)
Finished solving for bands 1 to 6 after 25 iterations.
tefreqs:, 1, -0.09, 0.14, 0, 0.143178, 0.0644922, 0.148933, 0.171609, 0.300945, 0.322564, 0.380815
elapsed time for k point: 2.6969192028045654
total elapsed time for run: 2.7364041805267334
done
Initializing eigensolver data
Computing 6 bands with 1e-10 tolerance
Working in 2 dimensions.
Grid size is 336 x 112 x 1.
Solving for 6 bands at a time.
Creating Maxwell data...
Mesh size is 3.
Lattice vectors:
     (3, 0, 0)
     (0, 1, 0)
     (0, 0, 1)
Cell volume = 3
Reciprocal lattice vectors (/ 2 pi):
     (0.333333, -0, 0)
     (-0, 1, -0)
     (0, -0, 1)
Geometric objects:
     block, center = (0,0,0)
          size (1e+20,1e+20,1)
          axes (1,0,0), (0,1,0), (0,0,1)
     prism, center = (0.000447214,-1.38778e-17,0.5)
          height 1, axis (0,0,1), sidewall angle: 0 radians, 4 vertices:
          (0.250447,0.25,0)
          (-0.249553,0.25,0)
          (-0.249553,-0.25,0)
          (0.250447,-0.25,0)
     prism, center = (1.00055,-1.38778e-17,0.5)
          height 1, axis (0,0,1), sidewall angle: 0 radians, 4 vertices:
          (1.25055,0.25,0)
          (0.750551,0.25,0)
          (0.750551,-0.25,0)
          (1.25055,-0.25,0)
     prism, center = (1.999,-1.38778e-17,0.5)
          height 1, axis (0,0,1), sidewall angle: 0 radians, 4 vertices:
          (2.249,0.25,0)
          (1.749,0.25,0)
          (1.749,-0.25,0)
          (2.249,-0.25,0)
Geometric object tree has depth 2 and 21 object nodes (vs. 4 actual objects)
Initializing epsilon function...
Allocating fields...
Solving for band polarization: te.
Initializing fields to random numbers...
1 k-points
  Vector3<-0.09, 0.14, 0.0>
elapsed time for initialization: 0.044137001037597656
solve_kpoint (-0.09,0.14,0):
tefreqs:, k index, k1, k2, k3, kmag/2pi, te band 1, te band 2, te band 3, te band 4, te band 5, te band 6
Solving for bands 1 to 6...
    near maximum in trace
    iteration    1: trace = 2.480806535291217 (199.75% change)
    iteration    2: trace = 0.5961111012007854 (122.505% change)
    iteration    3: trace = 0.4812878038032921 (21.3149% change)
    iteration    4: trace = 0.441920136469409 (8.52845% change)
    iteration    5: trace = 0.4286260761259042 (3.05419% change)
    iteration    6: trace = 0.4227504126652816 (1.38027% change)
    iteration    7: trace = 0.4201292569236018 (0.621953% change)
    iteration    8: trace = 0.4153175881175596 (1.15188% change)
    iteration    9: trace = 0.4078997061550676 (1.80217% change)
    iteration   10: trace = 0.4006944805978069 (1.78216% change)
    iteration   11: trace = 0.3977905703743153 (0.727355% change)
    iteration   12: trace = 0.3964382310510129 (0.340541% change)
    iteration   13: trace = 0.3959398692851235 (0.125789% change)
    iteration   14: trace = 0.3956215874263401 (0.0804187% change)
    iteration   15: trace = 0.395518627906595 (0.0260281% change)
    iteration   16: trace = 0.3954735595910348 (0.0113954% change)
    iteration   17: trace = 0.395463380598549 (0.00257391% change)
    iteration   18: trace = 0.3954596948216302 (0.000932019% change)
    iteration   19: trace = 0.3954585991210863 (0.00027707% change)
    iteration   20: trace = 0.3954579914079231 (0.000153673% change)
    iteration   21: trace = 0.3954577975961655 (4.90095e-05% change)
    iteration   22: trace = 0.3954577287229114 (1.74161e-05% change)
    iteration   23: trace = 0.3954577138100149 (3.77105e-06% change)
    iteration   24: trace = 0.3954577104498011 (8.49702e-07% change)
    iteration   25: trace = 0.39545770971463 (1.85904e-07% change)
    iteration   26: trace = 0.3954577095548153 (4.04126e-08% change)
    iteration   27: trace = 0.3954577094796096 (1.90174e-08% change)
    iteration   28: trace = 0.3954577094388498 (1.0307e-08% change)
    iteration   29: trace = 0.3954577094163554 (5.68821e-09% change)
Finished solving for bands 1 to 6 after 29 iterations.
tefreqs:, 1, -0.09, 0.14, 0, 0.143178, 0.0644977, 0.148936, 0.171612, 0.300949, 0.322569, 0.380847
elapsed time for k point: 2.733532667160034
total elapsed time for run: 2.777756452560425
done
Initializing eigensolver data
Computing 6 bands with 1e-10 tolerance
Working in 2 dimensions.
Grid size is 336 x 112 x 1.
Solving for 6 bands at a time.
Creating Maxwell data...
Mesh size is 3.
Lattice vectors:
     (3, 0, 0)
     (0, 1, 0)
     (0, 0, 1)
Cell volume = 3
Reciprocal lattice vectors (/ 2 pi):
     (0.333333, -0, 0)
     (-0, 1, -0)
     (0, -0, 1)
Geometric objects:
     block, center = (0,0,0)
          size (1e+20,1e+20,1)
          axes (1,0,0), (0,1,0), (0,0,1)
     prism, center = (0.000894427,-1.38778e-17,0.5)
          height 1, axis (0,0,1), sidewall angle: 0 radians, 4 vertices:
          (0.250894,0.25,0)
          (-0.249106,0.25,0)
          (-0.249106,-0.25,0)
          (0.250894,-0.25,0)
     prism, center = (1.0011,-1.38778e-17,0.5)
          height 1, axis (0,0,1), sidewall angle: 0 radians, 4 vertices:
          (1.2511,0.25,0)
          (0.751102,0.25,0)
          (0.751102,-0.25,0)
          (1.2511,-0.25,0)
     prism, center = (1.998,-1.38778e-17,0.5)
          height 1, axis (0,0,1), sidewall angle: 0 radians, 4 vertices:
          (2.248,0.25,0)
          (1.748,0.25,0)
          (1.748,-0.25,0)
          (2.248,-0.25,0)
Geometric object tree has depth 2 and 21 object nodes (vs. 4 actual objects)
Initializing epsilon function...
Allocating fields...
Solving for band polarization: te.
Initializing fields to random numbers...
1 k-points
  Vector3<-0.09, 0.14, 0.0>
elapsed time for initialization: 0.049349308013916016
solve_kpoint (-0.09,0.14,0):
tefreqs:, k index, k1, k2, k3, kmag/2pi, te band 1, te band 2, te band 3, te band 4, te band 5, te band 6
Solving for bands 1 to 6...
    near maximum in trace
    iteration    1: trace = 2.312449013213107 (199.765% change)
    iteration    2: trace = 0.6093097409029445 (116.583% change)
    iteration    3: trace = 0.4607862968165684 (27.7589% change)
    iteration    4: trace = 0.4252645527723621 (8.01799% change)
    iteration    5: trace = 0.4087541672966381 (3.95924% change)
    iteration    6: trace = 0.4029188200049753 (1.43786% change)
    iteration    7: trace = 0.3988897182791104 (1.005% change)
    iteration    8: trace = 0.3967935649643961 (0.526881% change)
    iteration    9: trace = 0.3958297903570184 (0.243186% change)
    iteration   10: trace = 0.3956033487579795 (0.0572232% change)
    iteration   11: trace = 0.3955232697675303 (0.0202443% change)
    iteration   12: trace = 0.3954933770786451 (0.00755804% change)
    iteration   13: trace = 0.3954766261716464 (0.00423554% change)
    iteration   14: trace = 0.3954703147581307 (0.00159591% change)
    iteration   15: trace = 0.3954681202199455 (0.00055492% change)
    iteration   16: trace = 0.395467631036703 (0.000123697% change)
    iteration   17: trace = 0.3954674874787019 (3.63008e-05% change)
    iteration   18: trace = 0.3954674354947647 (1.31449e-05% change)
    iteration   19: trace = 0.3954674112060685 (6.14177e-06% change)
    iteration   20: trace = 0.3954674006792315 (2.66187e-06% change)
    iteration   21: trace = 0.3954673970641855 (9.1412e-07% change)
    iteration   22: trace = 0.3954673961605287 (2.28503e-07% change)
    iteration   23: trace = 0.3954673959583334 (5.11282e-08% change)
    iteration   24: trace = 0.3954673959077093 (1.28011e-08% change)
    iteration   25: trace = 0.3954673958938383 (3.5075e-09% change)
Finished solving for bands 1 to 6 after 25 iterations.
tefreqs:, 1, -0.09, 0.14, 0, 0.143178, 0.0645004, 0.148937, 0.171613, 0.300945, 0.32257, 0.38086
elapsed time for k point: 2.4160687923431396
total elapsed time for run: 2.4655187129974365
done
Initializing eigensolver data
Computing 6 bands with 1e-10 tolerance
Working in 2 dimensions.
Grid size is 336 x 112 x 1.
Solving for 6 bands at a time.
Creating Maxwell data...
Mesh size is 3.
Lattice vectors:
     (3, 0, 0)
     (0, 1, 0)
     (0, 0, 1)
Cell volume = 3
Reciprocal lattice vectors (/ 2 pi):
     (0.333333, -0, 0)
     (-0, 1, -0)
     (0, -0, 1)
Geometric objects:
     block, center = (0,0,0)
          size (1e+20,1e+20,1)
          axes (1,0,0), (0,1,0), (0,0,1)
     prism, center = (0.0005,-1.38778e-17,0.5)
          height 1, axis (0,0,1), sidewall angle: 0 radians, 4 vertices:
          (0.2505,0.25,0)
          (-0.2495,0.25,0)
          (-0.2495,-0.25,0)
          (0.2505,-0.25,0)
     prism, center = (1,-1.38778e-17,0.5)
          height 1, axis (0,0,1), sidewall angle: 0 radians, 4 vertices:
          (1.25,0.25,0)
          (0.75,0.25,0)
          (0.75,-0.25,0)
          (1.25,-0.25,0)
     prism, center = (2,-1.38778e-17,0.5)
          height 1, axis (0,0,1), sidewall angle: 0 radians, 4 vertices:
          (2.25,0.25,0)
          (1.75,0.25,0)
          (1.75,-0.25,0)
          (2.25,-0.25,0)
Geometric object tree has depth 2 and 21 object nodes (vs. 4 actual objects)
Initializing epsilon function...
Allocating fields...
Solving for band polarization: te.
Initializing fields to random numbers...
1 k-points
  Vector3<-0.09, 0.14, 0.0>
elapsed time for initialization: 0.04042983055114746
solve_kpoint (-0.09,0.14,0):
tefreqs:, k index, k1, k2, k3, kmag/2pi, te band 1, te band 2, te band 3, te band 4, te band 5, te band 6
Solving for bands 1 to 6...
    near maximum in trace
    iteration    1: trace = 2.392177817153499 (199.759% change)
    iteration    2: trace = 0.6939892247333627 (110.052% change)
    iteration    3: trace = 0.4775519228741621 (36.9492% change)
    iteration    4: trace = 0.4388670403853805 (8.44262% change)
    iteration    5: trace = 0.4097110287465923 (6.87173% change)
    iteration    6: trace = 0.4019333864382343 (1.91651% change)
    iteration    7: trace = 0.3981452672847732 (0.946937% change)
    iteration    8: trace = 0.3968850936572342 (0.317013% change)
    iteration    9: trace = 0.3961670942947372 (0.181072% change)
    iteration   10: trace = 0.3959061662871239 (0.0658848% change)
    iteration   11: trace = 0.3958039280134744 (0.0258272% change)
    iteration   12: trace = 0.3957803316963996 (0.0059618% change)
    iteration   13: trace = 0.3957705531717149 (0.00247073% change)
    iteration   14: trace = 0.3957664538794006 (0.00103578% change)
    iteration   15: trace = 0.3957642686379614 (0.000552156% change)
    iteration   16: trace = 0.3957635971929468 (0.000169658% change)
    iteration   17: trace = 0.3957633944478538 (5.12289e-05% change)
    iteration   18: trace = 0.3957633525790127 (1.05793e-05% change)
    iteration   19: trace = 0.3957633397426142 (3.24345e-06% change)
    iteration   20: trace = 0.3957633348977013 (1.22419e-06% change)
    iteration   21: trace = 0.395763332187062 (6.84914e-07% change)
    iteration   22: trace = 0.3957633312338689 (2.40849e-07% change)
    iteration   23: trace = 0.3957633309608297 (6.89905e-08% change)
    iteration   24: trace = 0.3957633309020408 (1.48546e-08% change)
    iteration   25: trace = 0.3957633308900961 (3.01813e-09% change)
Finished solving for bands 1 to 6 after 25 iterations.
tefreqs:, 1, -0.09, 0.14, 0, 0.143178, 0.0645315, 0.148967, 0.171636, 0.301034, 0.322654, 0.38108
elapsed time for k point: 8.958171844482422
total elapsed time for run: 8.998761892318726
done
Initializing eigensolver data
Computing 6 bands with 1e-10 tolerance
Working in 2 dimensions.
Grid size is 336 x 112 x 1.
Solving for 6 bands at a time.
Creating Maxwell data...
Mesh size is 3.
Lattice vectors:
     (3, 0, 0)
     (0, 1, 0)
     (0, 0, 1)
Cell volume = 3
Reciprocal lattice vectors (/ 2 pi):
     (0.333333, -0, 0)
     (-0, 1, -0)
     (0, -0, 1)
Geometric objects:
     block, center = (0,0,0)
          size (1e+20,1e+20,1)
          axes (1,0,0), (0,1,0), (0,0,1)
     prism, center = (-0.0005,-1.38778e-17,0.5)
          height 1, axis (0,0,1), sidewall angle: 0 radians, 4 vertices:
          (0.2495,0.25,0)
          (-0.2505,0.25,0)
          (-0.2505,-0.25,0)
          (0.2495,-0.25,0)
     prism, center = (1,-1.38778e-17,0.5)
          height 1, axis (0,0,1), sidewall angle: 0 radians, 4 vertices:
          (1.25,0.25,0)
          (0.75,0.25,0)
          (0.75,-0.25,0)
          (1.25,-0.25,0)
     prism, center = (2,-1.38778e-17,0.5)
          height 1, axis (0,0,1), sidewall angle: 0 radians, 4 vertices:
          (2.25,0.25,0)
          (1.75,0.25,0)
          (1.75,-0.25,0)
          (2.25,-0.25,0)
Geometric object tree has depth 2 and 21 object nodes (vs. 4 actual objects)
Initializing epsilon function...
Allocating fields...
Solving for band polarization: te.
Initializing fields to random numbers...
1 k-points
  Vector3<-0.09, 0.14, 0.0>
elapsed time for initialization: 0.10882735252380371
solve_kpoint (-0.09,0.14,0):
tefreqs:, k index, k1, k2, k3, kmag/2pi, te band 1, te band 2, te band 3, te band 4, te band 5, te band 6
Solving for bands 1 to 6...
    near maximum in trace
    iteration    1: trace = 2.226500948332986 (199.774% change)
    iteration    2: trace = 0.5374056899988507 (122.225% change)
    iteration    3: trace = 0.4466315746826346 (18.4493% change)
    iteration    4: trace = 0.4131004101455911 (7.80038% change)
    iteration    5: trace = 0.4030690808295606 (2.45815% change)
    iteration    6: trace = 0.3987419360684411 (1.07934% change)
    iteration    7: trace = 0.3974512107573455 (0.324224% change)
    iteration    8: trace = 0.3964425166026209 (0.254113% change)
    iteration    9: trace = 0.396016979148249 (0.107397% change)
    iteration   10: trace = 0.3958343422495049 (0.0461291% change)
    iteration   11: trace = 0.3958012070508762 (0.00837133% change)
    iteration   12: trace = 0.3957905399270487 (0.00269511% change)
    iteration   13: trace = 0.3957865321597089 (0.0010126% change)
    iteration   14: trace = 0.3957840812004085 (0.000619265% change)
    iteration   15: trace = 0.3957833145608589 (0.000193702% change)
    iteration   16: trace = 0.3957830980460949 (5.47054e-05% change)
    iteration   17: trace = 0.3957830537268404 (1.11979e-05% change)
    iteration   18: trace = 0.3957830410588408 (3.20074e-06% change)
    iteration   19: trace = 0.3957830360231512 (1.27234e-06% change)
    iteration   20: trace = 0.3957830336005686 (6.12099e-07% change)
    iteration   21: trace = 0.3957830326492888 (2.40354e-07% change)
    iteration   22: trace = 0.3957830324211154 (5.76511e-08% change)
    iteration   23: trace = 0.3957830323663212 (1.38445e-08% change)
    iteration   24: trace = 0.3957830323566423 (2.44551e-09% change)
Finished solving for bands 1 to 6 after 24 iterations.
tefreqs:, 1, -0.09, 0.14, 0, 0.143178, 0.0645327, 0.148968, 0.171641, 0.301041, 0.322664, 0.381089
elapsed time for k point: 7.238383054733276
total elapsed time for run: 7.347401142120361
done
Initializing eigensolver data
Computing 6 bands with 1e-10 tolerance
Working in 2 dimensions.
Grid size is 336 x 112 x 1.
Solving for 6 bands at a time.
Creating Maxwell data...
Mesh size is 3.
Lattice vectors:
     (3, 0, 0)
     (0, 1, 0)
     (0, 0, 1)
Cell volume = 3
Reciprocal lattice vectors (/ 2 pi):
     (0.333333, -0, 0)
     (-0, 1, -0)
     (0, -0, 1)
Geometric objects:
     block, center = (0,0,0)
          size (1e+20,1e+20,1)
          axes (1,0,0), (0,1,0), (0,0,1)
     prism, center = (-2.08167e-17,-1.38778e-17,0.5)
          height 1, axis (0,0,1), sidewall angle: 0 radians, 4 vertices:
          (0.25,0.25,0)
          (-0.25,0.25,0)
          (-0.25,-0.25,0)
          (0.25,-0.25,0)
     prism, center = (1.0005,-1.38778e-17,0.5)
          height 1, axis (0,0,1), sidewall angle: 0 radians, 4 vertices:
          (1.2505,0.25,0)
          (0.7505,0.25,0)
          (0.7505,-0.25,0)
          (1.2505,-0.25,0)
     prism, center = (2,-1.38778e-17,0.5)
          height 1, axis (0,0,1), sidewall angle: 0 radians, 4 vertices:
          (2.25,0.25,0)
          (1.75,0.25,0)
          (1.75,-0.25,0)
          (2.25,-0.25,0)
Geometric object tree has depth 2 and 21 object nodes (vs. 4 actual objects)
Initializing epsilon function...
Allocating fields...
Solving for band polarization: te.
Initializing fields to random numbers...
1 k-points
  Vector3<-0.09, 0.14, 0.0>
elapsed time for initialization: 0.04847311973571777
solve_kpoint (-0.09,0.14,0):
tefreqs:, k index, k1, k2, k3, kmag/2pi, te band 1, te band 2, te band 3, te band 4, te band 5, te band 6
Solving for bands 1 to 6...
    near maximum in trace
    iteration    1: trace = 2.396448087317034 (199.757% change)
    iteration    2: trace = 0.5362166635817378 (126.863% change)
    iteration    3: trace = 0.4426805693878367 (19.1105% change)
    iteration    4: trace = 0.4106097755390813 (7.51697% change)
    iteration    5: trace = 0.4020143472518518 (2.11547% change)
    iteration    6: trace = 0.3983013883736686 (0.927874% change)
    iteration    7: trace = 0.3969756228953107 (0.33341% change)
    iteration    8: trace = 0.3959360960800635 (0.262205% change)
    iteration    9: trace = 0.3956213850065726 (0.0795169% change)
    iteration   10: trace = 0.3955216700194816 (0.0252078% change)
    iteration   11: trace = 0.3955073091668165 (0.00363093% change)
    iteration   12: trace = 0.3955032844104143 (0.00101762% change)
    iteration   13: trace = 0.3955019754369123 (0.000330965% change)
    iteration   14: trace = 0.3955011649085409 (0.000204937% change)
    iteration   15: trace = 0.395500840251097 (8.20876e-05% change)
    iteration   16: trace = 0.3955007015550646 (3.50685e-05% change)
    iteration   17: trace = 0.3955006680989879 (8.45917e-06% change)
    iteration   18: trace = 0.3955006573195451 (2.72552e-06% change)
    iteration   19: trace = 0.3955006537226558 (9.09452e-07% change)
    iteration   20: trace = 0.3955006518703723 (4.68339e-07% change)
    iteration   21: trace = 0.3955006512291761 (1.62123e-07% change)
    iteration   22: trace = 0.3955006510424284 (4.72181e-08% change)
    iteration   23: trace = 0.3955006509908471 (1.3042e-08% change)
    iteration   24: trace = 0.3955006509798381 (2.78357e-09% change)
Finished solving for bands 1 to 6 after 24 iterations.
tefreqs:, 1, -0.09, 0.14, 0, 0.143178, 0.0645037, 0.148941, 0.171615, 0.300959, 0.322579, 0.380882
elapsed time for k point: 7.17707896232605
total elapsed time for run: 7.225643873214722
done
Initializing eigensolver data
Computing 6 bands with 1e-10 tolerance
Working in 2 dimensions.
Grid size is 336 x 112 x 1.
Solving for 6 bands at a time.
Creating Maxwell data...
Mesh size is 3.
Lattice vectors:
     (3, 0, 0)
     (0, 1, 0)
     (0, 0, 1)
Cell volume = 3
Reciprocal lattice vectors (/ 2 pi):
     (0.333333, -0, 0)
     (-0, 1, -0)
     (0, -0, 1)
Geometric objects:
     block, center = (0,0,0)
          size (1e+20,1e+20,1)
          axes (1,0,0), (0,1,0), (0,0,1)
     prism, center = (-2.08167e-17,-1.38778e-17,0.5)
          height 1, axis (0,0,1), sidewall angle: 0 radians, 4 vertices:
          (0.25,0.25,0)
          (-0.25,0.25,0)
          (-0.25,-0.25,0)
          (0.25,-0.25,0)
     prism, center = (0.9995,-1.38778e-17,0.5)
          height 1, axis (0,0,1), sidewall angle: 0 radians, 4 vertices:
          (1.2495,0.25,0)
          (0.7495,0.25,0)
          (0.7495,-0.25,0)
          (1.2495,-0.25,0)
     prism, center = (2,-1.38778e-17,0.5)
          height 1, axis (0,0,1), sidewall angle: 0 radians, 4 vertices:
          (2.25,0.25,0)
          (1.75,0.25,0)
          (1.75,-0.25,0)
          (2.25,-0.25,0)
Geometric object tree has depth 2 and 21 object nodes (vs. 4 actual objects)
Initializing epsilon function...
Allocating fields...
Solving for band polarization: te.
Initializing fields to random numbers...
1 k-points
  Vector3<-0.09, 0.14, 0.0>
elapsed time for initialization: 0.044953346252441406
solve_kpoint (-0.09,0.14,0):
tefreqs:, k index, k1, k2, k3, kmag/2pi, te band 1, te band 2, te band 3, te band 4, te band 5, te band 6
Solving for bands 1 to 6...
    near maximum in trace
    iteration    1: trace = 2.416708664407185 (199.754% change)
    iteration    2: trace = 0.7325906633907339 (106.952% change)
    iteration    3: trace = 0.4674232130749966 (44.1941% change)
    iteration    4: trace = 0.4390707378808755 (6.25541% change)
    iteration    5: trace = 0.4234711020806523 (3.61713% change)
    iteration    6: trace = 0.4167502140853352 (1.59979% change)
    iteration    7: trace = 0.4072248214782761 (2.31206% change)
    iteration    8: trace = 0.4002760230528029 (1.72106% change)
    iteration    9: trace = 0.3968009163432908 (0.871963% change)
    iteration   10: trace = 0.3959770395030376 (0.207846% change)
    iteration   11: trace = 0.3956782139519458 (0.0754939% change)
    iteration   12: trace = 0.3955785463015475 (0.0251922% change)
    iteration   13: trace = 0.3955231220818553 (0.0140119% change)
    iteration   14: trace = 0.3955070773789561 (0.00405666% change)
    iteration   15: trace = 0.3955020490754662 (0.00127136% change)
    iteration   16: trace = 0.3955011440735114 (0.000228824% change)
    iteration   17: trace = 0.3955008880532936 (6.47331e-05% change)
    iteration   18: trace = 0.39550081902833 (1.74525e-05% change)
    iteration   19: trace = 0.3955007894548642 (7.47747e-06% change)
    iteration   20: trace = 0.3955007772617137 (3.08296e-06% change)
    iteration   21: trace = 0.3955007717615708 (1.39068e-06% change)
    iteration   22: trace = 0.3955007699521621 (4.57498e-07% change)
    iteration   23: trace = 0.3955007693812244 (1.44358e-07% change)
    iteration   24: trace = 0.3955007691444952 (5.98556e-08% change)
    iteration   25: trace = 0.3955007690376954 (2.70037e-08% change)
    iteration   26: trace = 0.3955007689917774 (1.16101e-08% change)
    iteration   27: trace = 0.3955007689806227 (2.8204e-09% change)
Finished solving for bands 1 to 6 after 27 iterations.
tefreqs:, 1, -0.09, 0.14, 0, 0.143178, 0.0645037, 0.148941, 0.171615, 0.30096, 0.322578, 0.380882
elapsed time for k point: 7.9428675174713135
total elapsed time for run: 7.987992525100708
done
Initializing eigensolver data
Computing 6 bands with 1e-10 tolerance
Working in 2 dimensions.
Grid size is 336 x 112 x 1.
Solving for 6 bands at a time.
Creating Maxwell data...
Mesh size is 3.
Lattice vectors:
     (3, 0, 0)
     (0, 1, 0)
     (0, 0, 1)
Cell volume = 3
Reciprocal lattice vectors (/ 2 pi):
     (0.333333, -0, 0)
     (-0, 1, -0)
     (0, -0, 1)
Geometric objects:
     block, center = (0,0,0)
          size (1e+20,1e+20,1)
          axes (1,0,0), (0,1,0), (0,0,1)
     prism, center = (-2.08167e-17,-1.38778e-17,0.5)
          height 1, axis (0,0,1), sidewall angle: 0 radians, 4 vertices:
          (0.25,0.25,0)
          (-0.25,0.25,0)
          (-0.25,-0.25,0)
          (0.25,-0.25,0)
     prism, center = (1,-1.38778e-17,0.5)
          height 1, axis (0,0,1), sidewall angle: 0 radians, 4 vertices:
          (1.25,0.25,0)
          (0.75,0.25,0)
          (0.75,-0.25,0)
          (1.25,-0.25,0)
     prism, center = (2.0005,-1.38778e-17,0.5)
          height 1, axis (0,0,1), sidewall angle: 0 radians, 4 vertices:
          (2.2505,0.25,0)
          (1.7505,0.25,0)
          (1.7505,-0.25,0)
          (2.2505,-0.25,0)
Geometric object tree has depth 2 and 21 object nodes (vs. 4 actual objects)
Initializing epsilon function...
Allocating fields...
Solving for band polarization: te.
Initializing fields to random numbers...
1 k-points
  Vector3<-0.09, 0.14, 0.0>
elapsed time for initialization: 0.09954023361206055
solve_kpoint (-0.09,0.14,0):
tefreqs:, k index, k1, k2, k3, kmag/2pi, te band 1, te band 2, te band 3, te band 4, te band 5, te band 6
Solving for bands 1 to 6...
    near maximum in trace
    iteration    1: trace = 2.179790588515756 (199.779% change)
    iteration    2: trace = 0.5517517393668966 (119.203% change)
    iteration    3: trace = 0.4732118297601652 (15.3254% change)
    iteration    4: trace = 0.4318158784130754 (9.148% change)
    iteration    5: trace = 0.4115661358677278 (4.80203% change)
    iteration    6: trace = 0.4024771246965698 (2.23305% change)
    iteration    7: trace = 0.3993063720457222 (0.790925% change)
    iteration    8: trace = 0.3971521277201066 (0.540956% change)
    iteration    9: trace = 0.3961419277470924 (0.254685% change)
    iteration   10: trace = 0.3956497718067826 (0.124314% change)
    iteration   11: trace = 0.3955471774759814 (0.025934% change)
    iteration   12: trace = 0.395516433856891 (0.00777273% change)
    iteration   13: trace = 0.3955081338324978 (0.00209855% change)
    iteration   14: trace = 0.3955032757805469 (0.00122831% change)
    iteration   15: trace = 0.3955009876110021 (0.000578548% change)
    iteration   16: trace = 0.3954999864957154 (0.000253126% change)
    iteration   17: trace = 0.3954997828988854 (5.14784e-05% change)
    iteration   18: trace = 0.3954997339232876 (1.23832e-05% change)
    iteration   19: trace = 0.3954997227428165 (2.82692e-06% change)
    iteration   20: trace = 0.3954997189801072 (9.51381e-07% change)
    iteration   21: trace = 0.3954997174464525 (3.87776e-07% change)
    iteration   22: trace = 0.3954997168020247 (1.6294e-07% change)
    iteration   23: trace = 0.3954997165563251 (6.21238e-08% change)
    iteration   24: trace = 0.3954997165007925 (1.40411e-08% change)
    iteration   25: trace = 0.395499716487646 (3.324e-09% change)
Finished solving for bands 1 to 6 after 25 iterations.
tefreqs:, 1, -0.09, 0.14, 0, 0.143178, 0.0645037, 0.148941, 0.171615, 0.300959, 0.322578, 0.380882
elapsed time for k point: 8.88576340675354
total elapsed time for run: 8.985438823699951
done
Initializing eigensolver data
Computing 6 bands with 1e-10 tolerance
Working in 2 dimensions.
Grid size is 336 x 112 x 1.
Solving for 6 bands at a time.
Creating Maxwell data...
Mesh size is 3.
Lattice vectors:
     (3, 0, 0)
     (0, 1, 0)
     (0, 0, 1)
Cell volume = 3
Reciprocal lattice vectors (/ 2 pi):
     (0.333333, -0, 0)
     (-0, 1, -0)
     (0, -0, 1)
Geometric objects:
     block, center = (0,0,0)
          size (1e+20,1e+20,1)
          axes (1,0,0), (0,1,0), (0,0,1)
     prism, center = (-2.08167e-17,-1.38778e-17,0.5)
          height 1, axis (0,0,1), sidewall angle: 0 radians, 4 vertices:
          (0.25,0.25,0)
          (-0.25,0.25,0)
          (-0.25,-0.25,0)
          (0.25,-0.25,0)
     prism, center = (1,-1.38778e-17,0.5)
          height 1, axis (0,0,1), sidewall angle: 0 radians, 4 vertices:
          (1.25,0.25,0)
          (0.75,0.25,0)
          (0.75,-0.25,0)
          (1.25,-0.25,0)
     prism, center = (1.9995,-1.38778e-17,0.5)
          height 1, axis (0,0,1), sidewall angle: 0 radians, 4 vertices:
          (2.2495,0.25,0)
          (1.7495,0.25,0)
          (1.7495,-0.25,0)
          (2.2495,-0.25,0)
Geometric object tree has depth 2 and 21 object nodes (vs. 4 actual objects)
Initializing epsilon function...
Allocating fields...
Solving for band polarization: te.
Initializing fields to random numbers...
1 k-points
  Vector3<-0.09, 0.14, 0.0>
elapsed time for initialization: 0.12763118743896484
solve_kpoint (-0.09,0.14,0):
tefreqs:, k index, k1, k2, k3, kmag/2pi, te band 1, te band 2, te band 3, te band 4, te band 5, te band 6
Solving for bands 1 to 6...
    near maximum in trace
    iteration    1: trace = 2.155566349550856 (199.782% change)
    iteration    2: trace = 0.4931918716287158 (125.521% change)
    iteration    3: trace = 0.4202158522045048 (15.9788% change)
    iteration    4: trace = 0.4019904859791669 (4.43328% change)
    iteration    5: trace = 0.3982151391696956 (0.943594% change)
    iteration    6: trace = 0.3964899085055135 (0.434181% change)
    iteration    7: trace = 0.3959595415199902 (0.133855% change)
    iteration    8: trace = 0.3956328504660832 (0.0825402% change)
    iteration    9: trace = 0.3955488658535417 (0.0212302% change)
    iteration   10: trace = 0.3955140962569009 (0.0087906% change)
    iteration   11: trace = 0.3955066473746682 (0.00188336% change)
    iteration   12: trace = 0.3955025797744249 (0.00102846% change)
    iteration   13: trace = 0.3955007426302407 (0.00046451% change)
    iteration   14: trace = 0.3954997930088507 (0.000240106% change)
    iteration   15: trace = 0.3954996123297544 (4.56838e-05% change)
    iteration   16: trace = 0.3954995656575486 (1.18008e-05% change)
    iteration   17: trace = 0.3954995561783663 (2.39676e-06% change)
    iteration   18: trace = 0.3954995526985988 (8.79841e-07% change)
    iteration   19: trace = 0.3954995514538562 (3.14727e-07% change)
    iteration   20: trace = 0.3954995508474216 (1.53334e-07% change)
    iteration   21: trace = 0.3954995505946506 (6.39118e-08% change)
    iteration   22: trace = 0.3954995505228938 (1.81434e-08% change)
    iteration   23: trace = 0.3954995505049083 (4.54753e-09% change)
Finished solving for bands 1 to 6 after 23 iterations.
tefreqs:, 1, -0.09, 0.14, 0, 0.143178, 0.0645037, 0.148941, 0.171615, 0.300959, 0.322578, 0.380882
elapsed time for k point: 5.7233617305755615
total elapsed time for run: 5.851112127304077
done
Initializing eigensolver data
Computing 6 bands with 1e-10 tolerance
Working in 2 dimensions.
Grid size is 336 x 112 x 1.
Solving for 6 bands at a time.
Creating Maxwell data...
Mesh size is 3.
Lattice vectors:
     (3, 0, 0)
     (0, 1, 0)
     (0, 0, 1)
Cell volume = 3
Reciprocal lattice vectors (/ 2 pi):
     (0.333333, -0, 0)
     (-0, 1, -0)
     (0, -0, 1)
Geometric objects:
     block, center = (0,0,0)
          size (1e+20,1e+20,1)
          axes (1,0,0), (0,1,0), (0,0,1)
     prism, center = (0.001,-1.38778e-17,0.5)
          height 1, axis (0,0,1), sidewall angle: 0 radians, 4 vertices:
          (0.251,0.25,0)
          (-0.249,0.25,0)
          (-0.249,-0.25,0)
          (0.251,-0.25,0)
     prism, center = (1,-1.38778e-17,0.5)
          height 1, axis (0,0,1), sidewall angle: 0 radians, 4 vertices:
          (1.25,0.25,0)
          (0.75,0.25,0)
          (0.75,-0.25,0)
          (1.25,-0.25,0)
     prism, center = (2,-1.38778e-17,0.5)
          height 1, axis (0,0,1), sidewall angle: 0 radians, 4 vertices:
          (2.25,0.25,0)
          (1.75,0.25,0)
          (1.75,-0.25,0)
          (2.25,-0.25,0)
Geometric object tree has depth 2 and 21 object nodes (vs. 4 actual objects)
Initializing epsilon function...
Allocating fields...
Solving for band polarization: te.
Initializing fields to random numbers...
1 k-points
  Vector3<-0.09, 0.14, 0.0>
elapsed time for initialization: 0.04364371299743652
solve_kpoint (-0.09,0.14,0):
tefreqs:, k index, k1, k2, k3, kmag/2pi, te band 1, te band 2, te band 3, te band 4, te band 5, te band 6
Solving for bands 1 to 6...
    near maximum in trace
    iteration    1: trace = 2.172882170143938 (199.78% change)
    iteration    2: trace = 0.5973559505821963 (113.747% change)
    iteration    3: trace = 0.4314139040336782 (32.2603% change)
    iteration    4: trace = 0.4077868265933072 (5.63085% change)
    iteration    5: trace = 0.3990574386932312 (2.16383% change)
    iteration    6: trace = 0.3973488570970108 (0.429073% change)
    iteration    7: trace = 0.3963861305760419 (0.242581% change)
    iteration    8: trace = 0.3960396427901868 (0.0874499% change)
    iteration    9: trace = 0.3958310598670388 (0.0526811% change)
    iteration   10: trace = 0.3957870234948478 (0.0111257% change)
    iteration   11: trace = 0.3957727074549471 (0.00361717% change)
    iteration   12: trace = 0.3957699445222397 (0.000698113% change)
    iteration   13: trace = 0.3957683967890213 (0.00039107% change)
    iteration   14: trace = 0.3957677652641262 (0.000159569% change)
    iteration   15: trace = 0.39576744118539 (8.18861e-05% change)
    iteration   16: trace = 0.3957673684905581 (1.83681e-05% change)
    iteration   17: trace = 0.3957673411749337 (6.90194e-06% change)
    iteration   18: trace = 0.3957673344577914 (1.69725e-06% change)
    iteration   19: trace = 0.3957673312855843 (8.01533e-07% change)
    iteration   20: trace = 0.3957673298140712 (3.71813e-07% change)
    iteration   21: trace = 0.395767329183958 (1.59213e-07% change)
    iteration   22: trace = 0.395767329046215 (3.4804e-08% change)
    iteration   23: trace = 0.3957673290212061 (6.3191e-09% change)
Finished solving for bands 1 to 6 after 23 iterations.
tefreqs:, 1, -0.09, 0.14, 0, 0.143178, 0.0645319, 0.148967, 0.171637, 0.301035, 0.322655, 0.381083
elapsed time for k point: 2.4377379417419434
total elapsed time for run: 2.48150634765625
done
Initializing eigensolver data
Computing 6 bands with 1e-10 tolerance
Working in 2 dimensions.
Grid size is 336 x 112 x 1.
Solving for 6 bands at a time.
Creating Maxwell data...
Mesh size is 3.
Lattice vectors:
     (3, 0, 0)
     (0, 1, 0)
     (0, 0, 1)
Cell volume = 3
Reciprocal lattice vectors (/ 2 pi):
     (0.333333, -0, 0)
     (-0, 1, -0)
     (0, -0, 1)
Geometric objects:
     block, center = (0,0,0)
          size (1e+20,1e+20,1)
          axes (1,0,0), (0,1,0), (0,0,1)
     prism, center = (-0.001,-1.38778e-17,0.5)
          height 1, axis (0,0,1), sidewall angle: 0 radians, 4 vertices:
          (0.249,0.25,0)
          (-0.251,0.25,0)
          (-0.251,-0.25,0)
          (0.249,-0.25,0)
     prism, center = (1,-1.38778e-17,0.5)
          height 1, axis (0,0,1), sidewall angle: 0 radians, 4 vertices:
          (1.25,0.25,0)
          (0.75,0.25,0)
          (0.75,-0.25,0)
          (1.25,-0.25,0)
     prism, center = (2,-1.38778e-17,0.5)
          height 1, axis (0,0,1), sidewall angle: 0 radians, 4 vertices:
          (2.25,0.25,0)
          (1.75,0.25,0)
          (1.75,-0.25,0)
          (2.25,-0.25,0)
Geometric object tree has depth 2 and 21 object nodes (vs. 4 actual objects)
Initializing epsilon function...
Allocating fields...
Solving for band polarization: te.
Initializing fields to random numbers...
1 k-points
  Vector3<-0.09, 0.14, 0.0>
elapsed time for initialization: 0.04332280158996582
solve_kpoint (-0.09,0.14,0):
tefreqs:, k index, k1, k2, k3, kmag/2pi, te band 1, te band 2, te band 3, te band 4, te band 5, te band 6
Solving for bands 1 to 6...
    near maximum in trace
    iteration    1: trace = 2.023632611574416 (199.795% change)
    iteration    2: trace = 0.4946901107641495 (121.425% change)
    iteration    3: trace = 0.4379144667049725 (12.1757% change)
    iteration    4: trace = 0.4178612333732719 (4.68656% change)
    iteration    5: trace = 0.4103473800913568 (1.81448% change)
    iteration    6: trace = 0.4036020408144912 (1.65743% change)
    iteration    7: trace = 0.3998148487888032 (0.942771% change)
    iteration    8: trace = 0.3970481080238696 (0.694408% change)
    iteration    9: trace = 0.3963157997417436 (0.184608% change)
    iteration   10: trace = 0.3959749101733026 (0.0860516% change)
    iteration   11: trace = 0.3958761356938693 (0.0249477% change)
    iteration   12: trace = 0.3958169570845964 (0.0149499% change)
    iteration   13: trace = 0.3957967168804676 (0.00511366% change)
    iteration   14: trace = 0.3957887633324488 (0.00200952% change)
    iteration   15: trace = 0.3957872184969867 (0.000390319% change)
    iteration   16: trace = 0.3957867826426117 (0.000110123% change)
    iteration   17: trace = 0.395786668790626 (2.8766e-05% change)
    iteration   18: trace = 0.3957866159968609 (1.33389e-05% change)
    iteration   19: trace = 0.3957865925043912 (5.93564e-06% change)
    iteration   20: trace = 0.3957865826005509 (2.50232e-06% change)
    iteration   21: trace = 0.3957865802054122 (6.05159e-07% change)
    iteration   22: trace = 0.3957865796748299 (1.34058e-07% change)
    iteration   23: trace = 0.3957865795382734 (3.45026e-08% change)
    iteration   24: trace = 0.3957865795051608 (8.36628e-09% change)
Finished solving for bands 1 to 6 after 24 iterations.
tefreqs:, 1, -0.09, 0.14, 0, 0.143178, 0.0645331, 0.148968, 0.171641, 0.301042, 0.322666, 0.381091
elapsed time for k point: 3.1544361114501953
total elapsed time for run: 3.1978707313537598
done
Initializing eigensolver data
Computing 6 bands with 1e-10 tolerance
Working in 2 dimensions.
Grid size is 336 x 112 x 1.
Solving for 6 bands at a time.
Creating Maxwell data...
Mesh size is 3.
Lattice vectors:
     (3, 0, 0)
     (0, 1, 0)
     (0, 0, 1)
Cell volume = 3
Reciprocal lattice vectors (/ 2 pi):
     (0.333333, -0, 0)
     (-0, 1, -0)
     (0, -0, 1)
Geometric objects:
     block, center = (0,0,0)
          size (1e+20,1e+20,1)
          axes (1,0,0), (0,1,0), (0,0,1)
     prism, center = (-2.08167e-17,-1.38778e-17,0.5)
          height 1, axis (0,0,1), sidewall angle: 0 radians, 4 vertices:
          (0.25,0.25,0)
          (-0.25,0.25,0)
          (-0.25,-0.25,0)
          (0.25,-0.25,0)
     prism, center = (1.001,-1.38778e-17,0.5)
          height 1, axis (0,0,1), sidewall angle: 0 radians, 4 vertices:
          (1.251,0.25,0)
          (0.751,0.25,0)
          (0.751,-0.25,0)
          (1.251,-0.25,0)
     prism, center = (2,-1.38778e-17,0.5)
          height 1, axis (0,0,1), sidewall angle: 0 radians, 4 vertices:
          (2.25,0.25,0)
          (1.75,0.25,0)
          (1.75,-0.25,0)
          (2.25,-0.25,0)
Geometric object tree has depth 2 and 21 object nodes (vs. 4 actual objects)
Initializing epsilon function...
Allocating fields...
Solving for band polarization: te.
Initializing fields to random numbers...
1 k-points
  Vector3<-0.09, 0.14, 0.0>
elapsed time for initialization: 0.04776167869567871
solve_kpoint (-0.09,0.14,0):
tefreqs:, k index, k1, k2, k3, kmag/2pi, te band 1, te band 2, te band 3, te band 4, te band 5, te band 6
Solving for bands 1 to 6...
    near maximum in trace
    iteration    1: trace = 2.005518855427247 (199.796% change)
    iteration    2: trace = 0.5547843717764307 (113.325% change)
    iteration    3: trace = 0.4263056871295084 (26.191% change)
    iteration    4: trace = 0.4075331376874979 (4.50268% change)
    iteration    5: trace = 0.3991845037586231 (2.06978% change)
    iteration    6: trace = 0.3971504275273682 (0.510859% change)
    iteration    7: trace = 0.3961361155687436 (0.255724% change)
    iteration    8: trace = 0.3957922387699999 (0.0868454% change)
    iteration    9: trace = 0.395590855589981 (0.050894% change)
    iteration   10: trace = 0.3955347753570927 (0.0141773% change)
    iteration   11: trace = 0.3955140402879551 (0.00524242% change)
    iteration   12: trace = 0.3955086753170963 (0.00135646% change)
    iteration   13: trace = 0.3955058751493388 (0.000707994% change)
    iteration   14: trace = 0.395504770658992 (0.000279261% change)
    iteration   15: trace = 0.3955042689506392 (0.000126853% change)
    iteration   16: trace = 0.3955041508139174 (2.98699e-05% change)
    iteration   17: trace = 0.3955041161086279 (8.77495e-06% change)
    iteration   18: trace = 0.3955041098124238 (1.59194e-06% change)
    iteration   19: trace = 0.3955041076309313 (5.51573e-07% change)
    iteration   20: trace = 0.3955041066038957 (2.59678e-07% change)
    iteration   21: trace = 0.3955041060174533 (1.48277e-07% change)
    iteration   22: trace = 0.3955041058713792 (3.69336e-08% change)
    iteration   23: trace = 0.3955041058357973 (8.9966e-09% change)
Finished solving for bands 1 to 6 after 23 iterations.
tefreqs:, 1, -0.09, 0.14, 0, 0.143178, 0.0645041, 0.148941, 0.171616, 0.30096, 0.32258, 0.380885
elapsed time for k point: 3.2217350006103516
total elapsed time for run: 3.269584894180298
done
Initializing eigensolver data
Computing 6 bands with 1e-10 tolerance
Working in 2 dimensions.
Grid size is 336 x 112 x 1.
Solving for 6 bands at a time.
Creating Maxwell data...
Mesh size is 3.
Lattice vectors:
     (3, 0, 0)
     (0, 1, 0)
     (0, 0, 1)
Cell volume = 3
Reciprocal lattice vectors (/ 2 pi):
     (0.333333, -0, 0)
     (-0, 1, -0)
     (0, -0, 1)
Geometric objects:
     block, center = (0,0,0)
          size (1e+20,1e+20,1)
          axes (1,0,0), (0,1,0), (0,0,1)
     prism, center = (-2.08167e-17,-1.38778e-17,0.5)
          height 1, axis (0,0,1), sidewall angle: 0 radians, 4 vertices:
          (0.25,0.25,0)
          (-0.25,0.25,0)
          (-0.25,-0.25,0)
          (0.25,-0.25,0)
     prism, center = (0.999,-1.38778e-17,0.5)
          height 1, axis (0,0,1), sidewall angle: 0 radians, 4 vertices:
          (1.249,0.25,0)
          (0.749,0.25,0)
          (0.749,-0.25,0)
          (1.249,-0.25,0)
     prism, center = (2,-1.38778e-17,0.5)
          height 1, axis (0,0,1), sidewall angle: 0 radians, 4 vertices:
          (2.25,0.25,0)
          (1.75,0.25,0)
          (1.75,-0.25,0)
          (2.25,-0.25,0)
Geometric object tree has depth 2 and 21 object nodes (vs. 4 actual objects)
Initializing epsilon function...
Allocating fields...
Solving for band polarization: te.
Initializing fields to random numbers...
1 k-points
  Vector3<-0.09, 0.14, 0.0>
elapsed time for initialization: 0.07373929023742676
solve_kpoint (-0.09,0.14,0):
tefreqs:, k index, k1, k2, k3, kmag/2pi, te band 1, te band 2, te band 3, te band 4, te band 5, te band 6
Solving for bands 1 to 6...
    near maximum in trace
    iteration    1: trace = 2.345405194507425 (199.764% change)
    iteration    2: trace = 0.5212477289877722 (127.267% change)
    iteration    3: trace = 0.4394343288351804 (17.0324% change)
    iteration    4: trace = 0.4133776301914828 (6.11077% change)
    iteration    5: trace = 0.4061873946688817 (1.75465% change)
    iteration    6: trace = 0.4013610622960739 (1.1953% change)
    iteration    7: trace = 0.3985703664367369 (0.697734% change)
    iteration    8: trace = 0.3963025142573078 (0.57062% change)
    iteration    9: trace = 0.3957720096875447 (0.133953% change)
    iteration   10: trace = 0.3955858496039242 (0.0470483% change)
    iteration   11: trace = 0.3955431325433821 (0.010799% change)
    iteration   12: trace = 0.3955187261390865 (0.00617054% change)
    iteration   13: trace = 0.3955095163178477 (0.00232857% change)
    iteration   14: trace = 0.3955054674318939 (0.00102372% change)
    iteration   15: trace = 0.3955046753727183 (0.000200265% change)
    iteration   16: trace = 0.3955044465708186 (5.78506e-05% change)
    iteration   17: trace = 0.3955043990848923 (1.20064e-05% change)
    iteration   18: trace = 0.3955043767628335 (5.64395e-06% change)
    iteration   19: trace = 0.3955043674971762 (2.34274e-06% change)
    iteration   20: trace = 0.3955043632598051 (1.07138e-06% change)
    iteration   21: trace = 0.3955043623072603 (2.40843e-07% change)
    iteration   22: trace = 0.3955043620667339 (6.08151e-08% change)
    iteration   23: trace = 0.3955043620094028 (1.44957e-08% change)
    iteration   24: trace = 0.3955043619973568 (3.04571e-09% change)
Finished solving for bands 1 to 6 after 24 iterations.
tefreqs:, 1, -0.09, 0.14, 0, 0.143178, 0.0645041, 0.148941, 0.171616, 0.30096, 0.322579, 0.380885
elapsed time for k point: 3.3523621559143066
total elapsed time for run: 3.426182508468628
done
Initializing eigensolver data
Computing 6 bands with 1e-10 tolerance
Working in 2 dimensions.
Grid size is 336 x 112 x 1.
Solving for 6 bands at a time.
Creating Maxwell data...
Mesh size is 3.
Lattice vectors:
     (3, 0, 0)
     (0, 1, 0)
     (0, 0, 1)
Cell volume = 3
Reciprocal lattice vectors (/ 2 pi):
     (0.333333, -0, 0)
     (-0, 1, -0)
     (0, -0, 1)
Geometric objects:
     block, center = (0,0,0)
          size (1e+20,1e+20,1)
          axes (1,0,0), (0,1,0), (0,0,1)
     prism, center = (-2.08167e-17,-1.38778e-17,0.5)
          height 1, axis (0,0,1), sidewall angle: 0 radians, 4 vertices:
          (0.25,0.25,0)
          (-0.25,0.25,0)
          (-0.25,-0.25,0)
          (0.25,-0.25,0)
     prism, center = (1,-1.38778e-17,0.5)
          height 1, axis (0,0,1), sidewall angle: 0 radians, 4 vertices:
          (1.25,0.25,0)
          (0.75,0.25,0)
          (0.75,-0.25,0)
          (1.25,-0.25,0)
     prism, center = (2.001,-1.38778e-17,0.5)
          height 1, axis (0,0,1), sidewall angle: 0 radians, 4 vertices:
          (2.251,0.25,0)
          (1.751,0.25,0)
          (1.751,-0.25,0)
          (2.251,-0.25,0)
Geometric object tree has depth 2 and 21 object nodes (vs. 4 actual objects)
Initializing epsilon function...
Allocating fields...
Solving for band polarization: te.
Initializing fields to random numbers...
1 k-points
  Vector3<-0.09, 0.14, 0.0>
elapsed time for initialization: 0.0379328727722168
solve_kpoint (-0.09,0.14,0):
tefreqs:, k index, k1, k2, k3, kmag/2pi, te band 1, te band 2, te band 3, te band 4, te band 5, te band 6
Solving for bands 1 to 6...
    near maximum in trace
    iteration    1: trace = 2.060699914319133 (199.791% change)
    iteration    2: trace = 0.5134469445385603 (120.215% change)
    iteration    3: trace = 0.4441654264696305 (14.4696% change)
    iteration    4: trace = 0.4193683614174903 (5.74316% change)
    iteration    5: trace = 0.4105974074026607 (2.11357% change)
    iteration    6: trace = 0.4036616731022626 (1.70357% change)
    iteration    7: trace = 0.3995193233818896 (1.03149% change)
    iteration    8: trace = 0.3965197994815463 (0.753612% change)
    iteration    9: trace = 0.3957853888640326 (0.185386% change)
    iteration   10: trace = 0.3955625144513424 (0.0563278% change)
    iteration   11: trace = 0.3955227991177576 (0.0100407% change)
    iteration   12: trace = 0.3955101580041168 (0.0031961% change)
    iteration   13: trace = 0.3955063020745617 (0.00097493% change)
    iteration   14: trace = 0.3955044581872296 (0.00046621% change)
    iteration   15: trace = 0.3955037239808077 (0.000185638% change)
    iteration   16: trace = 0.395503423228785 (7.60428e-05% change)
    iteration   17: trace = 0.3955033414737982 (2.06711e-05% change)
    iteration   18: trace = 0.3955033185983777 (5.78388e-06% change)
    iteration   19: trace = 0.3955033103734327 (2.07961e-06% change)
    iteration   20: trace = 0.3955033055455574 (1.22069e-06% change)
    iteration   21: trace = 0.3955033033336896 (5.59254e-07% change)
    iteration   22: trace = 0.3955033027371499 (1.50831e-07% change)
    iteration   23: trace = 0.3955033025863294 (3.81338e-08% change)
    iteration   24: trace = 0.3955033025569371 (7.43161e-09% change)
Finished solving for bands 1 to 6 after 24 iterations.
tefreqs:, 1, -0.09, 0.14, 0, 0.143178, 0.0645041, 0.148941, 0.171615, 0.30096, 0.322579, 0.380885
elapsed time for k point: 3.1920292377471924
total elapsed time for run: 3.2300479412078857
done
Initializing eigensolver data
Computing 6 bands with 1e-10 tolerance
Working in 2 dimensions.
Grid size is 336 x 112 x 1.
Solving for 6 bands at a time.
Creating Maxwell data...
Mesh size is 3.
Lattice vectors:
     (3, 0, 0)
     (0, 1, 0)
     (0, 0, 1)
Cell volume = 3
Reciprocal lattice vectors (/ 2 pi):
     (0.333333, -0, 0)
     (-0, 1, -0)
     (0, -0, 1)
Geometric objects:
     block, center = (0,0,0)
          size (1e+20,1e+20,1)
          axes (1,0,0), (0,1,0), (0,0,1)
     prism, center = (-2.08167e-17,-1.38778e-17,0.5)
          height 1, axis (0,0,1), sidewall angle: 0 radians, 4 vertices:
          (0.25,0.25,0)
          (-0.25,0.25,0)
          (-0.25,-0.25,0)
          (0.25,-0.25,0)
     prism, center = (1,-1.38778e-17,0.5)
          height 1, axis (0,0,1), sidewall angle: 0 radians, 4 vertices:
          (1.25,0.25,0)
          (0.75,0.25,0)
          (0.75,-0.25,0)
          (1.25,-0.25,0)
     prism, center = (1.999,-1.38778e-17,0.5)
          height 1, axis (0,0,1), sidewall angle: 0 radians, 4 vertices:
          (2.249,0.25,0)
          (1.749,0.25,0)
          (1.749,-0.25,0)
          (2.249,-0.25,0)
Geometric object tree has depth 2 and 21 object nodes (vs. 4 actual objects)
Initializing epsilon function...
Allocating fields...
Solving for band polarization: te.
Initializing fields to random numbers...
1 k-points
  Vector3<-0.09, 0.14, 0.0>
elapsed time for initialization: 0.04482102394104004
solve_kpoint (-0.09,0.14,0):
tefreqs:, k index, k1, k2, k3, kmag/2pi, te band 1, te band 2, te band 3, te band 4, te band 5, te band 6
Solving for bands 1 to 6...
    near maximum in trace
    iteration    1: trace = 2.226867570728295 (199.775% change)
    iteration    2: trace = 0.5197730735920741 (124.304% change)
    iteration    3: trace = 0.4416339773375365 (16.2552% change)
    iteration    4: trace = 0.4203173827887749 (4.94612% change)
    iteration    5: trace = 0.4131166925373645 (1.72796% change)
    iteration    6: trace = 0.4071390833962501 (1.4575% change)
    iteration    7: trace = 0.4023710331785973 (1.17801% change)
    iteration    8: trace = 0.3980373219163558 (1.08288% change)
    iteration    9: trace = 0.3964186153531116 (0.407501% change)
    iteration   10: trace = 0.3957786184624555 (0.161575% change)
    iteration   11: trace = 0.395615365545382 (0.0412571% change)
    iteration   12: trace = 0.3955463645883273 (0.0174429% change)
    iteration   13: trace = 0.3955199177819693 (0.00668637% change)
    iteration   14: trace = 0.3955078863247133 (0.00304198% change)
    iteration   15: trace = 0.3955043512019154 (0.000893823% change)
    iteration   16: trace = 0.3955034138210421 (0.000237009% change)
    iteration   17: trace = 0.3955031465284827 (6.75829e-05% change)
    iteration   18: trace = 0.3955030670525929 (2.00949e-05% change)
    iteration   19: trace = 0.3955030338330148 (8.39932e-06% change)
    iteration   20: trace = 0.3955030170995026 (4.23094e-06% change)
    iteration   21: trace = 0.3955030103413419 (1.70875e-06% change)
    iteration   22: trace = 0.3955030089850125 (3.42938e-07% change)
    iteration   23: trace = 0.3955030086451307 (8.59366e-08% change)
    iteration   24: trace = 0.3955030085714749 (1.86233e-08% change)
    iteration   25: trace = 0.3955030085345233 (9.34294e-09% change)
Finished solving for bands 1 to 6 after 25 iterations.
tefreqs:, 1, -0.09, 0.14, 0, 0.143178, 0.0645041, 0.148941, 0.171615, 0.300959, 0.32258, 0.380885
elapsed time for k point: 2.3205933570861816
total elapsed time for run: 2.3655359745025635
done
Initializing eigensolver data
Computing 12 bands with 1e-10 tolerance
Working in 2 dimensions.
Grid size is 336 x 112 x 1.
Solving for 6 bands at a time.
Creating Maxwell data...
Mesh size is 3.
Lattice vectors:
     (3, 0, 0)
     (0, 1, 0)
     (0, 0, 1)
Cell volume = 3
Reciprocal lattice vectors (/ 2 pi):
     (0.333333, -0, 0)
     (-0, 1, -0)
     (0, -0, 1)
Geometric objects:
     block, center = (0,0,0)
          size (1e+20,1e+20,1)
          axes (1,0,0), (0,1,0), (0,0,1)
     prism, center = (-2.08167e-17,-1.38778e-17,0.5)
          height 1, axis (0,0,1), sidewall angle: 0 radians, 4 vertices:
          (0.25,0.25,0)
          (-0.25,0.25,0)
          (-0.25,-0.25,0)
          (0.25,-0.25,0)
     prism, center = (1,-1.38778e-17,0.5)
          height 1, axis (0,0,1), sidewall angle: 0 radians, 4 vertices:
          (1.25,0.25,0)
          (0.75,0.25,0)
          (0.75,-0.25,0)
          (1.25,-0.25,0)
     prism, center = (2,-1.38778e-17,0.5)
          height 1, axis (0,0,1), sidewall angle: 0 radians, 4 vertices:
          (2.25,0.25,0)
          (1.75,0.25,0)
          (1.75,-0.25,0)
          (2.25,-0.25,0)
Geometric object tree has depth 2 and 21 object nodes (vs. 4 actual objects)
Initializing epsilon function...
Allocating fields...
Solving for band polarization: te.
Initializing fields to random numbers...
1 k-points
  Vector3<-0.09, 0.14, 0.0>
elapsed time for initialization: 0.06571745872497559
solve_kpoint (-0.09,0.14,0):
tefreqs:, k index, k1, k2, k3, kmag/2pi, te band 1, te band 2, te band 3, te band 4, te band 5, te band 6, te band 7, te band 8, te band 9, te band 10, te band 11, te band 12
Solving for bands 1 to 6...
    near maximum in trace
    iteration    1: trace = 2.327836210127172 (199.764% change)
    iteration    2: trace = 0.5980023433306643 (118.245% change)
    iteration    3: trace = 0.4406329848439152 (30.3031% change)
    iteration    4: trace = 0.4170489343489936 (5.49949% change)
    iteration    5: trace = 0.4052335319571653 (2.87381% change)
    iteration    6: trace = 0.4012283417547801 (0.993275% change)
    iteration    7: trace = 0.3981270986183432 (0.775936% change)
    iteration    8: trace = 0.396687505403021 (0.362246% change)
    iteration    9: trace = 0.39595092622845 (0.185855% change)
    iteration   10: trace = 0.3958105009113852 (0.0354716% change)
    iteration   11: trace = 0.395765654612837 (0.0113309% change)
    iteration   12: trace = 0.3957542490474664 (0.00288194% change)
    iteration   13: trace = 0.395746861815637 (0.00186664% change)
    iteration   14: trace = 0.3957439488378099 (0.000736074% change)
    iteration   15: trace = 0.3957426543677707 (0.000327098% change)
    iteration   16: trace = 0.3957423902376582 (6.67429e-05% change)
    iteration   17: trace = 0.395742298190843 (2.32593e-05% change)
    iteration   18: trace = 0.3957422739408907 (6.12771e-06% change)
    iteration   19: trace = 0.3957422623227223 (2.93579e-06% change)
    iteration   20: trace = 0.3957422579366161 (1.10832e-06% change)
    iteration   21: trace = 0.3957422562567228 (4.24492e-07% change)
    iteration   22: trace = 0.3957422558806238 (9.50364e-08% change)
    iteration   23: trace = 0.3957422557961406 (2.1348e-08% change)
    iteration   24: trace = 0.3957422557757799 (5.14494e-09% change)
Finished solving for bands 1 to 6 after 24 iterations.
Solving for bands 7 to 12...
    near maximum in trace
    iteration    1: trace = 6.989218313259982 (199.294% change)
    iteration    2: trace = 1.644313053932772 (123.817% change)
    iteration    3: trace = 1.360241628786612 (18.9094% change)
    iteration    4: trace = 1.280019048059402 (6.07687% change)
    iteration    5: trace = 1.251542724741074 (2.2497% change)
    iteration    6: trace = 1.237651913933159 (1.11609% change)
    iteration    7: trace = 1.231533923250236 (0.495547% change)
    iteration    8: trace = 1.227349905393683 (0.340318% change)
    iteration    9: trace = 1.223997408879761 (0.273523% change)
    iteration   10: trace = 1.220531178157073 (0.283591% change)
    iteration   11: trace = 1.21854375982887 (0.162965% change)
    iteration   12: trace = 1.217306389868153 (0.101597% change)
    iteration   13: trace = 1.216394137084263 (0.0749684% change)
    iteration   14: trace = 1.215169808162068 (0.100703% change)
    iteration   15: trace = 1.214242048945111 (0.0763773% change)
    iteration   16: trace = 1.213547285276052 (0.0572343% change)
    iteration   17: trace = 1.213116582439584 (0.0354975% change)
    iteration   18: trace = 1.212761303048684 (0.0292908% change)
    iteration   19: trace = 1.212523731720625 (0.0195912% change)
    iteration   20: trace = 1.212289871195155 (0.0192889% change)
    iteration   21: trace = 1.212144304744727 (0.0120083% change)
    iteration   22: trace = 1.212045150904978 (0.00818037% change)
    iteration   23: trace = 1.211987084432805 (0.0047909% change)
    iteration   24: trace = 1.211942127649328 (0.00370941% change)
    iteration   25: trace = 1.211924047167593 (0.00149187% change)
    iteration   26: trace = 1.21191650476187 (0.000622352% change)
    iteration   27: trace = 1.211914233738528 (0.000187391% change)
    iteration   28: trace = 1.211913150617451 (8.93728e-05% change)
    iteration   29: trace = 1.211912631514765 (4.28333e-05% change)
    iteration   30: trace = 1.211912211218496 (3.46804e-05% change)
    iteration   31: trace = 1.211911921258258 (2.39258e-05% change)
    iteration   32: trace = 1.211911731850157 (1.56289e-05% change)
    iteration   33: trace = 1.211911670749204 (5.0417e-06% change)
    iteration   34: trace = 1.211911645896045 (2.05074e-06% change)
    iteration   35: trace = 1.21191163037299 (1.28087e-06% change)
    iteration   36: trace = 1.21191161309862 (1.42538e-06% change)
    iteration   37: trace = 1.211911599471152 (1.12446e-06% change)
    iteration   38: trace = 1.211911588951918 (8.67987e-07% change)
    iteration   39: trace = 1.211911582560592 (5.27376e-07% change)
    iteration   40: trace = 1.211911578994661 (2.9424e-07% change)
    iteration   41: trace = 1.21191157704932 (1.60518e-07% change)
    iteration   42: trace = 1.211911575457177 (1.31375e-07% change)
    iteration   43: trace = 1.211911574461091 (8.21913e-08% change)
    iteration   44: trace = 1.211911574083053 (3.11935e-08% change)
    iteration   45: trace = 1.211911573940777 (1.17399e-08% change)
    iteration   46: trace = 1.211911573853338 (7.21491e-09% change)
Finished solving for bands 7 to 12 after 46 iterations.
Finished k-point with 35 mean iterations/band.
tefreqs:, 1, -0.09, 0.14, 0, 0.143178, 0.0645309, 0.148962, 0.171635, 0.301023, 0.322646, 0.38107, 0.409903, 0.416759, 0.425988, 0.467784, 0.479652, 0.489744
elapsed time for k point: 8.078881978988647
total elapsed time for run: 8.144753456115723
done
Initializing eigensolver data
Computing 12 bands with 1e-10 tolerance
Working in 2 dimensions.
Grid size is 336 x 112 x 1.
Solving for 6 bands at a time.
Creating Maxwell data...
Mesh size is 3.
Lattice vectors:
     (3, 0, 0)
     (0, 1, 0)
     (0, 0, 1)
Cell volume = 3
Reciprocal lattice vectors (/ 2 pi):
     (0.333333, -0, 0)
     (-0, 1, -0)
     (0, -0, 1)
Geometric objects:
     block, center = (0,0,0)
          size (1e+20,1e+20,1)
          axes (1,0,0), (0,1,0), (0,0,1)
     prism, center = (-2.08167e-17,-1.38778e-17,0.5)
          height 1, axis (0,0,1), sidewall angle: 0 radians, 4 vertices:
          (0.25,0.25,0)
          (-0.25,0.25,0)
          (-0.25,-0.25,0)
          (0.25,-0.25,0)
     prism, center = (1,-1.38778e-17,0.5)
          height 1, axis (0,0,1), sidewall angle: 0 radians, 4 vertices:
          (1.25,0.25,0)
          (0.75,0.25,0)
          (0.75,-0.25,0)
          (1.25,-0.25,0)
     prism, center = (2,-1.38778e-17,0.5)
          height 1, axis (0,0,1), sidewall angle: 0 radians, 4 vertices:
          (2.25,0.25,0)
          (1.75,0.25,0)
          (1.75,-0.25,0)
          (2.25,-0.25,0)
Geometric object tree has depth 2 and 21 object nodes (vs. 4 actual objects)
Initializing epsilon function...
Allocating fields...
Solving for band polarization: te.
Initializing fields to random numbers...
1 k-points
  Vector3<-0.09, 0.14, 0.0>
elapsed time for initialization: 0.05876493453979492
solve_kpoint (-0.09,0.14,0):
tefreqs:, k index, k1, k2, k3, kmag/2pi, te band 1, te band 2, te band 3, te band 4, te band 5, te band 6, te band 7, te band 8, te band 9, te band 10, te band 11, te band 12
Solving for bands 1 to 6...
    near maximum in trace
    iteration    1: trace = 2.220773611735535 (199.776% change)
    iteration    2: trace = 0.5556728170851077 (119.945% change)
    iteration    3: trace = 0.4625994861371167 (18.2806% change)
    iteration    4: trace = 0.4216406654575479 (9.26418% change)
    iteration    5: trace = 0.4079386996663177 (3.30335% change)
    iteration    6: trace = 0.400982639817673 (1.71984% change)
    iteration    7: trace = 0.3983837036472099 (0.650249% change)
    iteration    8: trace = 0.3965449436347034 (0.462623% change)
    iteration    9: trace = 0.3960095326187015 (0.13511% change)
    iteration   10: trace = 0.3958130083143117 (0.0496385% change)
    iteration   11: trace = 0.3957732916971088 (0.0100347% change)
    iteration   12: trace = 0.3957554178264754 (0.00451629% change)
    iteration   13: trace = 0.3957483009419685 (0.00179832% change)
    iteration   14: trace = 0.3957440715429954 (0.00106872% change)
    iteration   15: trace = 0.3957428050340011 (0.000320033% change)
    iteration   16: trace = 0.3957423915733854 (0.000104477% change)
    iteration   17: trace = 0.3957423061857546 (2.15766e-05% change)
    iteration   18: trace = 0.3957422767136223 (7.4473e-06% change)
    iteration   19: trace = 0.395742265546645 (2.82178e-06% change)
    iteration   20: trace = 0.3957422588132713 (1.70145e-06% change)
    iteration   21: trace = 0.3957422565162496 (5.80434e-07% change)
    iteration   22: trace = 0.3957422559382481 (1.46055e-07% change)
    iteration   23: trace = 0.395742255809528 (3.25262e-08% change)
    iteration   24: trace = 0.3957422557814524 (7.09443e-09% change)
Finished solving for bands 1 to 6 after 24 iterations.
Solving for bands 7 to 12...
    near maximum in trace
    iteration    1: trace = 7.161141136726098 (199.278% change)
    iteration    2: trace = 1.676687871396863 (124.113% change)
    iteration    3: trace = 1.377419079595894 (19.5978% change)
    iteration    4: trace = 1.286408670535096 (6.83306% change)
    iteration    5: trace = 1.25244030894033 (2.67589% change)
    iteration    6: trace = 1.235241590969782 (1.38271% change)
    iteration    7: trace = 1.227996661316861 (0.588244% change)
    iteration    8: trace = 1.222924074157283 (0.413933% change)
    iteration    9: trace = 1.219160227882014 (0.308249% change)
    iteration   10: trace = 1.216170430584033 (0.245535% change)
    iteration   11: trace = 1.214722449158391 (0.119132% change)
    iteration   12: trace = 1.213740827440042 (0.080843% change)
    iteration   13: trace = 1.213149795335198 (0.0487069% change)
    iteration   14: trace = 1.212697046408871 (0.0373271% change)
    iteration   15: trace = 1.212490249115281 (0.0170541% change)
    iteration   16: trace = 1.212363676046541 (0.0104396% change)
    iteration   17: trace = 1.212269028200236 (0.00780719% change)
    iteration   18: trace = 1.212157612654421 (0.00919108% change)
    iteration   19: trace = 1.212071427370588 (0.00711033% change)
    iteration   20: trace = 1.211995666110295 (0.00625076% change)
    iteration   21: trace = 1.211956873824698 (0.00320075% change)
    iteration   22: trace = 1.211934642429289 (0.00183436% change)
    iteration   23: trace = 1.211924277109743 (0.000855274% change)
    iteration   24: trace = 1.211916976604693 (0.000602391% change)
    iteration   25: trace = 1.211913695794533 (0.000270713% change)
    iteration   26: trace = 1.211912267308742 (0.00011787% change)
    iteration   27: trace = 1.211911864684233 (3.32223e-05% change)
    iteration   28: trace = 1.211911705227112 (1.31575e-05% change)
    iteration   29: trace = 1.211911650946031 (4.47896e-06% change)
    iteration   30: trace = 1.211911622798862 (2.32254e-06% change)
    iteration   31: trace = 1.211911606745435 (1.32464e-06% change)
    iteration   32: trace = 1.211911592776277 (1.15265e-06% change)
    iteration   33: trace = 1.211911584892565 (6.50519e-07% change)
    iteration   34: trace = 1.211911581113498 (3.11827e-07% change)
    iteration   35: trace = 1.211911579177765 (1.59726e-07% change)
    iteration   36: trace = 1.211911577570818 (1.32596e-07% change)
    iteration   37: trace = 1.211911576446548 (9.27683e-08% change)
    iteration   38: trace = 1.211911575691098 (6.23354e-08% change)
    iteration   39: trace = 1.211911575121728 (4.69812e-08% change)
    iteration   40: trace = 1.211911574555693 (4.67059e-08% change)
    iteration   41: trace = 1.211911574125174 (3.5524e-08% change)
    iteration   42: trace = 1.211911573877221 (2.04596e-08% change)
    iteration   43: trace = 1.211911573773397 (8.56697e-09% change)
Finished solving for bands 7 to 12 after 43 iterations.
Finished k-point with 33.5 mean iterations/band.
tefreqs:, 1, -0.09, 0.14, 0, 0.143178, 0.0645309, 0.148962, 0.171635, 0.301023, 0.322646, 0.38107, 0.409903, 0.416759, 0.425988, 0.467784, 0.479652, 0.489744
elapsed time for k point: 7.390158414840698
total elapsed time for run: 7.449036598205566
done
Initializing eigensolver data
Computing 12 bands with 1e-10 tolerance
Working in 2 dimensions.
Grid size is 336 x 112 x 1.
Solving for 6 bands at a time.
Creating Maxwell data...
Mesh size is 3.
Lattice vectors:
     (3, 0, 0)
     (0, 1, 0)
     (0, 0, 1)
Cell volume = 3
Reciprocal lattice vectors (/ 2 pi):
     (0.333333, -0, 0)
     (-0, 1, -0)
     (0, -0, 1)
Geometric objects:
     block, center = (0,0,0)
          size (1e+20,1e+20,1)
          axes (1,0,0), (0,1,0), (0,0,1)
     prism, center = (-2.08167e-17,-1.38778e-17,0.5)
          height 1, axis (0,0,1), sidewall angle: 0 radians, 4 vertices:
          (0.25,0.25,0)
          (-0.25,0.25,0)
          (-0.25,-0.25,0)
          (0.25,-0.25,0)
     prism, center = (1,-1.38778e-17,0.5)
          height 1, axis (0,0,1), sidewall angle: 0 radians, 4 vertices:
          (1.25,0.25,0)
          (0.75,0.25,0)
          (0.75,-0.25,0)
          (1.25,-0.25,0)
     prism, center = (2,-1.38778e-17,0.5)
          height 1, axis (0,0,1), sidewall angle: 0 radians, 4 vertices:
          (2.25,0.25,0)
          (1.75,0.25,0)
          (1.75,-0.25,0)
          (2.25,-0.25,0)
Geometric object tree has depth 2 and 21 object nodes (vs. 4 actual objects)
Initializing epsilon function...
Allocating fields...
Solving for band polarization: te.
Initializing fields to random numbers...
1 k-points
  Vector3<-0.09, 0.14, 0.0>
elapsed time for initialization: 0.057555437088012695
solve_kpoint (-0.09,0.14,0):
tefreqs:, k index, k1, k2, k3, kmag/2pi, te band 1, te band 2, te band 3, te band 4, te band 5, te band 6, te band 7, te band 8, te band 9, te band 10, te band 11, te band 12
Solving for bands 1 to 6...
    near maximum in trace
    iteration    1: trace = 2.229707037803991 (199.774% change)
    iteration    2: trace = 0.5910497784700349 (116.186% change)
    iteration    3: trace = 0.4591784266629824 (25.1129% change)
    iteration    4: trace = 0.4288040568634715 (6.84121% change)
    iteration    5: trace = 0.4170063830454156 (2.78967% change)
    iteration    6: trace = 0.411158847872643 (1.41217% change)
    iteration    7: trace = 0.4046482117563109 (1.59612% change)
    iteration    8: trace = 0.3995696097416944 (1.26299% change)
    iteration    9: trace = 0.3970465029304004 (0.633456% change)
    iteration   10: trace = 0.3962697898216775 (0.195814% change)
    iteration   11: trace = 0.3959791291429686 (0.0733761% change)
    iteration   12: trace = 0.3958414327361408 (0.0347797% change)
    iteration   13: trace = 0.3957757841138569 (0.016586% change)
    iteration   14: trace = 0.3957505521028187 (0.00637553% change)
    iteration   15: trace = 0.3957444084040558 (0.00155243% change)
    iteration   16: trace = 0.3957429439845949 (0.000370042% change)
    iteration   17: trace = 0.3957425668271604 (9.53037e-05% change)
    iteration   18: trace = 0.3957423843836863 (4.61016e-05% change)
    iteration   19: trace = 0.3957423009112723 (2.10926e-05% change)
    iteration   20: trace = 0.3957422665408277 (8.68506e-06% change)
    iteration   21: trace = 0.3957422582958152 (2.08343e-06% change)
    iteration   22: trace = 0.395742256427583 (4.72083e-07% change)
    iteration   23: trace = 0.3957422559846609 (1.11922e-07% change)
    iteration   24: trace = 0.3957422558582129 (3.19521e-08% change)
    iteration   25: trace = 0.3957422558074167 (1.28357e-08% change)
    iteration   26: trace = 0.3957422557829656 (6.17856e-09% change)
Finished solving for bands 1 to 6 after 26 iterations.
Solving for bands 7 to 12...
    near maximum in trace
    iteration    1: trace = 6.605588139597373 (199.331% change)
    iteration    2: trace = 1.64975761405103 (120.064% change)
    iteration    3: trace = 1.371972169472709 (18.3859% change)
    iteration    4: trace = 1.281929832444117 (6.78566% change)
    iteration    5: trace = 1.248326527341051 (2.65612% change)
    iteration    6: trace = 1.233107497811041 (1.22663% change)
    iteration    7: trace = 1.227198634358652 (0.480336% change)
    iteration    8: trace = 1.222516914551568 (0.382226% change)
    iteration    9: trace = 1.219145237067963 (0.276179% change)
    iteration   10: trace = 1.216305342830057 (0.233213% change)
    iteration   11: trace = 1.214925357972409 (0.113522% change)
    iteration   12: trace = 1.214180752718656 (0.0613069% change)
    iteration   13: trace = 1.21377211631958 (0.033661% change)
    iteration   14: trace = 1.213286815637704 (0.0399908% change)
    iteration   15: trace = 1.212887438161818 (0.0329224% change)
    iteration   16: trace = 1.212563546979663 (0.0267077% change)
    iteration   17: trace = 1.212369808518257 (0.0159789% change)
    iteration   18: trace = 1.212216590324612 (0.0126387% change)
    iteration   19: trace = 1.212115973065726 (0.00830062% change)
    iteration   20: trace = 1.212018530261151 (0.00803939% change)
    iteration   21: trace = 1.211965461165055 (0.00437867% change)
    iteration   22: trace = 1.21193755491551 (0.00230259% change)
    iteration   23: trace = 1.211925701309305 (0.000978075% change)
    iteration   24: trace = 1.211917459622859 (0.000680051% change)
    iteration   25: trace = 1.211913961927976 (0.000288609% change)
    iteration   26: trace = 1.211912438931699 (0.000125669% change)
    iteration   27: trace = 1.211911982012537 (3.77023e-05% change)
    iteration   28: trace = 1.211911782231756 (1.64848e-05% change)
    iteration   29: trace = 1.211911708970917 (6.04506e-06% change)
    iteration   30: trace = 1.211911664384597 (3.67901e-06% change)
    iteration   31: trace = 1.211911633311804 (2.56395e-06% change)
    iteration   32: trace = 1.211911605923243 (2.25995e-06% change)
    iteration   33: trace = 1.211911593214543 (1.04865e-06% change)
    iteration   34: trace = 1.21191158729849 (4.88159e-07% change)
    iteration   35: trace = 1.21191158408096 (2.65492e-07% change)
    iteration   36: trace = 1.211911581199638 (2.3775e-07% change)
    iteration   37: trace = 1.211911578819856 (1.96366e-07% change)
    iteration   38: trace = 1.211911576746672 (1.71067e-07% change)
    iteration   39: trace = 1.211911575466955 (1.05595e-07% change)
    iteration   40: trace = 1.211911574788957 (5.59446e-08% change)
    iteration   41: trace = 1.211911574401423 (3.1977e-08% change)
    iteration   42: trace = 1.211911574059527 (2.82113e-08% change)
    iteration   43: trace = 1.211911573825574 (1.93045e-08% change)
    iteration   44: trace = 1.211911573738983 (7.14499e-09% change)
Finished solving for bands 7 to 12 after 44 iterations.
Finished k-point with 35 mean iterations/band.
tefreqs:, 1, -0.09, 0.14, 0, 0.143178, 0.0645309, 0.148962, 0.171635, 0.301023, 0.322646, 0.38107, 0.409903, 0.416759, 0.425988, 0.467784, 0.479652, 0.489744
elapsed time for k point: 10.387519598007202
total elapsed time for run: 10.445171594619751
done
Initializing eigensolver data
Computing 6 bands with 1e-10 tolerance
Working in 2 dimensions.
Grid size is 336 x 112 x 1.
Solving for 6 bands at a time.
Creating Maxwell data...
Mesh size is 3.
Lattice vectors:
     (3, 0, 0)
     (0, 1, 0)
     (0, 0, 1)
Cell volume = 3
Reciprocal lattice vectors (/ 2 pi):
     (0.333333, -0, 0)
     (-0, 1, -0)
     (0, -0, 1)
Geometric objects:
     block, center = (0,0,0)
          size (1e+20,1e+20,1)
          axes (1,0,0), (0,1,0), (0,0,1)
     prism, center = (0.000447214,-1.38778e-17,0.5)
          height 1, axis (0,0,1), sidewall angle: 0 radians, 4 vertices:
          (0.250447,0.25,0)
          (-0.249553,0.25,0)
          (-0.249553,-0.25,0)
          (0.250447,-0.25,0)
     prism, center = (1.00055,-1.38778e-17,0.5)
          height 1, axis (0,0,1), sidewall angle: 0 radians, 4 vertices:
          (1.25055,0.25,0)
          (0.750551,0.25,0)
          (0.750551,-0.25,0)
          (1.25055,-0.25,0)
     prism, center = (1.999,-1.38778e-17,0.5)
          height 1, axis (0,0,1), sidewall angle: 0 radians, 4 vertices:
          (2.249,0.25,0)
          (1.749,0.25,0)
          (1.749,-0.25,0)
          (2.249,-0.25,0)
Geometric object tree has depth 2 and 21 object nodes (vs. 4 actual objects)
Initializing epsilon function...
Allocating fields...
Solving for band polarization: te.
Initializing fields to random numbers...
1 k-points
  Vector3<-0.09, 0.14, 0.0>
elapsed time for initialization: 0.0385432243347168
solve_kpoint (-0.09,0.14,0):
tefreqs:, k index, k1, k2, k3, kmag/2pi, te band 1, te band 2, te band 3, te band 4, te band 5, te band 6
Solving for bands 1 to 6...
    near maximum in trace
    iteration    1: trace = 2.2750981166365 (199.77% change)
    iteration    2: trace = 0.6323897970967886 (112.998% change)
    iteration    3: trace = 0.4424648072410056 (35.3397% change)
    iteration    4: trace = 0.4151635814925432 (6.36668% change)
    iteration    5: trace = 0.4023600725417618 (3.13227% change)
    iteration    6: trace = 0.3991108168919142 (0.810823% change)
    iteration    7: trace = 0.3969607974343774 (0.540157% change)
    iteration    8: trace = 0.3960675989630508 (0.225263% change)
    iteration    9: trace = 0.3955921759183343 (0.120108% change)
    iteration   10: trace = 0.3954985668267335 (0.0236658% change)
    iteration   11: trace = 0.3954678113635241 (0.00777668% change)
    iteration   12: trace = 0.3954621199707737 (0.00143916% change)
    iteration   13: trace = 0.395459548013992 (0.00065037% change)
    iteration   14: trace = 0.3954585765203779 (0.000245662% change)
    iteration   15: trace = 0.3954579947084315 (0.000147123% change)
    iteration   16: trace = 0.3954577969718643 (5.00019e-05% change)
    iteration   17: trace = 0.3954577291851298 (1.71413e-05% change)
    iteration   18: trace = 0.3954577162751775 (3.26456e-06% change)
    iteration   19: trace = 0.3954577122272357 (1.02361e-06% change)
    iteration   20: trace = 0.3954577105811974 (4.16236e-07% change)
    iteration   21: trace = 0.3954577097440825 (2.11683e-07% change)
    iteration   22: trace = 0.3954577094847528 (6.55771e-08% change)
    iteration   23: trace = 0.3954577094260509 (1.4844e-08% change)
    iteration   24: trace = 0.3954577094127305 (3.36835e-09% change)
Finished solving for bands 1 to 6 after 24 iterations.
tefreqs:, 1, -0.09, 0.14, 0, 0.143178, 0.0644977, 0.148936, 0.171612, 0.300949, 0.322569, 0.380847
elapsed time for k point: 2.5782244205474854
total elapsed time for run: 2.6168551445007324
done
Initializing eigensolver data
Computing 6 bands with 1e-10 tolerance
Working in 2 dimensions.
Grid size is 336 x 112 x 1.
Solving for 6 bands at a time.
Creating Maxwell data...
Mesh size is 3.
Lattice vectors:
     (3, 0, 0)
     (0, 1, 0)
     (0, 0, 1)
Cell volume = 3
Reciprocal lattice vectors (/ 2 pi):
     (0.333333, -0, 0)
     (-0, 1, -0)
     (0, -0, 1)
Geometric objects:
     block, center = (0,0,0)
          size (1e+20,1e+20,1)
          axes (1,0,0), (0,1,0), (0,0,1)
     prism, center = (0.000447214,-1.38778e-17,0.5)
          height 1, axis (0,0,1), sidewall angle: 0 radians, 4 vertices:
          (0.250447,0.25,0)
          (-0.249553,0.25,0)
          (-0.249553,-0.25,0)
          (0.250447,-0.25,0)
     prism, center = (1.00055,-1.38778e-17,0.5)
          height 1, axis (0,0,1), sidewall angle: 0 radians, 4 vertices:
          (1.25055,0.25,0)
          (0.750551,0.25,0)
          (0.750551,-0.25,0)
          (1.25055,-0.25,0)
     prism, center = (1.999,-1.38778e-17,0.5)
          height 1, axis (0,0,1), sidewall angle: 0 radians, 4 vertices:
          (2.249,0.25,0)
          (1.749,0.25,0)
          (1.749,-0.25,0)
          (2.249,-0.25,0)
Geometric object tree has depth 2 and 21 object nodes (vs. 4 actual objects)
Initializing epsilon function...
Allocating fields...
Solving for band polarization: te.
Initializing fields to random numbers...
1 k-points
  Vector3<-0.09, 0.14, 0.0>
elapsed time for initialization: 0.03828930854797363
solve_kpoint (-0.09,0.14,0):
tefreqs:, k index, k1, k2, k3, kmag/2pi, te band 1, te band 2, te band 3, te band 4, te band 5, te band 6
Solving for bands 1 to 6...
    near maximum in trace
    iteration    1: trace = 2.132328816484467 (199.784% change)
    iteration    2: trace = 0.6013204844736548 (112.012% change)
    iteration    3: trace = 0.4491990114844565 (28.9612% change)
    iteration    4: trace = 0.4198326557101064 (6.75841% change)
    iteration    5: trace = 0.4058321586828174 (3.39133% change)
    iteration    6: trace = 0.4013942557103746 (1.09954% change)
    iteration    7: trace = 0.3982967644471122 (0.774672% change)
    iteration    8: trace = 0.3966582265082817 (0.412234% change)
    iteration    9: trace = 0.3957986588496942 (0.216937% change)
    iteration   10: trace = 0.3955781587434255 (0.0557257% change)
    iteration   11: trace = 0.3954998496888921 (0.0197981% change)
    iteration   12: trace = 0.3954769505782547 (0.00579008% change)
    iteration   13: trace = 0.3954646575890564 (0.00310844% change)
    iteration   14: trace = 0.3954601817800519 (0.00113179% change)
    iteration   15: trace = 0.395458297975945 (0.000476359% change)
    iteration   16: trace = 0.3954578825327321 (0.000105054% change)
    iteration   17: trace = 0.3954577622224314 (3.0423e-05% change)
    iteration   18: trace = 0.3954577323499744 (7.55389e-06% change)
    iteration   19: trace = 0.3954577187079098 (3.44969e-06% change)
    iteration   20: trace = 0.395457712858558 (1.47913e-06% change)
    iteration   21: trace = 0.3954577102515022 (6.5925e-07% change)
    iteration   22: trace = 0.3954577096153008 (1.60877e-07% change)
    iteration   23: trace = 0.3954577094599219 (3.92909e-08% change)
    iteration   24: trace = 0.3954577094264762 (8.45746e-09% change)
Finished solving for bands 1 to 6 after 24 iterations.
tefreqs:, 1, -0.09, 0.14, 0, 0.143178, 0.0644977, 0.148936, 0.171612, 0.300949, 0.322569, 0.380847
elapsed time for k point: 3.519458293914795
total elapsed time for run: 3.55783748626709
done
Initializing eigensolver data
Computing 6 bands with 1e-10 tolerance
Working in 2 dimensions.
Grid size is 336 x 112 x 1.
Solving for 6 bands at a time.
Creating Maxwell data...
Mesh size is 3.
Lattice vectors:
     (3, 0, 0)
     (0, 1, 0)
     (0, 0, 1)
Cell volume = 3
Reciprocal lattice vectors (/ 2 pi):
     (0.333333, -0, 0)
     (-0, 1, -0)
     (0, -0, 1)
Geometric objects:
     block, center = (0,0,0)
          size (1e+20,1e+20,1)
          axes (1,0,0), (0,1,0), (0,0,1)
     prism, center = (0.000447214,-1.38778e-17,0.5)
          height 1, axis (0,0,1), sidewall angle: 0 radians, 4 vertices:
          (0.250447,0.25,0)
          (-0.249553,0.25,0)
          (-0.249553,-0.25,0)
          (0.250447,-0.25,0)
     prism, center = (1.00055,-1.38778e-17,0.5)
          height 1, axis (0,0,1), sidewall angle: 0 radians, 4 vertices:
          (1.25055,0.25,0)
          (0.750551,0.25,0)
          (0.750551,-0.25,0)
          (1.25055,-0.25,0)
     prism, center = (1.999,-1.38778e-17,0.5)
          height 1, axis (0,0,1), sidewall angle: 0 radians, 4 vertices:
          (2.249,0.25,0)
          (1.749,0.25,0)
          (1.749,-0.25,0)
          (2.249,-0.25,0)
Geometric object tree has depth 2 and 21 object nodes (vs. 4 actual objects)
Initializing epsilon function...
Allocating fields...
Solving for band polarization: te.
Initializing fields to random numbers...
1 k-points
  Vector3<-0.09, 0.14, 0.0>
elapsed time for initialization: 0.03799939155578613
solve_kpoint (-0.09,0.14,0):
tefreqs:, k index, k1, k2, k3, kmag/2pi, te band 1, te band 2, te band 3, te band 4, te band 5, te band 6
Solving for bands 1 to 6...
    near maximum in trace
    iteration    1: trace = 2.109202517554309 (199.788% change)
    iteration    2: trace = 0.5809948709937808 (113.613% change)
    iteration    3: trace = 0.4248876843573298 (31.0388% change)
    iteration    4: trace = 0.4085844246369816 (3.91213% change)
    iteration    5: trace = 0.4006681438152643 (1.95644% change)
    iteration    6: trace = 0.3983775697392866 (0.573327% change)
    iteration    7: trace = 0.3966645312630365 (0.43093% change)
    iteration    8: trace = 0.395955663462639 (0.178867% change)
    iteration    9: trace = 0.3955772880267454 (0.0956057% change)
    iteration   10: trace = 0.395499201146243 (0.0197419% change)
    iteration   11: trace = 0.3954719308094219 (0.00689541% change)
    iteration   12: trace = 0.3954642663569306 (0.00193807% change)
    iteration   13: trace = 0.3954598258752701 (0.00112286% change)
    iteration   14: trace = 0.3954583114474075 (0.000382954% change)
    iteration   15: trace = 0.3954578406555538 (0.00011905% change)
    iteration   16: trace = 0.3954577524438682 (2.23062e-05% change)
    iteration   17: trace = 0.3954577241444676 (7.15611e-06% change)
    iteration   18: trace = 0.3954577158676348 (2.09298e-06% change)
    iteration   19: trace = 0.3954577120794217 (9.57931e-07% change)
    iteration   20: trace = 0.3954577103295015 (4.42505e-07% change)
    iteration   21: trace = 0.3954577096122699 (1.81367e-07% change)
    iteration   22: trace = 0.3954577094549444 (3.97832e-08% change)
    iteration   23: trace = 0.3954577094236306 (7.91835e-09% change)
Finished solving for bands 1 to 6 after 23 iterations.
tefreqs:, 1, -0.09, 0.14, 0, 0.143178, 0.0644977, 0.148936, 0.171612, 0.300949, 0.322569, 0.380847
elapsed time for k point: 2.443408966064453
total elapsed time for run: 2.4814958572387695
done
Initializing eigensolver data
Computing 6 bands with 1e-10 tolerance
Working in 2 dimensions.
Grid size is 336 x 112 x 1.
Solving for 6 bands at a time.
Creating Maxwell data...
Mesh size is 3.
Lattice vectors:
     (3, 0, 0)
     (0, 1, 0)
     (0, 0, 1)
Cell volume = 3
Reciprocal lattice vectors (/ 2 pi):
     (0.333333, -0, 0)
     (-0, 1, -0)
     (0, -0, 1)
Geometric objects:
     block, center = (0,0,0)
          size (1e+20,1e+20,1)
          axes (1,0,0), (0,1,0), (0,0,1)
     prism, center = (0.001,-1.38778e-17,0.5)
          height 1, axis (0,0,1), sidewall angle: 0 radians, 4 vertices:
          (0.251,0.25,0)
          (-0.249,0.25,0)
          (-0.249,-0.25,0)
          (0.251,-0.25,0)
     prism, center = (1,-1.38778e-17,0.5)
          height 1, axis (0,0,1), sidewall angle: 0 radians, 4 vertices:
          (1.25,0.25,0)
          (0.75,0.25,0)
          (0.75,-0.25,0)
          (1.25,-0.25,0)
     prism, center = (2,-1.38778e-17,0.5)
          height 1, axis (0,0,1), sidewall angle: 0 radians, 4 vertices:
          (2.25,0.25,0)
          (1.75,0.25,0)
          (1.75,-0.25,0)
          (2.25,-0.25,0)
Geometric object tree has depth 2 and 21 object nodes (vs. 4 actual objects)
Initializing epsilon function...
Allocating fields...
Solving for band polarization: te.
Initializing fields to random numbers...
1 k-points
  Vector3<-0.09, 0.14, 0.0>
elapsed time for initialization: 0.03759121894836426
solve_kpoint (-0.09,0.14,0):
tefreqs:, k index, k1, k2, k3, kmag/2pi, te band 1, te band 2, te band 3, te band 4, te band 5, te band 6
Solving for bands 1 to 6...
    near maximum in trace
    iteration    1: trace = 2.616198510601544 (199.735% change)
    iteration    2: trace = 0.5838445508455209 (127.02% change)
    iteration    3: trace = 0.4529953654862546 (25.24% change)
    iteration    4: trace = 0.4119689975316259 (9.48626% change)
    iteration    5: trace = 0.402181809390415 (2.40427% change)
    iteration    6: trace = 0.3983127811633607 (0.966659% change)
    iteration    7: trace = 0.3970435005019319 (0.319173% change)
    iteration    8: trace = 0.396226619883667 (0.205953% change)
    iteration    9: trace = 0.3959413679726279 (0.072018% change)
    iteration   10: trace = 0.3958155912671967 (0.0317715% change)
    iteration   11: trace = 0.3957875512760904 (0.00708436% change)
    iteration   12: trace = 0.3957754399460782 (0.00306011% change)
    iteration   13: trace = 0.3957709782791169 (0.00112733% change)
    iteration   14: trace = 0.395768452583005 (0.000638173% change)
    iteration   15: trace = 0.3957676724189924 (0.000197127% change)
    iteration   16: trace = 0.3957673989329386 (6.91027e-05% change)
    iteration   17: trace = 0.3957673482198387 (1.28139e-05% change)
    iteration   18: trace = 0.3957673350808598 (3.31987e-06% change)
    iteration   19: trace = 0.3957673317921279 (8.30976e-07% change)
    iteration   20: trace = 0.395767330187389 (4.05475e-07% change)
    iteration   21: trace = 0.3957673293930701 (2.00704e-07% change)
    iteration   22: trace = 0.3957673291076069 (7.2129e-08% change)
    iteration   23: trace = 0.3957673290339418 (1.86132e-08% change)
    iteration   24: trace = 0.3957673290195206 (3.64385e-09% change)
Finished solving for bands 1 to 6 after 24 iterations.
tefreqs:, 1, -0.09, 0.14, 0, 0.143178, 0.0645319, 0.148967, 0.171637, 0.301035, 0.322655, 0.381083
elapsed time for k point: 2.47645902633667
total elapsed time for run: 2.514125108718872
done
Initializing eigensolver data
Computing 6 bands with 1e-10 tolerance
Working in 2 dimensions.
Grid size is 336 x 112 x 1.
Solving for 6 bands at a time.
Creating Maxwell data...
Mesh size is 3.
Lattice vectors:
     (3, 0, 0)
     (0, 1, 0)
     (0, 0, 1)
Cell volume = 3
Reciprocal lattice vectors (/ 2 pi):
     (0.333333, -0, 0)
     (-0, 1, -0)
     (0, -0, 1)
Geometric objects:
     block, center = (0,0,0)
          size (1e+20,1e+20,1)
          axes (1,0,0), (0,1,0), (0,0,1)
     prism, center = (0.001,-1.38778e-17,0.5)
          height 1, axis (0,0,1), sidewall angle: 0 radians, 4 vertices:
          (0.251,0.25,0)
          (-0.249,0.25,0)
          (-0.249,-0.25,0)
          (0.251,-0.25,0)
     prism, center = (1,-1.38778e-17,0.5)
          height 1, axis (0,0,1), sidewall angle: 0 radians, 4 vertices:
          (1.25,0.25,0)
          (0.75,0.25,0)
          (0.75,-0.25,0)
          (1.25,-0.25,0)
     prism, center = (2,-1.38778e-17,0.5)
          height 1, axis (0,0,1), sidewall angle: 0 radians, 4 vertices:
          (2.25,0.25,0)
          (1.75,0.25,0)
          (1.75,-0.25,0)
          (2.25,-0.25,0)
Geometric object tree has depth 2 and 21 object nodes (vs. 4 actual objects)
Initializing epsilon function...
Allocating fields...
Solving for band polarization: te.
Initializing fields to random numbers...
1 k-points
  Vector3<-0.09, 0.14, 0.0>
elapsed time for initialization: 0.06208014488220215
solve_kpoint (-0.09,0.14,0):
tefreqs:, k index, k1, k2, k3, kmag/2pi, te band 1, te band 2, te band 3, te band 4, te band 5, te band 6
Solving for bands 1 to 6...
    near maximum in trace
    iteration    1: trace = 1.646926808080365 (199.834% change)
    iteration    2: trace = 0.4738080643961464 (110.633% change)
    iteration    3: trace = 0.4248931095942995 (10.8857% change)
    iteration    4: trace = 0.4086719860852994 (3.89199% change)
    iteration    5: trace = 0.4029295582690455 (1.41509% change)
    iteration    6: trace = 0.3986582838277152 (1.0657% change)
    iteration    7: trace = 0.3969099768931037 (0.439511% change)
    iteration    8: trace = 0.3960250717353943 (0.223197% change)
    iteration    9: trace = 0.3958516737059637 (0.0437942% change)
    iteration   10: trace = 0.3957927565525944 (0.0148848% change)
    iteration   11: trace = 0.3957784314463312 (0.00361941% change)
    iteration   12: trace = 0.395771664917732 (0.00170969% change)
    iteration   13: trace = 0.3957690140945987 (0.000669788% change)
    iteration   14: trace = 0.3957677848936476 (0.000310586% change)
    iteration   15: trace = 0.3957674860681112 (7.55053e-05% change)
    iteration   16: trace = 0.3957673869771225 (2.50377e-05% change)
    iteration   17: trace = 0.3957673558948297 (7.85368e-06% change)
    iteration   18: trace = 0.3957673404548969 (3.90126e-06% change)
    iteration   19: trace = 0.3957673330609293 (1.86826e-06% change)
    iteration   20: trace = 0.3957673299089097 (7.96432e-07% change)
    iteration   21: trace = 0.3957673291905835 (1.81502e-07% change)
    iteration   22: trace = 0.3957673290577207 (3.35709e-08% change)
    iteration   23: trace = 0.3957673290256187 (8.11133e-09% change)
Finished solving for bands 1 to 6 after 23 iterations.
tefreqs:, 1, -0.09, 0.14, 0, 0.143178, 0.0645319, 0.148967, 0.171637, 0.301035, 0.322655, 0.381083
elapsed time for k point: 2.8399670124053955
total elapsed time for run: 2.9021284580230713
done
Initializing eigensolver data
Computing 6 bands with 1e-10 tolerance
Working in 2 dimensions.
Grid size is 336 x 112 x 1.
Solving for 6 bands at a time.
Creating Maxwell data...
Mesh size is 3.
Lattice vectors:
     (3, 0, 0)
     (0, 1, 0)
     (0, 0, 1)
Cell volume = 3
Reciprocal lattice vectors (/ 2 pi):
     (0.333333, -0, 0)
     (-0, 1, -0)
     (0, -0, 1)
Geometric objects:
     block, center = (0,0,0)
          size (1e+20,1e+20,1)
          axes (1,0,0), (0,1,0), (0,0,1)
     prism, center = (0.001,-1.38778e-17,0.5)
          height 1, axis (0,0,1), sidewall angle: 0 radians, 4 vertices:
          (0.251,0.25,0)
          (-0.249,0.25,0)
          (-0.249,-0.25,0)
          (0.251,-0.25,0)
     prism, center = (1,-1.38778e-17,0.5)
          height 1, axis (0,0,1), sidewall angle: 0 radians, 4 vertices:
          (1.25,0.25,0)
          (0.75,0.25,0)
          (0.75,-0.25,0)
          (1.25,-0.25,0)
     prism, center = (2,-1.38778e-17,0.5)
          height 1, axis (0,0,1), sidewall angle: 0 radians, 4 vertices:
          (2.25,0.25,0)
          (1.75,0.25,0)
          (1.75,-0.25,0)
          (2.25,-0.25,0)
Geometric object tree has depth 2 and 21 object nodes (vs. 4 actual objects)
Initializing epsilon function...
Allocating fields...
Solving for band polarization: te.
Initializing fields to random numbers...
1 k-points
  Vector3<-0.09, 0.14, 0.0>
elapsed time for initialization: 0.038736581802368164
solve_kpoint (-0.09,0.14,0):
tefreqs:, k index, k1, k2, k3, kmag/2pi, te band 1, te band 2, te band 3, te band 4, te band 5, te band 6
Solving for bands 1 to 6...
    near maximum in trace
    iteration    1: trace = 2.05959171574322 (199.79% change)
    iteration    2: trace = 0.5033513439911492 (121.442% change)
    iteration    3: trace = 0.4347476693424988 (14.6261% change)
    iteration    4: trace = 0.4127879892045755 (5.18201% change)
    iteration    5: trace = 0.4062321793021023 (1.60089% change)
    iteration    6: trace = 0.4006671240657446 (1.37937% change)
    iteration    7: trace = 0.3979029199962673 (0.692288% change)
    iteration    8: trace = 0.3963588029558418 (0.388818% change)
    iteration    9: trace = 0.3960203243501577 (0.0854335% change)
    iteration   10: trace = 0.3958671073422139 (0.0386967% change)
    iteration   11: trace = 0.3958152664337539 (0.0130964% change)
    iteration   12: trace = 0.3957824755129656 (0.00828474% change)
    iteration   13: trace = 0.3957717388776367 (0.0027128% change)
    iteration   14: trace = 0.3957682097756343 (0.000891705% change)
    iteration   15: trace = 0.3957676131040475 (0.000150763% change)
    iteration   16: trace = 0.3957674342675055 (4.51873e-05% change)
    iteration   17: trace = 0.3957673748253662 (1.50195e-05% change)
    iteration   18: trace = 0.3957673454980442 (7.41024e-06% change)
    iteration   19: trace = 0.3957673349821531 (2.65709e-06% change)
    iteration   20: trace = 0.3957673304973813 (1.13318e-06% change)
    iteration   21: trace = 0.3957673293295979 (2.95068e-07% change)
    iteration   22: trace = 0.39576732909439 (5.94309e-08% change)
    iteration   23: trace = 0.3957673290392026 (1.39444e-08% change)
    iteration   24: trace = 0.3957673290248676 (3.62209e-09% change)
Finished solving for bands 1 to 6 after 24 iterations.
tefreqs:, 1, -0.09, 0.14, 0, 0.143178, 0.0645319, 0.148967, 0.171637, 0.301035, 0.322655, 0.381083
elapsed time for k point: 3.199302911758423
total elapsed time for run: 3.2381784915924072
done
Initializing eigensolver data
Computing 6 bands with 1e-10 tolerance
Working in 2 dimensions.
Grid size is 336 x 112 x 1.
Solving for 6 bands at a time.
Creating Maxwell data...
Mesh size is 3.
Lattice vectors:
     (3, 0, 0)
     (0, 1, 0)
     (0, 0, 1)
Cell volume = 3
Reciprocal lattice vectors (/ 2 pi):
     (0.333333, -0, 0)
     (-0, 1, -0)
     (0, -0, 1)
Geometric objects:
     block, center = (0,0,0)
          size (1e+20,1e+20,1)
          axes (1,0,0), (0,1,0), (0,0,1)
     prism, center = (1.999,-1.38778e-17,0.5)
          height 1, axis (0,0,1), sidewall angle: 0 radians, 4 vertices:
          (2.249,0.25,0)
          (1.749,0.25,0)
          (1.749,-0.25,0)
          (2.249,-0.25,0)
     prism, center = (1.00055,-1.38778e-17,0.5)
          height 1, axis (0,0,1), sidewall angle: 0 radians, 4 vertices:
          (0.750551,-0.25,0)
          (0.750551,0.25,0)
          (1.25055,0.25,0)
          (1.25055,-0.25,0)
     prism, center = (0.000447214,-1.38778e-17,0.5)
          height 1, axis (0,0,1), sidewall angle: 0 radians, 4 vertices:
          (-0.249553,-0.25,0)
          (0.250447,-0.25,0)
          (0.250447,0.25,0)
          (-0.249553,0.25,0)
Geometric object tree has depth 2 and 21 object nodes (vs. 4 actual objects)
Initializing epsilon function...
Allocating fields...
Solving for band polarization: te.
Initializing fields to random numbers...
1 k-points
  Vector3<-0.09, 0.14, 0.0>
elapsed time for initialization: 0.03796076774597168
solve_kpoint (-0.09,0.14,0):
tefreqs:, k index, k1, k2, k3, kmag/2pi, te band 1, te band 2, te band 3, te band 4, te band 5, te band 6
Solving for bands 1 to 6...
    near maximum in trace
    iteration    1: trace = 1.830752267400763 (199.815% change)
    iteration    2: trace = 0.5325176366551765 (109.868% change)
    iteration    3: trace = 0.4161505360754187 (24.5327% change)
    iteration    4: trace = 0.4036246799818379 (3.05592% change)
    iteration    5: trace = 0.3981342348538942 (1.3696% change)
    iteration    6: trace = 0.3968525556963769 (0.32244% change)
    iteration    7: trace = 0.3960050146988515 (0.213794% change)
    iteration    8: trace = 0.3956854022890024 (0.0807418% change)
    iteration    9: trace = 0.3955064278734901 (0.0452417% change)
    iteration   10: trace = 0.3954726392411619 (0.0085435% change)
    iteration   11: trace = 0.3954623412963097 (0.00260399% change)
    iteration   12: trace = 0.3954600248655898 (0.000585754% change)
    iteration   13: trace = 0.3954586541274704 (0.000346619% change)
    iteration   14: trace = 0.3954580547703475 (0.00015156% change)
    iteration   15: trace = 0.3954577955741423 (6.55433e-05% change)
    iteration   16: trace = 0.3954577337383356 (1.56365e-05% change)
    iteration   17: trace = 0.3954577162969534 (4.41043e-06% change)
    iteration   18: trace = 0.395457712013475 (1.08317e-06% change)
    iteration   19: trace = 0.3954577104733051 (3.89465e-07% change)
    iteration   20: trace = 0.3954577097764695 (1.7621e-07% change)
    iteration   21: trace = 0.3954577094947943 (7.12277e-08% change)
    iteration   22: trace = 0.3954577094281801 (1.68448e-08% change)
    iteration   23: trace = 0.3954577094128433 (3.87825e-09% change)
Finished solving for bands 1 to 6 after 23 iterations.
tefreqs:, 1, -0.09, 0.14, 0, 0.143178, 0.0644977, 0.148936, 0.171612, 0.300949, 0.322569, 0.380847
elapsed time for k point: 2.4866275787353516
total elapsed time for run: 2.52467679977417
done
Initializing eigensolver data
Computing 6 bands with 1e-10 tolerance
Working in 2 dimensions.
Grid size is 336 x 112 x 1.
Solving for 6 bands at a time.
Creating Maxwell data...
Mesh size is 3.
Lattice vectors:
     (3, 0, 0)
     (0, 1, 0)
     (0, 0, 1)
Cell volume = 3
Reciprocal lattice vectors (/ 2 pi):
     (0.333333, -0, 0)
     (-0, 1, -0)
     (0, -0, 1)
Geometric objects:
     block, center = (0,0,0)
          size (1e+20,1e+20,1)
          axes (1,0,0), (0,1,0), (0,0,1)
     prism, center = (0.001,-1.38778e-17,0.5)
          height 1, axis (0,0,1), sidewall angle: 0 radians, 4 vertices:
          (0.251,0.25,0)
          (-0.249,0.25,0)
          (-0.249,-0.25,0)
          (0.251,-0.25,0)
     prism, center = (1.001,-1.38778e-17,0.5)
          height 1, axis (0,0,1), sidewall angle: 0 radians, 4 vertices:
          (1.251,0.25,0)
          (0.751,0.25,0)
          (0.751,-0.25,0)
          (1.251,-0.25,0)
     prism, center = (2.001,-1.38778e-17,0.5)
          height 1, axis (0,0,1), sidewall angle: 0 radians, 4 vertices:
          (2.251,0.25,0)
          (1.751,0.25,0)
          (1.751,-0.25,0)
          (2.251,-0.25,0)
Geometric object tree has depth 2 and 21 object nodes (vs. 4 actual objects)
Initializing epsilon function...
Allocating fields...
Solving for band polarization: te.
Initializing fields to random numbers...
1 k-points
  Vector3<-0.09, 0.14, 0.0>
elapsed time for initialization: 0.04677629470825195
solve_kpoint (-0.09,0.14,0):
tefreqs:, k index, k1, k2, k3, kmag/2pi, te band 1, te band 2, te band 3, te band 4, te band 5, te band 6
Solving for bands 1 to 6...
    near maximum in trace
    iteration    1: trace = 2.593106455939645 (199.738% change)
    iteration    2: trace = 0.6538900352501326 (119.447% change)
    iteration    3: trace = 0.4671391383179683 (33.3178% change)
    iteration    4: trace = 0.4292041867303298 (8.46438% change)
    iteration    5: trace = 0.409926807510632 (4.59461% change)
    iteration    6: trace = 0.4033557253403516 (1.61594% change)
    iteration    7: trace = 0.3991395048056609 (1.05078% change)
    iteration    8: trace = 0.3969277015998705 (0.555683% change)
    iteration    9: trace = 0.3957462907189709 (0.298082% change)
    iteration   10: trace = 0.3954511088386715 (0.0746165% change)
    iteration   11: trace = 0.3953518255330961 (0.0251095% change)
    iteration   12: trace = 0.3953209859212185 (0.00780085% change)
    iteration   13: trace = 0.3953020586037265 (0.00478795% change)
    iteration   14: trace = 0.3952950879398999 (0.00176339% change)
    iteration   15: trace = 0.3952924376230055 (0.000670468% change)
    iteration   16: trace = 0.3952918931607898 (0.000137737% change)
    iteration   17: trace = 0.3952917210798652 (4.35326e-05% change)
    iteration   18: trace = 0.3952916611243092 (1.51674e-05% change)
    iteration   19: trace = 0.3952916273369155 (8.54746e-06% change)
    iteration   20: trace = 0.3952916160234995 (2.86204e-06% change)
    iteration   21: trace = 0.3952916129175555 (7.85735e-07% change)
    iteration   22: trace = 0.3952916122349577 (1.72682e-07% change)
    iteration   23: trace = 0.3952916120727327 (4.10393e-08% change)
    iteration   24: trace = 0.3952916120254431 (1.19632e-08% change)
    iteration   25: trace = 0.3952916120112137 (3.59971e-09% change)
Finished solving for bands 1 to 6 after 25 iterations.
tefreqs:, 1, -0.09, 0.14, 0, 0.143178, 0.0644783, 0.148924, 0.171598, 0.30091, 0.322522, 0.380714
elapsed time for k point: 3.156752109527588
total elapsed time for run: 3.2036287784576416
done
Initializing eigensolver data
Computing 6 bands with 1e-10 tolerance
Working in 2 dimensions.
Grid size is 336 x 112 x 1.
Solving for 6 bands at a time.
Creating Maxwell data...
Mesh size is 3.
Lattice vectors:
     (3, 0, 0)
     (0, 1, 0)
     (0, 0, 1)
Cell volume = 3
Reciprocal lattice vectors (/ 2 pi):
     (0.333333, -0, 0)
     (-0, 1, -0)
     (0, -0, 1)
Geometric objects:
     block, center = (0,0,0)
          size (1e+20,1e+20,1)
          axes (1,0,0), (0,1,0), (0,0,1)
     prism, center = (-0.001,-1.38778e-17,0.5)
          height 1, axis (0,0,1), sidewall angle: 0 radians, 4 vertices:
          (0.249,0.25,0)
          (-0.251,0.25,0)
          (-0.251,-0.25,0)
          (0.249,-0.25,0)
     prism, center = (0.999,-1.38778e-17,0.5)
          height 1, axis (0,0,1), sidewall angle: 0 radians, 4 vertices:
          (1.249,0.25,0)
          (0.749,0.25,0)
          (0.749,-0.25,0)
          (1.249,-0.25,0)
     prism, center = (1.999,-1.38778e-17,0.5)
          height 1, axis (0,0,1), sidewall angle: 0 radians, 4 vertices:
          (2.249,0.25,0)
          (1.749,0.25,0)
          (1.749,-0.25,0)
          (2.249,-0.25,0)
Geometric object tree has depth 2 and 21 object nodes (vs. 4 actual objects)
Initializing epsilon function...
Allocating fields...
Solving for band polarization: te.
Initializing fields to random numbers...
1 k-points
  Vector3<-0.09, 0.14, 0.0>
elapsed time for initialization: 0.04468083381652832
solve_kpoint (-0.09,0.14,0):
tefreqs:, k index, k1, k2, k3, kmag/2pi, te band 1, te band 2, te band 3, te band 4, te band 5, te band 6
Solving for bands 1 to 6...
    near maximum in trace
    iteration    1: trace = 2.162970352931996 (199.78% change)
    iteration    2: trace = 0.540124537607007 (120.073% change)
    iteration    3: trace = 0.4151497803031375 (26.1652% change)
    iteration    4: trace = 0.4018118868198601 (3.26524% change)
    iteration    5: trace = 0.397309300338814 (1.12688% change)
    iteration    6: trace = 0.3963383061011182 (0.244692% change)
    iteration    7: trace = 0.395708739381417 (0.158972% change)
    iteration    8: trace = 0.3954675645357236 (0.0609661% change)
    iteration    9: trace = 0.3953462353416896 (0.0306846% change)
    iteration   10: trace = 0.3953216868038669 (0.00620957% change)
    iteration   11: trace = 0.3953139310525817 (0.0019619% change)
    iteration   12: trace = 0.3953123758533221 (0.000393409% change)
    iteration   13: trace = 0.3953114393124461 (0.000236912% change)
    iteration   14: trace = 0.3953110351937263 (0.000102228% change)
    iteration   15: trace = 0.3953108447087232 (4.81861e-05% change)
    iteration   16: trace = 0.3953107985947166 (1.16653e-05% change)
    iteration   17: trace = 0.3953107829012164 (3.96991e-06% change)
    iteration   18: trace = 0.3953107795833073 (8.39317e-07% change)
    iteration   19: trace = 0.3953107784396058 (2.89317e-07% change)
    iteration   20: trace = 0.395310777990062 (1.13719e-07% change)
    iteration   21: trace = 0.3953107777683533 (5.60847e-08% change)
    iteration   22: trace = 0.395310777712804 (1.40521e-08% change)
    iteration   23: trace = 0.3953107776992444 (3.43011e-09% change)
Finished solving for bands 1 to 6 after 23 iterations.
tefreqs:, 1, -0.09, 0.14, 0, 0.143178, 0.0644794, 0.148925, 0.171602, 0.300917, 0.322533, 0.380722
elapsed time for k point: 3.2028393745422363
total elapsed time for run: 3.247612237930298
done
