Initializing eigensolver data
Computing 12 bands with 1e-10 tolerance
Working in 2 dimensions.
Grid size is 288 x 96 x 1.
Solving for 6 bands at a time.
Creating Maxwell data...
Mesh size is 3.
Lattice vectors:
     (3, 0, 0)
     (0, 1, 0)
     (0, 0, 1)
Cell volume = 3
Reciprocal lattice vectors (/ 2 pi):
     (0.333333, -0, 0)
     (-0, 1, -0)
     (0, -0, 1)
Geometric objects:
     block, center = (0,0,0)
          size (1e+20,1e+20,1)
          axes (1,0,0), (0,1,0), (0,0,1)
     prism, center = (-2.08167e-17,-1.38778e-17,0.5)
          height 1, axis (0,0,1), sidewall angle: 0 radians, 4 vertices:
          (0.25,0.25,0)
          (-0.25,0.25,0)
          (-0.25,-0.25,0)
          (0.25,-0.25,0)
     prism, center = (1,-1.38778e-17,0.5)
          height 1, axis (0,0,1), sidewall angle: 0 radians, 4 vertices:
          (1.25,0.25,0)
          (0.75,0.25,0)
          (0.75,-0.25,0)
          (1.25,-0.25,0)
     prism, center = (2,-1.38778e-17,0.5)
          height 1, axis (0,0,1), sidewall angle: 0 radians, 4 vertices:
          (2.25,0.25,0)
          (1.75,0.25,0)
          (1.75,-0.25,0)
          (2.25,-0.25,0)
Geometric object tree has depth 2 and 21 object nodes (vs. 4 actual objects)
Initializing epsilon function...
Allocating fields...
Solving for band polarization: te.
Initializing fields to random numbers...
1 k-points
  Vector3<-0.09, 0.14, 0.0>
elapsed time for initialization: 0.04412722587585449
solve_kpoint (-0.09,0.14,0):
tefreqs:, k index, k1, k2, k3, kmag/2pi, te band 1, te band 2, te band 3, te band 4, te band 5, te band 6, te band 7, te band 8, te band 9, te band 10, te band 11, te band 12
Solving for bands 1 to 6...
    near maximum in trace
    iteration    1: trace = 2.333856006614246 (199.678% change)
    iteration    2: trace = 0.5408821275769933 (124.74% change)
    iteration    3: trace = 0.4452287005632974 (19.4001% change)
    iteration    4: trace = 0.4133933386065263 (7.41545% change)
    iteration    5: trace = 0.4048881109504752 (2.0788% change)
    iteration    6: trace = 0.3997303099530019 (1.28205% change)
    iteration    7: trace = 0.3976289764350256 (0.527073% change)
    iteration    8: trace = 0.39621714273199 (0.355695% change)
    iteration    9: trace = 0.3958216805664948 (0.0998593% change)
    iteration   10: trace = 0.3956691802658999 (0.0385349% change)
    iteration   11: trace = 0.3956345514775873 (0.00875234% change)
    iteration   12: trace = 0.3956159901317986 (0.00469165% change)
    iteration   13: trace = 0.3956083612441859 (0.00192838% change)
    iteration   14: trace = 0.3956046708419821 (0.000932847% change)
    iteration   15: trace = 0.3956038405709841 (0.000209874% change)
    iteration   16: trace = 0.3956035760062941 (6.68762e-05% change)
    iteration   17: trace = 0.3956035158130062 (1.52156e-05% change)
    iteration   18: trace = 0.3956034910873868 (6.2501e-06% change)
    iteration   19: trace = 0.3956034807484672 (2.61346e-06% change)
    iteration   20: trace = 0.3956034750519124 (1.43997e-06% change)
    iteration   21: trace = 0.395603473503413 (3.91427e-07% change)
    iteration   22: trace = 0.395603473138245 (9.23066e-08% change)
    iteration   23: trace = 0.3956034730639341 (1.87842e-08% change)
    iteration   24: trace = 0.3956034730487611 (3.8354e-09% change)
Finished solving for bands 1 to 6 after 24 iterations.
Solving for bands 7 to 12...
    near maximum in trace
    iteration    1: trace = 6.729188527657034 (199.074% change)
    iteration    2: trace = 1.713190145978992 (118.829% change)
    iteration    3: trace = 1.388180979400425 (20.9591% change)
    iteration    4: trace = 1.282428193109669 (7.91975% change)
    iteration    5: trace = 1.248344670454392 (2.69353% change)
    iteration    6: trace = 1.236372312010394 (0.96368% change)
    iteration    7: trace = 1.230759403358633 (0.455015% change)
    iteration    8: trace = 1.224245676472602 (0.530649% change)
    iteration    9: trace = 1.218987329197595 (0.430442% change)
    iteration   10: trace = 1.2156406074159 (0.274927% change)
    iteration   11: trace = 1.214055152936656 (0.130506% change)
    iteration   12: trace = 1.213184377126715 (0.0717503% change)
    iteration   13: trace = 1.212766520445647 (0.0344489% change)
    iteration   14: trace = 1.212405498865584 (0.0297729% change)
    iteration   15: trace = 1.21215481110031 (0.020679% change)
    iteration   16: trace = 1.211975928050335 (0.0147585% change)
    iteration   17: trace = 1.211873180987051 (0.00847801% change)
    iteration   18: trace = 1.211792877523462 (0.00662661% change)
    iteration   19: trace = 1.211747426483743 (0.0037508% change)
    iteration   20: trace = 1.211712779434833 (0.0028593% change)
    iteration   21: trace = 1.211689103762727 (0.00195392% change)
    iteration   22: trace = 1.211670359416338 (0.00154697% change)
    iteration   23: trace = 1.211659211864674 (0.000920019% change)
    iteration   24: trace = 1.211649145445994 (0.0008308% change)
    iteration   25: trace = 1.211643369350863 (0.000476715% change)
    iteration   26: trace = 1.211640618614319 (0.000227026% change)
    iteration   27: trace = 1.211639902966591 (5.90644e-05% change)
    iteration   28: trace = 1.211639622990633 (2.31072e-05% change)
    iteration   29: trace = 1.211639498292378 (1.02917e-05% change)
    iteration   30: trace = 1.211639407697851 (7.47702e-06% change)
    iteration   31: trace = 1.211639354561037 (4.38553e-06% change)
    iteration   32: trace = 1.211639319647745 (2.88149e-06% change)
    iteration   33: trace = 1.211639305850562 (1.13872e-06% change)
    iteration   34: trace = 1.211639300113541 (4.73492e-07% change)
    iteration   35: trace = 1.211639297529066 (2.13304e-07% change)
    iteration   36: trace = 1.211639295278367 (1.85757e-07% change)
    iteration   37: trace = 1.211639293683538 (1.31626e-07% change)
    iteration   38: trace = 1.211639292660517 (8.44328e-08% change)
    iteration   39: trace = 1.211639292100083 (4.62542e-08% change)
    iteration   40: trace = 1.211639291693653 (3.35438e-08% change)
    iteration   41: trace = 1.211639291373888 (2.63912e-08% change)
    iteration   42: trace = 1.211639291059161 (2.59753e-08% change)
    iteration   43: trace = 1.211639290843796 (1.77746e-08% change)
    iteration   44: trace = 1.211639290736196 (8.88054e-09% change)
Finished solving for bands 7 to 12 after 44 iterations.
Finished k-point with 34 mean iterations/band.
tefreqs:, 1, -0.09, 0.14, 0, 0.143178, 0.0645265, 0.148941, 0.171613, 0.300941, 0.322567, 0.381039, 0.409868, 0.416721, 0.425944, 0.467676, 0.479618, 0.489701
elapsed time for k point: 8.953803062438965
total elapsed time for run: 8.99807596206665
done
Initializing eigensolver data
Computing 6 bands with 1e-10 tolerance
Working in 2 dimensions.
Grid size is 288 x 96 x 1.
Solving for 6 bands at a time.
Creating Maxwell data...
Mesh size is 3.
Lattice vectors:
     (3, 0, 0)
     (0, 1, 0)
     (0, 0, 1)
Cell volume = 3
Reciprocal lattice vectors (/ 2 pi):
     (0.333333, -0, 0)
     (-0, 1, -0)
     (0, -0, 1)
Geometric objects:
     block, center = (0,0,0)
          size (1e+20,1e+20,1)
          axes (1,0,0), (0,1,0), (0,0,1)
     prism, center = (0,0,0.5)
          height 1, axis (0,0,1), sidewall angle: 0 radians, 4 vertices:
          (-0.25,-0.25,0)
          (-0.25,0.25,0)
          (0.25,0.25,0)
          (0.25,-0.25,0)
     prism, center = (1.0005,0,0.5)
          height 1, axis (0,0,1), sidewall angle: 0 radians, 4 vertices:
          (0.7505,-0.25,0)
          (0.7505,0.25,0)
          (1.2505,0.25,0)
          (1.2505,-0.25,0)
     prism, center = (2,0,0.5)
          height 1, axis (0,0,1), sidewall angle: 0 radians, 4 vertices:
          (1.75,-0.25,0)
          (1.75,0.25,0)
          (2.25,0.25,0)
          (2.25,-0.25,0)
Geometric object tree has depth 2 and 21 object nodes (vs. 4 actual objects)
Initializing epsilon function...
Allocating fields...
Solving for band polarization: te.
Initializing fields to random numbers...
1 k-points
  Vector3<-0.09, 0.14, 0.0>
elapsed time for initialization: 0.030428647994995117
solve_kpoint (-0.09,0.14,0):
tefreqs:, k index, k1, k2, k3, kmag/2pi, te band 1, te band 2, te band 3, te band 4, te band 5, te band 6
Solving for bands 1 to 6...
    near maximum in trace
    iteration    1: trace = 1.9970969770669 (199.727% change)
    iteration    2: trace = 0.5201324290846996 (117.348% change)
    iteration    3: trace = 0.4460635884276206 (15.3321% change)
    iteration    4: trace = 0.4188235555143199 (6.2991% change)
    iteration    5: trace = 0.4097063313600572 (2.20082% change)
    iteration    6: trace = 0.4039537130041995 (1.41401% change)
    iteration    7: trace = 0.4006928966742076 (0.810497% change)
    iteration    8: trace = 0.397787582066865 (0.727711% change)
    iteration    9: trace = 0.3969235066567275 (0.217456% change)
    iteration   10: trace = 0.3965858111773497 (0.0851144% change)
    iteration   11: trace = 0.3964983349773398 (0.0220598% change)
    iteration   12: trace = 0.3964499747941056 (0.0121976% change)
    iteration   13: trace = 0.3964305193500146 (0.00490754% change)
    iteration   14: trace = 0.3964230355642298 (0.00188781% change)
    iteration   15: trace = 0.3964216273648136 (0.000355227% change)
    iteration   16: trace = 0.3964213236039243 (7.66257e-05% change)
    iteration   17: trace = 0.3964212554191629 (1.72001e-05% change)
    iteration   18: trace = 0.3964212307005005 (6.23545e-06% change)
    iteration   19: trace = 0.3964212192216036 (2.89563e-06% change)
    iteration   20: trace = 0.3964212132214631 (1.51358e-06% change)
    iteration   21: trace = 0.3964212111146619 (5.31455e-07% change)
    iteration   22: trace = 0.3964212106123844 (1.26703e-07% change)
    iteration   23: trace = 0.3964212104745996 (3.47572e-08% change)
    iteration   24: trace = 0.3964212104403946 (8.62846e-09% change)
Finished solving for bands 1 to 6 after 24 iterations.
tefreqs:, 1, -0.09, 0.14, 0, 0.143178, 0.0645152, 0.149085, 0.171763, 0.301522, 0.323124, 0.381058
elapsed time for k point: 2.2194812297821045
total elapsed time for run: 2.2500064373016357
done
Initializing eigensolver data
Computing 6 bands with 1e-10 tolerance
Working in 2 dimensions.
Grid size is 288 x 96 x 1.
Solving for 6 bands at a time.
Creating Maxwell data...
Mesh size is 3.
Lattice vectors:
     (3, 0, 0)
     (0, 1, 0)
     (0, 0, 1)
Cell volume = 3
Reciprocal lattice vectors (/ 2 pi):
     (0.333333, -0, 0)
     (-0, 1, -0)
     (0, -0, 1)
Geometric objects:
     block, center = (0,0,0)
          size (1e+20,1e+20,1)
          axes (1,0,0), (0,1,0), (0,0,1)
     prism, center = (0,0,0.5)
          height 1, axis (0,0,1), sidewall angle: 0 radians, 4 vertices:
          (-0.25,-0.25,0)
          (-0.25,0.25,0)
          (0.25,0.25,0)
          (0.25,-0.25,0)
     prism, center = (1.0005,0,0.5)
          height 1, axis (0,0,1), sidewall angle: 0 radians, 4 vertices:
          (0.7505,-0.25,0)
          (0.7505,0.25,0)
          (1.2505,0.25,0)
          (1.2505,-0.25,0)
     prism, center = (2,0,0.5)
          height 1, axis (0,0,1), sidewall angle: 0 radians, 4 vertices:
          (1.75,-0.25,0)
          (1.75,0.25,0)
          (2.25,0.25,0)
          (2.25,-0.25,0)
Geometric object tree has depth 2 and 21 object nodes (vs. 4 actual objects)
Initializing epsilon function...
Allocating fields...
Solving for band polarization: te.
Initializing fields to random numbers...
1 k-points
  Vector3<-0.09, 0.14, 0.0>
elapsed time for initialization: 0.032457590103149414
solve_kpoint (-0.09,0.14,0):
tefreqs:, k index, k1, k2, k3, kmag/2pi, te band 1, te band 2, te band 3, te band 4, te band 5, te band 6
Solving for bands 1 to 6...
    near maximum in trace
    iteration    1: trace = 2.571379899446725 (199.645% change)
    iteration    2: trace = 0.6267059093655982 (121.615% change)
    iteration    3: trace = 0.4517267935182319 (32.4506% change)
    iteration    4: trace = 0.420803233710522 (7.08825% change)
    iteration    5: trace = 0.4059073793874487 (3.60364% change)
    iteration    6: trace = 0.4010493405781935 (1.20404% change)
    iteration    7: trace = 0.3982611701701102 (0.697644% change)
    iteration    8: trace = 0.3972447359332917 (0.255544% change)
    iteration    9: trace = 0.3966559440557049 (0.148329% change)
    iteration   10: trace = 0.3964995163889173 (0.0394444% change)
    iteration   11: trace = 0.3964429244812597 (0.0142739% change)
    iteration   12: trace = 0.3964307672021191 (0.00306664% change)
    iteration   13: trace = 0.3964251454783086 (0.00141809% change)
    iteration   14: trace = 0.3964229376299088 (0.000556941% change)
    iteration   15: trace = 0.3964216912342475 (0.000314411% change)
    iteration   16: trace = 0.3964213701843161 (8.0987e-05% change)
    iteration   17: trace = 0.3964212589064299 (2.80706e-05% change)
    iteration   18: trace = 0.3964212315627709 (6.89763e-06% change)
    iteration   19: trace = 0.3964212193425086 (3.08265e-06% change)
    iteration   20: trace = 0.3964212136889604 (1.42615e-06% change)
    iteration   21: trace = 0.3964212111705452 (6.35288e-07% change)
    iteration   22: trace = 0.3964212105791071 (1.49194e-07% change)
    iteration   23: trace = 0.3964212104489911 (3.28227e-08% change)
    iteration   24: trace = 0.3964212104205885 (7.16474e-09% change)
Finished solving for bands 1 to 6 after 24 iterations.
tefreqs:, 1, -0.09, 0.14, 0, 0.143178, 0.0645152, 0.149085, 0.171763, 0.301522, 0.323124, 0.381058
elapsed time for k point: 2.997804880142212
total elapsed time for run: 3.0303425788879395
done
Initializing eigensolver data
Computing 6 bands with 1e-10 tolerance
Working in 2 dimensions.
Grid size is 288 x 96 x 1.
Solving for 6 bands at a time.
Creating Maxwell data...
Mesh size is 3.
Lattice vectors:
     (3, 0, 0)
     (0, 1, 0)
     (0, 0, 1)
Cell volume = 3
Reciprocal lattice vectors (/ 2 pi):
     (0.333333, -0, 0)
     (-0, 1, -0)
     (0, -0, 1)
Geometric objects:
     block, center = (0,0,0)
          size (1e+20,1e+20,1)
          axes (1,0,0), (0,1,0), (0,0,1)
     prism, center = (0,0,0.5)
          height 1, axis (0,0,1), sidewall angle: 0 radians, 4 vertices:
          (-0.25,-0.25,0)
          (-0.25,0.25,0)
          (0.25,0.25,0)
          (0.25,-0.25,0)
     prism, center = (1.0005,0,0.5)
          height 1, axis (0,0,1), sidewall angle: 0 radians, 4 vertices:
          (0.7505,-0.25,0)
          (0.7505,0.25,0)
          (1.2505,0.25,0)
          (1.2505,-0.25,0)
     prism, center = (2,0,0.5)
          height 1, axis (0,0,1), sidewall angle: 0 radians, 4 vertices:
          (1.75,-0.25,0)
          (1.75,0.25,0)
          (2.25,0.25,0)
          (2.25,-0.25,0)
Geometric object tree has depth 2 and 21 object nodes (vs. 4 actual objects)
Initializing epsilon function...
Allocating fields...
Solving for band polarization: te.
Initializing fields to random numbers...
1 k-points
  Vector3<-0.09, 0.14, 0.0>
elapsed time for initialization: 0.03262972831726074
solve_kpoint (-0.09,0.14,0):
tefreqs:, k index, k1, k2, k3, kmag/2pi, te band 1, te band 2, te band 3, te band 4, te band 5, te band 6
Solving for bands 1 to 6...
    near maximum in trace
    iteration    1: trace = 2.174028921329524 (199.702% change)
    iteration    2: trace = 0.5267368254755106 (121.987% change)
    iteration    3: trace = 0.4366861383831804 (18.6939% change)
    iteration    4: trace = 0.4088923414492132 (6.57391% change)
    iteration    5: trace = 0.4009887470443346 (1.95179% change)
    iteration    6: trace = 0.3980982979215918 (0.723438% change)
    iteration    7: trace = 0.3972239803911748 (0.219865% change)
    iteration    8: trace = 0.3967079378832585 (0.129997% change)
    iteration    9: trace = 0.3965201718776736 (0.0473422% change)
    iteration   10: trace = 0.3964485042196922 (0.0180758% change)
    iteration   11: trace = 0.3964308236250259 (0.00445985% change)
    iteration   12: trace = 0.396425590728702 (0.00132001% change)
    iteration   13: trace = 0.3964231857184776 (0.000606676% change)
    iteration   14: trace = 0.3964217913401105 (0.00035174% change)
    iteration   15: trace = 0.3964213556715405 (0.0001099% change)
    iteration   16: trace = 0.3964212555931347 (2.52455e-05% change)
    iteration   17: trace = 0.3964212270391128 (7.20295e-06% change)
    iteration   18: trace = 0.3964212178040269 (2.32961e-06% change)
    iteration   19: trace = 0.3964212132542934 (1.1477e-06% change)
    iteration   20: trace = 0.3964212114026972 (4.67078e-07% change)
    iteration   21: trace = 0.3964212106316118 (1.94512e-07% change)
    iteration   22: trace = 0.3964212104656659 (4.1861e-08% change)
    iteration   23: trace = 0.3964212104230279 (1.07557e-08% change)
    iteration   24: trace = 0.3964212104153809 (1.92899e-09% change)
Finished solving for bands 1 to 6 after 24 iterations.
tefreqs:, 1, -0.09, 0.14, 0, 0.143178, 0.0645152, 0.149085, 0.171763, 0.301522, 0.323124, 0.381058
elapsed time for k point: 2.4735100269317627
total elapsed time for run: 2.5062334537506104
done
Initializing eigensolver data
Computing 6 bands with 1e-10 tolerance
Working in 2 dimensions.
Grid size is 288 x 96 x 1.
Solving for 6 bands at a time.
Creating Maxwell data...
Mesh size is 3.
Lattice vectors:
     (3, 0, 0)
     (0, 1, 0)
     (0, 0, 1)
Cell volume = 3
Reciprocal lattice vectors (/ 2 pi):
     (0.333333, -0, 0)
     (-0, 1, -0)
     (0, -0, 1)
Geometric objects:
     block, center = (0,0,0)
          size (1e+20,1e+20,1)
          axes (1,0,0), (0,1,0), (0,0,1)
     prism, center = (0,0,0.5)
          height 1, axis (0,0,1), sidewall angle: 0 radians, 4 vertices:
          (-0.25,-0.25,0)
          (-0.25,0.25,0)
          (0.25,0.25,0)
          (0.25,-0.25,0)
     prism, center = (0.9995,0,0.5)
          height 1, axis (0,0,1), sidewall angle: 0 radians, 4 vertices:
          (0.7495,-0.25,0)
          (0.7495,0.25,0)
          (1.2495,0.25,0)
          (1.2495,-0.25,0)
     prism, center = (2,0,0.5)
          height 1, axis (0,0,1), sidewall angle: 0 radians, 4 vertices:
          (1.75,-0.25,0)
          (1.75,0.25,0)
          (2.25,0.25,0)
          (2.25,-0.25,0)
Geometric object tree has depth 2 and 21 object nodes (vs. 4 actual objects)
Initializing epsilon function...
Allocating fields...
Solving for band polarization: te.
Initializing fields to random numbers...
1 k-points
  Vector3<-0.09, 0.14, 0.0>
elapsed time for initialization: 0.03231000900268555
solve_kpoint (-0.09,0.14,0):
tefreqs:, k index, k1, k2, k3, kmag/2pi, te band 1, te band 2, te band 3, te band 4, te band 5, te band 6
Solving for bands 1 to 6...
    near maximum in trace
    iteration    1: trace = 2.293324823866812 (199.685% change)
    iteration    2: trace = 0.684803878688612 (108.022% change)
    iteration    3: trace = 0.4472656050506504 (41.9653% change)
    iteration    4: trace = 0.4184079970760882 (6.66709% change)
    iteration    5: trace = 0.4032483160925807 (3.69003% change)
    iteration    6: trace = 0.3999763523187725 (0.814707% change)
    iteration    7: trace = 0.3979302168780792 (0.512876% change)
    iteration    8: trace = 0.3971195520297601 (0.203928% change)
    iteration    9: trace = 0.3965946295898554 (0.13227% change)
    iteration   10: trace = 0.3964816812925225 (0.0284836% change)
    iteration   11: trace = 0.3964416679685556 (0.0100926% change)
    iteration   12: trace = 0.3964312592993136 (0.00262556% change)
    iteration   13: trace = 0.3964250304861019 (0.00157123% change)
    iteration   14: trace = 0.3964226458437243 (0.000601539% change)
    iteration   15: trace = 0.3964216740530612 (0.00024514% change)
    iteration   16: trace = 0.3964214483517152 (5.69347e-05% change)
    iteration   17: trace = 0.3964213862421896 (1.56676e-05% change)
    iteration   18: trace = 0.3964213675083522 (4.72574e-06% change)
    iteration   19: trace = 0.3964213588247482 (2.1905e-06% change)
    iteration   20: trace = 0.3964213548991405 (9.90261e-07% change)
    iteration   21: trace = 0.3964213534843058 (3.56902e-07% change)
    iteration   22: trace = 0.3964213531083222 (9.48444e-08% change)
    iteration   23: trace = 0.3964213530326789 (1.90815e-08% change)
    iteration   24: trace = 0.3964213530148746 (4.49126e-09% change)
Finished solving for bands 1 to 6 after 24 iterations.
tefreqs:, 1, -0.09, 0.14, 0, 0.143178, 0.0645152, 0.149085, 0.171763, 0.301522, 0.323123, 0.381059
elapsed time for k point: 2.3297715187072754
total elapsed time for run: 2.3621578216552734
done
Initializing eigensolver data
Computing 6 bands with 1e-10 tolerance
Working in 2 dimensions.
Grid size is 288 x 96 x 1.
Solving for 6 bands at a time.
Creating Maxwell data...
Mesh size is 3.
Lattice vectors:
     (3, 0, 0)
     (0, 1, 0)
     (0, 0, 1)
Cell volume = 3
Reciprocal lattice vectors (/ 2 pi):
     (0.333333, -0, 0)
     (-0, 1, -0)
     (0, -0, 1)
Geometric objects:
     block, center = (0,0,0)
          size (1e+20,1e+20,1)
          axes (1,0,0), (0,1,0), (0,0,1)
     prism, center = (0,0,0.5)
          height 1, axis (0,0,1), sidewall angle: 0 radians, 4 vertices:
          (-0.25,-0.25,0)
          (-0.25,0.25,0)
          (0.25,0.25,0)
          (0.25,-0.25,0)
     prism, center = (0.9995,0,0.5)
          height 1, axis (0,0,1), sidewall angle: 0 radians, 4 vertices:
          (0.7495,-0.25,0)
          (0.7495,0.25,0)
          (1.2495,0.25,0)
          (1.2495,-0.25,0)
     prism, center = (2,0,0.5)
          height 1, axis (0,0,1), sidewall angle: 0 radians, 4 vertices:
          (1.75,-0.25,0)
          (1.75,0.25,0)
          (2.25,0.25,0)
          (2.25,-0.25,0)
Geometric object tree has depth 2 and 21 object nodes (vs. 4 actual objects)
Initializing epsilon function...
Allocating fields...
Solving for band polarization: te.
Initializing fields to random numbers...
1 k-points
  Vector3<-0.09, 0.14, 0.0>
elapsed time for initialization: 0.03279757499694824
solve_kpoint (-0.09,0.14,0):
tefreqs:, k index, k1, k2, k3, kmag/2pi, te band 1, te band 2, te band 3, te band 4, te band 5, te band 6
Solving for bands 1 to 6...
    near maximum in trace
    iteration    1: trace = 2.164210540706682 (199.7% change)
    iteration    2: trace = 0.5550263817958333 (118.356% change)
    iteration    3: trace = 0.4596640357031984 (18.7963% change)
    iteration    4: trace = 0.4163515739159135 (9.88851% change)
    iteration    5: trace = 0.4056103730056276 (2.61355% change)
    iteration    6: trace = 0.4008745921468536 (1.17443% change)
    iteration    7: trace = 0.3990576992166076 (0.454262% change)
    iteration    8: trace = 0.3973569124366344 (0.427111% change)
    iteration    9: trace = 0.3967361722595864 (0.156339% change)
    iteration   10: trace = 0.3964820508555412 (0.0640735% change)
    iteration   11: trace = 0.3964382621136594 (0.0110449% change)
    iteration   12: trace = 0.3964267369230671 (0.00290723% change)
    iteration   13: trace = 0.3964238863297336 (0.000719075% change)
    iteration   14: trace = 0.3964224053646884 (0.000373582% change)
    iteration   15: trace = 0.396421752129796 (0.000164783% change)
    iteration   16: trace = 0.3964214463940601 (7.71239e-05% change)
    iteration   17: trace = 0.396421376067901 (1.77403e-05% change)
    iteration   18: trace = 0.3964213598028993 (4.10296e-06% change)
    iteration   19: trace = 0.3964213557672187 (1.01803e-06% change)
    iteration   20: trace = 0.3964213542262496 (3.8872e-07% change)
    iteration   21: trace = 0.3964213534749667 (1.89516e-07% change)
    iteration   22: trace = 0.3964213531726293 (7.62667e-08% change)
    iteration   23: trace = 0.3964213530556431 (2.95106e-08% change)
    iteration   24: trace = 0.396421353024782 (7.78491e-09% change)
Finished solving for bands 1 to 6 after 24 iterations.
tefreqs:, 1, -0.09, 0.14, 0, 0.143178, 0.0645152, 0.149085, 0.171763, 0.301522, 0.323123, 0.381059
elapsed time for k point: 2.5256292819976807
total elapsed time for run: 2.5585060119628906
done
Initializing eigensolver data
Computing 6 bands with 1e-10 tolerance
Working in 2 dimensions.
Grid size is 288 x 96 x 1.
Solving for 6 bands at a time.
Creating Maxwell data...
Mesh size is 3.
Lattice vectors:
     (3, 0, 0)
     (0, 1, 0)
     (0, 0, 1)
Cell volume = 3
Reciprocal lattice vectors (/ 2 pi):
     (0.333333, -0, 0)
     (-0, 1, -0)
     (0, -0, 1)
Geometric objects:
     block, center = (0,0,0)
          size (1e+20,1e+20,1)
          axes (1,0,0), (0,1,0), (0,0,1)
     prism, center = (0,0,0.5)
          height 1, axis (0,0,1), sidewall angle: 0 radians, 4 vertices:
          (-0.25,-0.25,0)
          (-0.25,0.25,0)
          (0.25,0.25,0)
          (0.25,-0.25,0)
     prism, center = (0.9995,0,0.5)
          height 1, axis (0,0,1), sidewall angle: 0 radians, 4 vertices:
          (0.7495,-0.25,0)
          (0.7495,0.25,0)
          (1.2495,0.25,0)
          (1.2495,-0.25,0)
     prism, center = (2,0,0.5)
          height 1, axis (0,0,1), sidewall angle: 0 radians, 4 vertices:
          (1.75,-0.25,0)
          (1.75,0.25,0)
          (2.25,0.25,0)
          (2.25,-0.25,0)
Geometric object tree has depth 2 and 21 object nodes (vs. 4 actual objects)
Initializing epsilon function...
Allocating fields...
Solving for band polarization: te.
Initializing fields to random numbers...
1 k-points
  Vector3<-0.09, 0.14, 0.0>
elapsed time for initialization: 0.03764820098876953
solve_kpoint (-0.09,0.14,0):
tefreqs:, k index, k1, k2, k3, kmag/2pi, te band 1, te band 2, te band 3, te band 4, te band 5, te band 6
Solving for bands 1 to 6...
    near maximum in trace
    iteration    1: trace = 2.157868067029804 (199.705% change)
    iteration    2: trace = 0.5635844428598278 (117.164% change)
    iteration    3: trace = 0.4302931525993979 (26.8225% change)
    iteration    4: trace = 0.4172393993873992 (3.08041% change)
    iteration    5: trace = 0.4101107704529437 (1.72324% change)
    iteration    6: trace = 0.4054338823114066 (1.14694% change)
    iteration    7: trace = 0.3998947642136072 (1.37562% change)
    iteration    8: trace = 0.3977841820406041 (0.529181% change)
    iteration    9: trace = 0.3968158168295659 (0.243737% change)
    iteration   10: trace = 0.3965837306168174 (0.0585042% change)
    iteration   11: trace = 0.3964805745603902 (0.0260146% change)
    iteration   12: trace = 0.3964462763188256 (0.00865105% change)
    iteration   13: trace = 0.3964282513523711 (0.00454674% change)
    iteration   14: trace = 0.3964233717162983 (0.00123091% change)
    iteration   15: trace = 0.3964218385208735 (0.000386758% change)
    iteration   16: trace = 0.3964215427802287 (7.46025e-05% change)
    iteration   17: trace = 0.396421431766576 (2.80039e-05% change)
    iteration   18: trace = 0.3964213894170936 (1.06829e-05% change)
    iteration   19: trace = 0.3964213649875761 (6.16251e-06% change)
    iteration   20: trace = 0.3964213562140783 (2.21317e-06% change)
    iteration   21: trace = 0.3964213536770176 (6.39991e-07% change)
    iteration   22: trace = 0.3964213532058746 (1.18849e-07% change)
    iteration   23: trace = 0.3964213530943942 (2.81217e-08% change)
    iteration   24: trace = 0.3964213530494717 (1.1332e-08% change)
    iteration   25: trace = 0.3964213530266481 (5.75742e-09% change)
Finished solving for bands 1 to 6 after 25 iterations.
tefreqs:, 1, -0.09, 0.14, 0, 0.143178, 0.0645152, 0.149085, 0.171763, 0.301522, 0.323123, 0.381059
elapsed time for k point: 2.6228063106536865
total elapsed time for run: 2.6605372428894043
done
Initializing eigensolver data
Computing 6 bands with 1e-10 tolerance
Working in 2 dimensions.
Grid size is 288 x 96 x 1.
Solving for 6 bands at a time.
Creating Maxwell data...
Mesh size is 3.
Lattice vectors:
     (3, 0, 0)
     (0, 1, 0)
     (0, 0, 1)
Cell volume = 3
Reciprocal lattice vectors (/ 2 pi):
     (0.333333, -0, 0)
     (-0, 1, -0)
     (0, -0, 1)
Geometric objects:
     block, center = (0,0,0)
          size (1e+20,1e+20,1)
          axes (1,0,0), (0,1,0), (0,0,1)
     prism, center = (0,0,0.5)
          height 1, axis (0,0,1), sidewall angle: 0 radians, 4 vertices:
          (-0.25,-0.25,0)
          (-0.25,0.25,0)
          (0.25,0.25,0)
          (0.25,-0.25,0)
     prism, center = (1.001,0,0.5)
          height 1, axis (0,0,1), sidewall angle: 0 radians, 4 vertices:
          (0.751,-0.25,0)
          (0.751,0.25,0)
          (1.251,0.25,0)
          (1.251,-0.25,0)
     prism, center = (2,0,0.5)
          height 1, axis (0,0,1), sidewall angle: 0 radians, 4 vertices:
          (1.75,-0.25,0)
          (1.75,0.25,0)
          (2.25,0.25,0)
          (2.25,-0.25,0)
Geometric object tree has depth 2 and 21 object nodes (vs. 4 actual objects)
Initializing epsilon function...
Allocating fields...
Solving for band polarization: te.
Initializing fields to random numbers...
1 k-points
  Vector3<-0.09, 0.14, 0.0>
elapsed time for initialization: 0.06355953216552734
solve_kpoint (-0.09,0.14,0):
tefreqs:, k index, k1, k2, k3, kmag/2pi, te band 1, te band 2, te band 3, te band 4, te band 5, te band 6
Solving for bands 1 to 6...
    near maximum in trace
    iteration    1: trace = 2.752379144104843 (199.622% change)
    iteration    2: trace = 0.6213340726975879 (126.332% change)
    iteration    3: trace = 0.4995938536374017 (21.7213% change)
    iteration    4: trace = 0.4352544149801736 (13.7647% change)
    iteration    5: trace = 0.4088353833988732 (6.25977% change)
    iteration    6: trace = 0.3999375905349508 (2.20032% change)
    iteration    7: trace = 0.3978952383482453 (0.511975% change)
    iteration    8: trace = 0.397024085506865 (0.21918% change)
    iteration    9: trace = 0.3966605955978548 (0.0915955% change)
    iteration   10: trace = 0.3964885415303406 (0.043385% change)
    iteration   11: trace = 0.3964414911009789 (0.0118675% change)
    iteration   12: trace = 0.3964291961209914 (0.00310138% change)
    iteration   13: trace = 0.3964258033314548 (0.000855841% change)
    iteration   14: trace = 0.3964240301853257 (0.000447284% change)
    iteration   15: trace = 0.3964231856431113 (0.00021304% change)
    iteration   16: trace = 0.3964228251218734 (9.09436e-05% change)
    iteration   17: trace = 0.3964227356653159 (2.25659e-05% change)
    iteration   18: trace = 0.3964227134859172 (5.59489e-06% change)
    iteration   19: trace = 0.3964227064018445 (1.787e-06% change)
    iteration   20: trace = 0.3964227037782307 (6.61822e-07% change)
    iteration   21: trace = 0.3964227025368168 (3.13154e-07% change)
    iteration   22: trace = 0.3964227020415175 (1.24942e-07% change)
    iteration   23: trace = 0.396422701851079 (4.80393e-08% change)
    iteration   24: trace = 0.3964227018075587 (1.09782e-08% change)
    iteration   25: trace = 0.3964227017972318 (2.60504e-09% change)
Finished solving for bands 1 to 6 after 25 iterations.
tefreqs:, 1, -0.09, 0.14, 0, 0.143178, 0.0645155, 0.149085, 0.171764, 0.301522, 0.323124, 0.38106
elapsed time for k point: 2.4308245182037354
total elapsed time for run: 2.4944779872894287
done
Initializing eigensolver data
Computing 6 bands with 1e-10 tolerance
Working in 2 dimensions.
Grid size is 288 x 96 x 1.
Solving for 6 bands at a time.
Creating Maxwell data...
Mesh size is 3.
Lattice vectors:
     (3, 0, 0)
     (0, 1, 0)
     (0, 0, 1)
Cell volume = 3
Reciprocal lattice vectors (/ 2 pi):
     (0.333333, -0, 0)
     (-0, 1, -0)
     (0, -0, 1)
Geometric objects:
     block, center = (0,0,0)
          size (1e+20,1e+20,1)
          axes (1,0,0), (0,1,0), (0,0,1)
     prism, center = (0,0,0.5)
          height 1, axis (0,0,1), sidewall angle: 0 radians, 4 vertices:
          (-0.25,-0.25,0)
          (-0.25,0.25,0)
          (0.25,0.25,0)
          (0.25,-0.25,0)
     prism, center = (1.001,0,0.5)
          height 1, axis (0,0,1), sidewall angle: 0 radians, 4 vertices:
          (0.751,-0.25,0)
          (0.751,0.25,0)
          (1.251,0.25,0)
          (1.251,-0.25,0)
     prism, center = (2,0,0.5)
          height 1, axis (0,0,1), sidewall angle: 0 radians, 4 vertices:
          (1.75,-0.25,0)
          (1.75,0.25,0)
          (2.25,0.25,0)
          (2.25,-0.25,0)
Geometric object tree has depth 2 and 21 object nodes (vs. 4 actual objects)
Initializing epsilon function...
Allocating fields...
Solving for band polarization: te.
Initializing fields to random numbers...
1 k-points
  Vector3<-0.09, 0.14, 0.0>
elapsed time for initialization: 0.03281998634338379
solve_kpoint (-0.09,0.14,0):
tefreqs:, k index, k1, k2, k3, kmag/2pi, te band 1, te band 2, te band 3, te band 4, te band 5, te band 6
Solving for bands 1 to 6...
    near maximum in trace
    iteration    1: trace = 1.974759708640448 (199.728% change)
    iteration    2: trace = 0.5131264860641426 (117.5% change)
    iteration    3: trace = 0.4487548387508473 (13.3845% change)
    iteration    4: trace = 0.4283416907030065 (4.65471% change)
    iteration    5: trace = 0.4227726976653817 (1.30864% change)
    iteration    6: trace = 0.4206217565335171 (0.510068% change)
    iteration    7: trace = 0.4200570021040518 (0.134357% change)
    iteration    8: trace = 0.4194787989630241 (0.137744% change)
    large trace change predicted (1.28053%)
    iteration    9: trace = 0.4167941817576142 (0.642043% change)
    iteration   10: trace = 0.412724732158549 (0.981159% change)
    iteration   11: trace = 0.4083131444834417 (1.07464% change)
    iteration   12: trace = 0.4024179363673876 (1.45429% change)
    iteration   13: trace = 0.3996260369187817 (0.696196% change)
    iteration   14: trace = 0.397964003543117 (0.416764% change)
    iteration   15: trace = 0.397185219679851 (0.195884% change)
    iteration   16: trace = 0.3966270219092572 (0.140637% change)
    iteration   17: trace = 0.396492728936173 (0.0338645% change)
    iteration   18: trace = 0.3964361357184313 (0.0142745% change)
    iteration   19: trace = 0.3964261353333431 (0.0025226% change)
    iteration   20: trace = 0.3964238146052369 (0.000585414% change)
    iteration   21: trace = 0.396423188658335 (0.000157899% change)
    iteration   22: trace = 0.3964228939545327 (7.43407e-05% change)
    iteration   23: trace = 0.3964227791846021 (2.89514e-05% change)
    iteration   24: trace = 0.3964227280599134 (1.28965e-05% change)
    iteration   25: trace = 0.3964227096958478 (4.63245e-06% change)
    iteration   26: trace = 0.3964227047351944 (1.25135e-06% change)
    iteration   27: trace = 0.3964227029656471 (4.46379e-07% change)
    iteration   28: trace = 0.3964227023738364 (1.49288e-07% change)
    iteration   29: trace = 0.3964227019879871 (9.73328e-08% change)
    iteration   30: trace = 0.396422701845874 (3.58489e-08% change)
    iteration   31: trace = 0.3964227018046262 (1.0405e-08% change)
    iteration   32: trace = 0.3964227017974502 (1.8102e-09% change)
Finished solving for bands 1 to 6 after 32 iterations.
tefreqs:, 1, -0.09, 0.14, 0, 0.143178, 0.0645155, 0.149085, 0.171764, 0.301522, 0.323124, 0.38106
elapsed time for k point: 3.6199405193328857
total elapsed time for run: 3.6528451442718506
done
Initializing eigensolver data
Computing 6 bands with 1e-10 tolerance
Working in 2 dimensions.
Grid size is 288 x 96 x 1.
Solving for 6 bands at a time.
Creating Maxwell data...
Mesh size is 3.
Lattice vectors:
     (3, 0, 0)
     (0, 1, 0)
     (0, 0, 1)
Cell volume = 3
Reciprocal lattice vectors (/ 2 pi):
     (0.333333, -0, 0)
     (-0, 1, -0)
     (0, -0, 1)
Geometric objects:
     block, center = (0,0,0)
          size (1e+20,1e+20,1)
          axes (1,0,0), (0,1,0), (0,0,1)
     prism, center = (0,0,0.5)
          height 1, axis (0,0,1), sidewall angle: 0 radians, 4 vertices:
          (-0.25,-0.25,0)
          (-0.25,0.25,0)
          (0.25,0.25,0)
          (0.25,-0.25,0)
     prism, center = (1.001,0,0.5)
          height 1, axis (0,0,1), sidewall angle: 0 radians, 4 vertices:
          (0.751,-0.25,0)
          (0.751,0.25,0)
          (1.251,0.25,0)
          (1.251,-0.25,0)
     prism, center = (2,0,0.5)
          height 1, axis (0,0,1), sidewall angle: 0 radians, 4 vertices:
          (1.75,-0.25,0)
          (1.75,0.25,0)
          (2.25,0.25,0)
          (2.25,-0.25,0)
Geometric object tree has depth 2 and 21 object nodes (vs. 4 actual objects)
Initializing epsilon function...
Allocating fields...
Solving for band polarization: te.
Initializing fields to random numbers...
1 k-points
  Vector3<-0.09, 0.14, 0.0>
elapsed time for initialization: 0.030826330184936523
solve_kpoint (-0.09,0.14,0):
tefreqs:, k index, k1, k2, k3, kmag/2pi, te band 1, te band 2, te band 3, te band 4, te band 5, te band 6
Solving for bands 1 to 6...
    near maximum in trace
    iteration    1: trace = 2.318582652609994 (199.681% change)
    iteration    2: trace = 0.6115549812109414 (116.515% change)
    iteration    3: trace = 0.4564454922549039 (29.0467% change)
    iteration    4: trace = 0.4308836103037172 (5.76153% change)
    iteration    5: trace = 0.419674901024008 (2.63561% change)
    iteration    6: trace = 0.4148531553743972 (1.15556% change)
    iteration    7: trace = 0.4089986868062986 (1.42124% change)
    iteration    8: trace = 0.4026555513937508 (1.56301% change)
    iteration    9: trace = 0.3985447389009261 (1.02616% change)
    iteration   10: trace = 0.3971987298587841 (0.338302% change)
    iteration   11: trace = 0.3967255415255829 (0.119202% change)
    iteration   12: trace = 0.3965622239513236 (0.0411749% change)
    iteration   13: trace = 0.3964766497387225 (0.0215813% change)
    iteration   14: trace = 0.3964400424771871 (0.00923357% change)
    iteration   15: trace = 0.3964272988288673 (0.00321457% change)
    iteration   16: trace = 0.3964240037933522 (0.000831186% change)
    iteration   17: trace = 0.3964231773998015 (0.000208462% change)
    iteration   18: trace = 0.3964229001100278 (6.99479e-05% change)
    iteration   19: trace = 0.3964227793853046 (3.04535e-05% change)
    iteration   20: trace = 0.3964227253269284 (1.36365e-05% change)
    iteration   21: trace = 0.3964227080457752 (4.35927e-06% change)
    iteration   22: trace = 0.3964227032468084 (1.21057e-06% change)
    iteration   23: trace = 0.3964227022378465 (2.54517e-07% change)
    iteration   24: trace = 0.3964227019772819 (6.5729e-08% change)
    iteration   25: trace = 0.396422701885644 (2.31162e-08% change)
    iteration   26: trace = 0.3964227018331607 (1.32392e-08% change)
    iteration   27: trace = 0.3964227018068133 (6.6463e-09% change)
Finished solving for bands 1 to 6 after 27 iterations.
tefreqs:, 1, -0.09, 0.14, 0, 0.143178, 0.0645155, 0.149085, 0.171764, 0.301522, 0.323124, 0.38106
elapsed time for k point: 3.361163854598999
total elapsed time for run: 3.3920836448669434
done
Initializing eigensolver data
Computing 6 bands with 1e-10 tolerance
Working in 2 dimensions.
Grid size is 288 x 96 x 1.
Solving for 6 bands at a time.
Creating Maxwell data...
Mesh size is 3.
Lattice vectors:
     (3, 0, 0)
     (0, 1, 0)
     (0, 0, 1)
Cell volume = 3
Reciprocal lattice vectors (/ 2 pi):
     (0.333333, -0, 0)
     (-0, 1, -0)
     (0, -0, 1)
Geometric objects:
     block, center = (0,0,0)
          size (1e+20,1e+20,1)
          axes (1,0,0), (0,1,0), (0,0,1)
     prism, center = (0,0,0.5)
          height 1, axis (0,0,1), sidewall angle: 0 radians, 4 vertices:
          (-0.25,-0.25,0)
          (-0.25,0.25,0)
          (0.25,0.25,0)
          (0.25,-0.25,0)
     prism, center = (0.999,0,0.5)
          height 1, axis (0,0,1), sidewall angle: 0 radians, 4 vertices:
          (0.749,-0.25,0)
          (0.749,0.25,0)
          (1.249,0.25,0)
          (1.249,-0.25,0)
     prism, center = (2,0,0.5)
          height 1, axis (0,0,1), sidewall angle: 0 radians, 4 vertices:
          (1.75,-0.25,0)
          (1.75,0.25,0)
          (2.25,0.25,0)
          (2.25,-0.25,0)
Geometric object tree has depth 2 and 21 object nodes (vs. 4 actual objects)
Initializing epsilon function...
Allocating fields...
Solving for band polarization: te.
Initializing fields to random numbers...
1 k-points
  Vector3<-0.09, 0.14, 0.0>
elapsed time for initialization: 0.029539823532104492
solve_kpoint (-0.09,0.14,0):
tefreqs:, k index, k1, k2, k3, kmag/2pi, te band 1, te band 2, te band 3, te band 4, te band 5, te band 6
Solving for bands 1 to 6...
    near maximum in trace
    iteration    1: trace = 2.351308494753488 (199.677% change)
    iteration    2: trace = 0.7140743152306519 (106.821% change)
    iteration    3: trace = 0.4752173683540042 (40.1679% change)
    iteration    4: trace = 0.4341061006693773 (9.04217% change)
    iteration    5: trace = 0.4111390664900284 (5.43441% change)
    iteration    6: trace = 0.4047601469561283 (1.56365% change)
    iteration    7: trace = 0.400199011286467 (1.13326% change)
    iteration    8: trace = 0.3980959579657042 (0.526886% change)
    iteration    9: trace = 0.3968766630097649 (0.306751% change)
    iteration   10: trace = 0.3965884782656139 (0.0726395% change)
    iteration   11: trace = 0.3964813526636786 (0.0270154% change)
    iteration   12: trace = 0.3964515819838198 (0.007509% change)
    iteration   13: trace = 0.3964336472766953 (0.00452391% change)
    iteration   14: trace = 0.3964266344934905 (0.00176898% change)
    iteration   15: trace = 0.3964238286595528 (0.000707784% change)
    iteration   16: trace = 0.39642327296064 (0.000140178% change)
    iteration   17: trace = 0.3964230880735876 (4.66388e-05% change)
    iteration   18: trace = 0.3964230333418101 (1.38064e-05% change)
    iteration   19: trace = 0.3964230053509596 (7.06085e-06% change)
    iteration   20: trace = 0.3964229938579582 (2.89918e-06% change)
    iteration   21: trace = 0.3964229897893568 (1.02633e-06% change)
    iteration   22: trace = 0.3964229888446814 (2.383e-07% change)
    iteration   23: trace = 0.3964229886208565 (5.64611e-08% change)
    iteration   24: trace = 0.3964229885672335 (1.35267e-08% change)
    iteration   25: trace = 0.3964229885554982 (2.96031e-09% change)
Finished solving for bands 1 to 6 after 25 iterations.
tefreqs:, 1, -0.09, 0.14, 0, 0.143178, 0.0645155, 0.149085, 0.171764, 0.301522, 0.323124, 0.38106
elapsed time for k point: 2.8656363487243652
total elapsed time for run: 2.89526629447937
done
Initializing eigensolver data
Computing 6 bands with 1e-10 tolerance
Working in 2 dimensions.
Grid size is 288 x 96 x 1.
Solving for 6 bands at a time.
Creating Maxwell data...
Mesh size is 3.
Lattice vectors:
     (3, 0, 0)
     (0, 1, 0)
     (0, 0, 1)
Cell volume = 3
Reciprocal lattice vectors (/ 2 pi):
     (0.333333, -0, 0)
     (-0, 1, -0)
     (0, -0, 1)
Geometric objects:
     block, center = (0,0,0)
          size (1e+20,1e+20,1)
          axes (1,0,0), (0,1,0), (0,0,1)
     prism, center = (0,0,0.5)
          height 1, axis (0,0,1), sidewall angle: 0 radians, 4 vertices:
          (-0.25,-0.25,0)
          (-0.25,0.25,0)
          (0.25,0.25,0)
          (0.25,-0.25,0)
     prism, center = (0.999,0,0.5)
          height 1, axis (0,0,1), sidewall angle: 0 radians, 4 vertices:
          (0.749,-0.25,0)
          (0.749,0.25,0)
          (1.249,0.25,0)
          (1.249,-0.25,0)
     prism, center = (2,0,0.5)
          height 1, axis (0,0,1), sidewall angle: 0 radians, 4 vertices:
          (1.75,-0.25,0)
          (1.75,0.25,0)
          (2.25,0.25,0)
          (2.25,-0.25,0)
Geometric object tree has depth 2 and 21 object nodes (vs. 4 actual objects)
Initializing epsilon function...
Allocating fields...
Solving for band polarization: te.
Initializing fields to random numbers...
1 k-points
  Vector3<-0.09, 0.14, 0.0>
elapsed time for initialization: 0.033197879791259766
solve_kpoint (-0.09,0.14,0):
tefreqs:, k index, k1, k2, k3, kmag/2pi, te band 1, te band 2, te band 3, te band 4, te band 5, te band 6
Solving for bands 1 to 6...
    near maximum in trace
    iteration    1: trace = 2.080643228853744 (199.713% change)
    iteration    2: trace = 0.5235299709069794 (119.586% change)
    iteration    3: trace = 0.4410356407060667 (17.105% change)
    iteration    4: trace = 0.4190825198074783 (5.10468% change)
    iteration    5: trace = 0.4111812977025063 (1.9033% change)
    iteration    6: trace = 0.4049064067615207 (1.5378% change)
    iteration    7: trace = 0.4007925410079548 (1.02119% change)
    iteration    8: trace = 0.3978386417913901 (0.739741% change)
    iteration    9: trace = 0.3968899558835262 (0.238745% change)
    iteration   10: trace = 0.3965598347602899 (0.0832116% change)
    iteration   11: trace = 0.3964824164183685 (0.0195244% change)
    iteration   12: trace = 0.3964495160622514 (0.00829841% change)
    iteration   13: trace = 0.3964336258683831 (0.00400821% change)
    iteration   14: trace = 0.3964260410139017 (0.00191329% change)
    iteration   15: trace = 0.3964238104112326 (0.00056268% change)
    iteration   16: trace = 0.3964232549505617 (0.000140118% change)
    iteration   17: trace = 0.3964230889449562 (4.18759e-05% change)
    iteration   18: trace = 0.3964230308753841 (1.46484e-05% change)
    iteration   19: trace = 0.3964230031861818 (6.98476e-06% change)
    iteration   20: trace = 0.396422992752805 (2.63188e-06% change)
    iteration   21: trace = 0.3964229893830987 (8.50028e-07% change)
    iteration   22: trace = 0.3964229887612629 (1.56862e-07% change)
    iteration   23: trace = 0.3964229885981345 (4.11501e-08% change)
    iteration   24: trace = 0.3964229885675646 (7.71144e-09% change)
Finished solving for bands 1 to 6 after 24 iterations.
tefreqs:, 1, -0.09, 0.14, 0, 0.143178, 0.0645155, 0.149085, 0.171764, 0.301522, 0.323124, 0.38106
elapsed time for k point: 2.6278512477874756
total elapsed time for run: 2.6611380577087402
done
Initializing eigensolver data
Computing 6 bands with 1e-10 tolerance
Working in 2 dimensions.
Grid size is 288 x 96 x 1.
Solving for 6 bands at a time.
Creating Maxwell data...
Mesh size is 3.
Lattice vectors:
     (3, 0, 0)
     (0, 1, 0)
     (0, 0, 1)
Cell volume = 3
Reciprocal lattice vectors (/ 2 pi):
     (0.333333, -0, 0)
     (-0, 1, -0)
     (0, -0, 1)
Geometric objects:
     block, center = (0,0,0)
          size (1e+20,1e+20,1)
          axes (1,0,0), (0,1,0), (0,0,1)
     prism, center = (0,0,0.5)
          height 1, axis (0,0,1), sidewall angle: 0 radians, 4 vertices:
          (-0.25,-0.25,0)
          (-0.25,0.25,0)
          (0.25,0.25,0)
          (0.25,-0.25,0)
     prism, center = (0.999,0,0.5)
          height 1, axis (0,0,1), sidewall angle: 0 radians, 4 vertices:
          (0.749,-0.25,0)
          (0.749,0.25,0)
          (1.249,0.25,0)
          (1.249,-0.25,0)
     prism, center = (2,0,0.5)
          height 1, axis (0,0,1), sidewall angle: 0 radians, 4 vertices:
          (1.75,-0.25,0)
          (1.75,0.25,0)
          (2.25,0.25,0)
          (2.25,-0.25,0)
Geometric object tree has depth 2 and 21 object nodes (vs. 4 actual objects)
Initializing epsilon function...
Allocating fields...
Solving for band polarization: te.
Initializing fields to random numbers...
1 k-points
  Vector3<-0.09, 0.14, 0.0>
elapsed time for initialization: 0.06387734413146973
solve_kpoint (-0.09,0.14,0):
tefreqs:, k index, k1, k2, k3, kmag/2pi, te band 1, te band 2, te band 3, te band 4, te band 5, te band 6
Solving for bands 1 to 6...
    near maximum in trace
    iteration    1: trace = 2.356117106452013 (199.677% change)
    iteration    2: trace = 0.6169320229136439 (116.997% change)
    iteration    3: trace = 0.444252744736914 (32.5446% change)
    iteration    4: trace = 0.4192980191595118 (5.77956% change)
    iteration    5: trace = 0.4046260614961668 (3.56148% change)
    iteration    6: trace = 0.4003890376430771 (1.05266% change)
    iteration    7: trace = 0.3979964037512964 (0.599368% change)
    iteration    8: trace = 0.3970879141482009 (0.228527% change)
    iteration    9: trace = 0.3965992424115215 (0.12314% change)
    iteration   10: trace = 0.3964833817046872 (0.0292178% change)
    iteration   11: trace = 0.3964427419804264 (0.0102506% change)
    iteration   12: trace = 0.3964326295289866 (0.00255083% change)
    iteration   13: trace = 0.3964265678333128 (0.00152907% change)
    iteration   14: trace = 0.3964243735950204 (0.000553506% change)
    iteration   15: trace = 0.3964233675583996 (0.000253778% change)
    iteration   16: trace = 0.396423109373041 (6.51287e-05% change)
    iteration   17: trace = 0.3964230263270957 (2.09488e-05% change)
    iteration   18: trace = 0.3964230062876084 (5.05508e-06% change)
    iteration   19: trace = 0.3964229957583868 (2.65606e-06% change)
    iteration   20: trace = 0.396422990909823 (1.22308e-06% change)
    iteration   21: trace = 0.3964229890675505 (4.64724e-07% change)
    iteration   22: trace = 0.3964229886576511 (1.034e-07% change)
    iteration   23: trace = 0.3964229885730988 (2.13288e-08% change)
    iteration   24: trace = 0.3964229885544884 (4.69457e-09% change)
Finished solving for bands 1 to 6 after 24 iterations.
tefreqs:, 1, -0.09, 0.14, 0, 0.143178, 0.0645155, 0.149085, 0.171764, 0.301522, 0.323124, 0.38106
elapsed time for k point: 2.812380075454712
total elapsed time for run: 2.876343011856079
done
Initializing eigensolver data
Computing 6 bands with 1e-10 tolerance
Working in 2 dimensions.
Grid size is 288 x 96 x 1.
Solving for 6 bands at a time.
Creating Maxwell data...
Mesh size is 3.
Lattice vectors:
     (3, 0, 0)
     (0, 1, 0)
     (0, 0, 1)
Cell volume = 3
Reciprocal lattice vectors (/ 2 pi):
     (0.333333, -0, 0)
     (-0, 1, -0)
     (0, -0, 1)
Geometric objects:
     block, center = (0,0,0)
          size (1e+20,1e+20,1)
          axes (1,0,0), (0,1,0), (0,0,1)
     prism, center = (0.000223607,-1.38778e-17,0.5)
          height 1, axis (0,0,1), sidewall angle: 0 radians, 4 vertices:
          (0.250224,0.25,0)
          (-0.249776,0.25,0)
          (-0.249776,-0.25,0)
          (0.250224,-0.25,0)
     prism, center = (1.00028,-1.38778e-17,0.5)
          height 1, axis (0,0,1), sidewall angle: 0 radians, 4 vertices:
          (1.25028,0.25,0)
          (0.750275,0.25,0)
          (0.750275,-0.25,0)
          (1.25028,-0.25,0)
     prism, center = (1.9995,-1.38778e-17,0.5)
          height 1, axis (0,0,1), sidewall angle: 0 radians, 4 vertices:
          (2.2495,0.25,0)
          (1.7495,0.25,0)
          (1.7495,-0.25,0)
          (2.2495,-0.25,0)
Geometric object tree has depth 2 and 21 object nodes (vs. 4 actual objects)
Initializing epsilon function...
Allocating fields...
Solving for band polarization: te.
Initializing fields to random numbers...
1 k-points
  Vector3<-0.09, 0.14, 0.0>
elapsed time for initialization: 0.04124951362609863
solve_kpoint (-0.09,0.14,0):
tefreqs:, k index, k1, k2, k3, kmag/2pi, te band 1, te band 2, te band 3, te band 4, te band 5, te band 6
Solving for bands 1 to 6...
    near maximum in trace
    iteration    1: trace = 2.080823738807354 (199.711% change)
    iteration    2: trace = 0.5467233289891349 (116.771% change)
    iteration    3: trace = 0.4225737198621784 (25.6164% change)
    iteration    4: trace = 0.4059055430975504 (4.0238% change)
    iteration    5: trace = 0.3996718697268249 (1.54763% change)
    iteration    6: trace = 0.3976969418566538 (0.495361% change)
    iteration    7: trace = 0.3962664046956366 (0.360353% change)
    iteration    8: trace = 0.395648769904674 (0.155985% change)
    iteration    9: trace = 0.3953293927078202 (0.080755% change)
    iteration   10: trace = 0.3952609944569321 (0.0173031% change)
    iteration   11: trace = 0.3952391206035707 (0.00553418% change)
    iteration   12: trace = 0.3952342908482436 (0.00122199% change)
    iteration   13: trace = 0.3952319245108466 (0.000598719% change)
    iteration   14: trace = 0.3952310415258241 (0.00022341% change)
    iteration   15: trace = 0.3952306443735931 (0.000100486% change)
    iteration   16: trace = 0.3952305570408035 (2.20967e-05% change)
    iteration   17: trace = 0.3952305306124685 (6.68681e-06% change)
    iteration   18: trace = 0.3952305243947457 (1.57319e-06% change)
    iteration   19: trace = 0.3952305217007647 (6.81623e-07% change)
    iteration   20: trace = 0.3952305205403379 (2.93608e-07% change)
    iteration   21: trace = 0.3952305199487895 (1.49672e-07% change)
    iteration   22: trace = 0.3952305198019795 (3.71454e-08% change)
    iteration   23: trace = 0.3952305197623446 (1.00283e-08% change)
    iteration   24: trace = 0.3952305197533707 (2.27054e-09% change)
Finished solving for bands 1 to 6 after 24 iterations.
tefreqs:, 1, -0.09, 0.14, 0, 0.143178, 0.064481, 0.148906, 0.171582, 0.300849, 0.322471, 0.380739
elapsed time for k point: 3.3003485202789307
total elapsed time for run: 3.3416831493377686
done
Initializing eigensolver data
Computing 6 bands with 1e-10 tolerance
Working in 2 dimensions.
Grid size is 288 x 96 x 1.
Solving for 6 bands at a time.
Creating Maxwell data...
Mesh size is 3.
Lattice vectors:
     (3, 0, 0)
     (0, 1, 0)
     (0, 0, 1)
Cell volume = 3
Reciprocal lattice vectors (/ 2 pi):
     (0.333333, -0, 0)
     (-0, 1, -0)
     (0, -0, 1)
Geometric objects:
     block, center = (0,0,0)
          size (1e+20,1e+20,1)
          axes (1,0,0), (0,1,0), (0,0,1)
     prism, center = (2.99978,-1.38778e-17,0.5)
          height 1, axis (0,0,1), sidewall angle: 0 radians, 4 vertices:
          (3.24978,0.25,0)
          (2.74978,0.25,0)
          (2.74978,-0.25,0)
          (3.24978,-0.25,0)
     prism, center = (0.999725,-1.38778e-17,0.5)
          height 1, axis (0,0,1), sidewall angle: 0 radians, 4 vertices:
          (1.24972,0.25,0)
          (0.749725,0.25,0)
          (0.749725,-0.25,0)
          (1.24972,-0.25,0)
     prism, center = (2.0005,-1.38778e-17,0.5)
          height 1, axis (0,0,1), sidewall angle: 0 radians, 4 vertices:
          (2.2505,0.25,0)
          (1.7505,0.25,0)
          (1.7505,-0.25,0)
          (2.2505,-0.25,0)
Geometric object tree has depth 2 and 21 object nodes (vs. 4 actual objects)
Initializing epsilon function...
Allocating fields...
Solving for band polarization: te.
Initializing fields to random numbers...
1 k-points
  Vector3<-0.09, 0.14, 0.0>
elapsed time for initialization: 0.02915501594543457
solve_kpoint (-0.09,0.14,0):
tefreqs:, k index, k1, k2, k3, kmag/2pi, te band 1, te band 2, te band 3, te band 4, te band 5, te band 6
Solving for bands 1 to 6...
    near maximum in trace
    iteration    1: trace = 2.088960658861837 (199.711% change)
    iteration    2: trace = 0.5401797854038042 (117.817% change)
    iteration    3: trace = 0.4552642416165678 (17.0608% change)
    iteration    4: trace = 0.422477415545341 (7.47072% change)
    iteration    5: trace = 0.4124453183654203 (2.40312% change)
    iteration    6: trace = 0.4058743472898985 (1.60597% change)
    iteration    7: trace = 0.4014814890337903 (1.08821% change)
    iteration    8: trace = 0.3971376542846996 (1.08784% change)
    iteration    9: trace = 0.3958990901180669 (0.31236% change)
    iteration   10: trace = 0.3954265058073564 (0.119441% change)
    iteration   11: trace = 0.3953215272701213 (0.0265517% change)
    iteration   12: trace = 0.3952639349472802 (0.0145695% change)
    iteration   13: trace = 0.3952421544904198 (0.00551051% change)
    iteration   14: trace = 0.3952330505066225 (0.00230342% change)
    iteration   15: trace = 0.3952313486767914 (0.00043059% change)
    iteration   16: trace = 0.3952308545727174 (0.000125016% change)
    iteration   17: trace = 0.3952307308746387 (3.12977e-05% change)
    iteration   18: trace = 0.3952306691589486 (1.56151e-05% change)
    iteration   19: trace = 0.3952306446689283 (6.19639e-06% change)
    iteration   20: trace = 0.3952306325965214 (3.05452e-06% change)
    iteration   21: trace = 0.3952306292649645 (8.4294e-07% change)
    iteration   22: trace = 0.3952306283998402 (2.18891e-07% change)
    iteration   23: trace = 0.3952306282095263 (4.81526e-08% change)
    iteration   24: trace = 0.3952306281612179 (1.22228e-08% change)
    iteration   25: trace = 0.3952306281396497 (5.45712e-09% change)
Finished solving for bands 1 to 6 after 25 iterations.
tefreqs:, 1, -0.09, 0.14, 0, 0.143178, 0.064481, 0.148906, 0.171582, 0.300849, 0.322471, 0.380739
elapsed time for k point: 2.5820472240448
total elapsed time for run: 2.6112794876098633
done
Initializing eigensolver data
Computing 6 bands with 1e-10 tolerance
Working in 2 dimensions.
Grid size is 288 x 96 x 1.
Solving for 6 bands at a time.
Creating Maxwell data...
Mesh size is 3.
Lattice vectors:
     (3, 0, 0)
     (0, 1, 0)
     (0, 0, 1)
Cell volume = 3
Reciprocal lattice vectors (/ 2 pi):
     (0.333333, -0, 0)
     (-0, 1, -0)
     (0, -0, 1)
Geometric objects:
     block, center = (0,0,0)
          size (1e+20,1e+20,1)
          axes (1,0,0), (0,1,0), (0,0,1)
     prism, center = (0.000447214,-1.38778e-17,0.5)
          height 1, axis (0,0,1), sidewall angle: 0 radians, 4 vertices:
          (0.250447,0.25,0)
          (-0.249553,0.25,0)
          (-0.249553,-0.25,0)
          (0.250447,-0.25,0)
     prism, center = (1.00055,-1.38778e-17,0.5)
          height 1, axis (0,0,1), sidewall angle: 0 radians, 4 vertices:
          (1.25055,0.25,0)
          (0.750551,0.25,0)
          (0.750551,-0.25,0)
          (1.25055,-0.25,0)
     prism, center = (1.999,-1.38778e-17,0.5)
          height 1, axis (0,0,1), sidewall angle: 0 radians, 4 vertices:
          (2.249,0.25,0)
          (1.749,0.25,0)
          (1.749,-0.25,0)
          (2.249,-0.25,0)
Geometric object tree has depth 2 and 21 object nodes (vs. 4 actual objects)
Initializing epsilon function...
Allocating fields...
Solving for band polarization: te.
Initializing fields to random numbers...
1 k-points
  Vector3<-0.09, 0.14, 0.0>
elapsed time for initialization: 0.028460979461669922
solve_kpoint (-0.09,0.14,0):
tefreqs:, k index, k1, k2, k3, kmag/2pi, te band 1, te band 2, te band 3, te band 4, te band 5, te band 6
Solving for bands 1 to 6...
    near maximum in trace
    iteration    1: trace = 2.103542519017506 (199.709% change)
    iteration    2: trace = 0.6585600476193935 (104.629% change)
    iteration    3: trace = 0.4353561106063318 (40.8082% change)
    iteration    4: trace = 0.4147868340683771 (4.83902% change)
    iteration    5: trace = 0.4044176910205356 (2.53152% change)
    iteration    6: trace = 0.4007043203749959 (0.922437% change)
    iteration    7: trace = 0.3974431057565809 (0.817196% change)
    iteration    8: trace = 0.3961468770506995 (0.326675% change)
    iteration    9: trace = 0.3954939106492145 (0.164965% change)
    iteration   10: trace = 0.395348211962487 (0.0368465% change)
    iteration   11: trace = 0.3952971300288878 (0.0129216% change)
    iteration   12: trace = 0.3952822687650805 (0.00375959% change)
    iteration   13: trace = 0.3952738025641495 (0.00214183% change)
    iteration   14: trace = 0.3952704259039299 (0.000854262% change)
    iteration   15: trace = 0.3952692857381052 (0.000288453% change)
    iteration   16: trace = 0.3952690263289748 (6.56285e-05% change)
    iteration   17: trace = 0.3952689458196524 (2.03682e-05% change)
    iteration   18: trace = 0.3952689242848633 (5.44814e-06% change)
    iteration   19: trace = 0.3952689156724258 (2.17888e-06% change)
    iteration   20: trace = 0.3952689117538969 (9.91358e-07% change)
    iteration   21: trace = 0.3952689101781501 (3.98652e-07% change)
    iteration   22: trace = 0.3952689097926789 (9.75212e-08% change)
    iteration   23: trace = 0.3952689097153635 (1.95602e-08% change)
    iteration   24: trace = 0.3952689096953994 (5.05077e-09% change)
Finished solving for bands 1 to 6 after 24 iterations.
tefreqs:, 1, -0.09, 0.14, 0, 0.143178, 0.0644876, 0.14891, 0.171585, 0.300853, 0.322476, 0.380777
elapsed time for k point: 2.551352024078369
total elapsed time for run: 2.579901695251465
done
Initializing eigensolver data
Computing 6 bands with 1e-10 tolerance
Working in 2 dimensions.
Grid size is 288 x 96 x 1.
Solving for 6 bands at a time.
Creating Maxwell data...
Mesh size is 3.
Lattice vectors:
     (3, 0, 0)
     (0, 1, 0)
     (0, 0, 1)
Cell volume = 3
Reciprocal lattice vectors (/ 2 pi):
     (0.333333, -0, 0)
     (-0, 1, -0)
     (0, -0, 1)
Geometric objects:
     block, center = (0,0,0)
          size (1e+20,1e+20,1)
          axes (1,0,0), (0,1,0), (0,0,1)
     prism, center = (2.99955,-1.38778e-17,0.5)
          height 1, axis (0,0,1), sidewall angle: 0 radians, 4 vertices:
          (3.24955,0.25,0)
          (2.74955,0.25,0)
          (2.74955,-0.25,0)
          (3.24955,-0.25,0)
     prism, center = (0.999449,-1.38778e-17,0.5)
          height 1, axis (0,0,1), sidewall angle: 0 radians, 4 vertices:
          (1.24945,0.25,0)
          (0.749449,0.25,0)
          (0.749449,-0.25,0)
          (1.24945,-0.25,0)
     prism, center = (2.001,-1.38778e-17,0.5)
          height 1, axis (0,0,1), sidewall angle: 0 radians, 4 vertices:
          (2.251,0.25,0)
          (1.751,0.25,0)
          (1.751,-0.25,0)
          (2.251,-0.25,0)
Geometric object tree has depth 2 and 21 object nodes (vs. 4 actual objects)
Initializing epsilon function...
Allocating fields...
Solving for band polarization: te.
Initializing fields to random numbers...
1 k-points
  Vector3<-0.09, 0.14, 0.0>
elapsed time for initialization: 0.03938102722167969
solve_kpoint (-0.09,0.14,0):
tefreqs:, k index, k1, k2, k3, kmag/2pi, te band 1, te band 2, te band 3, te band 4, te band 5, te band 6
Solving for bands 1 to 6...
    near maximum in trace
    iteration    1: trace = 2.073652509614238 (199.714% change)
    iteration    2: trace = 0.5368391241291809 (117.741% change)
    iteration    3: trace = 0.4204917028460273 (24.3066% change)
    iteration    4: trace = 0.4048956736143541 (3.77908% change)
    iteration    5: trace = 0.3989386240060758 (1.48216% change)
    iteration    6: trace = 0.3971153932674228 (0.458067% change)
    iteration    7: trace = 0.3959454316076939 (0.29505% change)
    iteration    8: trace = 0.3955083587189793 (0.110448% change)
    iteration    9: trace = 0.3953238499585718 (0.0466619% change)
    iteration   10: trace = 0.3952903990090474 (0.00846202% change)
    iteration   11: trace = 0.3952775724126265 (0.00324491% change)
    iteration   12: trace = 0.3952731516464648 (0.0011184% change)
    iteration   13: trace = 0.3952704867406577 (0.000674196% change)
    iteration   14: trace = 0.3952695998084054 (0.000224386% change)
    iteration   15: trace = 0.3952692540873797 (8.74647e-05% change)
    iteration   16: trace = 0.3952691793881496 (1.88983e-05% change)
    iteration   17: trace = 0.3952691547060632 (6.24437e-06% change)
    iteration   18: trace = 0.3952691470503958 (1.93682e-06% change)
    iteration   19: trace = 0.3952691426486904 (1.1136e-06% change)
    iteration   20: trace = 0.3952691410004338 (4.16996e-07% change)
    iteration   21: trace = 0.3952691404415605 (1.41391e-07% change)
    iteration   22: trace = 0.3952691403375055 (2.63251e-08% change)
    iteration   23: trace = 0.3952691403140774 (5.92714e-09% change)
Finished solving for bands 1 to 6 after 23 iterations.
tefreqs:, 1, -0.09, 0.14, 0, 0.143178, 0.0644876, 0.14891, 0.171585, 0.300853, 0.322477, 0.380777
elapsed time for k point: 2.2961671352386475
total elapsed time for run: 2.33563232421875
done
Initializing eigensolver data
Computing 6 bands with 1e-10 tolerance
Working in 2 dimensions.
Grid size is 288 x 96 x 1.
Solving for 6 bands at a time.
Creating Maxwell data...
Mesh size is 3.
Lattice vectors:
     (3, 0, 0)
     (0, 1, 0)
     (0, 0, 1)
Cell volume = 3
Reciprocal lattice vectors (/ 2 pi):
     (0.333333, -0, 0)
     (-0, 1, -0)
     (0, -0, 1)
Geometric objects:
     block, center = (0,0,0)
          size (1e+20,1e+20,1)
          axes (1,0,0), (0,1,0), (0,0,1)
     prism, center = (0.000894427,-1.38778e-17,0.5)
          height 1, axis (0,0,1), sidewall angle: 0 radians, 4 vertices:
          (0.250894,0.25,0)
          (-0.249106,0.25,0)
          (-0.249106,-0.25,0)
          (0.250894,-0.25,0)
     prism, center = (1.0011,-1.38778e-17,0.5)
          height 1, axis (0,0,1), sidewall angle: 0 radians, 4 vertices:
          (1.2511,0.25,0)
          (0.751102,0.25,0)
          (0.751102,-0.25,0)
          (1.2511,-0.25,0)
     prism, center = (1.998,-1.38778e-17,0.5)
          height 1, axis (0,0,1), sidewall angle: 0 radians, 4 vertices:
          (2.248,0.25,0)
          (1.748,0.25,0)
          (1.748,-0.25,0)
          (2.248,-0.25,0)
Geometric object tree has depth 2 and 21 object nodes (vs. 4 actual objects)
Initializing epsilon function...
Allocating fields...
Solving for band polarization: te.
Initializing fields to random numbers...
1 k-points
  Vector3<-0.09, 0.14, 0.0>
elapsed time for initialization: 0.03315901756286621
solve_kpoint (-0.09,0.14,0):
tefreqs:, k index, k1, k2, k3, kmag/2pi, te band 1, te band 2, te band 3, te band 4, te band 5, te band 6
Solving for bands 1 to 6...
    near maximum in trace
    iteration    1: trace = 1.979696643059621 (199.727% change)
    iteration    2: trace = 0.5673035312632712 (110.906% change)
    iteration    3: trace = 0.4219149716915549 (29.3946% change)
    iteration    4: trace = 0.4042488236347291 (4.27667% change)
    iteration    5: trace = 0.3975689804495995 (1.66617% change)
    iteration    6: trace = 0.3962869707627816 (0.322983% change)
    iteration    7: trace = 0.3956769984179793 (0.15404% change)
    iteration    8: trace = 0.3954688408046715 (0.0526218% change)
    iteration    9: trace = 0.3953299145842477 (0.0351357% change)
    iteration   10: trace = 0.3952947719346011 (0.00888984% change)
    iteration   11: trace = 0.3952836643649443 (0.00280999% change)
    iteration   12: trace = 0.3952813175855838 (0.000593697% change)
    iteration   13: trace = 0.395279994775858 (0.000334651% change)
    iteration   14: trace = 0.3952794611999617 (0.000134987% change)
    iteration   15: trace = 0.3952792191592076 (6.12328e-05% change)
    iteration   16: trace = 0.3952791609288761 (1.47314e-05% change)
    iteration   17: trace = 0.3952791429607282 (4.54569e-06% change)
    iteration   18: trace = 0.3952791386026538 (1.10253e-06% change)
    iteration   19: trace = 0.3952791366746366 (4.87761e-07% change)
    iteration   20: trace = 0.395279135766155 (2.29833e-07% change)
    iteration   21: trace = 0.3952791353883624 (9.55761e-08% change)
    iteration   22: trace = 0.3952791353053381 (2.1004e-08% change)
    iteration   23: trace = 0.3952791352877064 (4.46056e-09% change)
Finished solving for bands 1 to 6 after 23 iterations.
tefreqs:, 1, -0.09, 0.14, 0, 0.143178, 0.0644906, 0.14891, 0.171587, 0.30085, 0.322477, 0.380791
elapsed time for k point: 2.3131587505340576
total elapsed time for run: 2.34639573097229
done
Initializing eigensolver data
Computing 6 bands with 1e-10 tolerance
Working in 2 dimensions.
Grid size is 288 x 96 x 1.
Solving for 6 bands at a time.
Creating Maxwell data...
Mesh size is 3.
Lattice vectors:
     (3, 0, 0)
     (0, 1, 0)
     (0, 0, 1)
Cell volume = 3
Reciprocal lattice vectors (/ 2 pi):
     (0.333333, -0, 0)
     (-0, 1, -0)
     (0, -0, 1)
Geometric objects:
     block, center = (0,0,0)
          size (1e+20,1e+20,1)
          axes (1,0,0), (0,1,0), (0,0,1)
     prism, center = (2.99911,-1.38778e-17,0.5)
          height 1, axis (0,0,1), sidewall angle: 0 radians, 4 vertices:
          (3.24911,0.25,0)
          (2.74911,0.25,0)
          (2.74911,-0.25,0)
          (3.24911,-0.25,0)
     prism, center = (0.998898,-1.38778e-17,0.5)
          height 1, axis (0,0,1), sidewall angle: 0 radians, 4 vertices:
          (1.2489,0.25,0)
          (0.748898,0.25,0)
          (0.748898,-0.25,0)
          (1.2489,-0.25,0)
     prism, center = (2.002,-1.38778e-17,0.5)
          height 1, axis (0,0,1), sidewall angle: 0 radians, 4 vertices:
          (2.252,0.25,0)
          (1.752,0.25,0)
          (1.752,-0.25,0)
          (2.252,-0.25,0)
Geometric object tree has depth 2 and 21 object nodes (vs. 4 actual objects)
Initializing epsilon function...
Allocating fields...
Solving for band polarization: te.
Initializing fields to random numbers...
1 k-points
  Vector3<-0.09, 0.14, 0.0>
elapsed time for initialization: 0.02971649169921875
solve_kpoint (-0.09,0.14,0):
tefreqs:, k index, k1, k2, k3, kmag/2pi, te band 1, te band 2, te band 3, te band 4, te band 5, te band 6
Solving for bands 1 to 6...
    near maximum in trace
    iteration    1: trace = 2.033581223701828 (199.718% change)
    iteration    2: trace = 0.4932255811588346 (121.921% change)
    iteration    3: trace = 0.4272204472140071 (14.342% change)
    iteration    4: trace = 0.4069961157559124 (4.8487% change)
    iteration    5: trace = 0.4010251294746414 (1.47793% change)
    iteration    6: trace = 0.397454552371598 (0.894344% change)
    iteration    7: trace = 0.3962266460858847 (0.309421% change)
    iteration    8: trace = 0.3955319377569578 (0.175485% change)
    iteration    9: trace = 0.3953729377035903 (0.0402071% change)
    iteration   10: trace = 0.3953144438788492 (0.0147957% change)
    iteration   11: trace = 0.3952967682492746 (0.00447138% change)
    iteration   12: trace = 0.3952857502674165 (0.00278731% change)
    iteration   13: trace = 0.3952815331411896 (0.00106686% change)
    iteration   14: trace = 0.3952796824842693 (0.000468188% change)
    iteration   15: trace = 0.395279290831334 (9.90825e-05% change)
    iteration   16: trace = 0.3952791841079923 (2.69995e-05% change)
    iteration   17: trace = 0.3952791660521788 (4.56786e-06% change)
    iteration   18: trace = 0.3952791614504253 (1.16418e-06% change)
    iteration   19: trace = 0.3952791601812126 (3.21093e-07% change)
    iteration   20: trace = 0.3952791596366427 (1.37768e-07% change)
    iteration   21: trace = 0.3952791593968908 (6.06538e-08% change)
    iteration   22: trace = 0.3952791593090416 (2.22246e-08% change)
    iteration   23: trace = 0.3952791592836802 (6.41607e-09% change)
Finished solving for bands 1 to 6 after 23 iterations.
tefreqs:, 1, -0.09, 0.14, 0, 0.143178, 0.0644906, 0.14891, 0.171587, 0.300849, 0.322478, 0.380791
elapsed time for k point: 2.0622808933258057
total elapsed time for run: 2.0920779705047607
done
Initializing eigensolver data
Computing 6 bands with 1e-10 tolerance
Working in 2 dimensions.
Grid size is 288 x 96 x 1.
Solving for 6 bands at a time.
Creating Maxwell data...
Mesh size is 3.
Lattice vectors:
     (3, 0, 0)
     (0, 1, 0)
     (0, 0, 1)
Cell volume = 3
Reciprocal lattice vectors (/ 2 pi):
     (0.333333, -0, 0)
     (-0, 1, -0)
     (0, -0, 1)
Geometric objects:
     block, center = (0,0,0)
          size (1e+20,1e+20,1)
          axes (1,0,0), (0,1,0), (0,0,1)
     prism, center = (0.00282777,-1.38778e-17,0.5)
          height 1, axis (0,0,1), sidewall angle: 0 radians, 4 vertices:
          (0.252828,0.25,0)
          (-0.247172,0.25,0)
          (-0.247172,-0.25,0)
          (0.252828,-0.25,0)
     prism, center = (1.00288,-1.38778e-17,0.5)
          height 1, axis (0,0,1), sidewall angle: 0 radians, 4 vertices:
          (1.25288,0.25,0)
          (0.75288,0.25,0)
          (0.75288,-0.25,0)
          (1.25288,-0.25,0)
     prism, center = (2.00211,-1.38778e-17,0.5)
          height 1, axis (0,0,1), sidewall angle: 0 radians, 4 vertices:
          (2.25211,0.25,0)
          (1.75211,0.25,0)
          (1.75211,-0.25,0)
          (2.25211,-0.25,0)
Geometric object tree has depth 2 and 21 object nodes (vs. 4 actual objects)
Initializing epsilon function...
Allocating fields...
Solving for band polarization: te.
Initializing fields to random numbers...
1 k-points
  Vector3<-0.09, 0.14, 0.0>
elapsed time for initialization: 0.030115365982055664
solve_kpoint (-0.09,0.14,0):
tefreqs:, k index, k1, k2, k3, kmag/2pi, te band 1, te band 2, te band 3, te band 4, te band 5, te band 6
Solving for bands 1 to 6...
    near maximum in trace
    iteration    1: trace = 2.004584207724756 (199.722% change)
    iteration    2: trace = 0.4903177820005204 (121.389% change)
    iteration    3: trace = 0.4322134855112733 (12.5967% change)
    iteration    4: trace = 0.4133669712050314 (4.45765% change)
    iteration    5: trace = 0.4054126354195516 (1.94297% change)
    iteration    6: trace = 0.3997877056712387 (1.39715% change)
    iteration    7: trace = 0.3972706485511022 (0.631587% change)
    iteration    8: trace = 0.3957781086127859 (0.376406% change)
    iteration    9: trace = 0.3954353314673517 (0.0866459% change)
    iteration   10: trace = 0.39533397351791 (0.0256353% change)
    iteration   11: trace = 0.3953116685579742 (0.00564221% change)
    iteration   12: trace = 0.3953017702280491 (0.00250396% change)
    iteration   13: trace = 0.3952979300819948 (0.000971451% change)
    iteration   14: trace = 0.3952960561060792 (0.000474068% change)
    iteration   15: trace = 0.3952954895677322 (0.00014332% change)
    iteration   16: trace = 0.3952953113247724 (4.50911e-05% change)
    iteration   17: trace = 0.3952952568819825 (1.37727e-05% change)
    iteration   18: trace = 0.3952952360556229 (5.26856e-06% change)
    iteration   19: trace = 0.395295226291054 (2.4702e-06% change)
    iteration   20: trace = 0.3952952211268564 (1.30642e-06% change)
    iteration   21: trace = 0.3952952195497392 (3.98972e-07% change)
    iteration   22: trace = 0.3952952192239235 (8.24234e-08% change)
    iteration   23: trace = 0.3952952191571141 (1.69011e-08% change)
    iteration   24: trace = 0.3952952191453782 (2.96889e-09% change)
Finished solving for bands 1 to 6 after 24 iterations.
tefreqs:, 1, -0.09, 0.14, 0, 0.143178, 0.0644923, 0.148912, 0.171587, 0.300858, 0.322481, 0.380801
elapsed time for k point: 1.9101507663726807
total elapsed time for run: 1.940347671508789
done
Initializing eigensolver data
Computing 6 bands with 1e-10 tolerance
Working in 2 dimensions.
Grid size is 288 x 96 x 1.
Solving for 6 bands at a time.
Creating Maxwell data...
Mesh size is 3.
Lattice vectors:
     (3, 0, 0)
     (0, 1, 0)
     (0, 0, 1)
Cell volume = 3
Reciprocal lattice vectors (/ 2 pi):
     (0.333333, -0, 0)
     (-0, 1, -0)
     (0, -0, 1)
Geometric objects:
     block, center = (0,0,0)
          size (1e+20,1e+20,1)
          axes (1,0,0), (0,1,0), (0,0,1)
     prism, center = (0.00238056,-1.38778e-17,0.5)
          height 1, axis (0,0,1), sidewall angle: 0 radians, 4 vertices:
          (0.252381,0.25,0)
          (-0.247619,0.25,0)
          (-0.247619,-0.25,0)
          (0.252381,-0.25,0)
     prism, center = (1.00233,-1.38778e-17,0.5)
          height 1, axis (0,0,1), sidewall angle: 0 radians, 4 vertices:
          (1.25233,0.25,0)
          (0.752329,0.25,0)
          (0.752329,-0.25,0)
          (1.25233,-0.25,0)
     prism, center = (2.0031,-1.38778e-17,0.5)
          height 1, axis (0,0,1), sidewall angle: 0 radians, 4 vertices:
          (2.2531,0.25,0)
          (1.7531,0.25,0)
          (1.7531,-0.25,0)
          (2.2531,-0.25,0)
Geometric object tree has depth 2 and 21 object nodes (vs. 4 actual objects)
Initializing epsilon function...
Allocating fields...
Solving for band polarization: te.
Initializing fields to random numbers...
1 k-points
  Vector3<-0.09, 0.14, 0.0>
elapsed time for initialization: 0.030019760131835938
solve_kpoint (-0.09,0.14,0):
tefreqs:, k index, k1, k2, k3, kmag/2pi, te band 1, te band 2, te band 3, te band 4, te band 5, te band 6
Solving for bands 1 to 6...
    near maximum in trace
    iteration    1: trace = 2.675456756863181 (199.631% change)
    iteration    2: trace = 0.6797264365329465 (118.964% change)
    iteration    3: trace = 0.4774274326803252 (34.9649% change)
    iteration    4: trace = 0.4399196162305782 (8.17745% change)
    iteration    5: trace = 0.4215223540958652 (4.27127% change)
    iteration    6: trace = 0.4135581944289453 (1.9074% change)
    iteration    7: trace = 0.404969855520281 (2.09848% change)
    iteration    8: trace = 0.3993815962227706 (1.38951% change)
    iteration    9: trace = 0.3965144627015296 (0.720479% change)
    iteration   10: trace = 0.3956493483650684 (0.218418% change)
    iteration   11: trace = 0.395333385702799 (0.0798912% change)
    iteration   12: trace = 0.3952532010610955 (0.0202848% change)
    iteration   13: trace = 0.3952169918519394 (0.00916144% change)
    iteration   14: trace = 0.395203097311335 (0.00351574% change)
    iteration   15: trace = 0.3951967057598982 (0.0016173% change)
    iteration   16: trace = 0.3951953169882323 (0.000351413% change)
    iteration   17: trace = 0.3951948536921555 (0.000117232% change)
    iteration   18: trace = 0.3951947199148397 (3.3851e-05% change)
    iteration   19: trace = 0.3951946472032379 (1.83989e-05% change)
    iteration   20: trace = 0.3951946138971796 (8.42776e-06% change)
    iteration   21: trace = 0.3951945995496347 (3.6305e-06% change)
    iteration   22: trace = 0.3951945960173656 (8.93805e-07% change)
    iteration   23: trace = 0.3951945951340089 (2.23524e-07% change)
    iteration   24: trace = 0.3951945949035487 (5.83156e-08% change)
    iteration   25: trace = 0.3951945948282471 (1.90543e-08% change)
    iteration   26: trace = 0.3951945947939787 (8.67129e-09% change)
Finished solving for bands 1 to 6 after 26 iterations.
tefreqs:, 1, -0.09, 0.14, 0, 0.143178, 0.0644801, 0.148906, 0.171578, 0.300836, 0.322452, 0.38072
elapsed time for k point: 3.109788656234741
total elapsed time for run: 3.139890670776367
done
Initializing eigensolver data
Computing 6 bands with 1e-10 tolerance
Working in 2 dimensions.
Grid size is 288 x 96 x 1.
Solving for 6 bands at a time.
Creating Maxwell data...
Mesh size is 3.
Lattice vectors:
     (3, 0, 0)
     (0, 1, 0)
     (0, 0, 1)
Cell volume = 3
Reciprocal lattice vectors (/ 2 pi):
     (0.333333, -0, 0)
     (-0, 1, -0)
     (0, -0, 1)
Geometric objects:
     block, center = (0,0,0)
          size (1e+20,1e+20,1)
          axes (1,0,0), (0,1,0), (0,0,1)
     prism, center = (0.00305138,-1.38778e-17,0.5)
          height 1, axis (0,0,1), sidewall angle: 0 radians, 4 vertices:
          (0.253051,0.25,0)
          (-0.246949,0.25,0)
          (-0.246949,-0.25,0)
          (0.253051,-0.25,0)
     prism, center = (1.00316,-1.38778e-17,0.5)
          height 1, axis (0,0,1), sidewall angle: 0 radians, 4 vertices:
          (1.25316,0.25,0)
          (0.753155,0.25,0)
          (0.753155,-0.25,0)
          (1.25316,-0.25,0)
     prism, center = (2.00161,-1.38778e-17,0.5)
          height 1, axis (0,0,1), sidewall angle: 0 radians, 4 vertices:
          (2.25161,0.25,0)
          (1.75161,0.25,0)
          (1.75161,-0.25,0)
          (2.25161,-0.25,0)
Geometric object tree has depth 2 and 21 object nodes (vs. 4 actual objects)
Initializing epsilon function...
Allocating fields...
Solving for band polarization: te.
Initializing fields to random numbers...
1 k-points
  Vector3<-0.09, 0.14, 0.0>
elapsed time for initialization: 0.05877208709716797
solve_kpoint (-0.09,0.14,0):
tefreqs:, k index, k1, k2, k3, kmag/2pi, te band 1, te band 2, te band 3, te band 4, te band 5, te band 6
Solving for bands 1 to 6...
    near maximum in trace
    iteration    1: trace = 1.970488594465086 (199.728% change)
    iteration    2: trace = 0.4981473585682953 (119.284% change)
    iteration    3: trace = 0.4318209405093347 (14.2642% change)
    iteration    4: trace = 0.4093807318401476 (5.33527% change)
    iteration    5: trace = 0.4014357626064723 (1.95975% change)
    iteration    6: trace = 0.3979202241010109 (0.879593% change)
    iteration    7: trace = 0.3967344280629612 (0.298443% change)
    iteration    8: trace = 0.3957807496913407 (0.240671% change)
    iteration    9: trace = 0.3954411146024114 (0.0858508% change)
    iteration   10: trace = 0.3953116664150503 (0.0327405% change)
    iteration   11: trace = 0.3952853480105844 (0.00665786% change)
    iteration   12: trace = 0.3952763694547665 (0.00227144% change)
    iteration   13: trace = 0.3952738118913275 (0.000647034% change)
    iteration   14: trace = 0.3952723590174087 (0.000367562% change)
    iteration   15: trace = 0.3952717503535271 (0.000153986% change)
    iteration   16: trace = 0.3952714969946105 (6.40974e-05% change)
    iteration   17: trace = 0.3952714439345711 (1.34237e-05% change)
    iteration   18: trace = 0.3952714315697834 (3.12818e-06% change)
    iteration   19: trace = 0.3952714286893932 (7.28712e-07% change)
    iteration   20: trace = 0.3952714276346337 (2.66844e-07% change)
    iteration   21: trace = 0.3952714271835444 (1.14121e-07% change)
    iteration   22: trace = 0.395271426997979 (4.69463e-08% change)
    iteration   23: trace = 0.3952714269391901 (1.48731e-08% change)
    iteration   24: trace = 0.395271426927287 (3.01139e-09% change)
Finished solving for bands 1 to 6 after 24 iterations.
tefreqs:, 1, -0.09, 0.14, 0, 0.143178, 0.0644894, 0.14891, 0.171586, 0.300852, 0.322475, 0.380781
elapsed time for k point: 2.5996737480163574
total elapsed time for run: 2.65854549407959
done
Initializing eigensolver data
Computing 6 bands with 1e-10 tolerance
Working in 2 dimensions.
Grid size is 288 x 96 x 1.
Solving for 6 bands at a time.
Creating Maxwell data...
Mesh size is 3.
Lattice vectors:
     (3, 0, 0)
     (0, 1, 0)
     (0, 0, 1)
Cell volume = 3
Reciprocal lattice vectors (/ 2 pi):
     (0.333333, -0, 0)
     (-0, 1, -0)
     (0, -0, 1)
Geometric objects:
     block, center = (0,0,0)
          size (1e+20,1e+20,1)
          axes (1,0,0), (0,1,0), (0,0,1)
     prism, center = (0.00215695,-1.38778e-17,0.5)
          height 1, axis (0,0,1), sidewall angle: 0 radians, 4 vertices:
          (0.252157,0.25,0)
          (-0.247843,0.25,0)
          (-0.247843,-0.25,0)
          (0.252157,-0.25,0)
     prism, center = (1.00205,-1.38778e-17,0.5)
          height 1, axis (0,0,1), sidewall angle: 0 radians, 4 vertices:
          (1.25205,0.25,0)
          (0.752053,0.25,0)
          (0.752053,-0.25,0)
          (1.25205,-0.25,0)
     prism, center = (2.0036,-1.38778e-17,0.5)
          height 1, axis (0,0,1), sidewall angle: 0 radians, 4 vertices:
          (2.2536,0.25,0)
          (1.7536,0.25,0)
          (1.7536,-0.25,0)
          (2.2536,-0.25,0)
Geometric object tree has depth 2 and 21 object nodes (vs. 4 actual objects)
Initializing epsilon function...
Allocating fields...
Solving for band polarization: te.
Initializing fields to random numbers...
1 k-points
  Vector3<-0.09, 0.14, 0.0>
elapsed time for initialization: 0.04130125045776367
solve_kpoint (-0.09,0.14,0):
tefreqs:, k index, k1, k2, k3, kmag/2pi, te band 1, te band 2, te band 3, te band 4, te band 5, te band 6
Solving for bands 1 to 6...
    near maximum in trace
    iteration    1: trace = 2.099774197154399 (199.709% change)
    iteration    2: trace = 0.4823935979098804 (125.273% change)
    iteration    3: trace = 0.4309417004490725 (11.2668% change)
    iteration    4: trace = 0.4154725143286174 (3.65523% change)
    iteration    5: trace = 0.4102675980013707 (1.26067% change)
    iteration    6: trace = 0.4043575838383729 (1.45098% change)
    iteration    7: trace = 0.4000810793135866 (1.06323% change)
    iteration    8: trace = 0.39652775037646 (0.892114% change)
    iteration    9: trace = 0.3956781139709057 (0.214499% change)
    iteration   10: trace = 0.395357991572805 (0.0809375% change)
    iteration   11: trace = 0.3952983146597976 (0.0150955% change)
    iteration   12: trace = 0.3952699263241131 (0.00718175% change)
    iteration   13: trace = 0.3952588051024984 (0.00281362% change)
    iteration   14: trace = 0.39525283369717 (0.00151077% change)
    iteration   15: trace = 0.3952513428089605 (0.000377199% change)
    iteration   16: trace = 0.395250863304714 (0.000121316% change)
    iteration   17: trace = 0.3952507639010371 (2.51495e-05% change)
    iteration   18: trace = 0.3952507317263187 (8.14033e-06% change)
    iteration   19: trace = 0.3952507201567622 (2.92714e-06% change)
    iteration   20: trace = 0.3952507144196431 (1.45151e-06% change)
    iteration   21: trace = 0.395250712432632 (5.02722e-07% change)
    iteration   22: trace = 0.3952507119011831 (1.34459e-07% change)
    iteration   23: trace = 0.3952507117703762 (3.30947e-08% change)
    iteration   24: trace = 0.3952507117352975 (8.87505e-09% change)
Finished solving for bands 1 to 6 after 24 iterations.
tefreqs:, 1, -0.09, 0.14, 0, 0.143178, 0.0644858, 0.14891, 0.171585, 0.300851, 0.322473, 0.380758
elapsed time for k point: 2.3985164165496826
total elapsed time for run: 2.439906120300293
done
Initializing eigensolver data
Computing 6 bands with 1e-10 tolerance
Working in 2 dimensions.
Grid size is 288 x 96 x 1.
Solving for 6 bands at a time.
Creating Maxwell data...
Mesh size is 3.
Lattice vectors:
     (3, 0, 0)
     (0, 1, 0)
     (0, 0, 1)
Cell volume = 3
Reciprocal lattice vectors (/ 2 pi):
     (0.333333, -0, 0)
     (-0, 1, -0)
     (0, -0, 1)
Geometric objects:
     block, center = (0,0,0)
          size (1e+20,1e+20,1)
          axes (1,0,0), (0,1,0), (0,0,1)
     prism, center = (0.00349859,-1.38778e-17,0.5)
          height 1, axis (0,0,1), sidewall angle: 0 radians, 4 vertices:
          (0.253499,0.25,0)
          (-0.246501,0.25,0)
          (-0.246501,-0.25,0)
          (0.253499,-0.25,0)
     prism, center = (1.00371,-1.38778e-17,0.5)
          height 1, axis (0,0,1), sidewall angle: 0 radians, 4 vertices:
          (1.25371,0.25,0)
          (0.753706,0.25,0)
          (0.753706,-0.25,0)
          (1.25371,-0.25,0)
     prism, center = (2.00061,-1.38778e-17,0.5)
          height 1, axis (0,0,1), sidewall angle: 0 radians, 4 vertices:
          (2.25061,0.25,0)
          (1.75061,0.25,0)
          (1.75061,-0.25,0)
          (2.25061,-0.25,0)
Geometric object tree has depth 2 and 21 object nodes (vs. 4 actual objects)
Initializing epsilon function...
Allocating fields...
Solving for band polarization: te.
Initializing fields to random numbers...
1 k-points
  Vector3<-0.09, 0.14, 0.0>
elapsed time for initialization: 0.03172707557678223
solve_kpoint (-0.09,0.14,0):
tefreqs:, k index, k1, k2, k3, kmag/2pi, te band 1, te band 2, te band 3, te band 4, te band 5, te band 6
Solving for bands 1 to 6...
    near maximum in trace
    iteration    1: trace = 1.875133181963879 (199.741% change)
    iteration    2: trace = 0.4947410948668304 (116.495% change)
    iteration    3: trace = 0.434283960544451 (13.0152% change)
    iteration    4: trace = 0.4148650843719559 (4.57373% change)
    iteration    5: trace = 0.4068676756858371 (1.94647% change)
    iteration    6: trace = 0.4012500182946127 (1.39031% change)
    iteration    7: trace = 0.3983737638684027 (0.719402% change)
    iteration    8: trace = 0.3962031851906898 (0.546348% change)
    iteration    9: trace = 0.3955580732494242 (0.162956% change)
    iteration   10: trace = 0.3953191889319153 (0.06041% change)
    iteration   11: trace = 0.3952714324487874 (0.0120812% change)
    iteration   12: trace = 0.3952544413820937 (0.00429867% change)
    iteration   13: trace = 0.3952466594648154 (0.00196886% change)
    iteration   14: trace = 0.3952419774838775 (0.00118458% change)
    iteration   15: trace = 0.3952405477724892 (0.000361731% change)
    iteration   16: trace = 0.3952400928002802 (0.000115113% change)
    iteration   17: trace = 0.3952399952910126 (2.46709e-05% change)
    iteration   18: trace = 0.3952399728053281 (5.68912e-06% change)
    iteration   19: trace = 0.3952399660594902 (1.70677e-06% change)
    iteration   20: trace = 0.3952399631688923 (7.31353e-07% change)
    iteration   21: trace = 0.3952399618596107 (3.31262e-07% change)
    iteration   22: trace = 0.3952399614698149 (9.86226e-08% change)
    iteration   23: trace = 0.3952399613635023 (2.68982e-08% change)
    iteration   24: trace = 0.395239961343864 (4.96869e-09% change)
Finished solving for bands 1 to 6 after 24 iterations.
tefreqs:, 1, -0.09, 0.14, 0, 0.143178, 0.0644847, 0.148909, 0.171585, 0.300845, 0.322473, 0.380749
elapsed time for k point: 2.427861213684082
total elapsed time for run: 2.4596779346466064
done
Initializing eigensolver data
Computing 6 bands with 1e-10 tolerance
Working in 2 dimensions.
Grid size is 288 x 96 x 1.
Solving for 6 bands at a time.
Creating Maxwell data...
Mesh size is 3.
Lattice vectors:
     (3, 0, 0)
     (0, 1, 0)
     (0, 0, 1)
Cell volume = 3
Reciprocal lattice vectors (/ 2 pi):
     (0.333333, -0, 0)
     (-0, 1, -0)
     (0, -0, 1)
Geometric objects:
     block, center = (0,0,0)
          size (1e+20,1e+20,1)
          axes (1,0,0), (0,1,0), (0,0,1)
     prism, center = (0.00170974,-1.38778e-17,0.5)
          height 1, axis (0,0,1), sidewall angle: 0 radians, 4 vertices:
          (0.25171,0.25,0)
          (-0.24829,0.25,0)
          (-0.24829,-0.25,0)
          (0.25171,-0.25,0)
     prism, center = (1.0015,-1.38778e-17,0.5)
          height 1, axis (0,0,1), sidewall angle: 0 radians, 4 vertices:
          (1.2515,0.25,0)
          (0.751502,0.25,0)
          (0.751502,-0.25,0)
          (1.2515,-0.25,0)
     prism, center = (2.0046,-1.38778e-17,0.5)
          height 1, axis (0,0,1), sidewall angle: 0 radians, 4 vertices:
          (2.2546,0.25,0)
          (1.7546,0.25,0)
          (1.7546,-0.25,0)
          (2.2546,-0.25,0)
Geometric object tree has depth 2 and 21 object nodes (vs. 4 actual objects)
Initializing epsilon function...
Allocating fields...
Solving for band polarization: te.
Initializing fields to random numbers...
1 k-points
  Vector3<-0.09, 0.14, 0.0>
elapsed time for initialization: 0.032366037368774414
solve_kpoint (-0.09,0.14,0):
tefreqs:, k index, k1, k2, k3, kmag/2pi, te band 1, te band 2, te band 3, te band 4, te band 5, te band 6
Solving for bands 1 to 6...
    near maximum in trace
    iteration    1: trace = 1.918322941282474 (199.736% change)
    iteration    2: trace = 0.5262396633033283 (113.892% change)
    iteration    3: trace = 0.4461097110222464 (16.4817% change)
    iteration    4: trace = 0.4154640245809388 (7.11389% change)
    iteration    5: trace = 0.4055791828381916 (2.40787% change)
    iteration    6: trace = 0.400021796302079 (1.37969% change)
    iteration    7: trace = 0.3975900450452831 (0.609758% change)
    iteration    8: trace = 0.396084901979887 (0.379285% change)
    iteration    9: trace = 0.3956204815778214 (0.117322% change)
    iteration   10: trace = 0.3954526418299088 (0.0424334% change)
    iteration   11: trace = 0.3954137022101193 (0.00984733% change)
    iteration   12: trace = 0.395400263501755 (0.0033987% change)
    iteration   13: trace = 0.3953946203456607 (0.00142721% change)
    iteration   14: trace = 0.3953917670850351 (0.000721626% change)
    iteration   15: trace = 0.3953907621924025 (0.000254151% change)
    iteration   16: trace = 0.3953904584190265 (7.68287e-05% change)
    iteration   17: trace = 0.3953903621997628 (2.43353e-05% change)
    iteration   18: trace = 0.395390332380407 (7.54175e-06% change)
    iteration   19: trace = 0.3953903177304469 (3.70519e-06% change)
    iteration   20: trace = 0.3953903105167998 (1.82444e-06% change)
    iteration   21: trace = 0.3953903076357002 (7.28672e-07% change)
    iteration   22: trace = 0.3953903070557006 (1.4669e-07% change)
    iteration   23: trace = 0.3953903069165284 (3.51987e-08% change)
    iteration   24: trace = 0.3953903068903262 (6.62694e-09% change)
Finished solving for bands 1 to 6 after 24 iterations.
tefreqs:, 1, -0.09, 0.14, 0, 0.143178, 0.064505, 0.14892, 0.171595, 0.300874, 0.322507, 0.380882
elapsed time for k point: 2.5304877758026123
total elapsed time for run: 2.562939405441284
done
Initializing eigensolver data
Computing 6 bands with 1e-10 tolerance
Working in 2 dimensions.
Grid size is 288 x 96 x 1.
Solving for 6 bands at a time.
Creating Maxwell data...
Mesh size is 3.
Lattice vectors:
     (3, 0, 0)
     (0, 1, 0)
     (0, 0, 1)
Cell volume = 3
Reciprocal lattice vectors (/ 2 pi):
     (0.333333, -0, 0)
     (-0, 1, -0)
     (0, -0, 1)
Geometric objects:
     block, center = (0,0,0)
          size (1e+20,1e+20,1)
          axes (1,0,0), (0,1,0), (0,0,1)
     prism, center = (0.00543194,-1.38778e-17,0.5)
          height 1, axis (0,0,1), sidewall angle: 0 radians, 4 vertices:
          (0.255432,0.25,0)
          (-0.244568,0.25,0)
          (-0.244568,-0.25,0)
          (0.255432,-0.25,0)
     prism, center = (1.00548,-1.38778e-17,0.5)
          height 1, axis (0,0,1), sidewall angle: 0 radians, 4 vertices:
          (1.25548,0.25,0)
          (0.755484,0.25,0)
          (0.755484,-0.25,0)
          (1.25548,-0.25,0)
     prism, center = (2.00471,-1.38778e-17,0.5)
          height 1, axis (0,0,1), sidewall angle: 0 radians, 4 vertices:
          (2.25471,0.25,0)
          (1.75471,0.25,0)
          (1.75471,-0.25,0)
          (2.25471,-0.25,0)
Geometric object tree has depth 2 and 21 object nodes (vs. 4 actual objects)
Initializing epsilon function...
Allocating fields...
Solving for band polarization: te.
Initializing fields to random numbers...
1 k-points
  Vector3<-0.09, 0.14, 0.0>
elapsed time for initialization: 0.03865694999694824
solve_kpoint (-0.09,0.14,0):
tefreqs:, k index, k1, k2, k3, kmag/2pi, te band 1, te band 2, te band 3, te band 4, te band 5, te band 6
Solving for bands 1 to 6...
    near maximum in trace
    iteration    1: trace = 2.143879452325196 (199.707% change)
    iteration    2: trace = 0.5787589464194411 (114.971% change)
    iteration    3: trace = 0.4345538143975496 (28.4621% change)
    iteration    4: trace = 0.4190001330497022 (3.64445% change)
    iteration    5: trace = 0.4081749215751933 (2.61739% change)
    iteration    6: trace = 0.4031293013043302 (1.24383% change)
    iteration    7: trace = 0.3990648159853176 (1.01334% change)
    iteration    8: trace = 0.3971784187534305 (0.473824% change)
    iteration    9: trace = 0.3959869951040254 (0.300422% change)
    iteration   10: trace = 0.3956891398856088 (0.0752467% change)
    iteration   11: trace = 0.3955764935992857 (0.0284724% change)
    iteration   12: trace = 0.3955471027678844 (0.00743015% change)
    iteration   13: trace = 0.3955276626180509 (0.00491487% change)
    iteration   14: trace = 0.39552103428855 (0.00167583% change)
    iteration   15: trace = 0.3955184648077379 (0.000649647% change)
    iteration   16: trace = 0.3955179278269579 (0.000135766% change)
    iteration   17: trace = 0.3955177484472575 (4.53531e-05% change)
    iteration   18: trace = 0.3955176990770854 (1.24824e-05% change)
    iteration   19: trace = 0.3955176727808961 (6.64855e-06% change)
    iteration   20: trace = 0.39551766136364 (2.88666e-06% change)
    iteration   21: trace = 0.3955176571859196 (1.05627e-06% change)
    iteration   22: trace = 0.3955176561454284 (2.63071e-07% change)
    iteration   23: trace = 0.3955176559009062 (6.18233e-08% change)
    iteration   24: trace = 0.3955176558316021 (1.75224e-08% change)
    iteration   25: trace = 0.3955176558083869 (5.86958e-09% change)
Finished solving for bands 1 to 6 after 25 iterations.
tefreqs:, 1, -0.09, 0.14, 0, 0.143178, 0.0645212, 0.148934, 0.171607, 0.300919, 0.322541, 0.380972
elapsed time for k point: 2.48061203956604
total elapsed time for run: 2.5193443298339844
done
Initializing eigensolver data
Computing 6 bands with 1e-10 tolerance
Working in 2 dimensions.
Grid size is 288 x 96 x 1.
Solving for 6 bands at a time.
Creating Maxwell data...
Mesh size is 3.
Lattice vectors:
     (3, 0, 0)
     (0, 1, 0)
     (0, 0, 1)
Cell volume = 3
Reciprocal lattice vectors (/ 2 pi):
     (0.333333, -0, 0)
     (-0, 1, -0)
     (0, -0, 1)
Geometric objects:
     block, center = (0,0,0)
          size (1e+20,1e+20,1)
          axes (1,0,0), (0,1,0), (0,0,1)
     prism, center = (0.00498473,-1.38778e-17,0.5)
          height 1, axis (0,0,1), sidewall angle: 0 radians, 4 vertices:
          (0.254985,0.25,0)
          (-0.245015,0.25,0)
          (-0.245015,-0.25,0)
          (0.254985,-0.25,0)
     prism, center = (1.00493,-1.38778e-17,0.5)
          height 1, axis (0,0,1), sidewall angle: 0 radians, 4 vertices:
          (1.25493,0.25,0)
          (0.754933,0.25,0)
          (0.754933,-0.25,0)
          (1.25493,-0.25,0)
     prism, center = (2.00571,-1.38778e-17,0.5)
          height 1, axis (0,0,1), sidewall angle: 0 radians, 4 vertices:
          (2.25571,0.25,0)
          (1.75571,0.25,0)
          (1.75571,-0.25,0)
          (2.25571,-0.25,0)
Geometric object tree has depth 2 and 21 object nodes (vs. 4 actual objects)
Initializing epsilon function...
Allocating fields...
Solving for band polarization: te.
Initializing fields to random numbers...
1 k-points
  Vector3<-0.09, 0.14, 0.0>
elapsed time for initialization: 0.028656959533691406
solve_kpoint (-0.09,0.14,0):
tefreqs:, k index, k1, k2, k3, kmag/2pi, te band 1, te band 2, te band 3, te band 4, te band 5, te band 6
Solving for bands 1 to 6...
    near maximum in trace
    iteration    1: trace = 1.841855474850746 (199.748% change)
    iteration    2: trace = 0.5027557812925748 (114.228% change)
    iteration    3: trace = 0.4355665363253909 (14.3211% change)
    iteration    4: trace = 0.4135201969662289 (5.19295% change)
    iteration    5: trace = 0.4058735674457701 (1.86641% change)
    iteration    6: trace = 0.4011469017833187 (1.17139% change)
    iteration    7: trace = 0.3984448940776576 (0.675847% change)
    iteration    8: trace = 0.3965218194853977 (0.483813% change)
    iteration    9: trace = 0.3958373501205685 (0.172767% change)
    iteration   10: trace = 0.3956154315736486 (0.0560788% change)
    iteration   11: trace = 0.3955548735946753 (0.0153085% change)
    iteration   12: trace = 0.3955348201924604 (0.00506982% change)
    iteration   13: trace = 0.3955245960280507 (0.00258493% change)
    iteration   14: trace = 0.3955200447229004 (0.00115071% change)
    iteration   15: trace = 0.3955182247874727 (0.000460138% change)
    iteration   16: trace = 0.3955178180042752 (0.000102848% change)
    iteration   17: trace = 0.3955176909110402 (3.21334e-05% change)
    iteration   18: trace = 0.395517658452803 (8.20652e-06% change)
    iteration   19: trace = 0.3955176424510002 (4.04579e-06% change)
    iteration   20: trace = 0.3955176358774347 (1.66202e-06% change)
    iteration   21: trace = 0.3955176328638668 (7.6193e-07% change)
    iteration   22: trace = 0.3955176322713154 (1.49817e-07% change)
    iteration   23: trace = 0.3955176321340585 (3.47031e-08% change)
    iteration   24: trace = 0.395517632098889 (8.89201e-09% change)
Finished solving for bands 1 to 6 after 24 iterations.
tefreqs:, 1, -0.09, 0.14, 0, 0.143178, 0.0645212, 0.148934, 0.171607, 0.300919, 0.322541, 0.380972
elapsed time for k point: 2.1471095085144043
total elapsed time for run: 2.1758391857147217
done
Initializing eigensolver data
Computing 6 bands with 1e-10 tolerance
Working in 2 dimensions.
Grid size is 288 x 96 x 1.
Solving for 6 bands at a time.
Creating Maxwell data...
Mesh size is 3.
Lattice vectors:
     (3, 0, 0)
     (0, 1, 0)
     (0, 0, 1)
Cell volume = 3
Reciprocal lattice vectors (/ 2 pi):
     (0.333333, -0, 0)
     (-0, 1, -0)
     (0, -0, 1)
Geometric objects:
     block, center = (0,0,0)
          size (1e+20,1e+20,1)
          axes (1,0,0), (0,1,0), (0,0,1)
     prism, center = (0.00565555,-1.38778e-17,0.5)
          height 1, axis (0,0,1), sidewall angle: 0 radians, 4 vertices:
          (0.255656,0.25,0)
          (-0.244344,0.25,0)
          (-0.244344,-0.25,0)
          (0.255656,-0.25,0)
     prism, center = (1.00576,-1.38778e-17,0.5)
          height 1, axis (0,0,1), sidewall angle: 0 radians, 4 vertices:
          (1.25576,0.25,0)
          (0.755759,0.25,0)
          (0.755759,-0.25,0)
          (1.25576,-0.25,0)
     prism, center = (2.00421,-1.38778e-17,0.5)
          height 1, axis (0,0,1), sidewall angle: 0 radians, 4 vertices:
          (2.25421,0.25,0)
          (1.75421,0.25,0)
          (1.75421,-0.25,0)
          (2.25421,-0.25,0)
Geometric object tree has depth 2 and 21 object nodes (vs. 4 actual objects)
Initializing epsilon function...
Allocating fields...
Solving for band polarization: te.
Initializing fields to random numbers...
1 k-points
  Vector3<-0.09, 0.14, 0.0>
elapsed time for initialization: 0.04210186004638672
solve_kpoint (-0.09,0.14,0):
tefreqs:, k index, k1, k2, k3, kmag/2pi, te band 1, te band 2, te band 3, te band 4, te band 5, te band 6
Solving for bands 1 to 6...
    near maximum in trace
    iteration    1: trace = 2.720613297514089 (199.628% change)
    iteration    2: trace = 0.5965562293702075 (128.064% change)
    iteration    3: trace = 0.4724167782201514 (23.2259% change)
    iteration    4: trace = 0.4274863135506347 (9.98562% change)
    iteration    5: trace = 0.4144548619965719 (3.09557% change)
    iteration    6: trace = 0.4068671310114104 (1.84769% change)
    iteration    7: trace = 0.4024408951212658 (1.09383% change)
    iteration    8: trace = 0.3982446233933575 (1.04817% change)
    iteration    9: trace = 0.3965987906888563 (0.414128% change)
    iteration   10: trace = 0.3958247479037558 (0.195361% change)
    iteration   11: trace = 0.3956281336924327 (0.0496844% change)
    iteration   12: trace = 0.3955170057444259 (0.0280929% change)
    iteration   13: trace = 0.395472449186952 (0.011266% change)
    iteration   14: trace = 0.3954532720558461 (0.00484929% change)
    iteration   15: trace = 0.3954486957485283 (0.00115724% change)
    iteration   16: trace = 0.395447500291115 (0.000302305% change)
    iteration   17: trace = 0.3954472202788269 (7.0809e-05% change)
    iteration   18: trace = 0.3954471399028606 (2.03253e-05% change)
    iteration   19: trace = 0.3954471082694573 (7.9994e-06% change)
    iteration   20: trace = 0.3954470938631247 (3.64305e-06% change)
    iteration   21: trace = 0.3954470874176863 (1.62991e-06% change)
    iteration   22: trace = 0.3954470856112656 (4.56805e-07% change)
    iteration   23: trace = 0.3954470850528857 (1.41202e-07% change)
    iteration   24: trace = 0.3954470849420864 (2.80188e-08% change)
    iteration   25: trace = 0.3954470849068158 (8.91916e-09% change)
Finished solving for bands 1 to 6 after 25 iterations.
tefreqs:, 1, -0.09, 0.14, 0, 0.143178, 0.0645122, 0.148928, 0.1716, 0.300899, 0.322522, 0.380919
elapsed time for k point: 2.349720001220703
total elapsed time for run: 2.3938210010528564
done
Initializing eigensolver data
Computing 6 bands with 1e-10 tolerance
Working in 2 dimensions.
Grid size is 288 x 96 x 1.
Solving for 6 bands at a time.
Creating Maxwell data...
Mesh size is 3.
Lattice vectors:
     (3, 0, 0)
     (0, 1, 0)
     (0, 0, 1)
Cell volume = 3
Reciprocal lattice vectors (/ 2 pi):
     (0.333333, -0, 0)
     (-0, 1, -0)
     (0, -0, 1)
Geometric objects:
     block, center = (0,0,0)
          size (1e+20,1e+20,1)
          axes (1,0,0), (0,1,0), (0,0,1)
     prism, center = (0.00476112,-1.38778e-17,0.5)
          height 1, axis (0,0,1), sidewall angle: 0 radians, 4 vertices:
          (0.254761,0.25,0)
          (-0.245239,0.25,0)
          (-0.245239,-0.25,0)
          (0.254761,-0.25,0)
     prism, center = (1.00466,-1.38778e-17,0.5)
          height 1, axis (0,0,1), sidewall angle: 0 radians, 4 vertices:
          (1.25466,0.25,0)
          (0.754657,0.25,0)
          (0.754657,-0.25,0)
          (1.25466,-0.25,0)
     prism, center = (2.00621,-1.38778e-17,0.5)
          height 1, axis (0,0,1), sidewall angle: 0 radians, 4 vertices:
          (2.25621,0.25,0)
          (1.75621,0.25,0)
          (1.75621,-0.25,0)
          (2.25621,-0.25,0)
Geometric object tree has depth 2 and 21 object nodes (vs. 4 actual objects)
Initializing epsilon function...
Allocating fields...
Solving for band polarization: te.
Initializing fields to random numbers...
1 k-points
  Vector3<-0.09, 0.14, 0.0>
elapsed time for initialization: 0.03496360778808594
solve_kpoint (-0.09,0.14,0):
tefreqs:, k index, k1, k2, k3, kmag/2pi, te band 1, te band 2, te band 3, te band 4, te band 5, te band 6
Solving for bands 1 to 6...
    near maximum in trace
    iteration    1: trace = 2.224896000813538 (199.693% change)
    iteration    2: trace = 0.6012232235638264 (114.905% change)
    iteration    3: trace = 0.4397059208479633 (31.0333% change)
    iteration    4: trace = 0.4126629317025227 (6.34537% change)
    iteration    5: trace = 0.4018333204691405 (2.65922% change)
    iteration    6: trace = 0.3987085822921302 (0.780656% change)
    iteration    7: trace = 0.3967219772994635 (0.499504% change)
    iteration    8: trace = 0.395995732724992 (0.183229% change)
    iteration    9: trace = 0.395607067534585 (0.098197% change)
    iteration   10: trace = 0.395513152036439 (0.0237424% change)
    iteration   11: trace = 0.3954751687890327 (0.009604% change)
    iteration   12: trace = 0.3954637930351635 (0.00287652% change)
    iteration   13: trace = 0.3954563235897807 (0.0018888% change)
    iteration   14: trace = 0.3954535835286184 (0.000692888% change)
    iteration   15: trace = 0.3954526775817342 (0.000229091% change)
    iteration   16: trace = 0.3954524793920617 (5.01172e-05% change)
    iteration   17: trace = 0.3954524154557667 (1.61679e-05% change)
    iteration   18: trace = 0.3954523960949804 (4.89586e-06% change)
    iteration   19: trace = 0.3954523885482771 (1.90837e-06% change)
    iteration   20: trace = 0.3954523850472565 (8.8532e-07% change)
    iteration   21: trace = 0.3954523835546113 (3.77453e-07% change)
    iteration   22: trace = 0.3954523831281571 (1.0784e-07% change)
    iteration   23: trace = 0.3954523830484916 (2.01454e-08% change)
    iteration   24: trace = 0.395452383026141 (5.65191e-09% change)
Finished solving for bands 1 to 6 after 24 iterations.
tefreqs:, 1, -0.09, 0.14, 0, 0.143178, 0.0645125, 0.148928, 0.171602, 0.3009, 0.322525, 0.380921
elapsed time for k point: 2.2841854095458984
total elapsed time for run: 2.3192343711853027
done
Initializing eigensolver data
Computing 6 bands with 1e-10 tolerance
Working in 2 dimensions.
Grid size is 288 x 96 x 1.
Solving for 6 bands at a time.
Creating Maxwell data...
Mesh size is 3.
Lattice vectors:
     (3, 0, 0)
     (0, 1, 0)
     (0, 0, 1)
Cell volume = 3
Reciprocal lattice vectors (/ 2 pi):
     (0.333333, -0, 0)
     (-0, 1, -0)
     (0, -0, 1)
Geometric objects:
     block, center = (0,0,0)
          size (1e+20,1e+20,1)
          axes (1,0,0), (0,1,0), (0,0,1)
     prism, center = (0.00610276,-1.38778e-17,0.5)
          height 1, axis (0,0,1), sidewall angle: 0 radians, 4 vertices:
          (0.256103,0.25,0)
          (-0.243897,0.25,0)
          (-0.243897,-0.25,0)
          (0.256103,-0.25,0)
     prism, center = (1.00631,-1.38778e-17,0.5)
          height 1, axis (0,0,1), sidewall angle: 0 radians, 4 vertices:
          (1.25631,0.25,0)
          (0.75631,0.25,0)
          (0.75631,-0.25,0)
          (1.25631,-0.25,0)
     prism, center = (2.00321,-1.38778e-17,0.5)
          height 1, axis (0,0,1), sidewall angle: 0 radians, 4 vertices:
          (2.25321,0.25,0)
          (1.75321,0.25,0)
          (1.75321,-0.25,0)
          (2.25321,-0.25,0)
Geometric object tree has depth 2 and 21 object nodes (vs. 4 actual objects)
Initializing epsilon function...
Allocating fields...
Solving for band polarization: te.
Initializing fields to random numbers...
1 k-points
  Vector3<-0.09, 0.14, 0.0>
elapsed time for initialization: 0.03283071517944336
solve_kpoint (-0.09,0.14,0):
tefreqs:, k index, k1, k2, k3, kmag/2pi, te band 1, te band 2, te band 3, te band 4, te band 5, te band 6
Solving for bands 1 to 6...
    near maximum in trace
    iteration    1: trace = 2.394960801860514 (199.669% change)
    iteration    2: trace = 0.6209382968637688 (117.645% change)
    iteration    3: trace = 0.459531712172873 (29.8771% change)
    iteration    4: trace = 0.4355652348963445 (5.35506% change)
    iteration    5: trace = 0.4217680107823859 (3.21864% change)
    iteration    6: trace = 0.4158520512434132 (1.41256% change)
    iteration    7: trace = 0.4093796305749905 (1.56863% change)
    iteration    8: trace = 0.4030148976483899 (1.56691% change)
    iteration    9: trace = 0.3982167588355267 (1.19769% change)
    iteration   10: trace = 0.3964801852744019 (0.43704% change)
    iteration   11: trace = 0.3957668950557125 (0.180068% change)
    iteration   12: trace = 0.395544136592183 (0.0563011% change)
    iteration   13: trace = 0.3954097374799591 (0.0339841% change)
    iteration   14: trace = 0.3953599636083259 (0.0125887% change)
    iteration   15: trace = 0.3953407539279271 (0.0048589% change)
    iteration   16: trace = 0.3953360106524442 (0.0011998% change)
    iteration   17: trace = 0.3953346576271476 (0.000342247% change)
    iteration   18: trace = 0.3953341865795195 (0.000119152% change)
    iteration   19: trace = 0.3953339542391905 (5.87706e-05% change)
    iteration   20: trace = 0.3953338481519743 (2.68348e-05% change)
    iteration   21: trace = 0.3953338181174164 (7.59726e-06% change)
    iteration   22: trace = 0.3953338108224953 (1.84526e-06% change)
    iteration   23: trace = 0.3953338093702731 (3.67341e-07% change)
    iteration   24: trace = 0.3953338089421549 (1.08293e-07% change)
    iteration   25: trace = 0.3953338087971142 (3.66882e-08% change)
    iteration   26: trace = 0.3953338087149081 (2.07941e-08% change)
    iteration   27: trace = 0.3953338086832447 (8.00928e-09% change)
Finished solving for bands 1 to 6 after 27 iterations.
tefreqs:, 1, -0.09, 0.14, 0, 0.143178, 0.0644965, 0.148917, 0.171593, 0.300868, 0.322499, 0.380823
elapsed time for k point: 2.5731146335601807
total elapsed time for run: 2.606024742126465
done
Initializing eigensolver data
Computing 6 bands with 1e-10 tolerance
Working in 2 dimensions.
Grid size is 288 x 96 x 1.
Solving for 6 bands at a time.
Creating Maxwell data...
Mesh size is 3.
Lattice vectors:
     (3, 0, 0)
     (0, 1, 0)
     (0, 0, 1)
Cell volume = 3
Reciprocal lattice vectors (/ 2 pi):
     (0.333333, -0, 0)
     (-0, 1, -0)
     (0, -0, 1)
Geometric objects:
     block, center = (0,0,0)
          size (1e+20,1e+20,1)
          axes (1,0,0), (0,1,0), (0,0,1)
     prism, center = (0.00431391,-1.38778e-17,0.5)
          height 1, axis (0,0,1), sidewall angle: 0 radians, 4 vertices:
          (0.254314,0.25,0)
          (-0.245686,0.25,0)
          (-0.245686,-0.25,0)
          (0.254314,-0.25,0)
     prism, center = (1.00411,-1.38778e-17,0.5)
          height 1, axis (0,0,1), sidewall angle: 0 radians, 4 vertices:
          (1.25411,0.25,0)
          (0.754106,0.25,0)
          (0.754106,-0.25,0)
          (1.25411,-0.25,0)
     prism, center = (2.0072,-1.38778e-17,0.5)
          height 1, axis (0,0,1), sidewall angle: 0 radians, 4 vertices:
          (2.2572,0.25,0)
          (1.7572,0.25,0)
          (1.7572,-0.25,0)
          (2.2572,-0.25,0)
Geometric object tree has depth 2 and 21 object nodes (vs. 4 actual objects)
Initializing epsilon function...
Allocating fields...
Solving for band polarization: te.
Initializing fields to random numbers...
1 k-points
  Vector3<-0.09, 0.14, 0.0>
elapsed time for initialization: 0.03225231170654297
solve_kpoint (-0.09,0.14,0):
tefreqs:, k index, k1, k2, k3, kmag/2pi, te band 1, te band 2, te band 3, te band 4, te band 5, te band 6
Solving for bands 1 to 6...
    near maximum in trace
    iteration    1: trace = 2.084560346131119 (199.712% change)
    iteration    2: trace = 0.5840567024706046 (112.456% change)
    iteration    3: trace = 0.4312180537233059 (30.1078% change)
    iteration    4: trace = 0.4205426176370373 (2.50668% change)
    iteration    5: trace = 0.4156393417093587 (1.17278% change)
    iteration    6: trace = 0.4130235203385924 (0.631335% change)
    large trace change predicted (1.91874%)
    iteration    7: trace = 0.4063439027305838 (1.63043% change)
    iteration    8: trace = 0.4000538707911468 (1.56003% change)
    iteration    9: trace = 0.3966750000914992 (0.848186% change)
    iteration   10: trace = 0.3957608599886571 (0.230716% change)
    iteration   11: trace = 0.3954477507508209 (0.0791471% change)
    iteration   12: trace = 0.3953747935179402 (0.018451% change)
    iteration   13: trace = 0.3953433135913543 (0.00796236% change)
    iteration   14: trace = 0.3953318414356875 (0.00290186% change)
    iteration   15: trace = 0.3953261986382364 (0.00142737% change)
    iteration   16: trace = 0.3953247100440685 (0.000376549% change)
    iteration   17: trace = 0.3953242796141541 (0.00010888% change)
    iteration   18: trace = 0.3953241720674166 (2.72047e-05% change)
    iteration   19: trace = 0.3953241292380772 (1.0834e-05% change)
    iteration   20: trace = 0.3953241090345864 (5.11061e-06% change)
    iteration   21: trace = 0.3953240996707104 (2.36866e-06% change)
    iteration   22: trace = 0.3953240966471674 (7.64826e-07% change)
    iteration   23: trace = 0.3953240958746212 (1.95421e-07% change)
    iteration   24: trace = 0.3953240956771492 (4.99519e-08% change)
    iteration   25: trace = 0.3953240956168712 (1.52477e-08% change)
    iteration   26: trace = 0.3953240955810352 (9.06495e-09% change)
Finished solving for bands 1 to 6 after 26 iterations.
tefreqs:, 1, -0.09, 0.14, 0, 0.143178, 0.0644959, 0.148917, 0.171591, 0.300864, 0.322494, 0.380819
elapsed time for k point: 2.555349826812744
total elapsed time for run: 2.587739944458008
done
Initializing eigensolver data
Computing 6 bands with 1e-10 tolerance
Working in 2 dimensions.
Grid size is 288 x 96 x 1.
Solving for 6 bands at a time.
Creating Maxwell data...
Mesh size is 3.
Lattice vectors:
     (3, 0, 0)
     (0, 1, 0)
     (0, 0, 1)
Cell volume = 3
Reciprocal lattice vectors (/ 2 pi):
     (0.333333, -0, 0)
     (-0, 1, -0)
     (0, -0, 1)
Geometric objects:
     block, center = (0,0,0)
          size (1e+20,1e+20,1)
          axes (1,0,0), (0,1,0), (0,0,1)
     prism, center = (0.00803611,-1.38778e-17,0.5)
          height 1, axis (0,0,1), sidewall angle: 0 radians, 4 vertices:
          (0.258036,0.25,0)
          (-0.241964,0.25,0)
          (-0.241964,-0.25,0)
          (0.258036,-0.25,0)
     prism, center = (1.00809,-1.38778e-17,0.5)
          height 1, axis (0,0,1), sidewall angle: 0 radians, 4 vertices:
          (1.25809,0.25,0)
          (0.758088,0.25,0)
          (0.758088,-0.25,0)
          (1.25809,-0.25,0)
     prism, center = (2.00731,-1.38778e-17,0.5)
          height 1, axis (0,0,1), sidewall angle: 0 radians, 4 vertices:
          (2.25731,0.25,0)
          (1.75731,0.25,0)
          (1.75731,-0.25,0)
          (2.25731,-0.25,0)
Geometric object tree has depth 2 and 21 object nodes (vs. 4 actual objects)
Initializing epsilon function...
Allocating fields...
Solving for band polarization: te.
Initializing fields to random numbers...
1 k-points
  Vector3<-0.09, 0.14, 0.0>
elapsed time for initialization: 0.0346682071685791
solve_kpoint (-0.09,0.14,0):
tefreqs:, k index, k1, k2, k3, kmag/2pi, te band 1, te band 2, te band 3, te band 4, te band 5, te band 6
Solving for bands 1 to 6...
    near maximum in trace
    iteration    1: trace = 2.168270247962236 (199.7% change)
    iteration    2: trace = 0.5368156780783303 (120.621% change)
    iteration    3: trace = 0.4554719926968827 (16.3952% change)
    iteration    4: trace = 0.4282030428621764 (6.17171% change)
    iteration    5: trace = 0.4193140816185849 (2.09765% change)
    iteration    6: trace = 0.4127712782484069 (1.57263% change)
    iteration    7: trace = 0.4075361645236649 (1.27638% change)
    iteration    8: trace = 0.4005497381630437 (1.72913% change)
    iteration    9: trace = 0.3974687728791845 (0.772154% change)
    iteration   10: trace = 0.395971017850856 (0.377535% change)
    iteration   11: trace = 0.3955851854055498 (0.0974871% change)
    iteration   12: trace = 0.3953505920200936 (0.0593205% change)
    iteration   13: trace = 0.3952664708537766 (0.0212799% change)
    iteration   14: trace = 0.3952282553449954 (0.00966876% change)
    iteration   15: trace = 0.3952196472130222 (0.00217804% change)
    iteration   16: trace = 0.3952170205402279 (0.000664613% change)
    iteration   17: trace = 0.3952163769021238 (0.000162857% change)
    iteration   18: trace = 0.3952161099670297 (6.75415e-05% change)
    iteration   19: trace = 0.3952160090611723 (2.55318e-05% change)
    iteration   20: trace = 0.39521595668848 (1.32517e-05% change)
    iteration   21: trace = 0.3952159420251486 (3.71021e-06% change)
    iteration   22: trace = 0.3952159380322177 (1.01032e-06% change)
    iteration   23: trace = 0.395215937227936 (2.03504e-07% change)
    iteration   24: trace = 0.3952159370485289 (4.53947e-08% change)
    iteration   25: trace = 0.3952159369870962 (1.55441e-08% change)
    iteration   26: trace = 0.3952159369581107 (7.33409e-09% change)
Finished solving for bands 1 to 6 after 26 iterations.
tefreqs:, 1, -0.09, 0.14, 0, 0.143178, 0.0644814, 0.148907, 0.171583, 0.300844, 0.322464, 0.380729
elapsed time for k point: 2.0149660110473633
total elapsed time for run: 2.0497188568115234
done
Initializing eigensolver data
Computing 6 bands with 1e-10 tolerance
Working in 2 dimensions.
Grid size is 288 x 96 x 1.
Solving for 6 bands at a time.
Creating Maxwell data...
Mesh size is 3.
Lattice vectors:
     (3, 0, 0)
     (0, 1, 0)
     (0, 0, 1)
Cell volume = 3
Reciprocal lattice vectors (/ 2 pi):
     (0.333333, -0, 0)
     (-0, 1, -0)
     (0, -0, 1)
Geometric objects:
     block, center = (0,0,0)
          size (1e+20,1e+20,1)
          axes (1,0,0), (0,1,0), (0,0,1)
     prism, center = (0.00758889,-1.38778e-17,0.5)
          height 1, axis (0,0,1), sidewall angle: 0 radians, 4 vertices:
          (0.257589,0.25,0)
          (-0.242411,0.25,0)
          (-0.242411,-0.25,0)
          (0.257589,-0.25,0)
     prism, center = (1.00754,-1.38778e-17,0.5)
          height 1, axis (0,0,1), sidewall angle: 0 radians, 4 vertices:
          (1.25754,0.25,0)
          (0.757537,0.25,0)
          (0.757537,-0.25,0)
          (1.25754,-0.25,0)
     prism, center = (2.00831,-1.38778e-17,0.5)
          height 1, axis (0,0,1), sidewall angle: 0 radians, 4 vertices:
          (2.25831,0.25,0)
          (1.75831,0.25,0)
          (1.75831,-0.25,0)
          (2.25831,-0.25,0)
Geometric object tree has depth 2 and 21 object nodes (vs. 4 actual objects)
Initializing epsilon function...
Allocating fields...
Solving for band polarization: te.
Initializing fields to random numbers...
1 k-points
  Vector3<-0.09, 0.14, 0.0>
elapsed time for initialization: 0.03595614433288574
solve_kpoint (-0.09,0.14,0):
tefreqs:, k index, k1, k2, k3, kmag/2pi, te band 1, te band 2, te band 3, te band 4, te band 5, te band 6
Solving for bands 1 to 6...
    near maximum in trace
    iteration    1: trace = 2.327456371558258 (199.678% change)
    iteration    2: trace = 0.6436238953398882 (113.348% change)
    iteration    3: trace = 0.4519068996576207 (34.9998% change)
    iteration    4: trace = 0.4162711786049583 (8.20931% change)
    iteration    5: trace = 0.4020999766427502 (3.46327% change)
    iteration    6: trace = 0.398775693135514 (0.830162% change)
    iteration    7: trace = 0.3969351771729488 (0.462609% change)
    iteration    8: trace = 0.3960094508644091 (0.233491% change)
    iteration    9: trace = 0.3954785722887379 (0.134147% change)
    iteration   10: trace = 0.395359148361594 (0.0302019% change)
    iteration   11: trace = 0.3953182478681341 (0.0103457% change)
    iteration   12: trace = 0.3953060959136598 (0.00307401% change)
    iteration   13: trace = 0.3952986007497133 (0.00189606% change)
    iteration   14: trace = 0.3952962999605896 (0.00058204% change)
    iteration   15: trace = 0.3952955111573161 (0.000199548% change)
    iteration   16: trace = 0.3952953699989457 (3.57096e-05% change)
    iteration   17: trace = 0.3952953295811364 (1.02247e-05% change)
    iteration   18: trace = 0.3952953218845466 (1.94705e-06% change)
    iteration   19: trace = 0.3952953195351825 (5.94331e-07% change)
    iteration   20: trace = 0.3952953185940737 (2.38077e-07% change)
    iteration   21: trace = 0.3952953180335373 (1.41802e-07% change)
    iteration   22: trace = 0.3952953177939122 (6.06193e-08% change)
    iteration   23: trace = 0.3952953177143852 (2.01184e-08% change)
    iteration   24: trace = 0.3952953176946314 (4.99721e-09% change)
Finished solving for bands 1 to 6 after 24 iterations.
tefreqs:, 1, -0.09, 0.14, 0, 0.143178, 0.0644923, 0.148912, 0.171587, 0.300858, 0.32248, 0.380801
elapsed time for k point: 2.1594293117523193
total elapsed time for run: 2.195469617843628
done
Initializing eigensolver data
Computing 6 bands with 1e-10 tolerance
Working in 2 dimensions.
Grid size is 288 x 96 x 1.
Solving for 6 bands at a time.
Creating Maxwell data...
Mesh size is 3.
Lattice vectors:
     (3, 0, 0)
     (0, 1, 0)
     (0, 0, 1)
Cell volume = 3
Reciprocal lattice vectors (/ 2 pi):
     (0.333333, -0, 0)
     (-0, 1, -0)
     (0, -0, 1)
Geometric objects:
     block, center = (0,0,0)
          size (1e+20,1e+20,1)
          axes (1,0,0), (0,1,0), (0,0,1)
     prism, center = (0.00825971,-1.38778e-17,0.5)
          height 1, axis (0,0,1), sidewall angle: 0 radians, 4 vertices:
          (0.25826,0.25,0)
          (-0.24174,0.25,0)
          (-0.24174,-0.25,0)
          (0.25826,-0.25,0)
     prism, center = (1.00836,-1.38778e-17,0.5)
          height 1, axis (0,0,1), sidewall angle: 0 radians, 4 vertices:
          (1.25836,0.25,0)
          (0.758363,0.25,0)
          (0.758363,-0.25,0)
          (1.25836,-0.25,0)
     prism, center = (2.00681,-1.38778e-17,0.5)
          height 1, axis (0,0,1), sidewall angle: 0 radians, 4 vertices:
          (2.25681,0.25,0)
          (1.75681,0.25,0)
          (1.75681,-0.25,0)
          (2.25681,-0.25,0)
Geometric object tree has depth 2 and 21 object nodes (vs. 4 actual objects)
Initializing epsilon function...
Allocating fields...
Solving for band polarization: te.
Initializing fields to random numbers...
1 k-points
  Vector3<-0.09, 0.14, 0.0>
elapsed time for initialization: 0.037032365798950195
solve_kpoint (-0.09,0.14,0):
tefreqs:, k index, k1, k2, k3, kmag/2pi, te band 1, te band 2, te band 3, te band 4, te band 5, te band 6
Solving for bands 1 to 6...
    near maximum in trace
    iteration    1: trace = 2.030462509322077 (199.719% change)
    iteration    2: trace = 0.5503798702873657 (114.698% change)
    iteration    3: trace = 0.4712242104098967 (15.4963% change)
    iteration    4: trace = 0.4259462059491741 (10.0935% change)
    iteration    5: trace = 0.4105762678863327 (3.67472% change)
    iteration    6: trace = 0.4025064114500017 (1.985% change)
    iteration    7: trace = 0.3988725880760324 (0.906893% change)
    iteration    8: trace = 0.3962774953301342 (0.65273% change)
    iteration    9: trace = 0.3955957320061679 (0.17219% change)
    iteration   10: trace = 0.3953485119719276 (0.0625126% change)
    iteration   11: trace = 0.3952976630934315 (0.0128626% change)
    iteration   12: trace = 0.3952718198962274 (0.00653787% change)
    iteration   13: trace = 0.3952590814211316 (0.00322276% change)
    iteration   14: trace = 0.3952525236070623 (0.00165913% change)
    iteration   15: trace = 0.3952510911447992 (0.000362418% change)
    iteration   16: trace = 0.3952506477496646 (0.000112181% change)
    iteration   17: trace = 0.3952505329466929 (2.90456e-05% change)
    iteration   18: trace = 0.3952504811455938 (1.31059e-05% change)
    iteration   19: trace = 0.3952504605684604 (5.2061e-06% change)
    iteration   20: trace = 0.3952504509844662 (2.42479e-06% change)
    iteration   21: trace = 0.3952504485422251 (6.17897e-07% change)
    iteration   22: trace = 0.3952504478577984 (1.73163e-07% change)
    iteration   23: trace = 0.3952504476560436 (5.10448e-08% change)
    iteration   24: trace = 0.3952504475870642 (1.74521e-08% change)
    iteration   25: trace = 0.3952504475593446 (7.01319e-09% change)
Finished solving for bands 1 to 6 after 25 iterations.
tefreqs:, 1, -0.09, 0.14, 0, 0.143178, 0.0644858, 0.14891, 0.171585, 0.30085, 0.322474, 0.380758
elapsed time for k point: 2.2710459232330322
total elapsed time for run: 2.308161973953247
done
Initializing eigensolver data
Computing 6 bands with 1e-10 tolerance
Working in 2 dimensions.
Grid size is 288 x 96 x 1.
Solving for 6 bands at a time.
Creating Maxwell data...
Mesh size is 3.
Lattice vectors:
     (3, 0, 0)
     (0, 1, 0)
     (0, 0, 1)
Cell volume = 3
Reciprocal lattice vectors (/ 2 pi):
     (0.333333, -0, 0)
     (-0, 1, -0)
     (0, -0, 1)
Geometric objects:
     block, center = (0,0,0)
          size (1e+20,1e+20,1)
          axes (1,0,0), (0,1,0), (0,0,1)
     prism, center = (0.00736529,-1.38778e-17,0.5)
          height 1, axis (0,0,1), sidewall angle: 0 radians, 4 vertices:
          (0.257365,0.25,0)
          (-0.242635,0.25,0)
          (-0.242635,-0.25,0)
          (0.257365,-0.25,0)
     prism, center = (1.00726,-1.38778e-17,0.5)
          height 1, axis (0,0,1), sidewall angle: 0 radians, 4 vertices:
          (1.25726,0.25,0)
          (0.757262,0.25,0)
          (0.757262,-0.25,0)
          (1.25726,-0.25,0)
     prism, center = (2.00881,-1.38778e-17,0.5)
          height 1, axis (0,0,1), sidewall angle: 0 radians, 4 vertices:
          (2.25881,0.25,0)
          (1.75881,0.25,0)
          (1.75881,-0.25,0)
          (2.25881,-0.25,0)
Geometric object tree has depth 2 and 21 object nodes (vs. 4 actual objects)
Initializing epsilon function...
Allocating fields...
Solving for band polarization: te.
Initializing fields to random numbers...
1 k-points
  Vector3<-0.09, 0.14, 0.0>
elapsed time for initialization: 0.03798198699951172
solve_kpoint (-0.09,0.14,0):
tefreqs:, k index, k1, k2, k3, kmag/2pi, te band 1, te band 2, te band 3, te band 4, te band 5, te band 6
Solving for bands 1 to 6...
    near maximum in trace
    iteration    1: trace = 1.952834175723479 (199.731% change)
    iteration    2: trace = 0.4859959578029557 (120.29% change)
    iteration    3: trace = 0.4303048901866573 (12.1556% change)
    iteration    4: trace = 0.4127982763881516 (4.1529% change)
    iteration    5: trace = 0.4065346553237086 (1.52896% change)
    iteration    6: trace = 0.4013306410138719 (1.28834% change)
    iteration    7: trace = 0.3983110232612918 (0.755243% change)
    iteration    8: trace = 0.3960664566385368 (0.565113% change)
    iteration    9: trace = 0.3955187506207319 (0.138382% change)
    iteration   10: trace = 0.3953439522865819 (0.0442045% change)
    iteration   11: trace = 0.3953061493095104 (0.0095625% change)
    iteration   12: trace = 0.3952856768559603 (0.00517902% change)
    iteration   13: trace = 0.3952769805036398 (0.00220004% change)
    iteration   14: trace = 0.3952728093814151 (0.00105525% change)
    iteration   15: trace = 0.3952718329144539 (0.000247037% change)
    iteration   16: trace = 0.3952715272729128 (7.73244e-05% change)
    iteration   17: trace = 0.3952714503937557 (1.94497e-05% change)
    iteration   18: trace = 0.3952714237534881 (6.73974e-06% change)
    iteration   19: trace = 0.3952714142621558 (2.40122e-06% change)
    iteration   20: trace = 0.3952714093183557 (1.25074e-06% change)
    iteration   21: trace = 0.3952714078529892 (3.70724e-07% change)
    iteration   22: trace = 0.395271407556788 (7.49361e-08% change)
    iteration   23: trace = 0.3952714074857901 (1.79618e-08% change)
    iteration   24: trace = 0.3952714074660701 (4.98898e-09% change)
Finished solving for bands 1 to 6 after 24 iterations.
tefreqs:, 1, -0.09, 0.14, 0, 0.143178, 0.0644894, 0.14891, 0.171586, 0.300852, 0.322475, 0.380781
elapsed time for k point: 2.4140264987945557
total elapsed time for run: 2.4521002769470215
done
Initializing eigensolver data
Computing 6 bands with 1e-10 tolerance
Working in 2 dimensions.
Grid size is 288 x 96 x 1.
Solving for 6 bands at a time.
Creating Maxwell data...
Mesh size is 3.
Lattice vectors:
     (3, 0, 0)
     (0, 1, 0)
     (0, 0, 1)
Cell volume = 3
Reciprocal lattice vectors (/ 2 pi):
     (0.333333, -0, 0)
     (-0, 1, -0)
     (0, -0, 1)
Geometric objects:
     block, center = (0,0,0)
          size (1e+20,1e+20,1)
          axes (1,0,0), (0,1,0), (0,0,1)
     prism, center = (0.00870693,-1.38778e-17,0.5)
          height 1, axis (0,0,1), sidewall angle: 0 radians, 4 vertices:
          (0.258707,0.25,0)
          (-0.241293,0.25,0)
          (-0.241293,-0.25,0)
          (0.258707,-0.25,0)
     prism, center = (1.00891,-1.38778e-17,0.5)
          height 1, axis (0,0,1), sidewall angle: 0 radians, 4 vertices:
          (1.25891,0.25,0)
          (0.758914,0.25,0)
          (0.758914,-0.25,0)
          (1.25891,-0.25,0)
     prism, center = (2.00582,-1.38778e-17,0.5)
          height 1, axis (0,0,1), sidewall angle: 0 radians, 4 vertices:
          (2.25582,0.25,0)
          (1.75582,0.25,0)
          (1.75582,-0.25,0)
          (2.25582,-0.25,0)
Geometric object tree has depth 2 and 21 object nodes (vs. 4 actual objects)
Initializing epsilon function...
Allocating fields...
Solving for band polarization: te.
Initializing fields to random numbers...
1 k-points
  Vector3<-0.09, 0.14, 0.0>
elapsed time for initialization: 0.040660858154296875
solve_kpoint (-0.09,0.14,0):
tefreqs:, k index, k1, k2, k3, kmag/2pi, te band 1, te band 2, te band 3, te band 4, te band 5, te band 6
Solving for bands 1 to 6...
    near maximum in trace
    iteration    1: trace = 2.101932744531462 (199.709% change)
    iteration    2: trace = 0.5207845562643619 (120.573% change)
    iteration    3: trace = 0.4371050879332911 (17.4716% change)
    iteration    4: trace = 0.4095370436299329 (6.51233% change)
    iteration    5: trace = 0.4020072931430972 (1.85566% change)
    iteration    6: trace = 0.39817777758697 (0.957157% change)
    iteration    7: trace = 0.3967769148179679 (0.352438% change)
    iteration    8: trace = 0.395794203033144 (0.247981% change)
    iteration    9: trace = 0.3955122768258226 (0.0712559% change)
    iteration   10: trace = 0.395418959066039 (0.0235969% change)
    iteration   11: trace = 0.3954018022589721 (0.00433899% change)
    iteration   12: trace = 0.3953953941413316 (0.00162067% change)
    iteration   13: trace = 0.3953924965407003 (0.000732839% change)
    iteration   14: trace = 0.3953908681529663 (0.000411842% change)
    iteration   15: trace = 0.3953904567818491 (0.000104042% change)
    iteration   16: trace = 0.3953903504440925 (2.68944e-05% change)
    iteration   17: trace = 0.395390317410829 (8.3546e-06% change)
    iteration   18: trace = 0.3953903004882821 (4.27996e-06% change)
    iteration   19: trace = 0.3953902924589981 (2.03072e-06% change)
    iteration   20: trace = 0.3953902892798042 (8.04065e-07% change)
    iteration   21: trace = 0.3953902883003793 (2.47711e-07% change)
    iteration   22: trace = 0.395390288087875 (5.37455e-08% change)
    iteration   23: trace = 0.3953902880384419 (1.25023e-08% change)
    iteration   24: trace = 0.3953902880288054 (2.4372e-09% change)
Finished solving for bands 1 to 6 after 24 iterations.
tefreqs:, 1, -0.09, 0.14, 0, 0.143178, 0.064505, 0.14892, 0.171595, 0.300874, 0.322507, 0.380882
elapsed time for k point: 2.34375262260437
total elapsed time for run: 2.384516477584839
done
Initializing eigensolver data
Computing 6 bands with 1e-10 tolerance
Working in 2 dimensions.
Grid size is 288 x 96 x 1.
Solving for 6 bands at a time.
Creating Maxwell data...
Mesh size is 3.
Lattice vectors:
     (3, 0, 0)
     (0, 1, 0)
     (0, 0, 1)
Cell volume = 3
Reciprocal lattice vectors (/ 2 pi):
     (0.333333, -0, 0)
     (-0, 1, -0)
     (0, -0, 1)
Geometric objects:
     block, center = (0,0,0)
          size (1e+20,1e+20,1)
          axes (1,0,0), (0,1,0), (0,0,1)
     prism, center = (0.00691807,-1.38778e-17,0.5)
          height 1, axis (0,0,1), sidewall angle: 0 radians, 4 vertices:
          (0.256918,0.25,0)
          (-0.243082,0.25,0)
          (-0.243082,-0.25,0)
          (0.256918,-0.25,0)
     prism, center = (1.00671,-1.38778e-17,0.5)
          height 1, axis (0,0,1), sidewall angle: 0 radians, 4 vertices:
          (1.25671,0.25,0)
          (0.756711,0.25,0)
          (0.756711,-0.25,0)
          (1.25671,-0.25,0)
     prism, center = (2.00981,-1.38778e-17,0.5)
          height 1, axis (0,0,1), sidewall angle: 0 radians, 4 vertices:
          (2.25981,0.25,0)
          (1.75981,0.25,0)
          (1.75981,-0.25,0)
          (2.25981,-0.25,0)
Geometric object tree has depth 2 and 21 object nodes (vs. 4 actual objects)
Initializing epsilon function...
Allocating fields...
Solving for band polarization: te.
Initializing fields to random numbers...
1 k-points
  Vector3<-0.09, 0.14, 0.0>
elapsed time for initialization: 0.0300600528717041
solve_kpoint (-0.09,0.14,0):
tefreqs:, k index, k1, k2, k3, kmag/2pi, te band 1, te band 2, te band 3, te band 4, te band 5, te band 6
Solving for bands 1 to 6...
    near maximum in trace
    iteration    1: trace = 2.487073762524896 (199.658% change)
    iteration    2: trace = 0.6885265386567374 (113.273% change)
    iteration    3: trace = 0.4851592515263876 (34.6545% change)
    iteration    4: trace = 0.4295868643617649 (12.1503% change)
    iteration    5: trace = 0.4091160902317189 (4.88153% change)
    iteration    6: trace = 0.4019414408562731 (1.76921% change)
    iteration    7: trace = 0.3982183992865087 (0.930574% change)
    iteration    8: trace = 0.3965155475945494 (0.428534% change)
    iteration    9: trace = 0.3956047433477993 (0.229966% change)
    iteration   10: trace = 0.3953398833102758 (0.0669731% change)
    iteration   11: trace = 0.3952650878809901 (0.0189211% change)
    iteration   12: trace = 0.3952486032314956 (0.00417062% change)
    iteration   13: trace = 0.3952430284242576 (0.00141047% change)
    iteration   14: trace = 0.3952409919771306 (0.000515241% change)
    iteration   15: trace = 0.3952401267185742 (0.000218919% change)
    iteration   16: trace = 0.3952398302317937 (7.50144e-05% change)
    iteration   17: trace = 0.3952397343739946 (2.42531e-05% change)
    iteration   18: trace = 0.3952397090974907 (6.39523e-06% change)
    iteration   19: trace = 0.395239701923359 (1.81513e-06% change)
    iteration   20: trace = 0.3952396984530224 (8.78033e-07% change)
    iteration   21: trace = 0.3952396964923763 (4.96065e-07% change)
    iteration   22: trace = 0.3952396956797688 (2.05599e-07% change)
    iteration   23: trace = 0.3952396954750614 (5.17932e-08% change)
    iteration   24: trace = 0.3952396954248956 (1.26925e-08% change)
    iteration   25: trace = 0.3952396954119964 (3.26362e-09% change)
Finished solving for bands 1 to 6 after 25 iterations.
tefreqs:, 1, -0.09, 0.14, 0, 0.143178, 0.0644847, 0.148909, 0.171585, 0.300844, 0.322474, 0.380749
elapsed time for k point: 2.83341646194458
total elapsed time for run: 2.863644599914551
done
Initializing eigensolver data
Computing 12 bands with 1e-10 tolerance
Working in 2 dimensions.
Grid size is 288 x 96 x 1.
Solving for 6 bands at a time.
Creating Maxwell data...
Mesh size is 3.
Lattice vectors:
     (3, 0, 0)
     (0, 1, 0)
     (0, 0, 1)
Cell volume = 3
Reciprocal lattice vectors (/ 2 pi):
     (0.333333, -0, 0)
     (-0, 1, -0)
     (0, -0, 1)
Geometric objects:
     block, center = (0,0,0)
          size (1e+20,1e+20,1)
          axes (1,0,0), (0,1,0), (0,0,1)
     prism, center = (-2.08167e-17,-1.38778e-17,0.5)
          height 1, axis (0,0,1), sidewall angle: 0 radians, 4 vertices:
          (0.25,0.25,0)
          (-0.25,0.25,0)
          (-0.25,-0.25,0)
          (0.25,-0.25,0)
     prism, center = (1,-1.38778e-17,0.5)
          height 1, axis (0,0,1), sidewall angle: 0 radians, 4 vertices:
          (1.25,0.25,0)
          (0.75,0.25,0)
          (0.75,-0.25,0)
          (1.25,-0.25,0)
     prism, center = (2,-1.38778e-17,0.5)
          height 1, axis (0,0,1), sidewall angle: 0 radians, 4 vertices:
          (2.25,0.25,0)
          (1.75,0.25,0)
          (1.75,-0.25,0)
          (2.25,-0.25,0)
Geometric object tree has depth 2 and 21 object nodes (vs. 4 actual objects)
Initializing epsilon function...
Allocating fields...
Solving for band polarization: te.
Initializing fields to random numbers...
1 k-points
  Vector3<-0.09, 0.14, 0.0>
elapsed time for initialization: 0.06237602233886719
solve_kpoint (-0.09,0.14,0):
tefreqs:, k index, k1, k2, k3, kmag/2pi, te band 1, te band 2, te band 3, te band 4, te band 5, te band 6, te band 7, te band 8, te band 9, te band 10, te band 11, te band 12
Solving for bands 1 to 6...
    near maximum in trace
    iteration    1: trace = 2.053745209065881 (199.717% change)
    iteration    2: trace = 0.5059779634989674 (120.932% change)
    iteration    3: trace = 0.4411060262794289 (13.6993% change)
    iteration    4: trace = 0.4183044377998072 (5.30633% change)
    iteration    5: trace = 0.411388435535328 (1.66712% change)
    iteration    6: trace = 0.4053797626172037 (1.47133% change)
    iteration    7: trace = 0.4010448826507562 (1.07509% change)
    iteration    8: trace = 0.39732437908201 (0.932026% change)
    iteration    9: trace = 0.3961671431818208 (0.291682% change)
    iteration   10: trace = 0.3957549398137356 (0.104102% change)
    iteration   11: trace = 0.3956745858567694 (0.020306% change)
    iteration   12: trace = 0.3956322299807772 (0.0107053% change)
    iteration   13: trace = 0.3956155182947816 (0.00422413% change)
    iteration   14: trace = 0.3956068700094627 (0.00218606% change)
    iteration   15: trace = 0.3956044865421177 (0.000602486% change)
    iteration   16: trace = 0.3956037233509219 (0.000192918% change)
    iteration   17: trace = 0.3956035596704059 (4.13749e-05% change)
    iteration   18: trace = 0.3956035058077539 (1.36153e-05% change)
    iteration   19: trace = 0.3956034872954129 (4.67952e-06% change)
    iteration   20: trace = 0.3956034774632082 (2.48537e-06% change)
    iteration   21: trace = 0.3956034741999753 (8.24875e-07% change)
    iteration   22: trace = 0.3956034733418538 (2.16915e-07% change)
    iteration   23: trace = 0.3956034731397582 (5.10854e-08% change)
    iteration   24: trace = 0.3956034730862792 (1.35183e-08% change)
    iteration   25: trace = 0.3956034730609567 (6.401e-09% change)
Finished solving for bands 1 to 6 after 25 iterations.
Solving for bands 7 to 12...
    near maximum in trace
    iteration    1: trace = 6.517703775585906 (199.103% change)
    iteration    2: trace = 1.614832695486013 (120.574% change)
    iteration    3: trace = 1.360536151486771 (17.0934% change)
    iteration    4: trace = 1.280423842169113 (6.06691% change)
    iteration    5: trace = 1.253770223612622 (2.10352% change)
    iteration    6: trace = 1.240594155417103 (1.05647% change)
    iteration    7: trace = 1.232846004645328 (0.626508% change)
    iteration    8: trace = 1.225572215831606 (0.591745% change)
    iteration    9: trace = 1.22110038250958 (0.365544% change)
    iteration   10: trace = 1.21819303567184 (0.238376% change)
    iteration   11: trace = 1.21683519329985 (0.111526% change)
    iteration   12: trace = 1.216020714245772 (0.0669566% change)
    iteration   13: trace = 1.215452413021622 (0.0467454% change)
    iteration   14: trace = 1.214642840802467 (0.0666288% change)
    iteration   15: trace = 1.213932467067696 (0.0585013% change)
    iteration   16: trace = 1.213359109681878 (0.0472426% change)
    iteration   17: trace = 1.212916287053332 (0.0365023% change)
    iteration   18: trace = 1.21246651377494 (0.0370888% change)
    iteration   19: trace = 1.212177440091643 (0.0238446% change)
    iteration   20: trace = 1.211934283354888 (0.0200615% change)
    iteration   21: trace = 1.211791033935135 (0.0118206% change)
    iteration   22: trace = 1.211711527555953 (0.00656128% change)
    iteration   23: trace = 1.211678278368166 (0.00274402% change)
    iteration   24: trace = 1.211655806995216 (0.00185458% change)
    iteration   25: trace = 1.211645582154989 (0.000843877% change)
    iteration   26: trace = 1.211641369874469 (0.00034765% change)
    iteration   27: trace = 1.211640154369602 (0.000100319% change)
    iteration   28: trace = 1.211639678024743 (3.93141e-05% change)
    iteration   29: trace = 1.211639494892867 (1.51144e-05% change)
    iteration   30: trace = 1.211639402846686 (7.59683e-06% change)
    iteration   31: trace = 1.21163935313725 (4.10266e-06% change)
    iteration   32: trace = 1.211639320989214 (2.65327e-06% change)
    iteration   33: trace = 1.21163930679223 (1.17172e-06% change)
    iteration   34: trace = 1.211639301361138 (4.48243e-07% change)
    iteration   35: trace = 1.211639298582702 (2.29312e-07% change)
    iteration   36: trace = 1.211639295997563 (2.13359e-07% change)
    iteration   37: trace = 1.211639293908955 (1.72379e-07% change)
    iteration   38: trace = 1.211639292753867 (9.53327e-08% change)
    iteration   39: trace = 1.211639292172001 (4.8023e-08% change)
    iteration   40: trace = 1.211639291780471 (3.23141e-08% change)
    iteration   41: trace = 1.211639291448216 (2.74219e-08% change)
    iteration   42: trace = 1.211639291120345 (2.70601e-08% change)
    iteration   43: trace = 1.211639290853627 (2.2013e-08% change)
    iteration   44: trace = 1.21163929072999 (1.02041e-08% change)
    iteration   45: trace = 1.211639290681593 (3.99433e-09% change)
Finished solving for bands 7 to 12 after 45 iterations.
Finished k-point with 35 mean iterations/band.
tefreqs:, 1, -0.09, 0.14, 0, 0.143178, 0.0645265, 0.148941, 0.171613, 0.300941, 0.322567, 0.381039, 0.409868, 0.416721, 0.425944, 0.467676, 0.479618, 0.489701
elapsed time for k point: 9.135632038116455
total elapsed time for run: 9.198200702667236
done
Initializing eigensolver data
Computing 12 bands with 1e-10 tolerance
Working in 2 dimensions.
Grid size is 288 x 96 x 1.
Solving for 6 bands at a time.
Creating Maxwell data...
Mesh size is 3.
Lattice vectors:
     (3, 0, 0)
     (0, 1, 0)
     (0, 0, 1)
Cell volume = 3
Reciprocal lattice vectors (/ 2 pi):
     (0.333333, -0, 0)
     (-0, 1, -0)
     (0, -0, 1)
Geometric objects:
     block, center = (0,0,0)
          size (1e+20,1e+20,1)
          axes (1,0,0), (0,1,0), (0,0,1)
     prism, center = (-2.08167e-17,-1.38778e-17,0.5)
          height 1, axis (0,0,1), sidewall angle: 0 radians, 4 vertices:
          (0.25,0.25,0)
          (-0.25,0.25,0)
          (-0.25,-0.25,0)
          (0.25,-0.25,0)
     prism, center = (1,-1.38778e-17,0.5)
          height 1, axis (0,0,1), sidewall angle: 0 radians, 4 vertices:
          (1.25,0.25,0)
          (0.75,0.25,0)
          (0.75,-0.25,0)
          (1.25,-0.25,0)
     prism, center = (2,-1.38778e-17,0.5)
          height 1, axis (0,0,1), sidewall angle: 0 radians, 4 vertices:
          (2.25,0.25,0)
          (1.75,0.25,0)
          (1.75,-0.25,0)
          (2.25,-0.25,0)
Geometric object tree has depth 2 and 21 object nodes (vs. 4 actual objects)
Initializing epsilon function...
Allocating fields...
Solving for band polarization: te.
Initializing fields to random numbers...
1 k-points
  Vector3<-0.09, 0.14, 0.0>
elapsed time for initialization: 0.08940982818603516
solve_kpoint (-0.09,0.14,0):
tefreqs:, k index, k1, k2, k3, kmag/2pi, te band 1, te band 2, te band 3, te band 4, te band 5, te band 6, te band 7, te band 8, te band 9, te band 10, te band 11, te band 12
Solving for bands 1 to 6...
    near maximum in trace
    iteration    1: trace = 2.085513509096176 (199.711% change)
    iteration    2: trace = 0.5118527238437469 (121.174% change)
    iteration    3: trace = 0.4368931330799806 (15.8018% change)
    iteration    4: trace = 0.4092806124377862 (6.52644% change)
    iteration    5: trace = 0.4011281654501334 (2.01193% change)
    iteration    6: trace = 0.3975657819323203 (0.892052% change)
    iteration    7: trace = 0.3965119968305783 (0.265411% change)
    iteration    8: trace = 0.39588129284042 (0.15919% change)
    iteration    9: trace = 0.3957013515143946 (0.0454637% change)
    iteration   10: trace = 0.3956258100874886 (0.0190923% change)
    iteration   11: trace = 0.3956114617201094 (0.00362682% change)
    iteration   12: trace = 0.3956064589188248 (0.00126458% change)
    iteration   13: trace = 0.3956049141953227 (0.00039047% change)
    iteration   14: trace = 0.3956039831007962 (0.00023536% change)
    iteration   15: trace = 0.39560365131526 (8.38681e-05% change)
    iteration   16: trace = 0.3956035183777002 (3.36037e-05% change)
    iteration   17: trace = 0.3956034881159239 (7.64952e-06% change)
    iteration   18: trace = 0.3956034789823443 (2.30877e-06% change)
    iteration   19: trace = 0.3956034760101197 (7.51314e-07% change)
    iteration   20: trace = 0.3956034741738142 (4.64178e-07% change)
    iteration   21: trace = 0.3956034733616625 (2.05294e-07% change)
    iteration   22: trace = 0.3956034731133111 (6.27778e-08% change)
    iteration   23: trace = 0.3956034730532842 (1.51735e-08% change)
    iteration   24: trace = 0.3956034730432589 (2.5342e-09% change)
Finished solving for bands 1 to 6 after 24 iterations.
Solving for bands 7 to 12...
    near maximum in trace
    iteration    1: trace = 6.354153017224689 (199.121% change)
    iteration    2: trace = 1.583043225571265 (120.222% change)
    iteration    3: trace = 1.325140789555376 (17.7363% change)
    iteration    4: trace = 1.254602777260827 (5.46861% change)
    iteration    5: trace = 1.233983491520808 (1.65711% change)
    iteration    6: trace = 1.225712658590473 (0.672509% change)
    iteration    7: trace = 1.22165769101341 (0.331373% change)
    iteration    8: trace = 1.218146003829051 (0.287866% change)
    iteration    9: trace = 1.215769056678327 (0.195319% change)
    iteration   10: trace = 1.213955537560571 (0.149278% change)
    iteration   11: trace = 1.213127990369876 (0.0681927% change)
    iteration   12: trace = 1.212682870041405 (0.0366987% change)
    iteration   13: trace = 1.212440894103618 (0.0199558% change)
    iteration   14: trace = 1.212184733386562 (0.0211299% change)
    iteration   15: trace = 1.212025535474148 (0.013134% change)
    iteration   16: trace = 1.211919040946596 (0.00878688% change)
    iteration   17: trace = 1.211854070096162 (0.00536113% change)
    iteration   18: trace = 1.211783399533647 (0.00583178% change)
    iteration   19: trace = 1.211729556712012 (0.00444337% change)
    iteration   20: trace = 1.211681582074355 (0.00395927% change)
    iteration   21: trace = 1.211657959398182 (0.0019496% change)
    iteration   22: trace = 1.211646399525602 (0.000954059% change)
    iteration   23: trace = 1.211642623582275 (0.000311638% change)
    iteration   24: trace = 1.211640649767993 (0.000162904% change)
    iteration   25: trace = 1.211639864627598 (6.47998e-05% change)
    iteration   26: trace = 1.211639492289021 (3.07301e-05% change)
    iteration   27: trace = 1.211639380428014 (9.2322e-06% change)
    iteration   28: trace = 1.211639334085237 (3.8248e-06% change)
    iteration   29: trace = 1.211639316118222 (1.48287e-06% change)
    iteration   30: trace = 1.211639306064627 (8.29751e-07% change)
    iteration   31: trace = 1.21163930071864 (4.41219e-07% change)
    iteration   32: trace = 1.211639295960704 (3.92686e-07% change)
    iteration   33: trace = 1.211639293168046 (2.30486e-07% change)
    iteration   34: trace = 1.211639292049072 (9.23521e-08% change)
    iteration   35: trace = 1.211639291676258 (3.07694e-08% change)
    iteration   36: trace = 1.211639291428142 (2.04777e-08% change)
    iteration   37: trace = 1.21163929120584 (1.83472e-08% change)
    iteration   38: trace = 1.211639291025878 (1.48528e-08% change)
    iteration   39: trace = 1.211639290912763 (9.33567e-09% change)
Finished solving for bands 7 to 12 after 39 iterations.
Finished k-point with 31.5 mean iterations/band.
tefreqs:, 1, -0.09, 0.14, 0, 0.143178, 0.0645265, 0.148941, 0.171613, 0.300941, 0.322567, 0.381039, 0.409868, 0.416721, 0.425944, 0.467676, 0.479618, 0.489701
elapsed time for k point: 9.149177551269531
total elapsed time for run: 9.238705158233643
done
Initializing eigensolver data
Computing 6 bands with 1e-10 tolerance
Working in 2 dimensions.
Grid size is 288 x 96 x 1.
Solving for 6 bands at a time.
Creating Maxwell data...
Mesh size is 3.
Lattice vectors:
     (3, 0, 0)
     (0, 1, 0)
     (0, 0, 1)
Cell volume = 3
Reciprocal lattice vectors (/ 2 pi):
     (0.333333, -0, 0)
     (-0, 1, -0)
     (0, -0, 1)
Geometric objects:
     block, center = (0,0,0)
          size (1e+20,1e+20,1)
          axes (1,0,0), (0,1,0), (0,0,1)
     prism, center = (0,0,0.5)
          height 1, axis (0,0,1), sidewall angle: 0 radians, 4 vertices:
          (-0.25,-0.25,0)
          (-0.25,0.25,0)
          (0.25,0.25,0)
          (0.25,-0.25,0)
     prism, center = (1.001,0,0.5)
          height 1, axis (0,0,1), sidewall angle: 0 radians, 4 vertices:
          (0.751,-0.25,0)
          (0.751,0.25,0)
          (1.251,0.25,0)
          (1.251,-0.25,0)
     prism, center = (2,0,0.5)
          height 1, axis (0,0,1), sidewall angle: 0 radians, 4 vertices:
          (1.75,-0.25,0)
          (1.75,0.25,0)
          (2.25,0.25,0)
          (2.25,-0.25,0)
Geometric object tree has depth 2 and 21 object nodes (vs. 4 actual objects)
Initializing epsilon function...
Allocating fields...
Solving for band polarization: te.
Initializing fields to random numbers...
1 k-points
  Vector3<-0.09, 0.14, 0.0>
elapsed time for initialization: 0.056633710861206055
solve_kpoint (-0.09,0.14,0):
tefreqs:, k index, k1, k2, k3, kmag/2pi, te band 1, te band 2, te band 3, te band 4, te band 5, te band 6
Solving for bands 1 to 6...
    near maximum in trace
    iteration    1: trace = 1.997894844478782 (199.725% change)
    iteration    2: trace = 0.5350281163626064 (115.508% change)
    iteration    3: trace = 0.451634368760112 (16.9042% change)
    iteration    4: trace = 0.424655209950656 (6.15759% change)
    iteration    5: trace = 0.415145770196302 (2.26469% change)
    iteration    6: trace = 0.4071382470647905 (1.94763% change)
    iteration    7: trace = 0.4021766846266613 (1.22611% change)
    iteration    8: trace = 0.3981973644028047 (0.994365% change)
    iteration    9: trace = 0.3969825985192879 (0.305532% change)
    iteration   10: trace = 0.3965780260028942 (0.101964% change)
    iteration   11: trace = 0.3964926349971344 (0.0215343% change)
    iteration   12: trace = 0.3964526958262486 (0.0100736% change)
    iteration   13: trace = 0.396434786833983 (0.00451741% change)
    iteration   14: trace = 0.3964262731659855 (0.00214758% change)
    iteration   15: trace = 0.3964238358783632 (0.000614817% change)
    iteration   16: trace = 0.3964231112278201 (0.000182797% change)
    iteration   17: trace = 0.3964228811499932 (5.80385e-05% change)
    iteration   18: trace = 0.3964227757859564 (2.65787e-05% change)
    iteration   19: trace = 0.3964227274749271 (1.21867e-05% change)
    iteration   20: trace = 0.39642270828718 (4.84022e-06% change)
    iteration   21: trace = 0.3964227031932201 (1.28498e-06% change)
    iteration   22: trace = 0.3964227021318356 (2.67741e-07% change)
    iteration   23: trace = 0.3964227018743785 (6.49451e-08% change)
    iteration   24: trace = 0.396422701826505 (1.20764e-08% change)
    iteration   25: trace = 0.3964227018073152 (4.84073e-09% change)
Finished solving for bands 1 to 6 after 25 iterations.
tefreqs:, 1, -0.09, 0.14, 0, 0.143178, 0.0645155, 0.149085, 0.171764, 0.301522, 0.323124, 0.38106
elapsed time for k point: 3.91483473777771
total elapsed time for run: 3.971550226211548
done
Initializing eigensolver data
Computing 6 bands with 1e-10 tolerance
Working in 2 dimensions.
Grid size is 288 x 96 x 1.
Solving for 6 bands at a time.
Creating Maxwell data...
Mesh size is 3.
Lattice vectors:
     (3, 0, 0)
     (0, 1, 0)
     (0, 0, 1)
Cell volume = 3
Reciprocal lattice vectors (/ 2 pi):
     (0.333333, -0, 0)
     (-0, 1, -0)
     (0, -0, 1)
Geometric objects:
     block, center = (0,0,0)
          size (1e+20,1e+20,1)
          axes (1,0,0), (0,1,0), (0,0,1)
     prism, center = (0,0,0.5)
          height 1, axis (0,0,1), sidewall angle: 0 radians, 4 vertices:
          (-0.25,-0.25,0)
          (-0.25,0.25,0)
          (0.25,0.25,0)
          (0.25,-0.25,0)
     prism, center = (1.001,0,0.5)
          height 1, axis (0,0,1), sidewall angle: 0 radians, 4 vertices:
          (0.751,-0.25,0)
          (0.751,0.25,0)
          (1.251,0.25,0)
          (1.251,-0.25,0)
     prism, center = (2,0,0.5)
          height 1, axis (0,0,1), sidewall angle: 0 radians, 4 vertices:
          (1.75,-0.25,0)
          (1.75,0.25,0)
          (2.25,0.25,0)
          (2.25,-0.25,0)
Geometric object tree has depth 2 and 21 object nodes (vs. 4 actual objects)
Initializing epsilon function...
Allocating fields...
Solving for band polarization: te.
Initializing fields to random numbers...
1 k-points
  Vector3<-0.09, 0.14, 0.0>
elapsed time for initialization: 0.05785799026489258
solve_kpoint (-0.09,0.14,0):
tefreqs:, k index, k1, k2, k3, kmag/2pi, te band 1, te band 2, te band 3, te band 4, te band 5, te band 6
Solving for bands 1 to 6...
    near maximum in trace
    iteration    1: trace = 1.949631818571507 (199.731% change)
    iteration    2: trace = 0.4965535839163319 (118.804% change)
    iteration    3: trace = 0.4309228662145311 (14.1525% change)
    iteration    4: trace = 0.4080504074351103 (5.45249% change)
    iteration    5: trace = 0.4014185358390674 (1.63857% change)
    iteration    6: trace = 0.3982809193473916 (0.784699% change)
    iteration    7: trace = 0.3973303101704168 (0.238963% change)
    iteration    8: trace = 0.3966918866054023 (0.160807% change)
    iteration    9: trace = 0.396509373324697 (0.0460194% change)
    iteration   10: trace = 0.3964420299350128 (0.0169855% change)
    iteration   11: trace = 0.3964293392325525 (0.0032012% change)
    iteration   12: trace = 0.3964249509093446 (0.00110697% change)
    iteration   13: trace = 0.3964236848433003 (0.000319371% change)
    iteration   14: trace = 0.3964230567145064 (0.000158449% change)
    iteration   15: trace = 0.3964228283309572 (5.76111e-05% change)
    iteration   16: trace = 0.3964227347232713 (2.36131e-05% change)
    iteration   17: trace = 0.3964227134955978 (5.35481e-06% change)
    iteration   18: trace = 0.3964227070031867 (1.63775e-06% change)
    iteration   19: trace = 0.3964227043844081 (6.60603e-07% change)
    iteration   20: trace = 0.3964227027213409 (4.19519e-07% change)
    iteration   21: trace = 0.3964227020199085 (1.76941e-07% change)
    iteration   22: trace = 0.3964227018449528 (4.41336e-08% change)
    iteration   23: trace = 0.3964227018043796 (1.02348e-08% change)
    iteration   24: trace = 0.396422701797237 (1.80177e-09% change)
Finished solving for bands 1 to 6 after 24 iterations.
tefreqs:, 1, -0.09, 0.14, 0, 0.143178, 0.0645155, 0.149085, 0.171764, 0.301522, 0.323124, 0.38106
elapsed time for k point: 3.6661691665649414
total elapsed time for run: 3.7241413593292236
done
Initializing eigensolver data
Computing 6 bands with 1e-10 tolerance
Working in 2 dimensions.
Grid size is 288 x 96 x 1.
Solving for 6 bands at a time.
Creating Maxwell data...
Mesh size is 3.
Lattice vectors:
     (3, 0, 0)
     (0, 1, 0)
     (0, 0, 1)
Cell volume = 3
Reciprocal lattice vectors (/ 2 pi):
     (0.333333, -0, 0)
     (-0, 1, -0)
     (0, -0, 1)
Geometric objects:
     block, center = (0,0,0)
          size (1e+20,1e+20,1)
          axes (1,0,0), (0,1,0), (0,0,1)
     prism, center = (0.000447214,-1.38778e-17,0.5)
          height 1, axis (0,0,1), sidewall angle: 0 radians, 4 vertices:
          (0.250447,0.25,0)
          (-0.249553,0.25,0)
          (-0.249553,-0.25,0)
          (0.250447,-0.25,0)
     prism, center = (1.00055,-1.38778e-17,0.5)
          height 1, axis (0,0,1), sidewall angle: 0 radians, 4 vertices:
          (1.25055,0.25,0)
          (0.750551,0.25,0)
          (0.750551,-0.25,0)
          (1.25055,-0.25,0)
     prism, center = (1.999,-1.38778e-17,0.5)
          height 1, axis (0,0,1), sidewall angle: 0 radians, 4 vertices:
          (2.249,0.25,0)
          (1.749,0.25,0)
          (1.749,-0.25,0)
          (2.249,-0.25,0)
Geometric object tree has depth 2 and 21 object nodes (vs. 4 actual objects)
Initializing epsilon function...
Allocating fields...
Solving for band polarization: te.
Initializing fields to random numbers...
1 k-points
  Vector3<-0.09, 0.14, 0.0>
elapsed time for initialization: 0.06130409240722656
solve_kpoint (-0.09,0.14,0):
tefreqs:, k index, k1, k2, k3, kmag/2pi, te band 1, te band 2, te band 3, te band 4, te band 5, te band 6
Solving for bands 1 to 6...
    near maximum in trace
    iteration    1: trace = 2.285356654108934 (199.683% change)
    iteration    2: trace = 0.7114226201605199 (105.042% change)
    iteration    3: trace = 0.4594220005304773 (43.046% change)
    iteration    4: trace = 0.4313634898861194 (6.29972% change)
    iteration    5: trace = 0.415797778850563 (3.67479% change)
    iteration    6: trace = 0.4105403783013767 (1.27246% change)
    iteration    7: trace = 0.4052013653559722 (1.309% change)
    iteration    8: trace = 0.3998276093131798 (1.33505% change)
    iteration    9: trace = 0.3967210463922037 (0.780006% change)
    iteration   10: trace = 0.3957342116965662 (0.249058% change)
    iteration   11: trace = 0.3954306946846337 (0.0767266% change)
    iteration   12: trace = 0.3953441045890285 (0.0219001% change)
    iteration   13: trace = 0.3952980837829868 (0.0116414% change)
    iteration   14: trace = 0.3952788429693269 (0.00486754% change)
    iteration   15: trace = 0.3952714109200975 (0.00188022% change)
    iteration   16: trace = 0.3952696689163899 (0.000440712% change)
    iteration   17: trace = 0.3952691350215183 (0.000135071% change)
    iteration   18: trace = 0.3952690072969324 (3.23133e-05% change)
    iteration   19: trace = 0.3952689495065405 (1.46205e-05% change)
    iteration   20: trace = 0.395268923315326 (6.62618e-06% change)
    iteration   21: trace = 0.3952689128492695 (2.64783e-06% change)
    iteration   22: trace = 0.3952689105338598 (5.85781e-07% change)
    iteration   23: trace = 0.395268909972101 (1.42121e-07% change)
    iteration   24: trace = 0.3952689098147746 (3.98024e-08% change)
    iteration   25: trace = 0.3952689097434559 (1.80431e-08% change)
    iteration   26: trace = 0.3952689097035194 (1.01036e-08% change)
    iteration   27: trace = 0.3952689096882064 (3.87408e-09% change)
Finished solving for bands 1 to 6 after 27 iterations.
tefreqs:, 1, -0.09, 0.14, 0, 0.143178, 0.0644876, 0.14891, 0.171585, 0.300853, 0.322476, 0.380777
elapsed time for k point: 3.3829684257507324
total elapsed time for run: 3.4443607330322266
done
Initializing eigensolver data
Computing 6 bands with 1e-10 tolerance
Working in 2 dimensions.
Grid size is 288 x 96 x 1.
Solving for 6 bands at a time.
Creating Maxwell data...
Mesh size is 3.
Lattice vectors:
     (3, 0, 0)
     (0, 1, 0)
     (0, 0, 1)
Cell volume = 3
Reciprocal lattice vectors (/ 2 pi):
     (0.333333, -0, 0)
     (-0, 1, -0)
     (0, -0, 1)
Geometric objects:
     block, center = (0,0,0)
          size (1e+20,1e+20,1)
          axes (1,0,0), (0,1,0), (0,0,1)
     prism, center = (0.000447214,-1.38778e-17,0.5)
          height 1, axis (0,0,1), sidewall angle: 0 radians, 4 vertices:
          (0.250447,0.25,0)
          (-0.249553,0.25,0)
          (-0.249553,-0.25,0)
          (0.250447,-0.25,0)
     prism, center = (1.00055,-1.38778e-17,0.5)
          height 1, axis (0,0,1), sidewall angle: 0 radians, 4 vertices:
          (1.25055,0.25,0)
          (0.750551,0.25,0)
          (0.750551,-0.25,0)
          (1.25055,-0.25,0)
     prism, center = (1.999,-1.38778e-17,0.5)
          height 1, axis (0,0,1), sidewall angle: 0 radians, 4 vertices:
          (2.249,0.25,0)
          (1.749,0.25,0)
          (1.749,-0.25,0)
          (2.249,-0.25,0)
Geometric object tree has depth 2 and 21 object nodes (vs. 4 actual objects)
Initializing epsilon function...
Allocating fields...
Solving for band polarization: te.
Initializing fields to random numbers...
1 k-points
  Vector3<-0.09, 0.14, 0.0>
elapsed time for initialization: 0.029073238372802734
solve_kpoint (-0.09,0.14,0):
tefreqs:, k index, k1, k2, k3, kmag/2pi, te band 1, te band 2, te band 3, te band 4, te band 5, te band 6
Solving for bands 1 to 6...
    near maximum in trace
    iteration    1: trace = 2.05410252478996 (199.716% change)
    iteration    2: trace = 0.5079490326905697 (120.697% change)
    iteration    3: trace = 0.4343676380259508 (15.6171% change)
    iteration    4: trace = 0.4166384601513932 (4.16664% change)
    iteration    5: trace = 0.4105635001430147 (1.4688% change)
    iteration    6: trace = 0.4048285815985112 (1.40667% change)
    iteration    7: trace = 0.3999420862279594 (1.21438% change)
    iteration    8: trace = 0.3966308117845402 (0.83138% change)
    iteration    9: trace = 0.3956973037666782 (0.235637% change)
    iteration   10: trace = 0.3954076598034726 (0.0732252% change)
    iteration   11: trace = 0.3953297903845044 (0.0196954% change)
    iteration   12: trace = 0.3952949625768079 (0.0088102% change)
    iteration   13: trace = 0.3952791757841769 (0.00399375% change)
    iteration   14: trace = 0.3952717860573788 (0.00186951% change)
    iteration   15: trace = 0.3952696512386147 (0.00054009% change)
    iteration   16: trace = 0.3952691370989936 (0.000130073% change)
    iteration   17: trace = 0.3952689891286552 (3.74353e-05% change)
    iteration   18: trace = 0.3952689421477192 (1.18858e-05% change)
    iteration   19: trace = 0.3952689209165305 (5.37133e-06% change)
    iteration   20: trace = 0.395268913175173 (1.9585e-06% change)
    iteration   21: trace = 0.3952689104806558 (6.81692e-07% change)
    iteration   22: trace = 0.3952689098853516 (1.50607e-07% change)
    iteration   23: trace = 0.3952689097314495 (3.89361e-08% change)
    iteration   24: trace = 0.3952689097040485 (6.93225e-09% change)
Finished solving for bands 1 to 6 after 24 iterations.
tefreqs:, 1, -0.09, 0.14, 0, 0.143178, 0.0644876, 0.14891, 0.171585, 0.300853, 0.322476, 0.380777
elapsed time for k point: 2.524522542953491
total elapsed time for run: 2.5536773204803467
done
Initializing eigensolver data
Computing 6 bands with 1e-10 tolerance
Working in 2 dimensions.
Grid size is 288 x 96 x 1.
Solving for 6 bands at a time.
Creating Maxwell data...
Mesh size is 3.
Lattice vectors:
     (3, 0, 0)
     (0, 1, 0)
     (0, 0, 1)
Cell volume = 3
Reciprocal lattice vectors (/ 2 pi):
     (0.333333, -0, 0)
     (-0, 1, -0)
     (0, -0, 1)
Geometric objects:
     block, center = (0,0,0)
          size (1e+20,1e+20,1)
          axes (1,0,0), (0,1,0), (0,0,1)
     prism, center = (2,0,0.5)
          height 1, axis (0,0,1), sidewall angle: 0 radians, 4 vertices:
          (2.25,-0.25,0)
          (2.25,0.25,0)
          (1.75,0.25,0)
          (1.75,-0.25,0)
     prism, center = (1.001,0,0.5)
          height 1, axis (0,0,1), sidewall angle: 0 radians, 4 vertices:
          (0.751,-0.25,0)
          (1.251,-0.25,0)
          (1.251,0.25,0)
          (0.751,0.25,0)
     prism, center = (0,0,0.5)
          height 1, axis (0,0,1), sidewall angle: 0 radians, 4 vertices:
          (-0.25,0.25,0)
          (-0.25,-0.25,0)
          (0.25,-0.25,0)
          (0.25,0.25,0)
Geometric object tree has depth 2 and 21 object nodes (vs. 4 actual objects)
Initializing epsilon function...
Allocating fields...
Solving for band polarization: te.
Initializing fields to random numbers...
1 k-points
  Vector3<-0.09, 0.14, 0.0>
elapsed time for initialization: 0.02925395965576172
solve_kpoint (-0.09,0.14,0):
tefreqs:, k index, k1, k2, k3, kmag/2pi, te band 1, te band 2, te band 3, te band 4, te band 5, te band 6
Solving for bands 1 to 6...
    near maximum in trace
    iteration    1: trace = 1.994373774855915 (199.726% change)
    iteration    2: trace = 0.4861704684048042 (121.603% change)
    iteration    3: trace = 0.4239509337323464 (13.6728% change)
    iteration    4: trace = 0.4050207570191863 (4.56715% change)
    iteration    5: trace = 0.4004378474110619 (1.13796% change)
    iteration    6: trace = 0.3982920796157187 (0.537295% change)
    iteration    7: trace = 0.3974382380543499 (0.214606% change)
    iteration    8: trace = 0.3967043556634882 (0.184824% change)
    iteration    9: trace = 0.396506279537791 (0.0499429% change)
    iteration   10: trace = 0.3964424145567572 (0.0161082% change)
    iteration   11: trace = 0.3964309481616258 (0.00289236% change)
    iteration   12: trace = 0.3964262882925387 (0.00117546% change)
    iteration   13: trace = 0.3964244211407255 (0.000470997% change)
    iteration   14: trace = 0.3964233022684188 (0.000282241% change)
    iteration   15: trace = 0.3964229813745628 (8.09473e-05% change)
    iteration   16: trace = 0.3964228857698874 (2.41168e-05% change)
    iteration   17: trace = 0.3964228651232355 (5.20824e-06% change)
    iteration   18: trace = 0.3964228596884133 (1.37097e-06% change)
    iteration   19: trace = 0.3964228580594319 (4.1092e-07% change)
    iteration   20: trace = 0.3964228573405412 (1.81344e-07% change)
    iteration   21: trace = 0.3964228570349632 (7.70839e-08% change)
    iteration   22: trace = 0.3964228569565983 (1.9768e-08% change)
    iteration   23: trace = 0.3964228569370286 (4.93658e-09% change)
Finished solving for bands 1 to 6 after 23 iterations.
tefreqs:, 1, -0.09, 0.14, 0, 0.143178, 0.0645167, 0.14908, 0.171769, 0.301517, 0.323129, 0.381059
elapsed time for k point: 2.4893269538879395
total elapsed time for run: 2.5186634063720703
done
Initializing eigensolver data
Computing 6 bands with 1e-10 tolerance
Working in 2 dimensions.
Grid size is 288 x 96 x 1.
Solving for 6 bands at a time.
Creating Maxwell data...
Mesh size is 3.
Lattice vectors:
     (3, 0, 0)
     (0, 1, 0)
     (0, 0, 1)
Cell volume = 3
Reciprocal lattice vectors (/ 2 pi):
     (0.333333, -0, 0)
     (-0, 1, -0)
     (0, -0, 1)
Geometric objects:
     block, center = (0,0,0)
          size (1e+20,1e+20,1)
          axes (1,0,0), (0,1,0), (0,0,1)
     prism, center = (0.001,-1.38778e-17,0.5)
          height 1, axis (0,0,1), sidewall angle: 0 radians, 4 vertices:
          (0.251,0.25,0)
          (-0.249,0.25,0)
          (-0.249,-0.25,0)
          (0.251,-0.25,0)
     prism, center = (1.001,-1.38778e-17,0.5)
          height 1, axis (0,0,1), sidewall angle: 0 radians, 4 vertices:
          (1.251,0.25,0)
          (0.751,0.25,0)
          (0.751,-0.25,0)
          (1.251,-0.25,0)
     prism, center = (2.001,-1.38778e-17,0.5)
          height 1, axis (0,0,1), sidewall angle: 0 radians, 4 vertices:
          (2.251,0.25,0)
          (1.751,0.25,0)
          (1.751,-0.25,0)
          (2.251,-0.25,0)
Geometric object tree has depth 2 and 21 object nodes (vs. 4 actual objects)
Initializing epsilon function...
Allocating fields...
Solving for band polarization: te.
Initializing fields to random numbers...
1 k-points
  Vector3<-0.09, 0.14, 0.0>
elapsed time for initialization: 0.06195068359375
solve_kpoint (-0.09,0.14,0):
tefreqs:, k index, k1, k2, k3, kmag/2pi, te band 1, te band 2, te band 3, te band 4, te band 5, te band 6
Solving for bands 1 to 6...
    near maximum in trace
    iteration    1: trace = 2.246388295401746 (199.689% change)
    iteration    2: trace = 0.6156219154578388 (113.96% change)
    iteration    3: trace = 0.4602994941239306 (28.8724% change)
    iteration    4: trace = 0.4249367070983902 (7.98946% change)
    iteration    5: trace = 0.4095114396235487 (3.69712% change)
    iteration    6: trace = 0.4038132379043164 (1.40121% change)
    iteration    7: trace = 0.4000867067562153 (0.927113% change)
    iteration    8: trace = 0.3973090173619266 (0.69669% change)
    iteration    9: trace = 0.3956738261858703 (0.412415% change)
    iteration   10: trace = 0.3952391931402297 (0.109907% change)
    iteration   11: trace = 0.3951159104911638 (0.0311968% change)
    iteration   12: trace = 0.3950853718251001 (0.00772934% change)
    iteration   13: trace = 0.3950730471952019 (0.00311953% change)
    iteration   14: trace = 0.3950676941062159 (0.00135497% change)
    iteration   15: trace = 0.3950651744682325 (0.000637776% change)
    iteration   16: trace = 0.3950644236116261 (0.000190059% change)
    iteration   17: trace = 0.3950642057259823 (5.51519e-05% change)
    iteration   18: trace = 0.3950641558400725 (1.26273e-05% change)
    iteration   19: trace = 0.3950641428360839 (3.29161e-06% change)
    iteration   20: trace = 0.3950641377748149 (1.28113e-06% change)
    iteration   21: trace = 0.3950641353525474 (6.13133e-07% change)
    iteration   22: trace = 0.3950641343658604 (2.49754e-07% change)
    iteration   23: trace = 0.3950641341007491 (6.71059e-08% change)
    iteration   24: trace = 0.3950641340281827 (1.83682e-08% change)
    iteration   25: trace = 0.3950641340080902 (5.08591e-09% change)
Finished solving for bands 1 to 6 after 25 iterations.
tefreqs:, 1, -0.09, 0.14, 0, 0.143178, 0.0644634, 0.148896, 0.171568, 0.300806, 0.32242, 0.380611
elapsed time for k point: 2.9075539112091064
total elapsed time for run: 2.9695920944213867
done
Initializing eigensolver data
Computing 6 bands with 1e-10 tolerance
Working in 2 dimensions.
Grid size is 288 x 96 x 1.
Solving for 6 bands at a time.
Creating Maxwell data...
Mesh size is 3.
Lattice vectors:
     (3, 0, 0)
     (0, 1, 0)
     (0, 0, 1)
Cell volume = 3
Reciprocal lattice vectors (/ 2 pi):
     (0.333333, -0, 0)
     (-0, 1, -0)
     (0, -0, 1)
Geometric objects:
     block, center = (0,0,0)
          size (1e+20,1e+20,1)
          axes (1,0,0), (0,1,0), (0,0,1)
     prism, center = (2.999,-1.38778e-17,0.5)
          height 1, axis (0,0,1), sidewall angle: 0 radians, 4 vertices:
          (3.249,0.25,0)
          (2.749,0.25,0)
          (2.749,-0.25,0)
          (3.249,-0.25,0)
     prism, center = (0.999,-1.38778e-17,0.5)
          height 1, axis (0,0,1), sidewall angle: 0 radians, 4 vertices:
          (1.249,0.25,0)
          (0.749,0.25,0)
          (0.749,-0.25,0)
          (1.249,-0.25,0)
     prism, center = (1.999,-1.38778e-17,0.5)
          height 1, axis (0,0,1), sidewall angle: 0 radians, 4 vertices:
          (2.249,0.25,0)
          (1.749,0.25,0)
          (1.749,-0.25,0)
          (2.249,-0.25,0)
Geometric object tree has depth 2 and 21 object nodes (vs. 4 actual objects)
Initializing epsilon function...
Allocating fields...
Solving for band polarization: te.
Initializing fields to random numbers...
1 k-points
  Vector3<-0.09, 0.14, 0.0>
elapsed time for initialization: 0.05922365188598633
solve_kpoint (-0.09,0.14,0):
tefreqs:, k index, k1, k2, k3, kmag/2pi, te band 1, te band 2, te band 3, te band 4, te band 5, te band 6
Solving for bands 1 to 6...
    near maximum in trace
    iteration    1: trace = 1.85287639597493 (199.743% change)
    iteration    2: trace = 0.4940847998376298 (115.792% change)
    iteration    3: trace = 0.4341857241518354 (12.9055% change)
    iteration    4: trace = 0.4100141444565579 (5.72651% change)
    iteration    5: trace = 0.4025492886557379 (1.83736% change)
    iteration    6: trace = 0.3983453822227733 (1.0498% change)
    iteration    7: trace = 0.3966653469643057 (0.422645% change)
    iteration    8: trace = 0.3955229686857635 (0.288411% change)
    iteration    9: trace = 0.3952549485926524 (0.0677864% change)
    iteration   10: trace = 0.3951498391959858 (0.0265963% change)
    iteration   11: trace = 0.3951188172676395 (0.00785098% change)
    iteration   12: trace = 0.3950990258228801 (0.00500911% change)
    iteration   13: trace = 0.3950919636529454 (0.00178746% change)
    iteration   14: trace = 0.395089279269386 (0.000679435% change)
    iteration   15: trace = 0.3950887718574761 (0.00012843% change)
    iteration   16: trace = 0.3950886298453818 (3.59444e-05% change)
    iteration   17: trace = 0.3950885994084409 (7.70383e-06% change)
    iteration   18: trace = 0.3950885880415289 (2.87705e-06% change)
    iteration   19: trace = 0.3950885837056666 (1.09744e-06% change)
    iteration   20: trace = 0.3950885815468799 (5.46406e-07% change)
    iteration   21: trace = 0.3950885808332226 (1.80632e-07% change)
    iteration   22: trace = 0.3950885806462688 (4.73195e-08% change)
    iteration   23: trace = 0.3950885806018266 (1.12487e-08% change)
    iteration   24: trace = 0.3950885805924698 (2.36826e-09% change)
Finished solving for bands 1 to 6 after 24 iterations.
tefreqs:, 1, -0.09, 0.14, 0, 0.143178, 0.0644648, 0.148897, 0.171574, 0.300815, 0.322433, 0.380621
elapsed time for k point: 2.468618154525757
total elapsed time for run: 2.5279154777526855
done
Initializing eigensolver data
Computing 12 bands with 1e-10 tolerance
Working in 2 dimensions.
Grid size is 336 x 112 x 1.
Solving for 6 bands at a time.
Creating Maxwell data...
Mesh size is 3.
Lattice vectors:
     (3, 0, 0)
     (0, 1, 0)
     (0, 0, 1)
Cell volume = 3
Reciprocal lattice vectors (/ 2 pi):
     (0.333333, -0, 0)
     (-0, 1, -0)
     (0, -0, 1)
Geometric objects:
     block, center = (0,0,0)
          size (1e+20,1e+20,1)
          axes (1,0,0), (0,1,0), (0,0,1)
     prism, center = (-2.08167e-17,-1.38778e-17,0.5)
          height 1, axis (0,0,1), sidewall angle: 0 radians, 4 vertices:
          (0.25,0.25,0)
          (-0.25,0.25,0)
          (-0.25,-0.25,0)
          (0.25,-0.25,0)
     prism, center = (1,-1.38778e-17,0.5)
          height 1, axis (0,0,1), sidewall angle: 0 radians, 4 vertices:
          (1.25,0.25,0)
          (0.75,0.25,0)
          (0.75,-0.25,0)
          (1.25,-0.25,0)
     prism, center = (2,-1.38778e-17,0.5)
          height 1, axis (0,0,1), sidewall angle: 0 radians, 4 vertices:
          (2.25,0.25,0)
          (1.75,0.25,0)
          (1.75,-0.25,0)
          (2.25,-0.25,0)
Geometric object tree has depth 2 and 21 object nodes (vs. 4 actual objects)
Initializing epsilon function...
Allocating fields...
Solving for band polarization: te.
Initializing fields to random numbers...
1 k-points
  Vector3<-0.09, 0.14, 0.0>
elapsed time for initialization: 0.06909894943237305
solve_kpoint (-0.09,0.14,0):
tefreqs:, k index, k1, k2, k3, kmag/2pi, te band 1, te band 2, te band 3, te band 4, te band 5, te band 6, te band 7, te band 8, te band 9, te band 10, te band 11, te band 12
Solving for bands 1 to 6...
    near maximum in trace
    iteration    1: trace = 2.454404714920729 (199.752% change)
    iteration    2: trace = 0.6759482972736763 (113.627% change)
    iteration    3: trace = 0.4663252423673555 (36.7028% change)
    iteration    4: trace = 0.4372096325993258 (6.44482% change)
    iteration    5: trace = 0.4217415076411989 (3.60163% change)
    iteration    6: trace = 0.4179151398599038 (0.911412% change)
    iteration    7: trace = 0.4150042906214928 (0.698951% change)
    iteration    8: trace = 0.4105639190039803 (1.07571% change)
    iteration    9: trace = 0.4020658928692974 (2.09149% change)
    iteration   10: trace = 0.397815771388443 (1.06269% change)
    iteration   11: trace = 0.3963636125090007 (0.3657% change)
    iteration   12: trace = 0.3960181862804673 (0.0871868% change)
    iteration   13: trace = 0.3958475960990071 (0.0430856% change)
    iteration   14: trace = 0.3957815321941563 (0.0166906% change)
    iteration   15: trace = 0.3957544593726485 (0.00684058% change)
    iteration   16: trace = 0.3957458751132524 (0.00216911% change)
    iteration   17: trace = 0.3957432450373973 (0.000664589% change)
    iteration   18: trace = 0.3957426233517528 (0.000157093% change)
    iteration   19: trace = 0.3957424053748811 (5.50805e-05% change)
    iteration   20: trace = 0.3957423198961046 (2.15996e-05% change)
    iteration   21: trace = 0.3957422758573013 (1.11282e-05% change)
    iteration   22: trace = 0.3957422618079375 (3.55013e-06% change)
    iteration   23: trace = 0.3957422574050714 (1.11256e-06% change)
    iteration   24: trace = 0.3957422563315288 (2.71273e-07% change)
    iteration   25: trace = 0.3957422560167124 (7.95509e-08% change)
    iteration   26: trace = 0.3957422558860369 (3.30204e-08% change)
    iteration   27: trace = 0.3957422558076513 (1.98072e-08% change)
    iteration   28: trace = 0.3957422557754244 (8.1434e-09% change)
Finished solving for bands 1 to 6 after 28 iterations.
Solving for bands 7 to 12...
    near maximum in trace
    iteration    1: trace = 6.836622962098308 (199.309% change)
    iteration    2: trace = 1.761734946368395 (118.043% change)
    iteration    3: trace = 1.435655407987491 (20.3966% change)
    iteration    4: trace = 1.307505294663956 (9.34325% change)
    iteration    5: trace = 1.260932368774593 (3.62656% change)
    iteration    6: trace = 1.24129250374022 (1.56979% change)
    iteration    7: trace = 1.232656721109015 (0.698137% change)
    iteration    8: trace = 1.226005420843231 (0.54105% change)
    iteration    9: trace = 1.221590476543862 (0.360758% change)
    iteration   10: trace = 1.217786886714954 (0.311849% change)
    iteration   11: trace = 1.215650187148554 (0.175612% change)
    iteration   12: trace = 1.214305265050146 (0.110695% change)
    iteration   13: trace = 1.213523073867211 (0.0644355% change)
    iteration   14: trace = 1.212904858175104 (0.0509569% change)
    iteration   15: trace = 1.21258366071746 (0.0264852% change)
    iteration   16: trace = 1.212393207855018 (0.0157076% change)
    iteration   17: trace = 1.212289523244035 (0.00855243% change)
    iteration   18: trace = 1.212187116319781 (0.00844776% change)
    iteration   19: trace = 1.212102112712703 (0.00701266% change)
    iteration   20: trace = 1.212030705395696 (0.00589137% change)
    iteration   21: trace = 1.211988322530933 (0.00349691% change)
    iteration   22: trace = 1.211955427176401 (0.0027142% change)
    iteration   23: trace = 1.211938253855635 (0.001417% change)
    iteration   24: trace = 1.21192540831318 (0.00105992% change)
    iteration   25: trace = 1.211918218182023 (0.000593283% change)
    iteration   26: trace = 1.211914372782787 (0.000317299% change)
    iteration   27: trace = 1.211913049420359 (0.000109196% change)
    iteration   28: trace = 1.211912381729527 (5.5094e-05% change)
    iteration   29: trace = 1.21191205477662 (2.69783e-05% change)
    iteration   30: trace = 1.211911808206005 (2.03456e-05% change)
    iteration   31: trace = 1.211911678481969 (1.07041e-05% change)
    iteration   32: trace = 1.211911612099475 (5.4775e-06% change)
    iteration   33: trace = 1.211911589358625 (1.87644e-06% change)
    iteration   34: trace = 1.211911580560993 (7.2593e-07% change)
    iteration   35: trace = 1.211911577646631 (2.40476e-07% change)
    iteration   36: trace = 1.211911576086265 (1.28752e-07% change)
    iteration   37: trace = 1.211911575167218 (7.58345e-08% change)
    iteration   38: trace = 1.21191157467006 (4.10226e-08% change)
    iteration   39: trace = 1.211911574430804 (1.97421e-08% change)
    iteration   40: trace = 1.211911574252207 (1.47368e-08% change)
    iteration   41: trace = 1.211911574096939 (1.28119e-08% change)
    iteration   42: trace = 1.211911573964036 (1.09663e-08% change)
    iteration   43: trace = 1.211911573871169 (7.66291e-09% change)
Finished solving for bands 7 to 12 after 43 iterations.
Finished k-point with 35.5 mean iterations/band.
tefreqs:, 1, -0.09, 0.14, 0, 0.143178, 0.0645309, 0.148962, 0.171635, 0.301023, 0.322646, 0.38107, 0.409903, 0.416759, 0.425988, 0.467784, 0.479652, 0.489744
elapsed time for k point: 10.94668197631836
total elapsed time for run: 11.016068935394287
done
Initializing eigensolver data
Computing 6 bands with 1e-10 tolerance
Working in 2 dimensions.
Grid size is 336 x 112 x 1.
Solving for 6 bands at a time.
Creating Maxwell data...
Mesh size is 3.
Lattice vectors:
     (3, 0, 0)
     (0, 1, 0)
     (0, 0, 1)
Cell volume = 3
Reciprocal lattice vectors (/ 2 pi):
     (0.333333, -0, 0)
     (-0, 1, -0)
     (0, -0, 1)
Geometric objects:
     block, center = (0,0,0)
          size (1e+20,1e+20,1)
          axes (1,0,0), (0,1,0), (0,0,1)
     prism, center = (0,0,0.5)
          height 1, axis (0,0,1), sidewall angle: 0 radians, 4 vertices:
          (-0.25,-0.25,0)
          (-0.25,0.25,0)
          (0.25,0.25,0)
          (0.25,-0.25,0)
     prism, center = (1.0005,0,0.5)
          height 1, axis (0,0,1), sidewall angle: 0 radians, 4 vertices:
          (0.7505,-0.25,0)
          (0.7505,0.25,0)
          (1.2505,0.25,0)
          (1.2505,-0.25,0)
     prism, center = (2,0,0.5)
          height 1, axis (0,0,1), sidewall angle: 0 radians, 4 vertices:
          (1.75,-0.25,0)
          (1.75,0.25,0)
          (2.25,0.25,0)
          (2.25,-0.25,0)
Geometric object tree has depth 2 and 21 object nodes (vs. 4 actual objects)
Initializing epsilon function...
Allocating fields...
Solving for band polarization: te.
Initializing fields to random numbers...
1 k-points
  Vector3<-0.09, 0.14, 0.0>
elapsed time for initialization: 0.06266117095947266
solve_kpoint (-0.09,0.14,0):
tefreqs:, k index, k1, k2, k3, kmag/2pi, te band 1, te band 2, te band 3, te band 4, te band 5, te band 6
Solving for bands 1 to 6...
    near maximum in trace
    iteration    1: trace = 2.205074427084067 (199.776% change)
    iteration    2: trace = 0.6090429429370909 (113.43% change)
    iteration    3: trace = 0.4306287853593091 (34.3212% change)
    iteration    4: trace = 0.4095551677058246 (5.01643% change)
    iteration    5: trace = 0.4008988564426299 (2.13616% change)
    iteration    6: trace = 0.39872065185487 (0.54481% change)
    iteration    7: trace = 0.3972594626732024 (0.367142% change)
    iteration    8: trace = 0.3967680245295547 (0.123784% change)
    iteration    9: trace = 0.396513174279675 (0.0642522% change)
    iteration   10: trace = 0.3964634117217399 (0.0125508% change)
    iteration   11: trace = 0.3964443106582636 (0.00481798% change)
    iteration   12: trace = 0.3964388797661418 (0.00136991% change)
    iteration   13: trace = 0.3964354811575497 (0.000857288% change)
    iteration   14: trace = 0.3964342928482759 (0.000299749% change)
    iteration   15: trace = 0.3964338357729538 (0.000115297% change)
    iteration   16: trace = 0.3964337386023302 (2.45112e-05% change)
    iteration   17: trace = 0.3964337021605636 (9.1924e-06% change)
    iteration   18: trace = 0.3964336908993521 (2.84063e-06% change)
    iteration   19: trace = 0.3964336855625264 (1.34621e-06% change)
    iteration   20: trace = 0.3964336831536496 (6.07637e-07% change)
    iteration   21: trace = 0.3964336822554032 (2.26582e-07% change)
    iteration   22: trace = 0.3964336820623397 (4.87001e-08% change)
    iteration   23: trace = 0.3964336820312683 (7.83774e-09% change)
Finished solving for bands 1 to 6 after 23 iterations.
tefreqs:, 1, -0.09, 0.14, 0, 0.143178, 0.0645216, 0.149084, 0.171762, 0.301514, 0.323116, 0.381087
elapsed time for k point: 2.8180954456329346
total elapsed time for run: 2.8808517456054688
done
Initializing eigensolver data
Computing 6 bands with 1e-10 tolerance
Working in 2 dimensions.
Grid size is 336 x 112 x 1.
Solving for 6 bands at a time.
Creating Maxwell data...
Mesh size is 3.
Lattice vectors:
     (3, 0, 0)
     (0, 1, 0)
     (0, 0, 1)
Cell volume = 3
Reciprocal lattice vectors (/ 2 pi):
     (0.333333, -0, 0)
     (-0, 1, -0)
     (0, -0, 1)
Geometric objects:
     block, center = (0,0,0)
          size (1e+20,1e+20,1)
          axes (1,0,0), (0,1,0), (0,0,1)
     prism, center = (0,0,0.5)
          height 1, axis (0,0,1), sidewall angle: 0 radians, 4 vertices:
          (-0.25,-0.25,0)
          (-0.25,0.25,0)
          (0.25,0.25,0)
          (0.25,-0.25,0)
     prism, center = (1.0005,0,0.5)
          height 1, axis (0,0,1), sidewall angle: 0 radians, 4 vertices:
          (0.7505,-0.25,0)
          (0.7505,0.25,0)
          (1.2505,0.25,0)
          (1.2505,-0.25,0)
     prism, center = (2,0,0.5)
          height 1, axis (0,0,1), sidewall angle: 0 radians, 4 vertices:
          (1.75,-0.25,0)
          (1.75,0.25,0)
          (2.25,0.25,0)
          (2.25,-0.25,0)
Geometric object tree has depth 2 and 21 object nodes (vs. 4 actual objects)
Initializing epsilon function...
Allocating fields...
Solving for band polarization: te.
Initializing fields to random numbers...
1 k-points
  Vector3<-0.09, 0.14, 0.0>
elapsed time for initialization: 0.047905683517456055
solve_kpoint (-0.09,0.14,0):
tefreqs:, k index, k1, k2, k3, kmag/2pi, te band 1, te band 2, te band 3, te band 4, te band 5, te band 6
Solving for bands 1 to 6...
    near maximum in trace
    iteration    1: trace = 2.339522415158863 (199.764% change)
    iteration    2: trace = 0.5837411455058754 (120.125% change)
    iteration    3: trace = 0.4272885138969846 (30.9492% change)
    iteration    4: trace = 0.4070462463781155 (4.85231% change)
    iteration    5: trace = 0.3996228953467721 (1.84049% change)
    iteration    6: trace = 0.3980992392927699 (0.382002% change)
    iteration    7: trace = 0.3971113866946052 (0.248451% change)
    iteration    8: trace = 0.3967290164326888 (0.0963343% change)
    iteration    9: trace = 0.3965022626059974 (0.0571722% change)
    iteration   10: trace = 0.3964560823932712 (0.0116476% change)
    iteration   11: trace = 0.3964405469712679 (0.00391865% change)
    iteration   12: trace = 0.3964370977783743 (0.000870044% change)
    iteration   13: trace = 0.3964349792653963 (0.00053439% change)
    iteration   14: trace = 0.3964342223350664 (0.000190934% change)
    iteration   15: trace = 0.3964338209905567 (0.000101239% change)
    iteration   16: trace = 0.3964337244099848 (2.43623e-05% change)
    iteration   17: trace = 0.3964336943119867 (7.59219e-06% change)
    iteration   18: trace = 0.3964336873803125 (1.74851e-06% change)
    iteration   19: trace = 0.396433684175112 (8.08509e-07% change)
    iteration   20: trace = 0.3964336827160716 (3.68041e-07% change)
    iteration   21: trace = 0.3964336821696525 (1.37834e-07% change)
    iteration   22: trace = 0.3964336820530674 (2.94085e-08% change)
    iteration   23: trace = 0.3964336820283297 (6.24006e-09% change)
Finished solving for bands 1 to 6 after 23 iterations.
tefreqs:, 1, -0.09, 0.14, 0, 0.143178, 0.0645216, 0.149084, 0.171762, 0.301514, 0.323116, 0.381087
elapsed time for k point: 3.3428890705108643
total elapsed time for run: 3.3908889293670654
done
Initializing eigensolver data
Computing 6 bands with 1e-10 tolerance
Working in 2 dimensions.
Grid size is 336 x 112 x 1.
Solving for 6 bands at a time.
Creating Maxwell data...
Mesh size is 3.
Lattice vectors:
     (3, 0, 0)
     (0, 1, 0)
     (0, 0, 1)
Cell volume = 3
Reciprocal lattice vectors (/ 2 pi):
     (0.333333, -0, 0)
     (-0, 1, -0)
     (0, -0, 1)
Geometric objects:
     block, center = (0,0,0)
          size (1e+20,1e+20,1)
          axes (1,0,0), (0,1,0), (0,0,1)
     prism, center = (0,0,0.5)
          height 1, axis (0,0,1), sidewall angle: 0 radians, 4 vertices:
          (-0.25,-0.25,0)
          (-0.25,0.25,0)
          (0.25,0.25,0)
          (0.25,-0.25,0)
     prism, center = (1.0005,0,0.5)
          height 1, axis (0,0,1), sidewall angle: 0 radians, 4 vertices:
          (0.7505,-0.25,0)
          (0.7505,0.25,0)
          (1.2505,0.25,0)
          (1.2505,-0.25,0)
     prism, center = (2,0,0.5)
          height 1, axis (0,0,1), sidewall angle: 0 radians, 4 vertices:
          (1.75,-0.25,0)
          (1.75,0.25,0)
          (2.25,0.25,0)
          (2.25,-0.25,0)
Geometric object tree has depth 2 and 21 object nodes (vs. 4 actual objects)
Initializing epsilon function...
Allocating fields...
Solving for band polarization: te.
Initializing fields to random numbers...
1 k-points
  Vector3<-0.09, 0.14, 0.0>
elapsed time for initialization: 0.04759025573730469
solve_kpoint (-0.09,0.14,0):
tefreqs:, k index, k1, k2, k3, kmag/2pi, te band 1, te band 2, te band 3, te band 4, te band 5, te band 6
Solving for bands 1 to 6...
    near maximum in trace
    iteration    1: trace = 1.952319557866401 (199.802% change)
    iteration    2: trace = 0.5143184534521159 (116.596% change)
    iteration    3: trace = 0.4499010165886136 (13.3616% change)
    iteration    4: trace = 0.4273515049000332 (5.14094% change)
    iteration    5: trace = 0.4179637786695627 (2.22112% change)
    iteration    6: trace = 0.4095978505389608 (2.02183% change)
    iteration    7: trace = 0.4033492006705429 (1.53728% change)
    iteration    8: trace = 0.3985808261243052 (1.18922% change)
    iteration    9: trace = 0.3972944871643279 (0.323251% change)
    iteration   10: trace = 0.396789356248432 (0.127224% change)
    iteration   11: trace = 0.39660666910099 (0.0460519% change)
    iteration   12: trace = 0.3964963983820008 (0.0278074% change)
    iteration   13: trace = 0.3964537472591126 (0.0107576% change)
    iteration   14: trace = 0.3964388488220819 (0.003758% change)
    iteration   15: trace = 0.3964351839470642 (0.000924453% change)
    iteration   16: trace = 0.3964342279835743 (0.00024114% change)
    iteration   17: trace = 0.396433900206587 (8.26813e-05% change)
    iteration   18: trace = 0.3964337762938282 (3.12569e-05% change)
    iteration   19: trace = 0.3964337161789566 (1.51639e-05% change)
    iteration   20: trace = 0.3964336922457479 (6.03713e-06% change)
    iteration   21: trace = 0.3964336841918261 (2.03159e-06% change)
    iteration   22: trace = 0.3964336826046304 (4.00369e-07% change)
    iteration   23: trace = 0.3964336821820117 (1.06605e-07% change)
    iteration   24: trace = 0.3964336820899046 (2.32339e-08% change)
    iteration   25: trace = 0.3964336820469785 (1.08281e-08% change)
    iteration   26: trace = 0.3964336820300285 (4.27562e-09% change)
Finished solving for bands 1 to 6 after 26 iterations.
tefreqs:, 1, -0.09, 0.14, 0, 0.143178, 0.0645216, 0.149084, 0.171762, 0.301514, 0.323116, 0.381087
elapsed time for k point: 3.6306653022766113
total elapsed time for run: 3.678354501724243
done
Initializing eigensolver data
Computing 6 bands with 1e-10 tolerance
Working in 2 dimensions.
Grid size is 336 x 112 x 1.
Solving for 6 bands at a time.
Creating Maxwell data...
Mesh size is 3.
Lattice vectors:
     (3, 0, 0)
     (0, 1, 0)
     (0, 0, 1)
Cell volume = 3
Reciprocal lattice vectors (/ 2 pi):
     (0.333333, -0, 0)
     (-0, 1, -0)
     (0, -0, 1)
Geometric objects:
     block, center = (0,0,0)
          size (1e+20,1e+20,1)
          axes (1,0,0), (0,1,0), (0,0,1)
     prism, center = (0,0,0.5)
          height 1, axis (0,0,1), sidewall angle: 0 radians, 4 vertices:
          (-0.25,-0.25,0)
          (-0.25,0.25,0)
          (0.25,0.25,0)
          (0.25,-0.25,0)
     prism, center = (0.9995,0,0.5)
          height 1, axis (0,0,1), sidewall angle: 0 radians, 4 vertices:
          (0.7495,-0.25,0)
          (0.7495,0.25,0)
          (1.2495,0.25,0)
          (1.2495,-0.25,0)
     prism, center = (2,0,0.5)
          height 1, axis (0,0,1), sidewall angle: 0 radians, 4 vertices:
          (1.75,-0.25,0)
          (1.75,0.25,0)
          (2.25,0.25,0)
          (2.25,-0.25,0)
Geometric object tree has depth 2 and 21 object nodes (vs. 4 actual objects)
Initializing epsilon function...
Allocating fields...
Solving for band polarization: te.
Initializing fields to random numbers...
1 k-points
  Vector3<-0.09, 0.14, 0.0>
elapsed time for initialization: 0.03969621658325195
solve_kpoint (-0.09,0.14,0):
tefreqs:, k index, k1, k2, k3, kmag/2pi, te band 1, te band 2, te band 3, te band 4, te band 5, te band 6
Solving for bands 1 to 6...
    near maximum in trace
    iteration    1: trace = 2.282918071855388 (199.769% change)
    iteration    2: trace = 0.5006078109700866 (128.061% change)
    iteration    3: trace = 0.4355533373156019 (13.8981% change)
    iteration    4: trace = 0.4119176812453211 (5.57793% change)
    iteration    5: trace = 0.4041762021918155 (1.8972% change)
    iteration    6: trace = 0.3998479805118879 (1.07664% change)
    iteration    7: trace = 0.3981280638007649 (0.43107% change)
    iteration    8: trace = 0.3969419024797207 (0.298379% change)
    iteration    9: trace = 0.3966282679824323 (0.0790439% change)
    iteration   10: trace = 0.3964884377403111 (0.0352609% change)
    iteration   11: trace = 0.3964579042972084 (0.00770126% change)
    iteration   12: trace = 0.396443850740171 (0.00354484% change)
    iteration   13: trace = 0.3964380675315177 (0.00145878% change)
    iteration   14: trace = 0.3964349160192355 (0.00079496% change)
    iteration   15: trace = 0.3964341564073333 (0.000191611% change)
    iteration   16: trace = 0.3964339106533762 (6.19911e-05% change)
    iteration   17: trace = 0.3964338460413863 (1.62983e-05% change)
    iteration   18: trace = 0.3964338212809319 (6.2458e-06% change)
    iteration   19: trace = 0.3964338110742595 (2.57462e-06% change)
    iteration   20: trace = 0.3964338058235792 (1.32448e-06% change)
    iteration   21: trace = 0.3964338042164147 (4.05406e-07% change)
    iteration   22: trace = 0.3964338038633647 (8.90565e-08% change)
    iteration   23: trace = 0.3964338037817047 (2.05987e-08% change)
    iteration   24: trace = 0.396433803767338 (3.62398e-09% change)
Finished solving for bands 1 to 6 after 24 iterations.
tefreqs:, 1, -0.09, 0.14, 0, 0.143178, 0.0645216, 0.149084, 0.171762, 0.301515, 0.323116, 0.381088
elapsed time for k point: 3.664269208908081
total elapsed time for run: 3.7043137550354004
done
Initializing eigensolver data
Computing 6 bands with 1e-10 tolerance
Working in 2 dimensions.
Grid size is 336 x 112 x 1.
Solving for 6 bands at a time.
Creating Maxwell data...
Mesh size is 3.
Lattice vectors:
     (3, 0, 0)
     (0, 1, 0)
     (0, 0, 1)
Cell volume = 3
Reciprocal lattice vectors (/ 2 pi):
     (0.333333, -0, 0)
     (-0, 1, -0)
     (0, -0, 1)
Geometric objects:
     block, center = (0,0,0)
          size (1e+20,1e+20,1)
          axes (1,0,0), (0,1,0), (0,0,1)
     prism, center = (0,0,0.5)
          height 1, axis (0,0,1), sidewall angle: 0 radians, 4 vertices:
          (-0.25,-0.25,0)
          (-0.25,0.25,0)
          (0.25,0.25,0)
          (0.25,-0.25,0)
     prism, center = (0.9995,0,0.5)
          height 1, axis (0,0,1), sidewall angle: 0 radians, 4 vertices:
          (0.7495,-0.25,0)
          (0.7495,0.25,0)
          (1.2495,0.25,0)
          (1.2495,-0.25,0)
     prism, center = (2,0,0.5)
          height 1, axis (0,0,1), sidewall angle: 0 radians, 4 vertices:
          (1.75,-0.25,0)
          (1.75,0.25,0)
          (2.25,0.25,0)
          (2.25,-0.25,0)
Geometric object tree has depth 2 and 21 object nodes (vs. 4 actual objects)
Initializing epsilon function...
Allocating fields...
Solving for band polarization: te.
Initializing fields to random numbers...
1 k-points
  Vector3<-0.09, 0.14, 0.0>
elapsed time for initialization: 0.04243946075439453
solve_kpoint (-0.09,0.14,0):
tefreqs:, k index, k1, k2, k3, kmag/2pi, te band 1, te band 2, te band 3, te band 4, te band 5, te band 6
Solving for bands 1 to 6...
    near maximum in trace
    iteration    1: trace = 2.354356767718914 (199.763% change)
    iteration    2: trace = 0.5649354176777114 (122.593% change)
    iteration    3: trace = 0.4661588822298927 (19.1596% change)
    iteration    4: trace = 0.4207343034583848 (10.2435% change)
    iteration    5: trace = 0.4053843174103194 (3.71617% change)
    iteration    6: trace = 0.3997321640191453 (1.40406% change)
    iteration    7: trace = 0.3981711997026138 (0.391267% change)
    iteration    8: trace = 0.3970839882610807 (0.273425% change)
    iteration    9: trace = 0.3966513489178295 (0.109014% change)
    iteration   10: trace = 0.3964851830778979 (0.0419009% change)
    iteration   11: trace = 0.3964511218708856 (0.00859116% change)
    iteration   12: trace = 0.3964414005301234 (0.00245212% change)
    iteration   13: trace = 0.3964373294535165 (0.00102691% change)
    iteration   14: trace = 0.3964350223796827 (0.000581953% change)
    iteration   15: trace = 0.3964341179071602 (0.000228152% change)
    iteration   16: trace = 0.396433896207504 (5.59235e-05% change)
    iteration   17: trace = 0.3964338362758257 (1.51177e-05% change)
    iteration   18: trace = 0.3964338188127285 (4.40505e-06% change)
    iteration   19: trace = 0.3964338099815357 (2.22766e-06% change)
    iteration   20: trace = 0.3964338057727017 (1.06167e-06% change)
    iteration   21: trace = 0.3964338041287958 (4.14673e-07% change)
    iteration   22: trace = 0.3964338038419333 (7.23608e-08% change)
    iteration   23: trace = 0.3964338037774036 (1.62776e-08% change)
    iteration   24: trace = 0.3964338037666956 (2.70108e-09% change)
Finished solving for bands 1 to 6 after 24 iterations.
tefreqs:, 1, -0.09, 0.14, 0, 0.143178, 0.0645216, 0.149084, 0.171762, 0.301515, 0.323116, 0.381088
elapsed time for k point: 3.2538323402404785
total elapsed time for run: 3.2963647842407227
done
Initializing eigensolver data
Computing 6 bands with 1e-10 tolerance
Working in 2 dimensions.
Grid size is 336 x 112 x 1.
Solving for 6 bands at a time.
Creating Maxwell data...
Mesh size is 3.
Lattice vectors:
     (3, 0, 0)
     (0, 1, 0)
     (0, 0, 1)
Cell volume = 3
Reciprocal lattice vectors (/ 2 pi):
     (0.333333, -0, 0)
     (-0, 1, -0)
     (0, -0, 1)
Geometric objects:
     block, center = (0,0,0)
          size (1e+20,1e+20,1)
          axes (1,0,0), (0,1,0), (0,0,1)
     prism, center = (0,0,0.5)
          height 1, axis (0,0,1), sidewall angle: 0 radians, 4 vertices:
          (-0.25,-0.25,0)
          (-0.25,0.25,0)
          (0.25,0.25,0)
          (0.25,-0.25,0)
     prism, center = (0.9995,0,0.5)
          height 1, axis (0,0,1), sidewall angle: 0 radians, 4 vertices:
          (0.7495,-0.25,0)
          (0.7495,0.25,0)
          (1.2495,0.25,0)
          (1.2495,-0.25,0)
     prism, center = (2,0,0.5)
          height 1, axis (0,0,1), sidewall angle: 0 radians, 4 vertices:
          (1.75,-0.25,0)
          (1.75,0.25,0)
          (2.25,0.25,0)
          (2.25,-0.25,0)
Geometric object tree has depth 2 and 21 object nodes (vs. 4 actual objects)
Initializing epsilon function...
Allocating fields...
Solving for band polarization: te.
Initializing fields to random numbers...
1 k-points
  Vector3<-0.09, 0.14, 0.0>
elapsed time for initialization: 0.044213056564331055
solve_kpoint (-0.09,0.14,0):
tefreqs:, k index, k1, k2, k3, kmag/2pi, te band 1, te band 2, te band 3, te band 4, te band 5, te band 6
Solving for bands 1 to 6...
    near maximum in trace
    iteration    1: trace = 2.447197349712413 (199.753% change)
    iteration    2: trace = 0.6098760746348841 (120.201% change)
    iteration    3: trace = 0.4462137893162586 (30.994% change)
    iteration    4: trace = 0.4207957156962184 (5.86339% change)
    iteration    5: trace = 0.4089552655568207 (2.85398% change)
    iteration    6: trace = 0.404649942367343 (1.05833% change)
    iteration    7: trace = 0.400277278104411 (1.08647% change)
    iteration    8: trace = 0.3980924332916101 (0.547327% change)
    iteration    9: trace = 0.3968143540797471 (0.321567% change)
    iteration   10: trace = 0.3965753579148009 (0.0602469% change)
    iteration   11: trace = 0.3964839800828396 (0.0230444% change)
    iteration   12: trace = 0.3964569226311243 (0.00682458% change)
    iteration   13: trace = 0.3964415599814806 (0.00387506% change)
    iteration   14: trace = 0.3964366567394138 (0.00123682% change)
    iteration   15: trace = 0.3964344521571165 (0.000556101% change)
    iteration   16: trace = 0.3964340140545048 (0.000110511% change)
    iteration   17: trace = 0.3964338720554558 (3.58191e-05% change)
    iteration   18: trace = 0.396433834313826 (9.52028e-06% change)
    iteration   19: trace = 0.3964338155170329 (4.74147e-06% change)
    iteration   20: trace = 0.3964338077337645 (1.96332e-06% change)
    iteration   21: trace = 0.3964338047995034 (7.40164e-07% change)
    iteration   22: trace = 0.3964338040270865 (1.94841e-07% change)
    iteration   23: trace = 0.3964338038443758 (4.60886e-08% change)
    iteration   24: trace = 0.3964338037952155 (1.24006e-08% change)
    iteration   25: trace = 0.3964338037789024 (4.11498e-09% change)
Finished solving for bands 1 to 6 after 25 iterations.
tefreqs:, 1, -0.09, 0.14, 0, 0.143178, 0.0645216, 0.149084, 0.171762, 0.301515, 0.323116, 0.381088
elapsed time for k point: 4.2067179679870605
total elapsed time for run: 4.2510151863098145
done
Initializing eigensolver data
Computing 6 bands with 1e-10 tolerance
Working in 2 dimensions.
Grid size is 336 x 112 x 1.
Solving for 6 bands at a time.
Creating Maxwell data...
Mesh size is 3.
Lattice vectors:
     (3, 0, 0)
     (0, 1, 0)
     (0, 0, 1)
Cell volume = 3
Reciprocal lattice vectors (/ 2 pi):
     (0.333333, -0, 0)
     (-0, 1, -0)
     (0, -0, 1)
Geometric objects:
     block, center = (0,0,0)
          size (1e+20,1e+20,1)
          axes (1,0,0), (0,1,0), (0,0,1)
     prism, center = (0,0,0.5)
          height 1, axis (0,0,1), sidewall angle: 0 radians, 4 vertices:
          (-0.25,-0.25,0)
          (-0.25,0.25,0)
          (0.25,0.25,0)
          (0.25,-0.25,0)
     prism, center = (1.001,0,0.5)
          height 1, axis (0,0,1), sidewall angle: 0 radians, 4 vertices:
          (0.751,-0.25,0)
          (0.751,0.25,0)
          (1.251,0.25,0)
          (1.251,-0.25,0)
     prism, center = (2,0,0.5)
          height 1, axis (0,0,1), sidewall angle: 0 radians, 4 vertices:
          (1.75,-0.25,0)
          (1.75,0.25,0)
          (2.25,0.25,0)
          (2.25,-0.25,0)
Geometric object tree has depth 2 and 21 object nodes (vs. 4 actual objects)
Initializing epsilon function...
Allocating fields...
Solving for band polarization: te.
Initializing fields to random numbers...
1 k-points
  Vector3<-0.09, 0.14, 0.0>
elapsed time for initialization: 0.08233237266540527
solve_kpoint (-0.09,0.14,0):
tefreqs:, k index, k1, k2, k3, kmag/2pi, te band 1, te band 2, te band 3, te band 4, te band 5, te band 6
Solving for bands 1 to 6...
    near maximum in trace
    iteration    1: trace = 2.207469156003335 (199.777% change)
    iteration    2: trace = 0.5296120264427542 (122.602% change)
    iteration    3: trace = 0.453028043106465 (15.5874% change)
    iteration    4: trace = 0.4201176635050811 (7.53835% change)
    iteration    5: trace = 0.4091636314546944 (2.64181% change)
    iteration    6: trace = 0.4025756970831219 (1.62317% change)
    iteration    7: trace = 0.3997759139710123 (0.697894% change)
    iteration    8: trace = 0.397557318577443 (0.556504% change)
    iteration    9: trace = 0.3968437935644037 (0.179638% change)
    iteration   10: trace = 0.3965585994874197 (0.0718914% change)
    iteration   11: trace = 0.3964958601752235 (0.0158222% change)
    iteration   12: trace = 0.3964601767967225 (0.00900009% change)
    iteration   13: trace = 0.3964448027044988 (0.00387792% change)
    iteration   14: trace = 0.3964375858953746 (0.0018204% change)
    iteration   15: trace = 0.3964361356978889 (0.000365808% change)
    iteration   16: trace = 0.3964357485090435 (9.76674e-05% change)
    iteration   17: trace = 0.3964356456892036 (2.59361e-05% change)
    iteration   18: trace = 0.3964355991269781 (1.17452e-05% change)
    iteration   19: trace = 0.3964355794743498 (4.95733e-06% change)
    iteration   20: trace = 0.3964355710034529 (2.13677e-06% change)
    iteration   21: trace = 0.3964355687690134 (5.63632e-07% change)
    iteration   22: trace = 0.3964355682405713 (1.33298e-07% change)
    iteration   23: trace = 0.3964355681073902 (3.35946e-08% change)
    iteration   24: trace = 0.3964355680795547 (7.02145e-09% change)
Finished solving for bands 1 to 6 after 24 iterations.
tefreqs:, 1, -0.09, 0.14, 0, 0.143178, 0.064522, 0.149084, 0.171762, 0.301514, 0.323117, 0.381089
elapsed time for k point: 3.8777177333831787
total elapsed time for run: 3.9601612091064453
done
Initializing eigensolver data
Computing 6 bands with 1e-10 tolerance
Working in 2 dimensions.
Grid size is 336 x 112 x 1.
Solving for 6 bands at a time.
Creating Maxwell data...
Mesh size is 3.
Lattice vectors:
     (3, 0, 0)
     (0, 1, 0)
     (0, 0, 1)
Cell volume = 3
Reciprocal lattice vectors (/ 2 pi):
     (0.333333, -0, 0)
     (-0, 1, -0)
     (0, -0, 1)
Geometric objects:
     block, center = (0,0,0)
          size (1e+20,1e+20,1)
          axes (1,0,0), (0,1,0), (0,0,1)
     prism, center = (0,0,0.5)
          height 1, axis (0,0,1), sidewall angle: 0 radians, 4 vertices:
          (-0.25,-0.25,0)
          (-0.25,0.25,0)
          (0.25,0.25,0)
          (0.25,-0.25,0)
     prism, center = (1.001,0,0.5)
          height 1, axis (0,0,1), sidewall angle: 0 radians, 4 vertices:
          (0.751,-0.25,0)
          (0.751,0.25,0)
          (1.251,0.25,0)
          (1.251,-0.25,0)
     prism, center = (2,0,0.5)
          height 1, axis (0,0,1), sidewall angle: 0 radians, 4 vertices:
          (1.75,-0.25,0)
          (1.75,0.25,0)
          (2.25,0.25,0)
          (2.25,-0.25,0)
Geometric object tree has depth 2 and 21 object nodes (vs. 4 actual objects)
Initializing epsilon function...
Allocating fields...
Solving for band polarization: te.
Initializing fields to random numbers...
1 k-points
  Vector3<-0.09, 0.14, 0.0>
elapsed time for initialization: 0.04352283477783203
solve_kpoint (-0.09,0.14,0):
tefreqs:, k index, k1, k2, k3, kmag/2pi, te band 1, te band 2, te band 3, te band 4, te band 5, te band 6
Solving for bands 1 to 6...
    near maximum in trace
    iteration    1: trace = 2.573050421226709 (199.743% change)
    iteration    2: trace = 0.6512418878565976 (119.208% change)
    iteration    3: trace = 0.4537263202261688 (35.7505% change)
    iteration    4: trace = 0.4216460226116313 (7.32952% change)
    iteration    5: trace = 0.4044719061072825 (4.15779% change)
    iteration    6: trace = 0.4008402395009935 (0.901928% change)
    iteration    7: trace = 0.3984979999706716 (0.586045% change)
    iteration    8: trace = 0.3974904800511065 (0.253149% change)
    iteration    9: trace = 0.3967537575750689 (0.185515% change)
    iteration   10: trace = 0.3965283798437533 (0.0568216% change)
    iteration   11: trace = 0.396453685333215 (0.0188389% change)
    iteration   12: trace = 0.3964417900009741 (0.00300048% change)
    iteration   13: trace = 0.396437587688419 (0.00106001% change)
    iteration   14: trace = 0.3964365405710801 (0.000264132% change)
    iteration   15: trace = 0.3964359190947126 (0.000156766% change)
    iteration   16: trace = 0.3964356856276706 (5.88915e-05% change)
    iteration   17: trace = 0.3964355959466789 (2.26218e-05% change)
    iteration   18: trace = 0.3964355761923103 (4.983e-06% change)
    iteration   19: trace = 0.3964355709208198 (1.32972e-06% change)
    iteration   20: trace = 0.3964355693480408 (3.9673e-07% change)
    iteration   21: trace = 0.3964355685961388 (1.89666e-07% change)
    iteration   22: trace = 0.3964355682324376 (9.17428e-08% change)
    iteration   23: trace = 0.3964355681093621 (3.10455e-08% change)
    iteration   24: trace = 0.3964355680763321 (8.33174e-09% change)
Finished solving for bands 1 to 6 after 24 iterations.
tefreqs:, 1, -0.09, 0.14, 0, 0.143178, 0.064522, 0.149084, 0.171762, 0.301514, 0.323117, 0.381089
elapsed time for k point: 2.667966842651367
total elapsed time for run: 2.711571455001831
done
Initializing eigensolver data
Computing 6 bands with 1e-10 tolerance
Working in 2 dimensions.
Grid size is 336 x 112 x 1.
Solving for 6 bands at a time.
Creating Maxwell data...
Mesh size is 3.
Lattice vectors:
     (3, 0, 0)
     (0, 1, 0)
     (0, 0, 1)
Cell volume = 3
Reciprocal lattice vectors (/ 2 pi):
     (0.333333, -0, 0)
     (-0, 1, -0)
     (0, -0, 1)
Geometric objects:
     block, center = (0,0,0)
          size (1e+20,1e+20,1)
          axes (1,0,0), (0,1,0), (0,0,1)
     prism, center = (0,0,0.5)
          height 1, axis (0,0,1), sidewall angle: 0 radians, 4 vertices:
          (-0.25,-0.25,0)
          (-0.25,0.25,0)
          (0.25,0.25,0)
          (0.25,-0.25,0)
     prism, center = (1.001,0,0.5)
          height 1, axis (0,0,1), sidewall angle: 0 radians, 4 vertices:
          (0.751,-0.25,0)
          (0.751,0.25,0)
          (1.251,0.25,0)
          (1.251,-0.25,0)
     prism, center = (2,0,0.5)
          height 1, axis (0,0,1), sidewall angle: 0 radians, 4 vertices:
          (1.75,-0.25,0)
          (1.75,0.25,0)
          (2.25,0.25,0)
          (2.25,-0.25,0)
Geometric object tree has depth 2 and 21 object nodes (vs. 4 actual objects)
Initializing epsilon function...
Allocating fields...
Solving for band polarization: te.
Initializing fields to random numbers...
1 k-points
  Vector3<-0.09, 0.14, 0.0>
elapsed time for initialization: 0.039877891540527344
solve_kpoint (-0.09,0.14,0):
tefreqs:, k index, k1, k2, k3, kmag/2pi, te band 1, te band 2, te band 3, te band 4, te band 5, te band 6
Solving for bands 1 to 6...
    near maximum in trace
    iteration    1: trace = 2.171298691603444 (199.78% change)
    iteration    2: trace = 0.4888253077966792 (126.496% change)
    iteration    3: trace = 0.4249154727051084 (13.9886% change)
    iteration    4: trace = 0.4048288983744865 (4.84163% change)
    iteration    5: trace = 0.3997673835550094 (1.25815% change)
    iteration    6: trace = 0.3977985873475658 (0.493701% change)
    iteration    7: trace = 0.3971715844741224 (0.157742% change)
    iteration    8: trace = 0.3966705572536328 (0.126228% change)
    iteration    9: trace = 0.3965107187409465 (0.0403031% change)
    iteration   10: trace = 0.3964539354224648 (0.0143218% change)
    iteration   11: trace = 0.3964431684959083 (0.00271584% change)
    iteration   12: trace = 0.3964386967522512 (0.00112797% change)
    iteration   13: trace = 0.3964369798211115 (0.00043309% change)
    iteration   14: trace = 0.3964359925926724 (0.000249026% change)
    iteration   15: trace = 0.3964356943793381 (7.52236e-05% change)
    iteration   16: trace = 0.3964356025345266 (2.31676e-05% change)
    iteration   17: trace = 0.3964355812946146 (5.35772e-06% change)
    iteration   18: trace = 0.396435573474034 (1.97272e-06% change)
    iteration   19: trace = 0.3964355701730641 (8.32662e-07% change)
    iteration   20: trace = 0.3964355686949221 (3.72858e-07% change)
    iteration   21: trace = 0.3964355682227274 (1.1911e-07% change)
    iteration   22: trace = 0.396435568101441 (3.05942e-08% change)
    iteration   23: trace = 0.3964355680706363 (7.77043e-09% change)
Finished solving for bands 1 to 6 after 23 iterations.
tefreqs:, 1, -0.09, 0.14, 0, 0.143178, 0.064522, 0.149084, 0.171762, 0.301514, 0.323117, 0.381089
elapsed time for k point: 2.3413734436035156
total elapsed time for run: 2.3813316822052
done
Initializing eigensolver data
Computing 6 bands with 1e-10 tolerance
Working in 2 dimensions.
Grid size is 336 x 112 x 1.
Solving for 6 bands at a time.
Creating Maxwell data...
Mesh size is 3.
Lattice vectors:
     (3, 0, 0)
     (0, 1, 0)
     (0, 0, 1)
Cell volume = 3
Reciprocal lattice vectors (/ 2 pi):
     (0.333333, -0, 0)
     (-0, 1, -0)
     (0, -0, 1)
Geometric objects:
     block, center = (0,0,0)
          size (1e+20,1e+20,1)
          axes (1,0,0), (0,1,0), (0,0,1)
     prism, center = (0,0,0.5)
          height 1, axis (0,0,1), sidewall angle: 0 radians, 4 vertices:
          (-0.25,-0.25,0)
          (-0.25,0.25,0)
          (0.25,0.25,0)
          (0.25,-0.25,0)
     prism, center = (0.999,0,0.5)
          height 1, axis (0,0,1), sidewall angle: 0 radians, 4 vertices:
          (0.749,-0.25,0)
          (0.749,0.25,0)
          (1.249,0.25,0)
          (1.249,-0.25,0)
     prism, center = (2,0,0.5)
          height 1, axis (0,0,1), sidewall angle: 0 radians, 4 vertices:
          (1.75,-0.25,0)
          (1.75,0.25,0)
          (2.25,0.25,0)
          (2.25,-0.25,0)
Geometric object tree has depth 2 and 21 object nodes (vs. 4 actual objects)
Initializing epsilon function...
Allocating fields...
Solving for band polarization: te.
Initializing fields to random numbers...
1 k-points
  Vector3<-0.09, 0.14, 0.0>
elapsed time for initialization: 0.039365530014038086
solve_kpoint (-0.09,0.14,0):
tefreqs:, k index, k1, k2, k3, kmag/2pi, te band 1, te band 2, te band 3, te band 4, te band 5, te band 6
Solving for bands 1 to 6...
    near maximum in trace
    iteration    1: trace = 2.275700564687477 (199.769% change)
    iteration    2: trace = 0.5655005351781943 (120.386% change)
    iteration    3: trace = 0.456963858606676 (21.2304% change)
    iteration    4: trace = 0.4166062139750754 (9.2397% change)
    iteration    5: trace = 0.4054860828972969 (2.70532% change)
    iteration    6: trace = 0.4002934295097758 (1.28885% change)
    iteration    7: trace = 0.3984065950064283 (0.472476% change)
    iteration    8: trace = 0.3971538621826992 (0.314931% change)
    iteration    9: trace = 0.3967064681594367 (0.112714% change)
    iteration   10: trace = 0.3964957396570181 (0.0531336% change)
    iteration   11: trace = 0.396456093211742 (0.00999971% change)
    iteration   12: trace = 0.3964444520700037 (0.00293634% change)
    iteration   13: trace = 0.3964400884577382 (0.00110069% change)
    iteration   14: trace = 0.3964372825802991 (0.000707771% change)
    iteration   15: trace = 0.3964362778750438 (0.000253434% change)
    iteration   16: trace = 0.3964359416574122 (8.481e-05% change)
    iteration   17: trace = 0.3964358563434929 (2.15202e-05% change)
    iteration   18: trace = 0.396435829294472 (6.82305e-06% change)
    iteration   19: trace = 0.3964358202174381 (2.28966e-06% change)
    iteration   20: trace = 0.3964358157895438 (1.11693e-06% change)
    iteration   21: trace = 0.3964358139403472 (4.66455e-07% change)
    iteration   22: trace = 0.3964358134848143 (1.14907e-07% change)
    iteration   23: trace = 0.3964358133790654 (2.66749e-08% change)
    iteration   24: trace = 0.3964358133623392 (4.21912e-09% change)
Finished solving for bands 1 to 6 after 24 iterations.
tefreqs:, 1, -0.09, 0.14, 0, 0.143178, 0.064522, 0.149084, 0.171762, 0.301514, 0.323116, 0.38109
elapsed time for k point: 2.7215163707733154
total elapsed time for run: 2.760979413986206
done
Initializing eigensolver data
Computing 6 bands with 1e-10 tolerance
Working in 2 dimensions.
Grid size is 336 x 112 x 1.
Solving for 6 bands at a time.
Creating Maxwell data...
Mesh size is 3.
Lattice vectors:
     (3, 0, 0)
     (0, 1, 0)
     (0, 0, 1)
Cell volume = 3
Reciprocal lattice vectors (/ 2 pi):
     (0.333333, -0, 0)
     (-0, 1, -0)
     (0, -0, 1)
Geometric objects:
     block, center = (0,0,0)
          size (1e+20,1e+20,1)
          axes (1,0,0), (0,1,0), (0,0,1)
     prism, center = (0,0,0.5)
          height 1, axis (0,0,1), sidewall angle: 0 radians, 4 vertices:
          (-0.25,-0.25,0)
          (-0.25,0.25,0)
          (0.25,0.25,0)
          (0.25,-0.25,0)
     prism, center = (0.999,0,0.5)
          height 1, axis (0,0,1), sidewall angle: 0 radians, 4 vertices:
          (0.749,-0.25,0)
          (0.749,0.25,0)
          (1.249,0.25,0)
          (1.249,-0.25,0)
     prism, center = (2,0,0.5)
          height 1, axis (0,0,1), sidewall angle: 0 radians, 4 vertices:
          (1.75,-0.25,0)
          (1.75,0.25,0)
          (2.25,0.25,0)
          (2.25,-0.25,0)
Geometric object tree has depth 2 and 21 object nodes (vs. 4 actual objects)
Initializing epsilon function...
Allocating fields...
Solving for band polarization: te.
Initializing fields to random numbers...
1 k-points
  Vector3<-0.09, 0.14, 0.0>
elapsed time for initialization: 0.05037832260131836
solve_kpoint (-0.09,0.14,0):
tefreqs:, k index, k1, k2, k3, kmag/2pi, te band 1, te band 2, te band 3, te band 4, te band 5, te band 6
Solving for bands 1 to 6...
    near maximum in trace
    iteration    1: trace = 2.367113624729096 (199.76% change)
    iteration    2: trace = 0.6335050747185123 (115.55% change)
    iteration    3: trace = 0.4309572498014655 (38.0564% change)
    iteration    4: trace = 0.4097075991379922 (5.05544% change)
    iteration    5: trace = 0.4001046666643076 (2.37164% change)
    iteration    6: trace = 0.3982394369199951 (0.467275% change)
    iteration    7: trace = 0.3971267521816552 (0.279792% change)
    iteration    8: trace = 0.3967416699601091 (0.0970141% change)
    iteration    9: trace = 0.3965135964034749 (0.0575032% change)
    iteration   10: trace = 0.3964669988170247 (0.0117525% change)
    iteration   11: trace = 0.3964472066604024 (0.00499226% change)
    iteration   12: trace = 0.3964414036680454 (0.00146376% change)
    iteration   13: trace = 0.396437684423721 (0.000938162% change)
    iteration   14: trace = 0.3964364326206941 (0.000315763% change)
    iteration   15: trace = 0.3964359520657476 (0.000121219% change)
    iteration   16: trace = 0.3964358479691637 (2.62581e-05% change)
    iteration   17: trace = 0.3964358217225905 (6.62064e-06% change)
    iteration   18: trace = 0.3964358162650014 (1.37666e-06% change)
    iteration   19: trace = 0.3964358146508167 (4.07174e-07% change)
    iteration   20: trace = 0.3964358139210251 (1.84088e-07% change)
    iteration   21: trace = 0.3964358135380962 (9.65929e-08% change)
    iteration   22: trace = 0.3964358133994627 (3.497e-08% change)
    iteration   23: trace = 0.396435813367174 (8.14474e-09% change)
Finished solving for bands 1 to 6 after 23 iterations.
tefreqs:, 1, -0.09, 0.14, 0, 0.143178, 0.064522, 0.149084, 0.171762, 0.301514, 0.323116, 0.38109
elapsed time for k point: 2.679957389831543
total elapsed time for run: 2.730438232421875
done
Initializing eigensolver data
Computing 6 bands with 1e-10 tolerance
Working in 2 dimensions.
Grid size is 336 x 112 x 1.
Solving for 6 bands at a time.
Creating Maxwell data...
Mesh size is 3.
Lattice vectors:
     (3, 0, 0)
     (0, 1, 0)
     (0, 0, 1)
Cell volume = 3
Reciprocal lattice vectors (/ 2 pi):
     (0.333333, -0, 0)
     (-0, 1, -0)
     (0, -0, 1)
Geometric objects:
     block, center = (0,0,0)
          size (1e+20,1e+20,1)
          axes (1,0,0), (0,1,0), (0,0,1)
     prism, center = (0,0,0.5)
          height 1, axis (0,0,1), sidewall angle: 0 radians, 4 vertices:
          (-0.25,-0.25,0)
          (-0.25,0.25,0)
          (0.25,0.25,0)
          (0.25,-0.25,0)
     prism, center = (0.999,0,0.5)
          height 1, axis (0,0,1), sidewall angle: 0 radians, 4 vertices:
          (0.749,-0.25,0)
          (0.749,0.25,0)
          (1.249,0.25,0)
          (1.249,-0.25,0)
     prism, center = (2,0,0.5)
          height 1, axis (0,0,1), sidewall angle: 0 radians, 4 vertices:
          (1.75,-0.25,0)
          (1.75,0.25,0)
          (2.25,0.25,0)
          (2.25,-0.25,0)
Geometric object tree has depth 2 and 21 object nodes (vs. 4 actual objects)
Initializing epsilon function...
Allocating fields...
Solving for band polarization: te.
Initializing fields to random numbers...
1 k-points
  Vector3<-0.09, 0.14, 0.0>
elapsed time for initialization: 0.04854226112365723
solve_kpoint (-0.09,0.14,0):
tefreqs:, k index, k1, k2, k3, kmag/2pi, te band 1, te band 2, te band 3, te band 4, te band 5, te band 6
Solving for bands 1 to 6...
    near maximum in trace
    iteration    1: trace = 2.251867175123358 (199.774% change)
    iteration    2: trace = 0.5328792216898501 (123.457% change)
    iteration    3: trace = 0.4499617586841743 (16.873% change)
    iteration    4: trace = 0.422376037468068 (6.32455% change)
    iteration    5: trace = 0.4147965709436875 (1.81073% change)
    iteration    6: trace = 0.4085679152973935 (1.51298% change)
    iteration    7: trace = 0.4031651212233685 (1.33118% change)
    iteration    8: trace = 0.3982849510596039 (1.21784% change)
    iteration    9: trace = 0.3970643908355315 (0.306924% change)
    iteration   10: trace = 0.3966238011125973 (0.111023% change)
    iteration   11: trace = 0.3965304536128714 (0.0235383% change)
    iteration   12: trace = 0.3964752344295024 (0.0139266% change)
    iteration   13: trace = 0.3964513224512538 (0.00603132% change)
    iteration   14: trace = 0.3964393738551621 (0.00301393% change)
    iteration   15: trace = 0.3964368821116705 (0.000628533% change)
    iteration   16: trace = 0.3964361235319386 (0.00019135% change)
    iteration   17: trace = 0.396435948085372 (4.4256e-05% change)
    iteration   18: trace = 0.3964358625029196 (2.1588e-05% change)
    iteration   19: trace = 0.3964358317048151 (7.76875e-06% change)
    iteration   20: trace = 0.3964358182052183 (3.40524e-06% change)
    iteration   21: trace = 0.3964358145816648 (9.14033e-07% change)
    iteration   22: trace = 0.3964358136391575 (2.37745e-07% change)
    iteration   23: trace = 0.3964358134282817 (5.31929e-08% change)
    iteration   24: trace = 0.3964358133866506 (1.05014e-08% change)
    iteration   25: trace = 0.3964358133710142 (3.94424e-09% change)
Finished solving for bands 1 to 6 after 25 iterations.
tefreqs:, 1, -0.09, 0.14, 0, 0.143178, 0.064522, 0.149084, 0.171762, 0.301514, 0.323116, 0.38109
elapsed time for k point: 4.136125326156616
total elapsed time for run: 4.1847593784332275
done
Initializing eigensolver data
Computing 6 bands with 1e-10 tolerance
Working in 2 dimensions.
Grid size is 336 x 112 x 1.
Solving for 6 bands at a time.
Creating Maxwell data...
Mesh size is 3.
Lattice vectors:
     (3, 0, 0)
     (0, 1, 0)
     (0, 0, 1)
Cell volume = 3
Reciprocal lattice vectors (/ 2 pi):
     (0.333333, -0, 0)
     (-0, 1, -0)
     (0, -0, 1)
Geometric objects:
     block, center = (0,0,0)
          size (1e+20,1e+20,1)
          axes (1,0,0), (0,1,0), (0,0,1)
     prism, center = (0.000223607,-1.38778e-17,0.5)
          height 1, axis (0,0,1), sidewall angle: 0 radians, 4 vertices:
          (0.250224,0.25,0)
          (-0.249776,0.25,0)
          (-0.249776,-0.25,0)
          (0.250224,-0.25,0)
     prism, center = (1.00028,-1.38778e-17,0.5)
          height 1, axis (0,0,1), sidewall angle: 0 radians, 4 vertices:
          (1.25028,0.25,0)
          (0.750275,0.25,0)
          (0.750275,-0.25,0)
          (1.25028,-0.25,0)
     prism, center = (1.9995,-1.38778e-17,0.5)
          height 1, axis (0,0,1), sidewall angle: 0 radians, 4 vertices:
          (2.2495,0.25,0)
          (1.7495,0.25,0)
          (1.7495,-0.25,0)
          (2.2495,-0.25,0)
Geometric object tree has depth 2 and 21 object nodes (vs. 4 actual objects)
Initializing epsilon function...
Allocating fields...
Solving for band polarization: te.
Initializing fields to random numbers...
1 k-points
  Vector3<-0.09, 0.14, 0.0>
elapsed time for initialization: 0.08267688751220703
solve_kpoint (-0.09,0.14,0):
tefreqs:, k index, k1, k2, k3, kmag/2pi, te band 1, te band 2, te band 3, te band 4, te band 5, te band 6
Solving for bands 1 to 6...
    near maximum in trace
    iteration    1: trace = 2.213524343490075 (199.777% change)
    iteration    2: trace = 0.5542595196978441 (119.898% change)
    iteration    3: trace = 0.4609981297549666 (18.372% change)
    iteration    4: trace = 0.4208624872747816 (9.10249% change)
    iteration    5: trace = 0.4086521822623911 (2.94396% change)
    iteration    6: trace = 0.4016334860625463 (1.7324% change)
    iteration    7: trace = 0.3984360139621306 (0.799299% change)
    iteration    8: trace = 0.3962775702188207 (0.5432% change)
    iteration    9: trace = 0.3957240402023038 (0.13978% change)
    iteration   10: trace = 0.3955284590504325 (0.0494358% change)
    iteration   11: trace = 0.395478665989675 (0.0125898% change)
    iteration   12: trace = 0.3954469227904259 (0.00802685% change)
    iteration   13: trace = 0.3954335734032652 (0.00337583% change)
    iteration   14: trace = 0.3954278570880354 (0.00144559% change)
    iteration   15: trace = 0.3954266157649156 (0.000313919% change)
    iteration   16: trace = 0.3954262278622036 (9.80973e-05% change)
    iteration   17: trace = 0.3954261432287295 (2.14031e-05% change)
    iteration   18: trace = 0.3954261126250135 (7.73943e-06% change)
    iteration   19: trace = 0.3954261008226559 (2.98472e-06% change)
    iteration   20: trace = 0.395426094056103 (1.71121e-06% change)
    iteration   21: trace = 0.3954260920463422 (5.08252e-07% change)
    iteration   22: trace = 0.3954260915155391 (1.34236e-07% change)
    iteration   23: trace = 0.395426091391812 (3.12896e-08% change)
    iteration   24: trace = 0.3954260913631529 (7.24764e-09% change)
Finished solving for bands 1 to 6 after 24 iterations.
tefreqs:, 1, -0.09, 0.14, 0, 0.143178, 0.0644922, 0.148933, 0.171609, 0.300945, 0.322564, 0.380815
elapsed time for k point: 4.253300189971924
total elapsed time for run: 4.336065769195557
done
Initializing eigensolver data
Computing 6 bands with 1e-10 tolerance
Working in 2 dimensions.
Grid size is 336 x 112 x 1.
Solving for 6 bands at a time.
Creating Maxwell data...
Mesh size is 3.
Lattice vectors:
     (3, 0, 0)
     (0, 1, 0)
     (0, 0, 1)
Cell volume = 3
Reciprocal lattice vectors (/ 2 pi):
     (0.333333, -0, 0)
     (-0, 1, -0)
     (0, -0, 1)
Geometric objects:
     block, center = (0,0,0)
          size (1e+20,1e+20,1)
          axes (1,0,0), (0,1,0), (0,0,1)
     prism, center = (2.99978,-1.38778e-17,0.5)
          height 1, axis (0,0,1), sidewall angle: 0 radians, 4 vertices:
          (3.24978,0.25,0)
          (2.74978,0.25,0)
          (2.74978,-0.25,0)
          (3.24978,-0.25,0)
     prism, center = (0.999725,-1.38778e-17,0.5)
          height 1, axis (0,0,1), sidewall angle: 0 radians, 4 vertices:
          (1.24972,0.25,0)
          (0.749725,0.25,0)
          (0.749725,-0.25,0)
          (1.24972,-0.25,0)
     prism, center = (2.0005,-1.38778e-17,0.5)
          height 1, axis (0,0,1), sidewall angle: 0 radians, 4 vertices:
          (2.2505,0.25,0)
          (1.7505,0.25,0)
          (1.7505,-0.25,0)
          (2.2505,-0.25,0)
Geometric object tree has depth 2 and 21 object nodes (vs. 4 actual objects)
Initializing epsilon function...
Allocating fields...
Solving for band polarization: te.
Initializing fields to random numbers...
1 k-points
  Vector3<-0.09, 0.14, 0.0>
elapsed time for initialization: 0.04248046875
solve_kpoint (-0.09,0.14,0):
tefreqs:, k index, k1, k2, k3, kmag/2pi, te band 1, te band 2, te band 3, te band 4, te band 5, te band 6
Solving for bands 1 to 6...
    near maximum in trace
    iteration    1: trace = 2.438360287746199 (199.751% change)
    iteration    2: trace = 0.5561090415783611 (125.715% change)
    iteration    3: trace = 0.4592683726232196 (19.0748% change)
    iteration    4: trace = 0.423156665172099 (8.18465% change)
    iteration    5: trace = 0.4123743926335625 (2.58094% change)
    iteration    6: trace = 0.4051124369321119 (1.77665% change)
    iteration    7: trace = 0.4007146478331365 (1.0915% change)
    iteration    8: trace = 0.3971453305332543 (0.894723% change)
    iteration    9: trace = 0.3960166698377782 (0.284598% change)
    iteration   10: trace = 0.3955842867149891 (0.109243% change)
    iteration   11: trace = 0.3954972135763243 (0.0220137% change)
    iteration   12: trace = 0.3954558110326557 (0.010469% change)
    iteration   13: trace = 0.3954395463449313 (0.00411298% change)
    iteration   14: trace = 0.3954301446638228 (0.00237756% change)
    iteration   15: trace = 0.3954274247894102 (0.000687829% change)
    iteration   16: trace = 0.395426496804252 (0.000234679% change)
    iteration   17: trace = 0.3954262919458763 (5.1807e-05% change)
    iteration   18: trace = 0.3954262061470289 (2.16978e-05% change)
    iteration   19: trace = 0.3954261772432526 (7.30952e-06% change)
    iteration   20: trace = 0.3954261620925988 (3.83147e-06% change)
    iteration   21: trace = 0.3954261581737267 (9.9105e-07% change)
    iteration   22: trace = 0.3954261570225352 (2.91127e-07% change)
    iteration   23: trace = 0.3954261568063304 (5.46764e-08% change)
    iteration   24: trace = 0.3954261567636639 (1.079e-08% change)
    iteration   25: trace = 0.3954261567546285 (2.28499e-09% change)
Finished solving for bands 1 to 6 after 25 iterations.
tefreqs:, 1, -0.09, 0.14, 0, 0.143178, 0.0644922, 0.148933, 0.171609, 0.300945, 0.322564, 0.380815
elapsed time for k point: 3.6542909145355225
total elapsed time for run: 3.6968541145324707
done
Initializing eigensolver data
Computing 6 bands with 1e-10 tolerance
Working in 2 dimensions.
Grid size is 336 x 112 x 1.
Solving for 6 bands at a time.
Creating Maxwell data...
Mesh size is 3.
Lattice vectors:
     (3, 0, 0)
     (0, 1, 0)
     (0, 0, 1)
Cell volume = 3
Reciprocal lattice vectors (/ 2 pi):
     (0.333333, -0, 0)
     (-0, 1, -0)
     (0, -0, 1)
Geometric objects:
     block, center = (0,0,0)
          size (1e+20,1e+20,1)
          axes (1,0,0), (0,1,0), (0,0,1)
     prism, center = (0.000447214,-1.38778e-17,0.5)
          height 1, axis (0,0,1), sidewall angle: 0 radians, 4 vertices:
          (0.250447,0.25,0)
          (-0.249553,0.25,0)
          (-0.249553,-0.25,0)
          (0.250447,-0.25,0)
     prism, center = (1.00055,-1.38778e-17,0.5)
          height 1, axis (0,0,1), sidewall angle: 0 radians, 4 vertices:
          (1.25055,0.25,0)
          (0.750551,0.25,0)
          (0.750551,-0.25,0)
          (1.25055,-0.25,0)
     prism, center = (1.999,-1.38778e-17,0.5)
          height 1, axis (0,0,1), sidewall angle: 0 radians, 4 vertices:
          (2.249,0.25,0)
          (1.749,0.25,0)
          (1.749,-0.25,0)
          (2.249,-0.25,0)
Geometric object tree has depth 2 and 21 object nodes (vs. 4 actual objects)
Initializing epsilon function...
Allocating fields...
Solving for band polarization: te.
Initializing fields to random numbers...
1 k-points
  Vector3<-0.09, 0.14, 0.0>
elapsed time for initialization: 0.0455477237701416
solve_kpoint (-0.09,0.14,0):
tefreqs:, k index, k1, k2, k3, kmag/2pi, te band 1, te band 2, te band 3, te band 4, te band 5, te band 6
Solving for bands 1 to 6...
    near maximum in trace
    iteration    1: trace = 2.199133071713146 (199.776% change)
    iteration    2: trace = 0.5038546779074582 (125.437% change)
    iteration    3: trace = 0.4312266205155202 (15.5341% change)
    iteration    4: trace = 0.4068872010586381 (5.80814% change)
    iteration    5: trace = 0.4007632176992683 (1.51649% change)
    iteration    6: trace = 0.3976309649653065 (0.784638% change)
    iteration    7: trace = 0.396505128382816 (0.283537% change)
    iteration    8: trace = 0.395745674686969 (0.191721% change)
    iteration    9: trace = 0.3955455129646619 (0.0505912% change)
    iteration   10: trace = 0.3954764975306803 (0.0174497% change)
    iteration   11: trace = 0.3954654731184118 (0.00278767% change)
    iteration   12: trace = 0.3954611617300322 (0.00109021% change)
    iteration   13: trace = 0.3954592671320475 (0.000479087% change)
    iteration   14: trace = 0.3954581441651803 (0.000283966% change)
    iteration   15: trace = 0.3954578596389305 (7.19485e-05% change)
    iteration   16: trace = 0.3954577558330015 (2.62496e-05% change)
    iteration   17: trace = 0.3954577290316338 (6.7773e-06% change)
    iteration   18: trace = 0.3954577173188177 (2.96184e-06% change)
    iteration   19: trace = 0.3954577125865724 (1.19665e-06% change)
    iteration   20: trace = 0.3954577102713892 (5.85444e-07% change)
    iteration   21: trace = 0.395457709604647 (1.686e-07% change)
    iteration   22: trace = 0.3954577094527413 (3.84126e-08% change)
    iteration   23: trace = 0.3954577094184757 (8.66479e-09% change)
Finished solving for bands 1 to 6 after 23 iterations.
tefreqs:, 1, -0.09, 0.14, 0, 0.143178, 0.0644977, 0.148936, 0.171612, 0.300949, 0.322569, 0.380847
elapsed time for k point: 3.32659912109375
total elapsed time for run: 3.372232437133789
done
Initializing eigensolver data
Computing 6 bands with 1e-10 tolerance
Working in 2 dimensions.
Grid size is 336 x 112 x 1.
Solving for 6 bands at a time.
Creating Maxwell data...
Mesh size is 3.
Lattice vectors:
     (3, 0, 0)
     (0, 1, 0)
     (0, 0, 1)
Cell volume = 3
Reciprocal lattice vectors (/ 2 pi):
     (0.333333, -0, 0)
     (-0, 1, -0)
     (0, -0, 1)
Geometric objects:
     block, center = (0,0,0)
          size (1e+20,1e+20,1)
          axes (1,0,0), (0,1,0), (0,0,1)
     prism, center = (2.99955,-1.38778e-17,0.5)
          height 1, axis (0,0,1), sidewall angle: 0 radians, 4 vertices:
          (3.24955,0.25,0)
          (2.74955,0.25,0)
          (2.74955,-0.25,0)
          (3.24955,-0.25,0)
     prism, center = (0.999449,-1.38778e-17,0.5)
          height 1, axis (0,0,1), sidewall angle: 0 radians, 4 vertices:
          (1.24945,0.25,0)
          (0.749449,0.25,0)
          (0.749449,-0.25,0)
          (1.24945,-0.25,0)
     prism, center = (2.001,-1.38778e-17,0.5)
          height 1, axis (0,0,1), sidewall angle: 0 radians, 4 vertices:
          (2.251,0.25,0)
          (1.751,0.25,0)
          (1.751,-0.25,0)
          (2.251,-0.25,0)
Geometric object tree has depth 2 and 21 object nodes (vs. 4 actual objects)
Initializing epsilon function...
Allocating fields...
Solving for band polarization: te.
Initializing fields to random numbers...
1 k-points
  Vector3<-0.09, 0.14, 0.0>
elapsed time for initialization: 0.04445815086364746
solve_kpoint (-0.09,0.14,0):
tefreqs:, k index, k1, k2, k3, kmag/2pi, te band 1, te band 2, te band 3, te band 4, te band 5, te band 6
Solving for bands 1 to 6...
    near maximum in trace
    iteration    1: trace = 2.318732387409081 (199.765% change)
    iteration    2: trace = 0.6285423853188112 (114.695% change)
    iteration    3: trace = 0.4338808880154569 (36.6448% change)
    iteration    4: trace = 0.4130103751544251 (4.92873% change)
    iteration    5: trace = 0.402157022667505 (2.66285% change)
    iteration    6: trace = 0.3988378096870718 (0.828773% change)
    iteration    7: trace = 0.3965557725064752 (0.573813% change)
    iteration    8: trace = 0.3958630525034388 (0.174837% change)
    iteration    9: trace = 0.3955594094411423 (0.0767335% change)
    iteration   10: trace = 0.395501884531682 (0.0145437% change)
    iteration   11: trace = 0.3954761504258912 (0.00650691% change)
    iteration   12: trace = 0.3954665146341957 (0.00243653% change)
    iteration   13: trace = 0.3954605270677887 (0.00151406% change)
    iteration   14: trace = 0.3954586290821492 (0.000479944% change)
    iteration   15: trace = 0.3954580163987014 (0.00015493% change)
    iteration   16: trace = 0.395457898988665 (2.96896e-05% change)
    iteration   17: trace = 0.3954578638031335 (8.89742e-06% change)
    iteration   18: trace = 0.3954578521649814 (2.94296e-06% change)
    iteration   19: trace = 0.3954578462675265 (1.4913e-06% change)
    iteration   20: trace = 0.3954578438539912 (6.10314e-07% change)
    iteration   21: trace = 0.3954578430707325 (1.98064e-07% change)
    iteration   22: trace = 0.3954578428856015 (4.68143e-08% change)
    iteration   23: trace = 0.3954578428391493 (1.17464e-08% change)
    iteration   24: trace = 0.3954578428229603 (4.09375e-09% change)
Finished solving for bands 1 to 6 after 24 iterations.
tefreqs:, 1, -0.09, 0.14, 0, 0.143178, 0.0644977, 0.148936, 0.171612, 0.300949, 0.322569, 0.380847
elapsed time for k point: 3.931705951690674
total elapsed time for run: 3.976304531097412
done
Initializing eigensolver data
Computing 6 bands with 1e-10 tolerance
Working in 2 dimensions.
Grid size is 336 x 112 x 1.
Solving for 6 bands at a time.
Creating Maxwell data...
Mesh size is 3.
Lattice vectors:
     (3, 0, 0)
     (0, 1, 0)
     (0, 0, 1)
Cell volume = 3
Reciprocal lattice vectors (/ 2 pi):
     (0.333333, -0, 0)
     (-0, 1, -0)
     (0, -0, 1)
Geometric objects:
     block, center = (0,0,0)
          size (1e+20,1e+20,1)
          axes (1,0,0), (0,1,0), (0,0,1)
     prism, center = (0.000894427,-1.38778e-17,0.5)
          height 1, axis (0,0,1), sidewall angle: 0 radians, 4 vertices:
          (0.250894,0.25,0)
          (-0.249106,0.25,0)
          (-0.249106,-0.25,0)
          (0.250894,-0.25,0)
     prism, center = (1.0011,-1.38778e-17,0.5)
          height 1, axis (0,0,1), sidewall angle: 0 radians, 4 vertices:
          (1.2511,0.25,0)
          (0.751102,0.25,0)
          (0.751102,-0.25,0)
          (1.2511,-0.25,0)
     prism, center = (1.998,-1.38778e-17,0.5)
          height 1, axis (0,0,1), sidewall angle: 0 radians, 4 vertices:
          (2.248,0.25,0)
          (1.748,0.25,0)
          (1.748,-0.25,0)
          (2.248,-0.25,0)
Geometric object tree has depth 2 and 21 object nodes (vs. 4 actual objects)
Initializing epsilon function...
Allocating fields...
Solving for band polarization: te.
Initializing fields to random numbers...
1 k-points
  Vector3<-0.09, 0.14, 0.0>
elapsed time for initialization: 0.08898067474365234
solve_kpoint (-0.09,0.14,0):
tefreqs:, k index, k1, k2, k3, kmag/2pi, te band 1, te band 2, te band 3, te band 4, te band 5, te band 6
Solving for bands 1 to 6...
    near maximum in trace
    iteration    1: trace = 2.272890522524636 (199.769% change)
    iteration    2: trace = 0.6214003639557935 (114.121% change)
    iteration    3: trace = 0.4550158172093459 (30.9145% change)
    iteration    4: trace = 0.4328742672161892 (4.98745% change)
    iteration    5: trace = 0.4215647979922184 (2.64723% change)
    iteration    6: trace = 0.4169486444050768 (1.10103% change)
    iteration    7: trace = 0.4117842563697215 (1.24633% change)
    iteration    8: trace = 0.4052710681213521 (1.59431% change)
    iteration    9: trace = 0.3994283807410229 (1.45214% change)
    iteration   10: trace = 0.3970285374615405 (0.60263% change)
    iteration   11: trace = 0.3960271502793952 (0.252539% change)
    iteration   12: trace = 0.3957273161892008 (0.0757392% change)
    iteration   13: trace = 0.3955674761466085 (0.0403996% change)
    iteration   14: trace = 0.3955057242183598 (0.0156122% change)
    iteration   15: trace = 0.3954775531273107 (0.00712306% change)
    iteration   16: trace = 0.3954704074760519 (0.00180686% change)
    iteration   17: trace = 0.3954683686241123 (0.000515552% change)
    iteration   18: trace = 0.3954678013558302 (0.000143442% change)
    iteration   19: trace = 0.3954675615905338 (6.06283e-05% change)
    iteration   20: trace = 0.3954674529936845 (2.74604e-05% change)
    iteration   21: trace = 0.3954674103268557 (1.0789e-05% change)
    iteration   22: trace = 0.3954673992680766 (2.79638e-06% change)
    iteration   23: trace = 0.3954673969599564 (5.83644e-07% change)
    iteration   24: trace = 0.3954673963267152 (1.60125e-07% change)
    iteration   25: trace = 0.3954673961068531 (5.55955e-08% change)
    iteration   26: trace = 0.395467395967797 (3.51625e-08% change)
    iteration   27: trace = 0.3954673959100441 (1.46037e-08% change)
    iteration   28: trace = 0.3954673958899408 (5.08343e-09% change)
Finished solving for bands 1 to 6 after 28 iterations.
tefreqs:, 1, -0.09, 0.14, 0, 0.143178, 0.0645004, 0.148937, 0.171613, 0.300945, 0.32257, 0.38086
elapsed time for k point: 3.335873603820801
total elapsed time for run: 3.4249396324157715
done
Initializing eigensolver data
Computing 6 bands with 1e-10 tolerance
Working in 2 dimensions.
Grid size is 336 x 112 x 1.
Solving for 6 bands at a time.
Creating Maxwell data...
Mesh size is 3.
Lattice vectors:
     (3, 0, 0)
     (0, 1, 0)
     (0, 0, 1)
Cell volume = 3
Reciprocal lattice vectors (/ 2 pi):
     (0.333333, -0, 0)
     (-0, 1, -0)
     (0, -0, 1)
Geometric objects:
     block, center = (0,0,0)
          size (1e+20,1e+20,1)
          axes (1,0,0), (0,1,0), (0,0,1)
     prism, center = (2.99911,-1.38778e-17,0.5)
          height 1, axis (0,0,1), sidewall angle: 0 radians, 4 vertices:
          (3.24911,0.25,0)
          (2.74911,0.25,0)
          (2.74911,-0.25,0)
          (3.24911,-0.25,0)
     prism, center = (0.998898,-1.38778e-17,0.5)
          height 1, axis (0,0,1), sidewall angle: 0 radians, 4 vertices:
          (1.2489,0.25,0)
          (0.748898,0.25,0)
          (0.748898,-0.25,0)
          (1.2489,-0.25,0)
     prism, center = (2.002,-1.38778e-17,0.5)
          height 1, axis (0,0,1), sidewall angle: 0 radians, 4 vertices:
          (2.252,0.25,0)
          (1.752,0.25,0)
          (1.752,-0.25,0)
          (2.252,-0.25,0)
Geometric object tree has depth 2 and 21 object nodes (vs. 4 actual objects)
Initializing epsilon function...
Allocating fields...
Solving for band polarization: te.
Initializing fields to random numbers...
1 k-points
  Vector3<-0.09, 0.14, 0.0>
elapsed time for initialization: 0.039035797119140625
solve_kpoint (-0.09,0.14,0):
tefreqs:, k index, k1, k2, k3, kmag/2pi, te band 1, te band 2, te band 3, te band 4, te band 5, te band 6
Solving for bands 1 to 6...
    near maximum in trace
    iteration    1: trace = 2.05600880972741 (199.791% change)
    iteration    2: trace = 0.5243160531542278 (118.721% change)
    iteration    3: trace = 0.456246877106966 (13.8837% change)
    iteration    4: trace = 0.4327046644679203 (5.29662% change)
    iteration    5: trace = 0.4250494075997832 (1.78495% change)
    iteration    6: trace = 0.4212435524726177 (0.899418% change)
    iteration    7: trace = 0.419635115720781 (0.382561% change)
    large trace change predicted (1.23956%)
    iteration    8: trace = 0.4151695769810703 (1.06984% change)
    iteration    9: trace = 0.4075535155355469 (1.85143% change)
    iteration   10: trace = 0.4010077042982264 (1.61913% change)
    iteration   11: trace = 0.3985259520421334 (0.6208% change)
    iteration   12: trace = 0.396773108986966 (0.440801% change)
    iteration   13: trace = 0.3960477219967721 (0.182989% change)
    iteration   14: trace = 0.3956179823824173 (0.108566% change)
    iteration   15: trace = 0.3955216954136018 (0.0243413% change)
    iteration   16: trace = 0.3954816328973127 (0.0101295% change)
    iteration   17: trace = 0.3954734746139272 (0.00206289% change)
    iteration   18: trace = 0.3954697457885107 (0.000942881% change)
    iteration   19: trace = 0.3954683209277969 (0.000360296% change)
    iteration   20: trace = 0.3954675814940195 (0.000186977% change)
    iteration   21: trace = 0.3954674059717651 (4.43835e-05% change)
    iteration   22: trace = 0.3954673500218522 (1.41478e-05% change)
    iteration   23: trace = 0.3954673377964448 (3.09138e-06% change)
    iteration   24: trace = 0.3954673345797866 (8.13382e-07% change)
    iteration   25: trace = 0.3954673332816327 (3.28258e-07% change)
    iteration   26: trace = 0.3954673327151287 (1.43249e-07% change)
    iteration   27: trace = 0.3954673323813333 (8.44053e-08% change)
    iteration   28: trace = 0.3954673322789248 (2.58956e-08% change)
    iteration   29: trace = 0.3954673322492107 (7.51366e-09% change)
Finished solving for bands 1 to 6 after 29 iterations.
tefreqs:, 1, -0.09, 0.14, 0, 0.143178, 0.0645004, 0.148936, 0.171613, 0.300945, 0.322571, 0.38086
elapsed time for k point: 3.0548062324523926
total elapsed time for run: 3.0939290523529053
done
Initializing eigensolver data
Computing 6 bands with 1e-10 tolerance
Working in 2 dimensions.
Grid size is 336 x 112 x 1.
Solving for 6 bands at a time.
Creating Maxwell data...
Mesh size is 3.
Lattice vectors:
     (3, 0, 0)
     (0, 1, 0)
     (0, 0, 1)
Cell volume = 3
Reciprocal lattice vectors (/ 2 pi):
     (0.333333, -0, 0)
     (-0, 1, -0)
     (0, -0, 1)
Geometric objects:
     block, center = (0,0,0)
          size (1e+20,1e+20,1)
          axes (1,0,0), (0,1,0), (0,0,1)
     prism, center = (0.00245575,-1.38778e-17,0.5)
          height 1, axis (0,0,1), sidewall angle: 0 radians, 4 vertices:
          (0.252456,0.25,0)
          (-0.247544,0.25,0)
          (-0.247544,-0.25,0)
          (0.252456,-0.25,0)
     prism, center = (1.00251,-1.38778e-17,0.5)
          height 1, axis (0,0,1), sidewall angle: 0 radians, 4 vertices:
          (1.25251,0.25,0)
          (0.752508,0.25,0)
          (0.752508,-0.25,0)
          (1.25251,-0.25,0)
     prism, center = (2.00173,-1.38778e-17,0.5)
          height 1, axis (0,0,1), sidewall angle: 0 radians, 4 vertices:
          (2.25173,0.25,0)
          (1.75173,0.25,0)
          (1.75173,-0.25,0)
          (2.25173,-0.25,0)
Geometric object tree has depth 2 and 21 object nodes (vs. 4 actual objects)
Initializing epsilon function...
Allocating fields...
Solving for band polarization: te.
Initializing fields to random numbers...
1 k-points
  Vector3<-0.09, 0.14, 0.0>
elapsed time for initialization: 0.04320049285888672
solve_kpoint (-0.09,0.14,0):
tefreqs:, k index, k1, k2, k3, kmag/2pi, te band 1, te band 2, te band 3, te band 4, te band 5, te band 6
Solving for bands 1 to 6...
    near maximum in trace
    iteration    1: trace = 2.22644882355188 (199.774% change)
    iteration    2: trace = 0.6124612303659058 (113.705% change)
    iteration    3: trace = 0.4428624607814073 (32.1416% change)
    iteration    4: trace = 0.4246862734400858 (4.19024% change)
    iteration    5: trace = 0.4129983453055269 (2.79053% change)
    iteration    6: trace = 0.4078220607799326 (1.26125% change)
    iteration    7: trace = 0.4021491198606502 (1.40078% change)
    iteration    8: trace = 0.3984134405943478 (0.933264% change)
    iteration    9: trace = 0.3962683888471333 (0.539852% change)
    iteration   10: trace = 0.3957574173752153 (0.129029% change)
    iteration   11: trace = 0.3955754643965299 (0.0459865% change)
    iteration   12: trace = 0.3955175283356828 (0.0146471% change)
    iteration   13: trace = 0.3954842251365905 (0.00842051% change)
    iteration   14: trace = 0.3954731563909354 (0.00279882% change)
    iteration   15: trace = 0.3954685359911367 (0.00116833% change)
    iteration   16: trace = 0.3954675569327113 (0.00024757% change)
    iteration   17: trace = 0.3954672531833086 (7.68077e-05% change)
    iteration   18: trace = 0.3954671773562701 (1.9174e-05% change)
    iteration   19: trace = 0.3954671387433867 (9.76387e-06% change)
    iteration   20: trace = 0.3954671224650294 (4.11624e-06% change)
    iteration   21: trace = 0.3954671164652088 (1.51715e-06% change)
    iteration   22: trace = 0.3954671151423881 (3.34496e-07% change)
    iteration   23: trace = 0.3954671148252599 (8.01908e-08% change)
    iteration   24: trace = 0.3954671147275464 (2.47084e-08% change)
    iteration   25: trace = 0.3954671146899572 (9.50502e-09% change)
Finished solving for bands 1 to 6 after 25 iterations.
tefreqs:, 1, -0.09, 0.14, 0, 0.143178, 0.0645002, 0.148937, 0.171612, 0.30095, 0.322569, 0.380857
elapsed time for k point: 2.3782222270965576
total elapsed time for run: 2.4215075969696045
done
Initializing eigensolver data
Computing 6 bands with 1e-10 tolerance
Working in 2 dimensions.
Grid size is 336 x 112 x 1.
Solving for 6 bands at a time.
Creating Maxwell data...
Mesh size is 3.
Lattice vectors:
     (3, 0, 0)
     (0, 1, 0)
     (0, 0, 1)
Cell volume = 3
Reciprocal lattice vectors (/ 2 pi):
     (0.333333, -0, 0)
     (-0, 1, -0)
     (0, -0, 1)
Geometric objects:
     block, center = (0,0,0)
          size (1e+20,1e+20,1)
          axes (1,0,0), (0,1,0), (0,0,1)
     prism, center = (0.00200854,-1.38778e-17,0.5)
          height 1, axis (0,0,1), sidewall angle: 0 radians, 4 vertices:
          (0.252009,0.25,0)
          (-0.247991,0.25,0)
          (-0.247991,-0.25,0)
          (0.252009,-0.25,0)
     prism, center = (1.00196,-1.38778e-17,0.5)
          height 1, axis (0,0,1), sidewall angle: 0 radians, 4 vertices:
          (1.25196,0.25,0)
          (0.751957,0.25,0)
          (0.751957,-0.25,0)
          (1.25196,-0.25,0)
     prism, center = (2.00273,-1.38778e-17,0.5)
          height 1, axis (0,0,1), sidewall angle: 0 radians, 4 vertices:
          (2.25273,0.25,0)
          (1.75273,0.25,0)
          (1.75273,-0.25,0)
          (2.25273,-0.25,0)
Geometric object tree has depth 2 and 21 object nodes (vs. 4 actual objects)
Initializing epsilon function...
Allocating fields...
Solving for band polarization: te.
Initializing fields to random numbers...
1 k-points
  Vector3<-0.09, 0.14, 0.0>
elapsed time for initialization: 0.07291865348815918
solve_kpoint (-0.09,0.14,0):
tefreqs:, k index, k1, k2, k3, kmag/2pi, te band 1, te band 2, te band 3, te band 4, te band 5, te band 6
Solving for bands 1 to 6...
    near maximum in trace
    iteration    1: trace = 2.33486192779345 (199.763% change)
    iteration    2: trace = 0.5937701131105955 (118.901% change)
    iteration    3: trace = 0.4891303465416735 (19.3258% change)
    iteration    4: trace = 0.4471481387314462 (8.96789% change)
    iteration    5: trace = 0.4272102521491031 (4.56058% change)
    iteration    6: trace = 0.413164071564597 (3.34284% change)
    iteration    7: trace = 0.4062502518421984 (1.6875% change)
    iteration    8: trace = 0.4002541009331035 (1.48695% change)
    iteration    9: trace = 0.3973641899821628 (0.724635% change)
    iteration   10: trace = 0.395944904277257 (0.357814% change)
    iteration   11: trace = 0.3956241636233792 (0.0810392% change)
    iteration   12: trace = 0.395483463161448 (0.0355705% change)
    iteration   13: trace = 0.395438366234422 (0.0114036% change)
    iteration   14: trace = 0.3954128059872712 (0.00646398% change)
    iteration   15: trace = 0.3954030814959903 (0.00245936% change)
    iteration   16: trace = 0.3953992156376845 (0.000977705% change)
    iteration   17: trace = 0.3953983498463657 (0.000218967% change)
    iteration   18: trace = 0.3953981022963179 (6.26078e-05% change)
    iteration   19: trace = 0.3953980281798206 (1.87448e-05% change)
    iteration   20: trace = 0.3953979848376536 (1.09617e-05% change)
    iteration   21: trace = 0.3953979664404587 (4.65283e-06% change)
    iteration   22: trace = 0.3953979609377573 (1.39169e-06% change)
    iteration   23: trace = 0.3953979597102076 (3.10459e-07% change)
    iteration   24: trace = 0.3953979594501444 (6.57725e-08% change)
    iteration   25: trace = 0.3953979593739048 (1.92817e-08% change)
    iteration   26: trace = 0.3953979593544749 (4.91401e-09% change)
Finished solving for bands 1 to 6 after 26 iterations.
tefreqs:, 1, -0.09, 0.14, 0, 0.143178, 0.0644919, 0.148933, 0.171605, 0.300934, 0.322549, 0.380802
elapsed time for k point: 2.957308530807495
total elapsed time for run: 3.0303142070770264
done
Initializing eigensolver data
Computing 6 bands with 1e-10 tolerance
Working in 2 dimensions.
Grid size is 336 x 112 x 1.
Solving for 6 bands at a time.
Creating Maxwell data...
Mesh size is 3.
Lattice vectors:
     (3, 0, 0)
     (0, 1, 0)
     (0, 0, 1)
Cell volume = 3
Reciprocal lattice vectors (/ 2 pi):
     (0.333333, -0, 0)
     (-0, 1, -0)
     (0, -0, 1)
Geometric objects:
     block, center = (0,0,0)
          size (1e+20,1e+20,1)
          axes (1,0,0), (0,1,0), (0,0,1)
     prism, center = (0.00267936,-1.38778e-17,0.5)
          height 1, axis (0,0,1), sidewall angle: 0 radians, 4 vertices:
          (0.252679,0.25,0)
          (-0.247321,0.25,0)
          (-0.247321,-0.25,0)
          (0.252679,-0.25,0)
     prism, center = (1.00278,-1.38778e-17,0.5)
          height 1, axis (0,0,1), sidewall angle: 0 radians, 4 vertices:
          (1.25278,0.25,0)
          (0.752783,0.25,0)
          (0.752783,-0.25,0)
          (1.25278,-0.25,0)
     prism, center = (2.00123,-1.38778e-17,0.5)
          height 1, axis (0,0,1), sidewall angle: 0 radians, 4 vertices:
          (2.25123,0.25,0)
          (1.75123,0.25,0)
          (1.75123,-0.25,0)
          (2.25123,-0.25,0)
Geometric object tree has depth 2 and 21 object nodes (vs. 4 actual objects)
Initializing epsilon function...
Allocating fields...
Solving for band polarization: te.
Initializing fields to random numbers...
1 k-points
  Vector3<-0.09, 0.14, 0.0>
elapsed time for initialization: 0.044274330139160156
solve_kpoint (-0.09,0.14,0):
tefreqs:, k index, k1, k2, k3, kmag/2pi, te band 1, te band 2, te band 3, te band 4, te band 5, te band 6
Solving for bands 1 to 6...
    near maximum in trace
    iteration    1: trace = 2.438925613880766 (199.753% change)
    iteration    2: trace = 0.6754394809666093 (113.249% change)
    iteration    3: trace = 0.4411377031695601 (41.9679% change)
    iteration    4: trace = 0.4179374786359261 (5.40121% change)
    iteration    5: trace = 0.4057444217381966 (2.96062% change)
    iteration    6: trace = 0.4019821484926361 (0.931571% change)
    iteration    7: trace = 0.3986330237137519 (0.836638% change)
    iteration    8: trace = 0.3968376813095887 (0.451391% change)
    iteration    9: trace = 0.3957853379592572 (0.265534% change)
    iteration   10: trace = 0.3955597251452539 (0.0570201% change)
    iteration   11: trace = 0.3954892093968264 (0.0178284% change)
    iteration   12: trace = 0.3954748574316209 (0.00362898% change)
    iteration   13: trace = 0.395467510436054 (0.00185778% change)
    iteration   14: trace = 0.3954647428352496 (0.000699833% change)
    iteration   15: trace = 0.3954633399226142 (0.000354751% change)
    iteration   16: trace = 0.3954629264725919 (0.000104548% change)
    iteration   17: trace = 0.395462807325471 (3.01285e-05% change)
    iteration   18: trace = 0.395462783602272 (5.99884e-06% change)
    iteration   19: trace = 0.3954627769861992 (1.673e-06% change)
    iteration   20: trace = 0.395462774529623 (6.2119e-07% change)
    iteration   21: trace = 0.3954627732957195 (3.12015e-07% change)
    iteration   22: trace = 0.3954627728160207 (1.21301e-07% change)
    iteration   23: trace = 0.3954627726620396 (3.8937e-08% change)
    iteration   24: trace = 0.395462772617762 (1.11964e-08% change)
    iteration   25: trace = 0.3954627726057907 (3.02717e-09% change)
Finished solving for bands 1 to 6 after 25 iterations.
tefreqs:, 1, -0.09, 0.14, 0, 0.143178, 0.0644997, 0.148937, 0.171612, 0.300948, 0.322569, 0.380854
elapsed time for k point: 3.3847317695617676
total elapsed time for run: 3.4290854930877686
done
Initializing eigensolver data
Computing 6 bands with 1e-10 tolerance
Working in 2 dimensions.
Grid size is 336 x 112 x 1.
Solving for 6 bands at a time.
Creating Maxwell data...
Mesh size is 3.
Lattice vectors:
     (3, 0, 0)
     (0, 1, 0)
     (0, 0, 1)
Cell volume = 3
Reciprocal lattice vectors (/ 2 pi):
     (0.333333, -0, 0)
     (-0, 1, -0)
     (0, -0, 1)
Geometric objects:
     block, center = (0,0,0)
          size (1e+20,1e+20,1)
          axes (1,0,0), (0,1,0), (0,0,1)
     prism, center = (0.00178493,-1.38778e-17,0.5)
          height 1, axis (0,0,1), sidewall angle: 0 radians, 4 vertices:
          (0.251785,0.25,0)
          (-0.248215,0.25,0)
          (-0.248215,-0.25,0)
          (0.251785,-0.25,0)
     prism, center = (1.00168,-1.38778e-17,0.5)
          height 1, axis (0,0,1), sidewall angle: 0 radians, 4 vertices:
          (1.25168,0.25,0)
          (0.751681,0.25,0)
          (0.751681,-0.25,0)
          (1.25168,-0.25,0)
     prism, center = (2.00323,-1.38778e-17,0.5)
          height 1, axis (0,0,1), sidewall angle: 0 radians, 4 vertices:
          (2.25323,0.25,0)
          (1.75323,0.25,0)
          (1.75323,-0.25,0)
          (2.25323,-0.25,0)
Geometric object tree has depth 2 and 21 object nodes (vs. 4 actual objects)
Initializing epsilon function...
Allocating fields...
Solving for band polarization: te.
Initializing fields to random numbers...
1 k-points
  Vector3<-0.09, 0.14, 0.0>
elapsed time for initialization: 0.05561542510986328
solve_kpoint (-0.09,0.14,0):
tefreqs:, k index, k1, k2, k3, kmag/2pi, te band 1, te band 2, te band 3, te band 4, te band 5, te band 6
Solving for bands 1 to 6...
    near maximum in trace
    iteration    1: trace = 2.264485804202966 (199.77% change)
    iteration    2: trace = 0.5116559477708813 (126.278% change)
    iteration    3: trace = 0.4414684965438709 (14.7279% change)
    iteration    4: trace = 0.4216253834025012 (4.59814% change)
    iteration    5: trace = 0.4142533992709242 (1.76389% change)
    iteration    6: trace = 0.4056191492086077 (2.10624% change)
    iteration    7: trace = 0.4006285766179926 (1.23797% change)
    iteration    8: trace = 0.3973054014242414 (0.832945% change)
    iteration    9: trace = 0.3962716304937203 (0.260534% change)
    iteration   10: trace = 0.3957601106883582 (0.129166% change)
    iteration   11: trace = 0.3956013286439655 (0.0401288% change)
    iteration   12: trace = 0.3954968194461337 (0.0264213% change)
    iteration   13: trace = 0.3954662211722779 (0.00773697% change)
    iteration   14: trace = 0.3954545823689444 (0.0029431% change)
    iteration   15: trace = 0.3954522131171059 (0.000599123% change)
    iteration   16: trace = 0.3954515185909743 (0.000175628% change)
    iteration   17: trace = 0.3954513765973952 (3.59067e-05% change)
    iteration   18: trace = 0.3954513225329368 (1.36716e-05% change)
    iteration   19: trace = 0.3954512999987031 (5.69836e-06% change)
    iteration   20: trace = 0.3954512881237918 (3.00288e-06% change)
    iteration   21: trace = 0.3954512848004714 (8.40387e-07% change)
    iteration   22: trace = 0.3954512838880085 (2.3074e-07% change)
    iteration   23: trace = 0.3954512836502492 (6.01235e-08% change)
    iteration   24: trace = 0.3954512835811174 (1.74817e-08% change)
    iteration   25: trace = 0.3954512835482618 (8.3084e-09% change)
Finished solving for bands 1 to 6 after 25 iterations.
tefreqs:, 1, -0.09, 0.14, 0, 0.143178, 0.0644975, 0.148936, 0.171612, 0.300948, 0.322568, 0.38084
elapsed time for k point: 3.0897724628448486
total elapsed time for run: 3.145472526550293
done
Initializing eigensolver data
Computing 6 bands with 1e-10 tolerance
Working in 2 dimensions.
Grid size is 336 x 112 x 1.
Solving for 6 bands at a time.
Creating Maxwell data...
Mesh size is 3.
Lattice vectors:
     (3, 0, 0)
     (0, 1, 0)
     (0, 0, 1)
Cell volume = 3
Reciprocal lattice vectors (/ 2 pi):
     (0.333333, -0, 0)
     (-0, 1, -0)
     (0, -0, 1)
Geometric objects:
     block, center = (0,0,0)
          size (1e+20,1e+20,1)
          axes (1,0,0), (0,1,0), (0,0,1)
     prism, center = (0.00312657,-1.38778e-17,0.5)
          height 1, axis (0,0,1), sidewall angle: 0 radians, 4 vertices:
          (0.253127,0.25,0)
          (-0.246873,0.25,0)
          (-0.246873,-0.25,0)
          (0.253127,-0.25,0)
     prism, center = (1.00333,-1.38778e-17,0.5)
          height 1, axis (0,0,1), sidewall angle: 0 radians, 4 vertices:
          (1.25333,0.25,0)
          (0.753334,0.25,0)
          (0.753334,-0.25,0)
          (1.25333,-0.25,0)
     prism, center = (2.00024,-1.38778e-17,0.5)
          height 1, axis (0,0,1), sidewall angle: 0 radians, 4 vertices:
          (2.25024,0.25,0)
          (1.75024,0.25,0)
          (1.75024,-0.25,0)
          (2.25024,-0.25,0)
Geometric object tree has depth 2 and 21 object nodes (vs. 4 actual objects)
Initializing epsilon function...
Allocating fields...
Solving for band polarization: te.
Initializing fields to random numbers...
1 k-points
  Vector3<-0.09, 0.14, 0.0>
elapsed time for initialization: 0.04238319396972656
solve_kpoint (-0.09,0.14,0):
tefreqs:, k index, k1, k2, k3, kmag/2pi, te band 1, te band 2, te band 3, te band 4, te band 5, te band 6
Solving for bands 1 to 6...
    near maximum in trace
    iteration    1: trace = 2.636194148447532 (199.734% change)
    iteration    2: trace = 0.6881295488831477 (117.201% change)
    iteration    3: trace = 0.4659350833999126 (38.5064% change)
    iteration    4: trace = 0.427079977693994 (8.702% change)
    iteration    5: trace = 0.4060863387438102 (5.03948% change)
    iteration    6: trace = 0.4005735142237121 (1.36683% change)
    iteration    7: trace = 0.3975589557311062 (0.755403% change)
    iteration    8: trace = 0.3964244555674512 (0.285774% change)
    iteration    9: trace = 0.3957416989980798 (0.172377% change)
    iteration   10: trace = 0.3955766413656389 (0.0417171% change)
    iteration   11: trace = 0.3955183482901379 (0.0147373% change)
    iteration   12: trace = 0.3955062772866069 (0.00305199% change)
    iteration   13: trace = 0.3955002744820539 (0.00151776% change)
    iteration   14: trace = 0.3954981062619286 (0.000548224% change)
    iteration   15: trace = 0.3954969168930711 (0.000300727% change)
    iteration   16: trace = 0.3954966112225971 (7.72877e-05% change)
    iteration   17: trace = 0.3954964903666309 (3.0558e-05% change)
    iteration   18: trace = 0.3954964621870299 (7.12512e-06% change)
    iteration   19: trace = 0.3954964502820811 (3.01013e-06% change)
    iteration   20: trace = 0.3954964449575021 (1.3463e-06% change)
    iteration   21: trace = 0.3954964420338258 (7.39242e-07% change)
    iteration   22: trace = 0.3954964412394304 (2.0086e-07% change)
    iteration   23: trace = 0.3954964410557163 (4.64515e-08% change)
    iteration   24: trace = 0.3954964410181558 (9.49705e-09% change)
Finished solving for bands 1 to 6 after 24 iterations.
tefreqs:, 1, -0.09, 0.14, 0, 0.143178, 0.0645021, 0.14894, 0.171616, 0.300957, 0.322585, 0.380874
elapsed time for k point: 3.1575543880462646
total elapsed time for run: 3.200021982192993
done
Initializing eigensolver data
Computing 6 bands with 1e-10 tolerance
Working in 2 dimensions.
Grid size is 336 x 112 x 1.
Solving for 6 bands at a time.
Creating Maxwell data...
Mesh size is 3.
Lattice vectors:
     (3, 0, 0)
     (0, 1, 0)
     (0, 0, 1)
Cell volume = 3
Reciprocal lattice vectors (/ 2 pi):
     (0.333333, -0, 0)
     (-0, 1, -0)
     (0, -0, 1)
Geometric objects:
     block, center = (0,0,0)
          size (1e+20,1e+20,1)
          axes (1,0,0), (0,1,0), (0,0,1)
     prism, center = (0.00133772,-1.38778e-17,0.5)
          height 1, axis (0,0,1), sidewall angle: 0 radians, 4 vertices:
          (0.251338,0.25,0)
          (-0.248662,0.25,0)
          (-0.248662,-0.25,0)
          (0.251338,-0.25,0)
     prism, center = (1.00113,-1.38778e-17,0.5)
          height 1, axis (0,0,1), sidewall angle: 0 radians, 4 vertices:
          (1.25113,0.25,0)
          (0.75113,0.25,0)
          (0.75113,-0.25,0)
          (1.25113,-0.25,0)
     prism, center = (2.00423,-1.38778e-17,0.5)
          height 1, axis (0,0,1), sidewall angle: 0 radians, 4 vertices:
          (2.25423,0.25,0)
          (1.75423,0.25,0)
          (1.75423,-0.25,0)
          (2.25423,-0.25,0)
Geometric object tree has depth 2 and 21 object nodes (vs. 4 actual objects)
Initializing epsilon function...
Allocating fields...
Solving for band polarization: te.
Initializing fields to random numbers...
1 k-points
  Vector3<-0.09, 0.14, 0.0>
elapsed time for initialization: 0.03926348686218262
solve_kpoint (-0.09,0.14,0):
tefreqs:, k index, k1, k2, k3, kmag/2pi, te band 1, te band 2, te band 3, te band 4, te band 5, te band 6
Solving for bands 1 to 6...
    near maximum in trace
    iteration    1: trace = 1.850695635938941 (199.812% change)
    iteration    2: trace = 0.5855529532855892 (103.86% change)
    iteration    3: trace = 0.4402163999399324 (28.3371% change)
    iteration    4: trace = 0.4242536000124796 (3.69308% change)
    iteration    5: trace = 0.4126695544542672 (2.76825% change)
    iteration    6: trace = 0.4073881775507581 (1.28805% change)
    iteration    7: trace = 0.4018280432691722 (1.3742% change)
    iteration    8: trace = 0.398330109145716 (0.874311% change)
    iteration    9: trace = 0.3963420816746591 (0.500339% change)
    iteration   10: trace = 0.3958780813809734 (0.117139% change)
    iteration   11: trace = 0.3956989366057203 (0.0452628% change)
    iteration   12: trace = 0.3956461192024687 (0.0133488% change)
    iteration   13: trace = 0.3956145287058094 (0.00798485% change)
    iteration   14: trace = 0.3956033578689121 (0.00282371% change)
    iteration   15: trace = 0.3955979272432035 (0.00137275% change)
    iteration   16: trace = 0.3955966123430479 (0.000332384% change)
    iteration   17: trace = 0.3955961883419457 (0.00010718% change)
    iteration   18: trace = 0.3955960843484637 (2.62878e-05% change)
    iteration   19: trace = 0.3955960401279207 (1.11782e-05% change)
    iteration   20: trace = 0.3955960199442853 (5.10208e-06% change)
    iteration   21: trace = 0.3955960119493362 (2.02099e-06% change)
    iteration   22: trace = 0.3955960098351564 (5.34429e-07% change)
    iteration   23: trace = 0.3955960094054669 (1.08618e-07% change)
    iteration   24: trace = 0.3955960092905505 (2.90489e-08% change)
    iteration   25: trace = 0.395596009257983 (8.23252e-09% change)
Finished solving for bands 1 to 6 after 25 iterations.
tefreqs:, 1, -0.09, 0.14, 0, 0.143178, 0.0645172, 0.148948, 0.171623, 0.300974, 0.322604, 0.380966
elapsed time for k point: 2.9347169399261475
total elapsed time for run: 2.9740664958953857
done
Initializing eigensolver data
Computing 6 bands with 1e-10 tolerance
Working in 2 dimensions.
Grid size is 336 x 112 x 1.
Solving for 6 bands at a time.
Creating Maxwell data...
Mesh size is 3.
Lattice vectors:
     (3, 0, 0)
     (0, 1, 0)
     (0, 0, 1)
Cell volume = 3
Reciprocal lattice vectors (/ 2 pi):
     (0.333333, -0, 0)
     (-0, 1, -0)
     (0, -0, 1)
Geometric objects:
     block, center = (0,0,0)
          size (1e+20,1e+20,1)
          axes (1,0,0), (0,1,0), (0,0,1)
     prism, center = (0.00468789,-1.38778e-17,0.5)
          height 1, axis (0,0,1), sidewall angle: 0 radians, 4 vertices:
          (0.254688,0.25,0)
          (-0.245312,0.25,0)
          (-0.245312,-0.25,0)
          (0.254688,-0.25,0)
     prism, center = (1.00474,-1.38778e-17,0.5)
          height 1, axis (0,0,1), sidewall angle: 0 radians, 4 vertices:
          (1.25474,0.25,0)
          (0.75474,0.25,0)
          (0.75474,-0.25,0)
          (1.25474,-0.25,0)
     prism, center = (2.00397,-1.38778e-17,0.5)
          height 1, axis (0,0,1), sidewall angle: 0 radians, 4 vertices:
          (2.25397,0.25,0)
          (1.75397,0.25,0)
          (1.75397,-0.25,0)
          (2.25397,-0.25,0)
Geometric object tree has depth 2 and 21 object nodes (vs. 4 actual objects)
Initializing epsilon function...
Allocating fields...
Solving for band polarization: te.
Initializing fields to random numbers...
1 k-points
  Vector3<-0.09, 0.14, 0.0>
elapsed time for initialization: 0.043035268783569336
solve_kpoint (-0.09,0.14,0):
tefreqs:, k index, k1, k2, k3, kmag/2pi, te band 1, te band 2, te band 3, te band 4, te band 5, te band 6
Solving for bands 1 to 6...
    near maximum in trace
    iteration    1: trace = 2.362724520058079 (199.762% change)
    iteration    2: trace = 0.5975302604397609 (119.26% change)
    iteration    3: trace = 0.437733975011541 (30.8706% change)
    iteration    4: trace = 0.4141876683149592 (5.52781% change)
    iteration    5: trace = 0.4047845437827234 (2.29632% change)
    iteration    6: trace = 0.40101200124512 (0.936351% change)
    iteration    7: trace = 0.3978574243118771 (0.78976% change)
    iteration    8: trace = 0.396602119429441 (0.316015% change)
    iteration    9: trace = 0.3959169596372536 (0.172907% change)
    iteration   10: trace = 0.39575648266208 (0.0405412% change)
    iteration   11: trace = 0.3957014541005524 (0.0139056% change)
    iteration   12: trace = 0.3956825832504746 (0.00476908% change)
    iteration   13: trace = 0.3956703297064004 (0.00309686% change)
    iteration   14: trace = 0.3956659252235402 (0.00111318% change)
    iteration   15: trace = 0.3956646514272995 (0.000321938% change)
    iteration   16: trace = 0.3956643397450131 (7.87744e-05% change)
    iteration   17: trace = 0.3956642593416929 (2.03211e-05% change)
    iteration   18: trace = 0.3956642243035002 (8.85554e-06% change)
    iteration   19: trace = 0.3956642090203416 (3.86266e-06% change)
    iteration   20: trace = 0.3956642016902923 (1.85259e-06% change)
    iteration   21: trace = 0.3956641997636721 (4.86933e-07% change)
    iteration   22: trace = 0.3956641991886833 (1.45322e-07% change)
    iteration   23: trace = 0.3956641990801696 (2.74257e-08% change)
    iteration   24: trace = 0.3956641990463267 (8.55343e-09% change)
Finished solving for bands 1 to 6 after 24 iterations.
tefreqs:, 1, -0.09, 0.14, 0, 0.143178, 0.0645255, 0.148956, 0.17163, 0.301002, 0.322622, 0.38101
elapsed time for k point: 2.4460256099700928
total elapsed time for run: 2.489149332046509
done
Initializing eigensolver data
Computing 6 bands with 1e-10 tolerance
Working in 2 dimensions.
Grid size is 336 x 112 x 1.
Solving for 6 bands at a time.
Creating Maxwell data...
Mesh size is 3.
Lattice vectors:
     (3, 0, 0)
     (0, 1, 0)
     (0, 0, 1)
Cell volume = 3
Reciprocal lattice vectors (/ 2 pi):
     (0.333333, -0, 0)
     (-0, 1, -0)
     (0, -0, 1)
Geometric objects:
     block, center = (0,0,0)
          size (1e+20,1e+20,1)
          axes (1,0,0), (0,1,0), (0,0,1)
     prism, center = (0.00424068,-1.38778e-17,0.5)
          height 1, axis (0,0,1), sidewall angle: 0 radians, 4 vertices:
          (0.254241,0.25,0)
          (-0.245759,0.25,0)
          (-0.245759,-0.25,0)
          (0.254241,-0.25,0)
     prism, center = (1.00419,-1.38778e-17,0.5)
          height 1, axis (0,0,1), sidewall angle: 0 radians, 4 vertices:
          (1.25419,0.25,0)
          (0.754189,0.25,0)
          (0.754189,-0.25,0)
          (1.25419,-0.25,0)
     prism, center = (2.00496,-1.38778e-17,0.5)
          height 1, axis (0,0,1), sidewall angle: 0 radians, 4 vertices:
          (2.25496,0.25,0)
          (1.75496,0.25,0)
          (1.75496,-0.25,0)
          (2.25496,-0.25,0)
Geometric object tree has depth 2 and 21 object nodes (vs. 4 actual objects)
Initializing epsilon function...
Allocating fields...
Solving for band polarization: te.
Initializing fields to random numbers...
1 k-points
  Vector3<-0.09, 0.14, 0.0>
elapsed time for initialization: 0.042780160903930664
solve_kpoint (-0.09,0.14,0):
tefreqs:, k index, k1, k2, k3, kmag/2pi, te band 1, te band 2, te band 3, te band 4, te band 5, te band 6
Solving for bands 1 to 6...
    near maximum in trace
    iteration    1: trace = 1.953343632146404 (199.802% change)
    iteration    2: trace = 0.5187948525510345 (116.057% change)
    iteration    3: trace = 0.4432346557293922 (15.7085% change)
    iteration    4: trace = 0.4137179653039049 (6.88876% change)
    iteration    5: trace = 0.404174118371768 (2.33377% change)
    iteration    6: trace = 0.3998867869305057 (1.06642% change)
    iteration    7: trace = 0.3979698651363069 (0.480518% change)
    iteration    8: trace = 0.3965302791822327 (0.362388% change)
    iteration    9: trace = 0.3959915318047719 (0.135958% change)
    iteration   10: trace = 0.3957688264562694 (0.0562557% change)
    iteration   11: trace = 0.3957037074578336 (0.0164552% change)
    iteration   12: trace = 0.3956798594647866 (0.00602691% change)
    iteration   13: trace = 0.3956702931219594 (0.00241773% change)
    iteration   14: trace = 0.3956662736955262 (0.00101586% change)
    iteration   15: trace = 0.3956646982200416 (0.000398184% change)
    iteration   16: trace = 0.3956643095801328 (9.82246e-05% change)
    iteration   17: trace = 0.3956642044623935 (2.65674e-05% change)
    iteration   18: trace = 0.3956641857062317 (4.74042e-06% change)
    iteration   19: trace = 0.3956641801919771 (1.39367e-06% change)
    iteration   20: trace = 0.3956641784349524 (4.4407e-07% change)
    iteration   21: trace = 0.3956641771268007 (3.30622e-07% change)
    iteration   22: trace = 0.395664176638721 (1.23357e-07% change)
    iteration   23: trace = 0.3956641764585396 (4.5539e-08% change)
    iteration   24: trace = 0.39566417641927 (9.92498e-09% change)
Finished solving for bands 1 to 6 after 24 iterations.
tefreqs:, 1, -0.09, 0.14, 0, 0.143178, 0.0645254, 0.148956, 0.17163, 0.301002, 0.322622, 0.38101
elapsed time for k point: 2.2293541431427
total elapsed time for run: 2.2722222805023193
done
Initializing eigensolver data
Computing 6 bands with 1e-10 tolerance
Working in 2 dimensions.
Grid size is 336 x 112 x 1.
Solving for 6 bands at a time.
Creating Maxwell data...
Mesh size is 3.
Lattice vectors:
     (3, 0, 0)
     (0, 1, 0)
     (0, 0, 1)
Cell volume = 3
Reciprocal lattice vectors (/ 2 pi):
     (0.333333, -0, 0)
     (-0, 1, -0)
     (0, -0, 1)
Geometric objects:
     block, center = (0,0,0)
          size (1e+20,1e+20,1)
          axes (1,0,0), (0,1,0), (0,0,1)
     prism, center = (0.0049115,-1.38778e-17,0.5)
          height 1, axis (0,0,1), sidewall angle: 0 radians, 4 vertices:
          (0.254911,0.25,0)
          (-0.245089,0.25,0)
          (-0.245089,-0.25,0)
          (0.254911,-0.25,0)
     prism, center = (1.00502,-1.38778e-17,0.5)
          height 1, axis (0,0,1), sidewall angle: 0 radians, 4 vertices:
          (1.25502,0.25,0)
          (0.755015,0.25,0)
          (0.755015,-0.25,0)
          (1.25502,-0.25,0)
     prism, center = (2.00347,-1.38778e-17,0.5)
          height 1, axis (0,0,1), sidewall angle: 0 radians, 4 vertices:
          (2.25347,0.25,0)
          (1.75347,0.25,0)
          (1.75347,-0.25,0)
          (2.25347,-0.25,0)
Geometric object tree has depth 2 and 21 object nodes (vs. 4 actual objects)
Initializing epsilon function...
Allocating fields...
Solving for band polarization: te.
Initializing fields to random numbers...
1 k-points
  Vector3<-0.09, 0.14, 0.0>
elapsed time for initialization: 0.06262397766113281
solve_kpoint (-0.09,0.14,0):
tefreqs:, k index, k1, k2, k3, kmag/2pi, te band 1, te band 2, te band 3, te band 4, te band 5, te band 6
Solving for bands 1 to 6...
    near maximum in trace
    iteration    1: trace = 2.466795783266743 (199.751% change)
    iteration    2: trace = 0.629387764183073 (118.689% change)
    iteration    3: trace = 0.4430849542616612 (34.7427% change)
    iteration    4: trace = 0.4142904134329288 (6.7169% change)
    iteration    5: trace = 0.4033324112027873 (2.68045% change)
    iteration    6: trace = 0.4000169554996582 (0.825408% change)
    iteration    7: trace = 0.3976186938663265 (0.601343% change)
    iteration    8: trace = 0.3965161620346735 (0.277669% change)
    iteration    9: trace = 0.3958239379096612 (0.174729% change)
    iteration   10: trace = 0.3956585922654318 (0.0417812% change)
    iteration   11: trace = 0.3956009330897516 (0.014574% change)
    iteration   12: trace = 0.3955876977182907 (0.00334569% change)
    iteration   13: trace = 0.3955806002123183 (0.00179418% change)
    iteration   14: trace = 0.3955779623894288 (0.000666825% change)
    iteration   15: trace = 0.3955767571945303 (0.000304667% change)
    iteration   16: trace = 0.3955764339190563 (8.17226e-05% change)
    iteration   17: trace = 0.395576337864028 (2.42823e-05% change)
    iteration   18: trace = 0.3955763131264841 (6.25355e-06% change)
    iteration   19: trace = 0.3955763044715659 (2.18793e-06% change)
    iteration   20: trace = 0.3955763005951884 (9.79932e-07% change)
    iteration   21: trace = 0.3955762987035204 (4.78206e-07% change)
    iteration   22: trace = 0.3955762980836163 (1.56709e-07% change)
    iteration   23: trace = 0.3955762979539768 (3.27723e-08% change)
    iteration   24: trace = 0.395576297918785 (8.89632e-09% change)
Finished solving for bands 1 to 6 after 24 iterations.
tefreqs:, 1, -0.09, 0.14, 0, 0.143178, 0.0645138, 0.148949, 0.171622, 0.30098, 0.322601, 0.380938
elapsed time for k point: 2.542055130004883
total elapsed time for run: 2.604762077331543
done
Initializing eigensolver data
Computing 6 bands with 1e-10 tolerance
Working in 2 dimensions.
Grid size is 336 x 112 x 1.
Solving for 6 bands at a time.
Creating Maxwell data...
Mesh size is 3.
Lattice vectors:
     (3, 0, 0)
     (0, 1, 0)
     (0, 0, 1)
Cell volume = 3
Reciprocal lattice vectors (/ 2 pi):
     (0.333333, -0, 0)
     (-0, 1, -0)
     (0, -0, 1)
Geometric objects:
     block, center = (0,0,0)
          size (1e+20,1e+20,1)
          axes (1,0,0), (0,1,0), (0,0,1)
     prism, center = (0.00401707,-1.38778e-17,0.5)
          height 1, axis (0,0,1), sidewall angle: 0 radians, 4 vertices:
          (0.254017,0.25,0)
          (-0.245983,0.25,0)
          (-0.245983,-0.25,0)
          (0.254017,-0.25,0)
     prism, center = (1.00391,-1.38778e-17,0.5)
          height 1, axis (0,0,1), sidewall angle: 0 radians, 4 vertices:
          (1.25391,0.25,0)
          (0.753913,0.25,0)
          (0.753913,-0.25,0)
          (1.25391,-0.25,0)
     prism, center = (2.00546,-1.38778e-17,0.5)
          height 1, axis (0,0,1), sidewall angle: 0 radians, 4 vertices:
          (2.25546,0.25,0)
          (1.75546,0.25,0)
          (1.75546,-0.25,0)
          (2.25546,-0.25,0)
Geometric object tree has depth 2 and 21 object nodes (vs. 4 actual objects)
Initializing epsilon function...
Allocating fields...
Solving for band polarization: te.
Initializing fields to random numbers...
1 k-points
  Vector3<-0.09, 0.14, 0.0>
elapsed time for initialization: 0.03911757469177246
solve_kpoint (-0.09,0.14,0):
tefreqs:, k index, k1, k2, k3, kmag/2pi, te band 1, te band 2, te band 3, te band 4, te band 5, te band 6
Solving for bands 1 to 6...
    near maximum in trace
    iteration    1: trace = 2.338214700341794 (199.765% change)
    iteration    2: trace = 0.6286058752648664 (115.249% change)
    iteration    3: trace = 0.452497009300619 (32.5795% change)
    iteration    4: trace = 0.4220256678538362 (6.96868% change)
    iteration    5: trace = 0.4061722694707319 (3.82841% change)
    iteration    6: trace = 0.4012290491284374 (1.22448% change)
    iteration    7: trace = 0.3983458610050783 (0.72118% change)
    iteration    8: trace = 0.3970710540554402 (0.320538% change)
    iteration    9: trace = 0.3960491682627778 (0.257687% change)
    iteration   10: trace = 0.3957387197545414 (0.0784171% change)
    iteration   11: trace = 0.395617107775738 (0.0307351% change)
    iteration   12: trace = 0.3955946885937632 (0.00566705% change)
    iteration   13: trace = 0.3955858548589465 (0.00223305% change)
    iteration   14: trace = 0.3955832439112753 (0.000660023% change)
    iteration   15: trace = 0.395581774194613 (0.000371532% change)
    iteration   16: trace = 0.3955813158438864 (0.000115868% change)
    iteration   17: trace = 0.3955811551572965 (4.06204e-05% change)
    iteration   18: trace = 0.3955811224527691 (8.26746e-06% change)
    iteration   19: trace = 0.3955811130563589 (2.37534e-06% change)
    iteration   20: trace = 0.3955811089202979 (1.04557e-06% change)
    iteration   21: trace = 0.3955811066321491 (5.78427e-07% change)
    iteration   22: trace = 0.3955811056493275 (2.4845e-07% change)
    iteration   23: trace = 0.3955811053866538 (6.6402e-08% change)
    iteration   24: trace = 0.3955811053195113 (1.69731e-08% change)
    iteration   25: trace = 0.3955811053059805 (3.42048e-09% change)
Finished solving for bands 1 to 6 after 25 iterations.
tefreqs:, 1, -0.09, 0.14, 0, 0.143178, 0.0645141, 0.148949, 0.171624, 0.300982, 0.322604, 0.38094
elapsed time for k point: 3.068962812423706
total elapsed time for run: 3.108163833618164
done
Initializing eigensolver data
Computing 6 bands with 1e-10 tolerance
Working in 2 dimensions.
Grid size is 336 x 112 x 1.
Solving for 6 bands at a time.
Creating Maxwell data...
Mesh size is 3.
Lattice vectors:
     (3, 0, 0)
     (0, 1, 0)
     (0, 0, 1)
Cell volume = 3
Reciprocal lattice vectors (/ 2 pi):
     (0.333333, -0, 0)
     (-0, 1, -0)
     (0, -0, 1)
Geometric objects:
     block, center = (0,0,0)
          size (1e+20,1e+20,1)
          axes (1,0,0), (0,1,0), (0,0,1)
     prism, center = (0.00535871,-1.38778e-17,0.5)
          height 1, axis (0,0,1), sidewall angle: 0 radians, 4 vertices:
          (0.255359,0.25,0)
          (-0.244641,0.25,0)
          (-0.244641,-0.25,0)
          (0.255359,-0.25,0)
     prism, center = (1.00557,-1.38778e-17,0.5)
          height 1, axis (0,0,1), sidewall angle: 0 radians, 4 vertices:
          (1.25557,0.25,0)
          (0.755566,0.25,0)
          (0.755566,-0.25,0)
          (1.25557,-0.25,0)
     prism, center = (2.00247,-1.38778e-17,0.5)
          height 1, axis (0,0,1), sidewall angle: 0 radians, 4 vertices:
          (2.25247,0.25,0)
          (1.75247,0.25,0)
          (1.75247,-0.25,0)
          (2.25247,-0.25,0)
Geometric object tree has depth 2 and 21 object nodes (vs. 4 actual objects)
Initializing epsilon function...
Allocating fields...
Solving for band polarization: te.
Initializing fields to random numbers...
1 k-points
  Vector3<-0.09, 0.14, 0.0>
elapsed time for initialization: 0.039839744567871094
solve_kpoint (-0.09,0.14,0):
tefreqs:, k index, k1, k2, k3, kmag/2pi, te band 1, te band 2, te band 3, te band 4, te band 5, te band 6
Solving for bands 1 to 6...
    near maximum in trace
    iteration    1: trace = 2.065199468357585 (199.791% change)
    iteration    2: trace = 0.5707512730444753 (113.39% change)
    iteration    3: trace = 0.4261863827552879 (29.0018% change)
    iteration    4: trace = 0.4095709729432178 (3.97613% change)
    iteration    5: trace = 0.401334727830772 (2.03137% change)
    iteration    6: trace = 0.398813750365085 (0.630127% change)
    iteration    7: trace = 0.3967373019262565 (0.522015% change)
    iteration    8: trace = 0.3959357388800464 (0.202243% change)
    iteration    9: trace = 0.3955855533781227 (0.0884842% change)
    iteration   10: trace = 0.3955299345247479 (0.0140609% change)
    iteration   11: trace = 0.3955094266905981 (0.00518504% change)
    iteration   12: trace = 0.3955023998108524 (0.00177668% change)
    iteration   13: trace = 0.3954978933802502 (0.00113943% change)
    iteration   14: trace = 0.3954964750072035 (0.00035863% change)
    iteration   15: trace = 0.3954958715574858 (0.00015258% change)
    iteration   16: trace = 0.3954957441751296 (3.22083e-05% change)
    iteration   17: trace = 0.3954957022850202 (1.05918e-05% change)
    iteration   18: trace = 0.3954956909258248 (2.87214e-06% change)
    iteration   19: trace = 0.3954956855949044 (1.34791e-06% change)
    iteration   20: trace = 0.3954956835005562 (5.2955e-07% change)
    iteration   21: trace = 0.3954956826887656 (2.05259e-07% change)
    iteration   22: trace = 0.3954956825011364 (4.74415e-08% change)
    iteration   23: trace = 0.3954956824617439 (9.96028e-09% change)
Finished solving for bands 1 to 6 after 23 iterations.
tefreqs:, 1, -0.09, 0.14, 0, 0.143178, 0.0645032, 0.148941, 0.171617, 0.300955, 0.322584, 0.380874
elapsed time for k point: 3.1300501823425293
total elapsed time for run: 3.1699743270874023
done
Initializing eigensolver data
Computing 6 bands with 1e-10 tolerance
Working in 2 dimensions.
Grid size is 336 x 112 x 1.
Solving for 6 bands at a time.
Creating Maxwell data...
Mesh size is 3.
Lattice vectors:
     (3, 0, 0)
     (0, 1, 0)
     (0, 0, 1)
Cell volume = 3
Reciprocal lattice vectors (/ 2 pi):
     (0.333333, -0, 0)
     (-0, 1, -0)
     (0, -0, 1)
Geometric objects:
     block, center = (0,0,0)
          size (1e+20,1e+20,1)
          axes (1,0,0), (0,1,0), (0,0,1)
     prism, center = (0.00356986,-1.38778e-17,0.5)
          height 1, axis (0,0,1), sidewall angle: 0 radians, 4 vertices:
          (0.25357,0.25,0)
          (-0.24643,0.25,0)
          (-0.24643,-0.25,0)
          (0.25357,-0.25,0)
     prism, center = (1.00336,-1.38778e-17,0.5)
          height 1, axis (0,0,1), sidewall angle: 0 radians, 4 vertices:
          (1.25336,0.25,0)
          (0.753362,0.25,0)
          (0.753362,-0.25,0)
          (1.25336,-0.25,0)
     prism, center = (2.00646,-1.38778e-17,0.5)
          height 1, axis (0,0,1), sidewall angle: 0 radians, 4 vertices:
          (2.25646,0.25,0)
          (1.75646,0.25,0)
          (1.75646,-0.25,0)
          (2.25646,-0.25,0)
Geometric object tree has depth 2 and 21 object nodes (vs. 4 actual objects)
Initializing epsilon function...
Allocating fields...
Solving for band polarization: te.
Initializing fields to random numbers...
1 k-points
  Vector3<-0.09, 0.14, 0.0>
elapsed time for initialization: 0.04271435737609863
solve_kpoint (-0.09,0.14,0):
tefreqs:, k index, k1, k2, k3, kmag/2pi, te band 1, te band 2, te band 3, te band 4, te band 5, te band 6
Solving for bands 1 to 6...
    near maximum in trace
    iteration    1: trace = 2.171702020272356 (199.782% change)
    iteration    2: trace = 0.538017785460979 (120.58% change)
    iteration    3: trace = 0.4547061070521639 (16.7845% change)
    iteration    4: trace = 0.4281356630542326 (6.0193% change)
    iteration    5: trace = 0.4210534925975967 (1.66798% change)
    iteration    6: trace = 0.417773986421962 (0.781926% change)
    iteration    7: trace = 0.4159848055861968 (0.429184% change)
    large trace change predicted (1.18349%)
    iteration    8: trace = 0.4116011931343227 (1.05937% change)
    iteration    9: trace = 0.4051312144479525 (1.58436% change)
    iteration   10: trace = 0.3987402662140263 (1.59004% change)
    iteration   11: trace = 0.3967364386385412 (0.503805% change)
    iteration   12: trace = 0.3959021895114561 (0.210499% change)
    iteration   13: trace = 0.3956643022090343 (0.0601055% change)
    iteration   14: trace = 0.3955395927338781 (0.031524% change)
    iteration   15: trace = 0.3955066294629895 (0.00833409% change)
    iteration   16: trace = 0.3954922245283749 (0.00364221% change)
    iteration   17: trace = 0.3954884514076849 (0.000954036% change)
    iteration   18: trace = 0.3954873499156599 (0.000278515% change)
    iteration   19: trace = 0.3954871434752855 (5.2199e-05% change)
    iteration   20: trace = 0.3954870652995351 (1.9767e-05% change)
    iteration   21: trace = 0.3954870274607932 (9.56763e-06% change)
    iteration   22: trace = 0.3954870081150984 (4.89161e-06% change)
    iteration   23: trace = 0.3954870024225482 (1.43938e-06% change)
    iteration   24: trace = 0.3954870009231716 (3.79122e-07% change)
    iteration   25: trace = 0.3954870005213741 (1.01596e-07% change)
    iteration   26: trace = 0.3954870004136428 (2.72402e-08% change)
    iteration   27: trace = 0.3954870003617398 (1.31238e-08% change)
    iteration   28: trace = 0.3954870003310455 (7.76115e-09% change)
Finished solving for bands 1 to 6 after 28 iterations.
tefreqs:, 1, -0.09, 0.14, 0, 0.143178, 0.0645026, 0.14894, 0.171615, 0.300952, 0.322579, 0.380871
elapsed time for k point: 4.269686698913574
total elapsed time for run: 4.312483072280884
done
Initializing eigensolver data
Computing 6 bands with 1e-10 tolerance
Working in 2 dimensions.
Grid size is 336 x 112 x 1.
Solving for 6 bands at a time.
Creating Maxwell data...
Mesh size is 3.
Lattice vectors:
     (3, 0, 0)
     (0, 1, 0)
     (0, 0, 1)
Cell volume = 3
Reciprocal lattice vectors (/ 2 pi):
     (0.333333, -0, 0)
     (-0, 1, -0)
     (0, -0, 1)
Geometric objects:
     block, center = (0,0,0)
          size (1e+20,1e+20,1)
          axes (1,0,0), (0,1,0), (0,0,1)
     prism, center = (0.00692004,-1.38778e-17,0.5)
          height 1, axis (0,0,1), sidewall angle: 0 radians, 4 vertices:
          (0.25692,0.25,0)
          (-0.24308,0.25,0)
          (-0.24308,-0.25,0)
          (0.25692,-0.25,0)
     prism, center = (1.00697,-1.38778e-17,0.5)
          height 1, axis (0,0,1), sidewall angle: 0 radians, 4 vertices:
          (1.25697,0.25,0)
          (0.756972,0.25,0)
          (0.756972,-0.25,0)
          (1.25697,-0.25,0)
     prism, center = (2.0062,-1.38778e-17,0.5)
          height 1, axis (0,0,1), sidewall angle: 0 radians, 4 vertices:
          (2.2562,0.25,0)
          (1.7562,0.25,0)
          (1.7562,-0.25,0)
          (2.2562,-0.25,0)
Geometric object tree has depth 2 and 21 object nodes (vs. 4 actual objects)
Initializing epsilon function...
Allocating fields...
Solving for band polarization: te.
Initializing fields to random numbers...
1 k-points
  Vector3<-0.09, 0.14, 0.0>
elapsed time for initialization: 0.05197286605834961
solve_kpoint (-0.09,0.14,0):
tefreqs:, k index, k1, k2, k3, kmag/2pi, te band 1, te band 2, te band 3, te band 4, te band 5, te band 6
Solving for bands 1 to 6...
    near maximum in trace
    iteration    1: trace = 2.228755193001617 (199.773% change)
    iteration    2: trace = 0.5484356747138458 (121.009% change)
    iteration    3: trace = 0.4596583308023363 (17.6129% change)
    iteration    4: trace = 0.4216190875920999 (8.63275% change)
    iteration    5: trace = 0.4084196437769679 (3.18044% change)
    iteration    6: trace = 0.4022462280598618 (1.52305% change)
    iteration    7: trace = 0.3994452039190673 (0.698779% change)
    iteration    8: trace = 0.3968839371980071 (0.643268% change)
    iteration    9: trace = 0.3959292322515741 (0.24084% change)
    iteration   10: trace = 0.3955548088029368 (0.094613% change)
    iteration   11: trace = 0.3954715453343739 (0.021052% change)
    iteration   12: trace = 0.3954376189426757 (0.00857909% change)
    iteration   13: trace = 0.3954246665045731 (0.00327552% change)
    iteration   14: trace = 0.3954178152369192 (0.00173265% change)
    iteration   15: trace = 0.3954158213075243 (0.00050426% change)
    iteration   16: trace = 0.3954151811028652 (0.000161907% change)
    iteration   17: trace = 0.3954150167223465 (4.15716e-05% change)
    iteration   18: trace = 0.3954149694663466 (1.1951e-05% change)
    iteration   19: trace = 0.3954149516337632 (4.50984e-06% change)
    iteration   20: trace = 0.3954149425108143 (2.30718e-06% change)
    iteration   21: trace = 0.3954149391706042 (8.44735e-07% change)
    iteration   22: trace = 0.3954149383635323 (2.04108e-07% change)
    iteration   23: trace = 0.3954149381522595 (5.34307e-08% change)
    iteration   24: trace = 0.3954149381085033 (1.10659e-08% change)
    iteration   25: trace = 0.3954149380958852 (3.1911e-09% change)
Finished solving for bands 1 to 6 after 25 iterations.
tefreqs:, 1, -0.09, 0.14, 0, 0.143178, 0.0644929, 0.148933, 0.171609, 0.30094, 0.322558, 0.380809
elapsed time for k point: 3.8071253299713135
total elapsed time for run: 3.8591866493225098
done
Initializing eigensolver data
Computing 6 bands with 1e-10 tolerance
Working in 2 dimensions.
Grid size is 336 x 112 x 1.
Solving for 6 bands at a time.
Creating Maxwell data...
Mesh size is 3.
Lattice vectors:
     (3, 0, 0)
     (0, 1, 0)
     (0, 0, 1)
Cell volume = 3
Reciprocal lattice vectors (/ 2 pi):
     (0.333333, -0, 0)
     (-0, 1, -0)
     (0, -0, 1)
Geometric objects:
     block, center = (0,0,0)
          size (1e+20,1e+20,1)
          axes (1,0,0), (0,1,0), (0,0,1)
     prism, center = (0.00647282,-1.38778e-17,0.5)
          height 1, axis (0,0,1), sidewall angle: 0 radians, 4 vertices:
          (0.256473,0.25,0)
          (-0.243527,0.25,0)
          (-0.243527,-0.25,0)
          (0.256473,-0.25,0)
     prism, center = (1.00642,-1.38778e-17,0.5)
          height 1, axis (0,0,1), sidewall angle: 0 radians, 4 vertices:
          (1.25642,0.25,0)
          (0.756421,0.25,0)
          (0.756421,-0.25,0)
          (1.25642,-0.25,0)
     prism, center = (2.0072,-1.38778e-17,0.5)
          height 1, axis (0,0,1), sidewall angle: 0 radians, 4 vertices:
          (2.2572,0.25,0)
          (1.7572,0.25,0)
          (1.7572,-0.25,0)
          (2.2572,-0.25,0)
Geometric object tree has depth 2 and 21 object nodes (vs. 4 actual objects)
Initializing epsilon function...
Allocating fields...
Solving for band polarization: te.
Initializing fields to random numbers...
1 k-points
  Vector3<-0.09, 0.14, 0.0>
elapsed time for initialization: 0.04349398612976074
solve_kpoint (-0.09,0.14,0):
tefreqs:, k index, k1, k2, k3, kmag/2pi, te band 1, te band 2, te band 3, te band 4, te band 5, te band 6
Solving for bands 1 to 6...
    near maximum in trace
    iteration    1: trace = 2.155824811067633 (199.783% change)
    iteration    2: trace = 0.5567795432025954 (117.897% change)
    iteration    3: trace = 0.4294894985671132 (25.8124% change)
    iteration    4: trace = 0.4092179132417895 (4.83401% change)
    iteration    5: trace = 0.4010104014162905 (2.02598% change)
    iteration    6: trace = 0.3984441647598619 (0.641997% change)
    iteration    7: trace = 0.3968050833146074 (0.412218% change)
    iteration    8: trace = 0.3959977177864413 (0.203674% change)
    iteration    9: trace = 0.3955948869704296 (0.101777% change)
    iteration   10: trace = 0.3955078389934289 (0.0220067% change)
    iteration   11: trace = 0.3954809785256785 (0.00679162% change)
    iteration   12: trace = 0.3954737416063998 (0.00182992% change)
    iteration   13: trace = 0.3954695659758762 (0.00105586% change)
    iteration   14: trace = 0.3954679162443024 (0.000417159% change)
    iteration   15: trace = 0.3954673254028371 (0.000149403% change)
    iteration   16: trace = 0.3954671746965335 (3.81084e-05% change)
    iteration   17: trace = 0.3954671287304485 (1.16232e-05% change)
    iteration   18: trace = 0.3954671159277093 (3.23737e-06% change)
    iteration   19: trace = 0.3954671107348305 (1.3131e-06% change)
    iteration   20: trace = 0.3954671084353465 (5.8146e-07% change)
    iteration   21: trace = 0.3954671074825732 (2.40924e-07% change)
    iteration   22: trace = 0.3954671072526805 (5.81319e-08% change)
    iteration   23: trace = 0.3954671072005935 (1.3171e-08% change)
    iteration   24: trace = 0.3954671071871598 (3.39692e-09% change)
Finished solving for bands 1 to 6 after 24 iterations.
tefreqs:, 1, -0.09, 0.14, 0, 0.143178, 0.0645002, 0.148937, 0.171612, 0.30095, 0.322569, 0.380857
elapsed time for k point: 3.173039197921753
total elapsed time for run: 3.2167463302612305
done
Initializing eigensolver data
Computing 6 bands with 1e-10 tolerance
Working in 2 dimensions.
Grid size is 336 x 112 x 1.
Solving for 6 bands at a time.
Creating Maxwell data...
Mesh size is 3.
Lattice vectors:
     (3, 0, 0)
     (0, 1, 0)
     (0, 0, 1)
Cell volume = 3
Reciprocal lattice vectors (/ 2 pi):
     (0.333333, -0, 0)
     (-0, 1, -0)
     (0, -0, 1)
Geometric objects:
     block, center = (0,0,0)
          size (1e+20,1e+20,1)
          axes (1,0,0), (0,1,0), (0,0,1)
     prism, center = (0.00714364,-1.38778e-17,0.5)
          height 1, axis (0,0,1), sidewall angle: 0 radians, 4 vertices:
          (0.257144,0.25,0)
          (-0.242856,0.25,0)
          (-0.242856,-0.25,0)
          (0.257144,-0.25,0)
     prism, center = (1.00725,-1.38778e-17,0.5)
          height 1, axis (0,0,1), sidewall angle: 0 radians, 4 vertices:
          (1.25725,0.25,0)
          (0.757247,0.25,0)
          (0.757247,-0.25,0)
          (1.25725,-0.25,0)
     prism, center = (2.0057,-1.38778e-17,0.5)
          height 1, axis (0,0,1), sidewall angle: 0 radians, 4 vertices:
          (2.2557,0.25,0)
          (1.7557,0.25,0)
          (1.7557,-0.25,0)
          (2.2557,-0.25,0)
Geometric object tree has depth 2 and 21 object nodes (vs. 4 actual objects)
Initializing epsilon function...
Allocating fields...
Solving for band polarization: te.
Initializing fields to random numbers...
1 k-points
  Vector3<-0.09, 0.14, 0.0>
elapsed time for initialization: 0.04394936561584473
solve_kpoint (-0.09,0.14,0):
tefreqs:, k index, k1, k2, k3, kmag/2pi, te band 1, te band 2, te band 3, te band 4, te band 5, te band 6
Solving for bands 1 to 6...
    near maximum in trace
    iteration    1: trace = 2.213191653589343 (199.776% change)
    iteration    2: trace = 0.7475192266572551 (99.0081% change)
    iteration    3: trace = 0.4666256682640197 (46.2702% change)
    iteration    4: trace = 0.4380568894293085 (6.31576% change)
    iteration    5: trace = 0.4221088568759331 (3.70813% change)
    iteration    6: trace = 0.4184546689642888 (0.869461% change)
    iteration    7: trace = 0.4149503339740357 (0.840968% change)
    large trace change predicted (1.92071%)
    iteration    8: trace = 0.408187267386711 (1.64324% change)
    iteration    9: trace = 0.4002154432549077 (1.97224% change)
    iteration   10: trace = 0.3973592454247804 (0.716221% change)
    iteration   11: trace = 0.3961644317653686 (0.301141% change)
    iteration   12: trace = 0.3957671899926301 (0.100322% change)
    iteration   13: trace = 0.3955673266134 (0.050513% change)
    iteration   14: trace = 0.3954885022480194 (0.0199289% change)
    iteration   15: trace = 0.3954473364348 (0.0104094% change)
    iteration   16: trace = 0.3954369503581654 (0.00262645% change)
    iteration   17: trace = 0.3954342797998837 (0.000675346% change)
    iteration   18: trace = 0.3954337180851799 (0.00014205% change)
    iteration   19: trace = 0.3954335201154273 (5.0064e-05% change)
    iteration   20: trace = 0.3954334423825591 (1.96576e-05% change)
    iteration   21: trace = 0.3954334102740383 (8.11983e-06% change)
    iteration   22: trace = 0.395433400402245 (2.49645e-06% change)
    iteration   23: trace = 0.3954333972749344 (7.90856e-07% change)
    iteration   24: trace = 0.3954333965548084 (1.82111e-07% change)
    iteration   25: trace = 0.3954333963935764 (4.07735e-08% change)
    iteration   26: trace = 0.3954333963266513 (1.69245e-08% change)
    iteration   27: trace = 0.395433396288944 (9.5357e-09% change)
Finished solving for bands 1 to 6 after 27 iterations.
tefreqs:, 1, -0.09, 0.14, 0, 0.143178, 0.0644965, 0.148936, 0.171608, 0.300941, 0.322559, 0.380832
elapsed time for k point: 3.501246690750122
total elapsed time for run: 3.5452864170074463
done
Initializing eigensolver data
Computing 6 bands with 1e-10 tolerance
Working in 2 dimensions.
Grid size is 336 x 112 x 1.
Solving for 6 bands at a time.
Creating Maxwell data...
Mesh size is 3.
Lattice vectors:
     (3, 0, 0)
     (0, 1, 0)
     (0, 0, 1)
Cell volume = 3
Reciprocal lattice vectors (/ 2 pi):
     (0.333333, -0, 0)
     (-0, 1, -0)
     (0, -0, 1)
Geometric objects:
     block, center = (0,0,0)
          size (1e+20,1e+20,1)
          axes (1,0,0), (0,1,0), (0,0,1)
     prism, center = (0.00624921,-1.38778e-17,0.5)
          height 1, axis (0,0,1), sidewall angle: 0 radians, 4 vertices:
          (0.256249,0.25,0)
          (-0.243751,0.25,0)
          (-0.243751,-0.25,0)
          (0.256249,-0.25,0)
     prism, center = (1.00615,-1.38778e-17,0.5)
          height 1, axis (0,0,1), sidewall angle: 0 radians, 4 vertices:
          (1.25615,0.25,0)
          (0.756145,0.25,0)
          (0.756145,-0.25,0)
          (1.25615,-0.25,0)
     prism, center = (2.00769,-1.38778e-17,0.5)
          height 1, axis (0,0,1), sidewall angle: 0 radians, 4 vertices:
          (2.25769,0.25,0)
          (1.75769,0.25,0)
          (1.75769,-0.25,0)
          (2.25769,-0.25,0)
Geometric object tree has depth 2 and 21 object nodes (vs. 4 actual objects)
Initializing epsilon function...
Allocating fields...
Solving for band polarization: te.
Initializing fields to random numbers...
1 k-points
  Vector3<-0.09, 0.14, 0.0>
elapsed time for initialization: 0.07126498222351074
solve_kpoint (-0.09,0.14,0):
tefreqs:, k index, k1, k2, k3, kmag/2pi, te band 1, te band 2, te band 3, te band 4, te band 5, te band 6
Solving for bands 1 to 6...
    near maximum in trace
    iteration    1: trace = 2.019632212247143 (199.796% change)
    iteration    2: trace = 0.5211872760693295 (117.95% change)
    iteration    3: trace = 0.454697214505367 (13.6266% change)
    iteration    4: trace = 0.4267189501958167 (6.34848% change)
    iteration    5: trace = 0.4171933783091922 (2.25748% change)
    iteration    6: trace = 0.4104927591847812 (1.61912% change)
    iteration    7: trace = 0.4056301912418107 (1.19163% change)
    iteration    8: trace = 0.3992809337497728 (1.57763% change)
    iteration    9: trace = 0.3970441408891285 (0.561779% change)
    iteration   10: trace = 0.3960465563699947 (0.251569% change)
    iteration   11: trace = 0.395748683282486 (0.0752399% change)
    iteration   12: trace = 0.3955559099861004 (0.0487229% change)
    iteration   13: trace = 0.3954970209730521 (0.0148888% change)
    iteration   14: trace = 0.3954701916135594 (0.00678394% change)
    iteration   15: trace = 0.3954647671157008 (0.00137167% change)
    iteration   16: trace = 0.3954632732769266 (0.000377743% change)
    iteration   17: trace = 0.3954629586265335 (7.9565e-05% change)
    iteration   18: trace = 0.395462836672325 (3.08383e-05% change)
    iteration   19: trace = 0.3954627916026644 (1.13967e-05% change)
    iteration   20: trace = 0.3954627668348065 (6.26301e-06% change)
    iteration   21: trace = 0.395462758930924 (1.99864e-06% change)
    iteration   22: trace = 0.3954627566688407 (5.72009e-07% change)
    iteration   23: trace = 0.3954627561717032 (1.2571e-07% change)
    iteration   24: trace = 0.3954627560795834 (2.32942e-08% change)
    iteration   25: trace = 0.3954627560558363 (6.00491e-09% change)
Finished solving for bands 1 to 6 after 25 iterations.
tefreqs:, 1, -0.09, 0.14, 0, 0.143178, 0.0644997, 0.148937, 0.171612, 0.300948, 0.322569, 0.380854
elapsed time for k point: 3.0735819339752197
total elapsed time for run: 3.1449499130249023
done
Initializing eigensolver data
Computing 6 bands with 1e-10 tolerance
Working in 2 dimensions.
Grid size is 336 x 112 x 1.
Solving for 6 bands at a time.
Creating Maxwell data...
Mesh size is 3.
Lattice vectors:
     (3, 0, 0)
     (0, 1, 0)
     (0, 0, 1)
Cell volume = 3
Reciprocal lattice vectors (/ 2 pi):
     (0.333333, -0, 0)
     (-0, 1, -0)
     (0, -0, 1)
Geometric objects:
     block, center = (0,0,0)
          size (1e+20,1e+20,1)
          axes (1,0,0), (0,1,0), (0,0,1)
     prism, center = (0.00759086,-1.38778e-17,0.5)
          height 1, axis (0,0,1), sidewall angle: 0 radians, 4 vertices:
          (0.257591,0.25,0)
          (-0.242409,0.25,0)
          (-0.242409,-0.25,0)
          (0.257591,-0.25,0)
     prism, center = (1.0078,-1.38778e-17,0.5)
          height 1, axis (0,0,1), sidewall angle: 0 radians, 4 vertices:
          (1.2578,0.25,0)
          (0.757798,0.25,0)
          (0.757798,-0.25,0)
          (1.2578,-0.25,0)
     prism, center = (2.0047,-1.38778e-17,0.5)
          height 1, axis (0,0,1), sidewall angle: 0 radians, 4 vertices:
          (2.2547,0.25,0)
          (1.7547,0.25,0)
          (1.7547,-0.25,0)
          (2.2547,-0.25,0)
Geometric object tree has depth 2 and 21 object nodes (vs. 4 actual objects)
Initializing epsilon function...
Allocating fields...
Solving for band polarization: te.
Initializing fields to random numbers...
1 k-points
  Vector3<-0.09, 0.14, 0.0>
elapsed time for initialization: 0.08714985847473145
solve_kpoint (-0.09,0.14,0):
tefreqs:, k index, k1, k2, k3, kmag/2pi, te band 1, te band 2, te band 3, te band 4, te band 5, te band 6
Solving for bands 1 to 6...
    near maximum in trace
    iteration    1: trace = 2.342360566210511 (199.764% change)
    iteration    2: trace = 0.5506315734756636 (123.867% change)
    iteration    3: trace = 0.4569697262195398 (18.5911% change)
    iteration    4: trace = 0.4212184170677503 (8.14206% change)
    iteration    5: trace = 0.4083724488577977 (3.09694% change)
    iteration    6: trace = 0.401947455327047 (1.58579% change)
    iteration    7: trace = 0.3991304917347924 (0.703293% change)
    iteration    8: trace = 0.3969828417794201 (0.539534% change)
    iteration    9: trace = 0.3961023058827687 (0.222053% change)
    iteration   10: trace = 0.3957445652555933 (0.090356% change)
    iteration   11: trace = 0.3956547431520694 (0.0226996% change)
    iteration   12: trace = 0.3956208443845024 (0.00856813% change)
    iteration   13: trace = 0.3956063617974637 (0.00366079% change)
    iteration   14: trace = 0.39559974402077 (0.00167283% change)
    iteration   15: trace = 0.3955970646674873 (0.000677291% change)
    iteration   16: trace = 0.3955963183969661 (0.000188644% change)
    iteration   17: trace = 0.3955960812346612 (5.99506e-05% change)
    iteration   18: trace = 0.3955960218860882 (1.50023e-05% change)
    iteration   19: trace = 0.3955959968469442 (6.32947e-06% change)
    iteration   20: trace = 0.3955959861418262 (2.70607e-06% change)
    iteration   21: trace = 0.3955959804581988 (1.43673e-06% change)
    iteration   22: trace = 0.3955959790890695 (3.46093e-07% change)
    iteration   23: trace = 0.3955959787283587 (9.11816e-08% change)
    iteration   24: trace = 0.395595978668196 (1.52081e-08% change)
    iteration   25: trace = 0.3955959786526819 (3.9217e-09% change)
Finished solving for bands 1 to 6 after 25 iterations.
tefreqs:, 1, -0.09, 0.14, 0, 0.143178, 0.0645172, 0.148948, 0.171623, 0.300974, 0.322604, 0.380966
elapsed time for k point: 2.825726270675659
total elapsed time for run: 2.91296124458313
done
Initializing eigensolver data
Computing 6 bands with 1e-10 tolerance
Working in 2 dimensions.
Grid size is 336 x 112 x 1.
Solving for 6 bands at a time.
Creating Maxwell data...
Mesh size is 3.
Lattice vectors:
     (3, 0, 0)
     (0, 1, 0)
     (0, 0, 1)
Cell volume = 3
Reciprocal lattice vectors (/ 2 pi):
     (0.333333, -0, 0)
     (-0, 1, -0)
     (0, -0, 1)
Geometric objects:
     block, center = (0,0,0)
          size (1e+20,1e+20,1)
          axes (1,0,0), (0,1,0), (0,0,1)
     prism, center = (0.005802,-1.38778e-17,0.5)
          height 1, axis (0,0,1), sidewall angle: 0 radians, 4 vertices:
          (0.255802,0.25,0)
          (-0.244198,0.25,0)
          (-0.244198,-0.25,0)
          (0.255802,-0.25,0)
     prism, center = (1.00559,-1.38778e-17,0.5)
          height 1, axis (0,0,1), sidewall angle: 0 radians, 4 vertices:
          (1.25559,0.25,0)
          (0.755594,0.25,0)
          (0.755594,-0.25,0)
          (1.25559,-0.25,0)
     prism, center = (2.00869,-1.38778e-17,0.5)
          height 1, axis (0,0,1), sidewall angle: 0 radians, 4 vertices:
          (2.25869,0.25,0)
          (1.75869,0.25,0)
          (1.75869,-0.25,0)
          (2.25869,-0.25,0)
Geometric object tree has depth 2 and 21 object nodes (vs. 4 actual objects)
Initializing epsilon function...
Allocating fields...
Solving for band polarization: te.
Initializing fields to random numbers...
1 k-points
  Vector3<-0.09, 0.14, 0.0>
elapsed time for initialization: 0.04561781883239746
solve_kpoint (-0.09,0.14,0):
tefreqs:, k index, k1, k2, k3, kmag/2pi, te band 1, te band 2, te band 3, te band 4, te band 5, te band 6
Solving for bands 1 to 6...
    near maximum in trace
    iteration    1: trace = 1.782688309950871 (199.82% change)
    iteration    2: trace = 0.4790611871832289 (115.276% change)
    iteration    3: trace = 0.4290471963577023 (11.015% change)
    iteration    4: trace = 0.4143837194219049 (3.4771% change)
    iteration    5: trace = 0.4077503956472717 (1.61368% change)
    iteration    6: trace = 0.4010853038144582 (1.64807% change)
    iteration    7: trace = 0.3980692273317615 (0.754817% change)
    iteration    8: trace = 0.3962624639041947 (0.454914% change)
    iteration    9: trace = 0.3958103756380398 (0.114153% change)
    iteration   10: trace = 0.3956168862836026 (0.0488963% change)
    iteration   11: trace = 0.39555700679116 (0.0151369% change)
    iteration   12: trace = 0.3955138434726664 (0.0109126% change)
    iteration   13: trace = 0.395500961387064 (0.0032571% change)
    iteration   14: trace = 0.3954974287035957 (0.000893221% change)
    iteration   15: trace = 0.3954967399544353 (0.000174148% change)
    iteration   16: trace = 0.3954964550106999 (7.20471e-05% change)
    iteration   17: trace = 0.3954963438895248 (2.80966e-05% change)
    iteration   18: trace = 0.3954962893626724 (1.37869e-05% change)
    iteration   19: trace = 0.3954962718201452 (4.43557e-06% change)
    iteration   20: trace = 0.3954962659258113 (1.49036e-06% change)
    iteration   21: trace = 0.3954962646127491 (3.32004e-07% change)
    iteration   22: trace = 0.3954962643618634 (6.34357e-08% change)
    iteration   23: trace = 0.3954962642933274 (1.73291e-08% change)
    iteration   24: trace = 0.395496264272747 (5.20368e-09% change)
Finished solving for bands 1 to 6 after 24 iterations.
tefreqs:, 1, -0.09, 0.14, 0, 0.143178, 0.0645021, 0.14894, 0.171616, 0.300957, 0.322585, 0.380874
elapsed time for k point: 2.491637945175171
total elapsed time for run: 2.537342071533203
done
Initializing eigensolver data
Computing 12 bands with 1e-10 tolerance
Working in 2 dimensions.
Grid size is 336 x 112 x 1.
Solving for 6 bands at a time.
Creating Maxwell data...
Mesh size is 3.
Lattice vectors:
     (3, 0, 0)
     (0, 1, 0)
     (0, 0, 1)
Cell volume = 3
Reciprocal lattice vectors (/ 2 pi):
     (0.333333, -0, 0)
     (-0, 1, -0)
     (0, -0, 1)
Geometric objects:
     block, center = (0,0,0)
          size (1e+20,1e+20,1)
          axes (1,0,0), (0,1,0), (0,0,1)
     prism, center = (-2.08167e-17,-1.38778e-17,0.5)
          height 1, axis (0,0,1), sidewall angle: 0 radians, 4 vertices:
          (0.25,0.25,0)
          (-0.25,0.25,0)
          (-0.25,-0.25,0)
          (0.25,-0.25,0)
     prism, center = (1,-1.38778e-17,0.5)
          height 1, axis (0,0,1), sidewall angle: 0 radians, 4 vertices:
          (1.25,0.25,0)
          (0.75,0.25,0)
          (0.75,-0.25,0)
          (1.25,-0.25,0)
     prism, center = (2,-1.38778e-17,0.5)
          height 1, axis (0,0,1), sidewall angle: 0 radians, 4 vertices:
          (2.25,0.25,0)
          (1.75,0.25,0)
          (1.75,-0.25,0)
          (2.25,-0.25,0)
Geometric object tree has depth 2 and 21 object nodes (vs. 4 actual objects)
Initializing epsilon function...
Allocating fields...
Solving for band polarization: te.
Initializing fields to random numbers...
1 k-points
  Vector3<-0.09, 0.14, 0.0>
elapsed time for initialization: 0.11233377456665039
solve_kpoint (-0.09,0.14,0):
tefreqs:, k index, k1, k2, k3, kmag/2pi, te band 1, te band 2, te band 3, te band 4, te band 5, te band 6, te band 7, te band 8, te band 9, te band 10, te band 11, te band 12
Solving for bands 1 to 6...
    near maximum in trace
    iteration    1: trace = 2.199764050610987 (199.776% change)
    iteration    2: trace = 0.5871786343576111 (115.724% change)
    iteration    3: trace = 0.4443631273068343 (27.6897% change)
    iteration    4: trace = 0.415478516069597 (6.71859% change)
    iteration    5: trace = 0.403001346253838 (3.04886% change)
    iteration    6: trace = 0.399455880537888 (0.883652% change)
    iteration    7: trace = 0.3973598493662069 (0.526102% change)
    iteration    8: trace = 0.3964396876182892 (0.231837% change)
    iteration    9: trace = 0.3959314341282506 (0.128287% change)
    iteration   10: trace = 0.395799836731671 (0.0332429% change)
    iteration   11: trace = 0.3957567790380115 (0.0108792% change)
    iteration   12: trace = 0.395748329225047 (0.00213513% change)
    iteration   13: trace = 0.3957449768294298 (0.000847106% change)
    iteration   14: trace = 0.3957435154179376 (0.000369282% change)
    iteration   15: trace = 0.3957426401032442 (0.000221183% change)
    iteration   16: trace = 0.395742374068447 (6.72242e-05% change)
    iteration   17: trace = 0.3957422870657496 (2.19847e-05% change)
    iteration   18: trace = 0.3957422669426554 (5.0849e-06% change)
    iteration   19: trace = 0.3957422602011561 (1.70351e-06% change)
    iteration   20: trace = 0.3957422576083743 (6.55169e-07% change)
    iteration   21: trace = 0.3957422562832319 (3.3485e-07% change)
    iteration   22: trace = 0.3957422558899076 (9.9389e-08% change)
    iteration   23: trace = 0.3957422557913848 (2.48957e-08% change)
    iteration   24: trace = 0.3957422557711259 (5.11922e-09% change)
Finished solving for bands 1 to 6 after 24 iterations.
Solving for bands 7 to 12...
    near maximum in trace
    iteration    1: trace = 6.463929032926008 (199.347% change)
    iteration    2: trace = 1.634362842766137 (119.274% change)
    iteration    3: trace = 1.3646814401046 (17.9845% change)
    iteration    4: trace = 1.281953442463838 (6.25156% change)
    iteration    5: trace = 1.249017064679662 (2.60267% change)
    iteration    6: trace = 1.233985418113794 (1.21076% change)
    iteration    7: trace = 1.227646670864065 (0.515004% change)
    iteration    8: trace = 1.223783576178282 (0.315171% change)
    iteration    9: trace = 1.221444366996524 (0.191329% change)
    iteration   10: trace = 1.219461991592134 (0.162429% change)
    iteration   11: trace = 1.218261409949111 (0.0985002% change)
    iteration   12: trace = 1.217364768593818 (0.0736272% change)
    iteration   13: trace = 1.216656846788127 (0.0581689% change)
    iteration   14: trace = 1.215720119300367 (0.0770216% change)
    iteration   15: trace = 1.214956446373836 (0.0628362% change)
    iteration   16: trace = 1.214238212476548 (0.0591335% change)
    iteration   17: trace = 1.213620988305149 (0.0508451% change)
    iteration   18: trace = 1.213038508397622 (0.0480067% change)
    iteration   19: trace = 1.212667413004797 (0.0305969% change)
    iteration   20: trace = 1.212321829345247 (0.0285019% change)
    iteration   21: trace = 1.212133765680521 (0.0155139% change)
    iteration   22: trace = 1.212027224326431 (0.00878996% change)
    iteration   23: trace = 1.21197066096005 (0.00466695% change)
    iteration   24: trace = 1.211933519276372 (0.00306462% change)
    iteration   25: trace = 1.211919698992812 (0.00114036% change)
    iteration   26: trace = 1.211914458073525 (0.000432449% change)
    iteration   27: trace = 1.211912829665789 (0.000134367% change)
    iteration   28: trace = 1.211912261498846 (4.68818e-05% change)
    iteration   29: trace = 1.211912036856516 (1.85362e-05% change)
    iteration   30: trace = 1.211911915120266 (1.0045e-05% change)
    iteration   31: trace = 1.21191182917282 (7.09189e-06% change)
    iteration   32: trace = 1.211911747934828 (6.70329e-06% change)
    iteration   33: trace = 1.21191168881638 (4.87811e-06% change)
    iteration   34: trace = 1.211911653923119 (2.87919e-06% change)
    iteration   35: trace = 1.211911627914641 (2.14607e-06% change)
    iteration   36: trace = 1.211911607976462 (1.64518e-06% change)
    iteration   37: trace = 1.211911595446225 (1.03392e-06% change)
    iteration   38: trace = 1.211911587352274 (6.67866e-07% change)
    iteration   39: trace = 1.211911581240859 (5.04279e-07% change)
    iteration   40: trace = 1.211911577451867 (3.12646e-07% change)
    iteration   41: trace = 1.21191157541282 (1.6825e-07% change)
    iteration   42: trace = 1.211911574429753 (8.11171e-08% change)
    iteration   43: trace = 1.211911573976854 (3.73706e-08% change)
    iteration   44: trace = 1.211911573834914 (1.17121e-08% change)
    iteration   45: trace = 1.211911573776905 (4.78662e-09% change)
Finished solving for bands 7 to 12 after 45 iterations.
Finished k-point with 34.5 mean iterations/band.
tefreqs:, 1, -0.09, 0.14, 0, 0.143178, 0.0645309, 0.148962, 0.171635, 0.301023, 0.322646, 0.38107, 0.409903, 0.416759, 0.425988, 0.467784, 0.479652, 0.489744
elapsed time for k point: 9.481606006622314
total elapsed time for run: 9.594037055969238
done
Initializing eigensolver data
Computing 12 bands with 1e-10 tolerance
Working in 2 dimensions.
Grid size is 336 x 112 x 1.
Solving for 6 bands at a time.
Creating Maxwell data...
Mesh size is 3.
Lattice vectors:
     (3, 0, 0)
     (0, 1, 0)
     (0, 0, 1)
Cell volume = 3
Reciprocal lattice vectors (/ 2 pi):
     (0.333333, -0, 0)
     (-0, 1, -0)
     (0, -0, 1)
Geometric objects:
     block, center = (0,0,0)
          size (1e+20,1e+20,1)
          axes (1,0,0), (0,1,0), (0,0,1)
     prism, center = (-2.08167e-17,-1.38778e-17,0.5)
          height 1, axis (0,0,1), sidewall angle: 0 radians, 4 vertices:
          (0.25,0.25,0)
          (-0.25,0.25,0)
          (-0.25,-0.25,0)
          (0.25,-0.25,0)
     prism, center = (1,-1.38778e-17,0.5)
          height 1, axis (0,0,1), sidewall angle: 0 radians, 4 vertices:
          (1.25,0.25,0)
          (0.75,0.25,0)
          (0.75,-0.25,0)
          (1.25,-0.25,0)
     prism, center = (2,-1.38778e-17,0.5)
          height 1, axis (0,0,1), sidewall angle: 0 radians, 4 vertices:
          (2.25,0.25,0)
          (1.75,0.25,0)
          (1.75,-0.25,0)
          (2.25,-0.25,0)
Geometric object tree has depth 2 and 21 object nodes (vs. 4 actual objects)
Initializing epsilon function...
Allocating fields...
Solving for band polarization: te.
Initializing fields to random numbers...
1 k-points
  Vector3<-0.09, 0.14, 0.0>
elapsed time for initialization: 0.06566762924194336
solve_kpoint (-0.09,0.14,0):
tefreqs:, k index, k1, k2, k3, kmag/2pi, te band 1, te band 2, te band 3, te band 4, te band 5, te band 6, te band 7, te band 8, te band 9, te band 10, te band 11, te band 12
Solving for bands 1 to 6...
    near maximum in trace
    iteration    1: trace = 2.196099805164617 (199.778% change)
    iteration    2: trace = 0.5535732014507374 (119.471% change)
    iteration    3: trace = 0.452570015435467 (20.0773% change)
    iteration    4: trace = 0.4145483339286632 (8.76966% change)
    iteration    5: trace = 0.4032877581088239 (2.75375% change)
    iteration    6: trace = 0.3986660437063227 (1.15261% change)
    iteration    7: trace = 0.3970613802327356 (0.40332% change)
    iteration    8: trace = 0.3961205038275395 (0.237241% change)
    iteration    9: trace = 0.3958574894641529 (0.0664196% change)
    iteration   10: trace = 0.3957734357650071 (0.0212356% change)
    iteration   11: trace = 0.3957549088231943 (0.00468131% change)
    iteration   12: trace = 0.3957483357850308 (0.0016609% change)
    iteration   13: trace = 0.3957451336629051 (0.000809134% change)
    iteration   14: trace = 0.3957431480170475 (0.00050175% change)
    iteration   15: trace = 0.3957424916814738 (0.000165849% change)
    iteration   16: trace = 0.3957423130911361 (4.51279e-05% change)
    iteration   17: trace = 0.3957422715605741 (1.04943e-05% change)
    iteration   18: trace = 0.3957422615647206 (2.52585e-06% change)
    iteration   19: trace = 0.395742258047813 (8.88686e-07% change)
    iteration   20: trace = 0.3957422566862449 (3.44054e-07% change)
    iteration   21: trace = 0.3957422560370109 (1.64055e-07% change)
    iteration   22: trace = 0.3957422558478588 (4.77968e-08% change)
    iteration   23: trace = 0.39574225578684 (1.54188e-08% change)
    iteration   24: trace = 0.3957422557729744 (3.50367e-09% change)
Finished solving for bands 1 to 6 after 24 iterations.
Solving for bands 7 to 12...
    near maximum in trace
    iteration    1: trace = 6.758527245088442 (199.315% change)
    iteration    2: trace = 1.719927265695438 (118.857% change)
    iteration    3: trace = 1.385362286331934 (21.5481% change)
    iteration    4: trace = 1.274694219698385 (8.32073% change)
    iteration    5: trace = 1.238448037725776 (2.88453% change)
    iteration    6: trace = 1.224896759168467 (1.10023% change)
    iteration    7: trace = 1.22029313626701 (0.376545% change)
    iteration    8: trace = 1.217624688356978 (0.218912% change)
    iteration    9: trace = 1.215920300606268 (0.140074% change)
    iteration   10: trace = 1.214406087077867 (0.12461% change)
    iteration   11: trace = 1.213569440412575 (0.0689172% change)
    iteration   12: trace = 1.21312371584802 (0.0367351% change)
    iteration   13: trace = 1.212892136385205 (0.0190913% change)
    iteration   14: trace = 1.212617607723579 (0.0226368% change)
    iteration   15: trace = 1.21239382643954 (0.0184561% change)
    iteration   16: trace = 1.212221362172784 (0.0142261% change)
    iteration   17: trace = 1.212118711353483 (0.00846835% change)
    iteration   18: trace = 1.212040366543433 (0.00646367% change)
    iteration   19: trace = 1.211998486317647 (0.00345541% change)
    iteration   20: trace = 1.211960743993602 (0.00311411% change)
    iteration   21: trace = 1.211934612655245 (0.00215614% change)
    iteration   22: trace = 1.211919230340424 (0.00126924% change)
    iteration   23: trace = 1.21191472481742 (0.000371768% change)
    iteration   24: trace = 1.211912895187869 (0.00015097% change)
    iteration   25: trace = 1.2119122168541 (5.59722e-05% change)
    iteration   26: trace = 1.211911844305307 (3.07406e-05% change)
    iteration   27: trace = 1.21191170124839 (1.18042e-05% change)
    iteration   28: trace = 1.211911635238453 (5.44676e-06% change)
    iteration   29: trace = 1.211911609736883 (2.10424e-06% change)
    iteration   30: trace = 1.21191159665432 (1.0795e-06% change)
    iteration   31: trace = 1.211911589364137 (6.01544e-07% change)
    iteration   32: trace = 1.211911582593907 (5.58641e-07% change)
    iteration   33: trace = 1.21191157824879 (3.58534e-07% change)
    iteration   34: trace = 1.211911576277466 (1.62662e-07% change)
    iteration   35: trace = 1.211911575595571 (5.62661e-08% change)
    iteration   36: trace = 1.211911575208868 (3.19085e-08% change)
    iteration   37: trace = 1.211911574853739 (2.93032e-08% change)
    iteration   38: trace = 1.211911574456646 (3.27659e-08% change)
    iteration   39: trace = 1.211911574129881 (2.69627e-08% change)
    iteration   40: trace = 1.211911573933239 (1.62258e-08% change)
    iteration   41: trace = 1.211911573835502 (8.06469e-09% change)
Finished solving for bands 7 to 12 after 41 iterations.
Finished k-point with 32.5 mean iterations/band.
tefreqs:, 1, -0.09, 0.14, 0, 0.143178, 0.0645309, 0.148962, 0.171635, 0.301023, 0.322646, 0.38107, 0.409903, 0.416759, 0.425988, 0.467784, 0.479652, 0.489744
elapsed time for k point: 10.56311821937561
total elapsed time for run: 10.628892421722412
done
Initializing eigensolver data
Computing 6 bands with 1e-10 tolerance
Working in 2 dimensions.
Grid size is 336 x 112 x 1.
Solving for 6 bands at a time.
Creating Maxwell data...
Mesh size is 3.
Lattice vectors:
     (3, 0, 0)
     (0, 1, 0)
     (0, 0, 1)
Cell volume = 3
Reciprocal lattice vectors (/ 2 pi):
     (0.333333, -0, 0)
     (-0, 1, -0)
     (0, -0, 1)
Geometric objects:
     block, center = (0,0,0)
          size (1e+20,1e+20,1)
          axes (1,0,0), (0,1,0), (0,0,1)
     prism, center = (0,0,0.5)
          height 1, axis (0,0,1), sidewall angle: 0 radians, 4 vertices:
          (-0.25,-0.25,0)
          (-0.25,0.25,0)
          (0.25,0.25,0)
          (0.25,-0.25,0)
     prism, center = (1.001,0,0.5)
          height 1, axis (0,0,1), sidewall angle: 0 radians, 4 vertices:
          (0.751,-0.25,0)
          (0.751,0.25,0)
          (1.251,0.25,0)
          (1.251,-0.25,0)
     prism, center = (2,0,0.5)
          height 1, axis (0,0,1), sidewall angle: 0 radians, 4 vertices:
          (1.75,-0.25,0)
          (1.75,0.25,0)
          (2.25,0.25,0)
          (2.25,-0.25,0)
Geometric object tree has depth 2 and 21 object nodes (vs. 4 actual objects)
Initializing epsilon function...
Allocating fields...
Solving for band polarization: te.
Initializing fields to random numbers...
1 k-points
  Vector3<-0.09, 0.14, 0.0>
elapsed time for initialization: 0.044156789779663086
solve_kpoint (-0.09,0.14,0):
tefreqs:, k index, k1, k2, k3, kmag/2pi, te band 1, te band 2, te band 3, te band 4, te band 5, te band 6
Solving for bands 1 to 6...
    near maximum in trace
    iteration    1: trace = 2.279283829775717 (199.77% change)
    iteration    2: trace = 0.5962124054940998 (117.063% change)
    iteration    3: trace = 0.4269989481033098 (33.075% change)
    iteration    4: trace = 0.4110650384713702 (3.80255% change)
    iteration    5: trace = 0.4021282048324283 (2.19796% change)
    iteration    6: trace = 0.399561916566486 (0.64022% change)
    iteration    7: trace = 0.3977244202095876 (0.460938% change)
    iteration    8: trace = 0.3969461344547965 (0.195876% change)
    iteration    9: trace = 0.3965525037764033 (0.099214% change)
    iteration   10: trace = 0.3964787061761309 (0.0186115% change)
    iteration   11: trace = 0.3964512981939682 (0.00691309% change)
    iteration   12: trace = 0.3964429358068088 (0.00210933% change)
    iteration   13: trace = 0.3964381036188112 (0.00121889% change)
    iteration   14: trace = 0.396436389079902 (0.000432487% change)
    iteration   15: trace = 0.3964357898520527 (0.000151154% change)
    iteration   16: trace = 0.3964356427853044 (3.70972e-05% change)
    iteration   17: trace = 0.3964355936989857 (1.23819e-05% change)
    iteration   18: trace = 0.3964355791217243 (3.67708e-06% change)
    iteration   19: trace = 0.3964355724446611 (1.68427e-06% change)
    iteration   20: trace = 0.3964355694217037 (7.62534e-07% change)
    iteration   21: trace = 0.3964355683637671 (2.66862e-07% change)
    iteration   22: trace = 0.3964355681275301 (5.95903e-08% change)
    iteration   23: trace = 0.396435568081611 (1.1583e-08% change)
    iteration   24: trace = 0.396435568069708 (3.00249e-09% change)
Finished solving for bands 1 to 6 after 24 iterations.
tefreqs:, 1, -0.09, 0.14, 0, 0.143178, 0.064522, 0.149084, 0.171762, 0.301514, 0.323117, 0.381089
elapsed time for k point: 3.062833309173584
total elapsed time for run: 3.107072353363037
done
Initializing eigensolver data
Computing 6 bands with 1e-10 tolerance
Working in 2 dimensions.
Grid size is 336 x 112 x 1.
Solving for 6 bands at a time.
Creating Maxwell data...
Mesh size is 3.
Lattice vectors:
     (3, 0, 0)
     (0, 1, 0)
     (0, 0, 1)
Cell volume = 3
Reciprocal lattice vectors (/ 2 pi):
     (0.333333, -0, 0)
     (-0, 1, -0)
     (0, -0, 1)
Geometric objects:
     block, center = (0,0,0)
          size (1e+20,1e+20,1)
          axes (1,0,0), (0,1,0), (0,0,1)
     prism, center = (0,0,0.5)
          height 1, axis (0,0,1), sidewall angle: 0 radians, 4 vertices:
          (-0.25,-0.25,0)
          (-0.25,0.25,0)
          (0.25,0.25,0)
          (0.25,-0.25,0)
     prism, center = (1.001,0,0.5)
          height 1, axis (0,0,1), sidewall angle: 0 radians, 4 vertices:
          (0.751,-0.25,0)
          (0.751,0.25,0)
          (1.251,0.25,0)
          (1.251,-0.25,0)
     prism, center = (2,0,0.5)
          height 1, axis (0,0,1), sidewall angle: 0 radians, 4 vertices:
          (1.75,-0.25,0)
          (1.75,0.25,0)
          (2.25,0.25,0)
          (2.25,-0.25,0)
Geometric object tree has depth 2 and 21 object nodes (vs. 4 actual objects)
Initializing epsilon function...
Allocating fields...
Solving for band polarization: te.
Initializing fields to random numbers...
1 k-points
  Vector3<-0.09, 0.14, 0.0>
elapsed time for initialization: 0.08551311492919922
solve_kpoint (-0.09,0.14,0):
tefreqs:, k index, k1, k2, k3, kmag/2pi, te band 1, te band 2, te band 3, te band 4, te band 5, te band 6
Solving for bands 1 to 6...
    near maximum in trace
    iteration    1: trace = 2.227752672751116 (199.774% change)
    iteration    2: trace = 0.5880744593300005 (116.462% change)
    iteration    3: trace = 0.4762177435355999 (21.0199% change)
    iteration    4: trace = 0.4259151644103906 (11.1519% change)
    iteration    5: trace = 0.409946682254087 (3.82084% change)
    iteration    6: trace = 0.403149681795149 (1.67188% change)
    iteration    7: trace = 0.4004572392930656 (0.670089% change)
    iteration    8: trace = 0.3980217899794856 (0.610022% change)
    iteration    9: trace = 0.3969816220456674 (0.261676% change)
    iteration   10: trace = 0.3965576361861372 (0.106859% change)
    iteration   11: trace = 0.3964735794212515 (0.0211989% change)
    iteration   12: trace = 0.3964501452585709 (0.00591082% change)
    iteration   13: trace = 0.3964424784531529 (0.00193388% change)
    iteration   14: trace = 0.3964383910549752 (0.00103102% change)
    iteration   15: trace = 0.3964365435017987 (0.000466039% change)
    iteration   16: trace = 0.3964358189847588 (0.000182758% change)
    iteration   17: trace = 0.3964356246427885 (4.90223e-05% change)
    iteration   18: trace = 0.3964355827475235 (1.0568e-05% change)
    iteration   19: trace = 0.3964355722889192 (2.63816e-06% change)
    iteration   20: trace = 0.3964355698393335 (6.17903e-07% change)
    iteration   21: trace = 0.3964355687818915 (2.66737e-07% change)
    iteration   22: trace = 0.396435568343998 (1.10458e-07% change)
    iteration   23: trace = 0.3964355681387168 (5.17817e-08% change)
    iteration   24: trace = 0.3964355680883598 (1.27025e-08% change)
    iteration   25: trace = 0.3964355680723775 (4.03151e-09% change)
Finished solving for bands 1 to 6 after 25 iterations.
tefreqs:, 1, -0.09, 0.14, 0, 0.143178, 0.064522, 0.149084, 0.171762, 0.301514, 0.323117, 0.381089
elapsed time for k point: 2.9494996070861816
total elapsed time for run: 3.0351030826568604
done
Initializing eigensolver data
Computing 6 bands with 1e-10 tolerance
Working in 2 dimensions.
Grid size is 336 x 112 x 1.
Solving for 6 bands at a time.
Creating Maxwell data...
Mesh size is 3.
Lattice vectors:
     (3, 0, 0)
     (0, 1, 0)
     (0, 0, 1)
Cell volume = 3
Reciprocal lattice vectors (/ 2 pi):
     (0.333333, -0, 0)
     (-0, 1, -0)
     (0, -0, 1)
Geometric objects:
     block, center = (0,0,0)
          size (1e+20,1e+20,1)
          axes (1,0,0), (0,1,0), (0,0,1)
     prism, center = (0.000447214,-1.38778e-17,0.5)
          height 1, axis (0,0,1), sidewall angle: 0 radians, 4 vertices:
          (0.250447,0.25,0)
          (-0.249553,0.25,0)
          (-0.249553,-0.25,0)
          (0.250447,-0.25,0)
     prism, center = (1.00055,-1.38778e-17,0.5)
          height 1, axis (0,0,1), sidewall angle: 0 radians, 4 vertices:
          (1.25055,0.25,0)
          (0.750551,0.25,0)
          (0.750551,-0.25,0)
          (1.25055,-0.25,0)
     prism, center = (1.999,-1.38778e-17,0.5)
          height 1, axis (0,0,1), sidewall angle: 0 radians, 4 vertices:
          (2.249,0.25,0)
          (1.749,0.25,0)
          (1.749,-0.25,0)
          (2.249,-0.25,0)
Geometric object tree has depth 2 and 21 object nodes (vs. 4 actual objects)
Initializing epsilon function...
Allocating fields...
Solving for band polarization: te.
Initializing fields to random numbers...
1 k-points
  Vector3<-0.09, 0.14, 0.0>
elapsed time for initialization: 0.04375052452087402
solve_kpoint (-0.09,0.14,0):
tefreqs:, k index, k1, k2, k3, kmag/2pi, te band 1, te band 2, te band 3, te band 4, te band 5, te band 6
Solving for bands 1 to 6...
    near maximum in trace
    iteration    1: trace = 2.450464099514232 (199.751% change)
    iteration    2: trace = 0.6159486751308716 (119.652% change)
    iteration    3: trace = 0.4378969631328143 (33.7909% change)
    iteration    4: trace = 0.4156953896593123 (5.20191% change)
    iteration    5: trace = 0.4054580035068711 (2.49342% change)
    iteration    6: trace = 0.4011407021952103 (1.0705% change)
    iteration    7: trace = 0.3978127201936015 (0.833085% change)
    iteration    8: trace = 0.3963920308816138 (0.357764% change)
    iteration    9: trace = 0.3956623044250618 (0.184262% change)
    iteration   10: trace = 0.3955335970820784 (0.0325349% change)
    iteration   11: trace = 0.3954881469125159 (0.0114915% change)
    iteration   12: trace = 0.3954722605174263 (0.00401699% change)
    iteration   13: trace = 0.3954625932329318 (0.00244452% change)
    iteration   14: trace = 0.3954593654825383 (0.000816199% change)
    iteration   15: trace = 0.3954581039595467 (0.000319002% change)
    iteration   16: trace = 0.3954578559269498 (6.27203e-05% change)
    iteration   17: trace = 0.3954577670101451 (2.24845e-05% change)
    iteration   18: trace = 0.3954577336719223 (8.43029e-06% change)
    iteration   19: trace = 0.3954577165190393 (4.33748e-06% change)
    iteration   20: trace = 0.3954577112833123 (1.32397e-06% change)
    iteration   21: trace = 0.3954577098055818 (3.73676e-07% change)
    iteration   22: trace = 0.3954577094980539 (7.77651e-08% change)
    iteration   23: trace = 0.3954577094383018 (1.51096e-08% change)
    iteration   24: trace = 0.3954577094209016 (4.40001e-09% change)
Finished solving for bands 1 to 6 after 24 iterations.
tefreqs:, 1, -0.09, 0.14, 0, 0.143178, 0.0644977, 0.148936, 0.171612, 0.300949, 0.322569, 0.380847
elapsed time for k point: 3.0936498641967773
total elapsed time for run: 3.137641668319702
done
Initializing eigensolver data
Computing 6 bands with 1e-10 tolerance
Working in 2 dimensions.
Grid size is 336 x 112 x 1.
Solving for 6 bands at a time.
Creating Maxwell data...
Mesh size is 3.
Lattice vectors:
     (3, 0, 0)
     (0, 1, 0)
     (0, 0, 1)
Cell volume = 3
Reciprocal lattice vectors (/ 2 pi):
     (0.333333, -0, 0)
     (-0, 1, -0)
     (0, -0, 1)
Geometric objects:
     block, center = (0,0,0)
          size (1e+20,1e+20,1)
          axes (1,0,0), (0,1,0), (0,0,1)
     prism, center = (0.000447214,-1.38778e-17,0.5)
          height 1, axis (0,0,1), sidewall angle: 0 radians, 4 vertices:
          (0.250447,0.25,0)
          (-0.249553,0.25,0)
          (-0.249553,-0.25,0)
          (0.250447,-0.25,0)
     prism, center = (1.00055,-1.38778e-17,0.5)
          height 1, axis (0,0,1), sidewall angle: 0 radians, 4 vertices:
          (1.25055,0.25,0)
          (0.750551,0.25,0)
          (0.750551,-0.25,0)
          (1.25055,-0.25,0)
     prism, center = (1.999,-1.38778e-17,0.5)
          height 1, axis (0,0,1), sidewall angle: 0 radians, 4 vertices:
          (2.249,0.25,0)
          (1.749,0.25,0)
          (1.749,-0.25,0)
          (2.249,-0.25,0)
Geometric object tree has depth 2 and 21 object nodes (vs. 4 actual objects)
Initializing epsilon function...
Allocating fields...
Solving for band polarization: te.
Initializing fields to random numbers...
1 k-points
  Vector3<-0.09, 0.14, 0.0>
elapsed time for initialization: 0.08140110969543457
solve_kpoint (-0.09,0.14,0):
tefreqs:, k index, k1, k2, k3, kmag/2pi, te band 1, te band 2, te band 3, te band 4, te band 5, te band 6
Solving for bands 1 to 6...
    near maximum in trace
    iteration    1: trace = 2.269435199848897 (199.769% change)
    iteration    2: trace = 0.5749349973798226 (119.148% change)
    iteration    3: trace = 0.431537720032595 (28.495% change)
    iteration    4: trace = 0.4122076593247377 (4.58197% change)
    iteration    5: trace = 0.4026140303136397 (2.35478% change)
    iteration    6: trace = 0.3993244872789398 (0.820398% change)
    iteration    7: trace = 0.3968758318657387 (0.615085% change)
    iteration    8: trace = 0.3959631228484731 (0.230238% change)
    iteration    9: trace = 0.3955488297783711 (0.104684% change)
    iteration   10: trace = 0.395484981703743 (0.0161429% change)
    iteration   11: trace = 0.3954653892691669 (0.00495415% change)
    iteration   12: trace = 0.3954614084825125 (0.00100661% change)
    iteration   13: trace = 0.3954591393109282 (0.000573805% change)
    iteration   14: trace = 0.3954583512655962 (0.000199274% change)
    iteration   15: trace = 0.3954579008561011 (0.000113896% change)
    iteration   16: trace = 0.3954577743665086 (3.19856e-05% change)
    iteration   17: trace = 0.3954577285434074 (1.15874e-05% change)
    iteration   18: trace = 0.3954577177339076 (2.73341e-06% change)
    iteration   19: trace = 0.3954577126908886 (1.27524e-06% change)
    iteration   20: trace = 0.3954577105700329 (5.36304e-07% change)
    iteration   21: trace = 0.3954577096816997 (2.24634e-07% change)
    iteration   22: trace = 0.3954577094716274 (5.31213e-08% change)
    iteration   23: trace = 0.3954577094235727 (1.21517e-08% change)
    iteration   24: trace = 0.395457709413131 (2.6404e-09% change)
Finished solving for bands 1 to 6 after 24 iterations.
tefreqs:, 1, -0.09, 0.14, 0, 0.143178, 0.0644977, 0.148936, 0.171612, 0.300949, 0.322569, 0.380847
elapsed time for k point: 3.1056106090545654
total elapsed time for run: 3.187121868133545
done
Initializing eigensolver data
Computing 6 bands with 1e-10 tolerance
Working in 2 dimensions.
Grid size is 336 x 112 x 1.
Solving for 6 bands at a time.
Creating Maxwell data...
Mesh size is 3.
Lattice vectors:
     (3, 0, 0)
     (0, 1, 0)
     (0, 0, 1)
Cell volume = 3
Reciprocal lattice vectors (/ 2 pi):
     (0.333333, -0, 0)
     (-0, 1, -0)
     (0, -0, 1)
Geometric objects:
     block, center = (0,0,0)
          size (1e+20,1e+20,1)
          axes (1,0,0), (0,1,0), (0,0,1)
     prism, center = (2,0,0.5)
          height 1, axis (0,0,1), sidewall angle: 0 radians, 4 vertices:
          (2.25,-0.25,0)
          (2.25,0.25,0)
          (1.75,0.25,0)
          (1.75,-0.25,0)
     prism, center = (1.001,0,0.5)
          height 1, axis (0,0,1), sidewall angle: 0 radians, 4 vertices:
          (0.751,-0.25,0)
          (1.251,-0.25,0)
          (1.251,0.25,0)
          (0.751,0.25,0)
     prism, center = (0,0,0.5)
          height 1, axis (0,0,1), sidewall angle: 0 radians, 4 vertices:
          (-0.25,0.25,0)
          (-0.25,-0.25,0)
          (0.25,-0.25,0)
          (0.25,0.25,0)
Geometric object tree has depth 2 and 21 object nodes (vs. 4 actual objects)
Initializing epsilon function...
Allocating fields...
Solving for band polarization: te.
Initializing fields to random numbers...
1 k-points
  Vector3<-0.09, 0.14, 0.0>
elapsed time for initialization: 0.03955578804016113
solve_kpoint (-0.09,0.14,0):
tefreqs:, k index, k1, k2, k3, kmag/2pi, te band 1, te band 2, te band 3, te band 4, te band 5, te band 6
Solving for bands 1 to 6...
    near maximum in trace
    iteration    1: trace = 2.128903897875383 (199.785% change)
    iteration    2: trace = 0.5322805012529556 (119.993% change)
    iteration    3: trace = 0.4556946676352365 (15.5036% change)
    iteration    4: trace = 0.4210617115144822 (7.90025% change)
    iteration    5: trace = 0.4089068750190721 (2.92899% change)
    iteration    6: trace = 0.4019776641933488 (1.70905% change)
    iteration    7: trace = 0.3994165225793551 (0.639171% change)
    iteration    8: trace = 0.3974644325047791 (0.489933% change)
    iteration    9: trace = 0.3967920977408579 (0.169299% change)
    iteration   10: trace = 0.3965241227066001 (0.0675582% change)
    iteration   11: trace = 0.3964688351417456 (0.013944% change)
    iteration   12: trace = 0.396448072085088 (0.00523713% change)
    iteration   13: trace = 0.3964417724994369 (0.00158902% change)
    iteration   14: trace = 0.3964379427501822 (0.000966035% change)
    iteration   15: trace = 0.3964364652883466 (0.000372685% change)
    iteration   16: trace = 0.3964358976027024 (0.000143197% change)
    iteration   17: trace = 0.3964357674610584 (3.28279e-05% change)
    iteration   18: trace = 0.3964357262356999 (1.0399e-05% change)
    iteration   19: trace = 0.3964357107214159 (3.91344e-06% change)
    iteration   20: trace = 0.3964357018284291 (2.24324e-06% change)
    iteration   21: trace = 0.3964356987845097 (7.67822e-07% change)
    iteration   22: trace = 0.3964356979578927 (2.08512e-07% change)
    iteration   23: trace = 0.396435697765995 (4.84058e-08% change)
    iteration   24: trace = 0.3964356977317188 (8.64609e-09% change)
Finished solving for bands 1 to 6 after 24 iterations.
tefreqs:, 1, -0.09, 0.14, 0, 0.143178, 0.064523, 0.14908, 0.171766, 0.30151, 0.323121, 0.381089
elapsed time for k point: 3.1589765548706055
total elapsed time for run: 3.1986186504364014
done
Initializing eigensolver data
Computing 6 bands with 1e-10 tolerance
Working in 2 dimensions.
Grid size is 336 x 112 x 1.
Solving for 6 bands at a time.
Creating Maxwell data...
Mesh size is 3.
Lattice vectors:
     (3, 0, 0)
     (0, 1, 0)
     (0, 0, 1)
Cell volume = 3
Reciprocal lattice vectors (/ 2 pi):
     (0.333333, -0, 0)
     (-0, 1, -0)
     (0, -0, 1)
Geometric objects:
     block, center = (0,0,0)
          size (1e+20,1e+20,1)
          axes (1,0,0), (0,1,0), (0,0,1)
     prism, center = (0.001,-1.38778e-17,0.5)
          height 1, axis (0,0,1), sidewall angle: 0 radians, 4 vertices:
          (0.251,0.25,0)
          (-0.249,0.25,0)
          (-0.249,-0.25,0)
          (0.251,-0.25,0)
     prism, center = (1.001,-1.38778e-17,0.5)
          height 1, axis (0,0,1), sidewall angle: 0 radians, 4 vertices:
          (1.251,0.25,0)
          (0.751,0.25,0)
          (0.751,-0.25,0)
          (1.251,-0.25,0)
     prism, center = (2.001,-1.38778e-17,0.5)
          height 1, axis (0,0,1), sidewall angle: 0 radians, 4 vertices:
          (2.251,0.25,0)
          (1.751,0.25,0)
          (1.751,-0.25,0)
          (2.251,-0.25,0)
Geometric object tree has depth 2 and 21 object nodes (vs. 4 actual objects)
Initializing epsilon function...
Allocating fields...
Solving for band polarization: te.
Initializing fields to random numbers...
1 k-points
  Vector3<-0.09, 0.14, 0.0>
elapsed time for initialization: 0.07894086837768555
solve_kpoint (-0.09,0.14,0):
tefreqs:, k index, k1, k2, k3, kmag/2pi, te band 1, te band 2, te band 3, te band 4, te band 5, te band 6
Solving for bands 1 to 6...
    near maximum in trace
    iteration    1: trace = 2.048939408508322 (199.792% change)
    iteration    2: trace = 0.4983029411737059 (121.75% change)
    iteration    3: trace = 0.4261480538537035 (15.6103% change)
    iteration    4: trace = 0.4046174740554715 (5.18331% change)
    iteration    5: trace = 0.3991641224013702 (1.35692% change)
    iteration    6: trace = 0.3970598077015608 (0.528574% change)
    iteration    7: trace = 0.3962738824612297 (0.198132% change)
    iteration    8: trace = 0.3956223951866131 (0.164539% change)
    iteration    9: trace = 0.3953901365937845 (0.0587244% change)
    iteration   10: trace = 0.3953109276068761 (0.0200351% change)
    iteration   11: trace = 0.3952971092790091 (0.00349562% change)
    iteration   12: trace = 0.3952935406250259 (0.000902782% change)
    iteration   13: trace = 0.3952925090980771 (0.000260952% change)
    iteration   14: trace = 0.3952919666973426 (0.000137215% change)
    iteration   15: trace = 0.3952917346996343 (5.86902e-05% change)
    iteration   16: trace = 0.3952916405873056 (2.38083e-05% change)
    iteration   17: trace = 0.395291618011731 (5.71112e-06% change)
    iteration   18: trace = 0.3952916132440376 (1.20612e-06% change)
    iteration   19: trace = 0.395291612291763 (2.40904e-07% change)
    iteration   20: trace = 0.3952916121012388 (4.81984e-08% change)
    iteration   21: trace = 0.3952916120402577 (1.54269e-08% change)
    iteration   22: trace = 0.3952916120202452 (5.06272e-09% change)
Finished solving for bands 1 to 6 after 22 iterations.
tefreqs:, 1, -0.09, 0.14, 0, 0.143178, 0.0644783, 0.148924, 0.171598, 0.30091, 0.322522, 0.380714
elapsed time for k point: 3.490121603012085
total elapsed time for run: 3.56915545463562
done
Initializing eigensolver data
Computing 6 bands with 1e-10 tolerance
Working in 2 dimensions.
Grid size is 336 x 112 x 1.
Solving for 6 bands at a time.
Creating Maxwell data...
Mesh size is 3.
Lattice vectors:
     (3, 0, 0)
     (0, 1, 0)
     (0, 0, 1)
Cell volume = 3
Reciprocal lattice vectors (/ 2 pi):
     (0.333333, -0, 0)
     (-0, 1, -0)
     (0, -0, 1)
Geometric objects:
     block, center = (0,0,0)
          size (1e+20,1e+20,1)
          axes (1,0,0), (0,1,0), (0,0,1)
     prism, center = (2.999,-1.38778e-17,0.5)
          height 1, axis (0,0,1), sidewall angle: 0 radians, 4 vertices:
          (3.249,0.25,0)
          (2.749,0.25,0)
          (2.749,-0.25,0)
          (3.249,-0.25,0)
     prism, center = (0.999,-1.38778e-17,0.5)
          height 1, axis (0,0,1), sidewall angle: 0 radians, 4 vertices:
          (1.249,0.25,0)
          (0.749,0.25,0)
          (0.749,-0.25,0)
          (1.249,-0.25,0)
     prism, center = (1.999,-1.38778e-17,0.5)
          height 1, axis (0,0,1), sidewall angle: 0 radians, 4 vertices:
          (2.249,0.25,0)
          (1.749,0.25,0)
          (1.749,-0.25,0)
          (2.249,-0.25,0)
Geometric object tree has depth 2 and 21 object nodes (vs. 4 actual objects)
Initializing epsilon function...
Allocating fields...
Solving for band polarization: te.
Initializing fields to random numbers...
1 k-points
  Vector3<-0.09, 0.14, 0.0>
elapsed time for initialization: 0.05621957778930664
solve_kpoint (-0.09,0.14,0):
tefreqs:, k index, k1, k2, k3, kmag/2pi, te band 1, te band 2, te band 3, te band 4, te band 5, te band 6
Solving for bands 1 to 6...
    near maximum in trace
    iteration    1: trace = 1.960483563503645 (199.801% change)
    iteration    2: trace = 0.516810610938983 (116.552% change)
    iteration    3: trace = 0.4494913635347708 (13.9334% change)
    iteration    4: trace = 0.4299295777815317 (4.44879% change)
    iteration    5: trace = 0.4242719981097819 (1.32465% change)
    iteration    6: trace = 0.4216918891294413 (0.609981% change)
    iteration    7: trace = 0.4207851303495838 (0.21526% change)
    iteration    8: trace = 0.4201033748932977 (0.162151% change)
    iteration    9: trace = 0.4193590611289362 (0.177331% change)
    large trace change predicted (0.395708%)
    iteration   10: trace = 0.4176722763842047 (0.40304% change)
    iteration   11: trace = 0.4156757929922596 (0.479148% change)
    iteration   12: trace = 0.4115990812043318 (0.985576% change)
    iteration   13: trace = 0.4069313184799949 (1.14052% change)
    iteration   14: trace = 0.4016893754495755 (1.29651% change)
    iteration   15: trace = 0.3983683800924531 (0.830189% change)
    iteration   16: trace = 0.3965215152792033 (0.464684% change)
    iteration   17: trace = 0.3957700181839147 (0.189702% change)
    iteration   18: trace = 0.3954603034674732 (0.0782869% change)
    iteration   19: trace = 0.3953682641041323 (0.0232767% change)
    iteration   20: trace = 0.395330862827473 (0.00946031% change)
    iteration   21: trace = 0.3953186150242266 (0.00309816% change)
    iteration   22: trace = 0.395313698588883 (0.00124367% change)
    iteration   23: trace = 0.3953117172783503 (0.000501201% change)
    iteration   24: trace = 0.3953110679643319 (0.000164254% change)
    iteration   25: trace = 0.3953108752681438 (4.87455e-05% change)
    iteration   26: trace = 0.3953108184226908 (1.43799e-05% change)
    iteration   27: trace = 0.3953107921993292 (6.63361e-06% change)
    iteration   28: trace = 0.3953107827187056 (2.39827e-06% change)
    iteration   29: trace = 0.395310779408763 (8.37301e-07% change)
    iteration   30: trace = 0.3953107783651513 (2.63998e-07% change)
    iteration   31: trace = 0.3953107779170228 (1.13361e-07% change)
    iteration   32: trace = 0.3953107777682336 (3.76385e-08% change)
    iteration   33: trace = 0.3953107777172444 (1.28985e-08% change)
    iteration   34: trace = 0.3953107777026721 (3.6863e-09% change)
Finished solving for bands 1 to 6 after 34 iterations.
tefreqs:, 1, -0.09, 0.14, 0, 0.143178, 0.0644794, 0.148925, 0.171602, 0.300917, 0.322533, 0.380722
elapsed time for k point: 5.082104206085205
total elapsed time for run: 5.138421535491943
done
