Initializing eigensolver data
Computing 6 bands with 1e-10 tolerance
Working in 2 dimensions.
Grid size is 288 x 96 x 1.
Solving for 6 bands at a time.
Creating Maxwell data...
Mesh size is 3.
Lattice vectors:
     (3, 0, 0)
     (0, 1, 0)
     (0, 0, 1)
Cell volume = 3
Reciprocal lattice vectors (/ 2 pi):
     (0.333333, -0, 0)
     (-0, 1, -0)
     (0, -0, 1)
Geometric objects:
     block, center = (0,0,0)
          size (1e+20,1e+20,1)
          axes (1,0,0), (0,1,0), (0,0,1)
     prism, center = (0.00890625,0,0.5)
          height 1, axis (0,0,1), sidewall angle: 0 radians, 4 vertices:
          (-0.241094,-0.25,0)
          (-0.241094,0.25,0)
          (0.258906,0.25,0)
          (0.258906,-0.25,0)
     prism, center = (0.998906,0,0.5)
          height 1, axis (0,0,1), sidewall angle: 0 radians, 4 vertices:
          (0.748906,-0.25,0)
          (0.748906,0.25,0)
          (1.24891,0.25,0)
          (1.24891,-0.25,0)
     prism, center = (2.00391,0,0.5)
          height 1, axis (0,0,1), sidewall angle: 0 radians, 4 vertices:
          (1.75391,-0.25,0)
          (1.75391,0.25,0)
          (2.25391,0.25,0)
          (2.25391,-0.25,0)
Geometric object tree has depth 2 and 21 object nodes (vs. 4 actual objects)
Initializing epsilon function...
Allocating fields...
Solving for band polarization: te.
Initializing fields to random numbers...
1 k-points
  Vector3<-0.09, 0.14, 0.0>
elapsed time for initialization: 0.034583330154418945
solve_kpoint (-0.09,0.14,0):
tefreqs:, k index, k1, k2, k3, kmag/2pi, te band 1, te band 2, te band 3, te band 4, te band 5, te band 6
Solving for bands 1 to 6...
    near maximum in trace
    iteration    1: trace = 2.19329198596715 (199.698% change)
    iteration    2: trace = 0.712615027397236 (101.908% change)
    iteration    3: trace = 0.4462937861102383 (45.9607% change)
    iteration    4: trace = 0.4213961034394613 (5.73884% change)
    iteration    5: trace = 0.4085904130707297 (3.08576% change)
    iteration    6: trace = 0.404363017465959 (1.04001% change)
    iteration    7: trace = 0.4003094558542442 (1.00751% change)
    iteration    8: trace = 0.3981325041661586 (0.5453% change)
    iteration    9: trace = 0.3968247407275871 (0.329015% change)
    iteration   10: trace = 0.3965472697992395 (0.0699472% change)
    iteration   11: trace = 0.3964433460591472 (0.0262106% change)
    iteration   12: trace = 0.3964144694064293 (0.00728419% change)
    iteration   13: trace = 0.3963986262205961 (0.0039967% change)
    iteration   14: trace = 0.3963932477420105 (0.00135685% change)
    iteration   15: trace = 0.3963912232051489 (0.000510741% change)
    iteration   16: trace = 0.3963907957752889 (0.00010783% change)
    iteration   17: trace = 0.3963906763306752 (3.0133e-05% change)
    iteration   18: trace = 0.3963906441262357 (8.12442e-06% change)
    iteration   19: trace = 0.3963906272759837 (4.25092e-06% change)
    iteration   20: trace = 0.3963906187907811 (2.14062e-06% change)
    iteration   21: trace = 0.3963906155122455 (8.27097e-07% change)
    iteration   22: trace = 0.3963906146714851 (2.12104e-07% change)
    iteration   23: trace = 0.3963906145091015 (4.09655e-08% change)
    iteration   24: trace = 0.396390614462722 (1.17005e-08% change)
    iteration   25: trace = 0.3963906144459874 (4.22173e-09% change)
Finished solving for bands 1 to 6 after 25 iterations.
tefreqs:, 1, -0.09, 0.14, 0, 0.143178, 0.0645128, 0.149078, 0.171771, 0.301469, 0.323146, 0.381041
elapsed time for k point: 2.4184539318084717
total elapsed time for run: 2.4531257152557373
done
Initializing eigensolver data
Computing 6 bands with 1e-10 tolerance
Working in 2 dimensions.
Grid size is 288 x 96 x 1.
Solving for 6 bands at a time.
Creating Maxwell data...
Mesh size is 3.
Lattice vectors:
     (3, 0, 0)
     (0, 1, 0)
     (0, 0, 1)
Cell volume = 3
Reciprocal lattice vectors (/ 2 pi):
     (0.333333, -0, 0)
     (-0, 1, -0)
     (0, -0, 1)
Geometric objects:
     block, center = (0,0,0)
          size (1e+20,1e+20,1)
          axes (1,0,0), (0,1,0), (0,0,1)
     prism, center = (1.00891,0,0.5)
          height 1, axis (0,0,1), sidewall angle: 0 radians, 4 vertices:
          (0.758906,-0.25,0)
          (0.758906,0.25,0)
          (1.25891,0.25,0)
          (1.25891,-0.25,0)
     prism, center = (2.00391,0,0.5)
          height 1, axis (0,0,1), sidewall angle: 0 radians, 4 vertices:
          (1.75391,-0.25,0)
          (1.75391,0.25,0)
          (2.25391,0.25,0)
          (2.25391,-0.25,0)
     prism, center = (2.99891,0,0.5)
          height 1, axis (0,0,1), sidewall angle: 0 radians, 4 vertices:
          (2.74891,-0.25,0)
          (2.74891,0.25,0)
          (3.24891,0.25,0)
          (3.24891,-0.25,0)
Geometric object tree has depth 2 and 21 object nodes (vs. 4 actual objects)
Initializing epsilon function...
Allocating fields...
Solving for band polarization: te.
Initializing fields to random numbers...
1 k-points
  Vector3<-0.09, 0.14, 0.0>
elapsed time for initialization: 0.02872920036315918
solve_kpoint (-0.09,0.14,0):
tefreqs:, k index, k1, k2, k3, kmag/2pi, te band 1, te band 2, te band 3, te band 4, te band 5, te band 6
Solving for bands 1 to 6...
    near maximum in trace
    iteration    1: trace = 1.993496241588447 (199.726% change)
    iteration    2: trace = 0.5293665083439396 (116.069% change)
    iteration    3: trace = 0.4511527479821442 (15.9535% change)
    iteration    4: trace = 0.4246546613677347 (6.05112% change)
    iteration    5: trace = 0.4155660537205115 (2.16339% change)
    iteration    6: trace = 0.4095797214946912 (1.45098% change)
    iteration    7: trace = 0.404919407617496 (1.14434% change)
    iteration    8: trace = 0.399734475207876 (1.28874% change)
    iteration    9: trace = 0.3976705494859066 (0.517661% change)
    iteration   10: trace = 0.3968218561857257 (0.213644% change)
    iteration   11: trace = 0.3965785537441707 (0.0613316% change)
    iteration   12: trace = 0.3964615473873386 (0.0295083% change)
    iteration   13: trace = 0.3964129119893232 (0.0122681% change)
    iteration   14: trace = 0.3963952723322401 (0.00444992% change)
    iteration   15: trace = 0.3963906019734869 (0.00117821% change)
    iteration   16: trace = 0.3963894947979792 (0.000279315% change)
    iteration   17: trace = 0.3963891364756075 (9.03966e-05% change)
    iteration   18: trace = 0.3963890243512373 (2.82864e-05% change)
    iteration   19: trace = 0.3963889692297053 (1.39059e-05% change)
    iteration   20: trace = 0.3963889436004604 (6.46568e-06% change)
    iteration   21: trace = 0.3963889332867966 (2.60191e-06% change)
    iteration   22: trace = 0.3963889311154688 (5.47777e-07% change)
    iteration   23: trace = 0.3963889305187179 (1.50547e-07% change)
    iteration   24: trace = 0.3963889303742451 (3.64472e-08% change)
    iteration   25: trace = 0.3963889303079965 (1.6713e-08% change)
    iteration   26: trace = 0.3963889302779232 (7.58682e-09% change)
Finished solving for bands 1 to 6 after 26 iterations.
tefreqs:, 1, -0.09, 0.14, 0, 0.143178, 0.0645127, 0.149078, 0.171771, 0.301466, 0.323151, 0.381037
elapsed time for k point: 6.203213453292847
total elapsed time for run: 6.232038259506226
done
Initializing eigensolver data
Computing 6 bands with 1e-10 tolerance
Working in 2 dimensions.
Grid size is 288 x 96 x 1.
Solving for 6 bands at a time.
Creating Maxwell data...
Mesh size is 3.
Lattice vectors:
     (3, 0, 0)
     (0, 1, 0)
     (0, 0, 1)
Cell volume = 3
Reciprocal lattice vectors (/ 2 pi):
     (0.333333, -0, 0)
     (-0, 1, -0)
     (0, -0, 1)
Geometric objects:
     block, center = (0,0,0)
          size (1e+20,1e+20,1)
          axes (1,0,0), (0,1,0), (0,0,1)
     prism, center = (0.0114063,0,0.5)
          height 1, axis (0,0,1), sidewall angle: 0 radians, 4 vertices:
          (-0.238594,-0.25,0)
          (-0.238594,0.25,0)
          (0.261406,0.25,0)
          (0.261406,-0.25,0)
     prism, center = (0.996406,0,0.5)
          height 1, axis (0,0,1), sidewall angle: 0 radians, 4 vertices:
          (0.746406,-0.25,0)
          (0.746406,0.25,0)
          (1.24641,0.25,0)
          (1.24641,-0.25,0)
     prism, center = (2.00391,0,0.5)
          height 1, axis (0,0,1), sidewall angle: 0 radians, 4 vertices:
          (1.75391,-0.25,0)
          (1.75391,0.25,0)
          (2.25391,0.25,0)
          (2.25391,-0.25,0)
Geometric object tree has depth 2 and 21 object nodes (vs. 4 actual objects)
Initializing epsilon function...
Allocating fields...
Solving for band polarization: te.
Initializing fields to random numbers...
1 k-points
  Vector3<-0.09, 0.14, 0.0>
elapsed time for initialization: 0.09194684028625488
solve_kpoint (-0.09,0.14,0):
tefreqs:, k index, k1, k2, k3, kmag/2pi, te band 1, te band 2, te band 3, te band 4, te band 5, te band 6
Solving for bands 1 to 6...
    near maximum in trace
    iteration    1: trace = 2.029957842633511 (199.72% change)
    iteration    2: trace = 0.6117435841250682 (107.371% change)
    iteration    3: trace = 0.435992295360627 (33.5488% change)
    iteration    4: trace = 0.4149408987770374 (4.94784% change)
    iteration    5: trace = 0.4037981585571597 (2.72193% change)
    iteration    6: trace = 0.4004801474992891 (0.82509% change)
    iteration    7: trace = 0.3980409121511452 (0.610938% change)
    iteration    8: trace = 0.397051015446915 (0.249002% change)
    iteration    9: trace = 0.3965637653014811 (0.122793% change)
    iteration   10: trace = 0.3964788500162149 (0.0214151% change)
    iteration   11: trace = 0.3964436125869022 (0.00888799% change)
    iteration   12: trace = 0.3964318084396518 (0.00297755% change)
    iteration   13: trace = 0.396424345112532 (0.00188264% change)
    iteration   14: trace = 0.3964219442391071 (0.000605634% change)
    iteration   15: trace = 0.3964210851935166 (0.0002167% change)
    iteration   16: trace = 0.3964209046712065 (4.5538e-05% change)
    iteration   17: trace = 0.3964208289752347 (1.90949e-05% change)
    iteration   18: trace = 0.3964208035027793 (6.42561e-06% change)
    iteration   19: trace = 0.3964207901377627 (3.37142e-06% change)
    iteration   20: trace = 0.3964207852210007 (1.24029e-06% change)
    iteration   21: trace = 0.3964207836498206 (3.96341e-07% change)
    iteration   22: trace = 0.3964207833269799 (8.14389e-08% change)
    iteration   23: trace = 0.3964207832611221 (1.66131e-08% change)
    iteration   24: trace = 0.3964207832450489 (4.05457e-09% change)
Finished solving for bands 1 to 6 after 24 iterations.
tefreqs:, 1, -0.09, 0.14, 0, 0.143178, 0.0645196, 0.149079, 0.171783, 0.30142, 0.323182, 0.381082
elapsed time for k point: 8.689197540283203
total elapsed time for run: 8.781249284744263
done
Initializing eigensolver data
Computing 6 bands with 1e-10 tolerance
Working in 2 dimensions.
Grid size is 288 x 96 x 1.
Solving for 6 bands at a time.
Creating Maxwell data...
Mesh size is 3.
Lattice vectors:
     (3, 0, 0)
     (0, 1, 0)
     (0, 0, 1)
Cell volume = 3
Reciprocal lattice vectors (/ 2 pi):
     (0.333333, -0, 0)
     (-0, 1, -0)
     (0, -0, 1)
Geometric objects:
     block, center = (0,0,0)
          size (1e+20,1e+20,1)
          axes (1,0,0), (0,1,0), (0,0,1)
     prism, center = (1.01141,0,0.5)
          height 1, axis (0,0,1), sidewall angle: 0 radians, 4 vertices:
          (0.761406,-0.25,0)
          (0.761406,0.25,0)
          (1.26141,0.25,0)
          (1.26141,-0.25,0)
     prism, center = (2.00391,0,0.5)
          height 1, axis (0,0,1), sidewall angle: 0 radians, 4 vertices:
          (1.75391,-0.25,0)
          (1.75391,0.25,0)
          (2.25391,0.25,0)
          (2.25391,-0.25,0)
     prism, center = (2.99641,0,0.5)
          height 1, axis (0,0,1), sidewall angle: 0 radians, 4 vertices:
          (2.74641,-0.25,0)
          (2.74641,0.25,0)
          (3.24641,0.25,0)
          (3.24641,-0.25,0)
Geometric object tree has depth 2 and 21 object nodes (vs. 4 actual objects)
Initializing epsilon function...
Allocating fields...
Solving for band polarization: te.
Initializing fields to random numbers...
1 k-points
  Vector3<-0.09, 0.14, 0.0>
elapsed time for initialization: 0.07180666923522949
solve_kpoint (-0.09,0.14,0):
tefreqs:, k index, k1, k2, k3, kmag/2pi, te band 1, te band 2, te band 3, te band 4, te band 5, te band 6
Solving for bands 1 to 6...
    near maximum in trace
    iteration    1: trace = 2.143270979305856 (199.704% change)
    iteration    2: trace = 0.5845545261758281 (114.283% change)
    iteration    3: trace = 0.4259062806940845 (31.4012% change)
    iteration    4: trace = 0.4089040800680708 (4.07331% change)
    iteration    5: trace = 0.4009514779320167 (1.96396% change)
    iteration    6: trace = 0.3988218639108252 (0.532554% change)
    iteration    7: trace = 0.397335387736742 (0.373413% change)
    iteration    8: trace = 0.3968070275835158 (0.133064% change)
    iteration    9: trace = 0.3965149092744016 (0.0736443% change)
    iteration   10: trace = 0.3964546964548712 (0.0151867% change)
    iteration   11: trace = 0.3964315663633667 (0.0058344% change)
    iteration   12: trace = 0.3964256466302331 (0.00149327% change)
    iteration   13: trace = 0.3964222929211343 (0.00084599% change)
    iteration   14: trace = 0.3964209467274097 (0.000339586% change)
    iteration   15: trace = 0.3964203462040417 (0.000151486% change)
    iteration   16: trace = 0.3964202056118197 (3.54654e-05% change)
    iteration   17: trace = 0.3964201590310157 (1.17504e-05% change)
    iteration   18: trace = 0.396420145673553 (3.36952e-06% change)
    iteration   19: trace = 0.3964201396095347 (1.52969e-06% change)
    iteration   20: trace = 0.3964201370884872 (6.35953e-07% change)
    iteration   21: trace = 0.396420136136473 (2.40153e-07% change)
    iteration   22: trace = 0.3964201359269806 (5.28461e-08% change)
    iteration   23: trace = 0.3964201358879686 (9.84106e-09% change)
Finished solving for bands 1 to 6 after 23 iterations.
tefreqs:, 1, -0.09, 0.14, 0, 0.143178, 0.0645196, 0.149079, 0.171783, 0.301412, 0.323195, 0.381077
elapsed time for k point: 6.056588649749756
total elapsed time for run: 6.128495931625366
done
Initializing eigensolver data
Computing 6 bands with 1e-10 tolerance
Working in 2 dimensions.
Grid size is 288 x 96 x 1.
Solving for 6 bands at a time.
Creating Maxwell data...
Mesh size is 3.
Lattice vectors:
     (3, 0, 0)
     (0, 1, 0)
     (0, 0, 1)
Cell volume = 3
Reciprocal lattice vectors (/ 2 pi):
     (0.333333, -0, 0)
     (-0, 1, -0)
     (0, -0, 1)
Geometric objects:
     block, center = (0,0,0)
          size (1e+20,1e+20,1)
          axes (1,0,0), (0,1,0), (0,0,1)
     prism, center = (0.0139063,0,0.5)
          height 1, axis (0,0,1), sidewall angle: 0 radians, 4 vertices:
          (-0.236094,-0.25,0)
          (-0.236094,0.25,0)
          (0.263906,0.25,0)
          (0.263906,-0.25,0)
     prism, center = (0.993906,0,0.5)
          height 1, axis (0,0,1), sidewall angle: 0 radians, 4 vertices:
          (0.743906,-0.25,0)
          (0.743906,0.25,0)
          (1.24391,0.25,0)
          (1.24391,-0.25,0)
     prism, center = (2.00391,0,0.5)
          height 1, axis (0,0,1), sidewall angle: 0 radians, 4 vertices:
          (1.75391,-0.25,0)
          (1.75391,0.25,0)
          (2.25391,0.25,0)
          (2.25391,-0.25,0)
Geometric object tree has depth 2 and 21 object nodes (vs. 4 actual objects)
Initializing epsilon function...
Allocating fields...
Solving for band polarization: te.
Initializing fields to random numbers...
1 k-points
  Vector3<-0.09, 0.14, 0.0>
elapsed time for initialization: 0.0707855224609375
solve_kpoint (-0.09,0.14,0):
tefreqs:, k index, k1, k2, k3, kmag/2pi, te band 1, te band 2, te band 3, te band 4, te band 5, te band 6
Solving for bands 1 to 6...
    near maximum in trace
    iteration    1: trace = 2.107820388982307 (199.712% change)
    iteration    2: trace = 0.5413202501214315 (118.265% change)
    iteration    3: trace = 0.4603321514881974 (16.1709% change)
    iteration    4: trace = 0.4282519029747344 (7.22053% change)
    iteration    5: trace = 0.4204590791767101 (1.83639% change)
    iteration    6: trace = 0.4163038241822402 (0.993174% change)
    iteration    7: trace = 0.413020639786766 (0.791773% change)
    large trace change predicted (1.99111%)
    iteration    8: trace = 0.4052033320737767 (1.9108% change)
    iteration    9: trace = 0.400233176078787 (1.23415% change)
    iteration   10: trace = 0.3974742276611184 (0.691719% change)
    iteration   11: trace = 0.3968697607067841 (0.152193% change)
    iteration   12: trace = 0.3965914657303609 (0.0701471% change)
    iteration   13: trace = 0.3964983177918165 (0.0234899% change)
    iteration   14: trace = 0.396442533397125 (0.0140703% change)
    iteration   15: trace = 0.3964244284894247 (0.00456695% change)
    iteration   16: trace = 0.3964179586119443 (0.00163207% change)
    iteration   17: trace = 0.3964166042271149 (0.000341656% change)
    iteration   18: trace = 0.396416168748396 (0.000109854% change)
    iteration   19: trace = 0.3964160397937414 (3.25301e-05% change)
    iteration   20: trace = 0.3964159751913666 (1.62966e-05% change)
    iteration   21: trace = 0.3964159514869616 (5.97968e-06% change)
    iteration   22: trace = 0.3964159432559668 (2.07635e-06% change)
    iteration   23: trace = 0.3964159411397271 (5.33843e-07% change)
    iteration   24: trace = 0.3964159405797223 (1.41267e-07% change)
    iteration   25: trace = 0.3964159403568161 (5.62304e-08% change)
    iteration   26: trace = 0.3964159402419305 (2.89811e-08% change)
    iteration   27: trace = 0.3964159401775157 (1.62493e-08% change)
    iteration   28: trace = 0.3964159401578235 (4.96756e-09% change)
Finished solving for bands 1 to 6 after 28 iterations.
tefreqs:, 1, -0.09, 0.14, 0, 0.143178, 0.0645226, 0.149076, 0.171797, 0.301338, 0.323224, 0.381099
elapsed time for k point: 9.237281799316406
total elapsed time for run: 9.308177471160889
done
Initializing eigensolver data
Computing 6 bands with 1e-10 tolerance
Working in 2 dimensions.
Grid size is 288 x 96 x 1.
Solving for 6 bands at a time.
Creating Maxwell data...
Mesh size is 3.
Lattice vectors:
     (3, 0, 0)
     (0, 1, 0)
     (0, 0, 1)
Cell volume = 3
Reciprocal lattice vectors (/ 2 pi):
     (0.333333, -0, 0)
     (-0, 1, -0)
     (0, -0, 1)
Geometric objects:
     block, center = (0,0,0)
          size (1e+20,1e+20,1)
          axes (1,0,0), (0,1,0), (0,0,1)
     prism, center = (1.01391,0,0.5)
          height 1, axis (0,0,1), sidewall angle: 0 radians, 4 vertices:
          (0.763906,-0.25,0)
          (0.763906,0.25,0)
          (1.26391,0.25,0)
          (1.26391,-0.25,0)
     prism, center = (2.00391,0,0.5)
          height 1, axis (0,0,1), sidewall angle: 0 radians, 4 vertices:
          (1.75391,-0.25,0)
          (1.75391,0.25,0)
          (2.25391,0.25,0)
          (2.25391,-0.25,0)
     prism, center = (2.99391,0,0.5)
          height 1, axis (0,0,1), sidewall angle: 0 radians, 4 vertices:
          (2.74391,-0.25,0)
          (2.74391,0.25,0)
          (3.24391,0.25,0)
          (3.24391,-0.25,0)
Geometric object tree has depth 2 and 21 object nodes (vs. 4 actual objects)
Initializing epsilon function...
Allocating fields...
Solving for band polarization: te.
Initializing fields to random numbers...
1 k-points
  Vector3<-0.09, 0.14, 0.0>
elapsed time for initialization: 0.07061147689819336
solve_kpoint (-0.09,0.14,0):
tefreqs:, k index, k1, k2, k3, kmag/2pi, te band 1, te band 2, te band 3, te band 4, te band 5, te band 6
Solving for bands 1 to 6...
    near maximum in trace
    iteration    1: trace = 2.532563272544241 (199.653% change)
    iteration    2: trace = 0.6749017539648373 (115.834% change)
    iteration    3: trace = 0.4593514528714851 (38.0074% change)
    iteration    4: trace = 0.4295875138482806 (6.69651% change)
    iteration    5: trace = 0.4140564859819454 (3.68189% change)
    iteration    6: trace = 0.4084300916344431 (1.36814% change)
    iteration    7: trace = 0.4035866975954159 (1.19293% change)
    iteration    8: trace = 0.4003836419788941 (0.796809% change)
    iteration    9: trace = 0.3976573887853079 (0.683236% change)
    iteration   10: trace = 0.3968189320497992 (0.211072% change)
    iteration   11: trace = 0.396510860913565 (0.0776653% change)
    iteration   12: trace = 0.3964528222322939 (0.0146384% change)
    iteration   13: trace = 0.3964295139462063 (0.00587938% change)
    iteration   14: trace = 0.3964222703585144 (0.00182722% change)
    iteration   15: trace = 0.3964176133325087 (0.00117477% change)
    iteration   16: trace = 0.3964160870415774 (0.000385022% change)
    iteration   17: trace = 0.3964155629950583 (0.000132196% change)
    iteration   18: trace = 0.3964154558325217 (2.70329e-05% change)
    iteration   19: trace = 0.39641541653644 (9.91285e-06% change)
    iteration   20: trace = 0.3964153999289853 (4.18941e-06% change)
    iteration   21: trace = 0.3964153911924325 (2.20389e-06% change)
    iteration   22: trace = 0.3964153886283745 (6.46811e-07% change)
    iteration   23: trace = 0.3964153879457373 (1.72203e-07% change)
    iteration   24: trace = 0.39641538776666 (4.51741e-08% change)
    iteration   25: trace = 0.3964153877100009 (1.42929e-08% change)
    iteration   26: trace = 0.3964153876817385 (7.1295e-09% change)
Finished solving for bands 1 to 6 after 26 iterations.
tefreqs:, 1, -0.09, 0.14, 0, 0.143178, 0.0645226, 0.149077, 0.171795, 0.30132, 0.323252, 0.38109
elapsed time for k point: 9.08268404006958
total elapsed time for run: 9.15340781211853
done
Initializing eigensolver data
Computing 6 bands with 1e-10 tolerance
Working in 2 dimensions.
Grid size is 288 x 96 x 1.
Solving for 6 bands at a time.
Creating Maxwell data...
Mesh size is 3.
Lattice vectors:
     (3, 0, 0)
     (0, 1, 0)
     (0, 0, 1)
Cell volume = 3
Reciprocal lattice vectors (/ 2 pi):
     (0.333333, -0, 0)
     (-0, 1, -0)
     (0, -0, 1)
Geometric objects:
     block, center = (0,0,0)
          size (1e+20,1e+20,1)
          axes (1,0,0), (0,1,0), (0,0,1)
     prism, center = (0.0189063,0,0.5)
          height 1, axis (0,0,1), sidewall angle: 0 radians, 4 vertices:
          (-0.231094,-0.25,0)
          (-0.231094,0.25,0)
          (0.268906,0.25,0)
          (0.268906,-0.25,0)
     prism, center = (0.988906,0,0.5)
          height 1, axis (0,0,1), sidewall angle: 0 radians, 4 vertices:
          (0.738906,-0.25,0)
          (0.738906,0.25,0)
          (1.23891,0.25,0)
          (1.23891,-0.25,0)
     prism, center = (2.00391,0,0.5)
          height 1, axis (0,0,1), sidewall angle: 0 radians, 4 vertices:
          (1.75391,-0.25,0)
          (1.75391,0.25,0)
          (2.25391,0.25,0)
          (2.25391,-0.25,0)
Geometric object tree has depth 2 and 21 object nodes (vs. 4 actual objects)
Initializing epsilon function...
Allocating fields...
Solving for band polarization: te.
Initializing fields to random numbers...
1 k-points
  Vector3<-0.09, 0.14, 0.0>
elapsed time for initialization: 0.03951239585876465
solve_kpoint (-0.09,0.14,0):
tefreqs:, k index, k1, k2, k3, kmag/2pi, te band 1, te band 2, te band 3, te band 4, te band 5, te band 6
Solving for bands 1 to 6...
    near maximum in trace
    iteration    1: trace = 1.745506012161744 (199.76% change)
    iteration    2: trace = 0.4747431267200898 (114.47% change)
    iteration    3: trace = 0.4240705049696207 (11.2754% change)
    iteration    4: trace = 0.4078823741121811 (3.8916% change)
    iteration    5: trace = 0.4027258088747189 (1.27227% change)
    iteration    6: trace = 0.3992467381728429 (0.867628% change)
    iteration    7: trace = 0.3977381425385479 (0.378576% change)
    iteration    8: trace = 0.3967406258949709 (0.251112% change)
    iteration    9: trace = 0.3965012595793007 (0.0603514% change)
    iteration   10: trace = 0.3963995960260418 (0.0256434% change)
    iteration   11: trace = 0.3963651055767682 (0.00870131% change)
    iteration   12: trace = 0.3963431611684017 (0.00553657% change)
    iteration   13: trace = 0.3963369636646234 (0.00156368% change)
    iteration   14: trace = 0.3963351584457595 (0.000455477% change)
    iteration   15: trace = 0.3963348285151923 (8.32454e-05% change)
    iteration   16: trace = 0.3963347296339585 (2.49489e-05% change)
    iteration   17: trace = 0.3963347012274331 (7.16731e-06% change)
    iteration   18: trace = 0.396334688723335 (3.15493e-06% change)
    iteration   19: trace = 0.3963346827602651 (1.50455e-06% change)
    iteration   20: trace = 0.3963346801060292 (6.69696e-07% change)
    iteration   21: trace = 0.3963346794070666 (1.76357e-07% change)
    iteration   22: trace = 0.3963346792569492 (3.78764e-08% change)
    iteration   23: trace = 0.3963346792128846 (1.1118e-08% change)
    iteration   24: trace = 0.3963346791972637 (3.94134e-09% change)
Finished solving for bands 1 to 6 after 24 iterations.
tefreqs:, 1, -0.09, 0.14, 0, 0.143178, 0.0645139, 0.149064, 0.171836, 0.30112, 0.323325, 0.381068
elapsed time for k point: 7.584761381149292
total elapsed time for run: 7.624397277832031
done
Initializing eigensolver data
Computing 6 bands with 1e-10 tolerance
Working in 2 dimensions.
Grid size is 288 x 96 x 1.
Solving for 6 bands at a time.
Creating Maxwell data...
Mesh size is 3.
Lattice vectors:
     (3, 0, 0)
     (0, 1, 0)
     (0, 0, 1)
Cell volume = 3
Reciprocal lattice vectors (/ 2 pi):
     (0.333333, -0, 0)
     (-0, 1, -0)
     (0, -0, 1)
Geometric objects:
     block, center = (0,0,0)
          size (1e+20,1e+20,1)
          axes (1,0,0), (0,1,0), (0,0,1)
     prism, center = (1.01891,0,0.5)
          height 1, axis (0,0,1), sidewall angle: 0 radians, 4 vertices:
          (0.768906,-0.25,0)
          (0.768906,0.25,0)
          (1.26891,0.25,0)
          (1.26891,-0.25,0)
     prism, center = (2.00391,0,0.5)
          height 1, axis (0,0,1), sidewall angle: 0 radians, 4 vertices:
          (1.75391,-0.25,0)
          (1.75391,0.25,0)
          (2.25391,0.25,0)
          (2.25391,-0.25,0)
     prism, center = (2.98891,0,0.5)
          height 1, axis (0,0,1), sidewall angle: 0 radians, 4 vertices:
          (2.73891,-0.25,0)
          (2.73891,0.25,0)
          (3.23891,0.25,0)
          (3.23891,-0.25,0)
Geometric object tree has depth 2 and 21 object nodes (vs. 4 actual objects)
Initializing epsilon function...
Allocating fields...
Solving for band polarization: te.
Initializing fields to random numbers...
1 k-points
  Vector3<-0.09, 0.14, 0.0>
elapsed time for initialization: 0.04865741729736328
solve_kpoint (-0.09,0.14,0):
tefreqs:, k index, k1, k2, k3, kmag/2pi, te band 1, te band 2, te band 3, te band 4, te band 5, te band 6
Solving for bands 1 to 6...
    near maximum in trace
    iteration    1: trace = 2.107635914542496 (199.71% change)
    iteration    2: trace = 0.6009178948292646 (111.256% change)
    iteration    3: trace = 0.4454437966893202 (29.7171% change)
    iteration    4: trace = 0.4231799142863197 (5.12624% change)
    iteration    5: trace = 0.4101038246573153 (3.13845% change)
    iteration    6: trace = 0.4045521111024717 (1.36296% change)
    iteration    7: trace = 0.3994970787781705 (1.25739% change)
    iteration    8: trace = 0.3974553772423899 (0.512377% change)
    iteration    9: trace = 0.3965773656445534 (0.221152% change)
    iteration   10: trace = 0.3964210915271842 (0.0394135% change)
    iteration   11: trace = 0.3963643354792693 (0.0143181% change)
    iteration   12: trace = 0.3963484714266355 (0.00400247% change)
    iteration   13: trace = 0.3963380539577598 (0.0026284% change)
    iteration   14: trace = 0.3963343015964021 (0.000946762% change)
    iteration   15: trace = 0.3963327199696849 (0.000399065% change)
    iteration   16: trace = 0.3963323743201574 (8.7212e-05% change)
    iteration   17: trace = 0.3963322119424855 (4.09701e-05% change)
    iteration   18: trace = 0.396332140477363 (1.80316e-05% change)
    iteration   19: trace = 0.3963321014079739 (9.85774e-06% change)
    iteration   20: trace = 0.3963320912661022 (2.55893e-06% change)
    iteration   21: trace = 0.3963320884781797 (7.03431e-07% change)
    iteration   22: trace = 0.3963320878789918 (1.51183e-07% change)
    iteration   23: trace = 0.3963320877491577 (3.27589e-08% change)
    iteration   24: trace = 0.3963320877118385 (9.41616e-09% change)
Finished solving for bands 1 to 6 after 24 iterations.
tefreqs:, 1, -0.09, 0.14, 0, 0.143178, 0.064514, 0.149066, 0.171831, 0.301056, 0.32342, 0.381036
elapsed time for k point: 5.165307521820068
total elapsed time for run: 5.214084148406982
done
Initializing eigensolver data
Computing 6 bands with 1e-10 tolerance
Working in 2 dimensions.
Grid size is 288 x 96 x 1.
Solving for 6 bands at a time.
Creating Maxwell data...
Mesh size is 3.
Lattice vectors:
     (3, 0, 0)
     (0, 1, 0)
     (0, 0, 1)
Cell volume = 3
Reciprocal lattice vectors (/ 2 pi):
     (0.333333, -0, 0)
     (-0, 1, -0)
     (0, -0, 1)
Geometric objects:
     block, center = (0,0,0)
          size (1e+20,1e+20,1)
          axes (1,0,0), (0,1,0), (0,0,1)
     prism, center = (0.0239063,0,0.5)
          height 1, axis (0,0,1), sidewall angle: 0 radians, 4 vertices:
          (-0.226094,-0.25,0)
          (-0.226094,0.25,0)
          (0.273906,0.25,0)
          (0.273906,-0.25,0)
     prism, center = (0.983906,0,0.5)
          height 1, axis (0,0,1), sidewall angle: 0 radians, 4 vertices:
          (0.733906,-0.25,0)
          (0.733906,0.25,0)
          (1.23391,0.25,0)
          (1.23391,-0.25,0)
     prism, center = (2.00391,0,0.5)
          height 1, axis (0,0,1), sidewall angle: 0 radians, 4 vertices:
          (1.75391,-0.25,0)
          (1.75391,0.25,0)
          (2.25391,0.25,0)
          (2.25391,-0.25,0)
Geometric object tree has depth 2 and 21 object nodes (vs. 4 actual objects)
Initializing epsilon function...
Allocating fields...
Solving for band polarization: te.
Initializing fields to random numbers...
1 k-points
  Vector3<-0.09, 0.14, 0.0>
elapsed time for initialization: 0.07045388221740723
solve_kpoint (-0.09,0.14,0):
tefreqs:, k index, k1, k2, k3, kmag/2pi, te band 1, te band 2, te band 3, te band 4, te band 5, te band 6
Solving for bands 1 to 6...
    near maximum in trace
    iteration    1: trace = 2.301476898571036 (199.684% change)
    iteration    2: trace = 0.485227003533122 (130.351% change)
    iteration    3: trace = 0.4212408942451916 (14.1177% change)
    iteration    4: trace = 0.4039400224053967 (4.19323% change)
    iteration    5: trace = 0.3994411233473086 (1.11999% change)
    iteration    6: trace = 0.3974835488805239 (0.491282% change)
    iteration    7: trace = 0.3968770941049942 (0.15269% change)
    iteration    8: trace = 0.3964972893747238 (0.0957441% change)
    iteration    9: trace = 0.3963836841837268 (0.0286563% change)
    iteration   10: trace = 0.3963261588470003 (0.0145136% change)
    iteration   11: trace = 0.3963090119257794 (0.00432656% change)
    iteration   12: trace = 0.3963000503003227 (0.0022613% change)
    iteration   13: trace = 0.3962965346739274 (0.000887116% change)
    iteration   14: trace = 0.3962947716871563 (0.000444867% change)
    iteration   15: trace = 0.3962943646055964 (0.000102722% change)
    iteration   16: trace = 0.3962942452606401 (3.01152e-05% change)
    iteration   17: trace = 0.3962942211218008 (6.09114e-06% change)
    iteration   18: trace = 0.3962942131418353 (2.01365e-06% change)
    iteration   19: trace = 0.3962942099506197 (8.05264e-07% change)
    iteration   20: trace = 0.3962942081990128 (4.41997e-07% change)
    iteration   21: trace = 0.3962942075469875 (1.64531e-07% change)
    iteration   22: trace = 0.3962942073802909 (4.20638e-08% change)
    iteration   23: trace = 0.3962942073417546 (9.72416e-09% change)
Finished solving for bands 1 to 6 after 23 iterations.
tefreqs:, 1, -0.09, 0.14, 0, 0.143178, 0.0645178, 0.149052, 0.171893, 0.300843, 0.323453, 0.381103
elapsed time for k point: 2.899916172027588
total elapsed time for run: 2.970459222793579
done
Initializing eigensolver data
Computing 6 bands with 1e-10 tolerance
Working in 2 dimensions.
Grid size is 288 x 96 x 1.
Solving for 6 bands at a time.
Creating Maxwell data...
Mesh size is 3.
Lattice vectors:
     (3, 0, 0)
     (0, 1, 0)
     (0, 0, 1)
Cell volume = 3
Reciprocal lattice vectors (/ 2 pi):
     (0.333333, -0, 0)
     (-0, 1, -0)
     (0, -0, 1)
Geometric objects:
     block, center = (0,0,0)
          size (1e+20,1e+20,1)
          axes (1,0,0), (0,1,0), (0,0,1)
     prism, center = (1.02391,0,0.5)
          height 1, axis (0,0,1), sidewall angle: 0 radians, 4 vertices:
          (0.773906,-0.25,0)
          (0.773906,0.25,0)
          (1.27391,0.25,0)
          (1.27391,-0.25,0)
     prism, center = (2.00391,0,0.5)
          height 1, axis (0,0,1), sidewall angle: 0 radians, 4 vertices:
          (1.75391,-0.25,0)
          (1.75391,0.25,0)
          (2.25391,0.25,0)
          (2.25391,-0.25,0)
     prism, center = (2.98391,0,0.5)
          height 1, axis (0,0,1), sidewall angle: 0 radians, 4 vertices:
          (2.73391,-0.25,0)
          (2.73391,0.25,0)
          (3.23391,0.25,0)
          (3.23391,-0.25,0)
Geometric object tree has depth 2 and 21 object nodes (vs. 4 actual objects)
Initializing epsilon function...
Allocating fields...
Solving for band polarization: te.
Initializing fields to random numbers...
1 k-points
  Vector3<-0.09, 0.14, 0.0>
elapsed time for initialization: 0.034340620040893555
solve_kpoint (-0.09,0.14,0):
tefreqs:, k index, k1, k2, k3, kmag/2pi, te band 1, te band 2, te band 3, te band 4, te band 5, te band 6
Solving for bands 1 to 6...
    near maximum in trace
    iteration    1: trace = 1.891414292755156 (199.741% change)
    iteration    2: trace = 0.5083070071569964 (115.272% change)
    iteration    3: trace = 0.4439572406909529 (13.5151% change)
    iteration    4: trace = 0.4167105404032159 (6.33153% change)
    iteration    5: trace = 0.4083784900125058 (2.01967% change)
    iteration    6: trace = 0.4028961624994338 (1.35153% change)
    iteration    7: trace = 0.4000493111329848 (0.709102% change)
    iteration    8: trace = 0.3975378400637938 (0.629767% change)
    iteration    9: trace = 0.3967631803393753 (0.195054% change)
    iteration   10: trace = 0.3964469468999028 (0.0797351% change)
    iteration   11: trace = 0.396364918984179 (0.0206929% change)
    iteration   12: trace = 0.396321206171068 (0.011029% change)
    iteration   13: trace = 0.3963025048454341 (0.00471884% change)
    iteration   14: trace = 0.3962925211299354 (0.00251925% change)
    iteration   15: trace = 0.3962895735335406 (0.000743796% change)
    iteration   16: trace = 0.3962886959075638 (0.000221461% change)
    iteration   17: trace = 0.3962884806437026 (5.432e-05% change)
    iteration   18: trace = 0.3962884222029918 (1.4747e-05% change)
    iteration   19: trace = 0.3962883995555816 (5.71488e-06% change)
    iteration   20: trace = 0.3962883890093276 (2.66126e-06% change)
    iteration   21: trace = 0.3962883850933729 (9.88158e-07% change)
    iteration   22: trace = 0.3962883841592213 (2.35725e-07% change)
    iteration   23: trace = 0.3962883838479077 (7.85573e-08% change)
    iteration   24: trace = 0.3962883837339253 (2.87625e-08% change)
    iteration   25: trace = 0.3962883836650614 (1.73772e-08% change)
    iteration   26: trace = 0.3962883836329868 (8.09374e-09% change)
Finished solving for bands 1 to 6 after 26 iterations.
tefreqs:, 1, -0.09, 0.14, 0, 0.143178, 0.0645179, 0.149058, 0.171881, 0.300704, 0.323662, 0.381031
elapsed time for k point: 2.2003378868103027
total elapsed time for run: 2.234769582748413
done
Initializing eigensolver data
Computing 6 bands with 1e-10 tolerance
Working in 2 dimensions.
Grid size is 288 x 96 x 1.
Solving for 6 bands at a time.
Creating Maxwell data...
Mesh size is 3.
Lattice vectors:
     (3, 0, 0)
     (0, 1, 0)
     (0, 0, 1)
Cell volume = 3
Reciprocal lattice vectors (/ 2 pi):
     (0.333333, -0, 0)
     (-0, 1, -0)
     (0, -0, 1)
Geometric objects:
     block, center = (0,0,0)
          size (1e+20,1e+20,1)
          axes (1,0,0), (0,1,0), (0,0,1)
     prism, center = (0.00614232,-1.38778e-17,0.5)
          height 1, axis (0,0,1), sidewall angle: 0 radians, 4 vertices:
          (0.256142,0.25,0)
          (-0.243858,0.25,0)
          (-0.243858,-0.25,0)
          (0.256142,-0.25,0)
     prism, center = (1.00666,-1.38778e-17,0.5)
          height 1, axis (0,0,1), sidewall angle: 0 radians, 4 vertices:
          (1.25666,0.25,0)
          (0.756661,0.25,0)
          (0.756661,-0.25,0)
          (1.25666,-0.25,0)
     prism, center = (1.99892,-1.38778e-17,0.5)
          height 1, axis (0,0,1), sidewall angle: 0 radians, 4 vertices:
          (2.24892,0.25,0)
          (1.74892,0.25,0)
          (1.74892,-0.25,0)
          (2.24892,-0.25,0)
Geometric object tree has depth 2 and 21 object nodes (vs. 4 actual objects)
Initializing epsilon function...
Allocating fields...
Solving for band polarization: te.
Initializing fields to random numbers...
1 k-points
  Vector3<-0.09, 0.14, 0.0>
elapsed time for initialization: 0.03433108329772949
solve_kpoint (-0.09,0.14,0):
tefreqs:, k index, k1, k2, k3, kmag/2pi, te band 1, te band 2, te band 3, te band 4, te band 5, te band 6
Solving for bands 1 to 6...
    near maximum in trace
    iteration    1: trace = 2.415533064524853 (199.666% change)
    iteration    2: trace = 0.5227101338538821 (128.84% change)
    iteration    3: trace = 0.4437331820362215 (16.3438% change)
    iteration    4: trace = 0.4181459450679114 (5.93755% change)
    iteration    5: trace = 0.4079201550477665 (2.47578% change)
    iteration    6: trace = 0.4014085511269143 (1.60914% change)
    iteration    7: trace = 0.3985253948440627 (0.720849% change)
    iteration    8: trace = 0.396355353387184 (0.546004% change)
    iteration    9: trace = 0.3957102545001002 (0.16289% change)
    iteration   10: trace = 0.3954882041941397 (0.0561301% change)
    iteration   11: trace = 0.3954308488543236 (0.0145035% change)
    iteration   12: trace = 0.3953951666269974 (0.00902404% change)
    iteration   13: trace = 0.3953790379517004 (0.00407921% change)
    iteration   14: trace = 0.3953733128287384 (0.00144802% change)
    iteration   15: trace = 0.3953721109527202 (0.000303986% change)
    iteration   16: trace = 0.395371769885738 (8.62648e-05% change)
    iteration   17: trace = 0.3953716408511154 (3.26363e-05% change)
    iteration   18: trace = 0.395371571218656 (1.76119e-05% change)
    iteration   19: trace = 0.395371544240919 (6.82339e-06% change)
    iteration   20: trace = 0.3953715371511575 (1.79319e-06% change)
    iteration   21: trace = 0.3953715353838482 (4.47e-07% change)
    iteration   22: trace = 0.3953715350250909 (9.07393e-08% change)
    iteration   23: trace = 0.3953715349162086 (2.75392e-08% change)
    iteration   24: trace = 0.3953715348871029 (7.36161e-09% change)
Finished solving for bands 1 to 6 after 24 iterations.
tefreqs:, 1, -0.09, 0.14, 0, 0.143178, 0.0645029, 0.148918, 0.171599, 0.300845, 0.322521, 0.380867
elapsed time for k point: 2.440319061279297
total elapsed time for run: 2.474749803543091
done
Initializing eigensolver data
Computing 6 bands with 1e-10 tolerance
Working in 2 dimensions.
Grid size is 288 x 96 x 1.
Solving for 6 bands at a time.
Creating Maxwell data...
Mesh size is 3.
Lattice vectors:
     (3, 0, 0)
     (0, 1, 0)
     (0, 0, 1)
Cell volume = 3
Reciprocal lattice vectors (/ 2 pi):
     (0.333333, -0, 0)
     (-0, 1, -0)
     (0, -0, 1)
Geometric objects:
     block, center = (0,0,0)
          size (1e+20,1e+20,1)
          axes (1,0,0), (0,1,0), (0,0,1)
     prism, center = (0.00167018,-1.38778e-17,0.5)
          height 1, axis (0,0,1), sidewall angle: 0 radians, 4 vertices:
          (0.25167,0.25,0)
          (-0.24833,0.25,0)
          (-0.24833,-0.25,0)
          (0.25167,-0.25,0)
     prism, center = (1.00115,-1.38778e-17,0.5)
          height 1, axis (0,0,1), sidewall angle: 0 radians, 4 vertices:
          (1.25115,0.25,0)
          (0.751151,0.25,0)
          (0.751151,-0.25,0)
          (1.25115,-0.25,0)
     prism, center = (2.0089,-1.38778e-17,0.5)
          height 1, axis (0,0,1), sidewall angle: 0 radians, 4 vertices:
          (2.2589,0.25,0)
          (1.7589,0.25,0)
          (1.7589,-0.25,0)
          (2.2589,-0.25,0)
Geometric object tree has depth 2 and 21 object nodes (vs. 4 actual objects)
Initializing epsilon function...
Allocating fields...
Solving for band polarization: te.
Initializing fields to random numbers...
1 k-points
  Vector3<-0.09, 0.14, 0.0>
elapsed time for initialization: 0.03649020195007324
solve_kpoint (-0.09,0.14,0):
tefreqs:, k index, k1, k2, k3, kmag/2pi, te band 1, te band 2, te band 3, te band 4, te band 5, te band 6
Solving for bands 1 to 6...
    near maximum in trace
    iteration    1: trace = 2.083857494406678 (199.711% change)
    iteration    2: trace = 0.5285490768759942 (119.071% change)
    iteration    3: trace = 0.448349872300603 (16.4191% change)
    iteration    4: trace = 0.419161174550823 (6.7293% change)
    iteration    5: trace = 0.4087817713645119 (2.50727% change)
    iteration    6: trace = 0.4024907484820092 (1.5509% change)
    iteration    7: trace = 0.3990788658609031 (0.8513% change)
    iteration    8: trace = 0.3965253766715471 (0.641899% change)
    iteration    9: trace = 0.395756427272799 (0.19411% change)
    iteration   10: trace = 0.3954294988978657 (0.0826426% change)
    iteration   11: trace = 0.3953494571776438 (0.0202438% change)
    iteration   12: trace = 0.395306254217191 (0.0109284% change)
    iteration   13: trace = 0.3952890599228741 (0.00434971% change)
    iteration   14: trace = 0.3952813572852617 (0.00194863% change)
    iteration   15: trace = 0.395279587946978 (0.000447616% change)
    iteration   16: trace = 0.3952790172245163 (0.000144385% change)
    iteration   17: trace = 0.3952788896393535 (3.22772e-05% change)
    iteration   18: trace = 0.395278836577493 (1.34239e-05% change)
    iteration   19: trace = 0.3952788162885829 (5.13281e-06% change)
    iteration   20: trace = 0.3952788058734279 (2.63489e-06% change)
    iteration   21: trace = 0.3952788027806348 (7.82433e-07% change)
    iteration   22: trace = 0.3952788019627467 (2.06914e-07% change)
    iteration   23: trace = 0.3952788017908068 (4.34984e-08% change)
    iteration   24: trace = 0.3952788017578125 (8.34709e-09% change)
Finished solving for bands 1 to 6 after 24 iterations.
tefreqs:, 1, -0.09, 0.14, 0, 0.143178, 0.0644909, 0.14891, 0.171592, 0.300814, 0.322501, 0.380796
elapsed time for k point: 2.1739017963409424
total elapsed time for run: 2.2104973793029785
done
Initializing eigensolver data
Computing 6 bands with 1e-10 tolerance
Working in 2 dimensions.
Grid size is 288 x 96 x 1.
Solving for 6 bands at a time.
Creating Maxwell data...
Mesh size is 3.
Lattice vectors:
     (3, 0, 0)
     (0, 1, 0)
     (0, 0, 1)
Cell volume = 3
Reciprocal lattice vectors (/ 2 pi):
     (0.333333, -0, 0)
     (-0, 1, -0)
     (0, -0, 1)
Geometric objects:
     block, center = (0,0,0)
          size (1e+20,1e+20,1)
          axes (1,0,0), (0,1,0), (0,0,1)
     prism, center = (0.00726035,-1.38778e-17,0.5)
          height 1, axis (0,0,1), sidewall angle: 0 radians, 4 vertices:
          (0.25726,0.25,0)
          (-0.24274,0.25,0)
          (-0.24274,-0.25,0)
          (0.25726,-0.25,0)
     prism, center = (1.00804,-1.38778e-17,0.5)
          height 1, axis (0,0,1), sidewall angle: 0 radians, 4 vertices:
          (1.25804,0.25,0)
          (0.758039,0.25,0)
          (0.758039,-0.25,0)
          (1.25804,-0.25,0)
     prism, center = (1.99642,-1.38778e-17,0.5)
          height 1, axis (0,0,1), sidewall angle: 0 radians, 4 vertices:
          (2.24642,0.25,0)
          (1.74642,0.25,0)
          (1.74642,-0.25,0)
          (2.24642,-0.25,0)
Geometric object tree has depth 2 and 21 object nodes (vs. 4 actual objects)
Initializing epsilon function...
Allocating fields...
Solving for band polarization: te.
Initializing fields to random numbers...
1 k-points
  Vector3<-0.09, 0.14, 0.0>
elapsed time for initialization: 0.03679656982421875
solve_kpoint (-0.09,0.14,0):
tefreqs:, k index, k1, k2, k3, kmag/2pi, te band 1, te band 2, te band 3, te band 4, te band 5, te band 6
Solving for bands 1 to 6...
    near maximum in trace
    iteration    1: trace = 2.171007279779844 (199.699% change)
    iteration    2: trace = 0.5976201363649452 (113.658% change)
    iteration    3: trace = 0.4475474348333114 (28.7174% change)
    iteration    4: trace = 0.4205397838299021 (6.22234% change)
    iteration    5: trace = 0.4058967919998458 (3.54365% change)
    iteration    6: trace = 0.4015455836648067 (1.07778% change)
    iteration    7: trace = 0.3979764089928153 (0.892827% change)
    iteration    8: trace = 0.3962365480791322 (0.438135% change)
    iteration    9: trace = 0.3954677196551505 (0.194221% change)
    iteration   10: trace = 0.3953360183758098 (0.0333082% change)
    iteration   11: trace = 0.3952934140929835 (0.0107773% change)
    iteration   12: trace = 0.3952851098632776 (0.0021008% change)
    iteration   13: trace = 0.3952808796498618 (0.00107017% change)
    iteration   14: trace = 0.3952789607961357 (0.000485442% change)
    iteration   15: trace = 0.3952778340855058 (0.000285042% change)
    iteration   16: trace = 0.3952775693485477 (6.69749e-05% change)
    iteration   17: trace = 0.3952774794988155 (2.27308e-05% change)
    iteration   18: trace = 0.3952774587887025 (5.23939e-06% change)
    iteration   19: trace = 0.3952774499491213 (2.2363e-06% change)
    iteration   20: trace = 0.3952774464170459 (8.93569e-07% change)
    iteration   21: trace = 0.3952774448219236 (4.03545e-07% change)
    iteration   22: trace = 0.3952774443446614 (1.20741e-07% change)
    iteration   23: trace = 0.3952774442138343 (3.30975e-08% change)
    iteration   24: trace = 0.3952774441851026 (7.26874e-09% change)
Finished solving for bands 1 to 6 after 24 iterations.
tefreqs:, 1, -0.09, 0.14, 0, 0.143178, 0.0644915, 0.148909, 0.1716, 0.300781, 0.322524, 0.380798
elapsed time for k point: 2.853773832321167
total elapsed time for run: 2.890655755996704
done
Initializing eigensolver data
Computing 6 bands with 1e-10 tolerance
Working in 2 dimensions.
Grid size is 288 x 96 x 1.
Solving for 6 bands at a time.
Creating Maxwell data...
Mesh size is 3.
Lattice vectors:
     (3, 0, 0)
     (0, 1, 0)
     (0, 0, 1)
Cell volume = 3
Reciprocal lattice vectors (/ 2 pi):
     (0.333333, -0, 0)
     (-0, 1, -0)
     (0, -0, 1)
Geometric objects:
     block, center = (0,0,0)
          size (1e+20,1e+20,1)
          axes (1,0,0), (0,1,0), (0,0,1)
     prism, center = (0.000552148,-1.38778e-17,0.5)
          height 1, axis (0,0,1), sidewall angle: 0 radians, 4 vertices:
          (0.250552,0.25,0)
          (-0.249448,0.25,0)
          (-0.249448,-0.25,0)
          (0.250552,-0.25,0)
     prism, center = (0.999774,-1.38778e-17,0.5)
          height 1, axis (0,0,1), sidewall angle: 0 radians, 4 vertices:
          (1.24977,0.25,0)
          (0.749774,0.25,0)
          (0.749774,-0.25,0)
          (1.24977,-0.25,0)
     prism, center = (2.01139,-1.38778e-17,0.5)
          height 1, axis (0,0,1), sidewall angle: 0 radians, 4 vertices:
          (2.26139,0.25,0)
          (1.76139,0.25,0)
          (1.76139,-0.25,0)
          (2.26139,-0.25,0)
Geometric object tree has depth 2 and 21 object nodes (vs. 4 actual objects)
Initializing epsilon function...
Allocating fields...
Solving for band polarization: te.
Initializing fields to random numbers...
1 k-points
  Vector3<-0.09, 0.14, 0.0>
elapsed time for initialization: 0.060071706771850586
solve_kpoint (-0.09,0.14,0):
tefreqs:, k index, k1, k2, k3, kmag/2pi, te band 1, te band 2, te band 3, te band 4, te band 5, te band 6
Solving for bands 1 to 6...
    near maximum in trace
    iteration    1: trace = 2.284417123918962 (199.683% change)
    iteration    2: trace = 0.599842753935155 (116.812% change)
    iteration    3: trace = 0.4438812387762305 (29.8856% change)
    iteration    4: trace = 0.4222878758439401 (4.98595% change)
    iteration    5: trace = 0.4110893304209146 (2.68751% change)
    iteration    6: trace = 0.4053416512156798 (1.408% change)
    iteration    7: trace = 0.3998523174433589 (1.36348% change)
    iteration    8: trace = 0.3968499032570375 (0.753711% change)
    iteration    9: trace = 0.3955429445693158 (0.329876% change)
    iteration   10: trace = 0.3952704373170074 (0.0689182% change)
    iteration   11: trace = 0.3951836304121081 (0.0219638% change)
    iteration   12: trace = 0.3951547495718312 (0.00730847% change)
    iteration   13: trace = 0.3951362368190287 (0.00468505% change)
    iteration   14: trace = 0.3951295307808491 (0.00169716% change)
    iteration   15: trace = 0.395126680686468 (0.000721309% change)
    iteration   16: trace = 0.3951260646840236 (0.0001559% change)
    iteration   17: trace = 0.3951258744469962 (4.81459e-05% change)
    iteration   18: trace = 0.3951258260294951 (1.22537e-05% change)
    iteration   19: trace = 0.3951258018765043 (6.11273e-06% change)
    iteration   20: trace = 0.3951257927433007 (2.31147e-06% change)
    iteration   21: trace = 0.395125789306707 (8.69747e-07% change)
    iteration   22: trace = 0.3951257885996914 (1.78934e-07% change)
    iteration   23: trace = 0.3951257884209567 (4.52349e-08% change)
    iteration   24: trace = 0.3951257883808244 (1.01569e-08% change)
    iteration   25: trace = 0.3951257883672331 (3.43975e-09% change)
Finished solving for bands 1 to 6 after 25 iterations.
tefreqs:, 1, -0.09, 0.14, 0, 0.143178, 0.06447, 0.148897, 0.171589, 0.300753, 0.32249, 0.380662
elapsed time for k point: 3.261431932449341
total elapsed time for run: 3.321579694747925
done
Initializing eigensolver data
Computing 6 bands with 1e-10 tolerance
Working in 2 dimensions.
Grid size is 288 x 96 x 1.
Solving for 6 bands at a time.
Creating Maxwell data...
Mesh size is 3.
Lattice vectors:
     (3, 0, 0)
     (0, 1, 0)
     (0, 0, 1)
Cell volume = 3
Reciprocal lattice vectors (/ 2 pi):
     (0.333333, -0, 0)
     (-0, 1, -0)
     (0, -0, 1)
Geometric objects:
     block, center = (0,0,0)
          size (1e+20,1e+20,1)
          axes (1,0,0), (0,1,0), (0,0,1)
     prism, center = (0.00837839,-1.38778e-17,0.5)
          height 1, axis (0,0,1), sidewall angle: 0 radians, 4 vertices:
          (0.258378,0.25,0)
          (-0.241622,0.25,0)
          (-0.241622,-0.25,0)
          (0.258378,-0.25,0)
     prism, center = (1.00942,-1.38778e-17,0.5)
          height 1, axis (0,0,1), sidewall angle: 0 radians, 4 vertices:
          (1.25942,0.25,0)
          (0.759416,0.25,0)
          (0.759416,-0.25,0)
          (1.25942,-0.25,0)
     prism, center = (1.99392,-1.38778e-17,0.5)
          height 1, axis (0,0,1), sidewall angle: 0 radians, 4 vertices:
          (2.24392,0.25,0)
          (1.74392,0.25,0)
          (1.74392,-0.25,0)
          (2.24392,-0.25,0)
Geometric object tree has depth 2 and 21 object nodes (vs. 4 actual objects)
Initializing epsilon function...
Allocating fields...
Solving for band polarization: te.
Initializing fields to random numbers...
1 k-points
  Vector3<-0.09, 0.14, 0.0>
elapsed time for initialization: 0.06380534172058105
solve_kpoint (-0.09,0.14,0):
tefreqs:, k index, k1, k2, k3, kmag/2pi, te band 1, te band 2, te band 3, te band 4, te band 5, te band 6
Solving for bands 1 to 6...
    near maximum in trace
    iteration    1: trace = 2.086234960354654 (199.712% change)
    iteration    2: trace = 0.5338666884601089 (118.497% change)
    iteration    3: trace = 0.4475854747850605 (17.5824% change)
    iteration    4: trace = 0.4132335757098995 (7.98121% change)
    iteration    5: trace = 0.4039744655321944 (2.26604% change)
    iteration    6: trace = 0.3991937430552015 (1.19047% change)
    iteration    7: trace = 0.3972323733967636 (0.492543% change)
    iteration    8: trace = 0.3958220617342521 (0.355666% change)
    iteration    9: trace = 0.3954193903775434 (0.101782% change)
    iteration   10: trace = 0.3952590222479111 (0.0405647% change)
    iteration   11: trace = 0.3952228179762902 (0.00916005% change)
    iteration   12: trace = 0.3952061545589597 (0.0042163% change)
    iteration   13: trace = 0.3951993521645257 (0.00172124% change)
    iteration   14: trace = 0.3951955500231502 (0.000962087% change)
    iteration   15: trace = 0.395194411481377 (0.000288096% change)
    iteration   16: trace = 0.3951940637544388 (8.79889e-05% change)
    iteration   17: trace = 0.3951939738298531 (2.27545e-05% change)
    iteration   18: trace = 0.3951939368201684 (9.36494e-06% change)
    iteration   19: trace = 0.3951939203776765 (4.16061e-06% change)
    iteration   20: trace = 0.3951939128335162 (1.90898e-06% change)
    iteration   21: trace = 0.3951939105582351 (5.75738e-07% change)
    iteration   22: trace = 0.3951939100666731 (1.24385e-07% change)
    iteration   23: trace = 0.3951939099574944 (2.76266e-08% change)
    iteration   24: trace = 0.3951939099366345 (5.27839e-09% change)
Finished solving for bands 1 to 6 after 24 iterations.
tefreqs:, 1, -0.09, 0.14, 0, 0.143178, 0.0644813, 0.148902, 0.171606, 0.300699, 0.32255, 0.380733
elapsed time for k point: 2.4634854793548584
total elapsed time for run: 2.5273754596710205
done
Initializing eigensolver data
Computing 6 bands with 1e-10 tolerance
Working in 2 dimensions.
Grid size is 288 x 96 x 1.
Solving for 6 bands at a time.
Creating Maxwell data...
Mesh size is 3.
Lattice vectors:
     (3, 0, 0)
     (0, 1, 0)
     (0, 0, 1)
Cell volume = 3
Reciprocal lattice vectors (/ 2 pi):
     (0.333333, -0, 0)
     (-0, 1, -0)
     (0, -0, 1)
Geometric objects:
     block, center = (0,0,0)
          size (1e+20,1e+20,1)
          axes (1,0,0), (0,1,0), (0,0,1)
     prism, center = (-0.000565886,-1.38778e-17,0.5)
          height 1, axis (0,0,1), sidewall angle: 0 radians, 4 vertices:
          (0.249434,0.25,0)
          (-0.250566,0.25,0)
          (-0.250566,-0.25,0)
          (0.249434,-0.25,0)
     prism, center = (0.998396,-1.38778e-17,0.5)
          height 1, axis (0,0,1), sidewall angle: 0 radians, 4 vertices:
          (1.2484,0.25,0)
          (0.748396,0.25,0)
          (0.748396,-0.25,0)
          (1.2484,-0.25,0)
     prism, center = (2.01389,-1.38778e-17,0.5)
          height 1, axis (0,0,1), sidewall angle: 0 radians, 4 vertices:
          (2.26389,0.25,0)
          (1.76389,0.25,0)
          (1.76389,-0.25,0)
          (2.26389,-0.25,0)
Geometric object tree has depth 2 and 21 object nodes (vs. 4 actual objects)
Initializing epsilon function...
Allocating fields...
Solving for band polarization: te.
Initializing fields to random numbers...
1 k-points
  Vector3<-0.09, 0.14, 0.0>
elapsed time for initialization: 0.06192469596862793
solve_kpoint (-0.09,0.14,0):
tefreqs:, k index, k1, k2, k3, kmag/2pi, te band 1, te band 2, te band 3, te band 4, te band 5, te band 6
Solving for bands 1 to 6...
    near maximum in trace
    iteration    1: trace = 1.794969645534692 (199.752% change)
    iteration    2: trace = 0.5999334520852451 (99.7983% change)
    iteration    3: trace = 0.4391637263102765 (30.9441% change)
    iteration    4: trace = 0.4173337915843682 (5.09749% change)
    iteration    5: trace = 0.404543312935652 (3.1125% change)
    iteration    6: trace = 0.4003269947831368 (1.0477% change)
    iteration    7: trace = 0.3970714060523149 (0.816553% change)
    iteration    8: trace = 0.3958417435296109 (0.310163% change)
    iteration    9: trace = 0.3953195899702536 (0.131997% change)
    iteration   10: trace = 0.3952066652241333 (0.0285695% change)
    iteration   11: trace = 0.3951577592123583 (0.0123756% change)
    iteration   12: trace = 0.3951355775435876 (0.00561353% change)
    iteration   13: trace = 0.3951228179435387 (0.00322922% change)
    iteration   14: trace = 0.3951197892093942 (0.000766533% change)
    iteration   15: trace = 0.3951189755057262 (0.000205939% change)
    iteration   16: trace = 0.3951188172566995 (4.0051e-05% change)
    iteration   17: trace = 0.3951187638434956 (1.35183e-05% change)
    iteration   18: trace = 0.3951187451879616 (4.7215e-06% change)
    iteration   19: trace = 0.3951187349324778 (2.59554e-06% change)
    iteration   20: trace = 0.3951187309595837 (1.00549e-06% change)
    iteration   21: trace = 0.3951187297968803 (2.94267e-07% change)
    iteration   22: trace = 0.3951187295379483 (6.55327e-08% change)
    iteration   23: trace = 0.3951187294751659 (1.58895e-08% change)
    iteration   24: trace = 0.3951187294533386 (5.52421e-09% change)
Finished solving for bands 1 to 6 after 24 iterations.
tefreqs:, 1, -0.09, 0.14, 0, 0.143178, 0.0644713, 0.148897, 0.1716, 0.300695, 0.322526, 0.380664
elapsed time for k point: 3.1215643882751465
total elapsed time for run: 3.183577537536621
done
Initializing eigensolver data
Computing 6 bands with 1e-10 tolerance
Working in 2 dimensions.
Grid size is 288 x 96 x 1.
Solving for 6 bands at a time.
Creating Maxwell data...
Mesh size is 3.
Lattice vectors:
     (3, 0, 0)
     (0, 1, 0)
     (0, 0, 1)
Cell volume = 3
Reciprocal lattice vectors (/ 2 pi):
     (0.333333, -0, 0)
     (-0, 1, -0)
     (0, -0, 1)
Geometric objects:
     block, center = (0,0,0)
          size (1e+20,1e+20,1)
          axes (1,0,0), (0,1,0), (0,0,1)
     prism, center = (0.0106145,-1.38778e-17,0.5)
          height 1, axis (0,0,1), sidewall angle: 0 radians, 4 vertices:
          (0.260614,0.25,0)
          (-0.239386,0.25,0)
          (-0.239386,-0.25,0)
          (0.260614,-0.25,0)
     prism, center = (1.01217,-1.38778e-17,0.5)
          height 1, axis (0,0,1), sidewall angle: 0 radians, 4 vertices:
          (1.26217,0.25,0)
          (0.762171,0.25,0)
          (0.762171,-0.25,0)
          (1.26217,-0.25,0)
     prism, center = (1.98893,-1.38778e-17,0.5)
          height 1, axis (0,0,1), sidewall angle: 0 radians, 4 vertices:
          (2.23893,0.25,0)
          (1.73893,0.25,0)
          (1.73893,-0.25,0)
          (2.23893,-0.25,0)
Geometric object tree has depth 2 and 21 object nodes (vs. 4 actual objects)
Initializing epsilon function...
Allocating fields...
Solving for band polarization: te.
Initializing fields to random numbers...
1 k-points
  Vector3<-0.09, 0.14, 0.0>
elapsed time for initialization: 0.055231571197509766
solve_kpoint (-0.09,0.14,0):
tefreqs:, k index, k1, k2, k3, kmag/2pi, te band 1, te band 2, te band 3, te band 4, te band 5, te band 6
Solving for bands 1 to 6...
    near maximum in trace
    iteration    1: trace = 2.084676785551125 (199.711% change)
    iteration    2: trace = 0.5472930673523015 (116.824% change)
    iteration    3: trace = 0.4633351647309824 (16.615% change)
    iteration    4: trace = 0.4281656693904067 (7.88995% change)
    iteration    5: trace = 0.4129757331581952 (3.61174% change)
    iteration    6: trace = 0.4042806164220443 (2.12788% change)
    iteration    7: trace = 0.4006288346993904 (0.907377% change)
    iteration    8: trace = 0.3976988444276591 (0.734032% change)
    iteration    9: trace = 0.3961999106236898 (0.377613% change)
    iteration   10: trace = 0.3955313250775753 (0.168892% change)
    iteration   11: trace = 0.3953790925502127 (0.0384955% change)
    iteration   12: trace = 0.3953131613295863 (0.0166768% change)
    iteration   13: trace = 0.3952888352076845 (0.00615382% change)
    iteration   14: trace = 0.3952766331797568 (0.00308691% change)
    iteration   15: trace = 0.3952724171211358 (0.00106662% change)
    iteration   16: trace = 0.3952710617032816 (0.000342908% change)
    iteration   17: trace = 0.3952707618760027 (7.58536e-05% change)
    iteration   18: trace = 0.3952706704822637 (2.31218e-05% change)
    iteration   19: trace = 0.3952706316133486 (9.83349e-06% change)
    iteration   20: trace = 0.3952706109446956 (5.22899e-06% change)
    iteration   21: trace = 0.3952706045435397 (1.61944e-06% change)
    iteration   22: trace = 0.3952706030771148 (3.70993e-07% change)
    iteration   23: trace = 0.3952706026825854 (9.98125e-08% change)
    iteration   24: trace = 0.3952706025894384 (2.35654e-08% change)
    iteration   25: trace = 0.3952706025513673 (9.63167e-09% change)
Finished solving for bands 1 to 6 after 25 iterations.
tefreqs:, 1, -0.09, 0.14, 0, 0.143178, 0.0644954, 0.148902, 0.171639, 0.300567, 0.322658, 0.380829
elapsed time for k point: 3.318331241607666
total elapsed time for run: 3.373664140701294
done
Initializing eigensolver data
Computing 6 bands with 1e-10 tolerance
Working in 2 dimensions.
Grid size is 288 x 96 x 1.
Solving for 6 bands at a time.
Creating Maxwell data...
Mesh size is 3.
Lattice vectors:
     (3, 0, 0)
     (0, 1, 0)
     (0, 0, 1)
Cell volume = 3
Reciprocal lattice vectors (/ 2 pi):
     (0.333333, -0, 0)
     (-0, 1, -0)
     (0, -0, 1)
Geometric objects:
     block, center = (0,0,0)
          size (1e+20,1e+20,1)
          axes (1,0,0), (0,1,0), (0,0,1)
     prism, center = (-0.00280195,-1.38778e-17,0.5)
          height 1, axis (0,0,1), sidewall angle: 0 radians, 4 vertices:
          (0.247198,0.25,0)
          (-0.252802,0.25,0)
          (-0.252802,-0.25,0)
          (0.247198,-0.25,0)
     prism, center = (0.995641,-1.38778e-17,0.5)
          height 1, axis (0,0,1), sidewall angle: 0 radians, 4 vertices:
          (1.24564,0.25,0)
          (0.745641,0.25,0)
          (0.745641,-0.25,0)
          (1.24564,-0.25,0)
     prism, center = (2.01888,-1.38778e-17,0.5)
          height 1, axis (0,0,1), sidewall angle: 0 radians, 4 vertices:
          (2.26888,0.25,0)
          (1.76888,0.25,0)
          (1.76888,-0.25,0)
          (2.26888,-0.25,0)
Geometric object tree has depth 2 and 21 object nodes (vs. 4 actual objects)
Initializing epsilon function...
Allocating fields...
Solving for band polarization: te.
Initializing fields to random numbers...
1 k-points
  Vector3<-0.09, 0.14, 0.0>
elapsed time for initialization: 0.031656503677368164
solve_kpoint (-0.09,0.14,0):
tefreqs:, k index, k1, k2, k3, kmag/2pi, te band 1, te band 2, te band 3, te band 4, te band 5, te band 6
Solving for bands 1 to 6...
    near maximum in trace
    iteration    1: trace = 2.386428020527359 (199.671% change)
    iteration    2: trace = 0.5407962064860683 (126.101% change)
    iteration    3: trace = 0.4577871263510766 (16.6254% change)
    iteration    4: trace = 0.4299382133283225 (6.27422% change)
    iteration    5: trace = 0.4227901210495854 (1.67652% change)
    iteration    6: trace = 0.4190485980743651 (0.888893% change)
    iteration    7: trace = 0.4169411988243896 (0.504169% change)
    large trace change predicted (1.4347%)
    iteration    8: trace = 0.4115758789636587 (1.29516% change)
    iteration    9: trace = 0.4057417944366585 (1.42762% change)
    iteration   10: trace = 0.4007517470376407 (1.23747% change)
    iteration   11: trace = 0.3983604398968478 (0.598491% change)
    iteration   12: trace = 0.3964917756459713 (0.470192% change)
    iteration   13: trace = 0.3956371412746604 (0.215782% change)
    iteration   14: trace = 0.3952972231155868 (0.0859536% change)
    iteration   15: trace = 0.3952214249965096 (0.0191768% change)
    iteration   16: trace = 0.3952021311053067 (0.00488191% change)
    iteration   17: trace = 0.3951962315613046 (0.0014928% change)
    iteration   18: trace = 0.3951934438483483 (0.000705402% change)
    iteration   19: trace = 0.3951920091072647 (0.000363048% change)
    iteration   20: trace = 0.3951914648207065 (0.000137727% change)
    iteration   21: trace = 0.3951913044810362 (4.05727e-05% change)
    iteration   22: trace = 0.3951912605646566 (1.11127e-05% change)
    iteration   23: trace = 0.3951912393593487 (5.36583e-06% change)
    iteration   24: trace = 0.3951912310870812 (2.09323e-06% change)
    iteration   25: trace = 0.3951912281835586 (7.34713e-07% change)
    iteration   26: trace = 0.3951912276122223 (1.44572e-07% change)
    iteration   27: trace = 0.3951912274386261 (4.39272e-08% change)
    iteration   28: trace = 0.3951912273682913 (1.77977e-08% change)
    iteration   29: trace = 0.3951912273346176 (8.52084e-09% change)
Finished solving for bands 1 to 6 after 29 iterations.
tefreqs:, 1, -0.09, 0.14, 0, 0.143178, 0.0644844, 0.148899, 0.171635, 0.300535, 0.322658, 0.380755
elapsed time for k point: 3.0759754180908203
total elapsed time for run: 3.107710838317871
done
Initializing eigensolver data
Computing 6 bands with 1e-10 tolerance
Working in 2 dimensions.
Grid size is 288 x 96 x 1.
Solving for 6 bands at a time.
Creating Maxwell data...
Mesh size is 3.
Lattice vectors:
     (3, 0, 0)
     (0, 1, 0)
     (0, 0, 1)
Cell volume = 3
Reciprocal lattice vectors (/ 2 pi):
     (0.333333, -0, 0)
     (-0, 1, -0)
     (0, -0, 1)
Geometric objects:
     block, center = (0,0,0)
          size (1e+20,1e+20,1)
          axes (1,0,0), (0,1,0), (0,0,1)
     prism, center = (0.0128505,-1.38778e-17,0.5)
          height 1, axis (0,0,1), sidewall angle: 0 radians, 4 vertices:
          (0.262851,0.25,0)
          (-0.237149,0.25,0)
          (-0.237149,-0.25,0)
          (0.262851,-0.25,0)
     prism, center = (1.01493,-1.38778e-17,0.5)
          height 1, axis (0,0,1), sidewall angle: 0 radians, 4 vertices:
          (1.26493,0.25,0)
          (0.764926,0.25,0)
          (0.764926,-0.25,0)
          (1.26493,-0.25,0)
     prism, center = (1.98394,-1.38778e-17,0.5)
          height 1, axis (0,0,1), sidewall angle: 0 radians, 4 vertices:
          (2.23394,0.25,0)
          (1.73394,0.25,0)
          (1.73394,-0.25,0)
          (2.23394,-0.25,0)
Geometric object tree has depth 2 and 21 object nodes (vs. 4 actual objects)
Initializing epsilon function...
Allocating fields...
Solving for band polarization: te.
Initializing fields to random numbers...
1 k-points
  Vector3<-0.09, 0.14, 0.0>
elapsed time for initialization: 0.03628087043762207
solve_kpoint (-0.09,0.14,0):
tefreqs:, k index, k1, k2, k3, kmag/2pi, te band 1, te band 2, te band 3, te band 4, te band 5, te band 6
Solving for bands 1 to 6...
    near maximum in trace
    iteration    1: trace = 2.562649343543169 (199.647% change)
    iteration    2: trace = 0.5751641852655711 (126.68% change)
    iteration    3: trace = 0.4494820257237731 (24.5318% change)
    iteration    4: trace = 0.4090497483408065 (9.41894% change)
    iteration    5: trace = 0.3998593285620881 (2.2723% change)
    iteration    6: trace = 0.3969934779786449 (0.719292% change)
    iteration    7: trace = 0.3961515723615554 (0.212295% change)
    iteration    8: trace = 0.3956390348773159 (0.129463% change)
    iteration    9: trace = 0.3954021088999007 (0.0599023% change)
    iteration   10: trace = 0.3952942865111136 (0.0272728% change)
    iteration   11: trace = 0.3952629743628314 (0.00792154% change)
    iteration   12: trace = 0.3952524247872605 (0.00266904% change)
    iteration   13: trace = 0.3952487250527753 (0.000936048% change)
    iteration   14: trace = 0.3952470260132845 (0.000429867% change)
    iteration   15: trace = 0.3952462185657311 (0.00020429% change)
    iteration   16: trace = 0.3952459584747522 (6.58048e-05% change)
    iteration   17: trace = 0.3952458789921112 (2.01097e-05% change)
    iteration   18: trace = 0.3952458596006479 (4.90618e-06% change)
    iteration   19: trace = 0.3952458519413231 (1.93786e-06% change)
    iteration   20: trace = 0.3952458490672127 (7.2717e-07% change)
    iteration   21: trace = 0.3952458475270356 (3.89676e-07% change)
    iteration   22: trace = 0.3952458471404793 (9.78015e-08% change)
    iteration   23: trace = 0.3952458470241638 (2.94286e-08% change)
    iteration   24: trace = 0.3952458470019503 (5.62018e-09% change)
Finished solving for bands 1 to 6 after 24 iterations.
tefreqs:, 1, -0.09, 0.14, 0, 0.143178, 0.0644993, 0.148898, 0.17168, 0.300322, 0.322806, 0.380847
elapsed time for k point: 2.99985933303833
total elapsed time for run: 3.036224603652954
done
Initializing eigensolver data
Computing 6 bands with 1e-10 tolerance
Working in 2 dimensions.
Grid size is 288 x 96 x 1.
Solving for 6 bands at a time.
Creating Maxwell data...
Mesh size is 3.
Lattice vectors:
     (3, 0, 0)
     (0, 1, 0)
     (0, 0, 1)
Cell volume = 3
Reciprocal lattice vectors (/ 2 pi):
     (0.333333, -0, 0)
     (-0, 1, -0)
     (0, -0, 1)
Geometric objects:
     block, center = (0,0,0)
          size (1e+20,1e+20,1)
          axes (1,0,0), (0,1,0), (0,0,1)
     prism, center = (-0.00503802,-1.38778e-17,0.5)
          height 1, axis (0,0,1), sidewall angle: 0 radians, 4 vertices:
          (0.244962,0.25,0)
          (-0.255038,0.25,0)
          (-0.255038,-0.25,0)
          (0.244962,-0.25,0)
     prism, center = (0.992886,-1.38778e-17,0.5)
          height 1, axis (0,0,1), sidewall angle: 0 radians, 4 vertices:
          (1.24289,0.25,0)
          (0.742886,0.25,0)
          (0.742886,-0.25,0)
          (1.24289,-0.25,0)
     prism, center = (2.02387,-1.38778e-17,0.5)
          height 1, axis (0,0,1), sidewall angle: 0 radians, 4 vertices:
          (2.27387,0.25,0)
          (1.77387,0.25,0)
          (1.77387,-0.25,0)
          (2.27387,-0.25,0)
Geometric object tree has depth 2 and 21 object nodes (vs. 4 actual objects)
Initializing epsilon function...
Allocating fields...
Solving for band polarization: te.
Initializing fields to random numbers...
1 k-points
  Vector3<-0.09, 0.14, 0.0>
elapsed time for initialization: 0.0319364070892334
solve_kpoint (-0.09,0.14,0):
tefreqs:, k index, k1, k2, k3, kmag/2pi, te band 1, te band 2, te band 3, te band 4, te band 5, te band 6
Solving for bands 1 to 6...
    near maximum in trace
    iteration    1: trace = 2.277312106406713 (199.686% change)
    iteration    2: trace = 0.5911089550826349 (117.57% change)
    iteration    3: trace = 0.4959107578765539 (17.5155% change)
    iteration    4: trace = 0.4442723350213038 (10.9848% change)
    iteration    5: trace = 0.4239534937430983 (4.68054% change)
    iteration    6: trace = 0.4105217762599072 (3.2192% change)
    iteration    7: trace = 0.4045341755530613 (1.46925% change)
    iteration    8: trace = 0.3991247019013833 (1.34621% change)
    iteration    9: trace = 0.3969252699764931 (0.552586% change)
    iteration   10: trace = 0.3956799524478752 (0.314234% change)
    iteration   11: trace = 0.3954065737887912 (0.0691147% change)
    iteration   12: trace = 0.3953100748125593 (0.024408% change)
    iteration   13: trace = 0.3952838081290613 (0.0066448% change)
    iteration   14: trace = 0.3952719006115792 (0.00301244% change)
    iteration   15: trace = 0.3952671280799925 (0.00120741% change)
    iteration   16: trace = 0.3952651464418024 (0.000501343% change)
    iteration   17: trace = 0.3952645165239446 (0.000159366% change)
    iteration   18: trace = 0.3952643267632769 (4.80085e-05% change)
    iteration   19: trace = 0.3952642572402375 (1.7589e-05% change)
    iteration   20: trace = 0.395264219269003 (9.60654e-06% change)
    iteration   21: trace = 0.3952641980683872 (5.36366e-06% change)
    iteration   22: trace = 0.3952641908652754 (1.82235e-06% change)
    iteration   23: trace = 0.395264188760534 (5.3249e-07% change)
    iteration   24: trace = 0.3952641883618934 (1.00854e-07% change)
    iteration   25: trace = 0.3952641882356315 (3.19437e-08% change)
    iteration   26: trace = 0.3952641882004271 (8.90656e-09% change)
Finished solving for bands 1 to 6 after 26 iterations.
tefreqs:, 1, -0.09, 0.14, 0, 0.143178, 0.0645005, 0.1489, 0.171682, 0.300317, 0.322837, 0.380846
elapsed time for k point: 2.7836945056915283
total elapsed time for run: 2.8157310485839844
done
Initializing eigensolver data
Computing 6 bands with 1e-10 tolerance
Working in 2 dimensions.
Grid size is 288 x 96 x 1.
Solving for 6 bands at a time.
Creating Maxwell data...
Mesh size is 3.
Lattice vectors:
     (3, 0, 0)
     (0, 1, 0)
     (0, 0, 1)
Cell volume = 3
Reciprocal lattice vectors (/ 2 pi):
     (0.333333, -0, 0)
     (-0, 1, -0)
     (0, -0, 1)
Geometric objects:
     block, center = (0,0,0)
          size (1e+20,1e+20,1)
          axes (1,0,0), (0,1,0), (0,0,1)
     prism, center = (0.00890625,-1.38778e-17,0.5)
          height 1, axis (0,0,1), sidewall angle: 0 radians, 4 vertices:
          (0.258906,0.25,0)
          (-0.241094,0.25,0)
          (-0.241094,-0.25,0)
          (0.258906,-0.25,0)
     prism, center = (1.00891,-1.38778e-17,0.5)
          height 1, axis (0,0,1), sidewall angle: 0 radians, 4 vertices:
          (1.25891,0.25,0)
          (0.758906,0.25,0)
          (0.758906,-0.25,0)
          (1.25891,-0.25,0)
     prism, center = (2.00891,-1.38778e-17,0.5)
          height 1, axis (0,0,1), sidewall angle: 0 radians, 4 vertices:
          (2.25891,0.25,0)
          (1.75891,0.25,0)
          (1.75891,-0.25,0)
          (2.25891,-0.25,0)
Geometric object tree has depth 2 and 21 object nodes (vs. 4 actual objects)
Initializing epsilon function...
Allocating fields...
Solving for band polarization: te.
Initializing fields to random numbers...
1 k-points
  Vector3<-0.09, 0.14, 0.0>
elapsed time for initialization: 0.03419947624206543
solve_kpoint (-0.09,0.14,0):
tefreqs:, k index, k1, k2, k3, kmag/2pi, te band 1, te band 2, te band 3, te band 4, te band 5, te band 6
Solving for bands 1 to 6...
    near maximum in trace
    iteration    1: trace = 1.847755736983442 (199.744% change)
    iteration    2: trace = 0.4978326541895969 (115.103% change)
    iteration    3: trace = 0.4367167218058717 (13.0792% change)
    iteration    4: trace = 0.4140589287479668 (5.32638% change)
    iteration    5: trace = 0.4055905560921156 (2.06634% change)
    iteration    6: trace = 0.400114851231654 (1.35923% change)
    iteration    7: trace = 0.3976260595343413 (0.62396% change)
    iteration    8: trace = 0.3959820880727799 (0.414303% change)
    iteration    9: trace = 0.3955862291028162 (0.100019% change)
    iteration   10: trace = 0.3954450660406661 (0.0356909% change)
    iteration   11: trace = 0.3954059310727637 (0.00989693% change)
    iteration   12: trace = 0.3953835373532925 (0.00566364% change)
    iteration   13: trace = 0.3953749284235377 (0.00217739% change)
    iteration   14: trace = 0.3953710883493577 (0.000971253% change)
    iteration   15: trace = 0.395370170035003 (0.000232267% change)
    iteration   16: trace = 0.3953698885656918 (7.11914e-05% change)
    iteration   17: trace = 0.3953698061944745 (2.0834e-05% change)
    iteration   18: trace = 0.3953697677811375 (9.7158e-06% change)
    iteration   19: trace = 0.395369751723139 (4.06151e-06% change)
    iteration   20: trace = 0.3953697451053148 (1.67383e-06% change)
    iteration   21: trace = 0.3953697433962548 (4.32269e-07% change)
    iteration   22: trace = 0.3953697430243024 (9.40771e-08% change)
    iteration   23: trace = 0.395369742943757 (2.03722e-08% change)
    iteration   24: trace = 0.3953697429288842 (3.76177e-09% change)
Finished solving for bands 1 to 6 after 24 iterations.
tefreqs:, 1, -0.09, 0.14, 0, 0.143178, 0.0645027, 0.148917, 0.171591, 0.300871, 0.322495, 0.380872
elapsed time for k point: 2.989847421646118
total elapsed time for run: 3.0241448879241943
done
Initializing eigensolver data
Computing 6 bands with 1e-10 tolerance
Working in 2 dimensions.
Grid size is 288 x 96 x 1.
Solving for 6 bands at a time.
Creating Maxwell data...
Mesh size is 3.
Lattice vectors:
     (3, 0, 0)
     (0, 1, 0)
     (0, 0, 1)
Cell volume = 3
Reciprocal lattice vectors (/ 2 pi):
     (0.333333, -0, 0)
     (-0, 1, -0)
     (0, -0, 1)
Geometric objects:
     block, center = (0,0,0)
          size (1e+20,1e+20,1)
          axes (1,0,0), (0,1,0), (0,0,1)
     prism, center = (-0.00109375,-1.38778e-17,0.5)
          height 1, axis (0,0,1), sidewall angle: 0 radians, 4 vertices:
          (0.248906,0.25,0)
          (-0.251094,0.25,0)
          (-0.251094,-0.25,0)
          (0.248906,-0.25,0)
     prism, center = (0.998906,-1.38778e-17,0.5)
          height 1, axis (0,0,1), sidewall angle: 0 radians, 4 vertices:
          (1.24891,0.25,0)
          (0.748906,0.25,0)
          (0.748906,-0.25,0)
          (1.24891,-0.25,0)
     prism, center = (1.99891,-1.38778e-17,0.5)
          height 1, axis (0,0,1), sidewall angle: 0 radians, 4 vertices:
          (2.24891,0.25,0)
          (1.74891,0.25,0)
          (1.74891,-0.25,0)
          (2.24891,-0.25,0)
Geometric object tree has depth 2 and 21 object nodes (vs. 4 actual objects)
Initializing epsilon function...
Allocating fields...
Solving for band polarization: te.
Initializing fields to random numbers...
1 k-points
  Vector3<-0.09, 0.14, 0.0>
elapsed time for initialization: 0.07103180885314941
solve_kpoint (-0.09,0.14,0):
tefreqs:, k index, k1, k2, k3, kmag/2pi, te band 1, te band 2, te band 3, te band 4, te band 5, te band 6
Solving for bands 1 to 6...
    near maximum in trace
    iteration    1: trace = 2.018139306835681 (199.72% change)
    iteration    2: trace = 0.513129178797338 (118.914% change)
    iteration    3: trace = 0.4296411065687523 (17.7112% change)
    iteration    4: trace = 0.4049983838028814 (5.905% change)
    iteration    5: trace = 0.3997883960848045 (1.29475% change)
    iteration    6: trace = 0.397300323164793 (0.62429% change)
    iteration    7: trace = 0.3962195708540888 (0.272395% change)
    iteration    8: trace = 0.3954281995192581 (0.19993% change)
    iteration    9: trace = 0.3952006843333911 (0.057553% change)
    iteration   10: trace = 0.3951168491583629 (0.0212156% change)
    iteration   11: trace = 0.395100425890187 (0.00415665% change)
    iteration   12: trace = 0.3950947141746246 (0.00144565% change)
    iteration   13: trace = 0.395092746191766 (0.000498105% change)
    iteration   14: trace = 0.3950915118563572 (0.000312417% change)
    iteration   15: trace = 0.3950911752905366 (8.51868e-05% change)
    iteration   16: trace = 0.3950910636219399 (2.8264e-05% change)
    iteration   17: trace = 0.3950910408285128 (5.76916e-06% change)
    iteration   18: trace = 0.395091033068015 (1.96423e-06% change)
    iteration   19: trace = 0.3950910309028062 (5.48028e-07% change)
    iteration   20: trace = 0.395091029963146 (2.37834e-07% change)
    iteration   21: trace = 0.3950910295905936 (9.42953e-08% change)
    iteration   22: trace = 0.3950910294667324 (3.13501e-08% change)
    iteration   23: trace = 0.395091029439412 (6.91494e-09% change)
Finished solving for bands 1 to 6 after 23 iterations.
tefreqs:, 1, -0.09, 0.14, 0, 0.143178, 0.0644651, 0.148897, 0.171574, 0.300815, 0.322434, 0.380623
elapsed time for k point: 3.899338483810425
total elapsed time for run: 3.9705724716186523
done
Initializing eigensolver data
Computing 6 bands with 1e-10 tolerance
Working in 2 dimensions.
Grid size is 288 x 96 x 1.
Solving for 6 bands at a time.
Creating Maxwell data...
Mesh size is 3.
Lattice vectors:
     (3, 0, 0)
     (0, 1, 0)
     (0, 0, 1)
Cell volume = 3
Reciprocal lattice vectors (/ 2 pi):
     (0.333333, -0, 0)
     (-0, 1, -0)
     (0, -0, 1)
Geometric objects:
     block, center = (0,0,0)
          size (1e+20,1e+20,1)
          axes (1,0,0), (0,1,0), (0,0,1)
     prism, center = (0.0114062,-1.38778e-17,0.5)
          height 1, axis (0,0,1), sidewall angle: 0 radians, 4 vertices:
          (0.261406,0.25,0)
          (-0.238594,0.25,0)
          (-0.238594,-0.25,0)
          (0.261406,-0.25,0)
     prism, center = (1.01141,-1.38778e-17,0.5)
          height 1, axis (0,0,1), sidewall angle: 0 radians, 4 vertices:
          (1.26141,0.25,0)
          (0.761406,0.25,0)
          (0.761406,-0.25,0)
          (1.26141,-0.25,0)
     prism, center = (2.01141,-1.38778e-17,0.5)
          height 1, axis (0,0,1), sidewall angle: 0 radians, 4 vertices:
          (2.26141,0.25,0)
          (1.76141,0.25,0)
          (1.76141,-0.25,0)
          (2.26141,-0.25,0)
Geometric object tree has depth 2 and 21 object nodes (vs. 4 actual objects)
Initializing epsilon function...
Allocating fields...
Solving for band polarization: te.
Initializing fields to random numbers...
1 k-points
  Vector3<-0.09, 0.14, 0.0>
elapsed time for initialization: 0.0700235366821289
solve_kpoint (-0.09,0.14,0):
tefreqs:, k index, k1, k2, k3, kmag/2pi, te band 1, te band 2, te band 3, te band 4, te band 5, te band 6
Solving for bands 1 to 6...
    near maximum in trace
    iteration    1: trace = 2.630178178212669 (199.636% change)
    iteration    2: trace = 0.6959314210487459 (116.307% change)
    iteration    3: trace = 0.4690523685657135 (38.9497% change)
    iteration    4: trace = 0.4228106694207584 (10.3697% change)
    iteration    5: trace = 0.4035599316153615 (4.65911% change)
    iteration    6: trace = 0.3989271661896294 (1.1546% change)
    iteration    7: trace = 0.396806128618013 (0.533103% change)
    iteration    8: trace = 0.3960143922782384 (0.199727% change)
    iteration    9: trace = 0.3955792042777844 (0.109952% change)
    iteration   10: trace = 0.3954540169578685 (0.0316516% change)
    iteration   11: trace = 0.3954098201450032 (0.0111768% change)
    iteration   12: trace = 0.3953996751470566 (0.00256572% change)
    iteration   13: trace = 0.3953939761770034 (0.00144133% change)
    iteration   14: trace = 0.3953914693590314 (0.000634007% change)
    iteration   15: trace = 0.3953904439042852 (0.000259352% change)
    iteration   16: trace = 0.3953902445225433 (5.04266e-05% change)
    iteration   17: trace = 0.395390181868629 (1.58461e-05% change)
    iteration   18: trace = 0.3953901620468329 (5.01322e-06% change)
    iteration   19: trace = 0.3953901516174616 (2.63774e-06% change)
    iteration   20: trace = 0.3953901474940298 (1.04288e-06% change)
    iteration   21: trace = 0.3953901460036612 (3.76936e-07% change)
    iteration   22: trace = 0.3953901456826349 (8.11923e-08% change)
    iteration   23: trace = 0.3953901456077538 (1.89385e-08% change)
    iteration   24: trace = 0.395390145586369 (5.40854e-09% change)
Finished solving for bands 1 to 6 after 24 iterations.
tefreqs:, 1, -0.09, 0.14, 0, 0.143178, 0.0645052, 0.148919, 0.171593, 0.300876, 0.3225, 0.380888
elapsed time for k point: 2.2119758129119873
total elapsed time for run: 2.2820780277252197
done
Initializing eigensolver data
Computing 6 bands with 1e-10 tolerance
Working in 2 dimensions.
Grid size is 288 x 96 x 1.
Solving for 6 bands at a time.
Creating Maxwell data...
Mesh size is 3.
Lattice vectors:
     (3, 0, 0)
     (0, 1, 0)
     (0, 0, 1)
Cell volume = 3
Reciprocal lattice vectors (/ 2 pi):
     (0.333333, -0, 0)
     (-0, 1, -0)
     (0, -0, 1)
Geometric objects:
     block, center = (0,0,0)
          size (1e+20,1e+20,1)
          axes (1,0,0), (0,1,0), (0,0,1)
     prism, center = (-0.00359375,-1.38778e-17,0.5)
          height 1, axis (0,0,1), sidewall angle: 0 radians, 4 vertices:
          (0.246406,0.25,0)
          (-0.253594,0.25,0)
          (-0.253594,-0.25,0)
          (0.246406,-0.25,0)
     prism, center = (0.996406,-1.38778e-17,0.5)
          height 1, axis (0,0,1), sidewall angle: 0 radians, 4 vertices:
          (1.24641,0.25,0)
          (0.746406,0.25,0)
          (0.746406,-0.25,0)
          (1.24641,-0.25,0)
     prism, center = (1.99641,-1.38778e-17,0.5)
          height 1, axis (0,0,1), sidewall angle: 0 radians, 4 vertices:
          (2.24641,0.25,0)
          (1.74641,0.25,0)
          (1.74641,-0.25,0)
          (2.24641,-0.25,0)
Geometric object tree has depth 2 and 21 object nodes (vs. 4 actual objects)
Initializing epsilon function...
Allocating fields...
Solving for band polarization: te.
Initializing fields to random numbers...
1 k-points
  Vector3<-0.09, 0.14, 0.0>
elapsed time for initialization: 0.03177762031555176
solve_kpoint (-0.09,0.14,0):
tefreqs:, k index, k1, k2, k3, kmag/2pi, te band 1, te band 2, te band 3, te band 4, te band 5, te band 6
Solving for bands 1 to 6...
    near maximum in trace
    iteration    1: trace = 2.034125262114738 (199.719% change)
    iteration    2: trace = 0.5470933583886951 (115.219% change)
    iteration    3: trace = 0.4661647575890395 (15.9739% change)
    iteration    4: trace = 0.4331911854113794 (7.33271% change)
    iteration    5: trace = 0.4199948187651699 (3.09343% change)
    iteration    6: trace = 0.411029307957759 (2.1577% change)
    iteration    7: trace = 0.4056285528950282 (1.32265% change)
    iteration    8: trace = 0.3995449224566332 (1.51114% change)
    iteration    9: trace = 0.3968241687744489 (0.68329% change)
    iteration   10: trace = 0.3956592872269317 (0.293983% change)
    iteration   11: trace = 0.3954274250873126 (0.0586186% change)
    iteration   12: trace = 0.3953247747076238 (0.0259627% change)
    iteration   13: trace = 0.395291612330663 (0.00838899% change)
    iteration   14: trace = 0.3952711147434402 (0.00518557% change)
    iteration   15: trace = 0.3952643468209984 (0.00171224% change)
    iteration   16: trace = 0.395261994564878 (0.000595111% change)
    iteration   17: trace = 0.3952615083936013 (0.000123% change)
    iteration   18: trace = 0.3952613063480658 (5.11169e-05% change)
    iteration   19: trace = 0.395261219322306 (2.20173e-05% change)
    iteration   20: trace = 0.3952611714858013 (1.21025e-05% change)
    iteration   21: trace = 0.3952611600242639 (2.89974e-06% change)
    iteration   22: trace = 0.3952611570970209 (7.40585e-07% change)
    iteration   23: trace = 0.3952611565944336 (1.27153e-07% change)
    iteration   24: trace = 0.3952611565037366 (2.29461e-08% change)
    iteration   25: trace = 0.395261156479653 (6.09308e-09% change)
Finished solving for bands 1 to 6 after 25 iterations.
tefreqs:, 1, -0.09, 0.14, 0, 0.143178, 0.0644861, 0.148912, 0.171588, 0.30086, 0.32248, 0.380757
elapsed time for k point: 2.4076883792877197
total elapsed time for run: 2.4395511150360107
done
Initializing eigensolver data
Computing 6 bands with 1e-10 tolerance
Working in 2 dimensions.
Grid size is 288 x 96 x 1.
Solving for 6 bands at a time.
Creating Maxwell data...
Mesh size is 3.
Lattice vectors:
     (3, 0, 0)
     (0, 1, 0)
     (0, 0, 1)
Cell volume = 3
Reciprocal lattice vectors (/ 2 pi):
     (0.333333, -0, 0)
     (-0, 1, -0)
     (0, -0, 1)
Geometric objects:
     block, center = (0,0,0)
          size (1e+20,1e+20,1)
          axes (1,0,0), (0,1,0), (0,0,1)
     prism, center = (0.0139062,-1.38778e-17,0.5)
          height 1, axis (0,0,1), sidewall angle: 0 radians, 4 vertices:
          (0.263906,0.25,0)
          (-0.236094,0.25,0)
          (-0.236094,-0.25,0)
          (0.263906,-0.25,0)
     prism, center = (1.01391,-1.38778e-17,0.5)
          height 1, axis (0,0,1), sidewall angle: 0 radians, 4 vertices:
          (1.26391,0.25,0)
          (0.763906,0.25,0)
          (0.763906,-0.25,0)
          (1.26391,-0.25,0)
     prism, center = (2.01391,-1.38778e-17,0.5)
          height 1, axis (0,0,1), sidewall angle: 0 radians, 4 vertices:
          (2.26391,0.25,0)
          (1.76391,0.25,0)
          (1.76391,-0.25,0)
          (2.26391,-0.25,0)
Geometric object tree has depth 2 and 21 object nodes (vs. 4 actual objects)
Initializing epsilon function...
Allocating fields...
Solving for band polarization: te.
Initializing fields to random numbers...
1 k-points
  Vector3<-0.09, 0.14, 0.0>
elapsed time for initialization: 0.03168845176696777
solve_kpoint (-0.09,0.14,0):
tefreqs:, k index, k1, k2, k3, kmag/2pi, te band 1, te band 2, te band 3, te band 4, te band 5, te band 6
Solving for bands 1 to 6...
    near maximum in trace
    iteration    1: trace = 2.329086205324422 (199.681% change)
    iteration    2: trace = 0.6364848347152386 (114.15% change)
    iteration    3: trace = 0.45536615143933 (33.1764% change)
    iteration    4: trace = 0.4201559051054584 (8.04326% change)
    iteration    5: trace = 0.4027934869734948 (4.21956% change)
    iteration    6: trace = 0.3985668425497771 (1.05487% change)
    iteration    7: trace = 0.3965594021742805 (0.504936% change)
    iteration    8: trace = 0.3958383877251916 (0.181983% change)
    iteration    9: trace = 0.3954852851082943 (0.0892435% change)
    iteration   10: trace = 0.3954046953442049 (0.0203795% change)
    iteration   11: trace = 0.3953774338994805 (0.00689481% change)
    iteration   12: trace = 0.3953711827502885 (0.00158107% change)
    iteration   13: trace = 0.3953683581494199 (0.00071442% change)
    iteration   14: trace = 0.395367249345114 (0.000280449% change)
    iteration   15: trace = 0.3953665806797766 (0.000169125% change)
    iteration   16: trace = 0.3953663569577001 (5.6586e-05% change)
    iteration   17: trace = 0.395366277811298 (2.00185e-05% change)
    iteration   18: trace = 0.3953662646332345 (3.33313e-06% change)
    iteration   19: trace = 0.3953662611099147 (8.91153e-07% change)
    iteration   20: trace = 0.3953662599321844 (2.97883e-07% change)
    iteration   21: trace = 0.3953662593130056 (1.56609e-07% change)
    iteration   22: trace = 0.3953662590874824 (5.70416e-08% change)
    iteration   23: trace = 0.3953662590134993 (1.87126e-08% change)
    iteration   24: trace = 0.3953662589922203 (5.38208e-09% change)
Finished solving for bands 1 to 6 after 24 iterations.
tefreqs:, 1, -0.09, 0.14, 0, 0.143178, 0.0645021, 0.148918, 0.171592, 0.300874, 0.322496, 0.380863
elapsed time for k point: 2.036301851272583
total elapsed time for run: 2.068065643310547
done
Initializing eigensolver data
Computing 6 bands with 1e-10 tolerance
Working in 2 dimensions.
Grid size is 288 x 96 x 1.
Solving for 6 bands at a time.
Creating Maxwell data...
Mesh size is 3.
Lattice vectors:
     (3, 0, 0)
     (0, 1, 0)
     (0, 0, 1)
Cell volume = 3
Reciprocal lattice vectors (/ 2 pi):
     (0.333333, -0, 0)
     (-0, 1, -0)
     (0, -0, 1)
Geometric objects:
     block, center = (0,0,0)
          size (1e+20,1e+20,1)
          axes (1,0,0), (0,1,0), (0,0,1)
     prism, center = (-0.00609375,-1.38778e-17,0.5)
          height 1, axis (0,0,1), sidewall angle: 0 radians, 4 vertices:
          (0.243906,0.25,0)
          (-0.256094,0.25,0)
          (-0.256094,-0.25,0)
          (0.243906,-0.25,0)
     prism, center = (0.993906,-1.38778e-17,0.5)
          height 1, axis (0,0,1), sidewall angle: 0 radians, 4 vertices:
          (1.24391,0.25,0)
          (0.743906,0.25,0)
          (0.743906,-0.25,0)
          (1.24391,-0.25,0)
     prism, center = (1.99391,-1.38778e-17,0.5)
          height 1, axis (0,0,1), sidewall angle: 0 radians, 4 vertices:
          (2.24391,0.25,0)
          (1.74391,0.25,0)
          (1.74391,-0.25,0)
          (2.24391,-0.25,0)
Geometric object tree has depth 2 and 21 object nodes (vs. 4 actual objects)
Initializing epsilon function...
Allocating fields...
Solving for band polarization: te.
Initializing fields to random numbers...
1 k-points
  Vector3<-0.09, 0.14, 0.0>
elapsed time for initialization: 0.03314518928527832
solve_kpoint (-0.09,0.14,0):
tefreqs:, k index, k1, k2, k3, kmag/2pi, te band 1, te band 2, te band 3, te band 4, te band 5, te band 6
Solving for bands 1 to 6...
    near maximum in trace
    iteration    1: trace = 2.326948239083543 (199.677% change)
    iteration    2: trace = 0.579202842132074 (120.279% change)
    iteration    3: trace = 0.4375788620140722 (27.8573% change)
    iteration    4: trace = 0.4118940973394378 (6.04722% change)
    iteration    5: trace = 0.4015644711004184 (2.53968% change)
    iteration    6: trace = 0.3983929488875771 (0.792923% change)
    iteration    7: trace = 0.3966812555629365 (0.430574% change)
    iteration    8: trace = 0.395894352652169 (0.198569% change)
    iteration    9: trace = 0.3954881013920389 (0.102669% change)
    iteration   10: trace = 0.3953982783780632 (0.0227145% change)
    iteration   11: trace = 0.3953752608412976 (0.00582152% change)
    iteration   12: trace = 0.3953703975090402 (0.00123006% change)
    iteration   13: trace = 0.395369010328938 (0.000350856% change)
    iteration   14: trace = 0.3953684925935746 (0.00013095% change)
    iteration   15: trace = 0.3953682415171464 (6.35044e-05% change)
    iteration   16: trace = 0.3953681232287627 (2.99185e-05% change)
    iteration   17: trace = 0.3953680849496297 (9.6819e-06% change)
    iteration   18: trace = 0.39536807315908 (2.98217e-06% change)
    iteration   19: trace = 0.3953680697879307 (8.52661e-07% change)
    iteration   20: trace = 0.3953680681575875 (4.12361e-07% change)
    iteration   21: trace = 0.3953680674555602 (1.77563e-07% change)
    iteration   22: trace = 0.395368067142693 (7.91331e-08% change)
    iteration   23: trace = 0.3953680670647466 (1.97149e-08% change)
    iteration   24: trace = 0.3953680670451201 (4.96411e-09% change)
Finished solving for bands 1 to 6 after 24 iterations.
tefreqs:, 1, -0.09, 0.14, 0, 0.143178, 0.0645011, 0.148922, 0.171594, 0.300884, 0.322503, 0.380849
elapsed time for k point: 1.8937394618988037
total elapsed time for run: 1.9269893169403076
done
Initializing eigensolver data
Computing 6 bands with 1e-10 tolerance
Working in 2 dimensions.
Grid size is 288 x 96 x 1.
Solving for 6 bands at a time.
Creating Maxwell data...
Mesh size is 3.
Lattice vectors:
     (3, 0, 0)
     (0, 1, 0)
     (0, 0, 1)
Cell volume = 3
Reciprocal lattice vectors (/ 2 pi):
     (0.333333, -0, 0)
     (-0, 1, -0)
     (0, -0, 1)
Geometric objects:
     block, center = (0,0,0)
          size (1e+20,1e+20,1)
          axes (1,0,0), (0,1,0), (0,0,1)
     prism, center = (0.0189062,-1.38778e-17,0.5)
          height 1, axis (0,0,1), sidewall angle: 0 radians, 4 vertices:
          (0.268906,0.25,0)
          (-0.231094,0.25,0)
          (-0.231094,-0.25,0)
          (0.268906,-0.25,0)
     prism, center = (1.01891,-1.38778e-17,0.5)
          height 1, axis (0,0,1), sidewall angle: 0 radians, 4 vertices:
          (1.26891,0.25,0)
          (0.768906,0.25,0)
          (0.768906,-0.25,0)
          (1.26891,-0.25,0)
     prism, center = (2.01891,-1.38778e-17,0.5)
          height 1, axis (0,0,1), sidewall angle: 0 radians, 4 vertices:
          (2.26891,0.25,0)
          (1.76891,0.25,0)
          (1.76891,-0.25,0)
          (2.26891,-0.25,0)
Geometric object tree has depth 2 and 21 object nodes (vs. 4 actual objects)
Initializing epsilon function...
Allocating fields...
Solving for band polarization: te.
Initializing fields to random numbers...
1 k-points
  Vector3<-0.09, 0.14, 0.0>
elapsed time for initialization: 0.04424858093261719
solve_kpoint (-0.09,0.14,0):
tefreqs:, k index, k1, k2, k3, kmag/2pi, te band 1, te band 2, te band 3, te band 4, te band 5, te band 6
Solving for bands 1 to 6...
    near maximum in trace
    iteration    1: trace = 2.058385828995758 (199.715% change)
    iteration    2: trace = 0.5814242994553264 (111.899% change)
    iteration    3: trace = 0.4324258194504227 (29.3926% change)
    iteration    4: trace = 0.4143551165730105 (4.26809% change)
    iteration    5: trace = 0.4047726947153156 (2.33966% change)
    iteration    6: trace = 0.4011350878333215 (0.902735% change)
    iteration    7: trace = 0.3979138956383046 (0.806257% change)
    iteration    8: trace = 0.3961749395548358 (0.437975% change)
    iteration    9: trace = 0.3953647047538099 (0.204724% change)
    iteration   10: trace = 0.3951733417658204 (0.0484134% change)
    iteration   11: trace = 0.3951186580345709 (0.0138389% change)
    iteration   12: trace = 0.3951072979618497 (0.00287515% change)
    iteration   13: trace = 0.395103089074171 (0.00106526% change)
    iteration   14: trace = 0.3951015048468418 (0.000400966% change)
    iteration   15: trace = 0.3951006490150471 (0.000216611% change)
    iteration   16: trace = 0.3951004151816212 (5.91833e-05% change)
    iteration   17: trace = 0.3951003517395804 (1.60572e-05% change)
    iteration   18: trace = 0.3951003368306286 (3.77346e-06% change)
    iteration   19: trace = 0.3951003296286223 (1.82283e-06% change)
    iteration   20: trace = 0.3951003263098758 (8.39976e-07% change)
    iteration   21: trace = 0.3951003249215041 (3.51397e-07% change)
    iteration   22: trace = 0.3951003245490778 (9.42612e-08% change)
    iteration   23: trace = 0.3951003244540154 (2.40603e-08% change)
    iteration   24: trace = 0.3951003244319107 (5.59472e-09% change)
Finished solving for bands 1 to 6 after 24 iterations.
tefreqs:, 1, -0.09, 0.14, 0, 0.143178, 0.0644675, 0.148899, 0.171572, 0.300816, 0.32243, 0.380637
elapsed time for k point: 2.3981008529663086
total elapsed time for run: 2.4424328804016113
done
Initializing eigensolver data
Computing 6 bands with 1e-10 tolerance
Working in 2 dimensions.
Grid size is 288 x 96 x 1.
Solving for 6 bands at a time.
Creating Maxwell data...
Mesh size is 3.
Lattice vectors:
     (3, 0, 0)
     (0, 1, 0)
     (0, 0, 1)
Cell volume = 3
Reciprocal lattice vectors (/ 2 pi):
     (0.333333, -0, 0)
     (-0, 1, -0)
     (0, -0, 1)
Geometric objects:
     block, center = (0,0,0)
          size (1e+20,1e+20,1)
          axes (1,0,0), (0,1,0), (0,0,1)
     prism, center = (-0.0110938,-1.38778e-17,0.5)
          height 1, axis (0,0,1), sidewall angle: 0 radians, 4 vertices:
          (0.238906,0.25,0)
          (-0.261094,0.25,0)
          (-0.261094,-0.25,0)
          (0.238906,-0.25,0)
     prism, center = (0.988906,-1.38778e-17,0.5)
          height 1, axis (0,0,1), sidewall angle: 0 radians, 4 vertices:
          (1.23891,0.25,0)
          (0.738906,0.25,0)
          (0.738906,-0.25,0)
          (1.23891,-0.25,0)
     prism, center = (1.98891,-1.38778e-17,0.5)
          height 1, axis (0,0,1), sidewall angle: 0 radians, 4 vertices:
          (2.23891,0.25,0)
          (1.73891,0.25,0)
          (1.73891,-0.25,0)
          (2.23891,-0.25,0)
Geometric object tree has depth 2 and 21 object nodes (vs. 4 actual objects)
Initializing epsilon function...
Allocating fields...
Solving for band polarization: te.
Initializing fields to random numbers...
1 k-points
  Vector3<-0.09, 0.14, 0.0>
elapsed time for initialization: 0.032239437103271484
solve_kpoint (-0.09,0.14,0):
tefreqs:, k index, k1, k2, k3, kmag/2pi, te band 1, te band 2, te band 3, te band 4, te band 5, te band 6
Solving for bands 1 to 6...
    near maximum in trace
    iteration    1: trace = 2.138641244927898 (199.705% change)
    iteration    2: trace = 0.5446088372588874 (118.814% change)
    iteration    3: trace = 0.4494700521803373 (19.1411% change)
    iteration    4: trace = 0.4144407388094952 (8.10947% change)
    iteration    5: trace = 0.4053833747600935 (2.20959% change)
    iteration    6: trace = 0.4004520821149357 (1.2239% change)
    iteration    7: trace = 0.3982310983068496 (0.556161% change)
    iteration    8: trace = 0.3964049463691293 (0.45962% change)
    iteration    9: trace = 0.3957662351797563 (0.161256% change)
    iteration   10: trace = 0.3954908493362362 (0.0696072% change)
    iteration   11: trace = 0.3954348345349841 (0.0141644% change)
    iteration   12: trace = 0.3954159368427688 (0.00477908% change)
    iteration   13: trace = 0.3954100335493568 (0.00149294% change)
    iteration   14: trace = 0.3954063950515344 (0.000920188% change)
    iteration   15: trace = 0.3954053306031094 (0.000269204% change)
    iteration   16: trace = 0.3954049419217735 (9.82995e-05% change)
    iteration   17: trace = 0.3954048566891478 (2.15558e-05% change)
    iteration   18: trace = 0.3954048300266466 (6.74309e-06% change)
    iteration   19: trace = 0.3954048227778029 (1.83327e-06% change)
    iteration   20: trace = 0.3954048191085324 (9.27978e-07% change)
    iteration   21: trace = 0.3954048176660608 (3.64809e-07% change)
    iteration   22: trace = 0.3954048172123046 (1.14757e-07% change)
    iteration   23: trace = 0.3954048171093845 (2.6029e-08% change)
    iteration   24: trace = 0.3954048170866774 (5.74274e-09% change)
Finished solving for bands 1 to 6 after 24 iterations.
tefreqs:, 1, -0.09, 0.14, 0, 0.143178, 0.0645069, 0.14892, 0.171594, 0.30088, 0.322504, 0.3809
elapsed time for k point: 2.0996811389923096
total elapsed time for run: 2.1319942474365234
done
Initializing eigensolver data
Computing 6 bands with 1e-10 tolerance
Working in 2 dimensions.
Grid size is 288 x 96 x 1.
Solving for 6 bands at a time.
Creating Maxwell data...
Mesh size is 3.
Lattice vectors:
     (3, 0, 0)
     (0, 1, 0)
     (0, 0, 1)
Cell volume = 3
Reciprocal lattice vectors (/ 2 pi):
     (0.333333, -0, 0)
     (-0, 1, -0)
     (0, -0, 1)
Geometric objects:
     block, center = (0,0,0)
          size (1e+20,1e+20,1)
          axes (1,0,0), (0,1,0), (0,0,1)
     prism, center = (0.0239062,-1.38778e-17,0.5)
          height 1, axis (0,0,1), sidewall angle: 0 radians, 4 vertices:
          (0.273906,0.25,0)
          (-0.226094,0.25,0)
          (-0.226094,-0.25,0)
          (0.273906,-0.25,0)
     prism, center = (1.02391,-1.38778e-17,0.5)
          height 1, axis (0,0,1), sidewall angle: 0 radians, 4 vertices:
          (1.27391,0.25,0)
          (0.773906,0.25,0)
          (0.773906,-0.25,0)
          (1.27391,-0.25,0)
     prism, center = (2.02391,-1.38778e-17,0.5)
          height 1, axis (0,0,1), sidewall angle: 0 radians, 4 vertices:
          (2.27391,0.25,0)
          (1.77391,0.25,0)
          (1.77391,-0.25,0)
          (2.27391,-0.25,0)
Geometric object tree has depth 2 and 21 object nodes (vs. 4 actual objects)
Initializing epsilon function...
Allocating fields...
Solving for band polarization: te.
Initializing fields to random numbers...
1 k-points
  Vector3<-0.09, 0.14, 0.0>
elapsed time for initialization: 0.03148174285888672
solve_kpoint (-0.09,0.14,0):
tefreqs:, k index, k1, k2, k3, kmag/2pi, te band 1, te band 2, te band 3, te band 4, te band 5, te band 6
Solving for bands 1 to 6...
    near maximum in trace
    iteration    1: trace = 2.457357107422806 (199.662% change)
    iteration    2: trace = 0.6507896599063887 (116.247% change)
    iteration    3: trace = 0.4430332734606763 (37.9872% change)
    iteration    4: trace = 0.4179934502073324 (5.81627% change)
    iteration    5: trace = 0.4038103275922983 (3.45171% change)
    iteration    6: trace = 0.3999324326648361 (0.964959% change)
    iteration    7: trace = 0.3970991597356676 (0.710956% change)
    iteration    8: trace = 0.3959419288312877 (0.291846% change)
    iteration    9: trace = 0.395374992269097 (0.143289% change)
    iteration   10: trace = 0.3952679572032121 (0.0270754% change)
    iteration   11: trace = 0.3952273713971693 (0.0102684% change)
    iteration   12: trace = 0.3952152952348563 (0.00305554% change)
    iteration   13: trace = 0.3952077599281868 (0.00190665% change)
    iteration   14: trace = 0.3952052717366283 (0.000629593% change)
    iteration   15: trace = 0.3952042858150818 (0.000249471% change)
    iteration   16: trace = 0.3952040575810996 (5.77509e-05% change)
    iteration   17: trace = 0.3952039788786209 (1.99144e-05% change)
    iteration   18: trace = 0.3952039527119557 (6.62105e-06% change)
    iteration   19: trace = 0.3952039380557471 (3.70852e-06% change)
    iteration   20: trace = 0.395203932569669 (1.38816e-06% change)
    iteration   21: trace = 0.3952039308612185 (4.32296e-07% change)
    iteration   22: trace = 0.3952039304897497 (9.39942e-08% change)
    iteration   23: trace = 0.3952039304133484 (1.93321e-08% change)
    iteration   24: trace = 0.3952039303932317 (5.09023e-09% change)
Finished solving for bands 1 to 6 after 24 iterations.
tefreqs:, 1, -0.09, 0.14, 0, 0.143178, 0.0644788, 0.148907, 0.171583, 0.300846, 0.322465, 0.38071
elapsed time for k point: 1.9084768295288086
total elapsed time for run: 1.9400334358215332
done
Initializing eigensolver data
Computing 6 bands with 1e-10 tolerance
Working in 2 dimensions.
Grid size is 288 x 96 x 1.
Solving for 6 bands at a time.
Creating Maxwell data...
Mesh size is 3.
Lattice vectors:
     (3, 0, 0)
     (0, 1, 0)
     (0, 0, 1)
Cell volume = 3
Reciprocal lattice vectors (/ 2 pi):
     (0.333333, -0, 0)
     (-0, 1, -0)
     (0, -0, 1)
Geometric objects:
     block, center = (0,0,0)
          size (1e+20,1e+20,1)
          axes (1,0,0), (0,1,0), (0,0,1)
     prism, center = (-0.0160938,-1.38778e-17,0.5)
          height 1, axis (0,0,1), sidewall angle: 0 radians, 4 vertices:
          (0.233906,0.25,0)
          (-0.266094,0.25,0)
          (-0.266094,-0.25,0)
          (0.233906,-0.25,0)
     prism, center = (0.983906,-1.38778e-17,0.5)
          height 1, axis (0,0,1), sidewall angle: 0 radians, 4 vertices:
          (1.23391,0.25,0)
          (0.733906,0.25,0)
          (0.733906,-0.25,0)
          (1.23391,-0.25,0)
     prism, center = (1.98391,-1.38778e-17,0.5)
          height 1, axis (0,0,1), sidewall angle: 0 radians, 4 vertices:
          (2.23391,0.25,0)
          (1.73391,0.25,0)
          (1.73391,-0.25,0)
          (2.23391,-0.25,0)
Geometric object tree has depth 2 and 21 object nodes (vs. 4 actual objects)
Initializing epsilon function...
Allocating fields...
Solving for band polarization: te.
Initializing fields to random numbers...
1 k-points
  Vector3<-0.09, 0.14, 0.0>
elapsed time for initialization: 0.05216240882873535
solve_kpoint (-0.09,0.14,0):
tefreqs:, k index, k1, k2, k3, kmag/2pi, te band 1, te band 2, te band 3, te band 4, te band 5, te band 6
Solving for bands 1 to 6...
    near maximum in trace
    iteration    1: trace = 2.00470242085257 (199.724% change)
    iteration    2: trace = 0.5611561382006945 (112.52% change)
    iteration    3: trace = 0.4288371506810273 (26.7313% change)
    iteration    4: trace = 0.4127479513656478 (3.82355% change)
    iteration    5: trace = 0.4037852958059893 (2.19529% change)
    iteration    6: trace = 0.4005359176119945 (0.80798% change)
    iteration    7: trace = 0.397493262869942 (0.762542% change)
    iteration    8: trace = 0.3963068403058315 (0.298922% change)
    iteration    9: trace = 0.3956707228236234 (0.16064% change)
    iteration   10: trace = 0.3955417333717702 (0.0326055% change)
    iteration   11: trace = 0.3954982552612429 (0.0109926% change)
    iteration   12: trace = 0.3954879071025153 (0.00261652% change)
    iteration   13: trace = 0.3954806726321124 (0.00182927% change)
    iteration   14: trace = 0.3954776740973653 (0.000758203% change)
    iteration   15: trace = 0.3954763215528184 (0.000342003% change)
    iteration   16: trace = 0.3954760762219198 (6.20343e-05% change)
    iteration   17: trace = 0.3954760097883097 (1.67984e-05% change)
    iteration   18: trace = 0.3954759962933534 (3.41233e-06% change)
    iteration   19: trace = 0.3954759917694092 (1.14392e-06% change)
    iteration   20: trace = 0.3954759900987896 (4.22433e-07% change)
    iteration   21: trace = 0.3954759892129577 (2.23991e-07% change)
    iteration   22: trace = 0.3954759889017025 (7.8704e-08% change)
    iteration   23: trace = 0.3954759888124344 (2.25723e-08% change)
    iteration   24: trace = 0.395475988789166 (5.88364e-09% change)
Finished solving for bands 1 to 6 after 24 iterations.
tefreqs:, 1, -0.09, 0.14, 0, 0.143178, 0.0645153, 0.148931, 0.171604, 0.30091, 0.322531, 0.380936
elapsed time for k point: 2.0798492431640625
total elapsed time for run: 2.132122755050659
done
Initializing eigensolver data
Computing 6 bands with 1e-10 tolerance
Working in 2 dimensions.
Grid size is 288 x 96 x 1.
Solving for 6 bands at a time.
Creating Maxwell data...
Mesh size is 3.
Lattice vectors:
     (3, 0, 0)
     (0, 1, 0)
     (0, 0, 1)
Cell volume = 3
Reciprocal lattice vectors (/ 2 pi):
     (0.333333, -0, 0)
     (-0, 1, -0)
     (0, -0, 1)
Geometric objects:
     block, center = (0,0,0)
          size (1e+20,1e+20,1)
          axes (1,0,0), (0,1,0), (0,0,1)
     prism, center = (0.0167188,0,0.5)
          height 1, axis (0,0,1), sidewall angle: 0 radians, 4 vertices:
          (-0.233281,-0.25,0)
          (-0.233281,0.25,0)
          (0.266719,0.25,0)
          (0.266719,-0.25,0)
     prism, center = (1.00672,0,0.5)
          height 1, axis (0,0,1), sidewall angle: 0 radians, 4 vertices:
          (0.756719,-0.25,0)
          (0.756719,0.25,0)
          (1.25672,0.25,0)
          (1.25672,-0.25,0)
     prism, center = (2.01172,0,0.5)
          height 1, axis (0,0,1), sidewall angle: 0 radians, 4 vertices:
          (1.76172,-0.25,0)
          (1.76172,0.25,0)
          (2.26172,0.25,0)
          (2.26172,-0.25,0)
Geometric object tree has depth 2 and 21 object nodes (vs. 4 actual objects)
Initializing epsilon function...
Allocating fields...
Solving for band polarization: te.
Initializing fields to random numbers...
1 k-points
  Vector3<-0.09, 0.14, 0.0>
elapsed time for initialization: 0.03468203544616699
solve_kpoint (-0.09,0.14,0):
tefreqs:, k index, k1, k2, k3, kmag/2pi, te band 1, te band 2, te band 3, te band 4, te band 5, te band 6
Solving for bands 1 to 6...
    near maximum in trace
    iteration    1: trace = 2.123207951030709 (199.708% change)
    iteration    2: trace = 0.5247482378625304 (120.732% change)
    iteration    3: trace = 0.4419876879811278 (17.1216% change)
    iteration    4: trace = 0.4151089535456056 (6.27204% change)
    iteration    5: trace = 0.4076052635341513 (1.82413% change)
    iteration    6: trace = 0.4022010385081736 (1.3347% change)
    iteration    7: trace = 0.3991926786878905 (0.750782% change)
    iteration    8: trace = 0.3971322331810007 (0.517489% change)
    iteration    9: trace = 0.3966128387945716 (0.130872% change)
    iteration   10: trace = 0.3964430714683709 (0.0428135% change)
    iteration   11: trace = 0.3964101008898056 (0.00831694% change)
    iteration   12: trace = 0.396397446141117 (0.00319239% change)
    iteration   13: trace = 0.3963916821544327 (0.0014541% change)
    iteration   14: trace = 0.3963883317492241 (0.000845229% change)
    iteration   15: trace = 0.3963872879944625 (0.000263317% change)
    iteration   16: trace = 0.3963869607022013 (8.25688e-05% change)
    iteration   17: trace = 0.3963868684110802 (2.32831e-05% change)
    iteration   18: trace = 0.3963868361313472 (8.14349e-06% change)
    iteration   19: trace = 0.3963868250977161 (2.78355e-06% change)
    iteration   20: trace = 0.3963868202108992 (1.23284e-06% change)
    iteration   21: trace = 0.3963868183450888 (4.70704e-07% change)
    iteration   22: trace = 0.3963868178801404 (1.17297e-07% change)
    iteration   23: trace = 0.3963868177724658 (2.7164e-08% change)
    iteration   24: trace = 0.3963868177537789 (4.71431e-09% change)
Finished solving for bands 1 to 6 after 24 iterations.
tefreqs:, 1, -0.09, 0.14, 0, 0.143178, 0.0645136, 0.149078, 0.171771, 0.301466, 0.323146, 0.381038
elapsed time for k point: 2.752185344696045
total elapsed time for run: 2.7870514392852783
done
Initializing eigensolver data
Computing 6 bands with 1e-10 tolerance
Working in 2 dimensions.
Grid size is 288 x 96 x 1.
Solving for 6 bands at a time.
Creating Maxwell data...
Mesh size is 3.
Lattice vectors:
     (3, 0, 0)
     (0, 1, 0)
     (0, 0, 1)
Cell volume = 3
Reciprocal lattice vectors (/ 2 pi):
     (0.333333, -0, 0)
     (-0, 1, -0)
     (0, -0, 1)
Geometric objects:
     block, center = (0,0,0)
          size (1e+20,1e+20,1)
          axes (1,0,0), (0,1,0), (0,0,1)
     prism, center = (1.01672,0,0.5)
          height 1, axis (0,0,1), sidewall angle: 0 radians, 4 vertices:
          (0.766719,-0.25,0)
          (0.766719,0.25,0)
          (1.26672,0.25,0)
          (1.26672,-0.25,0)
     prism, center = (2.01172,0,0.5)
          height 1, axis (0,0,1), sidewall angle: 0 radians, 4 vertices:
          (1.76172,-0.25,0)
          (1.76172,0.25,0)
          (2.26172,0.25,0)
          (2.26172,-0.25,0)
     prism, center = (3.00672,0,0.5)
          height 1, axis (0,0,1), sidewall angle: 0 radians, 4 vertices:
          (2.75672,-0.25,0)
          (2.75672,0.25,0)
          (3.25672,0.25,0)
          (3.25672,-0.25,0)
Geometric object tree has depth 2 and 21 object nodes (vs. 4 actual objects)
Initializing epsilon function...
Allocating fields...
Solving for band polarization: te.
Initializing fields to random numbers...
1 k-points
  Vector3<-0.09, 0.14, 0.0>
elapsed time for initialization: 0.07550859451293945
solve_kpoint (-0.09,0.14,0):
tefreqs:, k index, k1, k2, k3, kmag/2pi, te band 1, te band 2, te band 3, te band 4, te band 5, te band 6
Solving for bands 1 to 6...
    near maximum in trace
    iteration    1: trace = 2.077593459959025 (199.714% change)
    iteration    2: trace = 0.5423782537620315 (117.193% change)
    iteration    3: trace = 0.4477345041085159 (19.1178% change)
    iteration    4: trace = 0.4092985837692023 (8.96953% change)
    iteration    5: trace = 0.400361094393212 (2.20772% change)
    iteration    6: trace = 0.3977283462368429 (0.659763% change)
    iteration    7: trace = 0.3970984885301267 (0.158489% change)
    iteration    8: trace = 0.3967024663637951 (0.0997787% change)
    iteration    9: trace = 0.3965099905621766 (0.0485307% change)
    iteration   10: trace = 0.3964169913126362 (0.0234572% change)
    iteration   11: trace = 0.3963964823200128 (0.00517372% change)
    iteration   12: trace = 0.3963909746135169 (0.00138945% change)
    iteration   13: trace = 0.3963894551725516 (0.000383319% change)
    iteration   14: trace = 0.3963887584118321 (0.000175777% change)
    iteration   15: trace = 0.3963884285718351 (8.32113e-05% change)
    iteration   16: trace = 0.3963882805836551 (3.73341e-05% change)
    iteration   17: trace = 0.3963882369524684 (1.10072e-05% change)
    iteration   18: trace = 0.3963882259736059 (2.76972e-06% change)
    iteration   19: trace = 0.3963882233909842 (6.51538e-07% change)
    iteration   20: trace = 0.3963882228008484 (1.48878e-07% change)
    iteration   21: trace = 0.3963882225813543 (5.53735e-08% change)
    iteration   22: trace = 0.3963882225021566 (1.99798e-08% change)
    iteration   23: trace = 0.3963882224655423 (9.23697e-09% change)
Finished solving for bands 1 to 6 after 23 iterations.
tefreqs:, 1, -0.09, 0.14, 0, 0.143178, 0.0645136, 0.149078, 0.17177, 0.301466, 0.323146, 0.38104
elapsed time for k point: 2.677079677581787
total elapsed time for run: 2.7526772022247314
done
Initializing eigensolver data
Computing 6 bands with 1e-10 tolerance
Working in 2 dimensions.
Grid size is 288 x 96 x 1.
Solving for 6 bands at a time.
Creating Maxwell data...
Mesh size is 3.
Lattice vectors:
     (3, 0, 0)
     (0, 1, 0)
     (0, 0, 1)
Cell volume = 3
Reciprocal lattice vectors (/ 2 pi):
     (0.333333, -0, 0)
     (-0, 1, -0)
     (0, -0, 1)
Geometric objects:
     block, center = (0,0,0)
          size (1e+20,1e+20,1)
          axes (1,0,0), (0,1,0), (0,0,1)
     prism, center = (0.0192188,0,0.5)
          height 1, axis (0,0,1), sidewall angle: 0 radians, 4 vertices:
          (-0.230781,-0.25,0)
          (-0.230781,0.25,0)
          (0.269219,0.25,0)
          (0.269219,-0.25,0)
     prism, center = (1.00422,0,0.5)
          height 1, axis (0,0,1), sidewall angle: 0 radians, 4 vertices:
          (0.754219,-0.25,0)
          (0.754219,0.25,0)
          (1.25422,0.25,0)
          (1.25422,-0.25,0)
     prism, center = (2.01172,0,0.5)
          height 1, axis (0,0,1), sidewall angle: 0 radians, 4 vertices:
          (1.76172,-0.25,0)
          (1.76172,0.25,0)
          (2.26172,0.25,0)
          (2.26172,-0.25,0)
Geometric object tree has depth 2 and 21 object nodes (vs. 4 actual objects)
Initializing epsilon function...
Allocating fields...
Solving for band polarization: te.
Initializing fields to random numbers...
1 k-points
  Vector3<-0.09, 0.14, 0.0>
elapsed time for initialization: 0.0338289737701416
solve_kpoint (-0.09,0.14,0):
tefreqs:, k index, k1, k2, k3, kmag/2pi, te band 1, te band 2, te band 3, te band 4, te band 5, te band 6
Solving for bands 1 to 6...
    near maximum in trace
    iteration    1: trace = 2.465145644078046 (199.66% change)
    iteration    2: trace = 0.5942803963224838 (122.302% change)
    iteration    3: trace = 0.4425634570688064 (29.2651% change)
    iteration    4: trace = 0.4212909019201802 (4.92503% change)
    iteration    5: trace = 0.4106058055364931 (2.56885% change)
    iteration    6: trace = 0.4061413815688088 (1.09322% change)
    iteration    7: trace = 0.4011347752883598 (1.24037% change)
    iteration    8: trace = 0.3982941649984941 (0.71066% change)
    iteration    9: trace = 0.3968713537971322 (0.357865% change)
    iteration   10: trace = 0.396586644917163 (0.0717641% change)
    iteration   11: trace = 0.3964583200852091 (0.0323626% change)
    iteration   12: trace = 0.396410915209559 (0.0119578% change)
    iteration   13: trace = 0.3963824353516067 (0.00718469% change)
    iteration   14: trace = 0.3963756123928484 (0.00172132% change)
    iteration   15: trace = 0.3963733767482178 (0.000564023% change)
    iteration   16: trace = 0.3963728813676921 (0.000124978% change)
    iteration   17: trace = 0.3963727123159555 (4.26497e-05% change)
    iteration   18: trace = 0.3963726476713229 (1.63091e-05% change)
    iteration   19: trace = 0.3963726136687831 (8.57843e-06% change)
    iteration   20: trace = 0.396372601561791 (3.05445e-06% change)
    iteration   21: trace = 0.3963725977318909 (9.66237e-07% change)
    iteration   22: trace = 0.3963725967530923 (2.46939e-07% change)
    iteration   23: trace = 0.3963725965276938 (5.68653e-08% change)
    iteration   24: trace = 0.3963725964489301 (1.98711e-08% change)
    iteration   25: trace = 0.3963725964129282 (9.08283e-09% change)
Finished solving for bands 1 to 6 after 25 iterations.
tefreqs:, 1, -0.09, 0.14, 0, 0.143178, 0.0645107, 0.149077, 0.171781, 0.30141, 0.323184, 0.381028
elapsed time for k point: 2.1254358291625977
total elapsed time for run: 2.15933895111084
done
Initializing eigensolver data
Computing 6 bands with 1e-10 tolerance
Working in 2 dimensions.
Grid size is 288 x 96 x 1.
Solving for 6 bands at a time.
Creating Maxwell data...
Mesh size is 3.
Lattice vectors:
     (3, 0, 0)
     (0, 1, 0)
     (0, 0, 1)
Cell volume = 3
Reciprocal lattice vectors (/ 2 pi):
     (0.333333, -0, 0)
     (-0, 1, -0)
     (0, -0, 1)
Geometric objects:
     block, center = (0,0,0)
          size (1e+20,1e+20,1)
          axes (1,0,0), (0,1,0), (0,0,1)
     prism, center = (1.01922,0,0.5)
          height 1, axis (0,0,1), sidewall angle: 0 radians, 4 vertices:
          (0.769219,-0.25,0)
          (0.769219,0.25,0)
          (1.26922,0.25,0)
          (1.26922,-0.25,0)
     prism, center = (2.01172,0,0.5)
          height 1, axis (0,0,1), sidewall angle: 0 radians, 4 vertices:
          (1.76172,-0.25,0)
          (1.76172,0.25,0)
          (2.26172,0.25,0)
          (2.26172,-0.25,0)
     prism, center = (3.00422,0,0.5)
          height 1, axis (0,0,1), sidewall angle: 0 radians, 4 vertices:
          (2.75422,-0.25,0)
          (2.75422,0.25,0)
          (3.25422,0.25,0)
          (3.25422,-0.25,0)
Geometric object tree has depth 2 and 21 object nodes (vs. 4 actual objects)
Initializing epsilon function...
Allocating fields...
Solving for band polarization: te.
Initializing fields to random numbers...
1 k-points
  Vector3<-0.09, 0.14, 0.0>
elapsed time for initialization: 0.03259015083312988
solve_kpoint (-0.09,0.14,0):
tefreqs:, k index, k1, k2, k3, kmag/2pi, te band 1, te band 2, te band 3, te band 4, te band 5, te band 6
Solving for bands 1 to 6...
    near maximum in trace
    iteration    1: trace = 2.091952216381663 (199.712% change)
    iteration    2: trace = 0.4609498500793098 (127.776% change)
    iteration    3: trace = 0.4131996348849058 (10.925% change)
    iteration    4: trace = 0.4011853180785381 (2.95053% change)
    iteration    5: trace = 0.3985678812369309 (0.654561% change)
    iteration    6: trace = 0.3973164800381987 (0.314468% change)
    iteration    7: trace = 0.3968415352874931 (0.11961% change)
    iteration    8: trace = 0.3965027765539327 (0.0854002% change)
    iteration    9: trace = 0.3964176778358476 (0.0214646% change)
    iteration   10: trace = 0.396386807543606 (0.00778762% change)
    iteration   11: trace = 0.3963803441045006 (0.0016306% change)
    iteration   12: trace = 0.3963767265472256 (0.000912652% change)
    iteration   13: trace = 0.3963752360205363 (0.000376039% change)
    iteration   14: trace = 0.3963745553889056 (0.000171714% change)
    iteration   15: trace = 0.396374412209591 (3.61222e-05% change)
    iteration   16: trace = 0.3963743689566267 (1.09121e-05% change)
    iteration   17: trace = 0.3963743573046162 (2.93965e-06% change)
    iteration   18: trace = 0.3963743524822293 (1.21662e-06% change)
    iteration   19: trace = 0.3963743504244989 (5.19138e-07% change)
    iteration   20: trace = 0.3963743495568487 (2.18897e-07% change)
    iteration   21: trace = 0.3963743493057741 (6.33428e-08% change)
    iteration   22: trace = 0.3963743492575383 (1.21693e-08% change)
    iteration   23: trace = 0.3963743492464114 (2.80718e-09% change)
Finished solving for bands 1 to 6 after 23 iterations.
tefreqs:, 1, -0.09, 0.14, 0, 0.143178, 0.0645107, 0.149077, 0.171781, 0.301405, 0.323191, 0.381028
elapsed time for k point: 2.4746618270874023
total elapsed time for run: 2.507328748703003
done
Initializing eigensolver data
Computing 6 bands with 1e-10 tolerance
Working in 2 dimensions.
Grid size is 288 x 96 x 1.
Solving for 6 bands at a time.
Creating Maxwell data...
Mesh size is 3.
Lattice vectors:
     (3, 0, 0)
     (0, 1, 0)
     (0, 0, 1)
Cell volume = 3
Reciprocal lattice vectors (/ 2 pi):
     (0.333333, -0, 0)
     (-0, 1, -0)
     (0, -0, 1)
Geometric objects:
     block, center = (0,0,0)
          size (1e+20,1e+20,1)
          axes (1,0,0), (0,1,0), (0,0,1)
     prism, center = (0.0217188,0,0.5)
          height 1, axis (0,0,1), sidewall angle: 0 radians, 4 vertices:
          (-0.228281,-0.25,0)
          (-0.228281,0.25,0)
          (0.271719,0.25,0)
          (0.271719,-0.25,0)
     prism, center = (1.00172,0,0.5)
          height 1, axis (0,0,1), sidewall angle: 0 radians, 4 vertices:
          (0.751719,-0.25,0)
          (0.751719,0.25,0)
          (1.25172,0.25,0)
          (1.25172,-0.25,0)
     prism, center = (2.01172,0,0.5)
          height 1, axis (0,0,1), sidewall angle: 0 radians, 4 vertices:
          (1.76172,-0.25,0)
          (1.76172,0.25,0)
          (2.26172,0.25,0)
          (2.26172,-0.25,0)
Geometric object tree has depth 2 and 21 object nodes (vs. 4 actual objects)
Initializing epsilon function...
Allocating fields...
Solving for band polarization: te.
Initializing fields to random numbers...
1 k-points
  Vector3<-0.09, 0.14, 0.0>
elapsed time for initialization: 0.03346872329711914
solve_kpoint (-0.09,0.14,0):
tefreqs:, k index, k1, k2, k3, kmag/2pi, te band 1, te band 2, te band 3, te band 4, te band 5, te band 6
Solving for bands 1 to 6...
    near maximum in trace
    iteration    1: trace = 2.426994101614822 (199.666% change)
    iteration    2: trace = 0.6748507355561069 (112.974% change)
    iteration    3: trace = 0.4639969946881127 (37.0293% change)
    iteration    4: trace = 0.4363614090028942 (6.1388% change)
    iteration    5: trace = 0.4218211671558088 (3.38861% change)
    iteration    6: trace = 0.4138262331035504 (1.91347% change)
    iteration    7: trace = 0.4053169143990579 (2.07761% change)
    iteration    8: trace = 0.4005843057453846 (1.17449% change)
    iteration    9: trace = 0.3978230304552588 (0.691696% change)
    iteration   10: trace = 0.3969997538347767 (0.20716% change)
    iteration   11: trace = 0.3966069153154498 (0.0990008% change)
    iteration   12: trace = 0.3964340668836057 (0.0435913% change)
    iteration   13: trace = 0.3963360395125288 (0.0247303% change)
    iteration   14: trace = 0.3963078420815364 (0.00711478% change)
    iteration   15: trace = 0.3962989525819454 (0.0022431% change)
    iteration   16: trace = 0.3962971381802421 (0.000457838% change)
    iteration   17: trace = 0.3962965145786895 (0.000157357% change)
    iteration   18: trace = 0.3962963385142993 (4.44274e-05% change)
    iteration   19: trace = 0.3962962650285092 (1.85431e-05% change)
    iteration   20: trace = 0.3962962365632539 (7.18282e-06% change)
    iteration   21: trace = 0.3962962254151399 (2.81308e-06% change)
    iteration   22: trace = 0.3962962221722357 (8.18303e-07% change)
    iteration   23: trace = 0.3962962211366599 (2.61314e-07% change)
    iteration   24: trace = 0.3962962206364612 (1.26218e-07% change)
    iteration   25: trace = 0.3962962204153798 (5.57869e-08% change)
    iteration   26: trace = 0.3962962203363418 (1.99442e-08% change)
    iteration   27: trace = 0.3962962203176397 (4.71921e-09% change)
Finished solving for bands 1 to 6 after 27 iterations.
tefreqs:, 1, -0.09, 0.14, 0, 0.143178, 0.0645001, 0.149069, 0.171792, 0.301325, 0.323213, 0.38097
elapsed time for k point: 2.7695538997650146
total elapsed time for run: 2.803100347518921
done
Initializing eigensolver data
Computing 6 bands with 1e-10 tolerance
Working in 2 dimensions.
Grid size is 288 x 96 x 1.
Solving for 6 bands at a time.
Creating Maxwell data...
Mesh size is 3.
Lattice vectors:
     (3, 0, 0)
     (0, 1, 0)
     (0, 0, 1)
Cell volume = 3
Reciprocal lattice vectors (/ 2 pi):
     (0.333333, -0, 0)
     (-0, 1, -0)
     (0, -0, 1)
Geometric objects:
     block, center = (0,0,0)
          size (1e+20,1e+20,1)
          axes (1,0,0), (0,1,0), (0,0,1)
     prism, center = (1.02172,0,0.5)
          height 1, axis (0,0,1), sidewall angle: 0 radians, 4 vertices:
          (0.771719,-0.25,0)
          (0.771719,0.25,0)
          (1.27172,0.25,0)
          (1.27172,-0.25,0)
     prism, center = (2.01172,0,0.5)
          height 1, axis (0,0,1), sidewall angle: 0 radians, 4 vertices:
          (1.76172,-0.25,0)
          (1.76172,0.25,0)
          (2.26172,0.25,0)
          (2.26172,-0.25,0)
     prism, center = (3.00172,0,0.5)
          height 1, axis (0,0,1), sidewall angle: 0 radians, 4 vertices:
          (2.75172,-0.25,0)
          (2.75172,0.25,0)
          (3.25172,0.25,0)
          (3.25172,-0.25,0)
Geometric object tree has depth 2 and 21 object nodes (vs. 4 actual objects)
Initializing epsilon function...
Allocating fields...
Solving for band polarization: te.
Initializing fields to random numbers...
1 k-points
  Vector3<-0.09, 0.14, 0.0>
elapsed time for initialization: 0.03227853775024414
solve_kpoint (-0.09,0.14,0):
tefreqs:, k index, k1, k2, k3, kmag/2pi, te band 1, te band 2, te band 3, te band 4, te band 5, te band 6
Solving for bands 1 to 6...
    near maximum in trace
    iteration    1: trace = 1.696120057873029 (199.766% change)
    iteration    2: trace = 0.4630951313322352 (114.21% change)
    iteration    3: trace = 0.4165650218738853 (10.5791% change)
    iteration    4: trace = 0.4024616263964094 (3.44394% change)
    iteration    5: trace = 0.3991571057376824 (0.824462% change)
    iteration    6: trace = 0.3975371809309591 (0.406662% change)
    iteration    7: trace = 0.3968768052546057 (0.166255% change)
    iteration    8: trace = 0.3964193792463085 (0.115323% change)
    iteration    9: trace = 0.3963301096161633 (0.0225215% change)
    iteration   10: trace = 0.3963055941351993 (0.00618581% change)
    iteration   11: trace = 0.39630083754866 (0.00120024% change)
    iteration   12: trace = 0.3962986932381395 (0.000541083% change)
    iteration   13: trace = 0.3962976440739973 (0.000264741% change)
    iteration   14: trace = 0.3962969894419607 (0.000165187% change)
    iteration   15: trace = 0.3962968135792985 (4.43765e-05% change)
    iteration   16: trace = 0.3962967666367849 (1.18453e-05% change)
    iteration   17: trace = 0.3962967545189672 (3.05776e-06% change)
    iteration   18: trace = 0.3962967501646104 (1.09876e-06% change)
    iteration   19: trace = 0.3962967481848372 (4.99568e-07% change)
    iteration   20: trace = 0.3962967474430547 (1.87179e-07% change)
    iteration   21: trace = 0.396296747242971 (5.04883e-08% change)
    iteration   22: trace = 0.3962967472051784 (9.53644e-09% change)
Finished solving for bands 1 to 6 after 22 iterations.
tefreqs:, 1, -0.09, 0.14, 0, 0.143178, 0.0645002, 0.14907, 0.17179, 0.301308, 0.323237, 0.380964
elapsed time for k point: 2.5060930252075195
total elapsed time for run: 2.538454055786133
done
Initializing eigensolver data
Computing 6 bands with 1e-10 tolerance
Working in 2 dimensions.
Grid size is 288 x 96 x 1.
Solving for 6 bands at a time.
Creating Maxwell data...
Mesh size is 3.
Lattice vectors:
     (3, 0, 0)
     (0, 1, 0)
     (0, 0, 1)
Cell volume = 3
Reciprocal lattice vectors (/ 2 pi):
     (0.333333, -0, 0)
     (-0, 1, -0)
     (0, -0, 1)
Geometric objects:
     block, center = (0,0,0)
          size (1e+20,1e+20,1)
          axes (1,0,0), (0,1,0), (0,0,1)
     prism, center = (0.0267188,0,0.5)
          height 1, axis (0,0,1), sidewall angle: 0 radians, 4 vertices:
          (-0.223281,-0.25,0)
          (-0.223281,0.25,0)
          (0.276719,0.25,0)
          (0.276719,-0.25,0)
     prism, center = (0.996719,0,0.5)
          height 1, axis (0,0,1), sidewall angle: 0 radians, 4 vertices:
          (0.746719,-0.25,0)
          (0.746719,0.25,0)
          (1.24672,0.25,0)
          (1.24672,-0.25,0)
     prism, center = (2.01172,0,0.5)
          height 1, axis (0,0,1), sidewall angle: 0 radians, 4 vertices:
          (1.76172,-0.25,0)
          (1.76172,0.25,0)
          (2.26172,0.25,0)
          (2.26172,-0.25,0)
Geometric object tree has depth 2 and 21 object nodes (vs. 4 actual objects)
Initializing epsilon function...
Allocating fields...
Solving for band polarization: te.
Initializing fields to random numbers...
1 k-points
  Vector3<-0.09, 0.14, 0.0>
elapsed time for initialization: 0.032587289810180664
solve_kpoint (-0.09,0.14,0):
tefreqs:, k index, k1, k2, k3, kmag/2pi, te band 1, te band 2, te band 3, te band 4, te band 5, te band 6
Solving for bands 1 to 6...
    near maximum in trace
    iteration    1: trace = 2.354095299801766 (199.676% change)
    iteration    2: trace = 0.6111477792715025 (117.558% change)
    iteration    3: trace = 0.454528892247981 (29.3933% change)
    iteration    4: trace = 0.4349209775084351 (4.409% change)
    iteration    5: trace = 0.4231269126516713 (2.74905% change)
    iteration    6: trace = 0.4181909829121487 (1.17338% change)
    iteration    7: trace = 0.4119591940406633 (1.50136% change)
    iteration    8: trace = 0.4048972326709416 (1.72906% change)
    iteration    9: trace = 0.3999091339403305 (1.23958% change)
    iteration   10: trace = 0.3980365194130115 (0.469359% change)
    iteration   11: trace = 0.397067134395315 (0.243839% change)
    iteration   12: trace = 0.3966534230211267 (0.104246% change)
    iteration   13: trace = 0.3964353707345732 (0.0549881% change)
    iteration   14: trace = 0.3963634873713812 (0.0181341% change)
    iteration   15: trace = 0.3963346429107639 (0.00727754% change)
    iteration   16: trace = 0.3963271945878374 (0.00187932% change)
    iteration   17: trace = 0.3963245952364659 (0.000655862% change)
    iteration   18: trace = 0.3963234706058066 (0.000283765% change)
    iteration   19: trace = 0.3963229586579905 (0.000129174% change)
    iteration   20: trace = 0.3963227630361266 (4.93592e-05% change)
    iteration   21: trace = 0.3963227117142112 (1.29495e-05% change)
    iteration   22: trace = 0.3963226987346128 (3.27501e-06% change)
    iteration   23: trace = 0.3963226958052289 (7.39141e-07% change)
    iteration   24: trace = 0.3963226946494149 (2.91635e-07% change)
    iteration   25: trace = 0.3963226941365607 (1.29403e-07% change)
    iteration   26: trace = 0.3963226938577849 (7.03406e-08% change)
    iteration   27: trace = 0.3963226937644098 (2.35604e-08% change)
    iteration   28: trace = 0.3963226937347234 (7.49047e-09% change)
Finished solving for bands 1 to 6 after 28 iterations.
tefreqs:, 1, -0.09, 0.14, 0, 0.143178, 0.0645137, 0.149063, 0.171835, 0.301115, 0.323328, 0.381055
elapsed time for k point: 2.713418960571289
total elapsed time for run: 2.7460968494415283
done
Initializing eigensolver data
Computing 6 bands with 1e-10 tolerance
Working in 2 dimensions.
Grid size is 288 x 96 x 1.
Solving for 6 bands at a time.
Creating Maxwell data...
Mesh size is 3.
Lattice vectors:
     (3, 0, 0)
     (0, 1, 0)
     (0, 0, 1)
Cell volume = 3
Reciprocal lattice vectors (/ 2 pi):
     (0.333333, -0, 0)
     (-0, 1, -0)
     (0, -0, 1)
Geometric objects:
     block, center = (0,0,0)
          size (1e+20,1e+20,1)
          axes (1,0,0), (0,1,0), (0,0,1)
     prism, center = (1.02672,0,0.5)
          height 1, axis (0,0,1), sidewall angle: 0 radians, 4 vertices:
          (0.776719,-0.25,0)
          (0.776719,0.25,0)
          (1.27672,0.25,0)
          (1.27672,-0.25,0)
     prism, center = (2.01172,0,0.5)
          height 1, axis (0,0,1), sidewall angle: 0 radians, 4 vertices:
          (1.76172,-0.25,0)
          (1.76172,0.25,0)
          (2.26172,0.25,0)
          (2.26172,-0.25,0)
     prism, center = (2.99672,0,0.5)
          height 1, axis (0,0,1), sidewall angle: 0 radians, 4 vertices:
          (2.74672,-0.25,0)
          (2.74672,0.25,0)
          (3.24672,0.25,0)
          (3.24672,-0.25,0)
Geometric object tree has depth 2 and 21 object nodes (vs. 4 actual objects)
Initializing epsilon function...
Allocating fields...
Solving for band polarization: te.
Initializing fields to random numbers...
1 k-points
  Vector3<-0.09, 0.14, 0.0>
elapsed time for initialization: 0.0318758487701416
solve_kpoint (-0.09,0.14,0):
tefreqs:, k index, k1, k2, k3, kmag/2pi, te band 1, te band 2, te band 3, te band 4, te band 5, te band 6
Solving for bands 1 to 6...
    near maximum in trace
    iteration    1: trace = 1.876623038652561 (199.741% change)
    iteration    2: trace = 0.503376396574565 (115.399% change)
    iteration    3: trace = 0.4404142408060459 (13.3424% change)
    iteration    4: trace = 0.4234504473527156 (3.92742% change)
    iteration    5: trace = 0.4176836502286665 (1.3712% change)
    iteration    6: trace = 0.41105747281724 (1.59909% change)
    iteration    7: trace = 0.4050872252070708 (1.46304% change)
    iteration    8: trace = 0.4000108431977503 (1.26106% change)
    iteration    9: trace = 0.3980450558697773 (0.492644% change)
    iteration   10: trace = 0.3970308730510904 (0.255116% change)
    iteration   11: trace = 0.3966606663410261 (0.0932873% change)
    iteration   12: trace = 0.396446214370715 (0.054079% change)
    iteration   13: trace = 0.3963671353058787 (0.019949% change)
    iteration   14: trace = 0.3963379745312267 (0.00735728% change)
    iteration   15: trace = 0.3963306887132075 (0.0018383% change)
    iteration   16: trace = 0.3963286721655693 (0.000508806% change)
    iteration   17: trace = 0.3963278549934434 (0.000206186% change)
    iteration   18: trace = 0.3963274646066382 (9.8501e-05% change)
    iteration   19: trace = 0.3963273083472209 (3.94269e-05% change)
    iteration   20: trace = 0.3963272614666935 (1.18287e-05% change)
    iteration   21: trace = 0.3963272474744763 (3.53047e-06% change)
    iteration   22: trace = 0.3963272447294668 (6.92612e-07% change)
    iteration   23: trace = 0.3963272438437025 (2.23493e-07% change)
    iteration   24: trace = 0.396327243504188 (8.56652e-08% change)
    iteration   25: trace = 0.396327243278544 (5.69338e-08% change)
    iteration   26: trace = 0.3963272431853603 (2.35118e-08% change)
    iteration   27: trace = 0.3963272431509843 (8.67364e-09% change)
Finished solving for bands 1 to 6 after 27 iterations.
tefreqs:, 1, -0.09, 0.14, 0, 0.143178, 0.064514, 0.149066, 0.171829, 0.30106, 0.323407, 0.381038
elapsed time for k point: 3.4029295444488525
total elapsed time for run: 3.434903860092163
done
Initializing eigensolver data
Computing 6 bands with 1e-10 tolerance
Working in 2 dimensions.
Grid size is 288 x 96 x 1.
Solving for 6 bands at a time.
Creating Maxwell data...
Mesh size is 3.
Lattice vectors:
     (3, 0, 0)
     (0, 1, 0)
     (0, 0, 1)
Cell volume = 3
Reciprocal lattice vectors (/ 2 pi):
     (0.333333, -0, 0)
     (-0, 1, -0)
     (0, -0, 1)
Geometric objects:
     block, center = (0,0,0)
          size (1e+20,1e+20,1)
          axes (1,0,0), (0,1,0), (0,0,1)
     prism, center = (0.0317188,0,0.5)
          height 1, axis (0,0,1), sidewall angle: 0 radians, 4 vertices:
          (-0.218281,-0.25,0)
          (-0.218281,0.25,0)
          (0.281719,0.25,0)
          (0.281719,-0.25,0)
     prism, center = (0.991719,0,0.5)
          height 1, axis (0,0,1), sidewall angle: 0 radians, 4 vertices:
          (0.741719,-0.25,0)
          (0.741719,0.25,0)
          (1.24172,0.25,0)
          (1.24172,-0.25,0)
     prism, center = (2.01172,0,0.5)
          height 1, axis (0,0,1), sidewall angle: 0 radians, 4 vertices:
          (1.76172,-0.25,0)
          (1.76172,0.25,0)
          (2.26172,0.25,0)
          (2.26172,-0.25,0)
Geometric object tree has depth 2 and 21 object nodes (vs. 4 actual objects)
Initializing epsilon function...
Allocating fields...
Solving for band polarization: te.
Initializing fields to random numbers...
1 k-points
  Vector3<-0.09, 0.14, 0.0>
elapsed time for initialization: 0.03455781936645508
solve_kpoint (-0.09,0.14,0):
tefreqs:, k index, k1, k2, k3, kmag/2pi, te band 1, te band 2, te band 3, te band 4, te band 5, te band 6
Solving for bands 1 to 6...
    near maximum in trace
    iteration    1: trace = 2.164909861109644 (199.702% change)
    iteration    2: trace = 0.5251742582324063 (121.91% change)
    iteration    3: trace = 0.4393422636188767 (17.7979% change)
    iteration    4: trace = 0.4104401702907285 (6.80223% change)
    iteration    5: trace = 0.4017884296662001 (2.13037% change)
    iteration    6: trace = 0.3982491260812874 (0.884784% change)
    iteration    7: trace = 0.3971285466248436 (0.281773% change)
    iteration    8: trace = 0.3964995740426212 (0.158506% change)
    iteration    9: trace = 0.3962953167287363 (0.0515284% change)
    iteration   10: trace = 0.396218039260218 (0.0195019% change)
    iteration   11: trace = 0.3961988155682295 (0.00485191% change)
    iteration   12: trace = 0.3961910938474814 (0.00194897% change)
    iteration   13: trace = 0.3961880111923 (0.000778076% change)
    iteration   14: trace = 0.3961864578382284 (0.000392076% change)
    iteration   15: trace = 0.3961859201790792 (0.000135709% change)
    iteration   16: trace = 0.3961857371516004 (4.61974e-05% change)
    iteration   17: trace = 0.3961856832606406 (1.36024e-05% change)
    iteration   18: trace = 0.3961856618096906 (5.41437e-06% change)
    iteration   19: trace = 0.3961856518680253 (2.50935e-06% change)
    iteration   20: trace = 0.3961856466849351 (1.30825e-06% change)
    iteration   21: trace = 0.3961856448649924 (4.59366e-07% change)
    iteration   22: trace = 0.396185644509755 (8.96644e-08% change)
    iteration   23: trace = 0.3961856444366176 (1.84604e-08% change)
    iteration   24: trace = 0.396185644424042 (3.17417e-09% change)
Finished solving for bands 1 to 6 after 24 iterations.
tefreqs:, 1, -0.09, 0.14, 0, 0.143178, 0.0644974, 0.149045, 0.171889, 0.300826, 0.323447, 0.380987
elapsed time for k point: 2.5249414443969727
total elapsed time for run: 2.559596300125122
done
Initializing eigensolver data
Computing 6 bands with 1e-10 tolerance
Working in 2 dimensions.
Grid size is 288 x 96 x 1.
Solving for 6 bands at a time.
Creating Maxwell data...
Mesh size is 3.
Lattice vectors:
     (3, 0, 0)
     (0, 1, 0)
     (0, 0, 1)
Cell volume = 3
Reciprocal lattice vectors (/ 2 pi):
     (0.333333, -0, 0)
     (-0, 1, -0)
     (0, -0, 1)
Geometric objects:
     block, center = (0,0,0)
          size (1e+20,1e+20,1)
          axes (1,0,0), (0,1,0), (0,0,1)
     prism, center = (1.03172,0,0.5)
          height 1, axis (0,0,1), sidewall angle: 0 radians, 4 vertices:
          (0.781719,-0.25,0)
          (0.781719,0.25,0)
          (1.28172,0.25,0)
          (1.28172,-0.25,0)
     prism, center = (2.01172,0,0.5)
          height 1, axis (0,0,1), sidewall angle: 0 radians, 4 vertices:
          (1.76172,-0.25,0)
          (1.76172,0.25,0)
          (2.26172,0.25,0)
          (2.26172,-0.25,0)
     prism, center = (2.99172,0,0.5)
          height 1, axis (0,0,1), sidewall angle: 0 radians, 4 vertices:
          (2.74172,-0.25,0)
          (2.74172,0.25,0)
          (3.24172,0.25,0)
          (3.24172,-0.25,0)
Geometric object tree has depth 2 and 21 object nodes (vs. 4 actual objects)
Initializing epsilon function...
Allocating fields...
Solving for band polarization: te.
Initializing fields to random numbers...
1 k-points
  Vector3<-0.09, 0.14, 0.0>
elapsed time for initialization: 0.035137176513671875
solve_kpoint (-0.09,0.14,0):
tefreqs:, k index, k1, k2, k3, kmag/2pi, te band 1, te band 2, te band 3, te band 4, te band 5, te band 6
Solving for bands 1 to 6...
    near maximum in trace
    iteration    1: trace = 2.344578092648556 (199.675% change)
    iteration    2: trace = 0.6261713466679101 (115.688% change)
    iteration    3: trace = 0.4595190294006577 (30.6998% change)
    iteration    4: trace = 0.4320377744308129 (6.16478% change)
    iteration    5: trace = 0.4129826908931315 (4.50997% change)
    iteration    6: trace = 0.4050199572351445 (1.94687% change)
    iteration    7: trace = 0.3996678296423501 (1.33024% change)
    iteration    8: trace = 0.3975248581321408 (0.537629% change)
    iteration    9: trace = 0.3965679666020877 (0.241002% change)
    iteration   10: trace = 0.3963331490481831 (0.05923% change)
    iteration   11: trace = 0.3962433604957413 (0.0226574% change)
    iteration   12: trace = 0.3962143425295288 (0.00732354% change)
    iteration   13: trace = 0.3961961264770835 (0.00459763% change)
    iteration   14: trace = 0.3961888852339042 (0.00182771% change)
    iteration   15: trace = 0.396185651962681 (0.000816097% change)
    iteration   16: trace = 0.396184837065151 (0.000205686% change)
    iteration   17: trace = 0.3961845274402904 (7.81516e-05% change)
    iteration   18: trace = 0.3961844367869488 (2.28816e-05% change)
    iteration   19: trace = 0.3961843904581697 (1.16937e-05% change)
    iteration   20: trace = 0.3961843719849513 (4.66278e-06% change)
    iteration   21: trace = 0.3961843656990213 (1.58662e-06% change)
    iteration   22: trace = 0.3961843645134708 (2.99242e-07% change)
    iteration   23: trace = 0.3961843642022427 (7.85564e-08% change)
    iteration   24: trace = 0.396184364097625 (2.64063e-08% change)
    iteration   25: trace = 0.3961843640600094 (9.49446e-09% change)
Finished solving for bands 1 to 6 after 25 iterations.
tefreqs:, 1, -0.09, 0.14, 0, 0.143178, 0.0644976, 0.149051, 0.171877, 0.300689, 0.323649, 0.380925
elapsed time for k point: 2.678776264190674
total elapsed time for run: 2.7140133380889893
done
Initializing eigensolver data
Computing 6 bands with 1e-10 tolerance
Working in 2 dimensions.
Grid size is 288 x 96 x 1.
Solving for 6 bands at a time.
Creating Maxwell data...
Mesh size is 3.
Lattice vectors:
     (3, 0, 0)
     (0, 1, 0)
     (0, 0, 1)
Cell volume = 3
Reciprocal lattice vectors (/ 2 pi):
     (0.333333, -0, 0)
     (-0, 1, -0)
     (0, -0, 1)
Geometric objects:
     block, center = (0,0,0)
          size (1e+20,1e+20,1)
          axes (1,0,0), (0,1,0), (0,0,1)
     prism, center = (0.0139548,-1.38778e-17,0.5)
          height 1, axis (0,0,1), sidewall angle: 0 radians, 4 vertices:
          (0.263955,0.25,0)
          (-0.236045,0.25,0)
          (-0.236045,-0.25,0)
          (0.263955,-0.25,0)
     prism, center = (1.01447,-1.38778e-17,0.5)
          height 1, axis (0,0,1), sidewall angle: 0 radians, 4 vertices:
          (1.26447,0.25,0)
          (0.764474,0.25,0)
          (0.764474,-0.25,0)
          (1.26447,-0.25,0)
     prism, center = (2.00673,-1.38778e-17,0.5)
          height 1, axis (0,0,1), sidewall angle: 0 radians, 4 vertices:
          (2.25673,0.25,0)
          (1.75673,0.25,0)
          (1.75673,-0.25,0)
          (2.25673,-0.25,0)
Geometric object tree has depth 2 and 21 object nodes (vs. 4 actual objects)
Initializing epsilon function...
Allocating fields...
Solving for band polarization: te.
Initializing fields to random numbers...
1 k-points
  Vector3<-0.09, 0.14, 0.0>
elapsed time for initialization: 0.03445553779602051
solve_kpoint (-0.09,0.14,0):
tefreqs:, k index, k1, k2, k3, kmag/2pi, te band 1, te band 2, te band 3, te band 4, te band 5, te band 6
Solving for bands 1 to 6...
    near maximum in trace
    iteration    1: trace = 1.962837901556615 (199.729% change)
    iteration    2: trace = 0.5788981167896903 (108.897% change)
    iteration    3: trace = 0.4441709832393897 (26.3378% change)
    iteration    4: trace = 0.4235657922345425 (4.74918% change)
    iteration    5: trace = 0.4088523353136682 (3.53511% change)
    iteration    6: trace = 0.40274119596021 (1.50596% change)
    iteration    7: trace = 0.3981281181526601 (1.15202% change)
    iteration    8: trace = 0.3963629156819869 (0.444361% change)
    iteration    9: trace = 0.3956232709166657 (0.186782% change)
    iteration   10: trace = 0.3954645777173109 (0.0401202% change)
    iteration   11: trace = 0.3953956492355936 (0.0174313% change)
    iteration   12: trace = 0.3953673179860204 (0.00716555% change)
    iteration   13: trace = 0.3953498407267148 (0.00442061% change)
    iteration   14: trace = 0.3953444278314475 (0.00136915% change)
    iteration   15: trace = 0.3953425736589522 (0.000469003% change)
    iteration   16: trace = 0.3953422287077748 (8.72538e-05% change)
    iteration   17: trace = 0.395342097514235 (3.31848e-05% change)
    iteration   18: trace = 0.3953420521102933 (1.14847e-05% change)
    iteration   19: trace = 0.3953420306494906 (5.42841e-06% change)
    iteration   20: trace = 0.3953420244238864 (1.57474e-06% change)
    iteration   21: trace = 0.395342022422194 (5.06319e-07% change)
    iteration   22: trace = 0.3953420219825603 (1.11203e-07% change)
    iteration   23: trace = 0.3953420217993507 (4.63421e-08% change)
    iteration   24: trace = 0.3953420217196174 (2.01682e-08% change)
    iteration   25: trace = 0.3953420216882275 (7.93993e-09% change)
Finished solving for bands 1 to 6 after 25 iterations.
tefreqs:, 1, -0.09, 0.14, 0, 0.143178, 0.064499, 0.148916, 0.171597, 0.300842, 0.322514, 0.38084
elapsed time for k point: 2.5120279788970947
total elapsed time for run: 2.5465617179870605
done
Initializing eigensolver data
Computing 6 bands with 1e-10 tolerance
Working in 2 dimensions.
Grid size is 288 x 96 x 1.
Solving for 6 bands at a time.
Creating Maxwell data...
Mesh size is 3.
Lattice vectors:
     (3, 0, 0)
     (0, 1, 0)
     (0, 0, 1)
Cell volume = 3
Reciprocal lattice vectors (/ 2 pi):
     (0.333333, -0, 0)
     (-0, 1, -0)
     (0, -0, 1)
Geometric objects:
     block, center = (0,0,0)
          size (1e+20,1e+20,1)
          axes (1,0,0), (0,1,0), (0,0,1)
     prism, center = (0.00948268,-1.38778e-17,0.5)
          height 1, axis (0,0,1), sidewall angle: 0 radians, 4 vertices:
          (0.259483,0.25,0)
          (-0.240517,0.25,0)
          (-0.240517,-0.25,0)
          (0.259483,-0.25,0)
     prism, center = (1.00896,-1.38778e-17,0.5)
          height 1, axis (0,0,1), sidewall angle: 0 radians, 4 vertices:
          (1.25896,0.25,0)
          (0.758964,0.25,0)
          (0.758964,-0.25,0)
          (1.25896,-0.25,0)
     prism, center = (2.01671,-1.38778e-17,0.5)
          height 1, axis (0,0,1), sidewall angle: 0 radians, 4 vertices:
          (2.26671,0.25,0)
          (1.76671,0.25,0)
          (1.76671,-0.25,0)
          (2.26671,-0.25,0)
Geometric object tree has depth 2 and 21 object nodes (vs. 4 actual objects)
Initializing epsilon function...
Allocating fields...
Solving for band polarization: te.
Initializing fields to random numbers...
1 k-points
  Vector3<-0.09, 0.14, 0.0>
elapsed time for initialization: 0.031430959701538086
solve_kpoint (-0.09,0.14,0):
tefreqs:, k index, k1, k2, k3, kmag/2pi, te band 1, te band 2, te band 3, te band 4, te band 5, te band 6
Solving for bands 1 to 6...
    near maximum in trace
    iteration    1: trace = 2.271542423050227 (199.687% change)
    iteration    2: trace = 0.5549282982098516 (121.467% change)
    iteration    3: trace = 0.456256593310311 (19.5161% change)
    iteration    4: trace = 0.4184469922279114 (8.64512% change)
    iteration    5: trace = 0.4065774459263066 (2.87738% change)
    iteration    6: trace = 0.4004532211497127 (1.51772% change)
    iteration    7: trace = 0.3982045652441594 (0.563109% change)
    iteration    8: trace = 0.396419242969656 (0.44935% change)
    iteration    9: trace = 0.3957412256379203 (0.171182% change)
    iteration   10: trace = 0.3954680748940291 (0.0690464% change)
    iteration   11: trace = 0.3954072255953437 (0.0153878% change)
    iteration   12: trace = 0.3953795630343453 (0.00699621% change)
    iteration   13: trace = 0.3953689479464707 (0.00268482% change)
    iteration   14: trace = 0.3953634049446131 (0.00140199% change)
    iteration   15: trace = 0.3953618440243304 (0.000394807% change)
    iteration   16: trace = 0.3953613609603858 (0.000122183% change)
    iteration   17: trace = 0.3953612524397443 (2.74485e-05% change)
    iteration   18: trace = 0.3953612168282608 (9.00733e-06% change)
    iteration   19: trace = 0.3953612039822107 (3.24919e-06% change)
    iteration   20: trace = 0.3953611968929381 (1.79311e-06% change)
    iteration   21: trace = 0.3953611943822485 (6.35037e-07% change)
    iteration   22: trace = 0.3953611937199605 (1.67515e-07% change)
    iteration   23: trace = 0.3953611935795445 (3.55159e-08% change)
    iteration   24: trace = 0.3953611935519393 (6.98227e-09% change)
Finished solving for bands 1 to 6 after 24 iterations.
tefreqs:, 1, -0.09, 0.14, 0, 0.143178, 0.0645016, 0.148917, 0.171598, 0.300841, 0.322518, 0.380861
elapsed time for k point: 2.6520824432373047
total elapsed time for run: 2.6835858821868896
done
Initializing eigensolver data
Computing 6 bands with 1e-10 tolerance
Working in 2 dimensions.
Grid size is 288 x 96 x 1.
Solving for 6 bands at a time.
Creating Maxwell data...
Mesh size is 3.
Lattice vectors:
     (3, 0, 0)
     (0, 1, 0)
     (0, 0, 1)
Cell volume = 3
Reciprocal lattice vectors (/ 2 pi):
     (0.333333, -0, 0)
     (-0, 1, -0)
     (0, -0, 1)
Geometric objects:
     block, center = (0,0,0)
          size (1e+20,1e+20,1)
          axes (1,0,0), (0,1,0), (0,0,1)
     prism, center = (0.0150729,-1.38778e-17,0.5)
          height 1, axis (0,0,1), sidewall angle: 0 radians, 4 vertices:
          (0.265073,0.25,0)
          (-0.234927,0.25,0)
          (-0.234927,-0.25,0)
          (0.265073,-0.25,0)
     prism, center = (1.01585,-1.38778e-17,0.5)
          height 1, axis (0,0,1), sidewall angle: 0 radians, 4 vertices:
          (1.26585,0.25,0)
          (0.765851,0.25,0)
          (0.765851,-0.25,0)
          (1.26585,-0.25,0)
     prism, center = (2.00423,-1.38778e-17,0.5)
          height 1, axis (0,0,1), sidewall angle: 0 radians, 4 vertices:
          (2.25423,0.25,0)
          (1.75423,0.25,0)
          (1.75423,-0.25,0)
          (2.25423,-0.25,0)
Geometric object tree has depth 2 and 21 object nodes (vs. 4 actual objects)
Initializing epsilon function...
Allocating fields...
Solving for band polarization: te.
Initializing fields to random numbers...
1 k-points
  Vector3<-0.09, 0.14, 0.0>
elapsed time for initialization: 0.03254389762878418
solve_kpoint (-0.09,0.14,0):
tefreqs:, k index, k1, k2, k3, kmag/2pi, te band 1, te band 2, te band 3, te band 4, te band 5, te band 6
Solving for bands 1 to 6...
    near maximum in trace
    iteration    1: trace = 1.941020189430485 (199.732% change)
    iteration    2: trace = 0.4926149658938361 (119.032% change)
    iteration    3: trace = 0.4264712901228774 (14.3934% change)
    iteration    4: trace = 0.405189882320793 (5.11781% change)
    iteration    5: trace = 0.3996494462225064 (1.37678% change)
    iteration    6: trace = 0.3971918979642083 (0.616822% change)
    iteration    7: trace = 0.3962104511951485 (0.247402% change)
    iteration    8: trace = 0.3956811313787078 (0.133685% change)
    iteration    9: trace = 0.3955212455501879 (0.0404159% change)
    iteration   10: trace = 0.3954615199811236 (0.0151016% change)
    iteration   11: trace = 0.3954443523083933 (0.00434127% change)
    iteration   12: trace = 0.395438634837893 (0.00144584% change)
    iteration   13: trace = 0.3954358358908411 (0.000707811% change)
    iteration   14: trace = 0.3954344540882977 (0.000349438% change)
    iteration   15: trace = 0.3954339427907093 (0.0001293% change)
    iteration   16: trace = 0.395433807825875 (3.41308e-05% change)
    iteration   17: trace = 0.3954337650298864 (1.08225e-05% change)
    iteration   18: trace = 0.3954337525741708 (3.14989e-06% change)
    iteration   19: trace = 0.3954337462143611 (1.60831e-06% change)
    iteration   20: trace = 0.3954337435058322 (6.84951e-07% change)
    iteration   21: trace = 0.395433742209139 (3.27917e-07% change)
    iteration   22: trace = 0.3954337419407923 (6.78614e-08% change)
    iteration   23: trace = 0.3954337418736988 (1.69671e-08% change)
    iteration   24: trace = 0.3954337418613628 (3.11962e-09% change)
Finished solving for bands 1 to 6 after 24 iterations.
tefreqs:, 1, -0.09, 0.14, 0, 0.143178, 0.0645118, 0.148926, 0.171614, 0.300821, 0.32257, 0.380917
elapsed time for k point: 2.01101016998291
total elapsed time for run: 2.0436315536499023
done
Initializing eigensolver data
Computing 6 bands with 1e-10 tolerance
Working in 2 dimensions.
Grid size is 288 x 96 x 1.
Solving for 6 bands at a time.
Creating Maxwell data...
Mesh size is 3.
Lattice vectors:
     (3, 0, 0)
     (0, 1, 0)
     (0, 0, 1)
Cell volume = 3
Reciprocal lattice vectors (/ 2 pi):
     (0.333333, -0, 0)
     (-0, 1, -0)
     (0, -0, 1)
Geometric objects:
     block, center = (0,0,0)
          size (1e+20,1e+20,1)
          axes (1,0,0), (0,1,0), (0,0,1)
     prism, center = (0.00836465,-1.38778e-17,0.5)
          height 1, axis (0,0,1), sidewall angle: 0 radians, 4 vertices:
          (0.258365,0.25,0)
          (-0.241635,0.25,0)
          (-0.241635,-0.25,0)
          (0.258365,-0.25,0)
     prism, center = (1.00759,-1.38778e-17,0.5)
          height 1, axis (0,0,1), sidewall angle: 0 radians, 4 vertices:
          (1.25759,0.25,0)
          (0.757586,0.25,0)
          (0.757586,-0.25,0)
          (1.25759,-0.25,0)
     prism, center = (2.01921,-1.38778e-17,0.5)
          height 1, axis (0,0,1), sidewall angle: 0 radians, 4 vertices:
          (2.26921,0.25,0)
          (1.76921,0.25,0)
          (1.76921,-0.25,0)
          (2.26921,-0.25,0)
Geometric object tree has depth 2 and 21 object nodes (vs. 4 actual objects)
Initializing epsilon function...
Allocating fields...
Solving for band polarization: te.
Initializing fields to random numbers...
1 k-points
  Vector3<-0.09, 0.14, 0.0>
elapsed time for initialization: 0.03294229507446289
solve_kpoint (-0.09,0.14,0):
tefreqs:, k index, k1, k2, k3, kmag/2pi, te band 1, te band 2, te band 3, te band 4, te band 5, te band 6
Solving for bands 1 to 6...
    near maximum in trace
    iteration    1: trace = 2.051705225621808 (199.716% change)
    iteration    2: trace = 0.5253343630211069 (118.459% change)
    iteration    3: trace = 0.4434599420807849 (16.9023% change)
    iteration    4: trace = 0.417207288632035 (6.10054% change)
    iteration    5: trace = 0.4089832260129184 (1.99084% change)
    iteration    6: trace = 0.402754449538214 (1.53468% change)
    iteration    7: trace = 0.3991849791344549 (0.890209% change)
    iteration    8: trace = 0.3963452664941822 (0.713917% change)
    iteration    9: trace = 0.3955883133681814 (0.191166% change)
    iteration   10: trace = 0.3952918487327623 (0.0749708% change)
    iteration   11: trace = 0.3952058015940942 (0.0217704% change)
    iteration   12: trace = 0.3951515082371633 (0.0137389% change)
    iteration   13: trace = 0.3951345041228779 (0.00430328% change)
    iteration   14: trace = 0.3951281296261209 (0.00161326% change)
    iteration   15: trace = 0.3951267752708519 (0.000342764% change)
    iteration   16: trace = 0.3951263506270138 (0.00010747% change)
    iteration   17: trace = 0.3951262482212389 (2.59172e-05% change)
    iteration   18: trace = 0.3951261984709392 (1.2591e-05% change)
    iteration   19: trace = 0.3951261781064567 (5.15392e-06% change)
    iteration   20: trace = 0.3951261688503958 (2.34256e-06% change)
    iteration   21: trace = 0.3951261664875503 (5.97998e-07% change)
    iteration   22: trace = 0.395126165919253 (1.43827e-07% change)
    iteration   23: trace = 0.3951261658095825 (2.77558e-08% change)
    iteration   24: trace = 0.395126165787067 (5.6983e-09% change)
Finished solving for bands 1 to 6 after 24 iterations.
tefreqs:, 1, -0.09, 0.14, 0, 0.143178, 0.0644707, 0.148899, 0.171591, 0.300749, 0.322494, 0.380661
elapsed time for k point: 2.594499349594116
total elapsed time for run: 2.627523183822632
done
Initializing eigensolver data
Computing 6 bands with 1e-10 tolerance
Working in 2 dimensions.
Grid size is 288 x 96 x 1.
Solving for 6 bands at a time.
Creating Maxwell data...
Mesh size is 3.
Lattice vectors:
     (3, 0, 0)
     (0, 1, 0)
     (0, 0, 1)
Cell volume = 3
Reciprocal lattice vectors (/ 2 pi):
     (0.333333, -0, 0)
     (-0, 1, -0)
     (0, -0, 1)
Geometric objects:
     block, center = (0,0,0)
          size (1e+20,1e+20,1)
          axes (1,0,0), (0,1,0), (0,0,1)
     prism, center = (0.0161909,-1.38778e-17,0.5)
          height 1, axis (0,0,1), sidewall angle: 0 radians, 4 vertices:
          (0.266191,0.25,0)
          (-0.233809,0.25,0)
          (-0.233809,-0.25,0)
          (0.266191,-0.25,0)
     prism, center = (1.01723,-1.38778e-17,0.5)
          height 1, axis (0,0,1), sidewall angle: 0 radians, 4 vertices:
          (1.26723,0.25,0)
          (0.767229,0.25,0)
          (0.767229,-0.25,0)
          (1.26723,-0.25,0)
     prism, center = (2.00174,-1.38778e-17,0.5)
          height 1, axis (0,0,1), sidewall angle: 0 radians, 4 vertices:
          (2.25174,0.25,0)
          (1.75174,0.25,0)
          (1.75174,-0.25,0)
          (2.25174,-0.25,0)
Geometric object tree has depth 2 and 21 object nodes (vs. 4 actual objects)
Initializing epsilon function...
Allocating fields...
Solving for band polarization: te.
Initializing fields to random numbers...
1 k-points
  Vector3<-0.09, 0.14, 0.0>
elapsed time for initialization: 0.032415151596069336
solve_kpoint (-0.09,0.14,0):
tefreqs:, k index, k1, k2, k3, kmag/2pi, te band 1, te band 2, te band 3, te band 4, te band 5, te band 6
Solving for bands 1 to 6...
    near maximum in trace
    iteration    1: trace = 2.278395919565296 (199.685% change)
    iteration    2: trace = 0.6174745621487653 (114.71% change)
    iteration    3: trace = 0.4466685827754248 (32.1021% change)
    iteration    4: trace = 0.4242242697916888 (5.15432% change)
    iteration    5: trace = 0.4132233443939785 (2.62725% change)
    iteration    6: trace = 0.4087226843697579 (1.09512% change)
    iteration    7: trace = 0.4029650881331129 (1.41867% change)
    iteration    8: trace = 0.3987398177592837 (1.05407% change)
    iteration    9: trace = 0.3963050827331158 (0.612477% change)
    iteration   10: trace = 0.3957053102793729 (0.151456% change)
    iteration   11: trace = 0.3954717984118682 (0.059029% change)
    iteration   12: trace = 0.395398925189458 (0.0184286% change)
    iteration   13: trace = 0.3953569227779365 (0.0106234% change)
    iteration   14: trace = 0.395343681846263 (0.00334916% change)
    iteration   15: trace = 0.3953378574834897 (0.00147325% change)
    iteration   16: trace = 0.3953364450319379 (0.000357278% change)
    iteration   17: trace = 0.3953359830405699 (0.00011686% change)
    iteration   18: trace = 0.3953358550975241 (3.23631e-05% change)
    iteration   19: trace = 0.3953357984912509 (1.43185e-05% change)
    iteration   20: trace = 0.3953357716868651 (6.78016e-06% change)
    iteration   21: trace = 0.3953357613156682 (2.62339e-06% change)
    iteration   22: trace = 0.3953357587208181 (6.56366e-07% change)
    iteration   23: trace = 0.395335758163554 (1.4096e-07% change)
    iteration   24: trace = 0.3953357579735251 (4.80677e-08% change)
    iteration   25: trace = 0.3953357578903787 (2.10319e-08% change)
    iteration   26: trace = 0.3953357578378374 (1.32903e-08% change)
    iteration   27: trace = 0.3953357578200291 (4.50459e-09% change)
Finished solving for bands 1 to 6 after 27 iterations.
tefreqs:, 1, -0.09, 0.14, 0, 0.143178, 0.0644994, 0.148914, 0.171616, 0.300732, 0.322583, 0.380852
elapsed time for k point: 2.443002462387085
total elapsed time for run: 2.475492238998413
done
Initializing eigensolver data
Computing 6 bands with 1e-10 tolerance
Working in 2 dimensions.
Grid size is 288 x 96 x 1.
Solving for 6 bands at a time.
Creating Maxwell data...
Mesh size is 3.
Lattice vectors:
     (3, 0, 0)
     (0, 1, 0)
     (0, 0, 1)
Cell volume = 3
Reciprocal lattice vectors (/ 2 pi):
     (0.333333, -0, 0)
     (-0, 1, -0)
     (0, -0, 1)
Geometric objects:
     block, center = (0,0,0)
          size (1e+20,1e+20,1)
          axes (1,0,0), (0,1,0), (0,0,1)
     prism, center = (0.00724661,-1.38778e-17,0.5)
          height 1, axis (0,0,1), sidewall angle: 0 radians, 4 vertices:
          (0.257247,0.25,0)
          (-0.242753,0.25,0)
          (-0.242753,-0.25,0)
          (0.257247,-0.25,0)
     prism, center = (1.00621,-1.38778e-17,0.5)
          height 1, axis (0,0,1), sidewall angle: 0 radians, 4 vertices:
          (1.25621,0.25,0)
          (0.756209,0.25,0)
          (0.756209,-0.25,0)
          (1.25621,-0.25,0)
     prism, center = (2.0217,-1.38778e-17,0.5)
          height 1, axis (0,0,1), sidewall angle: 0 radians, 4 vertices:
          (2.2717,0.25,0)
          (1.7717,0.25,0)
          (1.7717,-0.25,0)
          (2.2717,-0.25,0)
Geometric object tree has depth 2 and 21 object nodes (vs. 4 actual objects)
Initializing epsilon function...
Allocating fields...
Solving for band polarization: te.
Initializing fields to random numbers...
1 k-points
  Vector3<-0.09, 0.14, 0.0>
elapsed time for initialization: 0.0314638614654541
solve_kpoint (-0.09,0.14,0):
tefreqs:, k index, k1, k2, k3, kmag/2pi, te band 1, te band 2, te band 3, te band 4, te band 5, te band 6
Solving for bands 1 to 6...
    near maximum in trace
    iteration    1: trace = 1.970956161532566 (199.727% change)
    iteration    2: trace = 0.5705146560605282 (110.207% change)
    iteration    3: trace = 0.439596306646115 (25.9216% change)
    iteration    4: trace = 0.4256316057775997 (3.22798% change)
    iteration    5: trace = 0.4190030544068541 (1.56957% change)
    iteration    6: trace = 0.4162574492006921 (0.657425% change)
    iteration    7: trace = 0.4115962698260974 (1.12609% change)
    iteration    8: trace = 0.4044151601883954 (1.76005% change)
    iteration    9: trace = 0.3990500675660352 (1.33549% change)
    iteration   10: trace = 0.3969992019898343 (0.515261% change)
    iteration   11: trace = 0.3961074494836125 (0.224876% change)
    iteration   12: trace = 0.3956434862970907 (0.117199% change)
    iteration   13: trace = 0.3954251378515635 (0.0552034% change)
    iteration   14: trace = 0.3953641316207086 (0.0154292% change)
    iteration   15: trace = 0.3953475476518345 (0.00419469% change)
    iteration   16: trace = 0.3953434768671594 (0.00102968% change)
    iteration   17: trace = 0.3953420961067644 (0.000349257% change)
    iteration   18: trace = 0.3953413792204388 (0.000181333% change)
    iteration   19: trace = 0.3953410418030415 (8.53484e-05% change)
    iteration   20: trace = 0.3953409247637542 (2.96046e-05% change)
    iteration   21: trace = 0.3953408950429504 (7.51777e-06% change)
    iteration   22: trace = 0.3953408871549783 (1.99523e-06% change)
    iteration   23: trace = 0.3953408849954403 (5.46247e-07% change)
    iteration   24: trace = 0.3953408841635426 (2.10425e-07% change)
    iteration   25: trace = 0.3953408837281578 (1.10129e-07% change)
    iteration   26: trace = 0.3953408835334377 (4.92537e-08% change)
    iteration   27: trace = 0.3953408834753205 (1.47005e-08% change)
    iteration   28: trace = 0.3953408834601302 (3.84231e-09% change)
Finished solving for bands 1 to 6 after 28 iterations.
tefreqs:, 1, -0.09, 0.14, 0, 0.143178, 0.0645014, 0.148913, 0.171615, 0.300742, 0.322576, 0.380858
elapsed time for k point: 2.7641348838806152
total elapsed time for run: 2.795667886734009
done
Initializing eigensolver data
Computing 6 bands with 1e-10 tolerance
Working in 2 dimensions.
Grid size is 288 x 96 x 1.
Solving for 6 bands at a time.
Creating Maxwell data...
Mesh size is 3.
Lattice vectors:
     (3, 0, 0)
     (0, 1, 0)
     (0, 0, 1)
Cell volume = 3
Reciprocal lattice vectors (/ 2 pi):
     (0.333333, -0, 0)
     (-0, 1, -0)
     (0, -0, 1)
Geometric objects:
     block, center = (0,0,0)
          size (1e+20,1e+20,1)
          axes (1,0,0), (0,1,0), (0,0,1)
     prism, center = (0.018427,-1.38778e-17,0.5)
          height 1, axis (0,0,1), sidewall angle: 0 radians, 4 vertices:
          (0.268427,0.25,0)
          (-0.231573,0.25,0)
          (-0.231573,-0.25,0)
          (0.268427,-0.25,0)
     prism, center = (1.01998,-1.38778e-17,0.5)
          height 1, axis (0,0,1), sidewall angle: 0 radians, 4 vertices:
          (1.26998,0.25,0)
          (0.769984,0.25,0)
          (0.769984,-0.25,0)
          (1.26998,-0.25,0)
     prism, center = (1.99675,-1.38778e-17,0.5)
          height 1, axis (0,0,1), sidewall angle: 0 radians, 4 vertices:
          (2.24675,0.25,0)
          (1.74675,0.25,0)
          (1.74675,-0.25,0)
          (2.24675,-0.25,0)
Geometric object tree has depth 2 and 21 object nodes (vs. 4 actual objects)
Initializing epsilon function...
Allocating fields...
Solving for band polarization: te.
Initializing fields to random numbers...
1 k-points
  Vector3<-0.09, 0.14, 0.0>
elapsed time for initialization: 0.06353116035461426
solve_kpoint (-0.09,0.14,0):
tefreqs:, k index, k1, k2, k3, kmag/2pi, te band 1, te band 2, te band 3, te band 4, te band 5, te band 6
Solving for bands 1 to 6...
    near maximum in trace
    iteration    1: trace = 2.090956191213081 (199.712% change)
    iteration    2: trace = 0.6060469297383501 (110.116% change)
    iteration    3: trace = 0.4562061830584245 (28.2119% change)
    iteration    4: trace = 0.4304295078022062 (5.81449% change)
    iteration    5: trace = 0.4184529160035992 (2.82173% change)
    iteration    6: trace = 0.4140219286578319 (1.06453% change)
    iteration    7: trace = 0.408817084800515 (1.26509% change)
    iteration    8: trace = 0.4025097118504837 (1.55483% change)
    iteration    9: trace = 0.3979571810821384 (1.13747% change)
    iteration   10: trace = 0.3961633931682375 (0.451767% change)
    iteration   11: trace = 0.3955066891885093 (0.165903% change)
    iteration   12: trace = 0.3952698716708203 (0.0598949% change)
    iteration   13: trace = 0.3951462016949273 (0.0312924% change)
    iteration   14: trace = 0.3950986409571285 (0.012037% change)
    iteration   15: trace = 0.3950799317589796 (0.00473544% change)
    iteration   16: trace = 0.3950755866034676 (0.00109982% change)
    iteration   17: trace = 0.3950741718593619 (0.000358095% change)
    iteration   18: trace = 0.3950737330041134 (0.000111082% change)
    iteration   19: trace = 0.3950735432727732 (4.80243e-05% change)
    iteration   20: trace = 0.3950734626418189 (2.04091e-05% change)
    iteration   21: trace = 0.3950734324362181 (7.64557e-06% change)
    iteration   22: trace = 0.3950734244504577 (2.02134e-06% change)
    iteration   23: trace = 0.395073422543932 (4.82575e-07% change)
    iteration   24: trace = 0.3950734219128458 (1.59739e-07% change)
    iteration   25: trace = 0.3950734215813176 (8.39156e-08% change)
    iteration   26: trace = 0.3950734214020888 (4.5366e-08% change)
    iteration   27: trace = 0.3950734213458283 (1.42405e-08% change)
    iteration   28: trace = 0.3950734213301826 (3.9602e-09% change)
Finished solving for bands 1 to 6 after 28 iterations.
tefreqs:, 1, -0.09, 0.14, 0, 0.143178, 0.0644702, 0.14889, 0.171624, 0.300513, 0.322615, 0.380665
elapsed time for k point: 3.2681338787078857
total elapsed time for run: 3.331737756729126
done
Initializing eigensolver data
Computing 6 bands with 1e-10 tolerance
Working in 2 dimensions.
Grid size is 288 x 96 x 1.
Solving for 6 bands at a time.
Creating Maxwell data...
Mesh size is 3.
Lattice vectors:
     (3, 0, 0)
     (0, 1, 0)
     (0, 0, 1)
Cell volume = 3
Reciprocal lattice vectors (/ 2 pi):
     (0.333333, -0, 0)
     (-0, 1, -0)
     (0, -0, 1)
Geometric objects:
     block, center = (0,0,0)
          size (1e+20,1e+20,1)
          axes (1,0,0), (0,1,0), (0,0,1)
     prism, center = (0.00501055,-1.38778e-17,0.5)
          height 1, axis (0,0,1), sidewall angle: 0 radians, 4 vertices:
          (0.255011,0.25,0)
          (-0.244989,0.25,0)
          (-0.244989,-0.25,0)
          (0.255011,-0.25,0)
     prism, center = (1.00345,-1.38778e-17,0.5)
          height 1, axis (0,0,1), sidewall angle: 0 radians, 4 vertices:
          (1.25345,0.25,0)
          (0.753454,0.25,0)
          (0.753454,-0.25,0)
          (1.25345,-0.25,0)
     prism, center = (2.02669,-1.38778e-17,0.5)
          height 1, axis (0,0,1), sidewall angle: 0 radians, 4 vertices:
          (2.27669,0.25,0)
          (1.77669,0.25,0)
          (1.77669,-0.25,0)
          (2.27669,-0.25,0)
Geometric object tree has depth 2 and 21 object nodes (vs. 4 actual objects)
Initializing epsilon function...
Allocating fields...
Solving for band polarization: te.
Initializing fields to random numbers...
1 k-points
  Vector3<-0.09, 0.14, 0.0>
elapsed time for initialization: 0.031438350677490234
solve_kpoint (-0.09,0.14,0):
tefreqs:, k index, k1, k2, k3, kmag/2pi, te band 1, te band 2, te band 3, te band 4, te band 5, te band 6
Solving for bands 1 to 6...
    near maximum in trace
    iteration    1: trace = 1.848536877135534 (199.744% change)
    iteration    2: trace = 0.5641324946789117 (106.472% change)
    iteration    3: trace = 0.4165483922465875 (30.0983% change)
    iteration    4: trace = 0.4029099992311496 (3.32864% change)
    iteration    5: trace = 0.3969630225280655 (1.48698% change)
    iteration    6: trace = 0.396042373187228 (0.232192% change)
    iteration    7: trace = 0.3956136235266386 (0.108317% change)
    iteration    8: trace = 0.3954803517184801 (0.033693% change)
    iteration    9: trace = 0.3953856057727653 (0.0239601% change)
    iteration   10: trace = 0.395362097158192 (0.00594592% change)
    iteration   11: trace = 0.3953511628472563 (0.00276568% change)
    iteration   12: trace = 0.3953492161522388 (0.000492398% change)
    iteration   13: trace = 0.3953485029142682 (0.000180407% change)
    iteration   14: trace = 0.3953483124698829 (4.81713e-05% change)
    iteration   15: trace = 0.395348189238752 (3.11703e-05% change)
    iteration   16: trace = 0.3953481290290807 (1.52295e-05% change)
    iteration   17: trace = 0.3953481029952173 (6.58505e-06% change)
    iteration   18: trace = 0.3953480967142738 (1.58871e-06% change)
    iteration   19: trace = 0.3953480952752523 (3.63988e-07% change)
    iteration   20: trace = 0.395348094741393 (1.35035e-07% change)
    iteration   21: trace = 0.3953480944855879 (6.47038e-08% change)
    iteration   22: trace = 0.3953480943755577 (2.78312e-08% change)
    iteration   23: trace = 0.3953480943528731 (5.73789e-09% change)
Finished solving for bands 1 to 6 after 23 iterations.
tefreqs:, 1, -0.09, 0.14, 0, 0.143178, 0.0645052, 0.148913, 0.171649, 0.300564, 0.322712, 0.380877
elapsed time for k point: 1.740171194076538
total elapsed time for run: 1.7716801166534424
done
Initializing eigensolver data
Computing 6 bands with 1e-10 tolerance
Working in 2 dimensions.
Grid size is 288 x 96 x 1.
Solving for 6 bands at a time.
Creating Maxwell data...
Mesh size is 3.
Lattice vectors:
     (3, 0, 0)
     (0, 1, 0)
     (0, 0, 1)
Cell volume = 3
Reciprocal lattice vectors (/ 2 pi):
     (0.333333, -0, 0)
     (-0, 1, -0)
     (0, -0, 1)
Geometric objects:
     block, center = (0,0,0)
          size (1e+20,1e+20,1)
          axes (1,0,0), (0,1,0), (0,0,1)
     prism, center = (0.020663,-1.38778e-17,0.5)
          height 1, axis (0,0,1), sidewall angle: 0 radians, 4 vertices:
          (0.270663,0.25,0)
          (-0.229337,0.25,0)
          (-0.229337,-0.25,0)
          (0.270663,-0.25,0)
     prism, center = (1.02274,-1.38778e-17,0.5)
          height 1, axis (0,0,1), sidewall angle: 0 radians, 4 vertices:
          (1.27274,0.25,0)
          (0.772739,0.25,0)
          (0.772739,-0.25,0)
          (1.27274,-0.25,0)
     prism, center = (1.99175,-1.38778e-17,0.5)
          height 1, axis (0,0,1), sidewall angle: 0 radians, 4 vertices:
          (2.24175,0.25,0)
          (1.74175,0.25,0)
          (1.74175,-0.25,0)
          (2.24175,-0.25,0)
Geometric object tree has depth 2 and 21 object nodes (vs. 4 actual objects)
Initializing epsilon function...
Allocating fields...
Solving for band polarization: te.
Initializing fields to random numbers...
1 k-points
  Vector3<-0.09, 0.14, 0.0>
elapsed time for initialization: 0.03152585029602051
solve_kpoint (-0.09,0.14,0):
tefreqs:, k index, k1, k2, k3, kmag/2pi, te band 1, te band 2, te band 3, te band 4, te band 5, te band 6
Solving for bands 1 to 6...
    near maximum in trace
    iteration    1: trace = 2.154292414172526 (199.704% change)
    iteration    2: trace = 0.5883351665743697 (114.194% change)
    iteration    3: trace = 0.4310491035230223 (30.859% change)
    iteration    4: trace = 0.4118095266217447 (4.56532% change)
    iteration    5: trace = 0.4025442381185266 (2.27549% change)
    iteration    6: trace = 0.3993737060956905 (0.790737% change)
    iteration    7: trace = 0.3969408500373305 (0.611029% change)
    iteration    8: trace = 0.3958368549398467 (0.278513% change)
    iteration    9: trace = 0.3952914408575912 (0.137883% change)
    iteration   10: trace = 0.3951643996639909 (0.0321438% change)
    iteration   11: trace = 0.3951150718697574 (0.0124836% change)
    iteration   12: trace = 0.3950962241450303 (0.0047703% change)
    iteration   13: trace = 0.3950851622038775 (0.00279985% change)
    iteration   14: trace = 0.3950824383436559 (0.000689439% change)
    iteration   15: trace = 0.3950815903614675 (0.000214634% change)
    iteration   16: trace = 0.395081398385458 (4.85915e-05% change)
    iteration   17: trace = 0.3950813188160874 (2.014e-05% change)
    iteration   18: trace = 0.3950812882500152 (7.73665e-06% change)
    iteration   19: trace = 0.39508127308975 (3.83725e-06% change)
    iteration   20: trace = 0.3950812691561962 (9.95632e-07% change)
    iteration   21: trace = 0.3950812680930651 (2.69092e-07% change)
    iteration   22: trace = 0.3950812678778757 (5.44671e-08% change)
    iteration   23: trace = 0.3950812678003119 (1.96324e-08% change)
    iteration   24: trace = 0.3950812677658591 (8.72044e-09% change)
Finished solving for bands 1 to 6 after 24 iterations.
tefreqs:, 1, -0.09, 0.14, 0, 0.143178, 0.0644763, 0.148882, 0.171671, 0.300277, 0.322775, 0.380707
elapsed time for k point: 1.9839653968811035
total elapsed time for run: 2.0155673027038574
done
Initializing eigensolver data
Computing 6 bands with 1e-10 tolerance
Working in 2 dimensions.
Grid size is 288 x 96 x 1.
Solving for 6 bands at a time.
Creating Maxwell data...
Mesh size is 3.
Lattice vectors:
     (3, 0, 0)
     (0, 1, 0)
     (0, 0, 1)
Cell volume = 3
Reciprocal lattice vectors (/ 2 pi):
     (0.333333, -0, 0)
     (-0, 1, -0)
     (0, -0, 1)
Geometric objects:
     block, center = (0,0,0)
          size (1e+20,1e+20,1)
          axes (1,0,0), (0,1,0), (0,0,1)
     prism, center = (0.00277448,-1.38778e-17,0.5)
          height 1, axis (0,0,1), sidewall angle: 0 radians, 4 vertices:
          (0.252774,0.25,0)
          (-0.247226,0.25,0)
          (-0.247226,-0.25,0)
          (0.252774,-0.25,0)
     prism, center = (1.0007,-1.38778e-17,0.5)
          height 1, axis (0,0,1), sidewall angle: 0 radians, 4 vertices:
          (1.2507,0.25,0)
          (0.750699,0.25,0)
          (0.750699,-0.25,0)
          (1.2507,-0.25,0)
     prism, center = (2.03168,-1.38778e-17,0.5)
          height 1, axis (0,0,1), sidewall angle: 0 radians, 4 vertices:
          (2.28168,0.25,0)
          (1.78168,0.25,0)
          (1.78168,-0.25,0)
          (2.28168,-0.25,0)
Geometric object tree has depth 2 and 21 object nodes (vs. 4 actual objects)
Initializing epsilon function...
Allocating fields...
Solving for band polarization: te.
Initializing fields to random numbers...
1 k-points
  Vector3<-0.09, 0.14, 0.0>
elapsed time for initialization: 0.03256058692932129
solve_kpoint (-0.09,0.14,0):
tefreqs:, k index, k1, k2, k3, kmag/2pi, te band 1, te band 2, te band 3, te band 4, te band 5, te band 6
Solving for bands 1 to 6...
    near maximum in trace
    iteration    1: trace = 2.203122537171898 (199.695% change)
    iteration    2: trace = 0.6062629150272483 (113.68% change)
    iteration    3: trace = 0.4388129519796879 (32.0455% change)
    iteration    4: trace = 0.4113318989246182 (6.46503% change)
    iteration    5: trace = 0.400146282909865 (2.75685% change)
    iteration    6: trace = 0.3976862426880742 (0.616681% change)
    iteration    7: trace = 0.3962780651125724 (0.354721% change)
    iteration    8: trace = 0.3956122515432264 (0.168158% change)
    iteration    9: trace = 0.3952135587895445 (0.100829% change)
    iteration   10: trace = 0.3951167319628052 (0.0245029% change)
    iteration   11: trace = 0.3950833847868893 (0.00844019% change)
    iteration   12: trace = 0.3950757720517632 (0.00192689% change)
    iteration   13: trace = 0.3950714335740209 (0.00109814% change)
    iteration   14: trace = 0.3950694287840399 (0.000507451% change)
    iteration   15: trace = 0.3950684818221789 (0.000239695% change)
    iteration   16: trace = 0.3950682814366905 (5.07217e-05% change)
    iteration   17: trace = 0.3950682199171048 (1.55719e-05% change)
    iteration   18: trace = 0.395068209318722 (2.68267e-06% change)
    iteration   19: trace = 0.3950682062645691 (7.7307e-07% change)
    iteration   20: trace = 0.3950682053487292 (2.31818e-07% change)
    iteration   21: trace = 0.3950682048964738 (1.14475e-07% change)
    iteration   22: trace = 0.3950682047443453 (3.85069e-08% change)
    iteration   23: trace = 0.3950682046970062 (1.19825e-08% change)
    iteration   24: trace = 0.3950682046836933 (3.36977e-09% change)
Finished solving for bands 1 to 6 after 24 iterations.
tefreqs:, 1, -0.09, 0.14, 0, 0.143178, 0.0644741, 0.148883, 0.171665, 0.300274, 0.322779, 0.380691
elapsed time for k point: 2.1109719276428223
total elapsed time for run: 2.14361834526062
done
Initializing eigensolver data
Computing 6 bands with 1e-10 tolerance
Working in 2 dimensions.
Grid size is 288 x 96 x 1.
Solving for 6 bands at a time.
Creating Maxwell data...
Mesh size is 3.
Lattice vectors:
     (3, 0, 0)
     (0, 1, 0)
     (0, 0, 1)
Cell volume = 3
Reciprocal lattice vectors (/ 2 pi):
     (0.333333, -0, 0)
     (-0, 1, -0)
     (0, -0, 1)
Geometric objects:
     block, center = (0,0,0)
          size (1e+20,1e+20,1)
          axes (1,0,0), (0,1,0), (0,0,1)
     prism, center = (0.0167187,-1.38778e-17,0.5)
          height 1, axis (0,0,1), sidewall angle: 0 radians, 4 vertices:
          (0.266719,0.25,0)
          (-0.233281,0.25,0)
          (-0.233281,-0.25,0)
          (0.266719,-0.25,0)
     prism, center = (1.01672,-1.38778e-17,0.5)
          height 1, axis (0,0,1), sidewall angle: 0 radians, 4 vertices:
          (1.26672,0.25,0)
          (0.766719,0.25,0)
          (0.766719,-0.25,0)
          (1.26672,-0.25,0)
     prism, center = (2.01672,-1.38778e-17,0.5)
          height 1, axis (0,0,1), sidewall angle: 0 radians, 4 vertices:
          (2.26672,0.25,0)
          (1.76672,0.25,0)
          (1.76672,-0.25,0)
          (2.26672,-0.25,0)
Geometric object tree has depth 2 and 21 object nodes (vs. 4 actual objects)
Initializing epsilon function...
Allocating fields...
Solving for band polarization: te.
Initializing fields to random numbers...
1 k-points
  Vector3<-0.09, 0.14, 0.0>
elapsed time for initialization: 0.031516313552856445
solve_kpoint (-0.09,0.14,0):
tefreqs:, k index, k1, k2, k3, kmag/2pi, te band 1, te band 2, te band 3, te band 4, te band 5, te band 6
Solving for bands 1 to 6...
    near maximum in trace
    iteration    1: trace = 2.037973915713702 (199.719% change)
    iteration    2: trace = 0.5745462481205721 (112.032% change)
    iteration    3: trace = 0.4340169822926331 (27.8672% change)
    iteration    4: trace = 0.4168256278522103 (4.04102% change)
    iteration    5: trace = 0.4074185350470806 (2.2826% change)
    iteration    6: trace = 0.4031782516226019 (1.04621% change)
    iteration    7: trace = 0.3990933872927828 (1.01832% change)
    iteration    8: trace = 0.3970080568343011 (0.523886% change)
    iteration    9: trace = 0.3958276345669511 (0.297772% change)
    iteration   10: trace = 0.3955680675802661 (0.0655973% change)
    iteration   11: trace = 0.3954661241586311 (0.0257747% change)
    iteration   12: trace = 0.3954349976420135 (0.00787115% change)
    iteration   13: trace = 0.3954184126040319 (0.00419421% change)
    iteration   14: trace = 0.395413617952356 (0.00121256% change)
    iteration   15: trace = 0.3954117468773327 (0.000473196% change)
    iteration   16: trace = 0.3954113497183943 (0.000100442% change)
    iteration   17: trace = 0.3954112214219639 (3.24463e-05% change)
    iteration   18: trace = 0.3954111853505539 (9.12251e-06% change)
    iteration   19: trace = 0.3954111657618287 (4.95401e-06% change)
    iteration   20: trace = 0.3954111570689756 (2.19843e-06% change)
    iteration   21: trace = 0.3954111534433301 (9.16931e-07% change)
    iteration   22: trace = 0.3954111526312657 (2.05372e-07% change)
    iteration   23: trace = 0.3954111524380681 (4.88599e-08% change)
    iteration   24: trace = 0.3954111523847536 (1.34833e-08% change)
    iteration   25: trace = 0.3954111523655554 (4.85526e-09% change)
Finished solving for bands 1 to 6 after 25 iterations.
tefreqs:, 1, -0.09, 0.14, 0, 0.143178, 0.0645077, 0.148922, 0.171596, 0.300888, 0.322509, 0.380895
elapsed time for k point: 2.068455934524536
total elapsed time for run: 2.1000473499298096
done
Initializing eigensolver data
Computing 6 bands with 1e-10 tolerance
Working in 2 dimensions.
Grid size is 288 x 96 x 1.
Solving for 6 bands at a time.
Creating Maxwell data...
Mesh size is 3.
Lattice vectors:
     (3, 0, 0)
     (0, 1, 0)
     (0, 0, 1)
Cell volume = 3
Reciprocal lattice vectors (/ 2 pi):
     (0.333333, -0, 0)
     (-0, 1, -0)
     (0, -0, 1)
Geometric objects:
     block, center = (0,0,0)
          size (1e+20,1e+20,1)
          axes (1,0,0), (0,1,0), (0,0,1)
     prism, center = (0.00671875,-1.38778e-17,0.5)
          height 1, axis (0,0,1), sidewall angle: 0 radians, 4 vertices:
          (0.256719,0.25,0)
          (-0.243281,0.25,0)
          (-0.243281,-0.25,0)
          (0.256719,-0.25,0)
     prism, center = (1.00672,-1.38778e-17,0.5)
          height 1, axis (0,0,1), sidewall angle: 0 radians, 4 vertices:
          (1.25672,0.25,0)
          (0.756719,0.25,0)
          (0.756719,-0.25,0)
          (1.25672,-0.25,0)
     prism, center = (2.00672,-1.38778e-17,0.5)
          height 1, axis (0,0,1), sidewall angle: 0 radians, 4 vertices:
          (2.25672,0.25,0)
          (1.75672,0.25,0)
          (1.75672,-0.25,0)
          (2.25672,-0.25,0)
Geometric object tree has depth 2 and 21 object nodes (vs. 4 actual objects)
Initializing epsilon function...
Allocating fields...
Solving for band polarization: te.
Initializing fields to random numbers...
1 k-points
  Vector3<-0.09, 0.14, 0.0>
elapsed time for initialization: 0.03209209442138672
solve_kpoint (-0.09,0.14,0):
tefreqs:, k index, k1, k2, k3, kmag/2pi, te band 1, te band 2, te band 3, te band 4, te band 5, te band 6
Solving for bands 1 to 6...
    near maximum in trace
    iteration    1: trace = 2.319324779729383 (199.681% change)
    iteration    2: trace = 0.6085059095047248 (116.866% change)
    iteration    3: trace = 0.4354058965696757 (33.1637% change)
    iteration    4: trace = 0.4133366785582308 (5.20045% change)
    iteration    5: trace = 0.4036233242912646 (2.37793% change)
    iteration    6: trace = 0.4001690123642923 (0.859504% change)
    iteration    7: trace = 0.3974235575005104 (0.688435% change)
    iteration    8: trace = 0.3962136547141348 (0.304901% change)
    iteration    9: trace = 0.3956001779736955 (0.154955% change)
    iteration   10: trace = 0.395464999926435 (0.0341762% change)
    iteration   11: trace = 0.3954090073294674 (0.0141597% change)
    iteration   12: trace = 0.3953918552719606 (0.0043379% change)
    iteration   13: trace = 0.3953815314789878 (0.00261106% change)
    iteration   14: trace = 0.3953786281609743 (0.000734311% change)
    iteration   15: trace = 0.3953776206425627 (0.000254824% change)
    iteration   16: trace = 0.3953774255074324 (4.93541e-05% change)
    iteration   17: trace = 0.3953773626750765 (1.58917e-05% change)
    iteration   18: trace = 0.3953773467446579 (4.02917e-06% change)
    iteration   19: trace = 0.395377338645234 (2.04853e-06% change)
    iteration   20: trace = 0.3953773350240526 (9.1588e-07% change)
    iteration   21: trace = 0.3953773334937422 (3.87051e-07% change)
    iteration   22: trace = 0.3953773331152153 (9.57381e-08% change)
    iteration   23: trace = 0.3953773330215094 (2.37004e-08% change)
    iteration   24: trace = 0.3953773329969112 (6.22145e-09% change)
Finished solving for bands 1 to 6 after 24 iterations.
tefreqs:, 1, -0.09, 0.14, 0, 0.143178, 0.0645035, 0.148919, 0.171593, 0.300878, 0.3225, 0.38087
elapsed time for k point: 1.9717645645141602
total elapsed time for run: 2.003936767578125
done
Initializing eigensolver data
Computing 6 bands with 1e-10 tolerance
Working in 2 dimensions.
Grid size is 288 x 96 x 1.
Solving for 6 bands at a time.
Creating Maxwell data...
Mesh size is 3.
Lattice vectors:
     (3, 0, 0)
     (0, 1, 0)
     (0, 0, 1)
Cell volume = 3
Reciprocal lattice vectors (/ 2 pi):
     (0.333333, -0, 0)
     (-0, 1, -0)
     (0, -0, 1)
Geometric objects:
     block, center = (0,0,0)
          size (1e+20,1e+20,1)
          axes (1,0,0), (0,1,0), (0,0,1)
     prism, center = (0.0192187,-1.38778e-17,0.5)
          height 1, axis (0,0,1), sidewall angle: 0 radians, 4 vertices:
          (0.269219,0.25,0)
          (-0.230781,0.25,0)
          (-0.230781,-0.25,0)
          (0.269219,-0.25,0)
     prism, center = (1.01922,-1.38778e-17,0.5)
          height 1, axis (0,0,1), sidewall angle: 0 radians, 4 vertices:
          (1.26922,0.25,0)
          (0.769219,0.25,0)
          (0.769219,-0.25,0)
          (1.26922,-0.25,0)
     prism, center = (2.01922,-1.38778e-17,0.5)
          height 1, axis (0,0,1), sidewall angle: 0 radians, 4 vertices:
          (2.26922,0.25,0)
          (1.76922,0.25,0)
          (1.76922,-0.25,0)
          (2.26922,-0.25,0)
Geometric object tree has depth 2 and 21 object nodes (vs. 4 actual objects)
Initializing epsilon function...
Allocating fields...
Solving for band polarization: te.
Initializing fields to random numbers...
1 k-points
  Vector3<-0.09, 0.14, 0.0>
elapsed time for initialization: 0.031893253326416016
solve_kpoint (-0.09,0.14,0):
tefreqs:, k index, k1, k2, k3, kmag/2pi, te band 1, te band 2, te band 3, te band 4, te band 5, te band 6
Solving for bands 1 to 6...
    near maximum in trace
    iteration    1: trace = 1.805360902894705 (199.75% change)
    iteration    2: trace = 0.4775610102264548 (116.325% change)
    iteration    3: trace = 0.4213121036601923 (12.5154% change)
    iteration    4: trace = 0.4044621335633497 (4.08101% change)
    iteration    5: trace = 0.3999824803803671 (1.11373% change)
    iteration    6: trace = 0.3974937737290188 (0.624146% change)
    iteration    7: trace = 0.3963911800489504 (0.277772% change)
    iteration    8: trace = 0.3956625061282552 (0.183996% change)
    iteration    9: trace = 0.3954711424736427 (0.0483771% change)
    iteration   10: trace = 0.3953986724813414 (0.0183267% change)
    iteration   11: trace = 0.3953805184831488 (0.00459142% change)
    iteration   12: trace = 0.3953714896647887 (0.0022836% change)
    iteration   13: trace = 0.39536820110513 (0.000831768% change)
    iteration   14: trace = 0.3953667640244745 (0.00036348% change)
    iteration   15: trace = 0.3953664543262073 (7.83319e-05% change)
    iteration   16: trace = 0.3953663740871124 (2.02949e-05% change)
    iteration   17: trace = 0.395366357093202 (4.29827e-06% change)
    iteration   18: trace = 0.3953663530043908 (1.03418e-06% change)
    iteration   19: trace = 0.395366351858591 (2.89807e-07% change)
    iteration   20: trace = 0.3953663512548422 (1.52706e-07% change)
    iteration   21: trace = 0.3953663509179416 (8.52122e-08% change)
    iteration   22: trace = 0.3953663508046559 (2.86534e-08% change)
    iteration   23: trace = 0.3953663507764464 (7.13504e-09% change)
Finished solving for bands 1 to 6 after 23 iterations.
tefreqs:, 1, -0.09, 0.14, 0, 0.143178, 0.0645023, 0.148917, 0.171591, 0.30087, 0.322494, 0.380869
elapsed time for k point: 2.584289312362671
total elapsed time for run: 2.6162710189819336
done
Initializing eigensolver data
Computing 6 bands with 1e-10 tolerance
Working in 2 dimensions.
Grid size is 288 x 96 x 1.
Solving for 6 bands at a time.
Creating Maxwell data...
Mesh size is 3.
Lattice vectors:
     (3, 0, 0)
     (0, 1, 0)
     (0, 0, 1)
Cell volume = 3
Reciprocal lattice vectors (/ 2 pi):
     (0.333333, -0, 0)
     (-0, 1, -0)
     (0, -0, 1)
Geometric objects:
     block, center = (0,0,0)
          size (1e+20,1e+20,1)
          axes (1,0,0), (0,1,0), (0,0,1)
     prism, center = (0.00421875,-1.38778e-17,0.5)
          height 1, axis (0,0,1), sidewall angle: 0 radians, 4 vertices:
          (0.254219,0.25,0)
          (-0.245781,0.25,0)
          (-0.245781,-0.25,0)
          (0.254219,-0.25,0)
     prism, center = (1.00422,-1.38778e-17,0.5)
          height 1, axis (0,0,1), sidewall angle: 0 radians, 4 vertices:
          (1.25422,0.25,0)
          (0.754219,0.25,0)
          (0.754219,-0.25,0)
          (1.25422,-0.25,0)
     prism, center = (2.00422,-1.38778e-17,0.5)
          height 1, axis (0,0,1), sidewall angle: 0 radians, 4 vertices:
          (2.25422,0.25,0)
          (1.75422,0.25,0)
          (1.75422,-0.25,0)
          (2.25422,-0.25,0)
Geometric object tree has depth 2 and 21 object nodes (vs. 4 actual objects)
Initializing epsilon function...
Allocating fields...
Solving for band polarization: te.
Initializing fields to random numbers...
1 k-points
  Vector3<-0.09, 0.14, 0.0>
elapsed time for initialization: 0.03156232833862305
solve_kpoint (-0.09,0.14,0):
tefreqs:, k index, k1, k2, k3, kmag/2pi, te band 1, te band 2, te band 3, te band 4, te band 5, te band 6
Solving for bands 1 to 6...
    near maximum in trace
    iteration    1: trace = 2.204124745119766 (199.696% change)
    iteration    2: trace = 0.5288375648651349 (122.599% change)
    iteration    3: trace = 0.448693483655708 (16.3972% change)
    iteration    4: trace = 0.423503102276843 (5.77631% change)
    iteration    5: trace = 0.4151978590679671 (1.9805% change)
    iteration    6: trace = 0.4101252368854377 (1.22925% change)
    iteration    7: trace = 0.4059769258385807 (1.01662% change)
    iteration    8: trace = 0.3993631280218228 (1.64249% change)
    iteration    9: trace = 0.3967308865366896 (0.661289% change)
    iteration   10: trace = 0.3956959029943691 (0.261219% change)
    iteration   11: trace = 0.3954979713046936 (0.0500337% change)
    iteration   12: trace = 0.3954109035571943 (0.0220171% change)
    iteration   13: trace = 0.3953790779845499 (0.00804906% change)
    iteration   14: trace = 0.3953639703613825 (0.00382112% change)
    iteration   15: trace = 0.3953594348845511 (0.00114717% change)
    iteration   16: trace = 0.3953580840171013 (0.000341681% change)
    iteration   17: trace = 0.395357744797774 (8.58006e-05% change)
    iteration   18: trace = 0.3953576406312614 (2.63474e-05% change)
    iteration   19: trace = 0.3953575946197434 (1.16379e-05% change)
    iteration   20: trace = 0.3953575734292661 (5.35983e-06% change)
    iteration   21: trace = 0.3953575643259903 (2.30254e-06% change)
    iteration   22: trace = 0.3953575616271752 (6.82626e-07% change)
    iteration   23: trace = 0.3953575609029388 (1.83185e-07% change)
    iteration   24: trace = 0.3953575607553306 (3.73354e-08% change)
    iteration   25: trace = 0.3953575607004009 (1.38937e-08% change)
    iteration   26: trace = 0.3953575606744674 (6.55951e-09% change)
Finished solving for bands 1 to 6 after 26 iterations.
tefreqs:, 1, -0.09, 0.14, 0, 0.143178, 0.064499, 0.148921, 0.171595, 0.300883, 0.322503, 0.380836
elapsed time for k point: 2.1881842613220215
total elapsed time for run: 2.219820737838745
done
Initializing eigensolver data
Computing 6 bands with 1e-10 tolerance
Working in 2 dimensions.
Grid size is 288 x 96 x 1.
Solving for 6 bands at a time.
Creating Maxwell data...
Mesh size is 3.
Lattice vectors:
     (3, 0, 0)
     (0, 1, 0)
     (0, 0, 1)
Cell volume = 3
Reciprocal lattice vectors (/ 2 pi):
     (0.333333, -0, 0)
     (-0, 1, -0)
     (0, -0, 1)
Geometric objects:
     block, center = (0,0,0)
          size (1e+20,1e+20,1)
          axes (1,0,0), (0,1,0), (0,0,1)
     prism, center = (0.0217187,-1.38778e-17,0.5)
          height 1, axis (0,0,1), sidewall angle: 0 radians, 4 vertices:
          (0.271719,0.25,0)
          (-0.228281,0.25,0)
          (-0.228281,-0.25,0)
          (0.271719,-0.25,0)
     prism, center = (1.02172,-1.38778e-17,0.5)
          height 1, axis (0,0,1), sidewall angle: 0 radians, 4 vertices:
          (1.27172,0.25,0)
          (0.771719,0.25,0)
          (0.771719,-0.25,0)
          (1.27172,-0.25,0)
     prism, center = (2.02172,-1.38778e-17,0.5)
          height 1, axis (0,0,1), sidewall angle: 0 radians, 4 vertices:
          (2.27172,0.25,0)
          (1.77172,0.25,0)
          (1.77172,-0.25,0)
          (2.27172,-0.25,0)
Geometric object tree has depth 2 and 21 object nodes (vs. 4 actual objects)
Initializing epsilon function...
Allocating fields...
Solving for band polarization: te.
Initializing fields to random numbers...
1 k-points
  Vector3<-0.09, 0.14, 0.0>
elapsed time for initialization: 0.031697988510131836
solve_kpoint (-0.09,0.14,0):
tefreqs:, k index, k1, k2, k3, kmag/2pi, te band 1, te band 2, te band 3, te band 4, te band 5, te band 6
Solving for bands 1 to 6...
    near maximum in trace
    iteration    1: trace = 2.057288692848454 (199.715% change)
    iteration    2: trace = 0.5466583372215794 (116.026% change)
    iteration    3: trace = 0.4551921211910581 (18.2595% change)
    iteration    4: trace = 0.4182108936019498 (8.46831% change)
    iteration    5: trace = 0.4080275729063004 (2.46498% change)
    iteration    6: trace = 0.40196659164312 (1.49655% change)
    iteration    7: trace = 0.3987147696895301 (0.812264% change)
    iteration    8: trace = 0.3962224814587789 (0.62704% change)
    iteration    9: trace = 0.3955006484898672 (0.182345% change)
    iteration   10: trace = 0.3951971562637513 (0.0767657% change)
    iteration   11: trace = 0.3951234887928945 (0.0186424% change)
    iteration   12: trace = 0.3950827776885953 (0.0103039% change)
    iteration   13: trace = 0.395068590405474 (0.00359103% change)
    iteration   14: trace = 0.3950628783436268 (0.00144585% change)
    iteration   15: trace = 0.3950617729812146 (0.000279794% change)
    iteration   16: trace = 0.395061446024921 (8.27608e-05% change)
    iteration   17: trace = 0.3950613700682122 (1.92266e-05% change)
    iteration   18: trace = 0.3950613378183818 (8.16325e-06% change)
    iteration   19: trace = 0.3950613257183582 (3.06282e-06% change)
    iteration   20: trace = 0.3950613194527929 (1.58597e-06% change)
    iteration   21: trace = 0.3950613175053062 (4.92958e-07% change)
    iteration   22: trace = 0.3950613169532696 (1.39734e-07% change)
    iteration   23: trace = 0.3950613168453301 (2.73222e-08% change)
    iteration   24: trace = 0.3950613168207809 (6.21402e-09% change)
Finished solving for bands 1 to 6 after 24 iterations.
tefreqs:, 1, -0.09, 0.14, 0, 0.143178, 0.0644631, 0.148896, 0.171568, 0.300805, 0.322419, 0.380609
elapsed time for k point: 2.384312152862549
total elapsed time for run: 2.416085720062256
done
Initializing eigensolver data
Computing 6 bands with 1e-10 tolerance
Working in 2 dimensions.
Grid size is 288 x 96 x 1.
Solving for 6 bands at a time.
Creating Maxwell data...
Mesh size is 3.
Lattice vectors:
     (3, 0, 0)
     (0, 1, 0)
     (0, 0, 1)
Cell volume = 3
Reciprocal lattice vectors (/ 2 pi):
     (0.333333, -0, 0)
     (-0, 1, -0)
     (0, -0, 1)
Geometric objects:
     block, center = (0,0,0)
          size (1e+20,1e+20,1)
          axes (1,0,0), (0,1,0), (0,0,1)
     prism, center = (0.00171875,-1.38778e-17,0.5)
          height 1, axis (0,0,1), sidewall angle: 0 radians, 4 vertices:
          (0.251719,0.25,0)
          (-0.248281,0.25,0)
          (-0.248281,-0.25,0)
          (0.251719,-0.25,0)
     prism, center = (1.00172,-1.38778e-17,0.5)
          height 1, axis (0,0,1), sidewall angle: 0 radians, 4 vertices:
          (1.25172,0.25,0)
          (0.751719,0.25,0)
          (0.751719,-0.25,0)
          (1.25172,-0.25,0)
     prism, center = (2.00172,-1.38778e-17,0.5)
          height 1, axis (0,0,1), sidewall angle: 0 radians, 4 vertices:
          (2.25172,0.25,0)
          (1.75172,0.25,0)
          (1.75172,-0.25,0)
          (2.25172,-0.25,0)
Geometric object tree has depth 2 and 21 object nodes (vs. 4 actual objects)
Initializing epsilon function...
Allocating fields...
Solving for band polarization: te.
Initializing fields to random numbers...
1 k-points
  Vector3<-0.09, 0.14, 0.0>
elapsed time for initialization: 0.03314805030822754
solve_kpoint (-0.09,0.14,0):
tefreqs:, k index, k1, k2, k3, kmag/2pi, te band 1, te band 2, te band 3, te band 4, te band 5, te band 6
Solving for bands 1 to 6...
    near maximum in trace
    iteration    1: trace = 2.113647591762651 (199.708% change)
    iteration    2: trace = 0.5928845743334786 (112.377% change)
    iteration    3: trace = 0.4294636306307051 (31.9697% change)
    iteration    4: trace = 0.4127226643199882 (3.9756% change)
    iteration    5: trace = 0.4043911879449865 (2.03924% change)
    iteration    6: trace = 0.4009751210071049 (0.848326% change)
    iteration    7: trace = 0.3975312635184741 (0.862575% change)
    iteration    8: trace = 0.3961395227990619 (0.35071% change)
    iteration    9: trace = 0.3955555623077281 (0.147522% change)
    iteration   10: trace = 0.3954361935451578 (0.030182% change)
    iteration   11: trace = 0.3953893890527314 (0.0118369% change)
    iteration   12: trace = 0.3953752914592858 (0.00356556% change)
    iteration   13: trace = 0.3953670755977247 (0.00207801% change)
    iteration   14: trace = 0.3953643808533036 (0.000681583% change)
    iteration   15: trace = 0.3953635175835605 (0.000218348% change)
    iteration   16: trace = 0.3953633157259646 (5.10562e-05% change)
    iteration   17: trace = 0.3953632476768653 (1.72118e-05% change)
    iteration   18: trace = 0.395363228102991 (4.95086e-06% change)
    iteration   19: trace = 0.3953632186539499 (2.38996e-06% change)
    iteration   20: trace = 0.3953632146746971 (1.00648e-06% change)
    iteration   21: trace = 0.3953632134475313 (3.10389e-07% change)
    iteration   22: trace = 0.3953632131902948 (6.50633e-08% change)
    iteration   23: trace = 0.3953632131293676 (1.54105e-08% change)
    iteration   24: trace = 0.3953632131095098 (5.02265e-09% change)
Finished solving for bands 1 to 6 after 24 iterations.
tefreqs:, 1, -0.09, 0.14, 0, 0.143178, 0.0645019, 0.148916, 0.17159, 0.300869, 0.322493, 0.380867
elapsed time for k point: 2.2704198360443115
total elapsed time for run: 2.303706407546997
done
Initializing eigensolver data
Computing 6 bands with 1e-10 tolerance
Working in 2 dimensions.
Grid size is 288 x 96 x 1.
Solving for 6 bands at a time.
Creating Maxwell data...
Mesh size is 3.
Lattice vectors:
     (3, 0, 0)
     (0, 1, 0)
     (0, 0, 1)
Cell volume = 3
Reciprocal lattice vectors (/ 2 pi):
     (0.333333, -0, 0)
     (-0, 1, -0)
     (0, -0, 1)
Geometric objects:
     block, center = (0,0,0)
          size (1e+20,1e+20,1)
          axes (1,0,0), (0,1,0), (0,0,1)
     prism, center = (0.0267187,-1.38778e-17,0.5)
          height 1, axis (0,0,1), sidewall angle: 0 radians, 4 vertices:
          (0.276719,0.25,0)
          (-0.223281,0.25,0)
          (-0.223281,-0.25,0)
          (0.276719,-0.25,0)
     prism, center = (1.02672,-1.38778e-17,0.5)
          height 1, axis (0,0,1), sidewall angle: 0 radians, 4 vertices:
          (1.27672,0.25,0)
          (0.776719,0.25,0)
          (0.776719,-0.25,0)
          (1.27672,-0.25,0)
     prism, center = (2.02672,-1.38778e-17,0.5)
          height 1, axis (0,0,1), sidewall angle: 0 radians, 4 vertices:
          (2.27672,0.25,0)
          (1.77672,0.25,0)
          (1.77672,-0.25,0)
          (2.27672,-0.25,0)
Geometric object tree has depth 2 and 21 object nodes (vs. 4 actual objects)
Initializing epsilon function...
Allocating fields...
Solving for band polarization: te.
Initializing fields to random numbers...
1 k-points
  Vector3<-0.09, 0.14, 0.0>
elapsed time for initialization: 0.06974291801452637
solve_kpoint (-0.09,0.14,0):
tefreqs:, k index, k1, k2, k3, kmag/2pi, te band 1, te band 2, te band 3, te band 4, te band 5, te band 6
Solving for bands 1 to 6...
    near maximum in trace
    iteration    1: trace = 2.018246938516556 (199.721% change)
    iteration    2: trace = 0.5100930193114679 (119.3% change)
    iteration    3: trace = 0.4474112844396615 (13.0927% change)
    iteration    4: trace = 0.4278630427221704 (4.46677% change)
    iteration    5: trace = 0.420862592914097 (1.64964% change)
    iteration    6: trace = 0.4145209879206961 (1.51825% change)
    iteration    7: trace = 0.4075054232447861 (1.7069% change)
    iteration    8: trace = 0.3997280358969366 (1.92692% change)
    iteration    9: trace = 0.3970317858537073 (0.676804% change)
    iteration   10: trace = 0.395958405221132 (0.270717% change)
    iteration   11: trace = 0.395660318687037 (0.0753106% change)
    iteration   12: trace = 0.3955450752209473 (0.0291311% change)
    iteration   13: trace = 0.3954983748439692 (0.0118073% change)
    iteration   14: trace = 0.3954775660677746 (0.00526154% change)
    iteration   15: trace = 0.3954697821141709 (0.00196826% change)
    iteration   16: trace = 0.3954676540772707 (0.000538105% change)
    iteration   17: trace = 0.3954669310347371 (0.000182832% change)
    iteration   18: trace = 0.3954666634704485 (6.76578e-05% change)
    iteration   19: trace = 0.3954665228102212 (3.55682e-05% change)
    iteration   20: trace = 0.3954664616955951 (1.54538e-05% change)
    iteration   21: trace = 0.3954664384948143 (5.86669e-06% change)
    iteration   22: trace = 0.3954664341927233 (1.08785e-06% change)
    iteration   23: trace = 0.3954664330976425 (2.76909e-07% change)
    iteration   24: trace = 0.3954664328969262 (5.07543e-08% change)
    iteration   25: trace = 0.3954664328353182 (1.55786e-08% change)
    iteration   26: trace = 0.3954664328133588 (5.55278e-09% change)
Finished solving for bands 1 to 6 after 26 iterations.
tefreqs:, 1, -0.09, 0.14, 0, 0.143178, 0.064515, 0.148928, 0.171601, 0.300903, 0.322524, 0.380937
elapsed time for k point: 2.4172868728637695
total elapsed time for run: 2.487139940261841
done
Initializing eigensolver data
Computing 6 bands with 1e-10 tolerance
Working in 2 dimensions.
Grid size is 288 x 96 x 1.
Solving for 6 bands at a time.
Creating Maxwell data...
Mesh size is 3.
Lattice vectors:
     (3, 0, 0)
     (0, 1, 0)
     (0, 0, 1)
Cell volume = 3
Reciprocal lattice vectors (/ 2 pi):
     (0.333333, -0, 0)
     (-0, 1, -0)
     (0, -0, 1)
Geometric objects:
     block, center = (0,0,0)
          size (1e+20,1e+20,1)
          axes (1,0,0), (0,1,0), (0,0,1)
     prism, center = (-0.00328125,-1.38778e-17,0.5)
          height 1, axis (0,0,1), sidewall angle: 0 radians, 4 vertices:
          (0.246719,0.25,0)
          (-0.253281,0.25,0)
          (-0.253281,-0.25,0)
          (0.246719,-0.25,0)
     prism, center = (0.996719,-1.38778e-17,0.5)
          height 1, axis (0,0,1), sidewall angle: 0 radians, 4 vertices:
          (1.24672,0.25,0)
          (0.746719,0.25,0)
          (0.746719,-0.25,0)
          (1.24672,-0.25,0)
     prism, center = (1.99672,-1.38778e-17,0.5)
          height 1, axis (0,0,1), sidewall angle: 0 radians, 4 vertices:
          (2.24672,0.25,0)
          (1.74672,0.25,0)
          (1.74672,-0.25,0)
          (2.24672,-0.25,0)
Geometric object tree has depth 2 and 21 object nodes (vs. 4 actual objects)
Initializing epsilon function...
Allocating fields...
Solving for band polarization: te.
Initializing fields to random numbers...
1 k-points
  Vector3<-0.09, 0.14, 0.0>
elapsed time for initialization: 0.03403115272521973
solve_kpoint (-0.09,0.14,0):
tefreqs:, k index, k1, k2, k3, kmag/2pi, te band 1, te band 2, te band 3, te band 4, te band 5, te band 6
Solving for bands 1 to 6...
    near maximum in trace
    iteration    1: trace = 2.382710466704824 (199.67% change)
    iteration    2: trace = 0.573655291644855 (122.384% change)
    iteration    3: trace = 0.4726151932206234 (19.3143% change)
    iteration    4: trace = 0.425288262538664 (10.5417% change)
    iteration    5: trace = 0.4081633765537473 (4.10939% change)
    iteration    6: trace = 0.4003026463451021 (1.9446% change)
    iteration    7: trace = 0.397925908390468 (0.595503% change)
    iteration    8: trace = 0.3963391626469782 (0.399551% change)
    iteration    9: trace = 0.3957358936174092 (0.152326% change)
    iteration   10: trace = 0.3954655528866399 (0.0683368% change)
    iteration   11: trace = 0.3953994291343496 (0.0167219% change)
    iteration   12: trace = 0.3953738312230689 (0.00647415% change)
    iteration   13: trace = 0.3953656822769318 (0.00206109% change)
    iteration   14: trace = 0.3953608890477269 (0.00121236% change)
    iteration   15: trace = 0.3953591429838407 (0.000441639% change)
    iteration   16: trace = 0.3953584912383671 (0.000164849% change)
    iteration   17: trace = 0.3953583365619329 (3.91231e-05% change)
    iteration   18: trace = 0.3953582974587159 (9.89058e-06% change)
    iteration   19: trace = 0.3953582866264025 (2.73987e-06% change)
    iteration   20: trace = 0.3953582817021244 (1.24552e-06% change)
    iteration   21: trace = 0.3953582792195978 (6.27918e-07% change)
    iteration   22: trace = 0.3953582783116943 (2.29641e-07% change)
    iteration   23: trace = 0.3953582780667778 (6.1948e-08% change)
    iteration   24: trace = 0.395358278019563 (1.19423e-08% change)
    iteration   25: trace = 0.3953582780080078 (2.92273e-09% change)
Finished solving for bands 1 to 6 after 25 iterations.
tefreqs:, 1, -0.09, 0.14, 0, 0.143178, 0.0645011, 0.148917, 0.171591, 0.300872, 0.322494, 0.380857
elapsed time for k point: 2.1648218631744385
total elapsed time for run: 2.198934316635132
done
Initializing eigensolver data
Computing 6 bands with 1e-10 tolerance
Working in 2 dimensions.
Grid size is 288 x 96 x 1.
Solving for 6 bands at a time.
Creating Maxwell data...
Mesh size is 3.
Lattice vectors:
     (3, 0, 0)
     (0, 1, 0)
     (0, 0, 1)
Cell volume = 3
Reciprocal lattice vectors (/ 2 pi):
     (0.333333, -0, 0)
     (-0, 1, -0)
     (0, -0, 1)
Geometric objects:
     block, center = (0,0,0)
          size (1e+20,1e+20,1)
          axes (1,0,0), (0,1,0), (0,0,1)
     prism, center = (0.0317187,-1.38778e-17,0.5)
          height 1, axis (0,0,1), sidewall angle: 0 radians, 4 vertices:
          (0.281719,0.25,0)
          (-0.218281,0.25,0)
          (-0.218281,-0.25,0)
          (0.281719,-0.25,0)
     prism, center = (1.03172,-1.38778e-17,0.5)
          height 1, axis (0,0,1), sidewall angle: 0 radians, 4 vertices:
          (1.28172,0.25,0)
          (0.781719,0.25,0)
          (0.781719,-0.25,0)
          (1.28172,-0.25,0)
     prism, center = (2.03172,-1.38778e-17,0.5)
          height 1, axis (0,0,1), sidewall angle: 0 radians, 4 vertices:
          (2.28172,0.25,0)
          (1.78172,0.25,0)
          (1.78172,-0.25,0)
          (2.28172,-0.25,0)
Geometric object tree has depth 2 and 21 object nodes (vs. 4 actual objects)
Initializing epsilon function...
Allocating fields...
Solving for band polarization: te.
Initializing fields to random numbers...
1 k-points
  Vector3<-0.09, 0.14, 0.0>
elapsed time for initialization: 0.05997753143310547
solve_kpoint (-0.09,0.14,0):
tefreqs:, k index, k1, k2, k3, kmag/2pi, te band 1, te band 2, te band 3, te band 4, te band 5, te band 6
Solving for bands 1 to 6...
    near maximum in trace
    iteration    1: trace = 1.789032393971697 (199.754% change)
    iteration    2: trace = 0.5078067899079866 (111.564% change)
    iteration    3: trace = 0.4360242815449824 (15.2109% change)
    iteration    4: trace = 0.4104106979387903 (6.05211% change)
    iteration    5: trace = 0.4031531081686498 (1.78415% change)
    iteration    6: trace = 0.3991796414284498 (0.990479% change)
    iteration    7: trace = 0.3973305170790837 (0.464307% change)
    iteration    8: trace = 0.3959448473982802 (0.349354% change)
    iteration    9: trace = 0.3955447461539107 (0.101101% change)
    iteration   10: trace = 0.3953911286296194 (0.0388445% change)
    iteration   11: trace = 0.3953623296508505 (0.00728393% change)
    iteration   12: trace = 0.3953527997933098 (0.00241044% change)
    iteration   13: trace = 0.3953492646709749 (0.000894173% change)
    iteration   14: trace = 0.3953472425831234 (0.00051147% change)
    iteration   15: trace = 0.3953464904054646 (0.000190258% change)
    iteration   16: trace = 0.395346219085573 (6.86284e-05% change)
    iteration   17: trace = 0.3953461638665342 (1.39673e-05% change)
    iteration   18: trace = 0.395346150223493 (3.45091e-06% change)
    iteration   19: trace = 0.395346147096565 (7.90934e-07% change)
    iteration   20: trace = 0.3953461460089264 (2.7511e-07% change)
    iteration   21: trace = 0.3953461454827842 (1.33084e-07% change)
    iteration   22: trace = 0.3953461452695652 (5.39322e-08% change)
    iteration   23: trace = 0.3953461452057035 (1.61534e-08% change)
    iteration   24: trace = 0.3953461451934292 (3.1047e-09% change)
Finished solving for bands 1 to 6 after 24 iterations.
tefreqs:, 1, -0.09, 0.14, 0, 0.143178, 0.0644949, 0.148915, 0.17159, 0.300875, 0.322499, 0.380836
elapsed time for k point: 1.9552814960479736
total elapsed time for run: 2.015343189239502
done
Initializing eigensolver data
Computing 6 bands with 1e-10 tolerance
Working in 2 dimensions.
Grid size is 288 x 96 x 1.
Solving for 6 bands at a time.
Creating Maxwell data...
Mesh size is 3.
Lattice vectors:
     (3, 0, 0)
     (0, 1, 0)
     (0, 0, 1)
Cell volume = 3
Reciprocal lattice vectors (/ 2 pi):
     (0.333333, -0, 0)
     (-0, 1, -0)
     (0, -0, 1)
Geometric objects:
     block, center = (0,0,0)
          size (1e+20,1e+20,1)
          axes (1,0,0), (0,1,0), (0,0,1)
     prism, center = (-0.00828125,-1.38778e-17,0.5)
          height 1, axis (0,0,1), sidewall angle: 0 radians, 4 vertices:
          (0.241719,0.25,0)
          (-0.258281,0.25,0)
          (-0.258281,-0.25,0)
          (0.241719,-0.25,0)
     prism, center = (0.991719,-1.38778e-17,0.5)
          height 1, axis (0,0,1), sidewall angle: 0 radians, 4 vertices:
          (1.24172,0.25,0)
          (0.741719,0.25,0)
          (0.741719,-0.25,0)
          (1.24172,-0.25,0)
     prism, center = (1.99172,-1.38778e-17,0.5)
          height 1, axis (0,0,1), sidewall angle: 0 radians, 4 vertices:
          (2.24172,0.25,0)
          (1.74172,0.25,0)
          (1.74172,-0.25,0)
          (2.24172,-0.25,0)
Geometric object tree has depth 2 and 21 object nodes (vs. 4 actual objects)
Initializing epsilon function...
Allocating fields...
Solving for band polarization: te.
Initializing fields to random numbers...
1 k-points
  Vector3<-0.09, 0.14, 0.0>
elapsed time for initialization: 0.03211092948913574
solve_kpoint (-0.09,0.14,0):
tefreqs:, k index, k1, k2, k3, kmag/2pi, te band 1, te band 2, te band 3, te band 4, te band 5, te band 6
Solving for bands 1 to 6...
    near maximum in trace
    iteration    1: trace = 2.150640408952825 (199.701% change)
    iteration    2: trace = 0.5099711215992602 (123.33% change)
    iteration    3: trace = 0.4332343064056643 (16.2715% change)
    iteration    4: trace = 0.409219094875603 (5.70126% change)
    iteration    5: trace = 0.4025410952026495 (1.64531% change)
    iteration    6: trace = 0.3985534931554864 (0.995538% change)
    iteration    7: trace = 0.3969775425640349 (0.396201% change)
    iteration    8: trace = 0.3957368143756054 (0.313033% change)
    iteration    9: trace = 0.3953336639488396 (0.101925% change)
    iteration   10: trace = 0.3951739648038389 (0.0404042% change)
    iteration   11: trace = 0.3951481694426129 (0.00652781% change)
    iteration   12: trace = 0.3951393989796304 (0.00221956% change)
    iteration   13: trace = 0.3951366667193623 (0.00069147% change)
    iteration   14: trace = 0.3951350705577833 (0.000403953% change)
    iteration   15: trace = 0.3951344903810163 (0.00014683% change)
    iteration   16: trace = 0.3951342461489897 (6.18099e-05% change)
    iteration   17: trace = 0.3951341994341708 (1.18225e-05% change)
    iteration   18: trace = 0.3951341878559756 (2.93019e-06% change)
    iteration   19: trace = 0.3951341857293239 (5.3821e-07% change)
    iteration   20: trace = 0.3951341849531288 (1.96438e-07% change)
    iteration   21: trace = 0.3951341845918821 (9.14238e-08% change)
    iteration   22: trace = 0.3951341844486026 (3.6261e-08% change)
    iteration   23: trace = 0.3951341844118154 (9.31006e-09% change)
Finished solving for bands 1 to 6 after 23 iterations.
tefreqs:, 1, -0.09, 0.14, 0, 0.143178, 0.0644702, 0.148901, 0.171578, 0.300827, 0.322446, 0.380656
elapsed time for k point: 2.003620147705078
total elapsed time for run: 2.0358214378356934
done
Initializing eigensolver data
Computing 6 bands with 1e-10 tolerance
Working in 2 dimensions.
Grid size is 288 x 96 x 1.
Solving for 6 bands at a time.
Creating Maxwell data...
Mesh size is 3.
Lattice vectors:
     (3, 0, 0)
     (0, 1, 0)
     (0, 0, 1)
Cell volume = 3
Reciprocal lattice vectors (/ 2 pi):
     (0.333333, -0, 0)
     (-0, 1, -0)
     (0, -0, 1)
Geometric objects:
     block, center = (0,0,0)
          size (1e+20,1e+20,1)
          axes (1,0,0), (0,1,0), (0,0,1)
     prism, center = (0.0245313,0,0.5)
          height 1, axis (0,0,1), sidewall angle: 0 radians, 4 vertices:
          (-0.225469,-0.25,0)
          (-0.225469,0.25,0)
          (0.274531,0.25,0)
          (0.274531,-0.25,0)
     prism, center = (1.01453,0,0.5)
          height 1, axis (0,0,1), sidewall angle: 0 radians, 4 vertices:
          (0.764531,-0.25,0)
          (0.764531,0.25,0)
          (1.26453,0.25,0)
          (1.26453,-0.25,0)
     prism, center = (2.01953,0,0.5)
          height 1, axis (0,0,1), sidewall angle: 0 radians, 4 vertices:
          (1.76953,-0.25,0)
          (1.76953,0.25,0)
          (2.26953,0.25,0)
          (2.26953,-0.25,0)
Geometric object tree has depth 2 and 21 object nodes (vs. 4 actual objects)
Initializing epsilon function...
Allocating fields...
Solving for band polarization: te.
Initializing fields to random numbers...
1 k-points
  Vector3<-0.09, 0.14, 0.0>
elapsed time for initialization: 0.040221214294433594
solve_kpoint (-0.09,0.14,0):
tefreqs:, k index, k1, k2, k3, kmag/2pi, te band 1, te band 2, te band 3, te band 4, te band 5, te band 6
Solving for bands 1 to 6...
    near maximum in trace
    iteration    1: trace = 2.029344696727643 (199.721% change)
    iteration    2: trace = 0.494479996982882 (121.63% change)
    iteration    3: trace = 0.4286914122449039 (14.2527% change)
    iteration    4: trace = 0.4072460350440288 (5.13086% change)
    iteration    5: trace = 0.4016992324895772 (1.37137% change)
    iteration    6: trace = 0.3985062163282821 (0.798049% change)
    iteration    7: trace = 0.3974265628007267 (0.271293% change)
    iteration    8: trace = 0.3966900236281979 (0.185499% change)
    iteration    9: trace = 0.3965009450058745 (0.0476754% change)
    iteration   10: trace = 0.3964206113688874 (0.0202627% change)
    iteration   11: trace = 0.3964023271055064 (0.00461245% change)
    iteration   12: trace = 0.3963929939348771 (0.0023545% change)
    iteration   13: trace = 0.396389466738544 (0.000889827% change)
    iteration   14: trace = 0.3963874799823883 (0.000501214% change)
    iteration   15: trace = 0.3963870283826933 (0.000113929% change)
    iteration   16: trace = 0.3963868791469748 (3.7649e-05% change)
    iteration   17: trace = 0.3963868433217116 (9.03795e-06% change)
    iteration   18: trace = 0.3963868279908377 (3.86765e-06% change)
    iteration   19: trace = 0.3963868221014831 (1.48576e-06% change)
    iteration   20: trace = 0.3963868189936943 (7.84029e-07% change)
    iteration   21: trace = 0.3963868180217296 (2.45206e-07% change)
    iteration   22: trace = 0.3963868177972985 (5.66192e-08% change)
    iteration   23: trace = 0.3963868177542771 (1.08534e-08% change)
    iteration   24: trace = 0.3963868177469387 (1.85132e-09% change)
Finished solving for bands 1 to 6 after 24 iterations.
tefreqs:, 1, -0.09, 0.14, 0, 0.143178, 0.0645136, 0.149078, 0.171771, 0.301466, 0.323146, 0.381038
elapsed time for k point: 2.445098876953125
total elapsed time for run: 2.4854087829589844
done
Initializing eigensolver data
Computing 6 bands with 1e-10 tolerance
Working in 2 dimensions.
Grid size is 288 x 96 x 1.
Solving for 6 bands at a time.
Creating Maxwell data...
Mesh size is 3.
Lattice vectors:
     (3, 0, 0)
     (0, 1, 0)
     (0, 0, 1)
Cell volume = 3
Reciprocal lattice vectors (/ 2 pi):
     (0.333333, -0, 0)
     (-0, 1, -0)
     (0, -0, 1)
Geometric objects:
     block, center = (0,0,0)
          size (1e+20,1e+20,1)
          axes (1,0,0), (0,1,0), (0,0,1)
     prism, center = (1.02453,0,0.5)
          height 1, axis (0,0,1), sidewall angle: 0 radians, 4 vertices:
          (0.774531,-0.25,0)
          (0.774531,0.25,0)
          (1.27453,0.25,0)
          (1.27453,-0.25,0)
     prism, center = (2.01953,0,0.5)
          height 1, axis (0,0,1), sidewall angle: 0 radians, 4 vertices:
          (1.76953,-0.25,0)
          (1.76953,0.25,0)
          (2.26953,0.25,0)
          (2.26953,-0.25,0)
     prism, center = (3.01453,0,0.5)
          height 1, axis (0,0,1), sidewall angle: 0 radians, 4 vertices:
          (2.76453,-0.25,0)
          (2.76453,0.25,0)
          (3.26453,0.25,0)
          (3.26453,-0.25,0)
Geometric object tree has depth 2 and 21 object nodes (vs. 4 actual objects)
Initializing epsilon function...
Allocating fields...
Solving for band polarization: te.
Initializing fields to random numbers...
1 k-points
  Vector3<-0.09, 0.14, 0.0>
elapsed time for initialization: 0.032649993896484375
solve_kpoint (-0.09,0.14,0):
tefreqs:, k index, k1, k2, k3, kmag/2pi, te band 1, te band 2, te band 3, te band 4, te band 5, te band 6
Solving for bands 1 to 6...
    near maximum in trace
    iteration    1: trace = 2.115452509935713 (199.709% change)
    iteration    2: trace = 0.5417830179679886 (118.444% change)
    iteration    3: trace = 0.4381564953932284 (21.1496% change)
    iteration    4: trace = 0.4071428513395709 (7.33791% change)
    iteration    5: trace = 0.3998010173684644 (1.81966% change)
    iteration    6: trace = 0.3975626398623904 (0.561445% change)
    iteration    7: trace = 0.3969255196650893 (0.160385% change)
    iteration    8: trace = 0.396585275518438 (0.0857567% change)
    iteration    9: trace = 0.3964504611934286 (0.0339996% change)
    iteration   10: trace = 0.3964029126170839 (0.0119943% change)
    iteration   11: trace = 0.3963928080643108 (0.00254909% change)
    iteration   12: trace = 0.3963900553262658 (0.000694449% change)
    iteration   13: trace = 0.3963890863914531 (0.00024444% change)
    iteration   14: trace = 0.3963885708433335 (0.000130061% change)
    iteration   15: trace = 0.3963883277478704 (6.13276e-05% change)
    iteration   16: trace = 0.3963882529218458 (1.8877e-05% change)
    iteration   17: trace = 0.3963882320596183 (5.26308e-06% change)
    iteration   18: trace = 0.3963882265330227 (1.39424e-06% change)
    iteration   19: trace = 0.3963882242297214 (5.81072e-07% change)
    iteration   20: trace = 0.3963882232306472 (2.52044e-07% change)
    iteration   21: trace = 0.3963882226809995 (1.38664e-07% change)
    iteration   22: trace = 0.3963882225155917 (4.17287e-08% change)
    iteration   23: trace = 0.3963882224628434 (1.33072e-08% change)
    iteration   24: trace = 0.3963882224541446 (2.19452e-09% change)
Finished solving for bands 1 to 6 after 24 iterations.
tefreqs:, 1, -0.09, 0.14, 0, 0.143178, 0.0645136, 0.149078, 0.17177, 0.301466, 0.323146, 0.38104
elapsed time for k point: 2.666508674621582
total elapsed time for run: 2.6992411613464355
done
Initializing eigensolver data
Computing 6 bands with 1e-10 tolerance
Working in 2 dimensions.
Grid size is 288 x 96 x 1.
Solving for 6 bands at a time.
Creating Maxwell data...
Mesh size is 3.
Lattice vectors:
     (3, 0, 0)
     (0, 1, 0)
     (0, 0, 1)
Cell volume = 3
Reciprocal lattice vectors (/ 2 pi):
     (0.333333, -0, 0)
     (-0, 1, -0)
     (0, -0, 1)
Geometric objects:
     block, center = (0,0,0)
          size (1e+20,1e+20,1)
          axes (1,0,0), (0,1,0), (0,0,1)
     prism, center = (0.0270313,0,0.5)
          height 1, axis (0,0,1), sidewall angle: 0 radians, 4 vertices:
          (-0.222969,-0.25,0)
          (-0.222969,0.25,0)
          (0.277031,0.25,0)
          (0.277031,-0.25,0)
     prism, center = (1.01203,0,0.5)
          height 1, axis (0,0,1), sidewall angle: 0 radians, 4 vertices:
          (0.762031,-0.25,0)
          (0.762031,0.25,0)
          (1.26203,0.25,0)
          (1.26203,-0.25,0)
     prism, center = (2.01953,0,0.5)
          height 1, axis (0,0,1), sidewall angle: 0 radians, 4 vertices:
          (1.76953,-0.25,0)
          (1.76953,0.25,0)
          (2.26953,0.25,0)
          (2.26953,-0.25,0)
Geometric object tree has depth 2 and 21 object nodes (vs. 4 actual objects)
Initializing epsilon function...
Allocating fields...
Solving for band polarization: te.
Initializing fields to random numbers...
1 k-points
  Vector3<-0.09, 0.14, 0.0>
elapsed time for initialization: 0.04396247863769531
solve_kpoint (-0.09,0.14,0):
tefreqs:, k index, k1, k2, k3, kmag/2pi, te band 1, te band 2, te band 3, te band 4, te band 5, te band 6
Solving for bands 1 to 6...
    near maximum in trace
    iteration    1: trace = 2.686357978848246 (199.63% change)
    iteration    2: trace = 0.5724997578537568 (129.73% change)
    iteration    3: trace = 0.4575590637441548 (22.3173% change)
    iteration    4: trace = 0.4189385081341319 (8.81247% change)
    iteration    5: trace = 0.4060869519883296 (3.11543% change)
    iteration    6: trace = 0.4008180518533045 (1.30595% change)
    iteration    7: trace = 0.3987951786804632 (0.505963% change)
    iteration    8: trace = 0.3974551232705332 (0.336591% change)
    iteration    9: trace = 0.396781076538481 (0.169735% change)
    iteration   10: trace = 0.3964943487865513 (0.0722896% change)
    iteration   11: trace = 0.3964162806669358 (0.0196915% change)
    iteration   12: trace = 0.3963897475370474 (0.00669347% change)
    iteration   13: trace = 0.3963792623205846 (0.00264521% change)
    iteration   14: trace = 0.3963747605260878 (0.00113574% change)
    iteration   15: trace = 0.3963731761800429 (0.00039971% change)
    iteration   16: trace = 0.3963727480938575 (0.000108001% change)
    iteration   17: trace = 0.3963726322572731 (2.92242e-05% change)
    iteration   18: trace = 0.3963726081300033 (6.08702e-06% change)
    iteration   19: trace = 0.3963726010133515 (1.79544e-06% change)
    iteration   20: trace = 0.3963725986463872 (5.97156e-07% change)
    iteration   21: trace = 0.396372597212223 (3.61822e-07% change)
    iteration   22: trace = 0.3963725966368807 (1.45152e-07% change)
    iteration   23: trace = 0.396372596441913 (4.9188e-08% change)
    iteration   24: trace = 0.3963725963997262 (1.06432e-08% change)
    iteration   25: trace = 0.3963725963883635 (2.86668e-09% change)
Finished solving for bands 1 to 6 after 25 iterations.
tefreqs:, 1, -0.09, 0.14, 0, 0.143178, 0.0645107, 0.149077, 0.171781, 0.30141, 0.323184, 0.381028
elapsed time for k point: 3.8620493412017822
total elapsed time for run: 3.906101703643799
done
Initializing eigensolver data
Computing 6 bands with 1e-10 tolerance
Working in 2 dimensions.
Grid size is 288 x 96 x 1.
Solving for 6 bands at a time.
Creating Maxwell data...
Mesh size is 3.
Lattice vectors:
     (3, 0, 0)
     (0, 1, 0)
     (0, 0, 1)
Cell volume = 3
Reciprocal lattice vectors (/ 2 pi):
     (0.333333, -0, 0)
     (-0, 1, -0)
     (0, -0, 1)
Geometric objects:
     block, center = (0,0,0)
          size (1e+20,1e+20,1)
          axes (1,0,0), (0,1,0), (0,0,1)
     prism, center = (1.02703,0,0.5)
          height 1, axis (0,0,1), sidewall angle: 0 radians, 4 vertices:
          (0.777031,-0.25,0)
          (0.777031,0.25,0)
          (1.27703,0.25,0)
          (1.27703,-0.25,0)
     prism, center = (2.01953,0,0.5)
          height 1, axis (0,0,1), sidewall angle: 0 radians, 4 vertices:
          (1.76953,-0.25,0)
          (1.76953,0.25,0)
          (2.26953,0.25,0)
          (2.26953,-0.25,0)
     prism, center = (3.01203,0,0.5)
          height 1, axis (0,0,1), sidewall angle: 0 radians, 4 vertices:
          (2.76203,-0.25,0)
          (2.76203,0.25,0)
          (3.26203,0.25,0)
          (3.26203,-0.25,0)
Geometric object tree has depth 2 and 21 object nodes (vs. 4 actual objects)
Initializing epsilon function...
Allocating fields...
Solving for band polarization: te.
Initializing fields to random numbers...
1 k-points
  Vector3<-0.09, 0.14, 0.0>
elapsed time for initialization: 0.07633233070373535
solve_kpoint (-0.09,0.14,0):
tefreqs:, k index, k1, k2, k3, kmag/2pi, te band 1, te band 2, te band 3, te band 4, te band 5, te band 6
Solving for bands 1 to 6...
    near maximum in trace
    iteration    1: trace = 2.102315428003605 (199.71% change)
    iteration    2: trace = 0.5380692262673907 (118.486% change)
    iteration    3: trace = 0.4575700018294856 (16.1704% change)
    iteration    4: trace = 0.4282420910733734 (6.6217% change)
    iteration    5: trace = 0.4203482594774213 (1.86046% change)
    iteration    6: trace = 0.4157742969784579 (1.09409% change)
    iteration    7: trace = 0.410501527665401 (1.27627% change)
    iteration    8: trace = 0.4024626690618838 (1.97767% change)
    iteration    9: trace = 0.3987979423077955 (0.91474% change)
    iteration   10: trace = 0.3970771480904993 (0.432428% change)
    iteration   11: trace = 0.3967192085507997 (0.0901842% change)
    iteration   12: trace = 0.396522392667134 (0.0496232% change)
    iteration   13: trace = 0.396438251283171 (0.0212221% change)
    iteration   14: trace = 0.3963902198096844 (0.0121165% change)
    iteration   15: trace = 0.3963793147591117 (0.00275113% change)
    iteration   16: trace = 0.3963756529104258 (0.000923829% change)
    iteration   17: trace = 0.3963748344685841 (0.000206482% change)
    iteration   18: trace = 0.3963745324456256 (7.61963e-05% change)
    iteration   19: trace = 0.3963744229329618 (2.76286e-05% change)
    iteration   20: trace = 0.3963743705342337 (1.32195e-05% change)
    iteration   21: trace = 0.3963743544764963 (4.05115e-06% change)
    iteration   22: trace = 0.3963743505273583 (9.96315e-07% change)
    iteration   23: trace = 0.3963743496243253 (2.27823e-07% change)
    iteration   24: trace = 0.3963743494046 (5.54338e-08% change)
    iteration   25: trace = 0.3963743493213019 (2.1015e-08% change)
    iteration   26: trace = 0.3963743492800537 (1.04064e-08% change)
    iteration   27: trace = 0.3963743492555354 (6.18565e-09% change)
Finished solving for bands 1 to 6 after 27 iterations.
tefreqs:, 1, -0.09, 0.14, 0, 0.143178, 0.0645107, 0.149077, 0.171781, 0.301405, 0.323191, 0.381028
elapsed time for k point: 10.08708906173706
total elapsed time for run: 10.163550615310669
done
Initializing eigensolver data
Computing 6 bands with 1e-10 tolerance
Working in 2 dimensions.
Grid size is 288 x 96 x 1.
Solving for 6 bands at a time.
Creating Maxwell data...
Mesh size is 3.
Lattice vectors:
     (3, 0, 0)
     (0, 1, 0)
     (0, 0, 1)
Cell volume = 3
Reciprocal lattice vectors (/ 2 pi):
     (0.333333, -0, 0)
     (-0, 1, -0)
     (0, -0, 1)
Geometric objects:
     block, center = (0,0,0)
          size (1e+20,1e+20,1)
          axes (1,0,0), (0,1,0), (0,0,1)
     prism, center = (0.0295313,0,0.5)
          height 1, axis (0,0,1), sidewall angle: 0 radians, 4 vertices:
          (-0.220469,-0.25,0)
          (-0.220469,0.25,0)
          (0.279531,0.25,0)
          (0.279531,-0.25,0)
     prism, center = (1.00953,0,0.5)
          height 1, axis (0,0,1), sidewall angle: 0 radians, 4 vertices:
          (0.759531,-0.25,0)
          (0.759531,0.25,0)
          (1.25953,0.25,0)
          (1.25953,-0.25,0)
     prism, center = (2.01953,0,0.5)
          height 1, axis (0,0,1), sidewall angle: 0 radians, 4 vertices:
          (1.76953,-0.25,0)
          (1.76953,0.25,0)
          (2.26953,0.25,0)
          (2.26953,-0.25,0)
Geometric object tree has depth 2 and 21 object nodes (vs. 4 actual objects)
Initializing epsilon function...
Allocating fields...
Solving for band polarization: te.
Initializing fields to random numbers...
1 k-points
  Vector3<-0.09, 0.14, 0.0>
elapsed time for initialization: 0.08480501174926758
solve_kpoint (-0.09,0.14,0):
tefreqs:, k index, k1, k2, k3, kmag/2pi, te band 1, te band 2, te band 3, te band 4, te band 5, te band 6
Solving for bands 1 to 6...
    near maximum in trace
    iteration    1: trace = 2.140008980235599 (199.705% change)
    iteration    2: trace = 0.5384800611189643 (119.585% change)
    iteration    3: trace = 0.449108384966765 (18.099% change)
    iteration    4: trace = 0.4155493713424857 (7.76238% change)
    iteration    5: trace = 0.4056766275670725 (2.40439% change)
    iteration    6: trace = 0.4003284544066481 (1.32708% change)
    iteration    7: trace = 0.3985568903552985 (0.443509% change)
    iteration    8: trace = 0.3972637343803713 (0.324987% change)
    iteration    9: trace = 0.396686771294368 (0.14534% change)
    iteration   10: trace = 0.3963794163558039 (0.0775105% change)
    iteration   11: trace = 0.3963199318968483 (0.0150081% change)
    iteration   12: trace = 0.3963037057326383 (0.00409429% change)
    iteration   13: trace = 0.3962997839202813 (0.000989603% change)
    iteration   14: trace = 0.3962976110865484 (0.000548282% change)
    iteration   15: trace = 0.3962967249981476 (0.000223592% change)
    iteration   16: trace = 0.3962963492461915 (9.48159e-05% change)
    iteration   17: trace = 0.3962962544888459 (2.39107e-05% change)
    iteration   18: trace = 0.3962962296356669 (6.27136e-06% change)
    iteration   19: trace = 0.3962962240818583 (1.40143e-06% change)
    iteration   20: trace = 0.3962962219562454 (5.3637e-07% change)
    iteration   21: trace = 0.3962962208892963 (2.6923e-07% change)
    iteration   22: trace = 0.3962962204774104 (1.03934e-07% change)
    iteration   23: trace = 0.396296220356157 (3.05967e-08% change)
    iteration   24: trace = 0.3962962203281803 (7.05952e-09% change)
Finished solving for bands 1 to 6 after 24 iterations.
tefreqs:, 1, -0.09, 0.14, 0, 0.143178, 0.0645001, 0.149069, 0.171792, 0.301325, 0.323213, 0.38097
elapsed time for k point: 7.767958879470825
total elapsed time for run: 7.852880001068115
done
Initializing eigensolver data
Computing 6 bands with 1e-10 tolerance
Working in 2 dimensions.
Grid size is 288 x 96 x 1.
Solving for 6 bands at a time.
Creating Maxwell data...
Mesh size is 3.
Lattice vectors:
     (3, 0, 0)
     (0, 1, 0)
     (0, 0, 1)
Cell volume = 3
Reciprocal lattice vectors (/ 2 pi):
     (0.333333, -0, 0)
     (-0, 1, -0)
     (0, -0, 1)
Geometric objects:
     block, center = (0,0,0)
          size (1e+20,1e+20,1)
          axes (1,0,0), (0,1,0), (0,0,1)
     prism, center = (1.02953,0,0.5)
          height 1, axis (0,0,1), sidewall angle: 0 radians, 4 vertices:
          (0.779531,-0.25,0)
          (0.779531,0.25,0)
          (1.27953,0.25,0)
          (1.27953,-0.25,0)
     prism, center = (2.01953,0,0.5)
          height 1, axis (0,0,1), sidewall angle: 0 radians, 4 vertices:
          (1.76953,-0.25,0)
          (1.76953,0.25,0)
          (2.26953,0.25,0)
          (2.26953,-0.25,0)
     prism, center = (3.00953,0,0.5)
          height 1, axis (0,0,1), sidewall angle: 0 radians, 4 vertices:
          (2.75953,-0.25,0)
          (2.75953,0.25,0)
          (3.25953,0.25,0)
          (3.25953,-0.25,0)
Geometric object tree has depth 2 and 21 object nodes (vs. 4 actual objects)
Initializing epsilon function...
Allocating fields...
Solving for band polarization: te.
Initializing fields to random numbers...
1 k-points
  Vector3<-0.09, 0.14, 0.0>
elapsed time for initialization: 0.05685091018676758
solve_kpoint (-0.09,0.14,0):
tefreqs:, k index, k1, k2, k3, kmag/2pi, te band 1, te band 2, te band 3, te band 4, te band 5, te band 6
Solving for bands 1 to 6...
    near maximum in trace
    iteration    1: trace = 2.544886689749436 (199.649% change)
    iteration    2: trace = 0.7317250258318382 (110.673% change)
    iteration    3: trace = 0.4545900264848129 (46.722% change)
    iteration    4: trace = 0.427097522845049 (6.23634% change)
    iteration    5: trace = 0.4127341062177359 (3.42055% change)
    iteration    6: trace = 0.4077054727745589 (1.22584% change)
    iteration    7: trace = 0.40228451311803 (1.33853% change)
    iteration    8: trace = 0.3991533291577228 (0.781392% change)
    iteration    9: trace = 0.3971610095910394 (0.500385% change)
    iteration   10: trace = 0.3966277395128898 (0.134361% change)
    iteration   11: trace = 0.3964140437047238 (0.0538927% change)
    iteration   12: trace = 0.3963478360559596 (0.016703% change)
    iteration   13: trace = 0.3963124103547442 (0.00893843% change)
    iteration   14: trace = 0.3963011897457586 (0.00283129% change)
    iteration   15: trace = 0.3962977194175905 (0.000875683% change)
    iteration   16: trace = 0.3962970417435063 (0.000171001% change)
    iteration   17: trace = 0.3962968487143103 (4.87082e-05% change)
    iteration   18: trace = 0.3962967948276314 (1.35976e-05% change)
    iteration   19: trace = 0.3962967698538449 (6.30179e-06% change)
    iteration   20: trace = 0.3962967560782473 (3.47608e-06% change)
    iteration   21: trace = 0.3962967494836973 (1.66404e-06% change)
    iteration   22: trace = 0.3962967477222201 (4.44484e-07% change)
    iteration   23: trace = 0.3962967473361377 (9.74225e-08% change)
    iteration   24: trace = 0.3962967472381972 (2.47139e-08% change)
    iteration   25: trace = 0.3962967472134634 (6.24124e-09% change)
Finished solving for bands 1 to 6 after 25 iterations.
tefreqs:, 1, -0.09, 0.14, 0, 0.143178, 0.0645002, 0.14907, 0.17179, 0.301308, 0.323237, 0.380964
elapsed time for k point: 6.3765857219696045
total elapsed time for run: 6.4445836544036865
done
Initializing eigensolver data
Computing 6 bands with 1e-10 tolerance
Working in 2 dimensions.
Grid size is 288 x 96 x 1.
Solving for 6 bands at a time.
Creating Maxwell data...
Mesh size is 3.
Lattice vectors:
     (3, 0, 0)
     (0, 1, 0)
     (0, 0, 1)
Cell volume = 3
Reciprocal lattice vectors (/ 2 pi):
     (0.333333, -0, 0)
     (-0, 1, -0)
     (0, -0, 1)
Geometric objects:
     block, center = (0,0,0)
          size (1e+20,1e+20,1)
          axes (1,0,0), (0,1,0), (0,0,1)
     prism, center = (0.0345313,0,0.5)
          height 1, axis (0,0,1), sidewall angle: 0 radians, 4 vertices:
          (-0.215469,-0.25,0)
          (-0.215469,0.25,0)
          (0.284531,0.25,0)
          (0.284531,-0.25,0)
     prism, center = (1.00453,0,0.5)
          height 1, axis (0,0,1), sidewall angle: 0 radians, 4 vertices:
          (0.754531,-0.25,0)
          (0.754531,0.25,0)
          (1.25453,0.25,0)
          (1.25453,-0.25,0)
     prism, center = (2.01953,0,0.5)
          height 1, axis (0,0,1), sidewall angle: 0 radians, 4 vertices:
          (1.76953,-0.25,0)
          (1.76953,0.25,0)
          (2.26953,0.25,0)
          (2.26953,-0.25,0)
Geometric object tree has depth 2 and 21 object nodes (vs. 4 actual objects)
Initializing epsilon function...
Allocating fields...
Solving for band polarization: te.
Initializing fields to random numbers...
1 k-points
  Vector3<-0.09, 0.14, 0.0>
elapsed time for initialization: 0.08472061157226562
solve_kpoint (-0.09,0.14,0):
tefreqs:, k index, k1, k2, k3, kmag/2pi, te band 1, te band 2, te band 3, te band 4, te band 5, te band 6
Solving for bands 1 to 6...
    near maximum in trace
    iteration    1: trace = 2.306161791342251 (199.685% change)
    iteration    2: trace = 0.6740414157710202 (109.531% change)
    iteration    3: trace = 0.4838045640375156 (32.8605% change)
    iteration    4: trace = 0.4323355643653678 (11.2361% change)
    iteration    5: trace = 0.4083708695549101 (5.70109% change)
    iteration    6: trace = 0.4024327605347232 (1.46475% change)
    iteration    7: trace = 0.3992382943056959 (0.796952% change)
    iteration    8: trace = 0.397699834437877 (0.386093% change)
    iteration    9: trace = 0.3967619560278144 (0.236104% change)
    iteration   10: trace = 0.3964856737889922 (0.0696585% change)
    iteration   11: trace = 0.3963787415841889 (0.0269736% change)
    iteration   12: trace = 0.3963489246200492 (0.00752262% change)
    iteration   13: trace = 0.3963326760378337 (0.00409965% change)
    iteration   14: trace = 0.3963264557816909 (0.00156947% change)
    iteration   15: trace = 0.3963236255321959 (0.000714123% change)
    iteration   16: trace = 0.3963229693810982 (0.00016556% change)
    iteration   17: trace = 0.3963227720971584 (4.97786e-05% change)
    iteration   18: trace = 0.3963227275491387 (1.12403e-05% change)
    iteration   19: trace = 0.3963227080148113 (4.92889e-06% change)
    iteration   20: trace = 0.3963226998940857 (2.04902e-06% change)
    iteration   21: trace = 0.3963226955044995 (1.10758e-06% change)
    iteration   22: trace = 0.3963226942144344 (3.25509e-07% change)
    iteration   23: trace = 0.3963226938317035 (9.65705e-08% change)
    iteration   24: trace = 0.3963226937567435 (1.89139e-08% change)
    iteration   25: trace = 0.3963226937374065 (4.87911e-09% change)
Finished solving for bands 1 to 6 after 25 iterations.
tefreqs:, 1, -0.09, 0.14, 0, 0.143178, 0.0645137, 0.149063, 0.171835, 0.301115, 0.323328, 0.381055
elapsed time for k point: 7.083865404129028
total elapsed time for run: 7.168700218200684
done
Initializing eigensolver data
Computing 6 bands with 1e-10 tolerance
Working in 2 dimensions.
Grid size is 288 x 96 x 1.
Solving for 6 bands at a time.
Creating Maxwell data...
Mesh size is 3.
Lattice vectors:
     (3, 0, 0)
     (0, 1, 0)
     (0, 0, 1)
Cell volume = 3
Reciprocal lattice vectors (/ 2 pi):
     (0.333333, -0, 0)
     (-0, 1, -0)
     (0, -0, 1)
Geometric objects:
     block, center = (0,0,0)
          size (1e+20,1e+20,1)
          axes (1,0,0), (0,1,0), (0,0,1)
     prism, center = (1.03453,0,0.5)
          height 1, axis (0,0,1), sidewall angle: 0 radians, 4 vertices:
          (0.784531,-0.25,0)
          (0.784531,0.25,0)
          (1.28453,0.25,0)
          (1.28453,-0.25,0)
     prism, center = (2.01953,0,0.5)
          height 1, axis (0,0,1), sidewall angle: 0 radians, 4 vertices:
          (1.76953,-0.25,0)
          (1.76953,0.25,0)
          (2.26953,0.25,0)
          (2.26953,-0.25,0)
     prism, center = (3.00453,0,0.5)
          height 1, axis (0,0,1), sidewall angle: 0 radians, 4 vertices:
          (2.75453,-0.25,0)
          (2.75453,0.25,0)
          (3.25453,0.25,0)
          (3.25453,-0.25,0)
Geometric object tree has depth 2 and 21 object nodes (vs. 4 actual objects)
Initializing epsilon function...
Allocating fields...
Solving for band polarization: te.
Initializing fields to random numbers...
1 k-points
  Vector3<-0.09, 0.14, 0.0>
elapsed time for initialization: 0.03600931167602539
solve_kpoint (-0.09,0.14,0):
tefreqs:, k index, k1, k2, k3, kmag/2pi, te band 1, te band 2, te band 3, te band 4, te band 5, te band 6
Solving for bands 1 to 6...
    near maximum in trace
    iteration    1: trace = 2.360212690853944 (199.676% change)
    iteration    2: trace = 0.6305524652257619 (115.667% change)
    iteration    3: trace = 0.4455041940612411 (34.3938% change)
    iteration    4: trace = 0.4281385919957876 (3.97545% change)
    iteration    5: trace = 0.419946650775375 (1.93187% change)
    iteration    6: trace = 0.4168606416328217 (0.737567% change)
    iteration    7: trace = 0.4118492130940188 (1.20945% change)
    iteration    8: trace = 0.4058197059154495 (1.4748% change)
    iteration    9: trace = 0.4004192694246038 (1.33966% change)
    iteration   10: trace = 0.3982319594187471 (0.547751% change)
    iteration   11: trace = 0.3971908881328927 (0.261765% change)
    iteration   12: trace = 0.3967161594439452 (0.119593% change)
    iteration   13: trace = 0.3964327122946959 (0.0714739% change)
    iteration   14: trace = 0.3963613746855468 (0.0179965% change)
    iteration   15: trace = 0.3963369131489975 (0.00617171% change)
    iteration   16: trace = 0.3963310826295183 (0.00147111% change)
    iteration   17: trace = 0.3963289424289262 (0.000540005% change)
    iteration   18: trace = 0.396327938425456 (0.000253326% change)
    iteration   19: trace = 0.3963274736455578 (0.000117272% change)
    iteration   20: trace = 0.3963273070058618 (4.2046e-05% change)
    iteration   21: trace = 0.3963272636620934 (1.09364e-05% change)
    iteration   22: trace = 0.3963272504466671 (3.33447e-06% change)
    iteration   23: trace = 0.3963272465619445 (9.80181e-07% change)
    iteration   24: trace = 0.3963272446347857 (4.86254e-07% change)
    iteration   25: trace = 0.3963272437254478 (2.29441e-07% change)
    iteration   26: trace = 0.3963272432919112 (1.09389e-07% change)
    iteration   27: trace = 0.3963272431811579 (2.79449e-08% change)
    iteration   28: trace = 0.3963272431504071 (7.75894e-09% change)
Finished solving for bands 1 to 6 after 28 iterations.
tefreqs:, 1, -0.09, 0.14, 0, 0.143178, 0.064514, 0.149066, 0.171829, 0.30106, 0.323407, 0.381038
elapsed time for k point: 9.39348840713501
total elapsed time for run: 9.429609537124634
done
Initializing eigensolver data
Computing 6 bands with 1e-10 tolerance
Working in 2 dimensions.
Grid size is 288 x 96 x 1.
Solving for 6 bands at a time.
Creating Maxwell data...
Mesh size is 3.
Lattice vectors:
     (3, 0, 0)
     (0, 1, 0)
     (0, 0, 1)
Cell volume = 3
Reciprocal lattice vectors (/ 2 pi):
     (0.333333, -0, 0)
     (-0, 1, -0)
     (0, -0, 1)
Geometric objects:
     block, center = (0,0,0)
          size (1e+20,1e+20,1)
          axes (1,0,0), (0,1,0), (0,0,1)
     prism, center = (0.0395313,0,0.5)
          height 1, axis (0,0,1), sidewall angle: 0 radians, 4 vertices:
          (-0.210469,-0.25,0)
          (-0.210469,0.25,0)
          (0.289531,0.25,0)
          (0.289531,-0.25,0)
     prism, center = (0.999531,0,0.5)
          height 1, axis (0,0,1), sidewall angle: 0 radians, 4 vertices:
          (0.749531,-0.25,0)
          (0.749531,0.25,0)
          (1.24953,0.25,0)
          (1.24953,-0.25,0)
     prism, center = (2.01953,0,0.5)
          height 1, axis (0,0,1), sidewall angle: 0 radians, 4 vertices:
          (1.76953,-0.25,0)
          (1.76953,0.25,0)
          (2.26953,0.25,0)
          (2.26953,-0.25,0)
Geometric object tree has depth 2 and 21 object nodes (vs. 4 actual objects)
Initializing epsilon function...
Allocating fields...
Solving for band polarization: te.
Initializing fields to random numbers...
1 k-points
  Vector3<-0.09, 0.14, 0.0>
elapsed time for initialization: 0.07615232467651367
solve_kpoint (-0.09,0.14,0):
tefreqs:, k index, k1, k2, k3, kmag/2pi, te band 1, te band 2, te band 3, te band 4, te band 5, te band 6
Solving for bands 1 to 6...
    near maximum in trace
    iteration    1: trace = 2.146344097341595 (199.704% change)
    iteration    2: trace = 0.5064183473680974 (123.639% change)
    iteration    3: trace = 0.4320454718352035 (15.8499% change)
    iteration    4: trace = 0.4089075269186904 (5.50279% change)
    iteration    5: trace = 0.4025965611493611 (1.55537% change)
    iteration    6: trace = 0.3991117957778771 (0.869335% change)
    iteration    7: trace = 0.3975626905113157 (0.388893% change)
    iteration    8: trace = 0.3965589856403469 (0.252784% change)
    iteration    9: trace = 0.3963189213884007 (0.0605552% change)
    iteration   10: trace = 0.3962362919471255 (0.0208514% change)
    iteration   11: trace = 0.3962108481121197 (0.00642159% change)
    iteration   12: trace = 0.3961947528349682 (0.00406238% change)
    iteration   13: trace = 0.3961889230284574 (0.00147146% change)
    iteration   14: trace = 0.3961866161630342 (0.000582266% change)
    iteration   15: trace = 0.3961860189253817 (0.000150747% change)
    iteration   16: trace = 0.3961857930201906 (5.702e-05% change)
    iteration   17: trace = 0.3961857091305558 (2.11743e-05% change)
    iteration   18: trace = 0.3961856665964197 (1.07359e-05% change)
    iteration   19: trace = 0.3961856508403678 (3.97694e-06% change)
    iteration   20: trace = 0.3961856458170234 (1.26793e-06% change)
    iteration   21: trace = 0.3961856447078895 (2.79953e-07% change)
    iteration   22: trace = 0.3961856444862852 (5.59345e-08% change)
    iteration   23: trace = 0.3961856444346764 (1.30264e-08% change)
    iteration   24: trace = 0.3961856444247842 (2.49687e-09% change)
Finished solving for bands 1 to 6 after 24 iterations.
tefreqs:, 1, -0.09, 0.14, 0, 0.143178, 0.0644974, 0.149045, 0.171889, 0.300826, 0.323447, 0.380987
elapsed time for k point: 8.74504828453064
total elapsed time for run: 8.821310997009277
done
Initializing eigensolver data
Computing 6 bands with 1e-10 tolerance
Working in 2 dimensions.
Grid size is 288 x 96 x 1.
Solving for 6 bands at a time.
Creating Maxwell data...
Mesh size is 3.
Lattice vectors:
     (3, 0, 0)
     (0, 1, 0)
     (0, 0, 1)
Cell volume = 3
Reciprocal lattice vectors (/ 2 pi):
     (0.333333, -0, 0)
     (-0, 1, -0)
     (0, -0, 1)
Geometric objects:
     block, center = (0,0,0)
          size (1e+20,1e+20,1)
          axes (1,0,0), (0,1,0), (0,0,1)
     prism, center = (1.03953,0,0.5)
          height 1, axis (0,0,1), sidewall angle: 0 radians, 4 vertices:
          (0.789531,-0.25,0)
          (0.789531,0.25,0)
          (1.28953,0.25,0)
          (1.28953,-0.25,0)
     prism, center = (2.01953,0,0.5)
          height 1, axis (0,0,1), sidewall angle: 0 radians, 4 vertices:
          (1.76953,-0.25,0)
          (1.76953,0.25,0)
          (2.26953,0.25,0)
          (2.26953,-0.25,0)
     prism, center = (2.99953,0,0.5)
          height 1, axis (0,0,1), sidewall angle: 0 radians, 4 vertices:
          (2.74953,-0.25,0)
          (2.74953,0.25,0)
          (3.24953,0.25,0)
          (3.24953,-0.25,0)
Geometric object tree has depth 2 and 21 object nodes (vs. 4 actual objects)
Initializing epsilon function...
Allocating fields...
Solving for band polarization: te.
Initializing fields to random numbers...
1 k-points
  Vector3<-0.09, 0.14, 0.0>
elapsed time for initialization: 0.07060122489929199
solve_kpoint (-0.09,0.14,0):
tefreqs:, k index, k1, k2, k3, kmag/2pi, te band 1, te band 2, te band 3, te band 4, te band 5, te band 6
Solving for bands 1 to 6...
    near maximum in trace
    iteration    1: trace = 2.104519601777636 (199.711% change)
    iteration    2: trace = 0.5314888935278621 (119.349% change)
    iteration    3: trace = 0.4398859831993187 (18.8605% change)
    iteration    4: trace = 0.4082085482926115 (7.47026% change)
    iteration    5: trace = 0.400907280067737 (1.80475% change)
    iteration    6: trace = 0.3981273291193795 (0.695827% change)
    iteration    7: trace = 0.3972019093389908 (0.232714% change)
    iteration    8: trace = 0.3965633980866026 (0.160882% change)
    iteration    9: trace = 0.3963262449258326 (0.05982% change)
    iteration   10: trace = 0.3962323276922778 (0.0236998% change)
    iteration   11: trace = 0.3962074843382081 (0.00627009% change)
    iteration   12: trace = 0.3961942911418598 (0.00332993% change)
    iteration   13: trace = 0.3961879939604214 (0.00158943% change)
    iteration   14: trace = 0.3961852202926207 (0.000700091% change)
    iteration   15: trace = 0.3961846015752789 (0.000156169% change)
    iteration   16: trace = 0.3961844400723012 (4.07646e-05% change)
    iteration   17: trace = 0.39618439188333 (1.21633e-05% change)
    iteration   18: trace = 0.3961843752498777 (4.19841e-06% change)
    iteration   19: trace = 0.3961843684502115 (1.71629e-06% change)
    iteration   20: trace = 0.3961843654535104 (7.56391e-07% change)
    iteration   21: trace = 0.3961843643567571 (2.76829e-07% change)
    iteration   22: trace = 0.3961843641145155 (6.11436e-08% change)
    iteration   23: trace = 0.396184364058222 (1.42089e-08% change)
    iteration   24: trace = 0.3961843640479388 (2.59558e-09% change)
Finished solving for bands 1 to 6 after 24 iterations.
tefreqs:, 1, -0.09, 0.14, 0, 0.143178, 0.0644976, 0.149051, 0.171877, 0.300689, 0.323649, 0.380925
elapsed time for k point: 4.150266408920288
total elapsed time for run: 4.220969200134277
done
Initializing eigensolver data
Computing 6 bands with 1e-10 tolerance
Working in 2 dimensions.
Grid size is 288 x 96 x 1.
Solving for 6 bands at a time.
Creating Maxwell data...
Mesh size is 3.
Lattice vectors:
     (3, 0, 0)
     (0, 1, 0)
     (0, 0, 1)
Cell volume = 3
Reciprocal lattice vectors (/ 2 pi):
     (0.333333, -0, 0)
     (-0, 1, -0)
     (0, -0, 1)
Geometric objects:
     block, center = (0,0,0)
          size (1e+20,1e+20,1)
          axes (1,0,0), (0,1,0), (0,0,1)
     prism, center = (0.0217673,-1.38778e-17,0.5)
          height 1, axis (0,0,1), sidewall angle: 0 radians, 4 vertices:
          (0.271767,0.25,0)
          (-0.228233,0.25,0)
          (-0.228233,-0.25,0)
          (0.271767,-0.25,0)
     prism, center = (1.02229,-1.38778e-17,0.5)
          height 1, axis (0,0,1), sidewall angle: 0 radians, 4 vertices:
          (1.27229,0.25,0)
          (0.772286,0.25,0)
          (0.772286,-0.25,0)
          (1.27229,-0.25,0)
     prism, center = (2.01454,-1.38778e-17,0.5)
          height 1, axis (0,0,1), sidewall angle: 0 radians, 4 vertices:
          (2.26454,0.25,0)
          (1.76454,0.25,0)
          (1.76454,-0.25,0)
          (2.26454,-0.25,0)
Geometric object tree has depth 2 and 21 object nodes (vs. 4 actual objects)
Initializing epsilon function...
Allocating fields...
Solving for band polarization: te.
Initializing fields to random numbers...
1 k-points
  Vector3<-0.09, 0.14, 0.0>
elapsed time for initialization: 0.03895998001098633
solve_kpoint (-0.09,0.14,0):
tefreqs:, k index, k1, k2, k3, kmag/2pi, te band 1, te band 2, te band 3, te band 4, te band 5, te band 6
Solving for bands 1 to 6...
    near maximum in trace
    iteration    1: trace = 2.223554552164065 (199.694% change)
    iteration    2: trace = 0.5237079770681996 (123.748% change)
    iteration    3: trace = 0.4371974304071443 (18.006% change)
    iteration    4: trace = 0.4087187592265206 (6.73321% change)
    iteration    5: trace = 0.4016857354612404 (1.73568% change)
    iteration    6: trace = 0.3984097199762952 (0.818906% change)
    iteration    7: trace = 0.3970926199212595 (0.331137% change)
    iteration    8: trace = 0.3958726183857065 (0.307706% change)
    iteration    9: trace = 0.3955229739693499 (0.0883615% change)
    iteration   10: trace = 0.395398524807205 (0.0314694% change)
    iteration   11: trace = 0.3953758275993212 (0.0057405% change)
    iteration   12: trace = 0.3953666220988692 (0.00232832% change)
    iteration   13: trace = 0.3953636257365601 (0.000757872% change)
    iteration   14: trace = 0.3953620162579237 (0.000407089% change)
    iteration   15: trace = 0.3953615323012991 (0.000122409% change)
    iteration   16: trace = 0.3953613518826609 (4.56338e-05% change)
    iteration   17: trace = 0.3953613150456013 (9.31731e-06% change)
    iteration   18: trace = 0.3953613026655652 (3.13132e-06% change)
    iteration   19: trace = 0.3953612985044354 (1.05249e-06% change)
    iteration   20: trace = 0.3953612963307504 (5.49797e-07% change)
    iteration   21: trace = 0.3953612955078346 (2.08143e-07% change)
    iteration   22: trace = 0.3953612952403401 (6.76582e-08% change)
    iteration   23: trace = 0.3953612951735669 (1.68891e-08% change)
    iteration   24: trace = 0.3953612951589112 (3.70692e-09% change)
Finished solving for bands 1 to 6 after 24 iterations.
tefreqs:, 1, -0.09, 0.14, 0, 0.143178, 0.0645016, 0.148917, 0.171598, 0.300841, 0.322518, 0.380862
elapsed time for k point: 2.6545968055725098
total elapsed time for run: 2.6936614513397217
done
Initializing eigensolver data
Computing 6 bands with 1e-10 tolerance
Working in 2 dimensions.
Grid size is 288 x 96 x 1.
Solving for 6 bands at a time.
Creating Maxwell data...
Mesh size is 3.
Lattice vectors:
     (3, 0, 0)
     (0, 1, 0)
     (0, 0, 1)
Cell volume = 3
Reciprocal lattice vectors (/ 2 pi):
     (0.333333, -0, 0)
     (-0, 1, -0)
     (0, -0, 1)
Geometric objects:
     block, center = (0,0,0)
          size (1e+20,1e+20,1)
          axes (1,0,0), (0,1,0), (0,0,1)
     prism, center = (0.0172952,-1.38778e-17,0.5)
          height 1, axis (0,0,1), sidewall angle: 0 radians, 4 vertices:
          (0.267295,0.25,0)
          (-0.232705,0.25,0)
          (-0.232705,-0.25,0)
          (0.267295,-0.25,0)
     prism, center = (1.01678,-1.38778e-17,0.5)
          height 1, axis (0,0,1), sidewall angle: 0 radians, 4 vertices:
          (1.26678,0.25,0)
          (0.766776,0.25,0)
          (0.766776,-0.25,0)
          (1.26678,-0.25,0)
     prism, center = (2.02452,-1.38778e-17,0.5)
          height 1, axis (0,0,1), sidewall angle: 0 radians, 4 vertices:
          (2.27452,0.25,0)
          (1.77452,0.25,0)
          (1.77452,-0.25,0)
          (2.27452,-0.25,0)
Geometric object tree has depth 2 and 21 object nodes (vs. 4 actual objects)
Initializing epsilon function...
Allocating fields...
Solving for band polarization: te.
Initializing fields to random numbers...
1 k-points
  Vector3<-0.09, 0.14, 0.0>
elapsed time for initialization: 0.07070207595825195
solve_kpoint (-0.09,0.14,0):
tefreqs:, k index, k1, k2, k3, kmag/2pi, te band 1, te band 2, te band 3, te band 4, te band 5, te band 6
Solving for bands 1 to 6...
    near maximum in trace
    iteration    1: trace = 2.388890529243133 (199.671% change)
    iteration    2: trace = 0.6382149440601151 (115.667% change)
    iteration    3: trace = 0.4616616364352779 (32.1042% change)
    iteration    4: trace = 0.434549752039631 (6.05033% change)
    iteration    5: trace = 0.4167752406912507 (4.17573% change)
    iteration    6: trace = 0.4079814106579052 (2.13247% change)
    iteration    7: trace = 0.4005726536017621 (1.83259% change)
    iteration    8: trace = 0.3973098712708809 (0.81786% change)
    iteration    9: trace = 0.395849338929975 (0.368282% change)
    iteration   10: trace = 0.3955327603286876 (0.0800065% change)
    iteration   11: trace = 0.3954171254785301 (0.0292395% change)
    iteration   12: trace = 0.3953813326064398 (0.00905234% change)
    iteration   13: trace = 0.3953560221336321 (0.00640174% change)
    iteration   14: trace = 0.3953470303419592 (0.00227438% change)
    iteration   15: trace = 0.3953433836501002 (0.000922407% change)
    iteration   16: trace = 0.3953425499077052 (0.000210891% change)
    iteration   17: trace = 0.3953422225306391 (8.28085e-05% change)
    iteration   18: trace = 0.3953421245754671 (2.47773e-05% change)
    iteration   19: trace = 0.3953420845075973 (1.0135e-05% change)
    iteration   20: trace = 0.3953420721062081 (3.13688e-06% change)
    iteration   21: trace = 0.3953420676756073 (1.1207e-06% change)
    iteration   22: trace = 0.3953420665190129 (2.92555e-07% change)
    iteration   23: trace = 0.3953420662094549 (7.83013e-08% change)
    iteration   24: trace = 0.3953420661003146 (2.76066e-08% change)
    iteration   25: trace = 0.3953420660520104 (1.22183e-08% change)
    iteration   26: trace = 0.3953420660298862 (5.59621e-09% change)
Finished solving for bands 1 to 6 after 26 iterations.
tefreqs:, 1, -0.09, 0.14, 0, 0.143178, 0.064499, 0.148916, 0.171597, 0.300842, 0.322514, 0.38084
elapsed time for k point: 4.348078489303589
total elapsed time for run: 4.418887138366699
done
Initializing eigensolver data
Computing 6 bands with 1e-10 tolerance
Working in 2 dimensions.
Grid size is 288 x 96 x 1.
Solving for 6 bands at a time.
Creating Maxwell data...
Mesh size is 3.
Lattice vectors:
     (3, 0, 0)
     (0, 1, 0)
     (0, 0, 1)
Cell volume = 3
Reciprocal lattice vectors (/ 2 pi):
     (0.333333, -0, 0)
     (-0, 1, -0)
     (0, -0, 1)
Geometric objects:
     block, center = (0,0,0)
          size (1e+20,1e+20,1)
          axes (1,0,0), (0,1,0), (0,0,1)
     prism, center = (0.0228854,-1.38778e-17,0.5)
          height 1, axis (0,0,1), sidewall angle: 0 radians, 4 vertices:
          (0.272885,0.25,0)
          (-0.227115,0.25,0)
          (-0.227115,-0.25,0)
          (0.272885,-0.25,0)
     prism, center = (1.02366,-1.38778e-17,0.5)
          height 1, axis (0,0,1), sidewall angle: 0 radians, 4 vertices:
          (1.27366,0.25,0)
          (0.773664,0.25,0)
          (0.773664,-0.25,0)
          (1.27366,-0.25,0)
     prism, center = (2.01204,-1.38778e-17,0.5)
          height 1, axis (0,0,1), sidewall angle: 0 radians, 4 vertices:
          (2.26204,0.25,0)
          (1.76204,0.25,0)
          (1.76204,-0.25,0)
          (2.26204,-0.25,0)
Geometric object tree has depth 2 and 21 object nodes (vs. 4 actual objects)
Initializing epsilon function...
Allocating fields...
Solving for band polarization: te.
Initializing fields to random numbers...
1 k-points
  Vector3<-0.09, 0.14, 0.0>
elapsed time for initialization: 0.07097482681274414
solve_kpoint (-0.09,0.14,0):
tefreqs:, k index, k1, k2, k3, kmag/2pi, te band 1, te band 2, te band 3, te band 4, te band 5, te band 6
Solving for bands 1 to 6...
    near maximum in trace
    iteration    1: trace = 2.120020793348904 (199.707% change)
    iteration    2: trace = 0.5126810338619584 (122.106% change)
    iteration    3: trace = 0.4413482869113194 (14.954% change)
    iteration    4: trace = 0.4142334184665858 (6.33835% change)
    iteration    5: trace = 0.4056638805661754 (2.09039% change)
    iteration    6: trace = 0.400120614848495 (1.37587% change)
    iteration    7: trace = 0.3975213527066314 (0.651737% change)
    iteration    8: trace = 0.3957019036572372 (0.458748% change)
    iteration    9: trace = 0.3952961999060096 (0.10258% change)
    iteration   10: trace = 0.3951552216837977 (0.0356703% change)
    iteration   11: trace = 0.3951279617463064 (0.00689878% change)
    iteration   12: trace = 0.395114542588342 (0.00339621% change)
    iteration   13: trace = 0.395108179227872 (0.00161052% change)
    iteration   14: trace = 0.3951046221265221 (0.000900289% change)
    iteration   15: trace = 0.3951038406888614 (0.00019778% change)
    iteration   16: trace = 0.3951036031838034 (6.01121e-05% change)
    iteration   17: trace = 0.3951035418811482 (1.55156e-05% change)
    iteration   18: trace = 0.3951035105503191 (7.92978e-06% change)
    iteration   19: trace = 0.3951034986323568 (3.01642e-06% change)
    iteration   20: trace = 0.3951034941278667 (1.14008e-06% change)
    iteration   21: trace = 0.3951034932410438 (2.24453e-07% change)
    iteration   22: trace = 0.3951034930367837 (5.16979e-08% change)
    iteration   23: trace = 0.3951034929864018 (1.27516e-08% change)
    iteration   24: trace = 0.3951034929755192 (2.75437e-09% change)
Finished solving for bands 1 to 6 after 24 iterations.
tefreqs:, 1, -0.09, 0.14, 0, 0.143178, 0.0644693, 0.148898, 0.171586, 0.30074, 0.322482, 0.380652
elapsed time for k point: 4.110758066177368
total elapsed time for run: 4.181821823120117
done
Initializing eigensolver data
Computing 6 bands with 1e-10 tolerance
Working in 2 dimensions.
Grid size is 288 x 96 x 1.
Solving for 6 bands at a time.
Creating Maxwell data...
Mesh size is 3.
Lattice vectors:
     (3, 0, 0)
     (0, 1, 0)
     (0, 0, 1)
Cell volume = 3
Reciprocal lattice vectors (/ 2 pi):
     (0.333333, -0, 0)
     (-0, 1, -0)
     (0, -0, 1)
Geometric objects:
     block, center = (0,0,0)
          size (1e+20,1e+20,1)
          axes (1,0,0), (0,1,0), (0,0,1)
     prism, center = (0.0161771,-1.38778e-17,0.5)
          height 1, axis (0,0,1), sidewall angle: 0 radians, 4 vertices:
          (0.266177,0.25,0)
          (-0.233823,0.25,0)
          (-0.233823,-0.25,0)
          (0.266177,-0.25,0)
     prism, center = (1.0154,-1.38778e-17,0.5)
          height 1, axis (0,0,1), sidewall angle: 0 radians, 4 vertices:
          (1.2654,0.25,0)
          (0.765399,0.25,0)
          (0.765399,-0.25,0)
          (1.2654,-0.25,0)
     prism, center = (2.02702,-1.38778e-17,0.5)
          height 1, axis (0,0,1), sidewall angle: 0 radians, 4 vertices:
          (2.27702,0.25,0)
          (1.77702,0.25,0)
          (1.77702,-0.25,0)
          (2.27702,-0.25,0)
Geometric object tree has depth 2 and 21 object nodes (vs. 4 actual objects)
Initializing epsilon function...
Allocating fields...
Solving for band polarization: te.
Initializing fields to random numbers...
1 k-points
  Vector3<-0.09, 0.14, 0.0>
elapsed time for initialization: 0.06530117988586426
solve_kpoint (-0.09,0.14,0):
tefreqs:, k index, k1, k2, k3, kmag/2pi, te band 1, te band 2, te band 3, te band 4, te band 5, te band 6
Solving for bands 1 to 6...
    near maximum in trace
    iteration    1: trace = 2.641398125424633 (199.638% change)
    iteration    2: trace = 0.6392797234886268 (122.055% change)
    iteration    3: trace = 0.4522760310088297 (34.2637% change)
    iteration    4: trace = 0.4212696091816623 (7.09898% change)
    iteration    5: trace = 0.4079073185445011 (3.22303% change)
    iteration    6: trace = 0.4026358121699612 (1.30073% change)
    iteration    7: trace = 0.3986290238164548 (1.00012% change)
    iteration    8: trace = 0.3967667730198974 (0.468258% change)
    iteration    9: trace = 0.3957993217762531 (0.244131% change)
    iteration   10: trace = 0.3955784878832768 (0.05581% change)
    iteration   11: trace = 0.3954995336127552 (0.0199612% change)
    iteration   12: trace = 0.3954697142655738 (0.00753995% change)
    iteration   13: trace = 0.3954509272072037 (0.00475068% change)
    iteration   14: trace = 0.3954437362745041 (0.00181843% change)
    iteration   15: trace = 0.3954415151272059 (0.000561686% change)
    iteration   16: trace = 0.3954409542583981 (0.000141834% change)
    iteration   17: trace = 0.3954407986172294 (3.93589e-05% change)
    iteration   18: trace = 0.3954407256258011 (1.84582e-05% change)
    iteration   19: trace = 0.3954406924499454 (8.38959e-06% change)
    iteration   20: trace = 0.3954406779621288 (3.66371e-06% change)
    iteration   21: trace = 0.3954406744266041 (8.94072e-07% change)
    iteration   22: trace = 0.395440673485316 (2.38035e-07% change)
    iteration   23: trace = 0.3954406733124129 (4.37241e-08% change)
    iteration   24: trace = 0.3954406732585761 (1.36144e-08% change)
    iteration   25: trace = 0.3954406732424502 (4.07795e-09% change)
Finished solving for bands 1 to 6 after 25 iterations.
tefreqs:, 1, -0.09, 0.14, 0, 0.143178, 0.0645122, 0.148926, 0.171615, 0.300823, 0.322574, 0.38092
elapsed time for k point: 3.7770209312438965
total elapsed time for run: 3.8423991203308105
done
Initializing eigensolver data
Computing 6 bands with 1e-10 tolerance
Working in 2 dimensions.
Grid size is 288 x 96 x 1.
Solving for 6 bands at a time.
Creating Maxwell data...
Mesh size is 3.
Lattice vectors:
     (3, 0, 0)
     (0, 1, 0)
     (0, 0, 1)
Cell volume = 3
Reciprocal lattice vectors (/ 2 pi):
     (0.333333, -0, 0)
     (-0, 1, -0)
     (0, -0, 1)
Geometric objects:
     block, center = (0,0,0)
          size (1e+20,1e+20,1)
          axes (1,0,0), (0,1,0), (0,0,1)
     prism, center = (0.0240034,-1.38778e-17,0.5)
          height 1, axis (0,0,1), sidewall angle: 0 radians, 4 vertices:
          (0.274003,0.25,0)
          (-0.225997,0.25,0)
          (-0.225997,-0.25,0)
          (0.274003,-0.25,0)
     prism, center = (1.02504,-1.38778e-17,0.5)
          height 1, axis (0,0,1), sidewall angle: 0 radians, 4 vertices:
          (1.27504,0.25,0)
          (0.775041,0.25,0)
          (0.775041,-0.25,0)
          (1.27504,-0.25,0)
     prism, center = (2.00955,-1.38778e-17,0.5)
          height 1, axis (0,0,1), sidewall angle: 0 radians, 4 vertices:
          (2.25955,0.25,0)
          (1.75955,0.25,0)
          (1.75955,-0.25,0)
          (2.25955,-0.25,0)
Geometric object tree has depth 2 and 21 object nodes (vs. 4 actual objects)
Initializing epsilon function...
Allocating fields...
Solving for band polarization: te.
Initializing fields to random numbers...
1 k-points
  Vector3<-0.09, 0.14, 0.0>
elapsed time for initialization: 0.05965065956115723
solve_kpoint (-0.09,0.14,0):
tefreqs:, k index, k1, k2, k3, kmag/2pi, te band 1, te band 2, te band 3, te band 4, te band 5, te band 6
Solving for bands 1 to 6...
    near maximum in trace
    iteration    1: trace = 2.372686070822885 (199.671% change)
    iteration    2: trace = 0.5764945050601126 (121.81% change)
    iteration    3: trace = 0.477442942487883 (18.7965% change)
    iteration    4: trace = 0.4363621117736321 (8.99116% change)
    iteration    5: trace = 0.4222494986728744 (3.28731% change)
    iteration    6: trace = 0.4121261129786 (2.42658% change)
    iteration    7: trace = 0.4050815609351099 (1.72405% change)
    iteration    8: trace = 0.3986619052483008 (1.59744% change)
    iteration    9: trace = 0.3965802357971149 (0.523531% change)
    iteration   10: trace = 0.3956701155108062 (0.229756% change)
    iteration   11: trace = 0.3954757755984024 (0.0491287% change)
    iteration   12: trace = 0.3953930971027889 (0.0209083% change)
    iteration   13: trace = 0.3953648801266385 (0.00713669% change)
    iteration   14: trace = 0.3953487370383653 (0.00408317% change)
    iteration   15: trace = 0.395343550462824 (0.00131191% change)
    iteration   16: trace = 0.3953418017522822 (0.000442328% change)
    iteration   17: trace = 0.3953413696134118 (0.000109308% change)
    iteration   18: trace = 0.395341210277626 (4.03034e-05% change)
    iteration   19: trace = 0.3953411381509635 (1.82442e-05% change)
    iteration   20: trace = 0.3953410956016215 (1.07627e-05% change)
    iteration   21: trace = 0.3953410813402038 (3.60737e-06% change)
    iteration   22: trace = 0.3953410778513843 (8.82483e-07% change)
    iteration   23: trace = 0.395341077049237 (2.029e-07% change)
    iteration   24: trace = 0.3953410768543529 (4.92952e-08% change)
    iteration   25: trace = 0.3953410767806271 (1.86487e-08% change)
    iteration   26: trace = 0.3953410767559479 (6.2425e-09% change)
Finished solving for bands 1 to 6 after 26 iterations.
tefreqs:, 1, -0.09, 0.14, 0, 0.143178, 0.0645014, 0.148913, 0.171615, 0.300743, 0.322573, 0.38086
elapsed time for k point: 3.997879981994629
total elapsed time for run: 4.0576090812683105
done
Initializing eigensolver data
Computing 6 bands with 1e-10 tolerance
Working in 2 dimensions.
Grid size is 288 x 96 x 1.
Solving for 6 bands at a time.
Creating Maxwell data...
Mesh size is 3.
Lattice vectors:
     (3, 0, 0)
     (0, 1, 0)
     (0, 0, 1)
Cell volume = 3
Reciprocal lattice vectors (/ 2 pi):
     (0.333333, -0, 0)
     (-0, 1, -0)
     (0, -0, 1)
Geometric objects:
     block, center = (0,0,0)
          size (1e+20,1e+20,1)
          axes (1,0,0), (0,1,0), (0,0,1)
     prism, center = (0.0150591,-1.38778e-17,0.5)
          height 1, axis (0,0,1), sidewall angle: 0 radians, 4 vertices:
          (0.265059,0.25,0)
          (-0.234941,0.25,0)
          (-0.234941,-0.25,0)
          (0.265059,-0.25,0)
     prism, center = (1.01402,-1.38778e-17,0.5)
          height 1, axis (0,0,1), sidewall angle: 0 radians, 4 vertices:
          (1.26402,0.25,0)
          (0.764021,0.25,0)
          (0.764021,-0.25,0)
          (1.26402,-0.25,0)
     prism, center = (2.02951,-1.38778e-17,0.5)
          height 1, axis (0,0,1), sidewall angle: 0 radians, 4 vertices:
          (2.27951,0.25,0)
          (1.77951,0.25,0)
          (1.77951,-0.25,0)
          (2.27951,-0.25,0)
Geometric object tree has depth 2 and 21 object nodes (vs. 4 actual objects)
Initializing epsilon function...
Allocating fields...
Solving for band polarization: te.
Initializing fields to random numbers...
1 k-points
  Vector3<-0.09, 0.14, 0.0>
elapsed time for initialization: 0.06386995315551758
solve_kpoint (-0.09,0.14,0):
tefreqs:, k index, k1, k2, k3, kmag/2pi, te band 1, te band 2, te band 3, te band 4, te band 5, te band 6
Solving for bands 1 to 6...
    near maximum in trace
    iteration    1: trace = 2.368227453985205 (199.673% change)
    iteration    2: trace = 0.5108388115660963 (129.027% change)
    iteration    3: trace = 0.4273150543281267 (17.806% change)
    iteration    4: trace = 0.4024947592048155 (5.98216% change)
    iteration    5: trace = 0.3975022076924011 (1.24814% change)
    iteration    6: trace = 0.3960553659194088 (0.364647% change)
    iteration    7: trace = 0.3956791117655549 (0.0950455% change)
    iteration    8: trace = 0.395468389928837 (0.0532699% change)
    iteration    9: trace = 0.3953855028742991 (0.0209614% change)
    iteration   10: trace = 0.3953466038349464 (0.00983874% change)
    iteration   11: trace = 0.3953372874974642 (0.00235653% change)
    iteration   12: trace = 0.3953348822642839 (0.000608402% change)
    iteration   13: trace = 0.3953341412203947 (0.000187447% change)
    iteration   14: trace = 0.395333794032185 (8.78215e-05% change)
    iteration   15: trace = 0.3953336245957215 (4.28591e-05% change)
    iteration   16: trace = 0.3953335553769238 (1.7509e-05% change)
    iteration   17: trace = 0.39533353158338 (6.0186e-06% change)
    iteration   18: trace = 0.3953335252164279 (1.61053e-06% change)
    iteration   19: trace = 0.3953335230414649 (5.50159e-07% change)
    iteration   20: trace = 0.3953335221897189 (2.1545e-07% change)
    iteration   21: trace = 0.3953335217180891 (1.19299e-07% change)
    iteration   22: trace = 0.3953335215797734 (3.49871e-08% change)
    iteration   23: trace = 0.3953335215421073 (9.52767e-09% change)
Finished solving for bands 1 to 6 after 23 iterations.
tefreqs:, 1, -0.09, 0.14, 0, 0.143178, 0.0644993, 0.148914, 0.171616, 0.300726, 0.322591, 0.380847
elapsed time for k point: 2.7876667976379395
total elapsed time for run: 2.8516175746917725
done
Initializing eigensolver data
Computing 6 bands with 1e-10 tolerance
Working in 2 dimensions.
Grid size is 288 x 96 x 1.
Solving for 6 bands at a time.
Creating Maxwell data...
Mesh size is 3.
Lattice vectors:
     (3, 0, 0)
     (0, 1, 0)
     (0, 0, 1)
Cell volume = 3
Reciprocal lattice vectors (/ 2 pi):
     (0.333333, -0, 0)
     (-0, 1, -0)
     (0, -0, 1)
Geometric objects:
     block, center = (0,0,0)
          size (1e+20,1e+20,1)
          axes (1,0,0), (0,1,0), (0,0,1)
     prism, center = (0.0262395,-1.38778e-17,0.5)
          height 1, axis (0,0,1), sidewall angle: 0 radians, 4 vertices:
          (0.276239,0.25,0)
          (-0.223761,0.25,0)
          (-0.223761,-0.25,0)
          (0.276239,-0.25,0)
     prism, center = (1.0278,-1.38778e-17,0.5)
          height 1, axis (0,0,1), sidewall angle: 0 radians, 4 vertices:
          (1.2778,0.25,0)
          (0.777796,0.25,0)
          (0.777796,-0.25,0)
          (1.2778,-0.25,0)
     prism, center = (2.00456,-1.38778e-17,0.5)
          height 1, axis (0,0,1), sidewall angle: 0 radians, 4 vertices:
          (2.25456,0.25,0)
          (1.75456,0.25,0)
          (1.75456,-0.25,0)
          (2.25456,-0.25,0)
Geometric object tree has depth 2 and 21 object nodes (vs. 4 actual objects)
Initializing epsilon function...
Allocating fields...
Solving for band polarization: te.
Initializing fields to random numbers...
1 k-points
  Vector3<-0.09, 0.14, 0.0>
elapsed time for initialization: 0.0330204963684082
solve_kpoint (-0.09,0.14,0):
tefreqs:, k index, k1, k2, k3, kmag/2pi, te band 1, te band 2, te band 3, te band 4, te band 5, te band 6
Solving for bands 1 to 6...
    near maximum in trace
    iteration    1: trace = 1.791376750212478 (199.754% change)
    iteration    2: trace = 0.4797261919638929 (115.508% change)
    iteration    3: trace = 0.4248764839998255 (12.1268% change)
    iteration    4: trace = 0.4057240045677051 (4.61172% change)
    iteration    5: trace = 0.4007085164822547 (1.24387% change)
    iteration    6: trace = 0.3977186256458616 (0.748945% change)
    iteration    7: trace = 0.3964214948726717 (0.326676% change)
    iteration    8: trace = 0.3956175549070355 (0.203005% change)
    iteration    9: trace = 0.3954392904785559 (0.0450699% change)
    iteration   10: trace = 0.3953802870788004 (0.0149221% change)
    iteration   11: trace = 0.3953661385389056 (0.00357853% change)
    iteration   12: trace = 0.3953593133943133 (0.0017263% change)
    iteration   13: trace = 0.3953558640777602 (0.000872455% change)
    iteration   14: trace = 0.3953542848889246 (0.000399436% change)
    iteration   15: trace = 0.3953538047016141 (0.000121458% change)
    iteration   16: trace = 0.3953536636029202 (3.56892e-05% change)
    iteration   17: trace = 0.3953536153052254 (1.22163e-05% change)
    iteration   18: trace = 0.3953535936576046 (5.47551e-06% change)
    iteration   19: trace = 0.3953535831893583 (2.64782e-06% change)
    iteration   20: trace = 0.3953535796535931 (8.9433e-07% change)
    iteration   21: trace = 0.3953535786952224 (2.42409e-07% change)
    iteration   22: trace = 0.3953535785270834 (4.25288e-08% change)
    iteration   23: trace = 0.3953535784872679 (1.00709e-08% change)
    iteration   24: trace = 0.3953535784780333 (2.3358e-09% change)
Finished solving for bands 1 to 6 after 24 iterations.
tefreqs:, 1, -0.09, 0.14, 0, 0.143178, 0.0645053, 0.148913, 0.171649, 0.300579, 0.32269, 0.38089
elapsed time for k point: 2.0959079265594482
total elapsed time for run: 2.12900710105896
done
Initializing eigensolver data
Computing 6 bands with 1e-10 tolerance
Working in 2 dimensions.
Grid size is 288 x 96 x 1.
Solving for 6 bands at a time.
Creating Maxwell data...
Mesh size is 3.
Lattice vectors:
     (3, 0, 0)
     (0, 1, 0)
     (0, 0, 1)
Cell volume = 3
Reciprocal lattice vectors (/ 2 pi):
     (0.333333, -0, 0)
     (-0, 1, -0)
     (0, -0, 1)
Geometric objects:
     block, center = (0,0,0)
          size (1e+20,1e+20,1)
          axes (1,0,0), (0,1,0), (0,0,1)
     prism, center = (0.012823,-1.38778e-17,0.5)
          height 1, axis (0,0,1), sidewall angle: 0 radians, 4 vertices:
          (0.262823,0.25,0)
          (-0.237177,0.25,0)
          (-0.237177,-0.25,0)
          (0.262823,-0.25,0)
     prism, center = (1.01127,-1.38778e-17,0.5)
          height 1, axis (0,0,1), sidewall angle: 0 radians, 4 vertices:
          (1.26127,0.25,0)
          (0.761266,0.25,0)
          (0.761266,-0.25,0)
          (1.26127,-0.25,0)
     prism, center = (2.0345,-1.38778e-17,0.5)
          height 1, axis (0,0,1), sidewall angle: 0 radians, 4 vertices:
          (2.2845,0.25,0)
          (1.7845,0.25,0)
          (1.7845,-0.25,0)
          (2.2845,-0.25,0)
Geometric object tree has depth 2 and 21 object nodes (vs. 4 actual objects)
Initializing epsilon function...
Allocating fields...
Solving for band polarization: te.
Initializing fields to random numbers...
1 k-points
  Vector3<-0.09, 0.14, 0.0>
elapsed time for initialization: 0.031531572341918945
solve_kpoint (-0.09,0.14,0):
tefreqs:, k index, k1, k2, k3, kmag/2pi, te band 1, te band 2, te band 3, te band 4, te band 5, te band 6
Solving for bands 1 to 6...
    near maximum in trace
    iteration    1: trace = 2.454534209820892 (199.662% change)
    iteration    2: trace = 0.6331550862031853 (117.977% change)
    iteration    3: trace = 0.4436353588846055 (35.2009% change)
    iteration    4: trace = 0.4107332390350809 (7.70209% change)
    iteration    5: trace = 0.3989773109729767 (2.90374% change)
    iteration    6: trace = 0.3969257820920705 (0.515522% change)
    iteration    7: trace = 0.396029728445986 (0.226004% change)
    iteration    8: trace = 0.3955301383460941 (0.126229% change)
    iteration    9: trace = 0.395185102134282 (0.0872719% change)
    iteration   10: trace = 0.3951023838429853 (0.0209337% change)
    iteration   11: trace = 0.3950803895417026 (0.00556689% change)
    iteration   12: trace = 0.3950761160055601 (0.00108169% change)
    iteration   13: trace = 0.3950741382066067 (0.000500613% change)
    iteration   14: trace = 0.395073419177184 (0.000181999% change)
    iteration   15: trace = 0.3950731102592019 (7.81926e-05% change)
    iteration   16: trace = 0.3950730247867362 (2.16346e-05% change)
    iteration   17: trace = 0.3950729967333226 (7.10082e-06% change)
    iteration   18: trace = 0.3950729909644138 (1.46021e-06% change)
    iteration   19: trace = 0.3950729889146365 (5.18835e-07% change)
    iteration   20: trace = 0.3950729880452548 (2.20056e-07% change)
    iteration   21: trace = 0.3950729875434243 (1.27022e-07% change)
    iteration   22: trace = 0.3950729874076584 (3.43648e-08% change)
    iteration   23: trace = 0.3950729873709192 (9.29936e-09% change)
Finished solving for bands 1 to 6 after 23 iterations.
tefreqs:, 1, -0.09, 0.14, 0, 0.143178, 0.0644702, 0.14889, 0.171624, 0.300506, 0.322626, 0.380661
elapsed time for k point: 2.1316707134246826
total elapsed time for run: 2.163273811340332
done
Initializing eigensolver data
Computing 6 bands with 1e-10 tolerance
Working in 2 dimensions.
Grid size is 288 x 96 x 1.
Solving for 6 bands at a time.
Creating Maxwell data...
Mesh size is 3.
Lattice vectors:
     (3, 0, 0)
     (0, 1, 0)
     (0, 0, 1)
Cell volume = 3
Reciprocal lattice vectors (/ 2 pi):
     (0.333333, -0, 0)
     (-0, 1, -0)
     (0, -0, 1)
Geometric objects:
     block, center = (0,0,0)
          size (1e+20,1e+20,1)
          axes (1,0,0), (0,1,0), (0,0,1)
     prism, center = (0.0284755,-1.38778e-17,0.5)
          height 1, axis (0,0,1), sidewall angle: 0 radians, 4 vertices:
          (0.278476,0.25,0)
          (-0.221524,0.25,0)
          (-0.221524,-0.25,0)
          (0.278476,-0.25,0)
     prism, center = (1.03055,-1.38778e-17,0.5)
          height 1, axis (0,0,1), sidewall angle: 0 radians, 4 vertices:
          (1.28055,0.25,0)
          (0.780551,0.25,0)
          (0.780551,-0.25,0)
          (1.28055,-0.25,0)
     prism, center = (1.99957,-1.38778e-17,0.5)
          height 1, axis (0,0,1), sidewall angle: 0 radians, 4 vertices:
          (2.24957,0.25,0)
          (1.74957,0.25,0)
          (1.74957,-0.25,0)
          (2.24957,-0.25,0)
Geometric object tree has depth 2 and 21 object nodes (vs. 4 actual objects)
Initializing epsilon function...
Allocating fields...
Solving for band polarization: te.
Initializing fields to random numbers...
1 k-points
  Vector3<-0.09, 0.14, 0.0>
elapsed time for initialization: 0.061676979064941406
solve_kpoint (-0.09,0.14,0):
tefreqs:, k index, k1, k2, k3, kmag/2pi, te band 1, te band 2, te band 3, te band 4, te band 5, te band 6
Solving for bands 1 to 6...
    near maximum in trace
    iteration    1: trace = 2.172653649014023 (199.698% change)
    iteration    2: trace = 0.5508605785224945 (119.096% change)
    iteration    3: trace = 0.4486123632644253 (20.4604% change)
    iteration    4: trace = 0.4154143067137516 (7.6845% change)
    iteration    5: trace = 0.4068952770926167 (2.07198% change)
    iteration    6: trace = 0.4015674493777045 (1.31801% change)
    iteration    7: trace = 0.3987630842786172 (0.700802% change)
    iteration    8: trace = 0.3962941697321943 (0.621066% change)
    iteration    9: trace = 0.3955277860657778 (0.193575% change)
    iteration   10: trace = 0.3952098738401629 (0.080409% change)
    iteration   11: trace = 0.3951409948717903 (0.01743% change)
    iteration   12: trace = 0.3951083663008533 (0.00825779% change)
    iteration   13: trace = 0.3950969897576619 (0.00287939% change)
    iteration   14: trace = 0.3950913432904264 (0.00142914% change)
    iteration   15: trace = 0.395089912811991 (0.000362063% change)
    iteration   16: trace = 0.3950894214250578 (0.000124374% change)
    iteration   17: trace = 0.3950893098791421 (2.82331e-05% change)
    iteration   18: trace = 0.3950892660918876 (1.10829e-05% change)
    iteration   19: trace = 0.3950892509909018 (3.82217e-06% change)
    iteration   20: trace = 0.3950892428726331 (2.05479e-06% change)
    iteration   21: trace = 0.3950892405107974 (5.97798e-07% change)
    iteration   22: trace = 0.3950892399444403 (1.43349e-07% change)
    iteration   23: trace = 0.3950892398288884 (2.9247e-08% change)
    iteration   24: trace = 0.3950892397958581 (8.36021e-09% change)
Finished solving for bands 1 to 6 after 24 iterations.
tefreqs:, 1, -0.09, 0.14, 0, 0.143178, 0.0644753, 0.148883, 0.171671, 0.300298, 0.322764, 0.380709
elapsed time for k point: 2.777836322784424
total elapsed time for run: 2.8395938873291016
done
Initializing eigensolver data
Computing 6 bands with 1e-10 tolerance
Working in 2 dimensions.
Grid size is 288 x 96 x 1.
Solving for 6 bands at a time.
Creating Maxwell data...
Mesh size is 3.
Lattice vectors:
     (3, 0, 0)
     (0, 1, 0)
     (0, 0, 1)
Cell volume = 3
Reciprocal lattice vectors (/ 2 pi):
     (0.333333, -0, 0)
     (-0, 1, -0)
     (0, -0, 1)
Geometric objects:
     block, center = (0,0,0)
          size (1e+20,1e+20,1)
          axes (1,0,0), (0,1,0), (0,0,1)
     prism, center = (0.010587,-1.38778e-17,0.5)
          height 1, axis (0,0,1), sidewall angle: 0 radians, 4 vertices:
          (0.260587,0.25,0)
          (-0.239413,0.25,0)
          (-0.239413,-0.25,0)
          (0.260587,-0.25,0)
     prism, center = (1.00851,-1.38778e-17,0.5)
          height 1, axis (0,0,1), sidewall angle: 0 radians, 4 vertices:
          (1.25851,0.25,0)
          (0.758511,0.25,0)
          (0.758511,-0.25,0)
          (1.25851,-0.25,0)
     prism, center = (2.0395,-1.38778e-17,0.5)
          height 1, axis (0,0,1), sidewall angle: 0 radians, 4 vertices:
          (2.2895,0.25,0)
          (1.7895,0.25,0)
          (1.7895,-0.25,0)
          (2.2895,-0.25,0)
Geometric object tree has depth 2 and 21 object nodes (vs. 4 actual objects)
Initializing epsilon function...
Allocating fields...
Solving for band polarization: te.
Initializing fields to random numbers...
1 k-points
  Vector3<-0.09, 0.14, 0.0>
elapsed time for initialization: 0.07367753982543945
solve_kpoint (-0.09,0.14,0):
tefreqs:, k index, k1, k2, k3, kmag/2pi, te band 1, te band 2, te band 3, te band 4, te band 5, te band 6
Solving for bands 1 to 6...
    near maximum in trace
    iteration    1: trace = 1.773924837047299 (199.756% change)
    iteration    2: trace = 0.4853135441279761 (114.075% change)
    iteration    3: trace = 0.4286604779863633 (12.3971% change)
    iteration    4: trace = 0.4091142962074731 (4.66621% change)
    iteration    5: trace = 0.4023977297779918 (1.65532% change)
    iteration    6: trace = 0.3983429062889948 (1.01277% change)
    iteration    7: trace = 0.3966473972124502 (0.426548% change)
    iteration    8: trace = 0.3955035416864004 (0.288797% change)
    iteration    9: trace = 0.3952199767215308 (0.0717229% change)
    iteration   10: trace = 0.3951133176950772 (0.0269909% change)
    iteration   11: trace = 0.3950870853461725 (0.00663942% change)
    iteration   12: trace = 0.3950729364853396 (0.00358126% change)
    iteration   13: trace = 0.3950671835282732 (0.00145619% change)
    iteration   14: trace = 0.3950640456565577 (0.000794266% change)
    iteration   15: trace = 0.3950632084680456 (0.000211912% change)
    iteration   16: trace = 0.3950629306496986 (7.03225e-05% change)
    iteration   17: trace = 0.395062862051746 (1.73638e-05% change)
    iteration   18: trace = 0.3950628328600329 (7.38913e-06% change)
    iteration   19: trace = 0.3950628210183185 (2.99743e-06% change)
    iteration   20: trace = 0.3950628161089636 (1.24268e-06% change)
    iteration   21: trace = 0.3950628150171595 (2.76362e-07% change)
    iteration   22: trace = 0.3950628147991542 (5.51824e-08% change)
    iteration   23: trace = 0.3950628147509904 (1.21914e-08% change)
    iteration   24: trace = 0.3950628147399818 (2.78654e-09% change)
Finished solving for bands 1 to 6 after 24 iterations.
tefreqs:, 1, -0.09, 0.14, 0, 0.143178, 0.064475, 0.148882, 0.171663, 0.300266, 0.322766, 0.380703
elapsed time for k point: 2.7633843421936035
total elapsed time for run: 2.837167739868164
done
Initializing eigensolver data
Computing 6 bands with 1e-10 tolerance
Working in 2 dimensions.
Grid size is 288 x 96 x 1.
Solving for 6 bands at a time.
Creating Maxwell data...
Mesh size is 3.
Lattice vectors:
     (3, 0, 0)
     (0, 1, 0)
     (0, 0, 1)
Cell volume = 3
Reciprocal lattice vectors (/ 2 pi):
     (0.333333, -0, 0)
     (-0, 1, -0)
     (0, -0, 1)
Geometric objects:
     block, center = (0,0,0)
          size (1e+20,1e+20,1)
          axes (1,0,0), (0,1,0), (0,0,1)
     prism, center = (0.0245312,-1.38778e-17,0.5)
          height 1, axis (0,0,1), sidewall angle: 0 radians, 4 vertices:
          (0.274531,0.25,0)
          (-0.225469,0.25,0)
          (-0.225469,-0.25,0)
          (0.274531,-0.25,0)
     prism, center = (1.02453,-1.38778e-17,0.5)
          height 1, axis (0,0,1), sidewall angle: 0 radians, 4 vertices:
          (1.27453,0.25,0)
          (0.774531,0.25,0)
          (0.774531,-0.25,0)
          (1.27453,-0.25,0)
     prism, center = (2.02453,-1.38778e-17,0.5)
          height 1, axis (0,0,1), sidewall angle: 0 radians, 4 vertices:
          (2.27453,0.25,0)
          (1.77453,0.25,0)
          (1.77453,-0.25,0)
          (2.27453,-0.25,0)
Geometric object tree has depth 2 and 21 object nodes (vs. 4 actual objects)
Initializing epsilon function...
Allocating fields...
Solving for band polarization: te.
Initializing fields to random numbers...
1 k-points
  Vector3<-0.09, 0.14, 0.0>
elapsed time for initialization: 0.07515168190002441
solve_kpoint (-0.09,0.14,0):
tefreqs:, k index, k1, k2, k3, kmag/2pi, te band 1, te band 2, te band 3, te band 4, te band 5, te band 6
Solving for bands 1 to 6...
    near maximum in trace
    iteration    1: trace = 2.309648603504918 (199.679% change)
    iteration    2: trace = 0.5085562132240011 (127.818% change)
    iteration    3: trace = 0.4265735267053407 (17.534% change)
    iteration    4: trace = 0.4051823880233739 (5.14361% change)
    iteration    5: trace = 0.3997011745250413 (1.36199% change)
    iteration    6: trace = 0.3973196982962028 (0.597594% change)
    iteration    7: trace = 0.3963988125352795 (0.232043% change)
    iteration    8: trace = 0.3957150150572354 (0.172651% change)
    iteration    9: trace = 0.3954857235780903 (0.0579604% change)
    iteration   10: trace = 0.3954102776029648 (0.0190786% change)
    iteration   11: trace = 0.3953907197919987 (0.00494633% change)
    iteration   12: trace = 0.395382760468693 (0.00201305% change)
    iteration   13: trace = 0.3953795515299166 (0.000811606% change)
    iteration   14: trace = 0.3953780056823868 (0.000390979% change)
    iteration   15: trace = 0.3953775123201128 (0.000124783% change)
    iteration   16: trace = 0.3953773822461819 (3.28987e-05% change)
    iteration   17: trace = 0.3953773488826454 (8.4384e-06% change)
    iteration   18: trace = 0.395377339781467 (2.3019e-06% change)
    iteration   19: trace = 0.395377335763288 (1.01629e-06% change)
    iteration   20: trace = 0.3953773339278269 (4.6423e-07% change)
    iteration   21: trace = 0.3953773331957968 (1.85147e-07% change)
    iteration   22: trace = 0.3953773330380267 (3.99037e-08% change)
    iteration   23: trace = 0.3953773329937342 (1.12026e-08% change)
    iteration   24: trace = 0.3953773329855054 (2.08127e-09% change)
Finished solving for bands 1 to 6 after 24 iterations.
tefreqs:, 1, -0.09, 0.14, 0, 0.143178, 0.0645035, 0.148919, 0.171593, 0.300878, 0.3225, 0.38087
elapsed time for k point: 3.91497802734375
total elapsed time for run: 3.9902336597442627
done
Initializing eigensolver data
Computing 6 bands with 1e-10 tolerance
Working in 2 dimensions.
Grid size is 288 x 96 x 1.
Solving for 6 bands at a time.
Creating Maxwell data...
Mesh size is 3.
Lattice vectors:
     (3, 0, 0)
     (0, 1, 0)
     (0, 0, 1)
Cell volume = 3
Reciprocal lattice vectors (/ 2 pi):
     (0.333333, -0, 0)
     (-0, 1, -0)
     (0, -0, 1)
Geometric objects:
     block, center = (0,0,0)
          size (1e+20,1e+20,1)
          axes (1,0,0), (0,1,0), (0,0,1)
     prism, center = (0.0145312,-1.38778e-17,0.5)
          height 1, axis (0,0,1), sidewall angle: 0 radians, 4 vertices:
          (0.264531,0.25,0)
          (-0.235469,0.25,0)
          (-0.235469,-0.25,0)
          (0.264531,-0.25,0)
     prism, center = (1.01453,-1.38778e-17,0.5)
          height 1, axis (0,0,1), sidewall angle: 0 radians, 4 vertices:
          (1.26453,0.25,0)
          (0.764531,0.25,0)
          (0.764531,-0.25,0)
          (1.26453,-0.25,0)
     prism, center = (2.01453,-1.38778e-17,0.5)
          height 1, axis (0,0,1), sidewall angle: 0 radians, 4 vertices:
          (2.26453,0.25,0)
          (1.76453,0.25,0)
          (1.76453,-0.25,0)
          (2.26453,-0.25,0)
Geometric object tree has depth 2 and 21 object nodes (vs. 4 actual objects)
Initializing epsilon function...
Allocating fields...
Solving for band polarization: te.
Initializing fields to random numbers...
1 k-points
  Vector3<-0.09, 0.14, 0.0>
elapsed time for initialization: 0.047393798828125
solve_kpoint (-0.09,0.14,0):
tefreqs:, k index, k1, k2, k3, kmag/2pi, te band 1, te band 2, te band 3, te band 4, te band 5, te band 6
Solving for bands 1 to 6...
    near maximum in trace
    iteration    1: trace = 2.018593035830204 (199.721% change)
    iteration    2: trace = 0.5072214458769851 (119.674% change)
    iteration    3: trace = 0.4473637880478627 (12.5411% change)
    iteration    4: trace = 0.4226860811088958 (5.67271% change)
    iteration    5: trace = 0.4150310166002983 (1.8276% change)
    iteration    6: trace = 0.408667089472066 (1.54521% change)
    iteration    7: trace = 0.403177858844946 (1.35229% change)
    iteration    8: trace = 0.3979433935758345 (1.30678% change)
    iteration    9: trace = 0.3964570913601708 (0.374195% change)
    iteration   10: trace = 0.3957848242472067 (0.169713% change)
    iteration   11: trace = 0.3955971276893061 (0.0474351% change)
    iteration   12: trace = 0.3954780007339873 (0.0301177% change)
    iteration   13: trace = 0.3954342997553569 (0.0110508% change)
    iteration   14: trace = 0.395415960628893 (0.00463783% change)
    iteration   15: trace = 0.3954125619306155 (0.000859529% change)
    iteration   16: trace = 0.3954115950525388 (0.000244524% change)
    iteration   17: trace = 0.3954113682660504 (5.73546e-05% change)
    iteration   18: trace = 0.3954112376418776 (3.3035e-05% change)
    iteration   19: trace = 0.3954111811769571 (1.42801e-05% change)
    iteration   20: trace = 0.3954111585880006 (5.71278e-06% change)
    iteration   21: trace = 0.3954111537516449 (1.22312e-06% change)
    iteration   22: trace = 0.3954111527261079 (2.5936e-07% change)
    iteration   23: trace = 0.3954111524806457 (6.20777e-08% change)
    iteration   24: trace = 0.3954111524096717 (1.79494e-08% change)
    iteration   25: trace = 0.395411152377521 (8.13095e-09% change)
Finished solving for bands 1 to 6 after 25 iterations.
tefreqs:, 1, -0.09, 0.14, 0, 0.143178, 0.0645077, 0.148922, 0.171596, 0.300888, 0.322509, 0.380895
elapsed time for k point: 3.15097713470459
total elapsed time for run: 3.198871612548828
done
Initializing eigensolver data
Computing 6 bands with 1e-10 tolerance
Working in 2 dimensions.
Grid size is 288 x 96 x 1.
Solving for 6 bands at a time.
Creating Maxwell data...
Mesh size is 3.
Lattice vectors:
     (3, 0, 0)
     (0, 1, 0)
     (0, 0, 1)
Cell volume = 3
Reciprocal lattice vectors (/ 2 pi):
     (0.333333, -0, 0)
     (-0, 1, -0)
     (0, -0, 1)
Geometric objects:
     block, center = (0,0,0)
          size (1e+20,1e+20,1)
          axes (1,0,0), (0,1,0), (0,0,1)
     prism, center = (0.0270312,-1.38778e-17,0.5)
          height 1, axis (0,0,1), sidewall angle: 0 radians, 4 vertices:
          (0.277031,0.25,0)
          (-0.222969,0.25,0)
          (-0.222969,-0.25,0)
          (0.277031,-0.25,0)
     prism, center = (1.02703,-1.38778e-17,0.5)
          height 1, axis (0,0,1), sidewall angle: 0 radians, 4 vertices:
          (1.27703,0.25,0)
          (0.777031,0.25,0)
          (0.777031,-0.25,0)
          (1.27703,-0.25,0)
     prism, center = (2.02703,-1.38778e-17,0.5)
          height 1, axis (0,0,1), sidewall angle: 0 radians, 4 vertices:
          (2.27703,0.25,0)
          (1.77703,0.25,0)
          (1.77703,-0.25,0)
          (2.27703,-0.25,0)
Geometric object tree has depth 2 and 21 object nodes (vs. 4 actual objects)
Initializing epsilon function...
Allocating fields...
Solving for band polarization: te.
Initializing fields to random numbers...
1 k-points
  Vector3<-0.09, 0.14, 0.0>
elapsed time for initialization: 0.03522014617919922
solve_kpoint (-0.09,0.14,0):
tefreqs:, k index, k1, k2, k3, kmag/2pi, te band 1, te band 2, te band 3, te band 4, te band 5, te band 6
Solving for bands 1 to 6...
    near maximum in trace
    iteration    1: trace = 2.297972737124003 (199.683% change)
    iteration    2: trace = 0.6087804017047617 (116.225% change)
    iteration    3: trace = 0.4428839372444967 (31.5493% change)
    iteration    4: trace = 0.4106667184295471 (7.54899% change)
    iteration    5: trace = 0.3991171758688258 (2.8525% change)
    iteration    6: trace = 0.3968837859507511 (0.561153% change)
    iteration    7: trace = 0.396024242070535 (0.216808% change)
    iteration    8: trace = 0.3957001849015243 (0.0818611% change)
    iteration    9: trace = 0.3954662921856597 (0.059126% change)
    iteration   10: trace = 0.39538587554794 (0.0203367% change)
    iteration   11: trace = 0.3953560232795421 (0.00755045% change)
    iteration   12: trace = 0.3953503272039561 (0.00144076% change)
    iteration   13: trace = 0.395348292688468 (0.000514612% change)
    iteration   14: trace = 0.395347508896023 (0.000198254% change)
    iteration   15: trace = 0.3953471053489764 (0.000102074% change)
    iteration   16: trace = 0.3953469803750779 (3.16112e-05% change)
    iteration   17: trace = 0.3953469428671659 (9.48734e-06% change)
    iteration   18: trace = 0.3953469343958747 (2.14275e-06% change)
    iteration   19: trace = 0.3953469319036613 (6.30386e-07% change)
    iteration   20: trace = 0.3953469310454973 (2.17066e-07% change)
    iteration   21: trace = 0.3953469306540081 (9.90242e-08% change)
    iteration   22: trace = 0.3953469304872169 (4.21886e-08% change)
    iteration   23: trace = 0.3953469304313202 (1.41386e-08% change)
    iteration   24: trace = 0.3953469304158643 (3.90946e-09% change)
Finished solving for bands 1 to 6 after 24 iterations.
tefreqs:, 1, -0.09, 0.14, 0, 0.143178, 0.0644983, 0.14892, 0.171593, 0.300879, 0.322497, 0.380832
elapsed time for k point: 3.473553419113159
total elapsed time for run: 3.50887393951416
done
Initializing eigensolver data
Computing 6 bands with 1e-10 tolerance
Working in 2 dimensions.
Grid size is 288 x 96 x 1.
Solving for 6 bands at a time.
Creating Maxwell data...
Mesh size is 3.
Lattice vectors:
     (3, 0, 0)
     (0, 1, 0)
     (0, 0, 1)
Cell volume = 3
Reciprocal lattice vectors (/ 2 pi):
     (0.333333, -0, 0)
     (-0, 1, -0)
     (0, -0, 1)
Geometric objects:
     block, center = (0,0,0)
          size (1e+20,1e+20,1)
          axes (1,0,0), (0,1,0), (0,0,1)
     prism, center = (0.0120312,-1.38778e-17,0.5)
          height 1, axis (0,0,1), sidewall angle: 0 radians, 4 vertices:
          (0.262031,0.25,0)
          (-0.237969,0.25,0)
          (-0.237969,-0.25,0)
          (0.262031,-0.25,0)
     prism, center = (1.01203,-1.38778e-17,0.5)
          height 1, axis (0,0,1), sidewall angle: 0 radians, 4 vertices:
          (1.26203,0.25,0)
          (0.762031,0.25,0)
          (0.762031,-0.25,0)
          (1.26203,-0.25,0)
     prism, center = (2.01203,-1.38778e-17,0.5)
          height 1, axis (0,0,1), sidewall angle: 0 radians, 4 vertices:
          (2.26203,0.25,0)
          (1.76203,0.25,0)
          (1.76203,-0.25,0)
          (2.26203,-0.25,0)
Geometric object tree has depth 2 and 21 object nodes (vs. 4 actual objects)
Initializing epsilon function...
Allocating fields...
Solving for band polarization: te.
Initializing fields to random numbers...
1 k-points
  Vector3<-0.09, 0.14, 0.0>
elapsed time for initialization: 0.06629133224487305
solve_kpoint (-0.09,0.14,0):
tefreqs:, k index, k1, k2, k3, kmag/2pi, te band 1, te band 2, te band 3, te band 4, te band 5, te band 6
Solving for bands 1 to 6...
    near maximum in trace
    iteration    1: trace = 2.528812949218764 (199.649% change)
    iteration    2: trace = 0.6088363197853122 (122.383% change)
    iteration    3: trace = 0.4419904285823147 (31.7552% change)
    iteration    4: trace = 0.4177154354149163 (5.64728% change)
    iteration    5: trace = 0.4072988248745827 (2.5252% change)
    iteration    6: trace = 0.4029080756071997 (1.08386% change)
    iteration    7: trace = 0.3987422454079512 (1.03931% change)
    iteration    8: trace = 0.3967691373534779 (0.49606% change)
    iteration    9: trace = 0.3957574335106825 (0.255311% change)
    iteration   10: trace = 0.3955231517917606 (0.0592158% change)
    iteration   11: trace = 0.3954272151449367 (0.0242586% change)
    iteration   12: trace = 0.3953924511475392 (0.00879189% change)
    iteration   13: trace = 0.3953731174595869 (0.00488987% change)
    iteration   14: trace = 0.3953682731199036 (0.00122527% change)
    iteration   15: trace = 0.3953667625120744 (0.000382077% change)
    iteration   16: trace = 0.3953664826962188 (7.07738e-05% change)
    iteration   17: trace = 0.395366399176526 (2.11246e-05% change)
    iteration   18: trace = 0.3953663735500176 (6.48171e-06% change)
    iteration   19: trace = 0.3953663606021542 (3.2749e-06% change)
    iteration   20: trace = 0.3953663542022033 (1.61874e-06% change)
    iteration   21: trace = 0.3953663515877536 (6.61273e-07% change)
    iteration   22: trace = 0.3953663509681337 (1.5672e-07% change)
    iteration   23: trace = 0.395366350831291 (3.46116e-08% change)
    iteration   24: trace = 0.39536635079051 (1.03147e-08% change)
    iteration   25: trace = 0.3953663507766123 (3.51513e-09% change)
Finished solving for bands 1 to 6 after 25 iterations.
tefreqs:, 1, -0.09, 0.14, 0, 0.143178, 0.0645023, 0.148917, 0.171591, 0.30087, 0.322494, 0.380869
elapsed time for k point: 2.208848476409912
total elapsed time for run: 2.2752671241760254
done
Initializing eigensolver data
Computing 6 bands with 1e-10 tolerance
Working in 2 dimensions.
Grid size is 288 x 96 x 1.
Solving for 6 bands at a time.
Creating Maxwell data...
Mesh size is 3.
Lattice vectors:
     (3, 0, 0)
     (0, 1, 0)
     (0, 0, 1)
Cell volume = 3
Reciprocal lattice vectors (/ 2 pi):
     (0.333333, -0, 0)
     (-0, 1, -0)
     (0, -0, 1)
Geometric objects:
     block, center = (0,0,0)
          size (1e+20,1e+20,1)
          axes (1,0,0), (0,1,0), (0,0,1)
     prism, center = (0.0295312,-1.38778e-17,0.5)
          height 1, axis (0,0,1), sidewall angle: 0 radians, 4 vertices:
          (0.279531,0.25,0)
          (-0.220469,0.25,0)
          (-0.220469,-0.25,0)
          (0.279531,-0.25,0)
     prism, center = (1.02953,-1.38778e-17,0.5)
          height 1, axis (0,0,1), sidewall angle: 0 radians, 4 vertices:
          (1.27953,0.25,0)
          (0.779531,0.25,0)
          (0.779531,-0.25,0)
          (1.27953,-0.25,0)
     prism, center = (2.02953,-1.38778e-17,0.5)
          height 1, axis (0,0,1), sidewall angle: 0 radians, 4 vertices:
          (2.27953,0.25,0)
          (1.77953,0.25,0)
          (1.77953,-0.25,0)
          (2.27953,-0.25,0)
Geometric object tree has depth 2 and 21 object nodes (vs. 4 actual objects)
Initializing epsilon function...
Allocating fields...
Solving for band polarization: te.
Initializing fields to random numbers...
1 k-points
  Vector3<-0.09, 0.14, 0.0>
elapsed time for initialization: 0.03567004203796387
solve_kpoint (-0.09,0.14,0):
tefreqs:, k index, k1, k2, k3, kmag/2pi, te band 1, te band 2, te band 3, te band 4, te band 5, te band 6
Solving for bands 1 to 6...
    near maximum in trace
    iteration    1: trace = 2.53122641725553 (199.653% change)
    iteration    2: trace = 0.7306707951710419 (110.399% change)
    iteration    3: trace = 0.462630939662833 (44.9241% change)
    iteration    4: trace = 0.4242823045797799 (8.64766% change)
    iteration    5: trace = 0.4039891997277077 (4.90011% change)
    iteration    6: trace = 0.3999325063993159 (1.00923% change)
    iteration    7: trace = 0.3975811920684408 (0.589661% change)
    iteration    8: trace = 0.3964415284731227 (0.287061% change)
    iteration    9: trace = 0.3956237978021073 (0.206481% change)
    iteration   10: trace = 0.3954387747919043 (0.0467784% change)
    iteration   11: trace = 0.395383206737579 (0.0140532% change)
    iteration   12: trace = 0.3953725321817039 (0.00269984% change)
    iteration   13: trace = 0.3953671589670286 (0.00135904% change)
    iteration   14: trace = 0.3953647253947157 (0.000615524% change)
    iteration   15: trace = 0.3953635789517865 (0.000289971% change)
    iteration   16: trace = 0.3953633095358028 (6.81439e-05% change)
    iteration   17: trace = 0.3953632393119275 (1.77619e-05% change)
    iteration   18: trace = 0.3953632230147617 (4.12207e-06% change)
    iteration   19: trace = 0.3953632172097212 (1.46828e-06% change)
    iteration   20: trace = 0.3953632146391495 (6.5018e-07% change)
    iteration   21: trace = 0.3953632135223007 (2.82487e-07% change)
    iteration   22: trace = 0.3953632131995722 (8.16284e-08% change)
    iteration   23: trace = 0.395363213122067 (1.96035e-08% change)
    iteration   24: trace = 0.3953632131026431 (4.91291e-09% change)
Finished solving for bands 1 to 6 after 24 iterations.
tefreqs:, 1, -0.09, 0.14, 0, 0.143178, 0.0645019, 0.148916, 0.17159, 0.300869, 0.322493, 0.380867
elapsed time for k point: 2.28450083732605
total elapsed time for run: 2.3202576637268066
done
Initializing eigensolver data
Computing 6 bands with 1e-10 tolerance
Working in 2 dimensions.
Grid size is 288 x 96 x 1.
Solving for 6 bands at a time.
Creating Maxwell data...
Mesh size is 3.
Lattice vectors:
     (3, 0, 0)
     (0, 1, 0)
     (0, 0, 1)
Cell volume = 3
Reciprocal lattice vectors (/ 2 pi):
     (0.333333, -0, 0)
     (-0, 1, -0)
     (0, -0, 1)
Geometric objects:
     block, center = (0,0,0)
          size (1e+20,1e+20,1)
          axes (1,0,0), (0,1,0), (0,0,1)
     prism, center = (0.00953125,-1.38778e-17,0.5)
          height 1, axis (0,0,1), sidewall angle: 0 radians, 4 vertices:
          (0.259531,0.25,0)
          (-0.240469,0.25,0)
          (-0.240469,-0.25,0)
          (0.259531,-0.25,0)
     prism, center = (1.00953,-1.38778e-17,0.5)
          height 1, axis (0,0,1), sidewall angle: 0 radians, 4 vertices:
          (1.25953,0.25,0)
          (0.759531,0.25,0)
          (0.759531,-0.25,0)
          (1.25953,-0.25,0)
     prism, center = (2.00953,-1.38778e-17,0.5)
          height 1, axis (0,0,1), sidewall angle: 0 radians, 4 vertices:
          (2.25953,0.25,0)
          (1.75953,0.25,0)
          (1.75953,-0.25,0)
          (2.25953,-0.25,0)
Geometric object tree has depth 2 and 21 object nodes (vs. 4 actual objects)
Initializing epsilon function...
Allocating fields...
Solving for band polarization: te.
Initializing fields to random numbers...
1 k-points
  Vector3<-0.09, 0.14, 0.0>
elapsed time for initialization: 0.0315556526184082
solve_kpoint (-0.09,0.14,0):
tefreqs:, k index, k1, k2, k3, kmag/2pi, te band 1, te band 2, te band 3, te band 4, te band 5, te band 6
Solving for bands 1 to 6...
    near maximum in trace
    iteration    1: trace = 2.294422744193406 (199.683% change)
    iteration    2: trace = 0.5741242396486912 (119.942% change)
    iteration    3: trace = 0.4299558557977814 (28.7165% change)
    iteration    4: trace = 0.4070318119733082 (5.47775% change)
    iteration    5: trace = 0.3988000103401749 (2.04306% change)
    iteration    6: trace = 0.3968978898520787 (0.478101% change)
    iteration    7: trace = 0.3958892123419293 (0.254464% change)
    iteration    8: trace = 0.395480750044802 (0.103229% change)
    iteration    9: trace = 0.3951910671863368 (0.0732751% change)
    iteration   10: trace = 0.3951160640465485 (0.0189808% change)
    iteration   11: trace = 0.3950930504302284 (0.00582469% change)
    iteration   12: trace = 0.3950888900990596 (0.00105301% change)
    iteration   13: trace = 0.3950870475948967 (0.000466353% change)
    iteration   14: trace = 0.3950863910932327 (0.000166166% change)
    iteration   15: trace = 0.3950860285926076 (9.17523e-05% change)
    iteration   16: trace = 0.3950859285331488 (2.5326e-05% change)
    iteration   17: trace = 0.3950858955121113 (8.35794e-06% change)
    iteration   18: trace = 0.3950858894264696 (1.54033e-06% change)
    iteration   19: trace = 0.3950858876841211 (4.41005e-07% change)
    iteration   20: trace = 0.3950858870957017 (1.48935e-07% change)
    iteration   21: trace = 0.3950858867978901 (7.5379e-08% change)
    iteration   22: trace = 0.3950858867004645 (2.46593e-08% change)
    iteration   23: trace = 0.3950858866704357 (7.60058e-09% change)
Finished solving for bands 1 to 6 after 23 iterations.
tefreqs:, 1, -0.09, 0.14, 0, 0.143178, 0.0644645, 0.148897, 0.171574, 0.300814, 0.322432, 0.380619
elapsed time for k point: 2.288332223892212
total elapsed time for run: 2.3199799060821533
done
Initializing eigensolver data
Computing 6 bands with 1e-10 tolerance
Working in 2 dimensions.
Grid size is 288 x 96 x 1.
Solving for 6 bands at a time.
Creating Maxwell data...
Mesh size is 3.
Lattice vectors:
     (3, 0, 0)
     (0, 1, 0)
     (0, 0, 1)
Cell volume = 3
Reciprocal lattice vectors (/ 2 pi):
     (0.333333, -0, 0)
     (-0, 1, -0)
     (0, -0, 1)
Geometric objects:
     block, center = (0,0,0)
          size (1e+20,1e+20,1)
          axes (1,0,0), (0,1,0), (0,0,1)
     prism, center = (0.0345312,-1.38778e-17,0.5)
          height 1, axis (0,0,1), sidewall angle: 0 radians, 4 vertices:
          (0.284531,0.25,0)
          (-0.215469,0.25,0)
          (-0.215469,-0.25,0)
          (0.284531,-0.25,0)
     prism, center = (1.03453,-1.38778e-17,0.5)
          height 1, axis (0,0,1), sidewall angle: 0 radians, 4 vertices:
          (1.28453,0.25,0)
          (0.784531,0.25,0)
          (0.784531,-0.25,0)
          (1.28453,-0.25,0)
     prism, center = (2.03453,-1.38778e-17,0.5)
          height 1, axis (0,0,1), sidewall angle: 0 radians, 4 vertices:
          (2.28453,0.25,0)
          (1.78453,0.25,0)
          (1.78453,-0.25,0)
          (2.28453,-0.25,0)
Geometric object tree has depth 2 and 21 object nodes (vs. 4 actual objects)
Initializing epsilon function...
Allocating fields...
Solving for band polarization: te.
Initializing fields to random numbers...
1 k-points
  Vector3<-0.09, 0.14, 0.0>
elapsed time for initialization: 0.03189396858215332
solve_kpoint (-0.09,0.14,0):
tefreqs:, k index, k1, k2, k3, kmag/2pi, te band 1, te band 2, te band 3, te band 4, te band 5, te band 6
Solving for bands 1 to 6...
    near maximum in trace
    iteration    1: trace = 2.126003165808943 (199.707% change)
    iteration    2: trace = 0.6122556140578526 (110.563% change)
    iteration    3: trace = 0.4467446659414741 (31.258% change)
    iteration    4: trace = 0.4303730170302331 (3.73306% change)
    iteration    5: trace = 0.423049917752194 (1.71617% change)
    iteration    6: trace = 0.4211657987549832 (0.44636% change)
    iteration    7: trace = 0.4198292262413141 (0.317855% change)
    iteration    8: trace = 0.4187514328353754 (0.257052% change)
    large trace change predicted (0.787127%)
    iteration    9: trace = 0.4157465602999525 (0.720163% change)
    iteration   10: trace = 0.4108276291455083 (1.1902% change)
    iteration   11: trace = 0.405494473050756 (1.30663% change)
    iteration   12: trace = 0.4010075996932015 (1.11267% change)
    iteration   13: trace = 0.3980172244228275 (0.748506% change)
    iteration   14: trace = 0.3963914961209308 (0.409293% change)
    iteration   15: trace = 0.3956648286785389 (0.183489% change)
    iteration   16: trace = 0.395462506498806 (0.0511478% change)
    iteration   17: trace = 0.3953956557070219 (0.0169059% change)
    iteration   18: trace = 0.3953733939099761 (0.00563042% change)
    iteration   19: trace = 0.3953644480983349 (0.00226265% change)
    iteration   20: trace = 0.3953603546878063 (0.00103536% change)
    iteration   21: trace = 0.3953589272013508 (0.00036106% change)
    iteration   22: trace = 0.3953585112836692 (0.0001052% change)
    iteration   23: trace = 0.3953583659991559 (3.67475e-05% change)
    iteration   24: trace = 0.3953583067953756 (1.49747e-05% change)
    iteration   25: trace = 0.3953582882689773 (4.68598e-06% change)
    iteration   26: trace = 0.3953582813211998 (1.75734e-06% change)
    iteration   27: trace = 0.3953582791683666 (5.44527e-07% change)
    iteration   28: trace = 0.3953582784463045 (1.82635e-07% change)
    iteration   29: trace = 0.3953582781793202 (6.75297e-08% change)
    iteration   30: trace = 0.3953582780691861 (2.78568e-08% change)
    iteration   31: trace = 0.3953582780246517 (1.12643e-08% change)
    iteration   32: trace = 0.39535827801107 (3.43527e-09% change)
Finished solving for bands 1 to 6 after 32 iterations.
tefreqs:, 1, -0.09, 0.14, 0, 0.143178, 0.0645011, 0.148917, 0.171591, 0.300872, 0.322494, 0.380857
elapsed time for k point: 2.8009438514709473
total elapsed time for run: 2.832915782928467
done
Initializing eigensolver data
Computing 6 bands with 1e-10 tolerance
Working in 2 dimensions.
Grid size is 288 x 96 x 1.
Solving for 6 bands at a time.
Creating Maxwell data...
Mesh size is 3.
Lattice vectors:
     (3, 0, 0)
     (0, 1, 0)
     (0, 0, 1)
Cell volume = 3
Reciprocal lattice vectors (/ 2 pi):
     (0.333333, -0, 0)
     (-0, 1, -0)
     (0, -0, 1)
Geometric objects:
     block, center = (0,0,0)
          size (1e+20,1e+20,1)
          axes (1,0,0), (0,1,0), (0,0,1)
     prism, center = (0.00453125,-1.38778e-17,0.5)
          height 1, axis (0,0,1), sidewall angle: 0 radians, 4 vertices:
          (0.254531,0.25,0)
          (-0.245469,0.25,0)
          (-0.245469,-0.25,0)
          (0.254531,-0.25,0)
     prism, center = (1.00453,-1.38778e-17,0.5)
          height 1, axis (0,0,1), sidewall angle: 0 radians, 4 vertices:
          (1.25453,0.25,0)
          (0.754531,0.25,0)
          (0.754531,-0.25,0)
          (1.25453,-0.25,0)
     prism, center = (2.00453,-1.38778e-17,0.5)
          height 1, axis (0,0,1), sidewall angle: 0 radians, 4 vertices:
          (2.25453,0.25,0)
          (1.75453,0.25,0)
          (1.75453,-0.25,0)
          (2.25453,-0.25,0)
Geometric object tree has depth 2 and 21 object nodes (vs. 4 actual objects)
Initializing epsilon function...
Allocating fields...
Solving for band polarization: te.
Initializing fields to random numbers...
1 k-points
  Vector3<-0.09, 0.14, 0.0>
elapsed time for initialization: 0.03397655487060547
solve_kpoint (-0.09,0.14,0):
tefreqs:, k index, k1, k2, k3, kmag/2pi, te band 1, te band 2, te band 3, te band 4, te band 5, te band 6
Solving for bands 1 to 6...
    near maximum in trace
    iteration    1: trace = 2.027768477190963 (199.721% change)
    iteration    2: trace = 0.4851132333715268 (122.78% change)
    iteration    3: trace = 0.4280916763335012 (12.4882% change)
    iteration    4: trace = 0.4078168985803273 (4.85096% change)
    iteration    5: trace = 0.4020714233733609 (1.41883% change)
    iteration    6: trace = 0.3988413175158811 (0.806606% change)
    iteration    7: trace = 0.3972568889986491 (0.398049% change)
    iteration    8: trace = 0.3959448017538083 (0.330833% change)
    iteration    9: trace = 0.3956292195740885 (0.0797354% change)
    iteration   10: trace = 0.3955124023163778 (0.0295313% change)
    iteration   11: trace = 0.3954849432878136 (0.00694289% change)
    iteration   12: trace = 0.3954735088765534 (0.00289128% change)
    iteration   13: trace = 0.3954693276893985 (0.00105727% change)
    iteration   14: trace = 0.395467288119604 (0.000515735% change)
    iteration   15: trace = 0.3954667042312097 (0.000147645% change)
    iteration   16: trace = 0.3954665056752495 (5.0208e-05% change)
    iteration   17: trace = 0.3954664571960756 (1.22587e-05% change)
    iteration   18: trace = 0.3954664425703958 (3.69834e-06% change)
    iteration   19: trace = 0.3954664371967982 (1.3588e-06% change)
    iteration   20: trace = 0.3954664342770927 (7.38294e-07% change)
    iteration   21: trace = 0.3954664331315111 (2.89679e-07% change)
    iteration   22: trace = 0.3954664328743654 (6.50234e-08% change)
    iteration   23: trace = 0.395466432817199 (1.44554e-08% change)
    iteration   24: trace = 0.3954664328045521 (3.19798e-09% change)
Finished solving for bands 1 to 6 after 24 iterations.
tefreqs:, 1, -0.09, 0.14, 0, 0.143178, 0.064515, 0.148928, 0.171601, 0.300903, 0.322524, 0.380937
elapsed time for k point: 2.000189781188965
total elapsed time for run: 2.034330129623413
done
Initializing eigensolver data
Computing 6 bands with 1e-10 tolerance
Working in 2 dimensions.
Grid size is 288 x 96 x 1.
Solving for 6 bands at a time.
Creating Maxwell data...
Mesh size is 3.
Lattice vectors:
     (3, 0, 0)
     (0, 1, 0)
     (0, 0, 1)
Cell volume = 3
Reciprocal lattice vectors (/ 2 pi):
     (0.333333, -0, 0)
     (-0, 1, -0)
     (0, -0, 1)
Geometric objects:
     block, center = (0,0,0)
          size (1e+20,1e+20,1)
          axes (1,0,0), (0,1,0), (0,0,1)
     prism, center = (0.0395312,-1.38778e-17,0.5)
          height 1, axis (0,0,1), sidewall angle: 0 radians, 4 vertices:
          (0.289531,0.25,0)
          (-0.210469,0.25,0)
          (-0.210469,-0.25,0)
          (0.289531,-0.25,0)
     prism, center = (1.03953,-1.38778e-17,0.5)
          height 1, axis (0,0,1), sidewall angle: 0 radians, 4 vertices:
          (1.28953,0.25,0)
          (0.789531,0.25,0)
          (0.789531,-0.25,0)
          (1.28953,-0.25,0)
     prism, center = (2.03953,-1.38778e-17,0.5)
          height 1, axis (0,0,1), sidewall angle: 0 radians, 4 vertices:
          (2.28953,0.25,0)
          (1.78953,0.25,0)
          (1.78953,-0.25,0)
          (2.28953,-0.25,0)
Geometric object tree has depth 2 and 21 object nodes (vs. 4 actual objects)
Initializing epsilon function...
Allocating fields...
Solving for band polarization: te.
Initializing fields to random numbers...
1 k-points
  Vector3<-0.09, 0.14, 0.0>
elapsed time for initialization: 0.031846046447753906
solve_kpoint (-0.09,0.14,0):
tefreqs:, k index, k1, k2, k3, kmag/2pi, te band 1, te band 2, te band 3, te band 4, te band 5, te band 6
Solving for bands 1 to 6...
    near maximum in trace
    iteration    1: trace = 2.204540189805411 (199.697% change)
    iteration    2: trace = 0.5372231400567203 (121.624% change)
    iteration    3: trace = 0.4526679699028719 (17.0837% change)
    iteration    4: trace = 0.4199272857329439 (7.50421% change)
    iteration    5: trace = 0.407745229802503 (2.94369% change)
    iteration    6: trace = 0.4009873751476402 (1.67122% change)
    iteration    7: trace = 0.398205034591845 (0.696288% change)
    iteration    8: trace = 0.3961415247099322 (0.519549% change)
    iteration    9: trace = 0.3954729244870494 (0.168921% change)
    iteration   10: trace = 0.3952266325423616 (0.0622972% change)
    iteration   11: trace = 0.3951686179900702 (0.0146799% change)
    iteration   12: trace = 0.3951343385193343 (0.00867502% change)
    iteration   13: trace = 0.3951201189028298 (0.00359874% change)
    iteration   14: trace = 0.3951139412794777 (0.00156349% change)
    iteration   15: trace = 0.3951125623863518 (0.000348987% change)
    iteration   16: trace = 0.3951121733638343 (9.84587e-05% change)
    iteration   17: trace = 0.395112096143717 (1.95438e-05% change)
    iteration   18: trace = 0.3951120728153711 (5.90423e-06% change)
    iteration   19: trace = 0.3951120632797612 (2.41339e-06% change)
    iteration   20: trace = 0.3951120578239931 (1.38082e-06% change)
    iteration   21: trace = 0.3951120561369805 (4.26971e-07% change)
    iteration   22: trace = 0.3951120557006814 (1.10424e-07% change)
    iteration   23: trace = 0.3951120556005187 (2.53505e-08% change)
    iteration   24: trace = 0.3951120555767564 (6.01406e-09% change)
Finished solving for bands 1 to 6 after 24 iterations.
tefreqs:, 1, -0.09, 0.14, 0, 0.143178, 0.0644688, 0.1489, 0.171573, 0.300819, 0.322434, 0.380646
elapsed time for k point: 1.947763204574585
total elapsed time for run: 1.979689121246338
done
Initializing eigensolver data
Computing 6 bands with 1e-10 tolerance
Working in 2 dimensions.
Grid size is 288 x 96 x 1.
Solving for 6 bands at a time.
Creating Maxwell data...
Mesh size is 3.
Lattice vectors:
     (3, 0, 0)
     (0, 1, 0)
     (0, 0, 1)
Cell volume = 3
Reciprocal lattice vectors (/ 2 pi):
     (0.333333, -0, 0)
     (-0, 1, -0)
     (0, -0, 1)
Geometric objects:
     block, center = (0,0,0)
          size (1e+20,1e+20,1)
          axes (1,0,0), (0,1,0), (0,0,1)
     prism, center = (-0.00046875,-1.38778e-17,0.5)
          height 1, axis (0,0,1), sidewall angle: 0 radians, 4 vertices:
          (0.249531,0.25,0)
          (-0.250469,0.25,0)
          (-0.250469,-0.25,0)
          (0.249531,-0.25,0)
     prism, center = (0.999531,-1.38778e-17,0.5)
          height 1, axis (0,0,1), sidewall angle: 0 radians, 4 vertices:
          (1.24953,0.25,0)
          (0.749531,0.25,0)
          (0.749531,-0.25,0)
          (1.24953,-0.25,0)
     prism, center = (1.99953,-1.38778e-17,0.5)
          height 1, axis (0,0,1), sidewall angle: 0 radians, 4 vertices:
          (2.24953,0.25,0)
          (1.74953,0.25,0)
          (1.74953,-0.25,0)
          (2.24953,-0.25,0)
Geometric object tree has depth 2 and 21 object nodes (vs. 4 actual objects)
Initializing epsilon function...
Allocating fields...
Solving for band polarization: te.
Initializing fields to random numbers...
1 k-points
  Vector3<-0.09, 0.14, 0.0>
elapsed time for initialization: 0.04627656936645508
solve_kpoint (-0.09,0.14,0):
tefreqs:, k index, k1, k2, k3, kmag/2pi, te band 1, te band 2, te band 3, te band 4, te band 5, te band 6
Solving for bands 1 to 6...
    near maximum in trace
    iteration    1: trace = 2.137992498765936 (199.705% change)
    iteration    2: trace = 0.5152043882616044 (122.327% change)
    iteration    3: trace = 0.4492479437613494 (13.6775% change)
    iteration    4: trace = 0.4241523627747608 (5.74664% change)
    iteration    5: trace = 0.4136722391992415 (2.50175% change)
    iteration    6: trace = 0.4055618168585659 (1.98% change)
    iteration    7: trace = 0.4008668798223243 (1.16438% change)
    iteration    8: trace = 0.3969389277809869 (0.984689% change)
    iteration    9: trace = 0.3958419802719922 (0.276734% change)
    iteration   10: trace = 0.3954698978280742 (0.0940419% change)
    iteration   11: trace = 0.3953954764963233 (0.0188202% change)
    iteration   12: trace = 0.3953638975586034 (0.00798699% change)
    iteration   13: trace = 0.3953542063483322 (0.00245124% change)
    iteration   14: trace = 0.3953488652892987 (0.00135096% change)
    iteration   15: trace = 0.3953470262897032 (0.00046516% change)
    iteration   16: trace = 0.3953464016989574 (0.000157986% change)
    iteration   17: trace = 0.3953462521609556 (3.78246e-05% change)
    iteration   18: trace = 0.3953461920768792 (1.51978e-05% change)
    iteration   19: trace = 0.3953461656440886 (6.68599e-06% change)
    iteration   20: trace = 0.3953461511945527 (3.65491e-06% change)
    iteration   21: trace = 0.3953461466902305 (1.13934e-06% change)
    iteration   22: trace = 0.3953461455087044 (2.98859e-07% change)
    iteration   23: trace = 0.3953461452612058 (6.2603e-08% change)
    iteration   24: trace = 0.3953461452134804 (1.20718e-08% change)
    iteration   25: trace = 0.3953461451972202 (4.11289e-09% change)
Finished solving for bands 1 to 6 after 25 iterations.
tefreqs:, 1, -0.09, 0.14, 0, 0.143178, 0.0644949, 0.148915, 0.17159, 0.300875, 0.322499, 0.380836
elapsed time for k point: 2.3016958236694336
total elapsed time for run: 2.3480618000030518
done
Initializing eigensolver data
Computing 6 bands with 1e-10 tolerance
Working in 2 dimensions.
Grid size is 288 x 96 x 1.
Solving for 6 bands at a time.
Creating Maxwell data...
Mesh size is 3.
Lattice vectors:
     (3, 0, 0)
     (0, 1, 0)
     (0, 0, 1)
Cell volume = 3
Reciprocal lattice vectors (/ 2 pi):
     (0.333333, -0, 0)
     (-0, 1, -0)
     (0, -0, 1)
Geometric objects:
     block, center = (0,0,0)
          size (1e+20,1e+20,1)
          axes (1,0,0), (0,1,0), (0,0,1)
     prism, center = (0.0323438,0,0.5)
          height 1, axis (0,0,1), sidewall angle: 0 radians, 4 vertices:
          (-0.217656,-0.25,0)
          (-0.217656,0.25,0)
          (0.282344,0.25,0)
          (0.282344,-0.25,0)
     prism, center = (1.02234,0,0.5)
          height 1, axis (0,0,1), sidewall angle: 0 radians, 4 vertices:
          (0.772344,-0.25,0)
          (0.772344,0.25,0)
          (1.27234,0.25,0)
          (1.27234,-0.25,0)
     prism, center = (2.02734,0,0.5)
          height 1, axis (0,0,1), sidewall angle: 0 radians, 4 vertices:
          (1.77734,-0.25,0)
          (1.77734,0.25,0)
          (2.27734,0.25,0)
          (2.27734,-0.25,0)
Geometric object tree has depth 2 and 21 object nodes (vs. 4 actual objects)
Initializing epsilon function...
Allocating fields...
Solving for band polarization: te.
Initializing fields to random numbers...
1 k-points
  Vector3<-0.09, 0.14, 0.0>
elapsed time for initialization: 0.032514333724975586
solve_kpoint (-0.09,0.14,0):
tefreqs:, k index, k1, k2, k3, kmag/2pi, te band 1, te band 2, te band 3, te band 4, te band 5, te band 6
Solving for bands 1 to 6...
    near maximum in trace
    iteration    1: trace = 2.302502848307346 (199.683% change)
    iteration    2: trace = 0.6719502664956538 (109.637% change)
    iteration    3: trace = 0.444552189040924 (40.734% change)
    iteration    4: trace = 0.4228147542951067 (5.01228% change)
    iteration    5: trace = 0.4113119876297824 (2.75804% change)
    iteration    6: trace = 0.407047479732469 (1.04221% change)
    iteration    7: trace = 0.4020823643819459 (1.22727% change)
    iteration    8: trace = 0.398845519340124 (0.808274% change)
    iteration    9: trace = 0.3969431773815655 (0.478102% change)
    iteration   10: trace = 0.396588587548769 (0.08937% change)
    iteration   11: trace = 0.3964654147617533 (0.0310629% change)
    iteration   12: trace = 0.3964298167759565 (0.00897924% change)
    iteration   13: trace = 0.3964076821277028 (0.00558365% change)
    iteration   14: trace = 0.3964005688633657 (0.00179445% change)
    iteration   15: trace = 0.3963982814253644 (0.000577054% change)
    iteration   16: trace = 0.3963978003349813 (0.000121365% change)
    iteration   17: trace = 0.3963976246399843 (4.43229e-05% change)
    iteration   18: trace = 0.3963975659019541 (1.4818e-05% change)
    iteration   19: trace = 0.3963975381548104 (6.99983e-06% change)
    iteration   20: trace = 0.3963975260007403 (3.06613e-06% change)
    iteration   21: trace = 0.3963975218864063 (1.03793e-06% change)
    iteration   22: trace = 0.3963975208941908 (2.50308e-07% change)
    iteration   23: trace = 0.3963975206617565 (5.86367e-08% change)
    iteration   24: trace = 0.396397520574815 (2.19329e-08% change)
    iteration   25: trace = 0.3963975205384222 (9.18088e-09% change)
Finished solving for bands 1 to 6 after 25 iterations.
tefreqs:, 1, -0.09, 0.14, 0, 0.143178, 0.0645127, 0.14908, 0.171772, 0.301474, 0.323149, 0.381042
elapsed time for k point: 3.3148767948150635
total elapsed time for run: 3.347487688064575
done
Initializing eigensolver data
Computing 6 bands with 1e-10 tolerance
Working in 2 dimensions.
Grid size is 288 x 96 x 1.
Solving for 6 bands at a time.
Creating Maxwell data...
Mesh size is 3.
Lattice vectors:
     (3, 0, 0)
     (0, 1, 0)
     (0, 0, 1)
Cell volume = 3
Reciprocal lattice vectors (/ 2 pi):
     (0.333333, -0, 0)
     (-0, 1, -0)
     (0, -0, 1)
Geometric objects:
     block, center = (0,0,0)
          size (1e+20,1e+20,1)
          axes (1,0,0), (0,1,0), (0,0,1)
     prism, center = (1.03234,0,0.5)
          height 1, axis (0,0,1), sidewall angle: 0 radians, 4 vertices:
          (0.782344,-0.25,0)
          (0.782344,0.25,0)
          (1.28234,0.25,0)
          (1.28234,-0.25,0)
     prism, center = (2.02734,0,0.5)
          height 1, axis (0,0,1), sidewall angle: 0 radians, 4 vertices:
          (1.77734,-0.25,0)
          (1.77734,0.25,0)
          (2.27734,0.25,0)
          (2.27734,-0.25,0)
     prism, center = (3.02234,0,0.5)
          height 1, axis (0,0,1), sidewall angle: 0 radians, 4 vertices:
          (2.77234,-0.25,0)
          (2.77234,0.25,0)
          (3.27234,0.25,0)
          (3.27234,-0.25,0)
Geometric object tree has depth 2 and 21 object nodes (vs. 4 actual objects)
Initializing epsilon function...
Allocating fields...
Solving for band polarization: te.
Initializing fields to random numbers...
1 k-points
  Vector3<-0.09, 0.14, 0.0>
elapsed time for initialization: 0.07054972648620605
solve_kpoint (-0.09,0.14,0):
tefreqs:, k index, k1, k2, k3, kmag/2pi, te band 1, te band 2, te band 3, te band 4, te band 5, te band 6
Solving for bands 1 to 6...
    near maximum in trace
    iteration    1: trace = 2.283401359546611 (199.686% change)
    iteration    2: trace = 0.5356539958694277 (123.995% change)
    iteration    3: trace = 0.4539609605257441 (16.5101% change)
    iteration    4: trace = 0.4280037395132586 (5.88623% change)
    iteration    5: trace = 0.4210347170044993 (1.64163% change)
    iteration    6: trace = 0.4166006898820749 (1.0587% change)
    iteration    7: trace = 0.4117261713237124 (1.17696% change)
    iteration    8: trace = 0.403353168994895 (2.05452% change)
    iteration    9: trace = 0.3992071672165128 (1.03319% change)
    iteration   10: trace = 0.3972566273475018 (0.4898% change)
    iteration   11: trace = 0.3968057464007139 (0.113563% change)
    iteration   12: trace = 0.3965691654895098 (0.0596391% change)
    iteration   13: trace = 0.3964746236736714 (0.0238428% change)
    iteration   14: trace = 0.3964166498630066 (0.0146234% change)
    iteration   15: trace = 0.3964020838383409 (0.00367449% change)
    iteration   16: trace = 0.3963973423087593 (0.00119615% change)
    iteration   17: trace = 0.3963963888685118 (0.000240527% change)
    iteration   18: trace = 0.3963960575295682 (8.35878e-05% change)
    iteration   19: trace = 0.3963959400610159 (2.96341e-05% change)
    iteration   20: trace = 0.3963958866422655 (1.34761e-05% change)
    iteration   21: trace = 0.396395868931275 (4.46801e-06% change)
    iteration   22: trace = 0.3963958639254816 (1.26283e-06% change)
    iteration   23: trace = 0.3963958627709545 (2.91256e-07% change)
    iteration   24: trace = 0.3963958625269822 (6.15477e-08% change)
    iteration   25: trace = 0.3963958624421509 (2.14006e-08% change)
    iteration   26: trace = 0.3963958624041271 (9.5924e-09% change)
Finished solving for bands 1 to 6 after 26 iterations.
tefreqs:, 1, -0.09, 0.14, 0, 0.143178, 0.0645126, 0.14908, 0.171772, 0.30147, 0.323155, 0.381039
elapsed time for k point: 4.519720077514648
total elapsed time for run: 4.590381622314453
done
Initializing eigensolver data
Computing 6 bands with 1e-10 tolerance
Working in 2 dimensions.
Grid size is 288 x 96 x 1.
Solving for 6 bands at a time.
Creating Maxwell data...
Mesh size is 3.
Lattice vectors:
     (3, 0, 0)
     (0, 1, 0)
     (0, 0, 1)
Cell volume = 3
Reciprocal lattice vectors (/ 2 pi):
     (0.333333, -0, 0)
     (-0, 1, -0)
     (0, -0, 1)
Geometric objects:
     block, center = (0,0,0)
          size (1e+20,1e+20,1)
          axes (1,0,0), (0,1,0), (0,0,1)
     prism, center = (0.0348438,0,0.5)
          height 1, axis (0,0,1), sidewall angle: 0 radians, 4 vertices:
          (-0.215156,-0.25,0)
          (-0.215156,0.25,0)
          (0.284844,0.25,0)
          (0.284844,-0.25,0)
     prism, center = (1.01984,0,0.5)
          height 1, axis (0,0,1), sidewall angle: 0 radians, 4 vertices:
          (0.769844,-0.25,0)
          (0.769844,0.25,0)
          (1.26984,0.25,0)
          (1.26984,-0.25,0)
     prism, center = (2.02734,0,0.5)
          height 1, axis (0,0,1), sidewall angle: 0 radians, 4 vertices:
          (1.77734,-0.25,0)
          (1.77734,0.25,0)
          (2.27734,0.25,0)
          (2.27734,-0.25,0)
Geometric object tree has depth 2 and 21 object nodes (vs. 4 actual objects)
Initializing epsilon function...
Allocating fields...
Solving for band polarization: te.
Initializing fields to random numbers...
1 k-points
  Vector3<-0.09, 0.14, 0.0>
elapsed time for initialization: 0.07022953033447266
solve_kpoint (-0.09,0.14,0):
tefreqs:, k index, k1, k2, k3, kmag/2pi, te band 1, te band 2, te band 3, te band 4, te band 5, te band 6
Solving for bands 1 to 6...
    near maximum in trace
    iteration    1: trace = 2.248240164211481 (199.69% change)
    iteration    2: trace = 0.6049481824143995 (115.19% change)
    iteration    3: trace = 0.4525987654074413 (28.8118% change)
    iteration    4: trace = 0.4327939826666993 (4.47367% change)
    iteration    5: trace = 0.42289275449431 (2.31422% change)
    iteration    6: trace = 0.4185341792227231 (1.036% change)
    iteration    7: trace = 0.4113765638889925 (1.72491% change)
    iteration    8: trace = 0.4031720921711441 (2.01448% change)
    iteration    9: trace = 0.3986844252159918 (1.11932% change)
    iteration   10: trace = 0.3973263827181157 (0.341212% change)
    iteration   11: trace = 0.3968147551389699 (0.128851% change)
    iteration   12: trace = 0.3966157664192433 (0.0501591% change)
    iteration   13: trace = 0.3964951776477817 (0.0304091% change)
    iteration   14: trace = 0.3964497334386645 (0.0114621% change)
    iteration   15: trace = 0.3964338415632838 (0.00400863% change)
    iteration   16: trace = 0.3964301405696632 (0.000933576% change)
    iteration   17: trace = 0.396428753532506 (0.000349882% change)
    iteration   18: trace = 0.3964281038942388 (0.000163873% change)
    iteration   19: trace = 0.396427809488788 (7.42646e-05% change)
    iteration   20: trace = 0.3964277230243046 (2.18109e-05% change)
    iteration   21: trace = 0.3964277037865278 (4.85278e-06% change)
    iteration   22: trace = 0.3964276995469489 (1.06945e-06% change)
    iteration   23: trace = 0.396427698707659 (2.11713e-07% change)
    iteration   24: trace = 0.3964276984452076 (6.62041e-08% change)
    iteration   25: trace = 0.3964276983490846 (2.42473e-08% change)
    iteration   26: trace = 0.3964276982956798 (1.34715e-08% change)
    iteration   27: trace = 0.3964276982760041 (4.96324e-09% change)
Finished solving for bands 1 to 6 after 27 iterations.
tefreqs:, 1, -0.09, 0.14, 0, 0.143178, 0.0645195, 0.149081, 0.171784, 0.301424, 0.323186, 0.381083
elapsed time for k point: 3.995770215988159
total elapsed time for run: 4.066097736358643
done
Initializing eigensolver data
Computing 6 bands with 1e-10 tolerance
Working in 2 dimensions.
Grid size is 288 x 96 x 1.
Solving for 6 bands at a time.
Creating Maxwell data...
Mesh size is 3.
Lattice vectors:
     (3, 0, 0)
     (0, 1, 0)
     (0, 0, 1)
Cell volume = 3
Reciprocal lattice vectors (/ 2 pi):
     (0.333333, -0, 0)
     (-0, 1, -0)
     (0, -0, 1)
Geometric objects:
     block, center = (0,0,0)
          size (1e+20,1e+20,1)
          axes (1,0,0), (0,1,0), (0,0,1)
     prism, center = (1.03484,0,0.5)
          height 1, axis (0,0,1), sidewall angle: 0 radians, 4 vertices:
          (0.784844,-0.25,0)
          (0.784844,0.25,0)
          (1.28484,0.25,0)
          (1.28484,-0.25,0)
     prism, center = (2.02734,0,0.5)
          height 1, axis (0,0,1), sidewall angle: 0 radians, 4 vertices:
          (1.77734,-0.25,0)
          (1.77734,0.25,0)
          (2.27734,0.25,0)
          (2.27734,-0.25,0)
     prism, center = (3.01984,0,0.5)
          height 1, axis (0,0,1), sidewall angle: 0 radians, 4 vertices:
          (2.76984,-0.25,0)
          (2.76984,0.25,0)
          (3.26984,0.25,0)
          (3.26984,-0.25,0)
Geometric object tree has depth 2 and 21 object nodes (vs. 4 actual objects)
Initializing epsilon function...
Allocating fields...
Solving for band polarization: te.
Initializing fields to random numbers...
1 k-points
  Vector3<-0.09, 0.14, 0.0>
elapsed time for initialization: 0.03447294235229492
solve_kpoint (-0.09,0.14,0):
tefreqs:, k index, k1, k2, k3, kmag/2pi, te band 1, te band 2, te band 3, te band 4, te band 5, te band 6
Solving for bands 1 to 6...
    near maximum in trace
    iteration    1: trace = 2.400461431559116 (199.67% change)
    iteration    2: trace = 0.5570760726417675 (124.657% change)
    iteration    3: trace = 0.4505564959859668 (21.1425% change)
    iteration    4: trace = 0.4204378150690876 (6.91593% change)
    iteration    5: trace = 0.4109970763647968 (2.27095% change)
    iteration    6: trace = 0.4050096207111806 (1.4675% change)
    iteration    7: trace = 0.4014531101522597 (0.882002% change)
    iteration    8: trace = 0.3980057094142408 (0.862434% change)
    iteration    9: trace = 0.3969341688131092 (0.26959% change)
    iteration   10: trace = 0.3965793934221123 (0.0894189% change)
    iteration   11: trace = 0.3964991025842597 (0.0202479% change)
    iteration   12: trace = 0.3964563281130007 (0.0107886% change)
    iteration   13: trace = 0.3964386374630418 (0.00446229% change)
    iteration   14: trace = 0.396429953611351 (0.00219049% change)
    iteration   15: trace = 0.3964278711734083 (0.000525299% change)
    iteration   16: trace = 0.3964273096152938 (0.000141655% change)
    iteration   17: trace = 0.3964271635672977 (3.68411e-05% change)
    iteration   18: trace = 0.3964271044776136 (1.49056e-05% change)
    iteration   19: trace = 0.3964270778846701 (6.70815e-06% change)
    iteration   20: trace = 0.396427066833237 (2.78776e-06% change)
    iteration   21: trace = 0.3964270638280395 (7.58071e-07% change)
    iteration   22: trace = 0.3964270632213593 (1.53037e-07% change)
    iteration   23: trace = 0.3964270630584897 (4.10844e-08% change)
    iteration   24: trace = 0.3964270630175575 (1.03253e-08% change)
    iteration   25: trace = 0.396427062995463 (5.57341e-09% change)
Finished solving for bands 1 to 6 after 25 iterations.
tefreqs:, 1, -0.09, 0.14, 0, 0.143178, 0.0645195, 0.149081, 0.171784, 0.301416, 0.323198, 0.381079
elapsed time for k point: 2.5597143173217773
total elapsed time for run: 2.594261407852173
done
Initializing eigensolver data
Computing 6 bands with 1e-10 tolerance
Working in 2 dimensions.
Grid size is 288 x 96 x 1.
Solving for 6 bands at a time.
Creating Maxwell data...
Mesh size is 3.
Lattice vectors:
     (3, 0, 0)
     (0, 1, 0)
     (0, 0, 1)
Cell volume = 3
Reciprocal lattice vectors (/ 2 pi):
     (0.333333, -0, 0)
     (-0, 1, -0)
     (0, -0, 1)
Geometric objects:
     block, center = (0,0,0)
          size (1e+20,1e+20,1)
          axes (1,0,0), (0,1,0), (0,0,1)
     prism, center = (0.0373438,0,0.5)
          height 1, axis (0,0,1), sidewall angle: 0 radians, 4 vertices:
          (-0.212656,-0.25,0)
          (-0.212656,0.25,0)
          (0.287344,0.25,0)
          (0.287344,-0.25,0)
     prism, center = (1.01734,0,0.5)
          height 1, axis (0,0,1), sidewall angle: 0 radians, 4 vertices:
          (0.767344,-0.25,0)
          (0.767344,0.25,0)
          (1.26734,0.25,0)
          (1.26734,-0.25,0)
     prism, center = (2.02734,0,0.5)
          height 1, axis (0,0,1), sidewall angle: 0 radians, 4 vertices:
          (1.77734,-0.25,0)
          (1.77734,0.25,0)
          (2.27734,0.25,0)
          (2.27734,-0.25,0)
Geometric object tree has depth 2 and 21 object nodes (vs. 4 actual objects)
Initializing epsilon function...
Allocating fields...
Solving for band polarization: te.
Initializing fields to random numbers...
1 k-points
  Vector3<-0.09, 0.14, 0.0>
elapsed time for initialization: 0.06371593475341797
solve_kpoint (-0.09,0.14,0):
tefreqs:, k index, k1, k2, k3, kmag/2pi, te band 1, te band 2, te band 3, te band 4, te band 5, te band 6
Solving for bands 1 to 6...
    near maximum in trace
    iteration    1: trace = 2.086150513876462 (199.713% change)
    iteration    2: trace = 0.545131741703072 (117.131% change)
    iteration    3: trace = 0.4547304308871261 (18.0828% change)
    iteration    4: trace = 0.4176814603579146 (8.49346% change)
    iteration    5: trace = 0.4064932960312452 (2.715% change)
    iteration    6: trace = 0.4006273544016759 (1.45355% change)
    iteration    7: trace = 0.3984661052499933 (0.540925% change)
    iteration    8: trace = 0.3970743439573504 (0.349891% change)
    iteration    9: trace = 0.3966666230282438 (0.102734% change)
    iteration   10: trace = 0.3965062539171383 (0.0404374% change)
    iteration   11: trace = 0.3964632358043318 (0.0108499% change)
    iteration   12: trace = 0.3964397377073144 (0.00592711% change)
    iteration   13: trace = 0.3964297794767997 (0.00251195% change)
    iteration   14: trace = 0.3964247316697965 (0.00127332% change)
    iteration   15: trace = 0.3964233586157161 (0.00034636% change)
    iteration   16: trace = 0.396422985864125 (9.40287e-05% change)
    iteration   17: trace = 0.3964228999175969 (2.16805e-05% change)
    iteration   18: trace = 0.3964228766083098 (5.8799e-06% change)
    iteration   19: trace = 0.3964228682746879 (2.10221e-06% change)
    iteration   20: trace = 0.3964228643652309 (9.86184e-07% change)
    iteration   21: trace = 0.3964228627053714 (4.18709e-07% change)
    iteration   22: trace = 0.3964228622173207 (1.23114e-07% change)
    iteration   23: trace = 0.3964228620695281 (3.72815e-08% change)
    iteration   24: trace = 0.3964228620369099 (8.22814e-09% change)
Finished solving for bands 1 to 6 after 24 iterations.
tefreqs:, 1, -0.09, 0.14, 0, 0.143178, 0.0645225, 0.149078, 0.171797, 0.301343, 0.323227, 0.381101
elapsed time for k point: 2.590993881225586
total elapsed time for run: 2.65478777885437
done
Initializing eigensolver data
Computing 6 bands with 1e-10 tolerance
Working in 2 dimensions.
Grid size is 288 x 96 x 1.
Solving for 6 bands at a time.
Creating Maxwell data...
Mesh size is 3.
Lattice vectors:
     (3, 0, 0)
     (0, 1, 0)
     (0, 0, 1)
Cell volume = 3
Reciprocal lattice vectors (/ 2 pi):
     (0.333333, -0, 0)
     (-0, 1, -0)
     (0, -0, 1)
Geometric objects:
     block, center = (0,0,0)
          size (1e+20,1e+20,1)
          axes (1,0,0), (0,1,0), (0,0,1)
     prism, center = (1.03734,0,0.5)
          height 1, axis (0,0,1), sidewall angle: 0 radians, 4 vertices:
          (0.787344,-0.25,0)
          (0.787344,0.25,0)
          (1.28734,0.25,0)
          (1.28734,-0.25,0)
     prism, center = (2.02734,0,0.5)
          height 1, axis (0,0,1), sidewall angle: 0 radians, 4 vertices:
          (1.77734,-0.25,0)
          (1.77734,0.25,0)
          (2.27734,0.25,0)
          (2.27734,-0.25,0)
     prism, center = (3.01734,0,0.5)
          height 1, axis (0,0,1), sidewall angle: 0 radians, 4 vertices:
          (2.76734,-0.25,0)
          (2.76734,0.25,0)
          (3.26734,0.25,0)
          (3.26734,-0.25,0)
Geometric object tree has depth 2 and 21 object nodes (vs. 4 actual objects)
Initializing epsilon function...
Allocating fields...
Solving for band polarization: te.
Initializing fields to random numbers...
1 k-points
  Vector3<-0.09, 0.14, 0.0>
elapsed time for initialization: 0.03274226188659668
solve_kpoint (-0.09,0.14,0):
tefreqs:, k index, k1, k2, k3, kmag/2pi, te band 1, te band 2, te band 3, te band 4, te band 5, te band 6
Solving for bands 1 to 6...
    near maximum in trace
    iteration    1: trace = 2.196850621234002 (199.699% change)
    iteration    2: trace = 0.5828933671750994 (116.123% change)
    iteration    3: trace = 0.4517868366252727 (25.3424% change)
    iteration    4: trace = 0.4208915138012531 (7.08058% change)
    iteration    5: trace = 0.4083245512486996 (3.03105% change)
    iteration    6: trace = 0.4030021896719431 (1.31201% change)
    iteration    7: trace = 0.3992584017361951 (0.93331% change)
    iteration    8: trace = 0.3975317037873165 (0.433414% change)
    iteration    9: trace = 0.3967700880317345 (0.19177% change)
    iteration   10: trace = 0.3965651057605678 (0.0516761% change)
    iteration   11: trace = 0.3964862941249369 (0.0198755% change)
    iteration   12: trace = 0.3964513550799916 (0.00881256% change)
    iteration   13: trace = 0.3964320631722338 (0.00486627% change)
    iteration   14: trace = 0.3964248247336755 (0.00182591% change)
    iteration   15: trace = 0.3964228672725212 (0.00049378% change)
    iteration   16: trace = 0.396422435296445 (0.000108969% change)
    iteration   17: trace = 0.3964223455055377 (2.26503e-05% change)
    iteration   18: trace = 0.3964223161965584 (7.39337e-06% change)
    iteration   19: trace = 0.3964223057707206 (2.62998e-06% change)
    iteration   20: trace = 0.3964223000107426 (1.45299e-06% change)
    iteration   21: trace = 0.3964222978268503 (5.509e-07% change)
    iteration   22: trace = 0.3964222971374147 (1.73914e-07% change)
    iteration   23: trace = 0.3964222969912092 (3.68812e-08% change)
    iteration   24: trace = 0.3964222969486866 (1.07266e-08% change)
    iteration   25: trace = 0.3964222969340889 (3.68236e-09% change)
Finished solving for bands 1 to 6 after 25 iterations.
tefreqs:, 1, -0.09, 0.14, 0, 0.143178, 0.0645225, 0.149078, 0.171796, 0.301324, 0.323255, 0.381092
elapsed time for k point: 2.0122721195220947
total elapsed time for run: 2.0450937747955322
done
Initializing eigensolver data
Computing 6 bands with 1e-10 tolerance
Working in 2 dimensions.
Grid size is 288 x 96 x 1.
Solving for 6 bands at a time.
Creating Maxwell data...
Mesh size is 3.
Lattice vectors:
     (3, 0, 0)
     (0, 1, 0)
     (0, 0, 1)
Cell volume = 3
Reciprocal lattice vectors (/ 2 pi):
     (0.333333, -0, 0)
     (-0, 1, -0)
     (0, -0, 1)
Geometric objects:
     block, center = (0,0,0)
          size (1e+20,1e+20,1)
          axes (1,0,0), (0,1,0), (0,0,1)
     prism, center = (0.0423438,0,0.5)
          height 1, axis (0,0,1), sidewall angle: 0 radians, 4 vertices:
          (-0.207656,-0.25,0)
          (-0.207656,0.25,0)
          (0.292344,0.25,0)
          (0.292344,-0.25,0)
     prism, center = (1.01234,0,0.5)
          height 1, axis (0,0,1), sidewall angle: 0 radians, 4 vertices:
          (0.762344,-0.25,0)
          (0.762344,0.25,0)
          (1.26234,0.25,0)
          (1.26234,-0.25,0)
     prism, center = (2.02734,0,0.5)
          height 1, axis (0,0,1), sidewall angle: 0 radians, 4 vertices:
          (1.77734,-0.25,0)
          (1.77734,0.25,0)
          (2.27734,0.25,0)
          (2.27734,-0.25,0)
Geometric object tree has depth 2 and 21 object nodes (vs. 4 actual objects)
Initializing epsilon function...
Allocating fields...
Solving for band polarization: te.
Initializing fields to random numbers...
1 k-points
  Vector3<-0.09, 0.14, 0.0>
elapsed time for initialization: 0.03188204765319824
solve_kpoint (-0.09,0.14,0):
tefreqs:, k index, k1, k2, k3, kmag/2pi, te band 1, te band 2, te band 3, te band 4, te band 5, te band 6
Solving for bands 1 to 6...
    near maximum in trace
    iteration    1: trace = 2.277287056195166 (199.689% change)
    iteration    2: trace = 0.5321081444853297 (124.239% change)
    iteration    3: trace = 0.4522124331598269 (16.2337% change)
    iteration    4: trace = 0.4232574865226393 (6.61472% change)
    iteration    5: trace = 0.4124747344768058 (2.58043% change)
    iteration    6: trace = 0.4046170289932851 (1.92333% change)
    iteration    7: trace = 0.4008286892051997 (0.940682% change)
    iteration    8: trace = 0.3978917618304936 (0.735408% change)
    iteration    9: trace = 0.3969265966932485 (0.242864% change)
    iteration   10: trace = 0.3965361956569986 (0.0984044% change)
    iteration   11: trace = 0.3964360703624615 (0.0252532% change)
    iteration   12: trace = 0.3963785793837675 (0.014503% change)
    iteration   13: trace = 0.3963563114709467 (0.005618% change)
    iteration   14: trace = 0.3963457693080856 (0.0026598% change)
    iteration   15: trace = 0.396342959343753 (0.00070897% change)
    iteration   16: trace = 0.3963420398816314 (0.000231987% change)
    iteration   17: trace = 0.3963417816888328 (6.5144e-05% change)
    iteration   18: trace = 0.3963416716827782 (2.77554e-05% change)
    iteration   19: trace = 0.3963416233287561 (1.22001e-05% change)
    iteration   20: trace = 0.3963416010623673 (5.61798e-06% change)
    iteration   21: trace = 0.3963415952178372 (1.47462e-06% change)
    iteration   22: trace = 0.3963415938902098 (3.3497e-07% change)
    iteration   23: trace = 0.396341593600241 (7.31613e-08% change)
    iteration   24: trace = 0.3963415935407487 (1.50104e-08% change)
    iteration   25: trace = 0.3963415935160133 (6.24094e-09% change)
Finished solving for bands 1 to 6 after 25 iterations.
tefreqs:, 1, -0.09, 0.14, 0, 0.143178, 0.0645138, 0.149066, 0.171837, 0.301125, 0.323328, 0.381069
elapsed time for k point: 2.5395925045013428
total elapsed time for run: 2.5715532302856445
done
Initializing eigensolver data
Computing 6 bands with 1e-10 tolerance
Working in 2 dimensions.
Grid size is 288 x 96 x 1.
Solving for 6 bands at a time.
Creating Maxwell data...
Mesh size is 3.
Lattice vectors:
     (3, 0, 0)
     (0, 1, 0)
     (0, 0, 1)
Cell volume = 3
Reciprocal lattice vectors (/ 2 pi):
     (0.333333, -0, 0)
     (-0, 1, -0)
     (0, -0, 1)
Geometric objects:
     block, center = (0,0,0)
          size (1e+20,1e+20,1)
          axes (1,0,0), (0,1,0), (0,0,1)
     prism, center = (1.04234,0,0.5)
          height 1, axis (0,0,1), sidewall angle: 0 radians, 4 vertices:
          (0.792344,-0.25,0)
          (0.792344,0.25,0)
          (1.29234,0.25,0)
          (1.29234,-0.25,0)
     prism, center = (2.02734,0,0.5)
          height 1, axis (0,0,1), sidewall angle: 0 radians, 4 vertices:
          (1.77734,-0.25,0)
          (1.77734,0.25,0)
          (2.27734,0.25,0)
          (2.27734,-0.25,0)
     prism, center = (3.01234,0,0.5)
          height 1, axis (0,0,1), sidewall angle: 0 radians, 4 vertices:
          (2.76234,-0.25,0)
          (2.76234,0.25,0)
          (3.26234,0.25,0)
          (3.26234,-0.25,0)
Geometric object tree has depth 2 and 21 object nodes (vs. 4 actual objects)
Initializing epsilon function...
Allocating fields...
Solving for band polarization: te.
Initializing fields to random numbers...
1 k-points
  Vector3<-0.09, 0.14, 0.0>
elapsed time for initialization: 0.03206610679626465
solve_kpoint (-0.09,0.14,0):
tefreqs:, k index, k1, k2, k3, kmag/2pi, te band 1, te band 2, te band 3, te band 4, te band 5, te band 6
Solving for bands 1 to 6...
    near maximum in trace
    iteration    1: trace = 2.134437591248158 (199.708% change)
    iteration    2: trace = 0.539084476131627 (119.345% change)
    iteration    3: trace = 0.445170340075572 (19.0833% change)
    iteration    4: trace = 0.4177582443284849 (6.35327% change)
    iteration    5: trace = 0.4102008638735706 (1.82554% change)
    iteration    6: trace = 0.4044964325772198 (1.40038% change)
    iteration    7: trace = 0.4008209076183832 (0.912814% change)
    iteration    8: trace = 0.3977497289608808 (0.769169% change)
    iteration    9: trace = 0.396846046311965 (0.227457% change)
    iteration   10: trace = 0.3964908928927749 (0.0895341% change)
    iteration   11: trace = 0.3964119022833659 (0.0199244% change)
    iteration   12: trace = 0.3963705088449385 (0.0104426% change)
    iteration   13: trace = 0.3963512199409451 (0.0048665% change)
    iteration   14: trace = 0.3963418055689897 (0.00237529% change)
    iteration   15: trace = 0.3963397644277273 (0.000514997% change)
    iteration   16: trace = 0.3963391908125248 (0.000144728% change)
    iteration   17: trace = 0.3963390354559363 (3.91979e-05% change)
    iteration   18: trace = 0.3963389774334967 (1.46396e-05% change)
    iteration   19: trace = 0.3963389575493981 (5.01694e-06% change)
    iteration   20: trace = 0.3963389489358511 (2.17328e-06% change)
    iteration   21: trace = 0.3963389461716288 (6.97439e-07% change)
    iteration   22: trace = 0.3963389455675654 (1.52411e-07% change)
    iteration   23: trace = 0.3963389454293269 (3.48789e-08% change)
    iteration   24: trace = 0.3963389453934095 (9.0623e-09% change)
Finished solving for bands 1 to 6 after 24 iterations.
tefreqs:, 1, -0.09, 0.14, 0, 0.143178, 0.0645138, 0.149068, 0.171832, 0.301061, 0.323423, 0.381037
elapsed time for k point: 4.102792024612427
total elapsed time for run: 4.134948492050171
done
Initializing eigensolver data
Computing 6 bands with 1e-10 tolerance
Working in 2 dimensions.
Grid size is 288 x 96 x 1.
Solving for 6 bands at a time.
Creating Maxwell data...
Mesh size is 3.
Lattice vectors:
     (3, 0, 0)
     (0, 1, 0)
     (0, 0, 1)
Cell volume = 3
Reciprocal lattice vectors (/ 2 pi):
     (0.333333, -0, 0)
     (-0, 1, -0)
     (0, -0, 1)
Geometric objects:
     block, center = (0,0,0)
          size (1e+20,1e+20,1)
          axes (1,0,0), (0,1,0), (0,0,1)
     prism, center = (0.0473438,0,0.5)
          height 1, axis (0,0,1), sidewall angle: 0 radians, 4 vertices:
          (-0.202656,-0.25,0)
          (-0.202656,0.25,0)
          (0.297344,0.25,0)
          (0.297344,-0.25,0)
     prism, center = (1.00734,0,0.5)
          height 1, axis (0,0,1), sidewall angle: 0 radians, 4 vertices:
          (0.757344,-0.25,0)
          (0.757344,0.25,0)
          (1.25734,0.25,0)
          (1.25734,-0.25,0)
     prism, center = (2.02734,0,0.5)
          height 1, axis (0,0,1), sidewall angle: 0 radians, 4 vertices:
          (1.77734,-0.25,0)
          (1.77734,0.25,0)
          (2.27734,0.25,0)
          (2.27734,-0.25,0)
Geometric object tree has depth 2 and 21 object nodes (vs. 4 actual objects)
Initializing epsilon function...
Allocating fields...
Solving for band polarization: te.
Initializing fields to random numbers...
1 k-points
  Vector3<-0.09, 0.14, 0.0>
elapsed time for initialization: 0.06382250785827637
solve_kpoint (-0.09,0.14,0):
tefreqs:, k index, k1, k2, k3, kmag/2pi, te band 1, te band 2, te band 3, te band 4, te band 5, te band 6
Solving for bands 1 to 6...
    near maximum in trace
    iteration    1: trace = 2.595074858574478 (199.643% change)
    iteration    2: trace = 0.6827534901175762 (116.682% change)
    iteration    3: trace = 0.474973310119467 (35.8945% change)
    iteration    4: trace = 0.4401238398159608 (7.61656% change)
    iteration    5: trace = 0.4252581800587489 (3.43563% change)
    iteration    6: trace = 0.4199219892338923 (1.26273% change)
    iteration    7: trace = 0.4157192581869944 (1.00587% change)
    iteration    8: trace = 0.4123676082786654 (0.809492% change)
    iteration    9: trace = 0.4057515914967461 (1.61737% change)
    iteration   10: trace = 0.4013623882484815 (1.08763% change)
    iteration   11: trace = 0.3984313156966576 (0.732957% change)
    iteration   12: trace = 0.3973123231973776 (0.281244% change)
    iteration   13: trace = 0.3966596683399258 (0.164402% change)
    iteration   14: trace = 0.3964434742778372 (0.0545185% change)
    iteration   15: trace = 0.3963439931527789 (0.0250965% change)
    iteration   16: trace = 0.3963155458600025 (0.00717768% change)
    iteration   17: trace = 0.3963064876768227 (0.00228562% change)
    iteration   18: trace = 0.3963035684832336 (0.000736603% change)
    iteration   19: trace = 0.3963021480708192 (0.000358416% change)
    iteration   20: trace = 0.3963014266412317 (0.00018204% change)
    iteration   21: trace = 0.3963011883812766 (6.01209e-05% change)
    iteration   22: trace = 0.396301122506039 (1.66225e-05% change)
    iteration   23: trace = 0.3963011072258582 (3.8557e-06% change)
    iteration   24: trace = 0.3963011011371375 (1.53639e-06% change)
    iteration   25: trace = 0.3963010986773941 (6.20675e-07% change)
    iteration   26: trace = 0.3963010974022196 (3.21769e-07% change)
    iteration   27: trace = 0.3963010969205941 (1.2153e-07% change)
    iteration   28: trace = 0.3963010967436555 (4.46475e-08% change)
    iteration   29: trace = 0.396301096703217 (1.0204e-08% change)
    iteration   30: trace = 0.3963010966893313 (3.50382e-09% change)
Finished solving for bands 1 to 6 after 30 iterations.
tefreqs:, 1, -0.09, 0.14, 0, 0.143178, 0.0645176, 0.149054, 0.171894, 0.300848, 0.323457, 0.381104
elapsed time for k point: 3.0115554332733154
total elapsed time for run: 3.0754590034484863
done
Initializing eigensolver data
Computing 6 bands with 1e-10 tolerance
Working in 2 dimensions.
Grid size is 288 x 96 x 1.
Solving for 6 bands at a time.
Creating Maxwell data...
Mesh size is 3.
Lattice vectors:
     (3, 0, 0)
     (0, 1, 0)
     (0, 0, 1)
Cell volume = 3
Reciprocal lattice vectors (/ 2 pi):
     (0.333333, -0, 0)
     (-0, 1, -0)
     (0, -0, 1)
Geometric objects:
     block, center = (0,0,0)
          size (1e+20,1e+20,1)
          axes (1,0,0), (0,1,0), (0,0,1)
     prism, center = (1.04734,0,0.5)
          height 1, axis (0,0,1), sidewall angle: 0 radians, 4 vertices:
          (0.797344,-0.25,0)
          (0.797344,0.25,0)
          (1.29734,0.25,0)
          (1.29734,-0.25,0)
     prism, center = (2.02734,0,0.5)
          height 1, axis (0,0,1), sidewall angle: 0 radians, 4 vertices:
          (1.77734,-0.25,0)
          (1.77734,0.25,0)
          (2.27734,0.25,0)
          (2.27734,-0.25,0)
     prism, center = (3.00734,0,0.5)
          height 1, axis (0,0,1), sidewall angle: 0 radians, 4 vertices:
          (2.75734,-0.25,0)
          (2.75734,0.25,0)
          (3.25734,0.25,0)
          (3.25734,-0.25,0)
Geometric object tree has depth 2 and 21 object nodes (vs. 4 actual objects)
Initializing epsilon function...
Allocating fields...
Solving for band polarization: te.
Initializing fields to random numbers...
1 k-points
  Vector3<-0.09, 0.14, 0.0>
elapsed time for initialization: 0.03512859344482422
solve_kpoint (-0.09,0.14,0):
tefreqs:, k index, k1, k2, k3, kmag/2pi, te band 1, te band 2, te band 3, te band 4, te band 5, te band 6
Solving for bands 1 to 6...
    near maximum in trace
    iteration    1: trace = 2.180926832930782 (199.702% change)
    iteration    2: trace = 0.5145116125664243 (123.647% change)
    iteration    3: trace = 0.4473699495777861 (13.9605% change)
    iteration    4: trace = 0.4258684969058446 (4.92453% change)
    iteration    5: trace = 0.4178336253117938 (1.90467% change)
    iteration    6: trace = 0.4105074069140001 (1.76889% change)
    iteration    7: trace = 0.4043883568567057 (1.5018% change)
    iteration    8: trace = 0.3987954457109866 (1.39269% change)
    iteration    9: trace = 0.3972640545655072 (0.384743% change)
    iteration   10: trace = 0.3966619993999286 (0.151665% change)
    iteration   11: trace = 0.3964938618752607 (0.0423971% change)
    iteration   12: trace = 0.3963832288483041 (0.0279067% change)
    iteration   13: trace = 0.3963295907995366 (0.0135328% change)
    iteration   14: trace = 0.3963048529242871 (0.00624194% change)
    iteration   15: trace = 0.396298303385904 (0.00165267% change)
    iteration   16: trace = 0.3962963138339137 (0.000502035% change)
    iteration   17: trace = 0.39629565790413 (0.000165515% change)
    iteration   18: trace = 0.3962953712330045 (7.23377e-05% change)
    iteration   19: trace = 0.3962952607026279 (2.78909e-05% change)
    iteration   20: trace = 0.3962952257750718 (8.81352e-06% change)
    iteration   21: trace = 0.3962952165490493 (2.32807e-06% change)
    iteration   22: trace = 0.3962952148304024 (4.33678e-07% change)
    iteration   23: trace = 0.3962952143766293 (1.14504e-07% change)
    iteration   24: trace = 0.3962952142700614 (2.6891e-08% change)
    iteration   25: trace = 0.3962952142233281 (1.17925e-08% change)
    iteration   26: trace = 0.3962952142027307 (5.19748e-09% change)
Finished solving for bands 1 to 6 after 26 iterations.
tefreqs:, 1, -0.09, 0.14, 0, 0.143178, 0.0645178, 0.14906, 0.171882, 0.300708, 0.323665, 0.381033
elapsed time for k point: 2.24293851852417
total elapsed time for run: 2.2781484127044678
done
Initializing eigensolver data
Computing 6 bands with 1e-10 tolerance
Working in 2 dimensions.
Grid size is 288 x 96 x 1.
Solving for 6 bands at a time.
Creating Maxwell data...
Mesh size is 3.
Lattice vectors:
     (3, 0, 0)
     (0, 1, 0)
     (0, 0, 1)
Cell volume = 3
Reciprocal lattice vectors (/ 2 pi):
     (0.333333, -0, 0)
     (-0, 1, -0)
     (0, -0, 1)
Geometric objects:
     block, center = (0,0,0)
          size (1e+20,1e+20,1)
          axes (1,0,0), (0,1,0), (0,0,1)
     prism, center = (0.0295798,-1.38778e-17,0.5)
          height 1, axis (0,0,1), sidewall angle: 0 radians, 4 vertices:
          (0.27958,0.25,0)
          (-0.22042,0.25,0)
          (-0.22042,-0.25,0)
          (0.27958,-0.25,0)
     prism, center = (1.0301,-1.38778e-17,0.5)
          height 1, axis (0,0,1), sidewall angle: 0 radians, 4 vertices:
          (1.2801,0.25,0)
          (0.780099,0.25,0)
          (0.780099,-0.25,0)
          (1.2801,-0.25,0)
     prism, center = (2.02235,-1.38778e-17,0.5)
          height 1, axis (0,0,1), sidewall angle: 0 radians, 4 vertices:
          (2.27235,0.25,0)
          (1.77235,0.25,0)
          (1.77235,-0.25,0)
          (2.27235,-0.25,0)
Geometric object tree has depth 2 and 21 object nodes (vs. 4 actual objects)
Initializing epsilon function...
Allocating fields...
Solving for band polarization: te.
Initializing fields to random numbers...
1 k-points
  Vector3<-0.09, 0.14, 0.0>
elapsed time for initialization: 0.031481266021728516
solve_kpoint (-0.09,0.14,0):
tefreqs:, k index, k1, k2, k3, kmag/2pi, te band 1, te band 2, te band 3, te band 4, te band 5, te band 6
Solving for bands 1 to 6...
    near maximum in trace
    iteration    1: trace = 2.176353906899659 (199.701% change)
    iteration    2: trace = 0.6281288629100363 (110.411% change)
    iteration    3: trace = 0.4429316726749692 (34.582% change)
    iteration    4: trace = 0.4131967454667303 (6.94637% change)
    iteration    5: trace = 0.4014328919797006 (2.88815% change)
    iteration    6: trace = 0.3984352192510795 (0.749542% change)
    iteration    7: trace = 0.3967007808029691 (0.436262% change)
    iteration    8: trace = 0.395860998212206 (0.211916% change)
    iteration    9: trace = 0.3954113200958254 (0.11366% change)
    iteration   10: trace = 0.3953179777596696 (0.0236092% change)
    iteration   11: trace = 0.3952910656253378 (0.00680795% change)
    iteration   12: trace = 0.3952850785005132 (0.00151462% change)
    iteration   13: trace = 0.3952813943753949 (0.000932022% change)
    iteration   14: trace = 0.3952797232397507 (0.000422772% change)
    iteration   15: trace = 0.395279007652898 (0.000181033% change)
    iteration   16: trace = 0.3952788710972003 (3.45467e-05% change)
    iteration   17: trace = 0.3952788350592775 (9.11709e-06% change)
    iteration   18: trace = 0.3952788256933819 (2.36944e-06% change)
    iteration   19: trace = 0.3952788212052898 (1.13542e-06% change)
    iteration   20: trace = 0.3952788194552598 (4.42733e-07% change)
    iteration   21: trace = 0.3952788188040256 (1.64753e-07% change)
    iteration   22: trace = 0.39527881866346 (3.55611e-08% change)
    iteration   23: trace = 0.395278818628115 (8.9418e-09% change)
Finished solving for bands 1 to 6 after 23 iterations.
tefreqs:, 1, -0.09, 0.14, 0, 0.143178, 0.0644909, 0.14891, 0.171592, 0.300814, 0.3225, 0.380797
elapsed time for k point: 2.172088384628296
total elapsed time for run: 2.2036426067352295
done
Initializing eigensolver data
Computing 6 bands with 1e-10 tolerance
Working in 2 dimensions.
Grid size is 288 x 96 x 1.
Solving for 6 bands at a time.
Creating Maxwell data...
Mesh size is 3.
Lattice vectors:
     (3, 0, 0)
     (0, 1, 0)
     (0, 0, 1)
Cell volume = 3
Reciprocal lattice vectors (/ 2 pi):
     (0.333333, -0, 0)
     (-0, 1, -0)
     (0, -0, 1)
Geometric objects:
     block, center = (0,0,0)
          size (1e+20,1e+20,1)
          axes (1,0,0), (0,1,0), (0,0,1)
     prism, center = (0.0251077,-1.38778e-17,0.5)
          height 1, axis (0,0,1), sidewall angle: 0 radians, 4 vertices:
          (0.275108,0.25,0)
          (-0.224892,0.25,0)
          (-0.224892,-0.25,0)
          (0.275108,-0.25,0)
     prism, center = (1.02459,-1.38778e-17,0.5)
          height 1, axis (0,0,1), sidewall angle: 0 radians, 4 vertices:
          (1.27459,0.25,0)
          (0.774589,0.25,0)
          (0.774589,-0.25,0)
          (1.27459,-0.25,0)
     prism, center = (2.03233,-1.38778e-17,0.5)
          height 1, axis (0,0,1), sidewall angle: 0 radians, 4 vertices:
          (2.28233,0.25,0)
          (1.78233,0.25,0)
          (1.78233,-0.25,0)
          (2.28233,-0.25,0)
Geometric object tree has depth 2 and 21 object nodes (vs. 4 actual objects)
Initializing epsilon function...
Allocating fields...
Solving for band polarization: te.
Initializing fields to random numbers...
1 k-points
  Vector3<-0.09, 0.14, 0.0>
elapsed time for initialization: 0.06557273864746094
solve_kpoint (-0.09,0.14,0):
tefreqs:, k index, k1, k2, k3, kmag/2pi, te band 1, te band 2, te band 3, te band 4, te band 5, te band 6
Solving for bands 1 to 6...
    near maximum in trace
    iteration    1: trace = 1.920807717256169 (199.735% change)
    iteration    2: trace = 0.4963289603007423 (117.865% change)
    iteration    3: trace = 0.4255041344696856 (15.3661% change)
    iteration    4: trace = 0.4035855553814244 (5.28738% change)
    iteration    5: trace = 0.3985893972503705 (1.24565% change)
    iteration    6: trace = 0.3967373196151931 (0.46574% change)
    iteration    7: trace = 0.3960755235028855 (0.166949% change)
    iteration    8: trace = 0.395602361223449 (0.119534% change)
    iteration    9: trace = 0.3954449149564142 (0.039807% change)
    iteration   10: trace = 0.3953876713238073 (0.0144768% change)
    iteration   11: trace = 0.3953772227428062 (0.00264265% change)
    iteration   12: trace = 0.395373952241955 (0.000827188% change)
    iteration   13: trace = 0.395372751385388 (0.000303727% change)
    iteration   14: trace = 0.3953720169164593 (0.000185766% change)
    iteration   15: trace = 0.3953717316465413 (7.21523e-05% change)
    iteration   16: trace = 0.395371627389256 (2.63694e-05% change)
    iteration   17: trace = 0.3953716011072971 (6.64741e-06% change)
    iteration   18: trace = 0.3953715941050792 (1.77105e-06% change)
    iteration   19: trace = 0.395371592251389 (4.68848e-07% change)
    iteration   20: trace = 0.3953715914616526 (1.99745e-07% change)
    iteration   21: trace = 0.3953715910752138 (9.77407e-08% change)
    iteration   22: trace = 0.3953715909629959 (2.83829e-08% change)
    iteration   23: trace = 0.3953715909358408 (6.86824e-09% change)
Finished solving for bands 1 to 6 after 23 iterations.
tefreqs:, 1, -0.09, 0.14, 0, 0.143178, 0.0645029, 0.148918, 0.171599, 0.300845, 0.322522, 0.380868
elapsed time for k point: 1.8831794261932373
total elapsed time for run: 1.9488472938537598
done
Initializing eigensolver data
Computing 6 bands with 1e-10 tolerance
Working in 2 dimensions.
Grid size is 288 x 96 x 1.
Solving for 6 bands at a time.
Creating Maxwell data...
Mesh size is 3.
Lattice vectors:
     (3, 0, 0)
     (0, 1, 0)
     (0, 0, 1)
Cell volume = 3
Reciprocal lattice vectors (/ 2 pi):
     (0.333333, -0, 0)
     (-0, 1, -0)
     (0, -0, 1)
Geometric objects:
     block, center = (0,0,0)
          size (1e+20,1e+20,1)
          axes (1,0,0), (0,1,0), (0,0,1)
     prism, center = (0.0306979,-1.38778e-17,0.5)
          height 1, axis (0,0,1), sidewall angle: 0 radians, 4 vertices:
          (0.280698,0.25,0)
          (-0.219302,0.25,0)
          (-0.219302,-0.25,0)
          (0.280698,-0.25,0)
     prism, center = (1.03148,-1.38778e-17,0.5)
          height 1, axis (0,0,1), sidewall angle: 0 radians, 4 vertices:
          (1.28148,0.25,0)
          (0.781476,0.25,0)
          (0.781476,-0.25,0)
          (1.28148,-0.25,0)
     prism, center = (2.01986,-1.38778e-17,0.5)
          height 1, axis (0,0,1), sidewall angle: 0 radians, 4 vertices:
          (2.26986,0.25,0)
          (1.76986,0.25,0)
          (1.76986,-0.25,0)
          (2.26986,-0.25,0)
Geometric object tree has depth 2 and 21 object nodes (vs. 4 actual objects)
Initializing epsilon function...
Allocating fields...
Solving for band polarization: te.
Initializing fields to random numbers...
1 k-points
  Vector3<-0.09, 0.14, 0.0>
elapsed time for initialization: 0.03233480453491211
solve_kpoint (-0.09,0.14,0):
tefreqs:, k index, k1, k2, k3, kmag/2pi, te band 1, te band 2, te band 3, te band 4, te band 5, te band 6
Solving for bands 1 to 6...
    near maximum in trace
    iteration    1: trace = 2.182554615978213 (199.698% change)
    iteration    2: trace = 0.6059531280431187 (113.079% change)
    iteration    3: trace = 0.4337953686330457 (33.1153% change)
    iteration    4: trace = 0.4112892394304206 (5.32636% change)
    iteration    5: trace = 0.4011563974484826 (2.4944% change)
    iteration    6: trace = 0.3983813809261014 (0.694155% change)
    iteration    7: trace = 0.3962568735829173 (0.534711% change)
    iteration    8: trace = 0.3954914450522886 (0.193351% change)
    iteration    9: trace = 0.3951877763697406 (0.0768121% change)
    iteration   10: trace = 0.3951251421232945 (0.0158505% change)
    iteration   11: trace = 0.3951057453475304 (0.00490914% change)
    iteration   12: trace = 0.3951023745874682 (0.000853132% change)
    iteration   13: trace = 0.3951011272356696 (0.000315704% change)
    iteration   14: trace = 0.3951007477403921 (9.60502e-05% change)
    iteration   15: trace = 0.3951005407423626 (5.23912e-05% change)
    iteration   16: trace = 0.3951004722591366 (1.73331e-05% change)
    iteration   17: trace = 0.3951004494380039 (5.77603e-06% change)
    iteration   18: trace = 0.3951004443203789 (1.29527e-06% change)
    iteration   19: trace = 0.395100442159386 (5.46948e-07% change)
    iteration   20: trace = 0.3951004410148532 (2.89681e-07% change)
    iteration   21: trace = 0.3951004404362569 (1.46443e-07% change)
    iteration   22: trace = 0.3951004402707208 (4.18972e-08% change)
    iteration   23: trace = 0.395100440229923 (1.03259e-08% change)
    iteration   24: trace = 0.395100440220966 (2.26703e-09% change)
Finished solving for bands 1 to 6 after 24 iterations.
tefreqs:, 1, -0.09, 0.14, 0, 0.143178, 0.0644685, 0.148896, 0.171583, 0.300742, 0.322479, 0.38065
elapsed time for k point: 1.9847164154052734
total elapsed time for run: 2.0171761512756348
done
Initializing eigensolver data
Computing 6 bands with 1e-10 tolerance
Working in 2 dimensions.
Grid size is 288 x 96 x 1.
Solving for 6 bands at a time.
Creating Maxwell data...
Mesh size is 3.
Lattice vectors:
     (3, 0, 0)
     (0, 1, 0)
     (0, 0, 1)
Cell volume = 3
Reciprocal lattice vectors (/ 2 pi):
     (0.333333, -0, 0)
     (-0, 1, -0)
     (0, -0, 1)
Geometric objects:
     block, center = (0,0,0)
          size (1e+20,1e+20,1)
          axes (1,0,0), (0,1,0), (0,0,1)
     prism, center = (0.0239896,-1.38778e-17,0.5)
          height 1, axis (0,0,1), sidewall angle: 0 radians, 4 vertices:
          (0.27399,0.25,0)
          (-0.22601,0.25,0)
          (-0.22601,-0.25,0)
          (0.27399,-0.25,0)
     prism, center = (1.02321,-1.38778e-17,0.5)
          height 1, axis (0,0,1), sidewall angle: 0 radians, 4 vertices:
          (1.27321,0.25,0)
          (0.773211,0.25,0)
          (0.773211,-0.25,0)
          (1.27321,-0.25,0)
     prism, center = (2.03483,-1.38778e-17,0.5)
          height 1, axis (0,0,1), sidewall angle: 0 radians, 4 vertices:
          (2.28483,0.25,0)
          (1.78483,0.25,0)
          (1.78483,-0.25,0)
          (2.28483,-0.25,0)
Geometric object tree has depth 2 and 21 object nodes (vs. 4 actual objects)
Initializing epsilon function...
Allocating fields...
Solving for band polarization: te.
Initializing fields to random numbers...
1 k-points
  Vector3<-0.09, 0.14, 0.0>
elapsed time for initialization: 0.0798797607421875
solve_kpoint (-0.09,0.14,0):
tefreqs:, k index, k1, k2, k3, kmag/2pi, te band 1, te band 2, te band 3, te band 4, te band 5, te band 6
Solving for bands 1 to 6...
    near maximum in trace
    iteration    1: trace = 2.097383781015869 (199.709% change)
    iteration    2: trace = 0.5247878937110304 (119.946% change)
    iteration    3: trace = 0.4565890707047732 (13.8986% change)
    iteration    4: trace = 0.4276414645408997 (6.54752% change)
    iteration    5: trace = 0.4148231393513344 (3.04305% change)
    iteration    6: trace = 0.4055009308239759 (2.27281% change)
    iteration    7: trace = 0.4008387266965396 (1.15639% change)
    iteration    8: trace = 0.3971718686967836 (0.919% change)
    iteration    9: trace = 0.3960094515519212 (0.293103% change)
    iteration   10: trace = 0.3955196676309403 (0.123756% change)
    iteration   11: trace = 0.3953958166407886 (0.0313184% change)
    iteration   12: trace = 0.3953235662654416 (0.0182746% change)
    iteration   13: trace = 0.3952953459657052 (0.00713879% change)
    iteration   14: trace = 0.3952810941137566 (0.00360543% change)
    iteration   15: trace = 0.3952775530873123 (0.000895829% change)
    iteration   16: trace = 0.3952764827445366 (0.000270783% change)
    iteration   17: trace = 0.3952762353511338 (6.25875e-05% change)
    iteration   18: trace = 0.3952761484096436 (2.19951e-05% change)
    iteration   19: trace = 0.3952761162574238 (8.13412e-06% change)
    iteration   20: trace = 0.3952760994790989 (4.24471e-06% change)
    iteration   21: trace = 0.395276094164896 (1.34443e-06% change)
    iteration   22: trace = 0.3952760926373667 (3.86446e-07% change)
    iteration   23: trace = 0.3952760922660472 (9.39393e-08% change)
    iteration   24: trace = 0.3952760921612514 (2.6512e-08% change)
    iteration   25: trace = 0.3952760921137831 (1.20089e-08% change)
    iteration   26: trace = 0.3952760920963022 (4.42245e-09% change)
Finished solving for bands 1 to 6 after 26 iterations.
tefreqs:, 1, -0.09, 0.14, 0, 0.143178, 0.0644915, 0.148909, 0.1716, 0.300777, 0.322529, 0.380795
elapsed time for k point: 2.429063558578491
total elapsed time for run: 2.5090491771698
done
Initializing eigensolver data
Computing 6 bands with 1e-10 tolerance
Working in 2 dimensions.
Grid size is 288 x 96 x 1.
Solving for 6 bands at a time.
Creating Maxwell data...
Mesh size is 3.
Lattice vectors:
     (3, 0, 0)
     (0, 1, 0)
     (0, 0, 1)
Cell volume = 3
Reciprocal lattice vectors (/ 2 pi):
     (0.333333, -0, 0)
     (-0, 1, -0)
     (0, -0, 1)
Geometric objects:
     block, center = (0,0,0)
          size (1e+20,1e+20,1)
          axes (1,0,0), (0,1,0), (0,0,1)
     prism, center = (0.0318159,-1.38778e-17,0.5)
          height 1, axis (0,0,1), sidewall angle: 0 radians, 4 vertices:
          (0.281816,0.25,0)
          (-0.218184,0.25,0)
          (-0.218184,-0.25,0)
          (0.281816,-0.25,0)
     prism, center = (1.03285,-1.38778e-17,0.5)
          height 1, axis (0,0,1), sidewall angle: 0 radians, 4 vertices:
          (1.28285,0.25,0)
          (0.782854,0.25,0)
          (0.782854,-0.25,0)
          (1.28285,-0.25,0)
     prism, center = (2.01736,-1.38778e-17,0.5)
          height 1, axis (0,0,1), sidewall angle: 0 radians, 4 vertices:
          (2.26736,0.25,0)
          (1.76736,0.25,0)
          (1.76736,-0.25,0)
          (2.26736,-0.25,0)
Geometric object tree has depth 2 and 21 object nodes (vs. 4 actual objects)
Initializing epsilon function...
Allocating fields...
Solving for band polarization: te.
Initializing fields to random numbers...
1 k-points
  Vector3<-0.09, 0.14, 0.0>
elapsed time for initialization: 0.03493022918701172
solve_kpoint (-0.09,0.14,0):
tefreqs:, k index, k1, k2, k3, kmag/2pi, te band 1, te band 2, te band 3, te band 4, te band 5, te band 6
Solving for bands 1 to 6...
    near maximum in trace
    iteration    1: trace = 2.032915938693754 (199.719% change)
    iteration    2: trace = 0.4848049290697086 (122.977% change)
    iteration    3: trace = 0.4185788309733682 (14.6618% change)
    iteration    4: trace = 0.4019286190815954 (4.05852% change)
    iteration    5: trace = 0.3977999504587339 (1.03252% change)
    iteration    6: trace = 0.396339259412926 (0.367868% change)
    iteration    7: trace = 0.3957785093248061 (0.141583% change)
    iteration    8: trace = 0.3953319194146163 (0.112902% change)
    iteration    9: trace = 0.395182183131174 (0.0378833% change)
    iteration   10: trace = 0.3951349373573532 (0.0119562% change)
    iteration   11: trace = 0.3951250445358022 (0.00250369% change)
    iteration   12: trace = 0.3951211270705313 (0.000991454% change)
    iteration   13: trace = 0.395119594483263 (0.000387879% change)
    iteration   14: trace = 0.3951187616354698 (0.000210784% change)
    iteration   15: trace = 0.395118551267846 (5.32416e-05% change)
    iteration   16: trace = 0.3951184916369805 (1.50919e-05% change)
    iteration   17: trace = 0.3951184789093362 (3.22122e-06% change)
    iteration   18: trace = 0.3951184744689485 (1.12381e-06% change)
    iteration   19: trace = 0.3951184724793682 (5.0354e-07% change)
    iteration   20: trace = 0.3951184715122688 (2.44762e-07% change)
    iteration   21: trace = 0.3951184712515382 (6.5988e-08% change)
    iteration   22: trace = 0.3951184711980696 (1.35323e-08% change)
    iteration   23: trace = 0.3951184711858037 (3.10436e-09% change)
Finished solving for bands 1 to 6 after 23 iterations.
tefreqs:, 1, -0.09, 0.14, 0, 0.143178, 0.0644713, 0.148897, 0.1716, 0.300696, 0.322524, 0.380664
elapsed time for k point: 2.1205098628997803
total elapsed time for run: 2.155522108078003
done
Initializing eigensolver data
Computing 6 bands with 1e-10 tolerance
Working in 2 dimensions.
Grid size is 288 x 96 x 1.
Solving for 6 bands at a time.
Creating Maxwell data...
Mesh size is 3.
Lattice vectors:
     (3, 0, 0)
     (0, 1, 0)
     (0, 0, 1)
Cell volume = 3
Reciprocal lattice vectors (/ 2 pi):
     (0.333333, -0, 0)
     (-0, 1, -0)
     (0, -0, 1)
Geometric objects:
     block, center = (0,0,0)
          size (1e+20,1e+20,1)
          axes (1,0,0), (0,1,0), (0,0,1)
     prism, center = (0.0228716,-1.38778e-17,0.5)
          height 1, axis (0,0,1), sidewall angle: 0 radians, 4 vertices:
          (0.272872,0.25,0)
          (-0.227128,0.25,0)
          (-0.227128,-0.25,0)
          (0.272872,-0.25,0)
     prism, center = (1.02183,-1.38778e-17,0.5)
          height 1, axis (0,0,1), sidewall angle: 0 radians, 4 vertices:
          (1.27183,0.25,0)
          (0.771834,0.25,0)
          (0.771834,-0.25,0)
          (1.27183,-0.25,0)
     prism, center = (2.03733,-1.38778e-17,0.5)
          height 1, axis (0,0,1), sidewall angle: 0 radians, 4 vertices:
          (2.28733,0.25,0)
          (1.78733,0.25,0)
          (1.78733,-0.25,0)
          (2.28733,-0.25,0)
Geometric object tree has depth 2 and 21 object nodes (vs. 4 actual objects)
Initializing epsilon function...
Allocating fields...
Solving for band polarization: te.
Initializing fields to random numbers...
1 k-points
  Vector3<-0.09, 0.14, 0.0>
elapsed time for initialization: 0.03193831443786621
solve_kpoint (-0.09,0.14,0):
tefreqs:, k index, k1, k2, k3, kmag/2pi, te band 1, te band 2, te band 3, te band 4, te band 5, te band 6
Solving for bands 1 to 6...
    near maximum in trace
    iteration    1: trace = 2.34585610280658 (199.677% change)
    iteration    2: trace = 0.6765307326687841 (110.464% change)
    iteration    3: trace = 0.4555965645263054 (39.0299% change)
    iteration    4: trace = 0.4319399830196837 (5.33084% change)
    iteration    5: trace = 0.4174765090068662 (3.40551% change)
    iteration    6: trace = 0.4106668372358576 (1.64456% change)
    iteration    7: trace = 0.4036346024874432 (1.72718% change)
    iteration    8: trace = 0.3992085226698655 (1.1026% change)
    iteration    9: trace = 0.3966041341814219 (0.654523% change)
    iteration   10: trace = 0.3958152314006086 (0.199112% change)
    iteration   11: trace = 0.3954503193798397 (0.092235% change)
    iteration   12: trace = 0.3953066532470762 (0.0363364% change)
    iteration   13: trace = 0.3952287842741786 (0.0197003% change)
    iteration   14: trace = 0.3952052965839958 (0.00594299% change)
    iteration   15: trace = 0.3951965838649247 (0.00220463% change)
    iteration   16: trace = 0.3951946887851373 (0.00047953% change)
    iteration   17: trace = 0.3951940561264491 (0.000160088% change)
    iteration   18: trace = 0.3951938659551787 (4.8121e-05% change)
    iteration   19: trace = 0.3951937627468458 (2.61159e-05% change)
    iteration   20: trace = 0.3951937197956927 (1.08684e-05% change)
    iteration   21: trace = 0.3951937057322224 (3.55863e-06% change)
    iteration   22: trace = 0.3951937023633387 (8.52464e-07% change)
    iteration   23: trace = 0.3951937015757797 (1.99284e-07% change)
    iteration   24: trace = 0.3951937013176661 (6.53132e-08% change)
    iteration   25: trace = 0.3951937012149055 (2.60026e-08% change)
    iteration   26: trace = 0.3951937011592266 (1.4089e-08% change)
    iteration   27: trace = 0.3951937011407651 (4.67151e-09% change)
Finished solving for bands 1 to 6 after 27 iterations.
tefreqs:, 1, -0.09, 0.14, 0, 0.143178, 0.0644813, 0.148902, 0.171606, 0.300697, 0.322553, 0.380731
elapsed time for k point: 2.6871707439422607
total elapsed time for run: 2.7191872596740723
done
Initializing eigensolver data
Computing 6 bands with 1e-10 tolerance
Working in 2 dimensions.
Grid size is 288 x 96 x 1.
Solving for 6 bands at a time.
Creating Maxwell data...
Mesh size is 3.
Lattice vectors:
     (3, 0, 0)
     (0, 1, 0)
     (0, 0, 1)
Cell volume = 3
Reciprocal lattice vectors (/ 2 pi):
     (0.333333, -0, 0)
     (-0, 1, -0)
     (0, -0, 1)
Geometric objects:
     block, center = (0,0,0)
          size (1e+20,1e+20,1)
          axes (1,0,0), (0,1,0), (0,0,1)
     prism, center = (0.034052,-1.38778e-17,0.5)
          height 1, axis (0,0,1), sidewall angle: 0 radians, 4 vertices:
          (0.284052,0.25,0)
          (-0.215948,0.25,0)
          (-0.215948,-0.25,0)
          (0.284052,-0.25,0)
     prism, center = (1.03561,-1.38778e-17,0.5)
          height 1, axis (0,0,1), sidewall angle: 0 radians, 4 vertices:
          (1.28561,0.25,0)
          (0.785609,0.25,0)
          (0.785609,-0.25,0)
          (1.28561,-0.25,0)
     prism, center = (2.01237,-1.38778e-17,0.5)
          height 1, axis (0,0,1), sidewall angle: 0 radians, 4 vertices:
          (2.26237,0.25,0)
          (1.76237,0.25,0)
          (1.76237,-0.25,0)
          (2.26237,-0.25,0)
Geometric object tree has depth 2 and 21 object nodes (vs. 4 actual objects)
Initializing epsilon function...
Allocating fields...
Solving for band polarization: te.
Initializing fields to random numbers...
1 k-points
  Vector3<-0.09, 0.14, 0.0>
elapsed time for initialization: 0.0316619873046875
solve_kpoint (-0.09,0.14,0):
tefreqs:, k index, k1, k2, k3, kmag/2pi, te band 1, te band 2, te band 3, te band 4, te band 5, te band 6
Solving for bands 1 to 6...
    near maximum in trace
    iteration    1: trace = 1.824577700406095 (199.746% change)
    iteration    2: trace = 0.4852613130318119 (115.966% change)
    iteration    3: trace = 0.4209138808302285 (14.202% change)
    iteration    4: trace = 0.4027028364784208 (4.42221% change)
    iteration    5: trace = 0.3981473606645729 (1.13766% change)
    iteration    6: trace = 0.3963449139425876 (0.453735% change)
    iteration    7: trace = 0.395774857533171 (0.143932% change)
    iteration    8: trace = 0.3953915993791285 (0.0968843% change)
    iteration    9: trace = 0.3952448494746849 (0.037122% change)
    iteration   10: trace = 0.3951886931726771 (0.014209% change)
    iteration   11: trace = 0.395175942604327 (0.0032265% change)
    iteration   12: trace = 0.3951712387751741 (0.00119032% change)
    iteration   13: trace = 0.3951695684737315 (0.000422679% change)
    iteration   14: trace = 0.3951685942988305 (0.000246521% change)
    iteration   15: trace = 0.3951682332791405 (9.13584e-05% change)
    iteration   16: trace = 0.3951680996440933 (3.38173e-05% change)
    iteration   17: trace = 0.3951680663196239 (8.43299e-06% change)
    iteration   18: trace = 0.3951680560777675 (2.59177e-06% change)
    iteration   19: trace = 0.3951680526476951 (8.68003e-07% change)
    iteration   20: trace = 0.3951680510874733 (3.94825e-07% change)
    iteration   21: trace = 0.395168050437527 (1.64473e-07% change)
    iteration   22: trace = 0.395168050277686 (4.04489e-08% change)
    iteration   23: trace = 0.3951680502413498 (9.19513e-09% change)
Finished solving for bands 1 to 6 after 23 iterations.
tefreqs:, 1, -0.09, 0.14, 0, 0.143178, 0.0644831, 0.148897, 0.171632, 0.300528, 0.322646, 0.380743
elapsed time for k point: 2.1159937381744385
total elapsed time for run: 2.1477279663085938
done
Initializing eigensolver data
Computing 6 bands with 1e-10 tolerance
Working in 2 dimensions.
Grid size is 288 x 96 x 1.
Solving for 6 bands at a time.
Creating Maxwell data...
Mesh size is 3.
Lattice vectors:
     (3, 0, 0)
     (0, 1, 0)
     (0, 0, 1)
Cell volume = 3
Reciprocal lattice vectors (/ 2 pi):
     (0.333333, -0, 0)
     (-0, 1, -0)
     (0, -0, 1)
Geometric objects:
     block, center = (0,0,0)
          size (1e+20,1e+20,1)
          axes (1,0,0), (0,1,0), (0,0,1)
     prism, center = (0.0206355,-1.38778e-17,0.5)
          height 1, axis (0,0,1), sidewall angle: 0 radians, 4 vertices:
          (0.270636,0.25,0)
          (-0.229364,0.25,0)
          (-0.229364,-0.25,0)
          (0.270636,-0.25,0)
     prism, center = (1.01908,-1.38778e-17,0.5)
          height 1, axis (0,0,1), sidewall angle: 0 radians, 4 vertices:
          (1.26908,0.25,0)
          (0.769079,0.25,0)
          (0.769079,-0.25,0)
          (1.26908,-0.25,0)
     prism, center = (2.04232,-1.38778e-17,0.5)
          height 1, axis (0,0,1), sidewall angle: 0 radians, 4 vertices:
          (2.29232,0.25,0)
          (1.79232,0.25,0)
          (1.79232,-0.25,0)
          (2.29232,-0.25,0)
Geometric object tree has depth 2 and 21 object nodes (vs. 4 actual objects)
Initializing epsilon function...
Allocating fields...
Solving for band polarization: te.
Initializing fields to random numbers...
1 k-points
  Vector3<-0.09, 0.14, 0.0>
elapsed time for initialization: 0.03157615661621094
solve_kpoint (-0.09,0.14,0):
tefreqs:, k index, k1, k2, k3, kmag/2pi, te band 1, te band 2, te band 3, te band 4, te band 5, te band 6
Solving for bands 1 to 6...
    near maximum in trace
    iteration    1: trace = 2.052729173635093 (199.716% change)
    iteration    2: trace = 0.5579312073950474 (114.515% change)
    iteration    3: trace = 0.4272652168256959 (26.5259% change)
    iteration    4: trace = 0.4108632424193791 (3.91395% change)
    iteration    5: trace = 0.4032521461906849 (1.86978% change)
    iteration    6: trace = 0.4001330709381324 (0.776483% change)
    iteration    7: trace = 0.3970934787585998 (0.762542% change)
    iteration    8: trace = 0.3958691006456214 (0.308811% change)
    iteration    9: trace = 0.3954124305158512 (0.115425% change)
    iteration   10: trace = 0.3953348400830424 (0.0196246% change)
    iteration   11: trace = 0.3952995241427027 (0.00893357% change)
    iteration   12: trace = 0.39528575670082 (0.00348285% change)
    iteration   13: trace = 0.3952773617588137 (0.00212379% change)
    iteration   14: trace = 0.3952750695017406 (0.000579913% change)
    iteration   15: trace = 0.3952742938107121 (0.000196241% change)
    iteration   16: trace = 0.3952741428717873 (3.81859e-05% change)
    iteration   17: trace = 0.3952740838141853 (1.49409e-05% change)
    iteration   18: trace = 0.3952740652186004 (4.70448e-06% change)
    iteration   19: trace = 0.3952740569035756 (2.10361e-06% change)
    iteration   20: trace = 0.3952740540539146 (7.20933e-07% change)
    iteration   21: trace = 0.3952740530821928 (2.45835e-07% change)
    iteration   22: trace = 0.3952740528697691 (5.37408e-08% change)
    iteration   23: trace = 0.3952740528067093 (1.59534e-08% change)
    iteration   24: trace = 0.395274052782088 (6.22892e-09% change)
Finished solving for bands 1 to 6 after 24 iterations.
tefreqs:, 1, -0.09, 0.14, 0, 0.143178, 0.0644954, 0.148903, 0.171638, 0.300562, 0.322665, 0.380831
elapsed time for k point: 2.4238858222961426
total elapsed time for run: 2.455535650253296
done
Initializing eigensolver data
Computing 6 bands with 1e-10 tolerance
Working in 2 dimensions.
Grid size is 288 x 96 x 1.
Solving for 6 bands at a time.
Creating Maxwell data...
Mesh size is 3.
Lattice vectors:
     (3, 0, 0)
     (0, 1, 0)
     (0, 0, 1)
Cell volume = 3
Reciprocal lattice vectors (/ 2 pi):
     (0.333333, -0, 0)
     (-0, 1, -0)
     (0, -0, 1)
Geometric objects:
     block, center = (0,0,0)
          size (1e+20,1e+20,1)
          axes (1,0,0), (0,1,0), (0,0,1)
     prism, center = (0.036288,-1.38778e-17,0.5)
          height 1, axis (0,0,1), sidewall angle: 0 radians, 4 vertices:
          (0.286288,0.25,0)
          (-0.213712,0.25,0)
          (-0.213712,-0.25,0)
          (0.286288,-0.25,0)
     prism, center = (1.03836,-1.38778e-17,0.5)
          height 1, axis (0,0,1), sidewall angle: 0 radians, 4 vertices:
          (1.28836,0.25,0)
          (0.788364,0.25,0)
          (0.788364,-0.25,0)
          (1.28836,-0.25,0)
     prism, center = (2.00738,-1.38778e-17,0.5)
          height 1, axis (0,0,1), sidewall angle: 0 radians, 4 vertices:
          (2.25738,0.25,0)
          (1.75738,0.25,0)
          (1.75738,-0.25,0)
          (2.25738,-0.25,0)
Geometric object tree has depth 2 and 21 object nodes (vs. 4 actual objects)
Initializing epsilon function...
Allocating fields...
Solving for band polarization: te.
Initializing fields to random numbers...
1 k-points
  Vector3<-0.09, 0.14, 0.0>
elapsed time for initialization: 0.033614397048950195
solve_kpoint (-0.09,0.14,0):
tefreqs:, k index, k1, k2, k3, kmag/2pi, te band 1, te band 2, te band 3, te band 4, te band 5, te band 6
Solving for bands 1 to 6...
    near maximum in trace
    iteration    1: trace = 2.164349108325734 (199.702% change)
    iteration    2: trace = 0.668478451336965 (105.61% change)
    iteration    3: trace = 0.4805019002598889 (32.7206% change)
    iteration    4: trace = 0.4527377862005997 (5.95005% change)
    iteration    5: trace = 0.4216787134320407 (7.10395% change)
    iteration    6: trace = 0.4096570974649308 (2.89212% change)
    iteration    7: trace = 0.4031068853849686 (1.61184% change)
    iteration    8: trace = 0.399578969295359 (0.879028% change)
    iteration    9: trace = 0.3969422043570134 (0.66207% change)
    iteration   10: trace = 0.3958482298882343 (0.275981% change)
    iteration   11: trace = 0.3954476693101417 (0.101242% change)
    iteration   12: trace = 0.3953574144607522 (0.0228261% change)
    iteration   13: trace = 0.3953094976291797 (0.0121206% change)
    iteration   14: trace = 0.3952886404123962 (0.00527631% change)
    iteration   15: trace = 0.3952760892802507 (0.00317523% change)
    iteration   16: trace = 0.3952726040193583 (0.000881732% change)
    iteration   17: trace = 0.3952715201987478 (0.000274196% change)
    iteration   18: trace = 0.3952712486705827 (6.86941e-05% change)
    iteration   19: trace = 0.3952711350889871 (2.87351e-05% change)
    iteration   20: trace = 0.3952710848040505 (1.27216e-05% change)
    iteration   21: trace = 0.3952710666686128 (4.5881e-06% change)
    iteration   22: trace = 0.3952710610478607 (1.422e-06% change)
    iteration   23: trace = 0.3952710596078428 (3.64312e-07% change)
    iteration   24: trace = 0.3952710591892748 (1.05894e-07% change)
    iteration   25: trace = 0.3952710590790692 (2.7881e-08% change)
    iteration   26: trace = 0.3952710590223343 (1.43534e-08% change)
    iteration   27: trace = 0.395271058995219 (6.85994e-09% change)
Finished solving for bands 1 to 6 after 27 iterations.
tefreqs:, 1, -0.09, 0.14, 0, 0.143178, 0.0645006, 0.148899, 0.171683, 0.300342, 0.322801, 0.380866
elapsed time for k point: 2.7137155532836914
total elapsed time for run: 2.7474167346954346
done
Initializing eigensolver data
Computing 6 bands with 1e-10 tolerance
Working in 2 dimensions.
Grid size is 288 x 96 x 1.
Solving for 6 bands at a time.
Creating Maxwell data...
Mesh size is 3.
Lattice vectors:
     (3, 0, 0)
     (0, 1, 0)
     (0, 0, 1)
Cell volume = 3
Reciprocal lattice vectors (/ 2 pi):
     (0.333333, -0, 0)
     (-0, 1, -0)
     (0, -0, 1)
Geometric objects:
     block, center = (0,0,0)
          size (1e+20,1e+20,1)
          axes (1,0,0), (0,1,0), (0,0,1)
     prism, center = (0.0183995,-1.38778e-17,0.5)
          height 1, axis (0,0,1), sidewall angle: 0 radians, 4 vertices:
          (0.268399,0.25,0)
          (-0.231601,0.25,0)
          (-0.231601,-0.25,0)
          (0.268399,-0.25,0)
     prism, center = (1.01632,-1.38778e-17,0.5)
          height 1, axis (0,0,1), sidewall angle: 0 radians, 4 vertices:
          (1.26632,0.25,0)
          (0.766324,0.25,0)
          (0.766324,-0.25,0)
          (1.26632,-0.25,0)
     prism, center = (2.04731,-1.38778e-17,0.5)
          height 1, axis (0,0,1), sidewall angle: 0 radians, 4 vertices:
          (2.29731,0.25,0)
          (1.79731,0.25,0)
          (1.79731,-0.25,0)
          (2.29731,-0.25,0)
Geometric object tree has depth 2 and 21 object nodes (vs. 4 actual objects)
Initializing epsilon function...
Allocating fields...
Solving for band polarization: te.
Initializing fields to random numbers...
1 k-points
  Vector3<-0.09, 0.14, 0.0>
elapsed time for initialization: 0.03398609161376953
solve_kpoint (-0.09,0.14,0):
tefreqs:, k index, k1, k2, k3, kmag/2pi, te band 1, te band 2, te band 3, te band 4, te band 5, te band 6
Solving for bands 1 to 6...
    near maximum in trace
    iteration    1: trace = 1.887647943352342 (199.74% change)
    iteration    2: trace = 0.4976194972429547 (116.551% change)
    iteration    3: trace = 0.428487097881915 (14.9297% change)
    iteration    4: trace = 0.4053508350294757 (5.54934% change)
    iteration    5: trace = 0.3992760629628365 (1.50996% change)
    iteration    6: trace = 0.3968539768519064 (0.608465% change)
    iteration    7: trace = 0.3959904299199433 (0.217835% change)
    iteration    8: trace = 0.3955127234088015 (0.120709% change)
    iteration    9: trace = 0.3953438322961591 (0.0427109% change)
    iteration   10: trace = 0.3952774402144774 (0.0167949% change)
    iteration   11: trace = 0.3952607421587493 (0.00422448% change)
    iteration   12: trace = 0.3952556772119628 (0.00128143% change)
    iteration   13: trace = 0.3952537765512074 (0.00048087% change)
    iteration   14: trace = 0.3952528158998939 (0.000243047% change)
    iteration   15: trace = 0.3952523729987975 (0.000112055% change)
    iteration   16: trace = 0.3952522049447248 (4.25182e-05% change)
    iteration   17: trace = 0.3952521474167872 (1.45547e-05% change)
    iteration   18: trace = 0.3952521306433453 (4.24373e-06% change)
    iteration   19: trace = 0.3952521232553826 (1.86918e-06% change)
    iteration   20: trace = 0.3952521199397584 (8.38863e-07% change)
    iteration   21: trace = 0.3952521184127346 (3.86342e-07% change)
    iteration   22: trace = 0.3952521180948684 (8.04211e-08% change)
    iteration   23: trace = 0.3952521180226111 (1.82813e-08% change)
    iteration   24: trace = 0.3952521180106467 (3.02702e-09% change)
Finished solving for bands 1 to 6 after 24 iterations.
tefreqs:, 1, -0.09, 0.14, 0, 0.143178, 0.0644995, 0.148899, 0.171678, 0.300319, 0.322814, 0.380851
elapsed time for k point: 2.7095391750335693
total elapsed time for run: 2.743607521057129
done
Initializing eigensolver data
Computing 6 bands with 1e-10 tolerance
Working in 2 dimensions.
Grid size is 288 x 96 x 1.
Solving for 6 bands at a time.
Creating Maxwell data...
Mesh size is 3.
Lattice vectors:
     (3, 0, 0)
     (0, 1, 0)
     (0, 0, 1)
Cell volume = 3
Reciprocal lattice vectors (/ 2 pi):
     (0.333333, -0, 0)
     (-0, 1, -0)
     (0, -0, 1)
Geometric objects:
     block, center = (0,0,0)
          size (1e+20,1e+20,1)
          axes (1,0,0), (0,1,0), (0,0,1)
     prism, center = (0.0323437,-1.38778e-17,0.5)
          height 1, axis (0,0,1), sidewall angle: 0 radians, 4 vertices:
          (0.282344,0.25,0)
          (-0.217656,0.25,0)
          (-0.217656,-0.25,0)
          (0.282344,-0.25,0)
     prism, center = (1.03234,-1.38778e-17,0.5)
          height 1, axis (0,0,1), sidewall angle: 0 radians, 4 vertices:
          (1.28234,0.25,0)
          (0.782344,0.25,0)
          (0.782344,-0.25,0)
          (1.28234,-0.25,0)
     prism, center = (2.03234,-1.38778e-17,0.5)
          height 1, axis (0,0,1), sidewall angle: 0 radians, 4 vertices:
          (2.28234,0.25,0)
          (1.78234,0.25,0)
          (1.78234,-0.25,0)
          (2.28234,-0.25,0)
Geometric object tree has depth 2 and 21 object nodes (vs. 4 actual objects)
Initializing epsilon function...
Allocating fields...
Solving for band polarization: te.
Initializing fields to random numbers...
1 k-points
  Vector3<-0.09, 0.14, 0.0>
elapsed time for initialization: 0.03178524971008301
solve_kpoint (-0.09,0.14,0):
tefreqs:, k index, k1, k2, k3, kmag/2pi, te band 1, te band 2, te band 3, te band 4, te band 5, te band 6
Solving for bands 1 to 6...
    near maximum in trace
    iteration    1: trace = 2.059146600597904 (199.716% change)
    iteration    2: trace = 0.5906545468629691 (110.838% change)
    iteration    3: trace = 0.4353096698661579 (30.2827% change)
    iteration    4: trace = 0.4197958466010914 (3.62852% change)
    iteration    5: trace = 0.4109354503561325 (2.13316% change)
    iteration    6: trace = 0.4049994760086797 (1.45501% change)
    iteration    7: trace = 0.3985633880687104 (1.60189% change)
    iteration    8: trace = 0.3962983900428284 (0.56991% change)
    iteration    9: trace = 0.395421343635728 (0.221555% change)
    iteration   10: trace = 0.3952284173615981 (0.048802% change)
    iteration   11: trace = 0.3951334910792781 (0.024021% change)
    iteration   12: trace = 0.3950938085844442 (0.0100433% change)
    iteration   13: trace = 0.39507346128049 (0.00515013% change)
    iteration   14: trace = 0.3950687137095006 (0.0012017% change)
    iteration   15: trace = 0.3950673467859026 (0.000345997% change)
    iteration   16: trace = 0.395066999213491 (8.79781e-05% change)
    iteration   17: trace = 0.3950668090226016 (4.81414e-05% change)
    iteration   18: trace = 0.3950667350535224 (1.87232e-05% change)
    iteration   19: trace = 0.3950667070163025 (7.09683e-06% change)
    iteration   20: trace = 0.3950666998915153 (1.80344e-06% change)
    iteration   21: trace = 0.3950666979350045 (4.95236e-07% change)
    iteration   22: trace = 0.3950666975342769 (1.01433e-07% change)
    iteration   23: trace = 0.3950666974494585 (2.14694e-08% change)
    iteration   24: trace = 0.3950666974226189 (6.79368e-09% change)
Finished solving for bands 1 to 6 after 24 iterations.
tefreqs:, 1, -0.09, 0.14, 0, 0.143178, 0.0644637, 0.148896, 0.171569, 0.300806, 0.32242, 0.380612
elapsed time for k point: 3.904229164123535
total elapsed time for run: 3.936105966567993
done
Initializing eigensolver data
Computing 6 bands with 1e-10 tolerance
Working in 2 dimensions.
Grid size is 288 x 96 x 1.
Solving for 6 bands at a time.
Creating Maxwell data...
Mesh size is 3.
Lattice vectors:
     (3, 0, 0)
     (0, 1, 0)
     (0, 0, 1)
Cell volume = 3
Reciprocal lattice vectors (/ 2 pi):
     (0.333333, -0, 0)
     (-0, 1, -0)
     (0, -0, 1)
Geometric objects:
     block, center = (0,0,0)
          size (1e+20,1e+20,1)
          axes (1,0,0), (0,1,0), (0,0,1)
     prism, center = (0.0223437,-1.38778e-17,0.5)
          height 1, axis (0,0,1), sidewall angle: 0 radians, 4 vertices:
          (0.272344,0.25,0)
          (-0.227656,0.25,0)
          (-0.227656,-0.25,0)
          (0.272344,-0.25,0)
     prism, center = (1.02234,-1.38778e-17,0.5)
          height 1, axis (0,0,1), sidewall angle: 0 radians, 4 vertices:
          (1.27234,0.25,0)
          (0.772344,0.25,0)
          (0.772344,-0.25,0)
          (1.27234,-0.25,0)
     prism, center = (2.02234,-1.38778e-17,0.5)
          height 1, axis (0,0,1), sidewall angle: 0 radians, 4 vertices:
          (2.27234,0.25,0)
          (1.77234,0.25,0)
          (1.77234,-0.25,0)
          (2.27234,-0.25,0)
Geometric object tree has depth 2 and 21 object nodes (vs. 4 actual objects)
Initializing epsilon function...
Allocating fields...
Solving for band polarization: te.
Initializing fields to random numbers...
1 k-points
  Vector3<-0.09, 0.14, 0.0>
elapsed time for initialization: 0.07119131088256836
solve_kpoint (-0.09,0.14,0):
tefreqs:, k index, k1, k2, k3, kmag/2pi, te band 1, te band 2, te band 3, te band 4, te band 5, te band 6
Solving for bands 1 to 6...
    near maximum in trace
    iteration    1: trace = 2.303497626656795 (199.68% change)
    iteration    2: trace = 0.5982515607564014 (117.532% change)
    iteration    3: trace = 0.4416317716493584 (30.1226% change)
    iteration    4: trace = 0.4184227789719767 (5.3971% change)
    iteration    5: trace = 0.4084369720591055 (2.41536% change)
    iteration    6: trace = 0.4038875385404287 (1.1201% change)
    iteration    7: trace = 0.3990784100349656 (1.19784% change)
    iteration    8: trace = 0.3967811963335769 (0.577291% change)
    iteration    9: trace = 0.3957233125973139 (0.266972% change)
    iteration   10: trace = 0.3955118067258482 (0.0534622% change)
    iteration   11: trace = 0.3954226717072284 (0.0225392% change)
    iteration   12: trace = 0.3953944905571359 (0.0071271% change)
    iteration   13: trace = 0.3953784684759865 (0.00405226% change)
    iteration   14: trace = 0.3953728704137219 (0.00141588% change)
    iteration   15: trace = 0.3953704185573845 (0.00062014% change)
    iteration   16: trace = 0.3953699497871598 (0.000118565% change)
    iteration   17: trace = 0.3953698083781852 (3.57662e-05% change)
    iteration   18: trace = 0.3953697716079068 (9.30022e-06% change)
    iteration   19: trace = 0.39536975312017 (4.67606e-06% change)
    iteration   20: trace = 0.3953697461085391 (1.77344e-06% change)
    iteration   21: trace = 0.3953697436513099 (6.21502e-07% change)
    iteration   22: trace = 0.3953697431068717 (1.37704e-07% change)
    iteration   23: trace = 0.3953697429765509 (3.29618e-08% change)
    iteration   24: trace = 0.3953697429428221 (8.53094e-09% change)
Finished solving for bands 1 to 6 after 24 iterations.
tefreqs:, 1, -0.09, 0.14, 0, 0.143178, 0.0645027, 0.148917, 0.171591, 0.300871, 0.322495, 0.380872
elapsed time for k point: 2.6919376850128174
total elapsed time for run: 2.7632362842559814
done
Initializing eigensolver data
Computing 6 bands with 1e-10 tolerance
Working in 2 dimensions.
Grid size is 288 x 96 x 1.
Solving for 6 bands at a time.
Creating Maxwell data...
Mesh size is 3.
Lattice vectors:
     (3, 0, 0)
     (0, 1, 0)
     (0, 0, 1)
Cell volume = 3
Reciprocal lattice vectors (/ 2 pi):
     (0.333333, -0, 0)
     (-0, 1, -0)
     (0, -0, 1)
Geometric objects:
     block, center = (0,0,0)
          size (1e+20,1e+20,1)
          axes (1,0,0), (0,1,0), (0,0,1)
     prism, center = (0.0348437,-1.38778e-17,0.5)
          height 1, axis (0,0,1), sidewall angle: 0 radians, 4 vertices:
          (0.284844,0.25,0)
          (-0.215156,0.25,0)
          (-0.215156,-0.25,0)
          (0.284844,-0.25,0)
     prism, center = (1.03484,-1.38778e-17,0.5)
          height 1, axis (0,0,1), sidewall angle: 0 radians, 4 vertices:
          (1.28484,0.25,0)
          (0.784844,0.25,0)
          (0.784844,-0.25,0)
          (1.28484,-0.25,0)
     prism, center = (2.03484,-1.38778e-17,0.5)
          height 1, axis (0,0,1), sidewall angle: 0 radians, 4 vertices:
          (2.28484,0.25,0)
          (1.78484,0.25,0)
          (1.78484,-0.25,0)
          (2.28484,-0.25,0)
Geometric object tree has depth 2 and 21 object nodes (vs. 4 actual objects)
Initializing epsilon function...
Allocating fields...
Solving for band polarization: te.
Initializing fields to random numbers...
1 k-points
  Vector3<-0.09, 0.14, 0.0>
elapsed time for initialization: 0.03403139114379883
solve_kpoint (-0.09,0.14,0):
tefreqs:, k index, k1, k2, k3, kmag/2pi, te band 1, te band 2, te band 3, te band 4, te band 5, te band 6
Solving for bands 1 to 6...
    near maximum in trace
    iteration    1: trace = 1.75816290172241 (199.757% change)
    iteration    2: trace = 0.4934928037935357 (112.332% change)
    iteration    3: trace = 0.4352418607664255 (12.5442% change)
    iteration    4: trace = 0.420513777185175 (3.44212% change)
    iteration    5: trace = 0.4144842294251002 (1.44421% change)
    iteration    6: trace = 0.4087742679160719 (1.38716% change)
    iteration    7: trace = 0.4039044533059504 (1.19846% change)
    iteration    8: trace = 0.3984975554690722 (1.34768% change)
    iteration    9: trace = 0.3964746243451683 (0.508931% change)
    iteration   10: trace = 0.3955811441190966 (0.22561% change)
    iteration   11: trace = 0.3953831843327347 (0.0500553% change)
    iteration   12: trace = 0.3952967879453289 (0.0218537% change)
    iteration   13: trace = 0.3952655226390279 (0.00790964% change)
    iteration   14: trace = 0.39525131960528 (0.00359335% change)
    iteration   15: trace = 0.3952474170185442 (0.000987373% change)
    iteration   16: trace = 0.3952462633706109 (0.00029188% change)
    iteration   17: trace = 0.3952459808934466 (7.14687e-05% change)
    iteration   18: trace = 0.3952458853081087 (2.41838e-05% change)
    iteration   19: trace = 0.3952458424245296 (1.08498e-05% change)
    iteration   20: trace = 0.3952458181920883 (6.13098e-06% change)
    iteration   21: trace = 0.3952458100018464 (2.07219e-06% change)
    iteration   22: trace = 0.395245808225562 (4.49413e-07% change)
    iteration   23: trace = 0.3952458078360241 (9.85559e-08% change)
    iteration   24: trace = 0.3952458077428388 (2.35765e-08% change)
    iteration   25: trace = 0.3952458077012416 (1.05244e-08% change)
    iteration   26: trace = 0.3952458076809827 (5.12566e-09% change)
Finished solving for bands 1 to 6 after 26 iterations.
tefreqs:, 1, -0.09, 0.14, 0, 0.143178, 0.0644852, 0.148912, 0.171584, 0.300854, 0.322471, 0.38075
elapsed time for k point: 2.9091827869415283
total elapsed time for run: 2.9432899951934814
done
Initializing eigensolver data
Computing 6 bands with 1e-10 tolerance
Working in 2 dimensions.
Grid size is 288 x 96 x 1.
Solving for 6 bands at a time.
Creating Maxwell data...
Mesh size is 3.
Lattice vectors:
     (3, 0, 0)
     (0, 1, 0)
     (0, 0, 1)
Cell volume = 3
Reciprocal lattice vectors (/ 2 pi):
     (0.333333, -0, 0)
     (-0, 1, -0)
     (0, -0, 1)
Geometric objects:
     block, center = (0,0,0)
          size (1e+20,1e+20,1)
          axes (1,0,0), (0,1,0), (0,0,1)
     prism, center = (0.0198437,-1.38778e-17,0.5)
          height 1, axis (0,0,1), sidewall angle: 0 radians, 4 vertices:
          (0.269844,0.25,0)
          (-0.230156,0.25,0)
          (-0.230156,-0.25,0)
          (0.269844,-0.25,0)
     prism, center = (1.01984,-1.38778e-17,0.5)
          height 1, axis (0,0,1), sidewall angle: 0 radians, 4 vertices:
          (1.26984,0.25,0)
          (0.769844,0.25,0)
          (0.769844,-0.25,0)
          (1.26984,-0.25,0)
     prism, center = (2.01984,-1.38778e-17,0.5)
          height 1, axis (0,0,1), sidewall angle: 0 radians, 4 vertices:
          (2.26984,0.25,0)
          (1.76984,0.25,0)
          (1.76984,-0.25,0)
          (2.26984,-0.25,0)
Geometric object tree has depth 2 and 21 object nodes (vs. 4 actual objects)
Initializing epsilon function...
Allocating fields...
Solving for band polarization: te.
Initializing fields to random numbers...
1 k-points
  Vector3<-0.09, 0.14, 0.0>
elapsed time for initialization: 0.031990766525268555
solve_kpoint (-0.09,0.14,0):
tefreqs:, k index, k1, k2, k3, kmag/2pi, te band 1, te band 2, te band 3, te band 4, te band 5, te band 6
Solving for bands 1 to 6...
    near maximum in trace
    iteration    1: trace = 2.009535283182304 (199.722% change)
    iteration    2: trace = 0.5915516627712047 (109.03% change)
    iteration    3: trace = 0.4498547339888494 (27.2126% change)
    iteration    4: trace = 0.4310590273833042 (4.26732% change)
    iteration    5: trace = 0.4218695067451029 (2.15482% change)
    iteration    6: trace = 0.41871260757122 (0.751122% change)
    iteration    7: trace = 0.4145261059031301 (1.00487% change)
    large trace change predicted (2.09884%)
    iteration    8: trace = 0.4068346221926421 (1.87286% change)
    iteration    9: trace = 0.4003019034936903 (1.61874% change)
    iteration   10: trace = 0.3973633887737707 (0.736779% change)
    iteration   11: trace = 0.3962462106810895 (0.281543% change)
    iteration   12: trace = 0.3957951145669452 (0.113907% change)
    iteration   13: trace = 0.3955378020302877 (0.0650327% change)
    iteration   14: trace = 0.3954397886121271 (0.0247829% change)
    iteration   15: trace = 0.395403073662743 (0.00928502% change)
    iteration   16: trace = 0.3953943695916089 (0.00220134% change)
    iteration   17: trace = 0.3953916359546248 (0.000691372% change)
    iteration   18: trace = 0.3953907742166733 (0.000217946% change)
    iteration   19: trace = 0.3953903742493132 (0.000101158% change)
    iteration   20: trace = 0.3953902142187273 (4.04741e-05% change)
    iteration   21: trace = 0.3953901632191642 (1.28985e-05% change)
    iteration   22: trace = 0.3953901500271013 (3.33647e-06% change)
    iteration   23: trace = 0.3953901469280941 (7.83785e-07% change)
    iteration   24: trace = 0.3953901461100845 (2.06887e-07% change)
    iteration   25: trace = 0.3953901458398278 (6.83519e-08% change)
    iteration   26: trace = 0.3953901456878289 (3.84428e-08% change)
    iteration   27: trace = 0.3953901456123638 (1.90862e-08% change)
    iteration   28: trace = 0.3953901455837256 (7.24302e-09% change)
Finished solving for bands 1 to 6 after 28 iterations.
tefreqs:, 1, -0.09, 0.14, 0, 0.143178, 0.0645052, 0.148919, 0.171593, 0.300876, 0.3225, 0.380888
elapsed time for k point: 2.544034004211426
total elapsed time for run: 2.576101064682007
done
Initializing eigensolver data
Computing 6 bands with 1e-10 tolerance
Working in 2 dimensions.
Grid size is 288 x 96 x 1.
Solving for 6 bands at a time.
Creating Maxwell data...
Mesh size is 3.
Lattice vectors:
     (3, 0, 0)
     (0, 1, 0)
     (0, 0, 1)
Cell volume = 3
Reciprocal lattice vectors (/ 2 pi):
     (0.333333, -0, 0)
     (-0, 1, -0)
     (0, -0, 1)
Geometric objects:
     block, center = (0,0,0)
          size (1e+20,1e+20,1)
          axes (1,0,0), (0,1,0), (0,0,1)
     prism, center = (0.0373437,-1.38778e-17,0.5)
          height 1, axis (0,0,1), sidewall angle: 0 radians, 4 vertices:
          (0.287344,0.25,0)
          (-0.212656,0.25,0)
          (-0.212656,-0.25,0)
          (0.287344,-0.25,0)
     prism, center = (1.03734,-1.38778e-17,0.5)
          height 1, axis (0,0,1), sidewall angle: 0 radians, 4 vertices:
          (1.28734,0.25,0)
          (0.787344,0.25,0)
          (0.787344,-0.25,0)
          (1.28734,-0.25,0)
     prism, center = (2.03734,-1.38778e-17,0.5)
          height 1, axis (0,0,1), sidewall angle: 0 radians, 4 vertices:
          (2.28734,0.25,0)
          (1.78734,0.25,0)
          (1.78734,-0.25,0)
          (2.28734,-0.25,0)
Geometric object tree has depth 2 and 21 object nodes (vs. 4 actual objects)
Initializing epsilon function...
Allocating fields...
Solving for band polarization: te.
Initializing fields to random numbers...
1 k-points
  Vector3<-0.09, 0.14, 0.0>
elapsed time for initialization: 0.03670334815979004
solve_kpoint (-0.09,0.14,0):
tefreqs:, k index, k1, k2, k3, kmag/2pi, te band 1, te band 2, te band 3, te band 4, te band 5, te band 6
Solving for bands 1 to 6...
    near maximum in trace
    iteration    1: trace = 2.185149879199121 (199.699% change)
    iteration    2: trace = 0.5115895250638148 (124.117% change)
    iteration    3: trace = 0.4315787499148637 (16.9664% change)
    iteration    4: trace = 0.4065762954123499 (5.96607% change)
    iteration    5: trace = 0.4010365039991628 (1.37189% change)
    iteration    6: trace = 0.3980386536546396 (0.75033% change)
    iteration    7: trace = 0.3966968843644341 (0.337664% change)
    iteration    8: trace = 0.3957255729578045 (0.24515% change)
    iteration    9: trace = 0.3954777673063717 (0.0626402% change)
    iteration   10: trace = 0.3953955006592549 (0.020804% change)
    iteration   11: trace = 0.395380060541095 (0.00390506% change)
    iteration   12: trace = 0.395373308249713 (0.00170781% change)
    iteration   13: trace = 0.3953703756743747 (0.000741726% change)
    iteration   14: trace = 0.395368748716089 (0.000411503% change)
    iteration   15: trace = 0.3953682995068522 (0.000113618% change)
    iteration   16: trace = 0.3953681306512209 (4.27084e-05% change)
    iteration   17: trace = 0.3953680874172797 (1.09351e-05% change)
    iteration   18: trace = 0.3953680744599635 (3.27728e-06% change)
    iteration   19: trace = 0.3953680702499082 (1.06484e-06% change)
    iteration   20: trace = 0.3953680681011056 (5.43494e-07% change)
    iteration   21: trace = 0.3953680672843518 (2.06581e-07% change)
    iteration   22: trace = 0.3953680670925393 (4.85149e-08% change)
    iteration   23: trace = 0.3953680670509177 (1.05273e-08% change)
    iteration   24: trace = 0.395368067043261 (1.9366e-09% change)
Finished solving for bands 1 to 6 after 24 iterations.
tefreqs:, 1, -0.09, 0.14, 0, 0.143178, 0.0645011, 0.148922, 0.171594, 0.300884, 0.322503, 0.380849
elapsed time for k point: 2.390848398208618
total elapsed time for run: 2.4276328086853027
done
Initializing eigensolver data
Computing 6 bands with 1e-10 tolerance
Working in 2 dimensions.
Grid size is 288 x 96 x 1.
Solving for 6 bands at a time.
Creating Maxwell data...
Mesh size is 3.
Lattice vectors:
     (3, 0, 0)
     (0, 1, 0)
     (0, 0, 1)
Cell volume = 3
Reciprocal lattice vectors (/ 2 pi):
     (0.333333, -0, 0)
     (-0, 1, -0)
     (0, -0, 1)
Geometric objects:
     block, center = (0,0,0)
          size (1e+20,1e+20,1)
          axes (1,0,0), (0,1,0), (0,0,1)
     prism, center = (0.0173437,-1.38778e-17,0.5)
          height 1, axis (0,0,1), sidewall angle: 0 radians, 4 vertices:
          (0.267344,0.25,0)
          (-0.232656,0.25,0)
          (-0.232656,-0.25,0)
          (0.267344,-0.25,0)
     prism, center = (1.01734,-1.38778e-17,0.5)
          height 1, axis (0,0,1), sidewall angle: 0 radians, 4 vertices:
          (1.26734,0.25,0)
          (0.767344,0.25,0)
          (0.767344,-0.25,0)
          (1.26734,-0.25,0)
     prism, center = (2.01734,-1.38778e-17,0.5)
          height 1, axis (0,0,1), sidewall angle: 0 radians, 4 vertices:
          (2.26734,0.25,0)
          (1.76734,0.25,0)
          (1.76734,-0.25,0)
          (2.26734,-0.25,0)
Geometric object tree has depth 2 and 21 object nodes (vs. 4 actual objects)
Initializing epsilon function...
Allocating fields...
Solving for band polarization: te.
Initializing fields to random numbers...
1 k-points
  Vector3<-0.09, 0.14, 0.0>
elapsed time for initialization: 0.03172588348388672
solve_kpoint (-0.09,0.14,0):
tefreqs:, k index, k1, k2, k3, kmag/2pi, te band 1, te band 2, te band 3, te band 4, te band 5, te band 6
Solving for bands 1 to 6...
    near maximum in trace
    iteration    1: trace = 2.304849356136156 (199.681% change)
    iteration    2: trace = 0.6132816566291556 (115.935% change)
    iteration    3: trace = 0.4406031339366525 (32.7699% change)
    iteration    4: trace = 0.418968942813304 (5.03371% change)
    iteration    5: trace = 0.4068453899911219 (2.93614% change)
    iteration    6: trace = 0.4018528297552963 (1.23472% change)
    iteration    7: trace = 0.3980016671941292 (0.962966% change)
    iteration    8: trace = 0.3963033268232132 (0.427629% change)
    iteration    9: trace = 0.3955980269603694 (0.178128% change)
    iteration   10: trace = 0.3954619106045478 (0.0344137% change)
    iteration   11: trace = 0.3954044534178881 (0.0145302% change)
    iteration   12: trace = 0.3953832209196596 (0.00536996% change)
    iteration   13: trace = 0.3953716658923432 (0.00292253% change)
    iteration   14: trace = 0.3953682244102466 (0.000870446% change)
    iteration   15: trace = 0.395366806648748 (0.000358593% change)
    iteration   16: trace = 0.3953664618380928 (8.72129e-05% change)
    iteration   17: trace = 0.3953663336532759 (3.24218e-05% change)
    iteration   18: trace = 0.3953662937455238 (1.00939e-05% change)
    iteration   19: trace = 0.3953662708353718 (5.79467e-06% change)
    iteration   20: trace = 0.3953662624217437 (2.12806e-06% change)
    iteration   21: trace = 0.3953662596279017 (7.06647e-07% change)
    iteration   22: trace = 0.3953662591319469 (1.25442e-07% change)
    iteration   23: trace = 0.395366259029917 (2.58064e-08% change)
    iteration   24: trace = 0.3953662590021705 (7.01793e-09% change)
Finished solving for bands 1 to 6 after 24 iterations.
tefreqs:, 1, -0.09, 0.14, 0, 0.143178, 0.0645021, 0.148918, 0.171592, 0.300874, 0.322496, 0.380863
elapsed time for k point: 2.064061164855957
total elapsed time for run: 2.095860719680786
done
Initializing eigensolver data
Computing 6 bands with 1e-10 tolerance
Working in 2 dimensions.
Grid size is 288 x 96 x 1.
Solving for 6 bands at a time.
Creating Maxwell data...
Mesh size is 3.
Lattice vectors:
     (3, 0, 0)
     (0, 1, 0)
     (0, 0, 1)
Cell volume = 3
Reciprocal lattice vectors (/ 2 pi):
     (0.333333, -0, 0)
     (-0, 1, -0)
     (0, -0, 1)
Geometric objects:
     block, center = (0,0,0)
          size (1e+20,1e+20,1)
          axes (1,0,0), (0,1,0), (0,0,1)
     prism, center = (0.0423437,-1.38778e-17,0.5)
          height 1, axis (0,0,1), sidewall angle: 0 radians, 4 vertices:
          (0.292344,0.25,0)
          (-0.207656,0.25,0)
          (-0.207656,-0.25,0)
          (0.292344,-0.25,0)
     prism, center = (1.04234,-1.38778e-17,0.5)
          height 1, axis (0,0,1), sidewall angle: 0 radians, 4 vertices:
          (1.29234,0.25,0)
          (0.792344,0.25,0)
          (0.792344,-0.25,0)
          (1.29234,-0.25,0)
     prism, center = (2.04234,-1.38778e-17,0.5)
          height 1, axis (0,0,1), sidewall angle: 0 radians, 4 vertices:
          (2.29234,0.25,0)
          (1.79234,0.25,0)
          (1.79234,-0.25,0)
          (2.29234,-0.25,0)
Geometric object tree has depth 2 and 21 object nodes (vs. 4 actual objects)
Initializing epsilon function...
Allocating fields...
Solving for band polarization: te.
Initializing fields to random numbers...
1 k-points
  Vector3<-0.09, 0.14, 0.0>
elapsed time for initialization: 0.031882524490356445
solve_kpoint (-0.09,0.14,0):
tefreqs:, k index, k1, k2, k3, kmag/2pi, te band 1, te band 2, te band 3, te band 4, te band 5, te band 6
Solving for bands 1 to 6...
    near maximum in trace
    iteration    1: trace = 1.977908710969171 (199.727% change)
    iteration    2: trace = 0.5178049712294625 (117.009% change)
    iteration    3: trace = 0.4464512909694799 (14.7997% change)
    iteration    4: trace = 0.416803427811802 (6.86886% change)
    iteration    5: trace = 0.4078008333472624 (2.18349% change)
    iteration    6: trace = 0.4018399090620728 (1.47249% change)
    iteration    7: trace = 0.3988302476732324 (0.751786% change)
    iteration    8: trace = 0.3962285996341507 (0.654454% change)
    iteration    9: trace = 0.3956557067657277 (0.144691% change)
    iteration   10: trace = 0.3954756737559521 (0.0455128% change)
    iteration   11: trace = 0.3954408654327087 (0.00880202% change)
    iteration   12: trace = 0.3954188273872041 (0.00557319% change)
    iteration   13: trace = 0.3954099561896843 (0.00224352% change)
    iteration   14: trace = 0.3954060603916069 (0.00098526% change)
    iteration   15: trace = 0.3954052191100081 (0.000212764% change)
    iteration   16: trace = 0.3954049403837728 (7.04913e-05% change)
    iteration   17: trace = 0.3954048705046991 (1.76728e-05% change)
    iteration   18: trace = 0.3954048385748595 (8.07523e-06% change)
    iteration   19: trace = 0.3954048248269915 (3.47691e-06% change)
    iteration   20: trace = 0.3954048189172214 (1.49461e-06% change)
    iteration   21: trace = 0.3954048175117319 (3.55456e-07% change)
    iteration   22: trace = 0.3954048171858256 (8.24235e-08% change)
    iteration   23: trace = 0.3954048171094507 (1.93156e-08% change)
    iteration   24: trace = 0.3954048170917285 (4.48206e-09% change)
Finished solving for bands 1 to 6 after 24 iterations.
tefreqs:, 1, -0.09, 0.14, 0, 0.143178, 0.0645069, 0.14892, 0.171594, 0.30088, 0.322504, 0.3809
elapsed time for k point: 2.571657419204712
total elapsed time for run: 2.603632688522339
done
Initializing eigensolver data
Computing 6 bands with 1e-10 tolerance
Working in 2 dimensions.
Grid size is 288 x 96 x 1.
Solving for 6 bands at a time.
Creating Maxwell data...
Mesh size is 3.
Lattice vectors:
     (3, 0, 0)
     (0, 1, 0)
     (0, 0, 1)
Cell volume = 3
Reciprocal lattice vectors (/ 2 pi):
     (0.333333, -0, 0)
     (-0, 1, -0)
     (0, -0, 1)
Geometric objects:
     block, center = (0,0,0)
          size (1e+20,1e+20,1)
          axes (1,0,0), (0,1,0), (0,0,1)
     prism, center = (0.0123437,-1.38778e-17,0.5)
          height 1, axis (0,0,1), sidewall angle: 0 radians, 4 vertices:
          (0.262344,0.25,0)
          (-0.237656,0.25,0)
          (-0.237656,-0.25,0)
          (0.262344,-0.25,0)
     prism, center = (1.01234,-1.38778e-17,0.5)
          height 1, axis (0,0,1), sidewall angle: 0 radians, 4 vertices:
          (1.26234,0.25,0)
          (0.762344,0.25,0)
          (0.762344,-0.25,0)
          (1.26234,-0.25,0)
     prism, center = (2.01234,-1.38778e-17,0.5)
          height 1, axis (0,0,1), sidewall angle: 0 radians, 4 vertices:
          (2.26234,0.25,0)
          (1.76234,0.25,0)
          (1.76234,-0.25,0)
          (2.26234,-0.25,0)
Geometric object tree has depth 2 and 21 object nodes (vs. 4 actual objects)
Initializing epsilon function...
Allocating fields...
Solving for band polarization: te.
Initializing fields to random numbers...
1 k-points
  Vector3<-0.09, 0.14, 0.0>
elapsed time for initialization: 0.0660245418548584
solve_kpoint (-0.09,0.14,0):
tefreqs:, k index, k1, k2, k3, kmag/2pi, te band 1, te band 2, te band 3, te band 4, te band 5, te band 6
Solving for bands 1 to 6...
    near maximum in trace
    iteration    1: trace = 2.125703339200175 (199.704% change)
    iteration    2: trace = 0.5854705491141657 (113.621% change)
    iteration    3: trace = 0.4255829470753361 (31.6279% change)
    iteration    4: trace = 0.4077213322281468 (4.28694% change)
    iteration    5: trace = 0.3995614829013526 (2.02156% change)
    iteration    6: trace = 0.3973131243589037 (0.564294% change)
    iteration    7: trace = 0.3958576761006661 (0.366995% change)
    iteration    8: trace = 0.3953946035449293 (0.117048% change)
    iteration    9: trace = 0.3951875365017633 (0.0523834% change)
    iteration   10: trace = 0.3951427259835623 (0.0113397% change)
    iteration   11: trace = 0.3951286717724957 (0.00355681% change)
    iteration   12: trace = 0.3951255100564162 (0.000800177% change)
    iteration   13: trace = 0.395123994431854 (0.000383581% change)
    iteration   14: trace = 0.3951233815048139 (0.000155123% change)
    iteration   15: trace = 0.3951231348113938 (6.24345e-05% change)
    iteration   16: trace = 0.3951230728484457 (1.56819e-05% change)
    iteration   17: trace = 0.3951230541529869 (4.73155e-06% change)
    iteration   18: trace = 0.3951230480653146 (1.5407e-06% change)
    iteration   19: trace = 0.3951230446342233 (8.6836e-07% change)
    iteration   20: trace = 0.3951230430731514 (3.95085e-07% change)
    iteration   21: trace = 0.3951230425127011 (1.41842e-07% change)
    iteration   22: trace = 0.3951230423933745 (3.01999e-08% change)
    iteration   23: trace = 0.395123042365856 (6.96454e-09% change)
Finished solving for bands 1 to 6 after 23 iterations.
tefreqs:, 1, -0.09, 0.14, 0, 0.143178, 0.0644688, 0.1489, 0.171577, 0.300824, 0.322443, 0.380647
elapsed time for k point: 2.0489070415496826
total elapsed time for run: 2.115030288696289
done
Initializing eigensolver data
Computing 6 bands with 1e-10 tolerance
Working in 2 dimensions.
Grid size is 288 x 96 x 1.
Solving for 6 bands at a time.
Creating Maxwell data...
Mesh size is 3.
Lattice vectors:
     (3, 0, 0)
     (0, 1, 0)
     (0, 0, 1)
Cell volume = 3
Reciprocal lattice vectors (/ 2 pi):
     (0.333333, -0, 0)
     (-0, 1, -0)
     (0, -0, 1)
Geometric objects:
     block, center = (0,0,0)
          size (1e+20,1e+20,1)
          axes (1,0,0), (0,1,0), (0,0,1)
     prism, center = (0.0473437,-1.38778e-17,0.5)
          height 1, axis (0,0,1), sidewall angle: 0 radians, 4 vertices:
          (0.297344,0.25,0)
          (-0.202656,0.25,0)
          (-0.202656,-0.25,0)
          (0.297344,-0.25,0)
     prism, center = (1.04734,-1.38778e-17,0.5)
          height 1, axis (0,0,1), sidewall angle: 0 radians, 4 vertices:
          (1.29734,0.25,0)
          (0.797344,0.25,0)
          (0.797344,-0.25,0)
          (1.29734,-0.25,0)
     prism, center = (2.04734,-1.38778e-17,0.5)
          height 1, axis (0,0,1), sidewall angle: 0 radians, 4 vertices:
          (2.29734,0.25,0)
          (1.79734,0.25,0)
          (1.79734,-0.25,0)
          (2.29734,-0.25,0)
Geometric object tree has depth 2 and 21 object nodes (vs. 4 actual objects)
Initializing epsilon function...
Allocating fields...
Solving for band polarization: te.
Initializing fields to random numbers...
1 k-points
  Vector3<-0.09, 0.14, 0.0>
elapsed time for initialization: 0.03389239311218262
solve_kpoint (-0.09,0.14,0):
tefreqs:, k index, k1, k2, k3, kmag/2pi, te band 1, te band 2, te band 3, te band 4, te band 5, te band 6
Solving for bands 1 to 6...
    near maximum in trace
    iteration    1: trace = 1.871955397837129 (199.742% change)
    iteration    2: trace = 0.4959795935374191 (116.217% change)
    iteration    3: trace = 0.4301154864843969 (14.224% change)
    iteration    4: trace = 0.4068987165444522 (5.54752% change)
    iteration    5: trace = 0.4010175161340367 (1.45589% change)
    iteration    6: trace = 0.3981097001673118 (0.727748% change)
    iteration    7: trace = 0.3969205292746185 (0.299151% change)
    iteration    8: trace = 0.3959519185180911 (0.24433% change)
    iteration    9: trace = 0.3956342296569234 (0.0802664% change)
    iteration   10: trace = 0.3955136062622696 (0.0304933% change)
    iteration   11: trace = 0.3954861023631425 (0.00695421% change)
    iteration   12: trace = 0.3954763851132723 (0.00245707% change)
    iteration   13: trace = 0.3954729191114935 (0.000876416% change)
    iteration   14: trace = 0.395471168366375 (0.000442698% change)
    iteration   15: trace = 0.3954706171105765 (0.000139392% change)
    iteration   16: trace = 0.3954704557052109 (4.08135e-05% change)
    iteration   17: trace = 0.395470416069249 (1.00225e-05% change)
    iteration   18: trace = 0.3954704053684208 (2.70585e-06% change)
    iteration   19: trace = 0.3954704016599325 (9.37741e-07% change)
    iteration   20: trace = 0.3954703999716579 (4.26903e-07% change)
    iteration   21: trace = 0.3954703991061698 (2.1885e-07% change)
    iteration   22: trace = 0.395470398848376 (6.51866e-08% change)
    iteration   23: trace = 0.3954703987745765 (1.86612e-08% change)
    iteration   24: trace = 0.395470398757661 (4.27729e-09% change)
Finished solving for bands 1 to 6 after 24 iterations.
tefreqs:, 1, -0.09, 0.14, 0, 0.143178, 0.064515, 0.148931, 0.171603, 0.300908, 0.322528, 0.380934
elapsed time for k point: 2.5972445011138916
total elapsed time for run: 2.6312174797058105
done
Initializing eigensolver data
Computing 6 bands with 1e-10 tolerance
Working in 2 dimensions.
Grid size is 288 x 96 x 1.
Solving for 6 bands at a time.
Creating Maxwell data...
Mesh size is 3.
Lattice vectors:
     (3, 0, 0)
     (0, 1, 0)
     (0, 0, 1)
Cell volume = 3
Reciprocal lattice vectors (/ 2 pi):
     (0.333333, -0, 0)
     (-0, 1, -0)
     (0, -0, 1)
Geometric objects:
     block, center = (0,0,0)
          size (1e+20,1e+20,1)
          axes (1,0,0), (0,1,0), (0,0,1)
     prism, center = (0.00734375,-1.38778e-17,0.5)
          height 1, axis (0,0,1), sidewall angle: 0 radians, 4 vertices:
          (0.257344,0.25,0)
          (-0.242656,0.25,0)
          (-0.242656,-0.25,0)
          (0.257344,-0.25,0)
     prism, center = (1.00734,-1.38778e-17,0.5)
          height 1, axis (0,0,1), sidewall angle: 0 radians, 4 vertices:
          (1.25734,0.25,0)
          (0.757344,0.25,0)
          (0.757344,-0.25,0)
          (1.25734,-0.25,0)
     prism, center = (2.00734,-1.38778e-17,0.5)
          height 1, axis (0,0,1), sidewall angle: 0 radians, 4 vertices:
          (2.25734,0.25,0)
          (1.75734,0.25,0)
          (1.75734,-0.25,0)
          (2.25734,-0.25,0)
Geometric object tree has depth 2 and 21 object nodes (vs. 4 actual objects)
Initializing epsilon function...
Allocating fields...
Solving for band polarization: te.
Initializing fields to random numbers...
1 k-points
  Vector3<-0.09, 0.14, 0.0>
elapsed time for initialization: 0.03215217590332031
solve_kpoint (-0.09,0.14,0):
tefreqs:, k index, k1, k2, k3, kmag/2pi, te band 1, te band 2, te band 3, te band 4, te band 5, te band 6
Solving for bands 1 to 6...
    near maximum in trace
    iteration    1: trace = 2.6511322348329 (199.634% change)
    iteration    2: trace = 0.6351337720868935 (122.692% change)
    iteration    3: trace = 0.4312356737977524 (38.2415% change)
    iteration    4: trace = 0.4064415299500676 (5.91974% change)
    iteration    5: trace = 0.3979489555670871 (2.11156% change)
    iteration    6: trace = 0.39651555926992 (0.360846% change)
    iteration    7: trace = 0.3957586865882783 (0.191063% change)
    iteration    8: trace = 0.3954562459179419 (0.0764497% change)
    iteration    9: trace = 0.3952682195773335 (0.047558% change)
    iteration   10: trace = 0.3952260081660476 (0.0106798% change)
    iteration   11: trace = 0.3952103836999203 (0.00395338% change)
    iteration   12: trace = 0.3952069789651914 (0.000861503% change)
    iteration   13: trace = 0.3952050632984273 (0.000484726% change)
    iteration   14: trace = 0.3952043445613825 (0.000181864% change)
    iteration   15: trace = 0.3952040309781439 (7.93471e-05% change)
    iteration   16: trace = 0.3952039623932062 (1.73543e-05% change)
    iteration   17: trace = 0.39520393924287 (5.85782e-06% change)
    iteration   18: trace = 0.3952039340577527 (1.31201e-06% change)
    iteration   19: trace = 0.3952039318790193 (5.51293e-07% change)
    iteration   20: trace = 0.3952039309458729 (2.36118e-07% change)
    iteration   21: trace = 0.395203930526653 (1.06077e-07% change)
    iteration   22: trace = 0.3952039304164847 (2.78763e-08% change)
    iteration   23: trace = 0.3952039303913644 (6.3563e-09% change)
Finished solving for bands 1 to 6 after 23 iterations.
tefreqs:, 1, -0.09, 0.14, 0, 0.143178, 0.0644788, 0.148907, 0.171583, 0.300846, 0.322465, 0.38071
elapsed time for k point: 3.1316139698028564
total elapsed time for run: 3.1638474464416504
done
Initializing eigensolver data
Computing 6 bands with 1e-10 tolerance
Working in 2 dimensions.
Grid size is 288 x 96 x 1.
Solving for 6 bands at a time.
Creating Maxwell data...
Mesh size is 3.
Lattice vectors:
     (3, 0, 0)
     (0, 1, 0)
     (0, 0, 1)
Cell volume = 3
Reciprocal lattice vectors (/ 2 pi):
     (0.333333, -0, 0)
     (-0, 1, -0)
     (0, -0, 1)
Geometric objects:
     block, center = (0,0,0)
          size (1e+20,1e+20,1)
          axes (1,0,0), (0,1,0), (0,0,1)
     prism, center = (0.0114063,0,0.5)
          height 1, axis (0,0,1), sidewall angle: 0 radians, 4 vertices:
          (-0.238594,-0.25,0)
          (-0.238594,0.25,0)
          (0.261406,0.25,0)
          (0.261406,-0.25,0)
     prism, center = (0.996406,0,0.5)
          height 1, axis (0,0,1), sidewall angle: 0 radians, 4 vertices:
          (0.746406,-0.25,0)
          (0.746406,0.25,0)
          (1.24641,0.25,0)
          (1.24641,-0.25,0)
     prism, center = (2.00391,0,0.5)
          height 1, axis (0,0,1), sidewall angle: 0 radians, 4 vertices:
          (1.75391,-0.25,0)
          (1.75391,0.25,0)
          (2.25391,0.25,0)
          (2.25391,-0.25,0)
Geometric object tree has depth 2 and 21 object nodes (vs. 4 actual objects)
Initializing epsilon function...
Allocating fields...
Solving for band polarization: te.
Initializing fields to random numbers...
1 k-points
  Vector3<-0.09, 0.14, 0.0>
elapsed time for initialization: 0.03185415267944336
solve_kpoint (-0.09,0.14,0):
tefreqs:, k index, k1, k2, k3, kmag/2pi, te band 1, te band 2, te band 3, te band 4, te band 5, te band 6
Solving for bands 1 to 6...
    near maximum in trace
    iteration    1: trace = 1.931784800873034 (199.735% change)
    iteration    2: trace = 0.5143781334140888 (115.888% change)
    iteration    3: trace = 0.4340702721546227 (16.9346% change)
    iteration    4: trace = 0.4050867985516325 (6.90776% change)
    iteration    5: trace = 0.3999692514071011 (1.27135% change)
    iteration    6: trace = 0.3979637485114474 (0.502675% change)
    iteration    7: trace = 0.397279268328733 (0.172144% change)
    iteration    8: trace = 0.3967415123686642 (0.135451% change)
    iteration    9: trace = 0.3965338625112496 (0.0523525% change)
    iteration   10: trace = 0.3964429913399418 (0.022919% change)
    iteration   11: trace = 0.3964280404160228 (0.00377134% change)
    iteration   12: trace = 0.3964233144625987 (0.00119214% change)
    iteration   13: trace = 0.3964219112395589 (0.000353971% change)
    iteration   14: trace = 0.3964211132345573 (0.000201302% change)
    iteration   15: trace = 0.3964208870661833 (5.70526e-05% change)
    iteration   16: trace = 0.3964208110684361 (1.9171e-05% change)
    iteration   17: trace = 0.3964207912952132 (4.98794e-06% change)
    iteration   18: trace = 0.3964207856012908 (1.43633e-06% change)
    iteration   19: trace = 0.3964207842810668 (3.33036e-07% change)
    iteration   20: trace = 0.3964207837332369 (1.38194e-07% change)
    iteration   21: trace = 0.3964207834198664 (7.905e-08% change)
    iteration   22: trace = 0.3964207832896749 (3.28417e-08% change)
    iteration   23: trace = 0.396420783250535 (9.87334e-09% change)
Finished solving for bands 1 to 6 after 23 iterations.
tefreqs:, 1, -0.09, 0.14, 0, 0.143178, 0.0645196, 0.149079, 0.171783, 0.30142, 0.323182, 0.381082
elapsed time for k point: 2.1116130352020264
total elapsed time for run: 2.143545389175415
done
Initializing eigensolver data
Computing 6 bands with 1e-10 tolerance
Working in 2 dimensions.
Grid size is 288 x 96 x 1.
Solving for 6 bands at a time.
Creating Maxwell data...
Mesh size is 3.
Lattice vectors:
     (3, 0, 0)
     (0, 1, 0)
     (0, 0, 1)
Cell volume = 3
Reciprocal lattice vectors (/ 2 pi):
     (0.333333, -0, 0)
     (-0, 1, -0)
     (0, -0, 1)
Geometric objects:
     block, center = (0,0,0)
          size (1e+20,1e+20,1)
          axes (1,0,0), (0,1,0), (0,0,1)
     prism, center = (1.01141,0,0.5)
          height 1, axis (0,0,1), sidewall angle: 0 radians, 4 vertices:
          (0.761406,-0.25,0)
          (0.761406,0.25,0)
          (1.26141,0.25,0)
          (1.26141,-0.25,0)
     prism, center = (2.00391,0,0.5)
          height 1, axis (0,0,1), sidewall angle: 0 radians, 4 vertices:
          (1.75391,-0.25,0)
          (1.75391,0.25,0)
          (2.25391,0.25,0)
          (2.25391,-0.25,0)
     prism, center = (2.99641,0,0.5)
          height 1, axis (0,0,1), sidewall angle: 0 radians, 4 vertices:
          (2.74641,-0.25,0)
          (2.74641,0.25,0)
          (3.24641,0.25,0)
          (3.24641,-0.25,0)
Geometric object tree has depth 2 and 21 object nodes (vs. 4 actual objects)
Initializing epsilon function...
Allocating fields...
Solving for band polarization: te.
Initializing fields to random numbers...
1 k-points
  Vector3<-0.09, 0.14, 0.0>
elapsed time for initialization: 0.03190755844116211
solve_kpoint (-0.09,0.14,0):
tefreqs:, k index, k1, k2, k3, kmag/2pi, te band 1, te band 2, te band 3, te band 4, te band 5, te band 6
Solving for bands 1 to 6...
    near maximum in trace
    iteration    1: trace = 1.893763372867428 (199.739% change)
    iteration    2: trace = 0.4857481899343081 (118.345% change)
    iteration    3: trace = 0.4258322828541238 (13.1455% change)
    iteration    4: trace = 0.4051498773969031 (4.97782% change)
    iteration    5: trace = 0.4003496817615866 (1.19186% change)
    iteration    6: trace = 0.398106571666077 (0.561862% change)
    iteration    7: trace = 0.3972911878542177 (0.205025% change)
    iteration    8: trace = 0.3966481659389588 (0.161983% change)
    iteration    9: trace = 0.3964939855248286 (0.0388784% change)
    iteration   10: trace = 0.3964365086557003 (0.0144973% change)
    iteration   11: trace = 0.3964269722100615 (0.00240557% change)
    iteration   12: trace = 0.3964231676081416 (0.000959728% change)
    iteration   13: trace = 0.3964216789137457 (0.000375532% change)
    iteration   14: trace = 0.396420633316283 (0.000263759% change)
    iteration   15: trace = 0.396420292335906 (8.60148e-05% change)
    iteration   16: trace = 0.3964201672157939 (3.15625e-05% change)
    iteration   17: trace = 0.3964201432113348 (6.05531e-06% change)
    iteration   18: trace = 0.396420137622515 (1.40982e-06% change)
    iteration   19: trace = 0.3964201364899881 (2.85689e-07% change)
    iteration   20: trace = 0.3964201361269141 (9.15882e-08% change)
    iteration   21: trace = 0.3964201359672723 (4.02709e-08% change)
    iteration   22: trace = 0.396420135907592 (1.50548e-08% change)
    iteration   23: trace = 0.3964201358848929 (5.72601e-09% change)
Finished solving for bands 1 to 6 after 23 iterations.
tefreqs:, 1, -0.09, 0.14, 0, 0.143178, 0.0645196, 0.149079, 0.171783, 0.301412, 0.323195, 0.381077
elapsed time for k point: 2.179332733154297
total elapsed time for run: 2.211315631866455
done
Initializing eigensolver data
Computing 6 bands with 1e-10 tolerance
Working in 2 dimensions.
Grid size is 288 x 96 x 1.
Solving for 6 bands at a time.
Creating Maxwell data...
Mesh size is 3.
Lattice vectors:
     (3, 0, 0)
     (0, 1, 0)
     (0, 0, 1)
Cell volume = 3
Reciprocal lattice vectors (/ 2 pi):
     (0.333333, -0, 0)
     (-0, 1, -0)
     (0, -0, 1)
Geometric objects:
     block, center = (0,0,0)
          size (1e+20,1e+20,1)
          axes (1,0,0), (0,1,0), (0,0,1)
     prism, center = (0.00726035,-1.38778e-17,0.5)
          height 1, axis (0,0,1), sidewall angle: 0 radians, 4 vertices:
          (0.25726,0.25,0)
          (-0.24274,0.25,0)
          (-0.24274,-0.25,0)
          (0.25726,-0.25,0)
     prism, center = (1.00804,-1.38778e-17,0.5)
          height 1, axis (0,0,1), sidewall angle: 0 radians, 4 vertices:
          (1.25804,0.25,0)
          (0.758039,0.25,0)
          (0.758039,-0.25,0)
          (1.25804,-0.25,0)
     prism, center = (1.99642,-1.38778e-17,0.5)
          height 1, axis (0,0,1), sidewall angle: 0 radians, 4 vertices:
          (2.24642,0.25,0)
          (1.74642,0.25,0)
          (1.74642,-0.25,0)
          (2.24642,-0.25,0)
Geometric object tree has depth 2 and 21 object nodes (vs. 4 actual objects)
Initializing epsilon function...
Allocating fields...
Solving for band polarization: te.
Initializing fields to random numbers...
1 k-points
  Vector3<-0.09, 0.14, 0.0>
elapsed time for initialization: 0.05437612533569336
solve_kpoint (-0.09,0.14,0):
tefreqs:, k index, k1, k2, k3, kmag/2pi, te band 1, te band 2, te band 3, te band 4, te band 5, te band 6
Solving for bands 1 to 6...
    near maximum in trace
    iteration    1: trace = 2.436513434516263 (199.664% change)
    iteration    2: trace = 0.6069819939351572 (120.226% change)
    iteration    3: trace = 0.4287403794115413 (34.4188% change)
    iteration    4: trace = 0.40850930305931 (4.83275% change)
    iteration    5: trace = 0.3995943327635946 (2.20639% change)
    iteration    6: trace = 0.3974713859667419 (0.532691% change)
    iteration    7: trace = 0.3960158832854546 (0.366862% change)
    iteration    8: trace = 0.3955601761710242 (0.115139% change)
    iteration    9: trace = 0.395343181188511 (0.0548727% change)
    iteration   10: trace = 0.3953020027022379 (0.0104164% change)
    iteration   11: trace = 0.3952859408985296 (0.00406326% change)
    iteration   12: trace = 0.39528174311252 (0.00106197% change)
    iteration   13: trace = 0.3952789579796593 (0.000704597% change)
    iteration   14: trace = 0.3952779681120426 (0.000250423% change)
    iteration   15: trace = 0.395277581229419 (9.78761e-05% change)
    iteration   16: trace = 0.3952774912501942 (2.27636e-05% change)
    iteration   17: trace = 0.3952774611563069 (7.61336e-06% change)
    iteration   18: trace = 0.395277452219176 (2.26098e-06% change)
    iteration   19: trace = 0.3952774473411751 (1.23407e-06% change)
    iteration   20: trace = 0.3952774451038539 (5.66013e-07% change)
    iteration   21: trace = 0.395277444382281 (1.82548e-07% change)
    iteration   22: trace = 0.3952774442225059 (4.0421e-08% change)
    iteration   23: trace = 0.3952774441872835 (8.9108e-09% change)
Finished solving for bands 1 to 6 after 23 iterations.
tefreqs:, 1, -0.09, 0.14, 0, 0.143178, 0.0644915, 0.148909, 0.1716, 0.300781, 0.322524, 0.380798
elapsed time for k point: 2.041043758392334
total elapsed time for run: 2.0955326557159424
done
Initializing eigensolver data
Computing 6 bands with 1e-10 tolerance
Working in 2 dimensions.
Grid size is 288 x 96 x 1.
Solving for 6 bands at a time.
Creating Maxwell data...
Mesh size is 3.
Lattice vectors:
     (3, 0, 0)
     (0, 1, 0)
     (0, 0, 1)
Cell volume = 3
Reciprocal lattice vectors (/ 2 pi):
     (0.333333, -0, 0)
     (-0, 1, -0)
     (0, -0, 1)
Geometric objects:
     block, center = (0,0,0)
          size (1e+20,1e+20,1)
          axes (1,0,0), (0,1,0), (0,0,1)
     prism, center = (0.000552148,-1.38778e-17,0.5)
          height 1, axis (0,0,1), sidewall angle: 0 radians, 4 vertices:
          (0.250552,0.25,0)
          (-0.249448,0.25,0)
          (-0.249448,-0.25,0)
          (0.250552,-0.25,0)
     prism, center = (0.999774,-1.38778e-17,0.5)
          height 1, axis (0,0,1), sidewall angle: 0 radians, 4 vertices:
          (1.24977,0.25,0)
          (0.749774,0.25,0)
          (0.749774,-0.25,0)
          (1.24977,-0.25,0)
     prism, center = (2.01139,-1.38778e-17,0.5)
          height 1, axis (0,0,1), sidewall angle: 0 radians, 4 vertices:
          (2.26139,0.25,0)
          (1.76139,0.25,0)
          (1.76139,-0.25,0)
          (2.26139,-0.25,0)
Geometric object tree has depth 2 and 21 object nodes (vs. 4 actual objects)
Initializing epsilon function...
Allocating fields...
Solving for band polarization: te.
Initializing fields to random numbers...
1 k-points
  Vector3<-0.09, 0.14, 0.0>
elapsed time for initialization: 0.03415942192077637
solve_kpoint (-0.09,0.14,0):
tefreqs:, k index, k1, k2, k3, kmag/2pi, te band 1, te band 2, te band 3, te band 4, te band 5, te band 6
Solving for bands 1 to 6...
    near maximum in trace
    iteration    1: trace = 2.172424696039681 (199.7% change)
    iteration    2: trace = 0.5357434188276252 (120.87% change)
    iteration    3: trace = 0.4380099268628456 (20.0736% change)
    iteration    4: trace = 0.4099410395547888 (6.6204% change)
    iteration    5: trace = 0.4022364431033267 (1.89727% change)
    iteration    6: trace = 0.3986153630200616 (0.904307% change)
    iteration    7: trace = 0.3970402573048054 (0.395926% change)
    iteration    8: trace = 0.3957165358570117 (0.333954% change)
    iteration    9: trace = 0.3953195944476752 (0.10036% change)
    iteration   10: trace = 0.3951889974517399 (0.0330413% change)
    iteration   11: trace = 0.3951545329311605 (0.0087214% change)
    iteration   12: trace = 0.3951356080242738 (0.00478936% change)
    iteration   13: trace = 0.3951292889035848 (0.00159924% change)
    iteration   14: trace = 0.3951266016095779 (0.000680107% change)
    iteration   15: trace = 0.3951259963349812 (0.000153185% change)
    iteration   16: trace = 0.3951258399391641 (3.95813e-05% change)
    iteration   17: trace = 0.3951258097336101 (7.64454e-06% change)
    iteration   18: trace = 0.3951257978061887 (3.01864e-06% change)
    iteration   19: trace = 0.3951257920145038 (1.46578e-06% change)
    iteration   20: trace = 0.3951257891792964 (7.17546e-07% change)
    iteration   21: trace = 0.3951257885277277 (1.64902e-07% change)
    iteration   22: trace = 0.3951257883960038 (3.33372e-08% change)
    iteration   23: trace = 0.395125788368094 (7.06352e-09% change)
Finished solving for bands 1 to 6 after 23 iterations.
tefreqs:, 1, -0.09, 0.14, 0, 0.143178, 0.06447, 0.148897, 0.171589, 0.300753, 0.32249, 0.380662
elapsed time for k point: 2.760627508163452
total elapsed time for run: 2.794874668121338
done
Initializing eigensolver data
Computing 6 bands with 1e-10 tolerance
Working in 2 dimensions.
Grid size is 288 x 96 x 1.
Solving for 6 bands at a time.
Creating Maxwell data...
Mesh size is 3.
Lattice vectors:
     (3, 0, 0)
     (0, 1, 0)
     (0, 0, 1)
Cell volume = 3
Reciprocal lattice vectors (/ 2 pi):
     (0.333333, -0, 0)
     (-0, 1, -0)
     (0, -0, 1)
Geometric objects:
     block, center = (0,0,0)
          size (1e+20,1e+20,1)
          axes (1,0,0), (0,1,0), (0,0,1)
     prism, center = (0.0114062,-1.38778e-17,0.5)
          height 1, axis (0,0,1), sidewall angle: 0 radians, 4 vertices:
          (0.261406,0.25,0)
          (-0.238594,0.25,0)
          (-0.238594,-0.25,0)
          (0.261406,-0.25,0)
     prism, center = (1.01141,-1.38778e-17,0.5)
          height 1, axis (0,0,1), sidewall angle: 0 radians, 4 vertices:
          (1.26141,0.25,0)
          (0.761406,0.25,0)
          (0.761406,-0.25,0)
          (1.26141,-0.25,0)
     prism, center = (2.01141,-1.38778e-17,0.5)
          height 1, axis (0,0,1), sidewall angle: 0 radians, 4 vertices:
          (2.26141,0.25,0)
          (1.76141,0.25,0)
          (1.76141,-0.25,0)
          (2.26141,-0.25,0)
Geometric object tree has depth 2 and 21 object nodes (vs. 4 actual objects)
Initializing epsilon function...
Allocating fields...
Solving for band polarization: te.
Initializing fields to random numbers...
1 k-points
  Vector3<-0.09, 0.14, 0.0>
elapsed time for initialization: 0.034522056579589844
solve_kpoint (-0.09,0.14,0):
tefreqs:, k index, k1, k2, k3, kmag/2pi, te band 1, te band 2, te band 3, te band 4, te band 5, te band 6
Solving for bands 1 to 6...
    near maximum in trace
    iteration    1: trace = 2.109186466359055 (199.708% change)
    iteration    2: trace = 0.6053095261391305 (110.803% change)
    iteration    3: trace = 0.4359305271364732 (32.5341% change)
    iteration    4: trace = 0.4161043745685007 (4.65384% change)
    iteration    5: trace = 0.4061645247170875 (2.41766% change)
    iteration    6: trace = 0.4020073624229226 (1.02878% change)
    iteration    7: trace = 0.3977049887527223 (1.07598% change)
    iteration    8: trace = 0.3961227830454657 (0.398627% change)
    iteration    9: trace = 0.3955641449316173 (0.141126% change)
    iteration   10: trace = 0.3954635641432663 (0.0254304% change)
    iteration   11: trace = 0.3954213832973006 (0.0106667% change)
    iteration   12: trace = 0.3954043381127416 (0.00431073% change)
    iteration   13: trace = 0.3953944017231865 (0.002513% change)
    iteration   14: trace = 0.3953914038360407 (0.000758205% change)
    iteration   15: trace = 0.3953904615594697 (0.000238315% change)
    iteration   16: trace = 0.395390270390749 (4.83494e-05% change)
    iteration   17: trace = 0.3953901959230441 (1.8834e-05% change)
    iteration   18: trace = 0.3953901655821591 (7.67366e-06% change)
    iteration   19: trace = 0.3953901511552482 (3.64878e-06% change)
    iteration   20: trace = 0.3953901469057846 (1.07475e-06% change)
    iteration   21: trace = 0.395390145882893 (2.58704e-07% change)
    iteration   22: trace = 0.3953901456565282 (5.7251e-08% change)
    iteration   23: trace = 0.3953901456019993 (1.37912e-08% change)
    iteration   24: trace = 0.3953901455853671 (4.20653e-09% change)
Finished solving for bands 1 to 6 after 24 iterations.
tefreqs:, 1, -0.09, 0.14, 0, 0.143178, 0.0645052, 0.148919, 0.171593, 0.300876, 0.3225, 0.380888
elapsed time for k point: 2.112039566040039
total elapsed time for run: 2.146641969680786
done
Initializing eigensolver data
Computing 6 bands with 1e-10 tolerance
Working in 2 dimensions.
Grid size is 288 x 96 x 1.
Solving for 6 bands at a time.
Creating Maxwell data...
Mesh size is 3.
Lattice vectors:
     (3, 0, 0)
     (0, 1, 0)
     (0, 0, 1)
Cell volume = 3
Reciprocal lattice vectors (/ 2 pi):
     (0.333333, -0, 0)
     (-0, 1, -0)
     (0, -0, 1)
Geometric objects:
     block, center = (0,0,0)
          size (1e+20,1e+20,1)
          axes (1,0,0), (0,1,0), (0,0,1)
     prism, center = (-0.00359375,-1.38778e-17,0.5)
          height 1, axis (0,0,1), sidewall angle: 0 radians, 4 vertices:
          (0.246406,0.25,0)
          (-0.253594,0.25,0)
          (-0.253594,-0.25,0)
          (0.246406,-0.25,0)
     prism, center = (0.996406,-1.38778e-17,0.5)
          height 1, axis (0,0,1), sidewall angle: 0 radians, 4 vertices:
          (1.24641,0.25,0)
          (0.746406,0.25,0)
          (0.746406,-0.25,0)
          (1.24641,-0.25,0)
     prism, center = (1.99641,-1.38778e-17,0.5)
          height 1, axis (0,0,1), sidewall angle: 0 radians, 4 vertices:
          (2.24641,0.25,0)
          (1.74641,0.25,0)
          (1.74641,-0.25,0)
          (2.24641,-0.25,0)
Geometric object tree has depth 2 and 21 object nodes (vs. 4 actual objects)
Initializing epsilon function...
Allocating fields...
Solving for band polarization: te.
Initializing fields to random numbers...
1 k-points
  Vector3<-0.09, 0.14, 0.0>
elapsed time for initialization: 0.03165721893310547
solve_kpoint (-0.09,0.14,0):
tefreqs:, k index, k1, k2, k3, kmag/2pi, te band 1, te band 2, te band 3, te band 4, te band 5, te band 6
Solving for bands 1 to 6...
    near maximum in trace
    iteration    1: trace = 1.86173344328147 (199.742% change)
    iteration    2: trace = 0.6102749646148623 (101.25% change)
    iteration    3: trace = 0.4437010866158951 (31.6087% change)
    iteration    4: trace = 0.4244122987885565 (4.44384% change)
    iteration    5: trace = 0.4129950182239934 (2.72682% change)
    iteration    6: trace = 0.4084760707647433 (1.10021% change)
    iteration    7: trace = 0.4020547996698076 (1.58446% change)
    iteration    8: trace = 0.3978736140770273 (1.04539% change)
    iteration    9: trace = 0.3960275989788078 (0.465049% change)
    iteration   10: trace = 0.395599550287008 (0.108144% change)
    iteration   11: trace = 0.395404260279583 (0.0493778% change)
    iteration   12: trace = 0.3953181671805613 (0.0217758% change)
    iteration   13: trace = 0.3952762779756561 (0.0105969% change)
    iteration   14: trace = 0.3952653805682297 (0.00275695% change)
    iteration   15: trace = 0.3952621956993734 (0.000805758% change)
    iteration   16: trace = 0.3952615878766305 (0.000153777% change)
    iteration   17: trace = 0.3952613430557034 (6.1939e-05% change)
    iteration   18: trace = 0.3952612318243356 (2.81412e-05% change)
    iteration   19: trace = 0.3952611747641195 (1.44361e-05% change)
    iteration   20: trace = 0.3952611609091977 (3.50526e-06% change)
    iteration   21: trace = 0.3952611575622628 (8.46765e-07% change)
    iteration   22: trace = 0.3952611568036406 (1.91929e-07% change)
    iteration   23: trace = 0.3952611565940657 (5.30219e-08% change)
    iteration   24: trace = 0.3952611565238091 (1.77747e-08% change)
    iteration   25: trace = 0.3952611564924405 (7.93618e-09% change)
Finished solving for bands 1 to 6 after 25 iterations.
tefreqs:, 1, -0.09, 0.14, 0, 0.143178, 0.0644861, 0.148912, 0.171588, 0.30086, 0.32248, 0.380757
elapsed time for k point: 1.7682006359100342
total elapsed time for run: 1.799933671951294
done
Initializing eigensolver data
Computing 6 bands with 1e-10 tolerance
Working in 2 dimensions.
Grid size is 288 x 96 x 1.
Solving for 6 bands at a time.
Creating Maxwell data...
Mesh size is 3.
Lattice vectors:
     (3, 0, 0)
     (0, 1, 0)
     (0, 0, 1)
Cell volume = 3
Reciprocal lattice vectors (/ 2 pi):
     (0.333333, -0, 0)
     (-0, 1, -0)
     (0, -0, 1)
Geometric objects:
     block, center = (0,0,0)
          size (1e+20,1e+20,1)
          axes (1,0,0), (0,1,0), (0,0,1)
     prism, center = (2.00391,0,0.5)
          height 1, axis (0,0,1), sidewall angle: 0 radians, 4 vertices:
          (1.75391,-0.25,0)
          (1.75391,0.25,0)
          (2.25391,0.25,0)
          (2.25391,-0.25,0)
     prism, center = (0.996406,0,0.5)
          height 1, axis (0,0,1), sidewall angle: 0 radians, 4 vertices:
          (0.746406,-0.25,0)
          (0.746406,0.25,0)
          (1.24641,0.25,0)
          (1.24641,-0.25,0)
     prism, center = (0.0114063,0,0.5)
          height 1, axis (0,0,1), sidewall angle: 0 radians, 4 vertices:
          (-0.238594,-0.25,0)
          (-0.238594,0.25,0)
          (0.261406,0.25,0)
          (0.261406,-0.25,0)
Geometric object tree has depth 2 and 21 object nodes (vs. 4 actual objects)
Initializing epsilon function...
Allocating fields...
Solving for band polarization: te.
Initializing fields to random numbers...
1 k-points
  Vector3<-0.09, 0.14, 0.0>
elapsed time for initialization: 0.03184628486633301
solve_kpoint (-0.09,0.14,0):
tefreqs:, k index, k1, k2, k3, kmag/2pi, te band 1, te band 2, te band 3, te band 4, te band 5, te band 6
Solving for bands 1 to 6...
    near maximum in trace
    iteration    1: trace = 1.932934294383091 (199.733% change)
    iteration    2: trace = 0.499105034976624 (117.912% change)
    iteration    3: trace = 0.4286092877899133 (15.1977% change)
    iteration    4: trace = 0.4053138531416562 (5.58695% change)
    iteration    5: trace = 0.3999314074227165 (1.33685% change)
    iteration    6: trace = 0.3978294458077535 (0.526965% change)
    iteration    7: trace = 0.3971268171241649 (0.176772% change)
    iteration    8: trace = 0.3966691118996932 (0.115321% change)
    iteration    9: trace = 0.3965073671117584 (0.0407841% change)
    iteration   10: trace = 0.396444865814214 (0.0157642% change)
    iteration   11: trace = 0.3964310685796875 (0.0034803% change)
    iteration   12: trace = 0.396425227976984 (0.00147331% change)
    iteration   13: trace = 0.396422657061745 (0.000648527% change)
    iteration   14: trace = 0.3964212735706197 (0.000348995% change)
    iteration   15: trace = 0.3964209176020408 (8.97956e-05% change)
    iteration   16: trace = 0.3964208201209177 (2.45903e-05% change)
    iteration   17: trace = 0.3964207959244249 (6.10374e-06% change)
    iteration   18: trace = 0.3964207882993672 (1.92348e-06% change)
    iteration   19: trace = 0.3964207855124552 (7.03019e-07% change)
    iteration   20: trace = 0.396420784027773 (3.74522e-07% change)
    iteration   21: trace = 0.3964207834141705 (1.54786e-07% change)
    iteration   22: trace = 0.3964207832762686 (3.47868e-08% change)
    iteration   23: trace = 0.3964207832458135 (7.68253e-09% change)
Finished solving for bands 1 to 6 after 23 iterations.
tefreqs:, 1, -0.09, 0.14, 0, 0.143178, 0.0645196, 0.149079, 0.171783, 0.30142, 0.323182, 0.381082
elapsed time for k point: 2.2476439476013184
total elapsed time for run: 2.2795794010162354
done
Initializing eigensolver data
Computing 6 bands with 1e-10 tolerance
Working in 2 dimensions.
Grid size is 288 x 96 x 1.
Solving for 6 bands at a time.
Creating Maxwell data...
Mesh size is 3.
Lattice vectors:
     (3, 0, 0)
     (0, 1, 0)
     (0, 0, 1)
Cell volume = 3
Reciprocal lattice vectors (/ 2 pi):
     (0.333333, -0, 0)
     (-0, 1, -0)
     (0, -0, 1)
Geometric objects:
     block, center = (0,0,0)
          size (1e+20,1e+20,1)
          axes (1,0,0), (0,1,0), (0,0,1)
     prism, center = (1.99642,-1.38778e-17,0.5)
          height 1, axis (0,0,1), sidewall angle: 0 radians, 4 vertices:
          (2.24642,0.25,0)
          (1.74642,0.25,0)
          (1.74642,-0.25,0)
          (2.24642,-0.25,0)
     prism, center = (1.00804,-1.38778e-17,0.5)
          height 1, axis (0,0,1), sidewall angle: 0 radians, 4 vertices:
          (1.25804,0.25,0)
          (0.758039,0.25,0)
          (0.758039,-0.25,0)
          (1.25804,-0.25,0)
     prism, center = (0.00726035,-1.38778e-17,0.5)
          height 1, axis (0,0,1), sidewall angle: 0 radians, 4 vertices:
          (0.25726,0.25,0)
          (-0.24274,0.25,0)
          (-0.24274,-0.25,0)
          (0.25726,-0.25,0)
Geometric object tree has depth 2 and 21 object nodes (vs. 4 actual objects)
Initializing epsilon function...
Allocating fields...
Solving for band polarization: te.
Initializing fields to random numbers...
1 k-points
  Vector3<-0.09, 0.14, 0.0>
elapsed time for initialization: 0.03165698051452637
solve_kpoint (-0.09,0.14,0):
tefreqs:, k index, k1, k2, k3, kmag/2pi, te band 1, te band 2, te band 3, te band 4, te band 5, te band 6
Solving for bands 1 to 6...
    near maximum in trace
    iteration    1: trace = 2.170671699549564 (199.7% change)
    iteration    2: trace = 0.5180434434543626 (122.931% change)
    iteration    3: trace = 0.4384599380718309 (16.6405% change)
    iteration    4: trace = 0.4145976666297235 (5.59453% change)
    iteration    5: trace = 0.4060177414707017 (2.0911% change)
    iteration    6: trace = 0.4005213880727154 (1.36295% change)
    iteration    7: trace = 0.3976943524525985 (0.708339% change)
    iteration    8: trace = 0.3959376643537971 (0.442696% change)
    iteration    9: trace = 0.3954891272412324 (0.113349% change)
    iteration   10: trace = 0.3953410442851739 (0.03745% change)
    iteration   11: trace = 0.3953059503308652 (0.00887728% change)
    iteration   12: trace = 0.3952897620604411 (0.00409521% change)
    iteration   13: trace = 0.3952822875006793 (0.00189092% change)
    iteration   14: trace = 0.3952788795852569 (0.000862151% change)
    iteration   15: trace = 0.3952778777764145 (0.000253444% change)
    iteration   16: trace = 0.3952776010441219 (7.00096e-05% change)
    iteration   17: trace = 0.395277514798653 (2.1819e-05% change)
    iteration   18: trace = 0.3952774730944186 (1.05506e-05% change)
    iteration   19: trace = 0.3952774533202218 (5.00261e-06% change)
    iteration   20: trace = 0.3952774466105172 (1.69747e-06% change)
    iteration   21: trace = 0.3952774446920134 (4.85356e-07% change)
    iteration   22: trace = 0.3952774442936982 (1.00769e-07% change)
    iteration   23: trace = 0.3952774441979295 (2.42282e-08% change)
    iteration   24: trace = 0.395277444182993 (3.77872e-09% change)
Finished solving for bands 1 to 6 after 24 iterations.
tefreqs:, 1, -0.09, 0.14, 0, 0.143178, 0.0644915, 0.148909, 0.1716, 0.300781, 0.322524, 0.380798
elapsed time for k point: 3.3533201217651367
total elapsed time for run: 3.3850579261779785
done
Initializing eigensolver data
Computing 6 bands with 1e-10 tolerance
Working in 2 dimensions.
Grid size is 288 x 96 x 1.
Solving for 6 bands at a time.
Creating Maxwell data...
Mesh size is 3.
Lattice vectors:
     (3, 0, 0)
     (0, 1, 0)
     (0, 0, 1)
Cell volume = 3
Reciprocal lattice vectors (/ 2 pi):
     (0.333333, -0, 0)
     (-0, 1, -0)
     (0, -0, 1)
Geometric objects:
     block, center = (0,0,0)
          size (1e+20,1e+20,1)
          axes (1,0,0), (0,1,0), (0,0,1)
     prism, center = (2.01141,-1.38778e-17,0.5)
          height 1, axis (0,0,1), sidewall angle: 0 radians, 4 vertices:
          (2.26141,0.25,0)
          (1.76141,0.25,0)
          (1.76141,-0.25,0)
          (2.26141,-0.25,0)
     prism, center = (1.01141,-1.38778e-17,0.5)
          height 1, axis (0,0,1), sidewall angle: 0 radians, 4 vertices:
          (1.26141,0.25,0)
          (0.761406,0.25,0)
          (0.761406,-0.25,0)
          (1.26141,-0.25,0)
     prism, center = (0.0114062,-1.38778e-17,0.5)
          height 1, axis (0,0,1), sidewall angle: 0 radians, 4 vertices:
          (0.261406,0.25,0)
          (-0.238594,0.25,0)
          (-0.238594,-0.25,0)
          (0.261406,-0.25,0)
Geometric object tree has depth 2 and 21 object nodes (vs. 4 actual objects)
Initializing epsilon function...
Allocating fields...
Solving for band polarization: te.
Initializing fields to random numbers...
1 k-points
  Vector3<-0.09, 0.14, 0.0>
elapsed time for initialization: 0.0362401008605957
solve_kpoint (-0.09,0.14,0):
tefreqs:, k index, k1, k2, k3, kmag/2pi, te band 1, te band 2, te band 3, te band 4, te band 5, te band 6
Solving for bands 1 to 6...
    near maximum in trace
    iteration    1: trace = 2.110979788868908 (199.709% change)
    iteration    2: trace = 0.5240568436792366 (120.448% change)
    iteration    3: trace = 0.4525470602201894 (14.6446% change)
    iteration    4: trace = 0.4314088892519438 (4.78263% change)
    iteration    5: trace = 0.4254885878146083 (1.3818% change)
    iteration    6: trace = 0.4220691722454126 (0.806887% change)
    iteration    7: trace = 0.4176238294953974 (1.0588% change)
    large trace change predicted (2.67219%)
    iteration    8: trace = 0.4070132089908267 (2.5734% change)
    iteration    9: trace = 0.4005504019296217 (1.60057% change)
    iteration   10: trace = 0.3969474107429452 (0.903574% change)
    iteration   11: trace = 0.3960913151665697 (0.215903% change)
    iteration   12: trace = 0.3956448419970905 (0.112783% change)
    iteration   13: trace = 0.3955025822019396 (0.0359629% change)
    iteration   14: trace = 0.3954267307679647 (0.0191803% change)
    iteration   15: trace = 0.3954026552057119 (0.00608869% change)
    iteration   16: trace = 0.3953937619621557 (0.00224919% change)
    iteration   17: trace = 0.3953917460876746 (0.000509841% change)
    iteration   18: trace = 0.3953908449356689 (0.000227914% change)
    iteration   19: trace = 0.3953904307628994 (0.00010475% change)
    iteration   20: trace = 0.3953902291574278 (5.0989e-05% change)
    iteration   21: trace = 0.3953901644891804 (1.63556e-05% change)
    iteration   22: trace = 0.3953901494665327 (3.79945e-06% change)
    iteration   23: trace = 0.3953901463170958 (7.96539e-07% change)
    iteration   24: trace = 0.3953901457983591 (1.31196e-07% change)
    iteration   25: trace = 0.3953901456579664 (3.55074e-08% change)
    iteration   26: trace = 0.3953901456110753 (1.18595e-08% change)
    iteration   27: trace = 0.3953901455894772 (5.46248e-09% change)
Finished solving for bands 1 to 6 after 27 iterations.
tefreqs:, 1, -0.09, 0.14, 0, 0.143178, 0.0645052, 0.148919, 0.171593, 0.300876, 0.3225, 0.380888
elapsed time for k point: 2.716994524002075
total elapsed time for run: 2.7533161640167236
done
Initializing eigensolver data
Computing 6 bands with 1e-10 tolerance
Working in 2 dimensions.
Grid size is 336 x 112 x 1.
Solving for 6 bands at a time.
Creating Maxwell data...
Mesh size is 3.
Lattice vectors:
     (3, 0, 0)
     (0, 1, 0)
     (0, 0, 1)
Cell volume = 3
Reciprocal lattice vectors (/ 2 pi):
     (0.333333, -0, 0)
     (-0, 1, -0)
     (0, -0, 1)
Geometric objects:
     block, center = (0,0,0)
          size (1e+20,1e+20,1)
          axes (1,0,0), (0,1,0), (0,0,1)
     prism, center = (0.00834821,0,0.5)
          height 1, axis (0,0,1), sidewall angle: 0 radians, 4 vertices:
          (-0.241652,-0.25,0)
          (-0.241652,0.25,0)
          (0.258348,0.25,0)
          (0.258348,-0.25,0)
     prism, center = (0.998348,0,0.5)
          height 1, axis (0,0,1), sidewall angle: 0 radians, 4 vertices:
          (0.748348,-0.25,0)
          (0.748348,0.25,0)
          (1.24835,0.25,0)
          (1.24835,-0.25,0)
     prism, center = (2.00335,0,0.5)
          height 1, axis (0,0,1), sidewall angle: 0 radians, 4 vertices:
          (1.75335,-0.25,0)
          (1.75335,0.25,0)
          (2.25335,0.25,0)
          (2.25335,-0.25,0)
Geometric object tree has depth 2 and 21 object nodes (vs. 4 actual objects)
Initializing epsilon function...
Allocating fields...
Solving for band polarization: te.
Initializing fields to random numbers...
1 k-points
  Vector3<-0.09, 0.14, 0.0>
elapsed time for initialization: 0.04292750358581543
solve_kpoint (-0.09,0.14,0):
tefreqs:, k index, k1, k2, k3, kmag/2pi, te band 1, te band 2, te band 3, te band 4, te band 5, te band 6
Solving for bands 1 to 6...
    near maximum in trace
    iteration    1: trace = 2.479956222309172 (199.75% change)
    iteration    2: trace = 0.591706434539941 (122.946% change)
    iteration    3: trace = 0.4703584808643283 (22.8513% change)
    iteration    4: trace = 0.4227127808211291 (10.6701% change)
    iteration    5: trace = 0.4081899915745401 (3.49567% change)
    iteration    6: trace = 0.4013505818651171 (1.6897% change)
    iteration    7: trace = 0.399134130400897 (0.553777% change)
    iteration    8: trace = 0.3976352109480467 (0.376249% change)
    iteration    9: trace = 0.3968869495192153 (0.188355% change)
    iteration   10: trace = 0.3964995777989559 (0.0976502% change)
    iteration   11: trace = 0.3964180105995988 (0.0205739% change)
    iteration   12: trace = 0.3963937571691971 (0.00611833% change)
    iteration   13: trace = 0.3963877459403132 (0.00151649% change)
    iteration   14: trace = 0.3963850093697385 (0.00069038% change)
    iteration   15: trace = 0.3963837870948201 (0.000308356% change)
    iteration   16: trace = 0.3963831734721406 (0.000154805% change)
    iteration   17: trace = 0.3963829789411771 (4.90765e-05% change)
    iteration   18: trace = 0.3963829359863362 (1.08367e-05% change)
    iteration   19: trace = 0.3963829278783543 (2.04549e-06% change)
    iteration   20: trace = 0.3963829263078245 (3.96215e-07% change)
    iteration   21: trace = 0.3963829257505865 (1.40581e-07% change)
    iteration   22: trace = 0.3963829255437487 (5.21813e-08% change)
    iteration   23: trace = 0.3963829254309366 (2.84604e-08% change)
    iteration   24: trace = 0.3963829253943738 (9.22413e-09% change)
Finished solving for bands 1 to 6 after 24 iterations.
tefreqs:, 1, -0.09, 0.14, 0, 0.143178, 0.0645155, 0.149077, 0.171769, 0.30146, 0.323136, 0.381046
elapsed time for k point: 2.7716119289398193
total elapsed time for run: 2.8146181106567383
done
Initializing eigensolver data
Computing 6 bands with 1e-10 tolerance
Working in 2 dimensions.
Grid size is 336 x 112 x 1.
Solving for 6 bands at a time.
Creating Maxwell data...
Mesh size is 3.
Lattice vectors:
     (3, 0, 0)
     (0, 1, 0)
     (0, 0, 1)
Cell volume = 3
Reciprocal lattice vectors (/ 2 pi):
     (0.333333, -0, 0)
     (-0, 1, -0)
     (0, -0, 1)
Geometric objects:
     block, center = (0,0,0)
          size (1e+20,1e+20,1)
          axes (1,0,0), (0,1,0), (0,0,1)
     prism, center = (1.00835,0,0.5)
          height 1, axis (0,0,1), sidewall angle: 0 radians, 4 vertices:
          (0.758348,-0.25,0)
          (0.758348,0.25,0)
          (1.25835,0.25,0)
          (1.25835,-0.25,0)
     prism, center = (2.00335,0,0.5)
          height 1, axis (0,0,1), sidewall angle: 0 radians, 4 vertices:
          (1.75335,-0.25,0)
          (1.75335,0.25,0)
          (2.25335,0.25,0)
          (2.25335,-0.25,0)
     prism, center = (2.99835,0,0.5)
          height 1, axis (0,0,1), sidewall angle: 0 radians, 4 vertices:
          (2.74835,-0.25,0)
          (2.74835,0.25,0)
          (3.24835,0.25,0)
          (3.24835,-0.25,0)
Geometric object tree has depth 2 and 21 object nodes (vs. 4 actual objects)
Initializing epsilon function...
Allocating fields...
Solving for band polarization: te.
Initializing fields to random numbers...
1 k-points
  Vector3<-0.09, 0.14, 0.0>
elapsed time for initialization: 0.05065298080444336
solve_kpoint (-0.09,0.14,0):
tefreqs:, k index, k1, k2, k3, kmag/2pi, te band 1, te band 2, te band 3, te band 4, te band 5, te band 6
Solving for bands 1 to 6...
    near maximum in trace
    iteration    1: trace = 1.950127235833824 (199.803% change)
    iteration    2: trace = 0.4842327162615847 (120.434% change)
    iteration    3: trace = 0.4267457477509345 (12.6209% change)
    iteration    4: trace = 0.4045543030725866 (5.33897% change)
    iteration    5: trace = 0.4001717072412462 (1.08921% change)
    iteration    6: trace = 0.3979979975294054 (0.544674% change)
    iteration    7: trace = 0.397187230181637 (0.203919% change)
    iteration    8: trace = 0.3965864076835975 (0.151384% change)
    iteration    9: trace = 0.3964472063296436 (0.035106% change)
    iteration   10: trace = 0.3963970194621228 (0.01266% change)
    iteration   11: trace = 0.3963890688738966 (0.00200573% change)
    iteration   12: trace = 0.3963855778280915 (0.000880716% change)
    iteration   13: trace = 0.3963840489536826 (0.000385705% change)
    iteration   14: trace = 0.3963830724073377 (0.000246364% change)
    iteration   15: trace = 0.3963827949381917 (7.00003e-05% change)
    iteration   16: trace = 0.3963827039835479 (2.29462e-05% change)
    iteration   17: trace = 0.3963826855335089 (4.6546e-06% change)
    iteration   18: trace = 0.3963826786362935 (1.74004e-06% change)
    iteration   19: trace = 0.3963826757921582 (7.17523e-07% change)
    iteration   20: trace = 0.3963826745013928 (3.25636e-07% change)
    iteration   21: trace = 0.3963826741283167 (9.41202e-08% change)
    iteration   22: trace = 0.3963826740409707 (2.20358e-08% change)
    iteration   23: trace = 0.3963826740170737 (6.02877e-09% change)
Finished solving for bands 1 to 6 after 23 iterations.
tefreqs:, 1, -0.09, 0.14, 0, 0.143178, 0.0645155, 0.149077, 0.171769, 0.301457, 0.323141, 0.381045
elapsed time for k point: 3.670743465423584
total elapsed time for run: 3.721489429473877
done
Initializing eigensolver data
Computing 6 bands with 1e-10 tolerance
Working in 2 dimensions.
Grid size is 336 x 112 x 1.
Solving for 6 bands at a time.
Creating Maxwell data...
Mesh size is 3.
Lattice vectors:
     (3, 0, 0)
     (0, 1, 0)
     (0, 0, 1)
Cell volume = 3
Reciprocal lattice vectors (/ 2 pi):
     (0.333333, -0, 0)
     (-0, 1, -0)
     (0, -0, 1)
Geometric objects:
     block, center = (0,0,0)
          size (1e+20,1e+20,1)
          axes (1,0,0), (0,1,0), (0,0,1)
     prism, center = (0.0108482,0,0.5)
          height 1, axis (0,0,1), sidewall angle: 0 radians, 4 vertices:
          (-0.239152,-0.25,0)
          (-0.239152,0.25,0)
          (0.260848,0.25,0)
          (0.260848,-0.25,0)
     prism, center = (0.995848,0,0.5)
          height 1, axis (0,0,1), sidewall angle: 0 radians, 4 vertices:
          (0.745848,-0.25,0)
          (0.745848,0.25,0)
          (1.24585,0.25,0)
          (1.24585,-0.25,0)
     prism, center = (2.00335,0,0.5)
          height 1, axis (0,0,1), sidewall angle: 0 radians, 4 vertices:
          (1.75335,-0.25,0)
          (1.75335,0.25,0)
          (2.25335,0.25,0)
          (2.25335,-0.25,0)
Geometric object tree has depth 2 and 21 object nodes (vs. 4 actual objects)
Initializing epsilon function...
Allocating fields...
Solving for band polarization: te.
Initializing fields to random numbers...
1 k-points
  Vector3<-0.09, 0.14, 0.0>
elapsed time for initialization: 0.09064602851867676
solve_kpoint (-0.09,0.14,0):
tefreqs:, k index, k1, k2, k3, kmag/2pi, te band 1, te band 2, te band 3, te band 4, te band 5, te band 6
Solving for bands 1 to 6...
    near maximum in trace
    iteration    1: trace = 1.944196389344641 (199.804% change)
    iteration    2: trace = 0.5178461064822356 (115.867% change)
    iteration    3: trace = 0.448059581937659 (14.45% change)
    iteration    4: trace = 0.4284113701964828 (4.48348% change)
    iteration    5: trace = 0.4222455711019347 (1.44966% change)
    iteration    6: trace = 0.4174158176155036 (1.15041% change)
    iteration    7: trace = 0.4103871454430824 (1.69815% change)
    iteration    8: trace = 0.401925565943196 (2.08333% change)
    iteration    9: trace = 0.3984859562985293 (0.85946% change)
    iteration   10: trace = 0.3971690469690374 (0.331025% change)
    iteration   11: trace = 0.3967684854830633 (0.100905% change)
    iteration   12: trace = 0.396569824117742 (0.0500824% change)
    iteration   13: trace = 0.3964713551320789 (0.0248333% change)
    iteration   14: trace = 0.396431428860985 (0.0100709% change)
    iteration   15: trace = 0.3964185030458304 (0.0032606% change)
    iteration   16: trace = 0.3964154543660269 (0.000769059% change)
    iteration   17: trace = 0.3964141857497367 (0.000320022% change)
    iteration   18: trace = 0.396413581602051 (0.000152403% change)
    iteration   19: trace = 0.3964132478286041 (8.41983e-05% change)
    iteration   20: trace = 0.3964131724664414 (1.9011e-05% change)
    iteration   21: trace = 0.3964131519166556 (5.18393e-06% change)
    iteration   22: trace = 0.3964131480265167 (9.81334e-07% change)
    iteration   23: trace = 0.396413147129935 (2.26174e-07% change)
    iteration   24: trace = 0.3964131469037033 (5.70697e-08% change)
    iteration   25: trace = 0.3964131468235659 (2.02156e-08% change)
    iteration   26: trace = 0.3964131467773669 (1.16542e-08% change)
    iteration   27: trace = 0.3964131467589995 (4.6334e-09% change)
Finished solving for bands 1 to 6 after 27 iterations.
tefreqs:, 1, -0.09, 0.14, 0, 0.143178, 0.064522, 0.149079, 0.171782, 0.301413, 0.323176, 0.381082
elapsed time for k point: 3.4713711738586426
total elapsed time for run: 3.562105417251587
done
Initializing eigensolver data
Computing 6 bands with 1e-10 tolerance
Working in 2 dimensions.
Grid size is 336 x 112 x 1.
Solving for 6 bands at a time.
Creating Maxwell data...
Mesh size is 3.
Lattice vectors:
     (3, 0, 0)
     (0, 1, 0)
     (0, 0, 1)
Cell volume = 3
Reciprocal lattice vectors (/ 2 pi):
     (0.333333, -0, 0)
     (-0, 1, -0)
     (0, -0, 1)
Geometric objects:
     block, center = (0,0,0)
          size (1e+20,1e+20,1)
          axes (1,0,0), (0,1,0), (0,0,1)
     prism, center = (1.01085,0,0.5)
          height 1, axis (0,0,1), sidewall angle: 0 radians, 4 vertices:
          (0.760848,-0.25,0)
          (0.760848,0.25,0)
          (1.26085,0.25,0)
          (1.26085,-0.25,0)
     prism, center = (2.00335,0,0.5)
          height 1, axis (0,0,1), sidewall angle: 0 radians, 4 vertices:
          (1.75335,-0.25,0)
          (1.75335,0.25,0)
          (2.25335,0.25,0)
          (2.25335,-0.25,0)
     prism, center = (2.99585,0,0.5)
          height 1, axis (0,0,1), sidewall angle: 0 radians, 4 vertices:
          (2.74585,-0.25,0)
          (2.74585,0.25,0)
          (3.24585,0.25,0)
          (3.24585,-0.25,0)
Geometric object tree has depth 2 and 21 object nodes (vs. 4 actual objects)
Initializing epsilon function...
Allocating fields...
Solving for band polarization: te.
Initializing fields to random numbers...
1 k-points
  Vector3<-0.09, 0.14, 0.0>
elapsed time for initialization: 0.08457398414611816
solve_kpoint (-0.09,0.14,0):
tefreqs:, k index, k1, k2, k3, kmag/2pi, te band 1, te band 2, te band 3, te band 4, te band 5, te band 6
Solving for bands 1 to 6...
    near maximum in trace
    iteration    1: trace = 2.601827987121065 (199.738% change)
    iteration    2: trace = 0.6596995265838979 (119.093% change)
    iteration    3: trace = 0.4648511042939252 (34.6536% change)
    iteration    4: trace = 0.4386831409429117 (5.79236% change)
    iteration    5: trace = 0.4221653771354407 (3.83755% change)
    iteration    6: trace = 0.413181601562448 (2.15091% change)
    iteration    7: trace = 0.4037077568617063 (2.31949% change)
    iteration    8: trace = 0.3993924885586158 (1.07465% change)
    iteration    9: trace = 0.3971991091479622 (0.550691% change)
    iteration   10: trace = 0.3967318686657936 (0.117703% change)
    iteration   11: trace = 0.3965336508764712 (0.0499751% change)
    iteration   12: trace = 0.3964743996377306 (0.0149434% change)
    iteration   13: trace = 0.3964368973685043 (0.00945939% change)
    iteration   14: trace = 0.3964227819911948 (0.00356062% change)
    iteration   15: trace = 0.3964156704712432 (0.00179394% change)
    iteration   16: trace = 0.3964141003194855 (0.000396088% change)
    iteration   17: trace = 0.3964135456959457 (0.00013991% change)
    iteration   18: trace = 0.3964133650872902 (4.55607e-05% change)
    iteration   19: trace = 0.3964132822153132 (2.09054e-05% change)
    iteration   20: trace = 0.3964132519873366 (7.62537e-06% change)
    iteration   21: trace = 0.3964132416631307 (2.6044e-06% change)
    iteration   22: trace = 0.3964132388202896 (7.17141e-07% change)
    iteration   23: trace = 0.3964132380080226 (2.04904e-07% change)
    iteration   24: trace = 0.3964132376563385 (8.87165e-08% change)
    iteration   25: trace = 0.396413237516251 (3.53388e-08% change)
    iteration   26: trace = 0.3964132374608718 (1.39701e-08% change)
    iteration   27: trace = 0.3964132374472862 (3.42714e-09% change)
Finished solving for bands 1 to 6 after 27 iterations.
tefreqs:, 1, -0.09, 0.14, 0, 0.143178, 0.064522, 0.149079, 0.171782, 0.301406, 0.323187, 0.381079
elapsed time for k point: 11.67103099822998
total elapsed time for run: 11.755711078643799
done
Initializing eigensolver data
Computing 6 bands with 1e-10 tolerance
Working in 2 dimensions.
Grid size is 336 x 112 x 1.
Solving for 6 bands at a time.
Creating Maxwell data...
Mesh size is 3.
Lattice vectors:
     (3, 0, 0)
     (0, 1, 0)
     (0, 0, 1)
Cell volume = 3
Reciprocal lattice vectors (/ 2 pi):
     (0.333333, -0, 0)
     (-0, 1, -0)
     (0, -0, 1)
Geometric objects:
     block, center = (0,0,0)
          size (1e+20,1e+20,1)
          axes (1,0,0), (0,1,0), (0,0,1)
     prism, center = (0.0133482,0,0.5)
          height 1, axis (0,0,1), sidewall angle: 0 radians, 4 vertices:
          (-0.236652,-0.25,0)
          (-0.236652,0.25,0)
          (0.263348,0.25,0)
          (0.263348,-0.25,0)
     prism, center = (0.993348,0,0.5)
          height 1, axis (0,0,1), sidewall angle: 0 radians, 4 vertices:
          (0.743348,-0.25,0)
          (0.743348,0.25,0)
          (1.24335,0.25,0)
          (1.24335,-0.25,0)
     prism, center = (2.00335,0,0.5)
          height 1, axis (0,0,1), sidewall angle: 0 radians, 4 vertices:
          (1.75335,-0.25,0)
          (1.75335,0.25,0)
          (2.25335,0.25,0)
          (2.25335,-0.25,0)
Geometric object tree has depth 2 and 21 object nodes (vs. 4 actual objects)
Initializing epsilon function...
Allocating fields...
Solving for band polarization: te.
Initializing fields to random numbers...
1 k-points
  Vector3<-0.09, 0.14, 0.0>
elapsed time for initialization: 0.08578062057495117
solve_kpoint (-0.09,0.14,0):
tefreqs:, k index, k1, k2, k3, kmag/2pi, te band 1, te band 2, te band 3, te band 4, te band 5, te band 6
Solving for bands 1 to 6...
    near maximum in trace
    iteration    1: trace = 2.124084312511082 (199.786% change)
    iteration    2: trace = 0.5295782088058512 (120.174% change)
    iteration    3: trace = 0.4522044207186977 (15.7619% change)
    iteration    4: trace = 0.4254731073766664 (6.09137% change)
    iteration    5: trace = 0.4148111786672993 (2.5377% change)
    iteration    6: trace = 0.4079005031144893 (1.67998% change)
    iteration    7: trace = 0.4034261492821365 (1.10297% change)
    iteration    8: trace = 0.3991731894530414 (1.0598% change)
    iteration    9: trace = 0.3973644660560278 (0.454146% change)
    iteration   10: trace = 0.3967395966675392 (0.157377% change)
    iteration   11: trace = 0.3965680551142811 (0.0432472% change)
    iteration   12: trace = 0.3965150439897267 (0.0133684% change)
    iteration   13: trace = 0.3964882583728412 (0.00675549% change)
    iteration   14: trace = 0.3964753962468714 (0.00324406% change)
    iteration   15: trace = 0.3964690533979453 (0.00159982% change)
    iteration   16: trace = 0.3964674762660518 (0.000397795% change)
    iteration   17: trace = 0.3964669368095677 (0.000136066% change)
    iteration   18: trace = 0.3964667815671865 (3.91565e-05% change)
    iteration   19: trace = 0.3964667101492551 (1.80136e-05% change)
    iteration   20: trace = 0.3964666834901767 (6.72417e-06% change)
    iteration   21: trace = 0.3964666712850133 (3.07848e-06% change)
    iteration   22: trace = 0.3964666680187569 (8.23841e-07% change)
    iteration   23: trace = 0.3964666672654175 (1.90013e-07% change)
    iteration   24: trace = 0.3964666670591059 (5.20375e-08% change)
    iteration   25: trace = 0.3964666670067629 (1.32024e-08% change)
    iteration   26: trace = 0.3964666669851774 (5.44448e-09% change)
Finished solving for bands 1 to 6 after 26 iterations.
tefreqs:, 1, -0.09, 0.14, 0, 0.143178, 0.0645332, 0.14908, 0.171799, 0.30134, 0.32323, 0.381155
elapsed time for k point: 9.714330911636353
total elapsed time for run: 9.800214529037476
done
Initializing eigensolver data
Computing 6 bands with 1e-10 tolerance
Working in 2 dimensions.
Grid size is 336 x 112 x 1.
Solving for 6 bands at a time.
Creating Maxwell data...
Mesh size is 3.
Lattice vectors:
     (3, 0, 0)
     (0, 1, 0)
     (0, 0, 1)
Cell volume = 3
Reciprocal lattice vectors (/ 2 pi):
     (0.333333, -0, 0)
     (-0, 1, -0)
     (0, -0, 1)
Geometric objects:
     block, center = (0,0,0)
          size (1e+20,1e+20,1)
          axes (1,0,0), (0,1,0), (0,0,1)
     prism, center = (1.01335,0,0.5)
          height 1, axis (0,0,1), sidewall angle: 0 radians, 4 vertices:
          (0.763348,-0.25,0)
          (0.763348,0.25,0)
          (1.26335,0.25,0)
          (1.26335,-0.25,0)
     prism, center = (2.00335,0,0.5)
          height 1, axis (0,0,1), sidewall angle: 0 radians, 4 vertices:
          (1.75335,-0.25,0)
          (1.75335,0.25,0)
          (2.25335,0.25,0)
          (2.25335,-0.25,0)
     prism, center = (2.99335,0,0.5)
          height 1, axis (0,0,1), sidewall angle: 0 radians, 4 vertices:
          (2.74335,-0.25,0)
          (2.74335,0.25,0)
          (3.24335,0.25,0)
          (3.24335,-0.25,0)
Geometric object tree has depth 2 and 21 object nodes (vs. 4 actual objects)
Initializing epsilon function...
Allocating fields...
Solving for band polarization: te.
Initializing fields to random numbers...
1 k-points
  Vector3<-0.09, 0.14, 0.0>
elapsed time for initialization: 0.05720257759094238
solve_kpoint (-0.09,0.14,0):
tefreqs:, k index, k1, k2, k3, kmag/2pi, te band 1, te band 2, te band 3, te band 4, te band 5, te band 6
Solving for bands 1 to 6...
    near maximum in trace
    iteration    1: trace = 2.418701258136934 (199.756% change)
    iteration    2: trace = 0.5428564048405194 (126.68% change)
    iteration    3: trace = 0.45774985855281 (17.011% change)
    iteration    4: trace = 0.4221063361703511 (8.10212% change)
    iteration    5: trace = 0.4102229645216365 (2.85545% change)
    iteration    6: trace = 0.40297816220708 (1.7818% change)
    iteration    7: trace = 0.3998775303905023 (0.772401% change)
    iteration    8: trace = 0.3977413577849387 (0.535637% change)
    iteration    9: trace = 0.3969915268573496 (0.1887% change)
    iteration   10: trace = 0.396637257341044 (0.0892784% change)
    iteration   11: trace = 0.3965441994313432 (0.0234645% change)
    iteration   12: trace = 0.3965028504563991 (0.0104279% change)
    iteration   13: trace = 0.3964828096184612 (0.00505453% change)
    iteration   14: trace = 0.3964725727927556 (0.00258194% change)
    iteration   15: trace = 0.3964691775198105 (0.000856374% change)
    iteration   16: trace = 0.3964684003347204 (0.000196027% change)
    iteration   17: trace = 0.3964682090494984 (4.82473e-05% change)
    iteration   18: trace = 0.3964681666938324 (1.06832e-05% change)
    iteration   19: trace = 0.3964681468559796 (5.00364e-06% change)
    iteration   20: trace = 0.3964681385249166 (2.10132e-06% change)
    iteration   21: trace = 0.3964681343738751 (1.04701e-06% change)
    iteration   22: trace = 0.396468133325372 (2.64461e-07% change)
    iteration   23: trace = 0.3964681329477325 (9.52509e-08% change)
    iteration   24: trace = 0.3964681328572532 (2.28213e-08% change)
    iteration   25: trace = 0.3964681328250227 (8.1294e-09% change)
Finished solving for bands 1 to 6 after 25 iterations.
tefreqs:, 1, -0.09, 0.14, 0, 0.143178, 0.0645333, 0.149081, 0.171797, 0.301323, 0.323255, 0.38115
elapsed time for k point: 9.57915711402893
total elapsed time for run: 9.636464357376099
done
Initializing eigensolver data
Computing 6 bands with 1e-10 tolerance
Working in 2 dimensions.
Grid size is 336 x 112 x 1.
Solving for 6 bands at a time.
Creating Maxwell data...
Mesh size is 3.
Lattice vectors:
     (3, 0, 0)
     (0, 1, 0)
     (0, 0, 1)
Cell volume = 3
Reciprocal lattice vectors (/ 2 pi):
     (0.333333, -0, 0)
     (-0, 1, -0)
     (0, -0, 1)
Geometric objects:
     block, center = (0,0,0)
          size (1e+20,1e+20,1)
          axes (1,0,0), (0,1,0), (0,0,1)
     prism, center = (0.0183482,0,0.5)
          height 1, axis (0,0,1), sidewall angle: 0 radians, 4 vertices:
          (-0.231652,-0.25,0)
          (-0.231652,0.25,0)
          (0.268348,0.25,0)
          (0.268348,-0.25,0)
     prism, center = (0.988348,0,0.5)
          height 1, axis (0,0,1), sidewall angle: 0 radians, 4 vertices:
          (0.738348,-0.25,0)
          (0.738348,0.25,0)
          (1.23835,0.25,0)
          (1.23835,-0.25,0)
     prism, center = (2.00335,0,0.5)
          height 1, axis (0,0,1), sidewall angle: 0 radians, 4 vertices:
          (1.75335,-0.25,0)
          (1.75335,0.25,0)
          (2.25335,0.25,0)
          (2.25335,-0.25,0)
Geometric object tree has depth 2 and 21 object nodes (vs. 4 actual objects)
Initializing epsilon function...
Allocating fields...
Solving for band polarization: te.
Initializing fields to random numbers...
1 k-points
  Vector3<-0.09, 0.14, 0.0>
elapsed time for initialization: 0.04771780967712402
solve_kpoint (-0.09,0.14,0):
tefreqs:, k index, k1, k2, k3, kmag/2pi, te band 1, te band 2, te band 3, te band 4, te band 5, te band 6
Solving for bands 1 to 6...
    near maximum in trace
    iteration    1: trace = 2.550686453112531 (199.743% change)
    iteration    2: trace = 0.6274078019869129 (121.033% change)
    iteration    3: trace = 0.446022796341372 (33.7954% change)
    iteration    4: trace = 0.4240322595613063 (5.05498% change)
    iteration    5: trace = 0.4121377113907562 (2.84501% change)
    iteration    6: trace = 0.4078831383022795 (1.03767% change)
    iteration    7: trace = 0.4032757461971089 (1.136% change)
    iteration    8: trace = 0.3996051233032286 (0.914363% change)
    iteration    9: trace = 0.3971373092744916 (0.619476% change)
    iteration   10: trace = 0.3965744837075996 (0.141821% change)
    iteration   11: trace = 0.396386199009167 (0.047489% change)
    iteration   12: trace = 0.3963415053838756 (0.0112759% change)
    iteration   13: trace = 0.3963182561354574 (0.00586614% change)
    iteration   14: trace = 0.3963101437014016 (0.00204697% change)
    iteration   15: trace = 0.3963059438084148 (0.00105975% change)
    iteration   16: trace = 0.3963048792661019 (0.000268617% change)
    iteration   17: trace = 0.396304526025589 (8.91336e-05% change)
    iteration   18: trace = 0.3963044224517958 (2.61349e-05% change)
    iteration   19: trace = 0.3963043673268085 (1.39098e-05% change)
    iteration   20: trace = 0.3963043449081833 (5.65692e-06% change)
    iteration   21: trace = 0.3963043368828746 (2.02504e-06% change)
    iteration   22: trace = 0.3963043348683147 (5.08337e-07% change)
    iteration   23: trace = 0.3963043343747736 (1.24536e-07% change)
    iteration   24: trace = 0.3963043342272632 (3.72215e-08% change)
    iteration   25: trace = 0.3963043341673975 (1.5106e-08% change)
    iteration   26: trace = 0.3963043341313601 (9.09335e-09% change)
Finished solving for bands 1 to 6 after 26 iterations.
tefreqs:, 1, -0.09, 0.14, 0, 0.143178, 0.0645139, 0.149061, 0.171832, 0.30111, 0.323308, 0.381054
elapsed time for k point: 8.413167953491211
total elapsed time for run: 8.460986852645874
done
Initializing eigensolver data
Computing 6 bands with 1e-10 tolerance
Working in 2 dimensions.
Grid size is 336 x 112 x 1.
Solving for 6 bands at a time.
Creating Maxwell data...
Mesh size is 3.
Lattice vectors:
     (3, 0, 0)
     (0, 1, 0)
     (0, 0, 1)
Cell volume = 3
Reciprocal lattice vectors (/ 2 pi):
     (0.333333, -0, 0)
     (-0, 1, -0)
     (0, -0, 1)
Geometric objects:
     block, center = (0,0,0)
          size (1e+20,1e+20,1)
          axes (1,0,0), (0,1,0), (0,0,1)
     prism, center = (1.01835,0,0.5)
          height 1, axis (0,0,1), sidewall angle: 0 radians, 4 vertices:
          (0.768348,-0.25,0)
          (0.768348,0.25,0)
          (1.26835,0.25,0)
          (1.26835,-0.25,0)
     prism, center = (2.00335,0,0.5)
          height 1, axis (0,0,1), sidewall angle: 0 radians, 4 vertices:
          (1.75335,-0.25,0)
          (1.75335,0.25,0)
          (2.25335,0.25,0)
          (2.25335,-0.25,0)
     prism, center = (2.98835,0,0.5)
          height 1, axis (0,0,1), sidewall angle: 0 radians, 4 vertices:
          (2.73835,-0.25,0)
          (2.73835,0.25,0)
          (3.23835,0.25,0)
          (3.23835,-0.25,0)
Geometric object tree has depth 2 and 21 object nodes (vs. 4 actual objects)
Initializing epsilon function...
Allocating fields...
Solving for band polarization: te.
Initializing fields to random numbers...
1 k-points
  Vector3<-0.09, 0.14, 0.0>
elapsed time for initialization: 0.10246777534484863
solve_kpoint (-0.09,0.14,0):
tefreqs:, k index, k1, k2, k3, kmag/2pi, te band 1, te band 2, te band 3, te band 4, te band 5, te band 6
Solving for bands 1 to 6...
    near maximum in trace
    iteration    1: trace = 2.068826717747496 (199.791% change)
    iteration    2: trace = 0.5103024027386193 (120.857% change)
    iteration    3: trace = 0.4387257041721565 (15.0842% change)
    iteration    4: trace = 0.4165774762159666 (5.17904% change)
    iteration    5: trace = 0.4081149252055315 (2.05229% change)
    iteration    6: trace = 0.4022896706881122 (1.43762% change)
    iteration    7: trace = 0.3992940097789758 (0.747436% change)
    iteration    8: trace = 0.3971505444608409 (0.538259% change)
    iteration    9: trace = 0.3966305347610748 (0.131021% change)
    iteration   10: trace = 0.3964363430700035 (0.0489723% change)
    iteration   11: trace = 0.3963707211585763 (0.0165543% change)
    iteration   12: trace = 0.3963264135091755 (0.011179% change)
    iteration   13: trace = 0.3963105774041003 (0.0039958% change)
    iteration   14: trace = 0.3963044905083722 (0.0015359% change)
    iteration   15: trace = 0.3963032615189089 (0.000310113% change)
    iteration   16: trace = 0.3963028872538659 (9.44391e-05% change)
    iteration   17: trace = 0.3963027565466629 (3.29816e-05% change)
    iteration   18: trace = 0.396302694854921 (1.55668e-05% change)
    iteration   19: trace = 0.3963026720196687 (5.76207e-06% change)
    iteration   20: trace = 0.3963026627013622 (2.35131e-06% change)
    iteration   21: trace = 0.3963026603184329 (6.0129e-07% change)
    iteration   22: trace = 0.3963026598696687 (1.13238e-07% change)
    iteration   23: trace = 0.3963026597646114 (2.65094e-08% change)
    iteration   24: trace = 0.3963026597371303 (6.93438e-09% change)
Finished solving for bands 1 to 6 after 24 iterations.
tefreqs:, 1, -0.09, 0.14, 0, 0.143178, 0.0645139, 0.149064, 0.171827, 0.301047, 0.323399, 0.381025
elapsed time for k point: 7.665444850921631
total elapsed time for run: 7.768024921417236
done
Initializing eigensolver data
Computing 6 bands with 1e-10 tolerance
Working in 2 dimensions.
Grid size is 336 x 112 x 1.
Solving for 6 bands at a time.
Creating Maxwell data...
Mesh size is 3.
Lattice vectors:
     (3, 0, 0)
     (0, 1, 0)
     (0, 0, 1)
Cell volume = 3
Reciprocal lattice vectors (/ 2 pi):
     (0.333333, -0, 0)
     (-0, 1, -0)
     (0, -0, 1)
Geometric objects:
     block, center = (0,0,0)
          size (1e+20,1e+20,1)
          axes (1,0,0), (0,1,0), (0,0,1)
     prism, center = (0.0233482,0,0.5)
          height 1, axis (0,0,1), sidewall angle: 0 radians, 4 vertices:
          (-0.226652,-0.25,0)
          (-0.226652,0.25,0)
          (0.273348,0.25,0)
          (0.273348,-0.25,0)
     prism, center = (0.983348,0,0.5)
          height 1, axis (0,0,1), sidewall angle: 0 radians, 4 vertices:
          (0.733348,-0.25,0)
          (0.733348,0.25,0)
          (1.23335,0.25,0)
          (1.23335,-0.25,0)
     prism, center = (2.00335,0,0.5)
          height 1, axis (0,0,1), sidewall angle: 0 radians, 4 vertices:
          (1.75335,-0.25,0)
          (1.75335,0.25,0)
          (2.25335,0.25,0)
          (2.25335,-0.25,0)
Geometric object tree has depth 2 and 21 object nodes (vs. 4 actual objects)
Initializing epsilon function...
Allocating fields...
Solving for band polarization: te.
Initializing fields to random numbers...
1 k-points
  Vector3<-0.09, 0.14, 0.0>
elapsed time for initialization: 0.059998273849487305
solve_kpoint (-0.09,0.14,0):
tefreqs:, k index, k1, k2, k3, kmag/2pi, te band 1, te band 2, te band 3, te band 4, te band 5, te band 6
Solving for bands 1 to 6...
    near maximum in trace
    iteration    1: trace = 2.36681193195923 (199.762% change)
    iteration    2: trace = 0.7139232592361714 (107.305% change)
    iteration    3: trace = 0.4713368114805093 (40.9339% change)
    iteration    4: trace = 0.4416941905099499 (6.49323% change)
    iteration    5: trace = 0.4222436159160174 (4.50277% change)
    iteration    6: trace = 0.4149527460643661 (1.74173% change)
    iteration    7: trace = 0.4054395858965393 (2.31917% change)
    iteration    8: trace = 0.4000702571673857 (1.33315% change)
    iteration    9: trace = 0.3974113676542926 (0.666822% change)
    iteration   10: trace = 0.3967174403368054 (0.174764% change)
    iteration   11: trace = 0.3964698213085814 (0.0624365% change)
    iteration   12: trace = 0.3963813800552128 (0.0223097% change)
    iteration   13: trace = 0.3963318963963474 (0.0124846% change)
    iteration   14: trace = 0.3963184781181276 (0.00338567% change)
    iteration   15: trace = 0.3963145099256367 (0.00100127% change)
    iteration   16: trace = 0.3963137922673265 (0.000181083% change)
    iteration   17: trace = 0.3963135377166042 (6.42296e-05% change)
    iteration   18: trace = 0.3963134368115525 (2.54609e-05% change)
    iteration   19: trace = 0.3963133724543359 (1.6239e-05% change)
    iteration   20: trace = 0.3963133430622611 (7.41637e-06% change)
    iteration   21: trace = 0.3963133318183042 (2.83714e-06% change)
    iteration   22: trace = 0.3963133291900405 (6.63178e-07% change)
    iteration   23: trace = 0.3963133284886584 (1.76977e-07% change)
    iteration   24: trace = 0.3963133282077339 (7.08844e-08% change)
    iteration   25: trace = 0.3963133280948244 (2.84899e-08% change)
    iteration   26: trace = 0.3963133280543721 (1.02072e-08% change)
    iteration   27: trace = 0.3963133280448615 (2.39979e-09% change)
Finished solving for bands 1 to 6 after 27 iterations.
tefreqs:, 1, -0.09, 0.14, 0, 0.143178, 0.0645239, 0.149051, 0.17189, 0.30083, 0.323452, 0.381141
elapsed time for k point: 5.92989706993103
total elapsed time for run: 5.990085124969482
done
Initializing eigensolver data
Computing 6 bands with 1e-10 tolerance
Working in 2 dimensions.
Grid size is 336 x 112 x 1.
Solving for 6 bands at a time.
Creating Maxwell data...
Mesh size is 3.
Lattice vectors:
     (3, 0, 0)
     (0, 1, 0)
     (0, 0, 1)
Cell volume = 3
Reciprocal lattice vectors (/ 2 pi):
     (0.333333, -0, 0)
     (-0, 1, -0)
     (0, -0, 1)
Geometric objects:
     block, center = (0,0,0)
          size (1e+20,1e+20,1)
          axes (1,0,0), (0,1,0), (0,0,1)
     prism, center = (1.02335,0,0.5)
          height 1, axis (0,0,1), sidewall angle: 0 radians, 4 vertices:
          (0.773348,-0.25,0)
          (0.773348,0.25,0)
          (1.27335,0.25,0)
          (1.27335,-0.25,0)
     prism, center = (2.00335,0,0.5)
          height 1, axis (0,0,1), sidewall angle: 0 radians, 4 vertices:
          (1.75335,-0.25,0)
          (1.75335,0.25,0)
          (2.25335,0.25,0)
          (2.25335,-0.25,0)
     prism, center = (2.98335,0,0.5)
          height 1, axis (0,0,1), sidewall angle: 0 radians, 4 vertices:
          (2.73335,-0.25,0)
          (2.73335,0.25,0)
          (3.23335,0.25,0)
          (3.23335,-0.25,0)
Geometric object tree has depth 2 and 21 object nodes (vs. 4 actual objects)
Initializing epsilon function...
Allocating fields...
Solving for band polarization: te.
Initializing fields to random numbers...
1 k-points
  Vector3<-0.09, 0.14, 0.0>
elapsed time for initialization: 0.08369016647338867
solve_kpoint (-0.09,0.14,0):
tefreqs:, k index, k1, k2, k3, kmag/2pi, te band 1, te band 2, te band 3, te band 4, te band 5, te band 6
Solving for bands 1 to 6...
    near maximum in trace
    iteration    1: trace = 2.111235055383988 (199.788% change)
    iteration    2: trace = 0.5447146432279248 (117.963% change)
    iteration    3: trace = 0.4474346986290848 (19.6099% change)
    iteration    4: trace = 0.41003070979385 (8.72431% change)
    iteration    5: trace = 0.4016404815721638 (2.0674% change)
    iteration    6: trace = 0.3984932322433924 (0.786681% change)
    iteration    7: trace = 0.3974571168798732 (0.260347% change)
    iteration    8: trace = 0.3967072752927516 (0.188838% change)
    iteration    9: trace = 0.3964490073578147 (0.0651241% change)
    iteration   10: trace = 0.3963442674017057 (0.026423% change)
    iteration   11: trace = 0.3963228195206165 (0.00541157% change)
    iteration   12: trace = 0.3963148622599572 (0.00200779% change)
    iteration   13: trace = 0.3963112893750959 (0.000901531% change)
    iteration   14: trace = 0.3963089928154758 (0.000579485% change)
    iteration   15: trace = 0.3963080813947573 (0.000229978% change)
    iteration   16: trace = 0.3963077665767147 (7.94377e-05% change)
    iteration   17: trace = 0.3963076924124553 (1.87138e-05% change)
    iteration   18: trace = 0.3963076754159603 (4.28871e-06% change)
    iteration   19: trace = 0.3963076704139686 (1.26215e-06% change)
    iteration   20: trace = 0.3963076683974101 (5.08837e-07% change)
    iteration   21: trace = 0.396307667486975 (2.29729e-07% change)
    iteration   22: trace = 0.3963076672335358 (6.39501e-08% change)
    iteration   23: trace = 0.3963076671629096 (1.7821e-08% change)
    iteration   24: trace = 0.3963076671496671 (3.34146e-09% change)
Finished solving for bands 1 to 6 after 24 iterations.
tefreqs:, 1, -0.09, 0.14, 0, 0.143178, 0.0645241, 0.149058, 0.171878, 0.30069, 0.323659, 0.38107
elapsed time for k point: 3.6588237285614014
total elapsed time for run: 3.7426159381866455
done
Initializing eigensolver data
Computing 6 bands with 1e-10 tolerance
Working in 2 dimensions.
Grid size is 336 x 112 x 1.
Solving for 6 bands at a time.
Creating Maxwell data...
Mesh size is 3.
Lattice vectors:
     (3, 0, 0)
     (0, 1, 0)
     (0, 0, 1)
Cell volume = 3
Reciprocal lattice vectors (/ 2 pi):
     (0.333333, -0, 0)
     (-0, 1, -0)
     (0, -0, 1)
Geometric objects:
     block, center = (0,0,0)
          size (1e+20,1e+20,1)
          axes (1,0,0), (0,1,0), (0,0,1)
     prism, center = (0.00558428,-1.38778e-17,0.5)
          height 1, axis (0,0,1), sidewall angle: 0 radians, 4 vertices:
          (0.255584,0.25,0)
          (-0.244416,0.25,0)
          (-0.244416,-0.25,0)
          (0.255584,-0.25,0)
     prism, center = (1.0061,-1.38778e-17,0.5)
          height 1, axis (0,0,1), sidewall angle: 0 radians, 4 vertices:
          (1.2561,0.25,0)
          (0.756103,0.25,0)
          (0.756103,-0.25,0)
          (1.2561,-0.25,0)
     prism, center = (1.99836,-1.38778e-17,0.5)
          height 1, axis (0,0,1), sidewall angle: 0 radians, 4 vertices:
          (2.24836,0.25,0)
          (1.74836,0.25,0)
          (1.74836,-0.25,0)
          (2.24836,-0.25,0)
Geometric object tree has depth 2 and 21 object nodes (vs. 4 actual objects)
Initializing epsilon function...
Allocating fields...
Solving for band polarization: te.
Initializing fields to random numbers...
1 k-points
  Vector3<-0.09, 0.14, 0.0>
elapsed time for initialization: 0.08464312553405762
solve_kpoint (-0.09,0.14,0):
tefreqs:, k index, k1, k2, k3, kmag/2pi, te band 1, te band 2, te band 3, te band 4, te band 5, te band 6
Solving for bands 1 to 6...
    near maximum in trace
    iteration    1: trace = 2.345667519916503 (199.761% change)
    iteration    2: trace = 0.5740427598197401 (121.356% change)
    iteration    3: trace = 0.4824843905942882 (17.3319% change)
    iteration    4: trace = 0.4395366721270821 (9.316% change)
    iteration    5: trace = 0.4196927750914923 (4.619% change)
    iteration    6: trace = 0.409229996556939 (2.52443% change)
    iteration    7: trace = 0.4033495301039803 (1.44736% change)
    iteration    8: trace = 0.3979610519963143 (1.34492% change)
    iteration    9: trace = 0.396198571205451 (0.443861% change)
    iteration   10: trace = 0.3956491665869868 (0.138765% change)
    iteration   11: trace = 0.3955383694970949 (0.0280078% change)
    iteration   12: trace = 0.3954903810075208 (0.0121332% change)
    iteration   13: trace = 0.395467544239196 (0.00577446% change)
    iteration   14: trace = 0.3954545920555974 (0.00327521% change)
    iteration   15: trace = 0.3954504742928976 (0.00104128% change)
    iteration   16: trace = 0.3954494072596897 (0.000269828% change)
    iteration   17: trace = 0.3954491236208111 (7.17257e-05% change)
    iteration   18: trace = 0.395449032515364 (2.30385e-05% change)
    iteration   19: trace = 0.3954489883442154 (1.11699e-05% change)
    iteration   20: trace = 0.3954489705719375 (4.4942e-06% change)
    iteration   21: trace = 0.3954489642779287 (1.59161e-06% change)
    iteration   22: trace = 0.3954489628701141 (3.56004e-07% change)
    iteration   23: trace = 0.3954489624296273 (1.11389e-07% change)
    iteration   24: trace = 0.3954489622890769 (3.5542e-08% change)
    iteration   25: trace = 0.3954489622109833 (1.97481e-08% change)
    iteration   26: trace = 0.3954489621874432 (5.95274e-09% change)
Finished solving for bands 1 to 6 after 26 iterations.
tefreqs:, 1, -0.09, 0.14, 0, 0.143178, 0.0644979, 0.148936, 0.171618, 0.300916, 0.322589, 0.380842
elapsed time for k point: 3.671412944793701
total elapsed time for run: 3.7561635971069336
done
Initializing eigensolver data
Computing 6 bands with 1e-10 tolerance
Working in 2 dimensions.
Grid size is 336 x 112 x 1.
Solving for 6 bands at a time.
Creating Maxwell data...
Mesh size is 3.
Lattice vectors:
     (3, 0, 0)
     (0, 1, 0)
     (0, 0, 1)
Cell volume = 3
Reciprocal lattice vectors (/ 2 pi):
     (0.333333, -0, 0)
     (-0, 1, -0)
     (0, -0, 1)
Geometric objects:
     block, center = (0,0,0)
          size (1e+20,1e+20,1)
          axes (1,0,0), (0,1,0), (0,0,1)
     prism, center = (0.00111215,-1.38778e-17,0.5)
          height 1, axis (0,0,1), sidewall angle: 0 radians, 4 vertices:
          (0.251112,0.25,0)
          (-0.248888,0.25,0)
          (-0.248888,-0.25,0)
          (0.251112,-0.25,0)
     prism, center = (1.00059,-1.38778e-17,0.5)
          height 1, axis (0,0,1), sidewall angle: 0 radians, 4 vertices:
          (1.25059,0.25,0)
          (0.750593,0.25,0)
          (0.750593,-0.25,0)
          (1.25059,-0.25,0)
     prism, center = (2.00834,-1.38778e-17,0.5)
          height 1, axis (0,0,1), sidewall angle: 0 radians, 4 vertices:
          (2.25834,0.25,0)
          (1.75834,0.25,0)
          (1.75834,-0.25,0)
          (2.25834,-0.25,0)
Geometric object tree has depth 2 and 21 object nodes (vs. 4 actual objects)
Initializing epsilon function...
Allocating fields...
Solving for band polarization: te.
Initializing fields to random numbers...
1 k-points
  Vector3<-0.09, 0.14, 0.0>
elapsed time for initialization: 0.050200700759887695
solve_kpoint (-0.09,0.14,0):
tefreqs:, k index, k1, k2, k3, kmag/2pi, te band 1, te band 2, te band 3, te band 4, te band 5, te band 6
Solving for bands 1 to 6...
    near maximum in trace
    iteration    1: trace = 2.446763834062033 (199.751% change)
    iteration    2: trace = 0.5255278632350132 (129.276% change)
    iteration    3: trace = 0.4305478068480872 (19.8687% change)
    iteration    4: trace = 0.4085480070867882 (5.24369% change)
    iteration    5: trace = 0.4016938256526261 (1.69189% change)
    iteration    6: trace = 0.3977990493098409 (0.974312% change)
    iteration    7: trace = 0.396245877115653 (0.391205% change)
    iteration    8: trace = 0.3956096946337282 (0.160681% change)
    iteration    9: trace = 0.3954565699394239 (0.0387135% change)
    iteration   10: trace = 0.3954053316077108 (0.0129576% change)
    iteration   11: trace = 0.3953910069764339 (0.00362284% change)
    iteration   12: trace = 0.3953843969237483 (0.00167179% change)
    iteration   13: trace = 0.3953809974472985 (0.000859794% change)
    iteration   14: trace = 0.3953792825597083 (0.000433731% change)
    iteration   15: trace = 0.3953788354092053 (0.000113094% change)
    iteration   16: trace = 0.3953787257900657 (2.77251e-05% change)
    iteration   17: trace = 0.3953786956477049 (7.62367e-06% change)
    iteration   18: trace = 0.3953786868715989 (2.21967e-06% change)
    iteration   19: trace = 0.3953786837776677 (7.82524e-07% change)
    iteration   20: trace = 0.3953786825917556 (2.99943e-07% change)
    iteration   21: trace = 0.3953786820484256 (1.3742e-07% change)
    iteration   22: trace = 0.3953786819144039 (3.38971e-08% change)
    iteration   23: trace = 0.3953786818779763 (9.21334e-09% change)
Finished solving for bands 1 to 6 after 23 iterations.
tefreqs:, 1, -0.09, 0.14, 0, 0.143178, 0.0644893, 0.148929, 0.171612, 0.300891, 0.322574, 0.380788
elapsed time for k point: 3.0703039169311523
total elapsed time for run: 3.120584011077881
done
Initializing eigensolver data
Computing 6 bands with 1e-10 tolerance
Working in 2 dimensions.
Grid size is 336 x 112 x 1.
Solving for 6 bands at a time.
Creating Maxwell data...
Mesh size is 3.
Lattice vectors:
     (3, 0, 0)
     (0, 1, 0)
     (0, 0, 1)
Cell volume = 3
Reciprocal lattice vectors (/ 2 pi):
     (0.333333, -0, 0)
     (-0, 1, -0)
     (0, -0, 1)
Geometric objects:
     block, center = (0,0,0)
          size (1e+20,1e+20,1)
          axes (1,0,0), (0,1,0), (0,0,1)
     prism, center = (0.00670232,-1.38778e-17,0.5)
          height 1, axis (0,0,1), sidewall angle: 0 radians, 4 vertices:
          (0.256702,0.25,0)
          (-0.243298,0.25,0)
          (-0.243298,-0.25,0)
          (0.256702,-0.25,0)
     prism, center = (1.00748,-1.38778e-17,0.5)
          height 1, axis (0,0,1), sidewall angle: 0 radians, 4 vertices:
          (1.25748,0.25,0)
          (0.757481,0.25,0)
          (0.757481,-0.25,0)
          (1.25748,-0.25,0)
     prism, center = (1.99586,-1.38778e-17,0.5)
          height 1, axis (0,0,1), sidewall angle: 0 radians, 4 vertices:
          (2.24586,0.25,0)
          (1.74586,0.25,0)
          (1.74586,-0.25,0)
          (2.24586,-0.25,0)
Geometric object tree has depth 2 and 21 object nodes (vs. 4 actual objects)
Initializing epsilon function...
Allocating fields...
Solving for band polarization: te.
Initializing fields to random numbers...
1 k-points
  Vector3<-0.09, 0.14, 0.0>
elapsed time for initialization: 0.04293560981750488
solve_kpoint (-0.09,0.14,0):
tefreqs:, k index, k1, k2, k3, kmag/2pi, te band 1, te band 2, te band 3, te band 4, te band 5, te band 6
Solving for bands 1 to 6...
    near maximum in trace
    iteration    1: trace = 2.242715144294252 (199.772% change)
    iteration    2: trace = 0.5626398696287207 (119.776% change)
    iteration    3: trace = 0.4738131498805397 (17.1405% change)
    iteration    4: trace = 0.4368087332493162 (8.12728% change)
    iteration    5: trace = 0.4209882217816405 (3.68864% change)
    iteration    6: trace = 0.41123068129674 (2.34495% change)
    iteration    7: trace = 0.406193412879034 (1.23247% change)
    iteration    8: trace = 0.4007137436946157 (1.35819% change)
    iteration    9: trace = 0.3977736587048408 (0.736414% change)
    iteration   10: trace = 0.396233260930491 (0.388006% change)
    iteration   11: trace = 0.3957979037900136 (0.109934% change)
    iteration   12: trace = 0.395614436116028 (0.0463646% change)
    iteration   13: trace = 0.395546160877591 (0.0172595% change)
    iteration   14: trace = 0.3955119416387217 (0.00865151% change)
    iteration   15: trace = 0.3954982390326213 (0.00346458% change)
    iteration   16: trace = 0.3954946679668871 (0.000902932% change)
    iteration   17: trace = 0.395493666233723 (0.000253286% change)
    iteration   18: trace = 0.3954934015490094 (6.69252e-05% change)
    iteration   19: trace = 0.3954932769463764 (3.15056e-05% change)
    iteration   20: trace = 0.3954932220432186 (1.38822e-05% change)
    iteration   21: trace = 0.3954931963486454 (6.49684e-06% change)
    iteration   22: trace = 0.3954931899103929 (1.6279e-06% change)
    iteration   23: trace = 0.395493188111487 (4.54851e-07% change)
    iteration   24: trace = 0.3954931877343575 (9.53568e-08% change)
    iteration   25: trace = 0.3954931876103135 (3.13644e-08% change)
    iteration   26: trace = 0.3954931875616428 (1.23064e-08% change)
    iteration   27: trace = 0.395493187535673 (6.56642e-09% change)
Finished solving for bands 1 to 6 after 27 iterations.
tefreqs:, 1, -0.09, 0.14, 0, 0.143178, 0.0645048, 0.148938, 0.171629, 0.300882, 0.322626, 0.380888
elapsed time for k point: 3.124335765838623
total elapsed time for run: 3.167355537414551
done
Initializing eigensolver data
Computing 6 bands with 1e-10 tolerance
Working in 2 dimensions.
Grid size is 336 x 112 x 1.
Solving for 6 bands at a time.
Creating Maxwell data...
Mesh size is 3.
Lattice vectors:
     (3, 0, 0)
     (0, 1, 0)
     (0, 0, 1)
Cell volume = 3
Reciprocal lattice vectors (/ 2 pi):
     (0.333333, -0, 0)
     (-0, 1, -0)
     (0, -0, 1)
Geometric objects:
     block, center = (0,0,0)
          size (1e+20,1e+20,1)
          axes (1,0,0), (0,1,0), (0,0,1)
     prism, center = (-5.88768e-06,-1.38778e-17,0.5)
          height 1, axis (0,0,1), sidewall angle: 0 radians, 4 vertices:
          (0.249994,0.25,0)
          (-0.250006,0.25,0)
          (-0.250006,-0.25,0)
          (0.249994,-0.25,0)
     prism, center = (0.999216,-1.38778e-17,0.5)
          height 1, axis (0,0,1), sidewall angle: 0 radians, 4 vertices:
          (1.24922,0.25,0)
          (0.749216,0.25,0)
          (0.749216,-0.25,0)
          (1.24922,-0.25,0)
     prism, center = (2.01083,-1.38778e-17,0.5)
          height 1, axis (0,0,1), sidewall angle: 0 radians, 4 vertices:
          (2.26083,0.25,0)
          (1.76083,0.25,0)
          (1.76083,-0.25,0)
          (2.26083,-0.25,0)
Geometric object tree has depth 2 and 21 object nodes (vs. 4 actual objects)
Initializing epsilon function...
Allocating fields...
Solving for band polarization: te.
Initializing fields to random numbers...
1 k-points
  Vector3<-0.09, 0.14, 0.0>
elapsed time for initialization: 0.042426347732543945
solve_kpoint (-0.09,0.14,0):
tefreqs:, k index, k1, k2, k3, kmag/2pi, te band 1, te band 2, te band 3, te band 4, te band 5, te band 6
Solving for bands 1 to 6...
    near maximum in trace
    iteration    1: trace = 2.533136149405587 (199.743% change)
    iteration    2: trace = 0.6536228698571298 (117.958% change)
    iteration    3: trace = 0.4521174000735595 (36.4472% change)
    iteration    4: trace = 0.4307422108486685 (4.84226% change)
    iteration    5: trace = 0.4203620968183791 (2.43921% change)
    iteration    6: trace = 0.4160054898457403 (1.04179% change)
    iteration    7: trace = 0.4100576132255915 (1.44005% change)
    iteration    8: trace = 0.4031744765118119 (1.69279% change)
    iteration    9: trace = 0.3984914015848199 (1.16834% change)
    iteration   10: trace = 0.3965073890390521 (0.499123% change)
    iteration   11: trace = 0.3958048969431442 (0.177327% change)
    iteration   12: trace = 0.3955189038951979 (0.0722822% change)
    iteration   13: trace = 0.3953761758215693 (0.0360928% change)
    iteration   14: trace = 0.3953258527939375 (0.0127287% change)
    iteration   15: trace = 0.3953070023266383 (0.00476845% change)
    iteration   16: trace = 0.3953026948084014 (0.00108967% change)
    iteration   17: trace = 0.3953012040860818 (0.00037711% change)
    iteration   18: trace = 0.395300759502738 (0.000112467% change)
    iteration   19: trace = 0.395300526542633 (5.89324e-05% change)
    iteration   20: trace = 0.395300438458568 (2.22828e-05% change)
    iteration   21: trace = 0.3953004078901417 (7.73296e-06% change)
    iteration   22: trace = 0.3953004012748801 (1.67348e-06% change)
    iteration   23: trace = 0.3953003997098619 (3.95906e-07% change)
    iteration   24: trace = 0.3953003992826565 (1.08071e-07% change)
    iteration   25: trace = 0.3953003990880533 (4.92292e-08% change)
    iteration   26: trace = 0.3953003989779018 (2.78653e-08% change)
    iteration   27: trace = 0.3953003989331248 (1.13273e-08% change)
    iteration   28: trace = 0.3953003989195883 (3.42436e-09% change)
Finished solving for bands 1 to 6 after 28 iterations.
tefreqs:, 1, -0.09, 0.14, 0, 0.143178, 0.0644809, 0.148921, 0.171613, 0.300839, 0.322575, 0.38073
elapsed time for k point: 4.977667331695557
total elapsed time for run: 5.0201756954193115
done
Initializing eigensolver data
Computing 6 bands with 1e-10 tolerance
Working in 2 dimensions.
Grid size is 336 x 112 x 1.
Solving for 6 bands at a time.
Creating Maxwell data...
Mesh size is 3.
Lattice vectors:
     (3, 0, 0)
     (0, 1, 0)
     (0, 0, 1)
Cell volume = 3
Reciprocal lattice vectors (/ 2 pi):
     (0.333333, -0, 0)
     (-0, 1, -0)
     (0, -0, 1)
Geometric objects:
     block, center = (0,0,0)
          size (1e+20,1e+20,1)
          axes (1,0,0), (0,1,0), (0,0,1)
     prism, center = (0.00782035,-1.38778e-17,0.5)
          height 1, axis (0,0,1), sidewall angle: 0 radians, 4 vertices:
          (0.25782,0.25,0)
          (-0.24218,0.25,0)
          (-0.24218,-0.25,0)
          (0.25782,-0.25,0)
     prism, center = (1.00886,-1.38778e-17,0.5)
          height 1, axis (0,0,1), sidewall angle: 0 radians, 4 vertices:
          (1.25886,0.25,0)
          (0.758858,0.25,0)
          (0.758858,-0.25,0)
          (1.25886,-0.25,0)
     prism, center = (1.99337,-1.38778e-17,0.5)
          height 1, axis (0,0,1), sidewall angle: 0 radians, 4 vertices:
          (2.24337,0.25,0)
          (1.74337,0.25,0)
          (1.74337,-0.25,0)
          (2.24337,-0.25,0)
Geometric object tree has depth 2 and 21 object nodes (vs. 4 actual objects)
Initializing epsilon function...
Allocating fields...
Solving for band polarization: te.
Initializing fields to random numbers...
1 k-points
  Vector3<-0.09, 0.14, 0.0>
elapsed time for initialization: 0.08293843269348145
solve_kpoint (-0.09,0.14,0):
tefreqs:, k index, k1, k2, k3, kmag/2pi, te band 1, te band 2, te band 3, te band 4, te band 5, te band 6
Solving for bands 1 to 6...
    near maximum in trace
    iteration    1: trace = 2.36391291068573 (199.76% change)
    iteration    2: trace = 0.5280510231216266 (126.963% change)
    iteration    3: trace = 0.4508478687019382 (15.7735% change)
    iteration    4: trace = 0.4266054864082103 (5.52562% change)
    iteration    5: trace = 0.4179683990732652 (2.04531% change)
    iteration    6: trace = 0.4097711573051021 (1.98063% change)
    iteration    7: trace = 0.4042921738961158 (1.34608% change)
    iteration    8: trace = 0.3990720328266478 (1.29957% change)
    iteration    9: trace = 0.3969624321168399 (0.530027% change)
    iteration   10: trace = 0.3959037314083114 (0.267057% change)
    iteration   11: trace = 0.3955838213021829 (0.0808377% change)
    iteration   12: trace = 0.3953896968430657 (0.0490849% change)
    iteration   13: trace = 0.3953204961060214 (0.0175034% change)
    iteration   14: trace = 0.3952927282885765 (0.00702437% change)
    iteration   15: trace = 0.3952870870918397 (0.0014271% change)
    iteration   16: trace = 0.3952855206670603 (0.000396276% change)
    iteration   17: trace = 0.3952852185708691 (7.64248e-05% change)
    iteration   18: trace = 0.3952850915738724 (3.21279e-05% change)
    iteration   19: trace = 0.3952850370303874 (1.37985e-05% change)
    iteration   20: trace = 0.3952850076245552 (7.43915e-06% change)
    iteration   21: trace = 0.395285000156549 (1.88927e-06% change)
    iteration   22: trace = 0.3952849980132187 (5.42224e-07% change)
    iteration   23: trace = 0.3952849975169624 (1.25544e-07% change)
    iteration   24: trace = 0.3952849973569938 (4.04692e-08% change)
    iteration   25: trace = 0.3952849972884123 (1.73499e-08% change)
    iteration   26: trace = 0.395284997254181 (8.65989e-09% change)
Finished solving for bands 1 to 6 after 26 iterations.
tefreqs:, 1, -0.09, 0.14, 0, 0.143178, 0.0644799, 0.14892, 0.171622, 0.300768, 0.322612, 0.380731
elapsed time for k point: 5.275074243545532
total elapsed time for run: 5.3581016063690186
done
Initializing eigensolver data
Computing 6 bands with 1e-10 tolerance
Working in 2 dimensions.
Grid size is 336 x 112 x 1.
Solving for 6 bands at a time.
Creating Maxwell data...
Mesh size is 3.
Lattice vectors:
     (3, 0, 0)
     (0, 1, 0)
     (0, 0, 1)
Cell volume = 3
Reciprocal lattice vectors (/ 2 pi):
     (0.333333, -0, 0)
     (-0, 1, -0)
     (0, -0, 1)
Geometric objects:
     block, center = (0,0,0)
          size (1e+20,1e+20,1)
          axes (1,0,0), (0,1,0), (0,0,1)
     prism, center = (-0.00112392,-1.38778e-17,0.5)
          height 1, axis (0,0,1), sidewall angle: 0 radians, 4 vertices:
          (0.248876,0.25,0)
          (-0.251124,0.25,0)
          (-0.251124,-0.25,0)
          (0.248876,-0.25,0)
     prism, center = (0.997838,-1.38778e-17,0.5)
          height 1, axis (0,0,1), sidewall angle: 0 radians, 4 vertices:
          (1.24784,0.25,0)
          (0.747838,0.25,0)
          (0.747838,-0.25,0)
          (1.24784,-0.25,0)
     prism, center = (2.01333,-1.38778e-17,0.5)
          height 1, axis (0,0,1), sidewall angle: 0 radians, 4 vertices:
          (2.26333,0.25,0)
          (1.76333,0.25,0)
          (1.76333,-0.25,0)
          (2.26333,-0.25,0)
Geometric object tree has depth 2 and 21 object nodes (vs. 4 actual objects)
Initializing epsilon function...
Allocating fields...
Solving for band polarization: te.
Initializing fields to random numbers...
1 k-points
  Vector3<-0.09, 0.14, 0.0>
elapsed time for initialization: 0.04631543159484863
solve_kpoint (-0.09,0.14,0):
tefreqs:, k index, k1, k2, k3, kmag/2pi, te band 1, te band 2, te band 3, te band 4, te band 5, te band 6
Solving for bands 1 to 6...
    near maximum in trace
    iteration    1: trace = 1.803278536102554 (199.817% change)
    iteration    2: trace = 0.4983657029479116 (113.39% change)
    iteration    3: trace = 0.4422870349031598 (11.9234% change)
    iteration    4: trace = 0.4218553688753464 (4.72877% change)
    iteration    5: trace = 0.4136940562871755 (1.95352% change)
    iteration    6: trace = 0.4084994026673452 (1.26361% change)
    iteration    7: trace = 0.4041185115065745 (1.07822% change)
    iteration    8: trace = 0.3990250610269688 (1.26838% change)
    iteration    9: trace = 0.3968391043110073 (0.549329% change)
    iteration   10: trace = 0.3958804665070121 (0.241861% change)
    iteration   11: trace = 0.3956021364912616 (0.0703313% change)
    iteration   12: trace = 0.3955163811085823 (0.0216795% change)
    iteration   13: trace = 0.3954800385043371 (0.00918907% change)
    iteration   14: trace = 0.395463848854909 (0.00409375% change)
    iteration   15: trace = 0.3954559230546278 (0.0020042% change)
    iteration   16: trace = 0.3954540444341983 (0.000475053% change)
    iteration   17: trace = 0.3954534596098531 (0.000147887% change)
    iteration   18: trace = 0.3954533076190008 (3.84346e-05% change)
    iteration   19: trace = 0.3954532377287281 (1.76735e-05% change)
    iteration   20: trace = 0.3954532071493944 (7.73273e-06% change)
    iteration   21: trace = 0.3954531918928866 (3.85798e-06% change)
    iteration   22: trace = 0.3954531879976955 (9.84994e-07% change)
    iteration   23: trace = 0.3954531869945371 (2.53673e-07% change)
    iteration   24: trace = 0.3954531867133825 (7.10968e-08% change)
    iteration   25: trace = 0.3954531866068305 (2.69443e-08% change)
    iteration   26: trace = 0.3954531865494483 (1.45105e-08% change)
    iteration   27: trace = 0.3954531865242815 (6.36406e-09% change)
Finished solving for bands 1 to 6 after 27 iterations.
tefreqs:, 1, -0.09, 0.14, 0, 0.143178, 0.064501, 0.148935, 0.171637, 0.300819, 0.322656, 0.380859
elapsed time for k point: 4.683637857437134
total elapsed time for run: 4.730036735534668
done
Initializing eigensolver data
Computing 6 bands with 1e-10 tolerance
Working in 2 dimensions.
Grid size is 336 x 112 x 1.
Solving for 6 bands at a time.
Creating Maxwell data...
Mesh size is 3.
Lattice vectors:
     (3, 0, 0)
     (0, 1, 0)
     (0, 0, 1)
Cell volume = 3
Reciprocal lattice vectors (/ 2 pi):
     (0.333333, -0, 0)
     (-0, 1, -0)
     (0, -0, 1)
Geometric objects:
     block, center = (0,0,0)
          size (1e+20,1e+20,1)
          axes (1,0,0), (0,1,0), (0,0,1)
     prism, center = (0.0100564,-1.38778e-17,0.5)
          height 1, axis (0,0,1), sidewall angle: 0 radians, 4 vertices:
          (0.260056,0.25,0)
          (-0.239944,0.25,0)
          (-0.239944,-0.25,0)
          (0.260056,-0.25,0)
     prism, center = (1.01161,-1.38778e-17,0.5)
          height 1, axis (0,0,1), sidewall angle: 0 radians, 4 vertices:
          (1.26161,0.25,0)
          (0.761613,0.25,0)
          (0.761613,-0.25,0)
          (1.26161,-0.25,0)
     prism, center = (1.98838,-1.38778e-17,0.5)
          height 1, axis (0,0,1), sidewall angle: 0 radians, 4 vertices:
          (2.23838,0.25,0)
          (1.73838,0.25,0)
          (1.73838,-0.25,0)
          (2.23838,-0.25,0)
Geometric object tree has depth 2 and 21 object nodes (vs. 4 actual objects)
Initializing epsilon function...
Allocating fields...
Solving for band polarization: te.
Initializing fields to random numbers...
1 k-points
  Vector3<-0.09, 0.14, 0.0>
elapsed time for initialization: 0.08387255668640137
solve_kpoint (-0.09,0.14,0):
tefreqs:, k index, k1, k2, k3, kmag/2pi, te band 1, te band 2, te band 3, te band 4, te band 5, te band 6
Solving for bands 1 to 6...
    near maximum in trace
    iteration    1: trace = 2.157695469407384 (199.781% change)
    iteration    2: trace = 0.5063405101583671 (123.974% change)
    iteration    3: trace = 0.4322344139480344 (15.7912% change)
    iteration    4: trace = 0.4085387634725678 (5.63663% change)
    iteration    5: trace = 0.4022348628506721 (1.55503% change)
    iteration    6: trace = 0.3985830125935654 (0.91203% change)
    iteration    7: trace = 0.3969888187837739 (0.400767% change)
    iteration    8: trace = 0.3958763253945978 (0.280626% change)
    iteration    9: trace = 0.3955835865991472 (0.0739744% change)
    iteration   10: trace = 0.3954618218405715 (0.0307858% change)
    iteration   11: trace = 0.3954286591212849 (0.00838617% change)
    iteration   12: trace = 0.3954095951046077 (0.00482122% change)
    iteration   13: trace = 0.395402810674049 (0.00171581% change)
    iteration   14: trace = 0.3953998536504147 (0.000747854% change)
    iteration   15: trace = 0.3953991987103187 (0.00016564% change)
    iteration   16: trace = 0.3953989794594125 (5.54505e-05% change)
    iteration   17: trace = 0.3953989249237205 (1.37926e-05% change)
    iteration   18: trace = 0.3953988985388484 (6.67298e-06% change)
    iteration   19: trace = 0.395398887070434 (2.90047e-06% change)
    iteration   20: trace = 0.3953988821039158 (1.25608e-06% change)
    iteration   21: trace = 0.3953988810925493 (2.55784e-07% change)
    iteration   22: trace = 0.3953988808782216 (5.42054e-08% change)
    iteration   23: trace = 0.3953988808277181 (1.27728e-08% change)
    iteration   24: trace = 0.3953988808145235 (3.33704e-09% change)
Finished solving for bands 1 to 6 after 24 iterations.
tefreqs:, 1, -0.09, 0.14, 0, 0.143178, 0.0644973, 0.148925, 0.171662, 0.300648, 0.322737, 0.380846
elapsed time for k point: 2.7498040199279785
total elapsed time for run: 2.8337693214416504
done
Initializing eigensolver data
Computing 6 bands with 1e-10 tolerance
Working in 2 dimensions.
Grid size is 336 x 112 x 1.
Solving for 6 bands at a time.
Creating Maxwell data...
Mesh size is 3.
Lattice vectors:
     (3, 0, 0)
     (0, 1, 0)
     (0, 0, 1)
Cell volume = 3
Reciprocal lattice vectors (/ 2 pi):
     (0.333333, -0, 0)
     (-0, 1, -0)
     (0, -0, 1)
Geometric objects:
     block, center = (0,0,0)
          size (1e+20,1e+20,1)
          axes (1,0,0), (0,1,0), (0,0,1)
     prism, center = (-0.00335999,-1.38778e-17,0.5)
          height 1, axis (0,0,1), sidewall angle: 0 radians, 4 vertices:
          (0.24664,0.25,0)
          (-0.25336,0.25,0)
          (-0.25336,-0.25,0)
          (0.24664,-0.25,0)
     prism, center = (0.995083,-1.38778e-17,0.5)
          height 1, axis (0,0,1), sidewall angle: 0 radians, 4 vertices:
          (1.24508,0.25,0)
          (0.745083,0.25,0)
          (0.745083,-0.25,0)
          (1.24508,-0.25,0)
     prism, center = (2.01832,-1.38778e-17,0.5)
          height 1, axis (0,0,1), sidewall angle: 0 radians, 4 vertices:
          (2.26832,0.25,0)
          (1.76832,0.25,0)
          (1.76832,-0.25,0)
          (2.26832,-0.25,0)
Geometric object tree has depth 2 and 21 object nodes (vs. 4 actual objects)
Initializing epsilon function...
Allocating fields...
Solving for band polarization: te.
Initializing fields to random numbers...
1 k-points
  Vector3<-0.09, 0.14, 0.0>
elapsed time for initialization: 0.04658937454223633
solve_kpoint (-0.09,0.14,0):
tefreqs:, k index, k1, k2, k3, kmag/2pi, te band 1, te band 2, te band 3, te band 4, te band 5, te band 6
Solving for bands 1 to 6...
    near maximum in trace
    iteration    1: trace = 1.899317691171561 (199.808% change)
    iteration    2: trace = 0.5424428891314051 (111.139% change)
    iteration    3: trace = 0.4181131881571861 (25.887% change)
    iteration    4: trace = 0.4051664537569658 (3.14516% change)
    iteration    5: trace = 0.39964400699326 (1.37236% change)
    iteration    6: trace = 0.3978614165846686 (0.447042% change)
    iteration    7: trace = 0.3964024336148986 (0.36738% change)
    iteration    8: trace = 0.3958085854778325 (0.149922% change)
    iteration    9: trace = 0.3955110923622521 (0.0751891% change)
    iteration   10: trace = 0.3954507871188725 (0.0152486% change)
    iteration   11: trace = 0.3954281845030928 (0.00571582% change)
    iteration   12: trace = 0.3954204846185974 (0.00194725% change)
    iteration   13: trace = 0.3954161596554723 (0.00109377% change)
    iteration   14: trace = 0.3954149272165023 (0.000311682% change)
    iteration   15: trace = 0.3954145016351775 (0.000107629% change)
    iteration   16: trace = 0.3954144140192985 (2.2158e-05% change)
    iteration   17: trace = 0.3954143830660851 (7.82804e-06% change)
    iteration   18: trace = 0.3954143736950525 (2.36993e-06% change)
    iteration   19: trace = 0.3954143686908415 (1.26556e-06% change)
    iteration   20: trace = 0.3954143666602117 (5.13545e-07% change)
    iteration   21: trace = 0.3954143657162384 (2.3873e-07% change)
    iteration   22: trace = 0.3954143654938412 (5.62441e-08% change)
    iteration   23: trace = 0.3954143654321665 (1.55975e-08% change)
    iteration   24: trace = 0.3954143654159736 (4.09517e-09% change)
Finished solving for bands 1 to 6 after 24 iterations.
tefreqs:, 1, -0.09, 0.14, 0, 0.143178, 0.0645001, 0.148928, 0.171662, 0.30064, 0.322754, 0.380857
elapsed time for k point: 3.076864719390869
total elapsed time for run: 3.1235575675964355
done
Initializing eigensolver data
Computing 6 bands with 1e-10 tolerance
Working in 2 dimensions.
Grid size is 336 x 112 x 1.
Solving for 6 bands at a time.
Creating Maxwell data...
Mesh size is 3.
Lattice vectors:
     (3, 0, 0)
     (0, 1, 0)
     (0, 0, 1)
Cell volume = 3
Reciprocal lattice vectors (/ 2 pi):
     (0.333333, -0, 0)
     (-0, 1, -0)
     (0, -0, 1)
Geometric objects:
     block, center = (0,0,0)
          size (1e+20,1e+20,1)
          axes (1,0,0), (0,1,0), (0,0,1)
     prism, center = (0.0122925,-1.38778e-17,0.5)
          height 1, axis (0,0,1), sidewall angle: 0 radians, 4 vertices:
          (0.262292,0.25,0)
          (-0.237708,0.25,0)
          (-0.237708,-0.25,0)
          (0.262292,-0.25,0)
     prism, center = (1.01437,-1.38778e-17,0.5)
          height 1, axis (0,0,1), sidewall angle: 0 radians, 4 vertices:
          (1.26437,0.25,0)
          (0.764368,0.25,0)
          (0.764368,-0.25,0)
          (1.26437,-0.25,0)
     prism, center = (1.98338,-1.38778e-17,0.5)
          height 1, axis (0,0,1), sidewall angle: 0 radians, 4 vertices:
          (2.23338,0.25,0)
          (1.73338,0.25,0)
          (1.73338,-0.25,0)
          (2.23338,-0.25,0)
Geometric object tree has depth 2 and 21 object nodes (vs. 4 actual objects)
Initializing epsilon function...
Allocating fields...
Solving for band polarization: te.
Initializing fields to random numbers...
1 k-points
  Vector3<-0.09, 0.14, 0.0>
elapsed time for initialization: 0.0989990234375
solve_kpoint (-0.09,0.14,0):
tefreqs:, k index, k1, k2, k3, kmag/2pi, te band 1, te band 2, te band 3, te band 4, te band 5, te band 6
Solving for bands 1 to 6...
    near maximum in trace
    iteration    1: trace = 2.372846993945033 (199.76% change)
    iteration    2: trace = 0.6317550364056977 (115.895% change)
    iteration    3: trace = 0.458320952195333 (31.8205% change)
    iteration    4: trace = 0.4273202898031997 (7.00073% change)
    iteration    5: trace = 0.4108780153166235 (3.92324% change)
    iteration    6: trace = 0.4045851473890401 (1.54338% change)
    iteration    7: trace = 0.3997151868708186 (1.21098% change)
    iteration    8: trace = 0.3973861495918273 (0.584377% change)
    iteration    9: trace = 0.39598455936454 (0.353325% change)
    iteration   10: trace = 0.395640574119564 (0.0869061% change)
    iteration   11: trace = 0.3955066744532008 (0.0338495% change)
    iteration   12: trace = 0.3954705941821729 (0.00912296% change)
    iteration   13: trace = 0.3954507350956996 (0.00502176% change)
    iteration   14: trace = 0.3954428143622493 (0.00200298% change)
    iteration   15: trace = 0.3954387787813197 (0.00102053% change)
    iteration   16: trace = 0.3954377629218609 (0.000256895% change)
    iteration   17: trace = 0.3954374113668887 (8.89028e-05% change)
    iteration   18: trace = 0.3954372940259084 (2.96737e-05% change)
    iteration   19: trace = 0.3954372296827529 (1.62714e-05% change)
    iteration   20: trace = 0.3954372061242479 (5.95758e-06% change)
    iteration   21: trace = 0.3954371988053797 (1.85083e-06% change)
    iteration   22: trace = 0.3954371971147893 (4.27524e-07% change)
    iteration   23: trace = 0.3954371967758811 (8.57047e-08% change)
    iteration   24: trace = 0.3954371966892288 (2.19131e-08% change)
    iteration   25: trace = 0.3954371966633569 (6.5426e-09% change)
Finished solving for bands 1 to 6 after 25 iterations.
tefreqs:, 1, -0.09, 0.14, 0, 0.143178, 0.0645073, 0.148922, 0.171708, 0.300411, 0.322904, 0.380921
elapsed time for k point: 3.83797287940979
total elapsed time for run: 3.9370787143707275
done
Initializing eigensolver data
Computing 6 bands with 1e-10 tolerance
Working in 2 dimensions.
Grid size is 336 x 112 x 1.
Solving for 6 bands at a time.
Creating Maxwell data...
Mesh size is 3.
Lattice vectors:
     (3, 0, 0)
     (0, 1, 0)
     (0, 0, 1)
Cell volume = 3
Reciprocal lattice vectors (/ 2 pi):
     (0.333333, -0, 0)
     (-0, 1, -0)
     (0, -0, 1)
Geometric objects:
     block, center = (0,0,0)
          size (1e+20,1e+20,1)
          axes (1,0,0), (0,1,0), (0,0,1)
     prism, center = (-0.00559606,-1.38778e-17,0.5)
          height 1, axis (0,0,1), sidewall angle: 0 radians, 4 vertices:
          (0.244404,0.25,0)
          (-0.255596,0.25,0)
          (-0.255596,-0.25,0)
          (0.244404,-0.25,0)
     prism, center = (0.992328,-1.38778e-17,0.5)
          height 1, axis (0,0,1), sidewall angle: 0 radians, 4 vertices:
          (1.24233,0.25,0)
          (0.742328,0.25,0)
          (0.742328,-0.25,0)
          (1.24233,-0.25,0)
     prism, center = (2.02331,-1.38778e-17,0.5)
          height 1, axis (0,0,1), sidewall angle: 0 radians, 4 vertices:
          (2.27331,0.25,0)
          (1.77331,0.25,0)
          (1.77331,-0.25,0)
          (2.27331,-0.25,0)
Geometric object tree has depth 2 and 21 object nodes (vs. 4 actual objects)
Initializing epsilon function...
Allocating fields...
Solving for band polarization: te.
Initializing fields to random numbers...
1 k-points
  Vector3<-0.09, 0.14, 0.0>
elapsed time for initialization: 0.04767179489135742
solve_kpoint (-0.09,0.14,0):
tefreqs:, k index, k1, k2, k3, kmag/2pi, te band 1, te band 2, te band 3, te band 4, te band 5, te band 6
Solving for bands 1 to 6...
    near maximum in trace
    iteration    1: trace = 1.888051077622099 (199.81% change)
    iteration    2: trace = 0.4953691674878111 (116.864% change)
    iteration    3: trace = 0.4384399808772154 (12.1929% change)
    iteration    4: trace = 0.4214599717223765 (3.9493% change)
    iteration    5: trace = 0.4162245801350716 (1.24997% change)
    iteration    6: trace = 0.41216442405975 (0.980253% change)
    iteration    7: trace = 0.4080134899985328 (1.0122% change)
    iteration    8: trace = 0.4008847314430379 (1.76258% change)
    iteration    9: trace = 0.397782331618282 (0.776894% change)
    iteration   10: trace = 0.3961958730220247 (0.399623% change)
    iteration   11: trace = 0.3958095284505094 (0.0975611% change)
    iteration   12: trace = 0.3955715959431262 (0.060131% change)
    iteration   13: trace = 0.395489115643225 (0.0208531% change)
    iteration   14: trace = 0.3954484214067739 (0.0102901% change)
    iteration   15: trace = 0.395439052911641 (0.00236911% change)
    iteration   16: trace = 0.39543617186927 (0.000728571% change)
    iteration   17: trace = 0.3954353873792844 (0.000198386% change)
    iteration   18: trace = 0.3954350576355281 (8.33876e-05% change)
    iteration   19: trace = 0.3954349364596549 (3.06437e-05% change)
    iteration   20: trace = 0.3954348841038106 (1.32401e-05% change)
    iteration   21: trace = 0.3954348677618034 (4.13267e-06% change)
    iteration   22: trace = 0.3954348632049258 (1.15237e-06% change)
    iteration   23: trace = 0.39543486196706 (3.13039e-07% change)
    iteration   24: trace = 0.3954348615163125 (1.13988e-07% change)
    iteration   25: trace = 0.3954348612341025 (7.1367e-08% change)
    iteration   26: trace = 0.3954348610944234 (3.53229e-08% change)
    iteration   27: trace = 0.3954348610398714 (1.37955e-08% change)
    iteration   28: trace = 0.3954348610273843 (3.15781e-09% change)
Finished solving for bands 1 to 6 after 28 iterations.
tefreqs:, 1, -0.09, 0.14, 0, 0.143178, 0.064507, 0.148922, 0.171706, 0.300392, 0.322929, 0.380912
elapsed time for k point: 3.43636155128479
total elapsed time for run: 3.4841208457946777
done
Initializing eigensolver data
Computing 6 bands with 1e-10 tolerance
Working in 2 dimensions.
Grid size is 336 x 112 x 1.
Solving for 6 bands at a time.
Creating Maxwell data...
Mesh size is 3.
Lattice vectors:
     (3, 0, 0)
     (0, 1, 0)
     (0, 0, 1)
Cell volume = 3
Reciprocal lattice vectors (/ 2 pi):
     (0.333333, -0, 0)
     (-0, 1, -0)
     (0, -0, 1)
Geometric objects:
     block, center = (0,0,0)
          size (1e+20,1e+20,1)
          axes (1,0,0), (0,1,0), (0,0,1)
     prism, center = (0.00834821,-1.38778e-17,0.5)
          height 1, axis (0,0,1), sidewall angle: 0 radians, 4 vertices:
          (0.258348,0.25,0)
          (-0.241652,0.25,0)
          (-0.241652,-0.25,0)
          (0.258348,-0.25,0)
     prism, center = (1.00835,-1.38778e-17,0.5)
          height 1, axis (0,0,1), sidewall angle: 0 radians, 4 vertices:
          (1.25835,0.25,0)
          (0.758348,0.25,0)
          (0.758348,-0.25,0)
          (1.25835,-0.25,0)
     prism, center = (2.00835,-1.38778e-17,0.5)
          height 1, axis (0,0,1), sidewall angle: 0 radians, 4 vertices:
          (2.25835,0.25,0)
          (1.75835,0.25,0)
          (1.75835,-0.25,0)
          (2.25835,-0.25,0)
Geometric object tree has depth 2 and 21 object nodes (vs. 4 actual objects)
Initializing epsilon function...
Allocating fields...
Solving for band polarization: te.
Initializing fields to random numbers...
1 k-points
  Vector3<-0.09, 0.14, 0.0>
elapsed time for initialization: 0.042502641677856445
solve_kpoint (-0.09,0.14,0):
tefreqs:, k index, k1, k2, k3, kmag/2pi, te band 1, te band 2, te band 3, te band 4, te band 5, te band 6
Solving for bands 1 to 6...
    near maximum in trace
    iteration    1: trace = 2.027560361888156 (199.794% change)
    iteration    2: trace = 0.511521288287397 (119.416% change)
    iteration    3: trace = 0.44508960056836 (13.889% change)
    iteration    4: trace = 0.421160067113703 (5.52486% change)
    iteration    5: trace = 0.4111123357661591 (2.41453% change)
    iteration    6: trace = 0.4035681793956876 (1.85205% change)
    iteration    7: trace = 0.3994568337179135 (1.02396% change)
    iteration    8: trace = 0.3965183680962115 (0.738331% change)
    iteration    9: trace = 0.3957345270966849 (0.197876% change)
    iteration   10: trace = 0.3954416689571529 (0.0740311% change)
    iteration   11: trace = 0.39536664598675 (0.0189737% change)
    iteration   12: trace = 0.3953273846688932 (0.00993085% change)
    iteration   13: trace = 0.3953112302904396 (0.00408641% change)
    iteration   14: trace = 0.3953036233019001 (0.00192432% change)
    iteration   15: trace = 0.3953019159942056 (0.000431899% change)
    iteration   16: trace = 0.3953014596599914 (0.000115439% change)
    iteration   17: trace = 0.3953013269303475 (3.35768e-05% change)
    iteration   18: trace = 0.395301254305672 (1.8372e-05% change)
    iteration   19: trace = 0.3953012221797741 (8.12694e-06% change)
    iteration   20: trace = 0.3953012104815636 (2.95932e-06% change)
    iteration   21: trace = 0.3953012078369766 (6.69006e-07% change)
    iteration   22: trace = 0.3953012072992669 (1.36025e-07% change)
    iteration   23: trace = 0.3953012071744568 (3.15734e-08% change)
    iteration   24: trace = 0.3953012071507914 (5.98669e-09% change)
Finished solving for bands 1 to 6 after 24 iterations.
tefreqs:, 1, -0.09, 0.14, 0, 0.143178, 0.0644784, 0.148924, 0.171601, 0.300914, 0.32253, 0.380715
elapsed time for k point: 2.550701856613159
total elapsed time for run: 2.5932834148406982
done
Initializing eigensolver data
Computing 6 bands with 1e-10 tolerance
Working in 2 dimensions.
Grid size is 336 x 112 x 1.
Solving for 6 bands at a time.
Creating Maxwell data...
Mesh size is 3.
Lattice vectors:
     (3, 0, 0)
     (0, 1, 0)
     (0, 0, 1)
Cell volume = 3
Reciprocal lattice vectors (/ 2 pi):
     (0.333333, -0, 0)
     (-0, 1, -0)
     (0, -0, 1)
Geometric objects:
     block, center = (0,0,0)
          size (1e+20,1e+20,1)
          axes (1,0,0), (0,1,0), (0,0,1)
     prism, center = (-0.00165179,-1.38778e-17,0.5)
          height 1, axis (0,0,1), sidewall angle: 0 radians, 4 vertices:
          (0.248348,0.25,0)
          (-0.251652,0.25,0)
          (-0.251652,-0.25,0)
          (0.248348,-0.25,0)
     prism, center = (0.998348,-1.38778e-17,0.5)
          height 1, axis (0,0,1), sidewall angle: 0 radians, 4 vertices:
          (1.24835,0.25,0)
          (0.748348,0.25,0)
          (0.748348,-0.25,0)
          (1.24835,-0.25,0)
     prism, center = (1.99835,-1.38778e-17,0.5)
          height 1, axis (0,0,1), sidewall angle: 0 radians, 4 vertices:
          (2.24835,0.25,0)
          (1.74835,0.25,0)
          (1.74835,-0.25,0)
          (2.24835,-0.25,0)
Geometric object tree has depth 2 and 21 object nodes (vs. 4 actual objects)
Initializing epsilon function...
Allocating fields...
Solving for band polarization: te.
Initializing fields to random numbers...
1 k-points
  Vector3<-0.09, 0.14, 0.0>
elapsed time for initialization: 0.04391884803771973
solve_kpoint (-0.09,0.14,0):
tefreqs:, k index, k1, k2, k3, kmag/2pi, te band 1, te band 2, te band 3, te band 4, te band 5, te band 6
Solving for bands 1 to 6...
    near maximum in trace
    iteration    1: trace = 2.242468021713227 (199.773% change)
    iteration    2: trace = 0.5953075706013766 (116.088% change)
    iteration    3: trace = 0.435863521230804 (30.9248% change)
    iteration    4: trace = 0.4096937113462336 (6.18996% change)
    iteration    5: trace = 0.3995498036835536 (2.50701% change)
    iteration    6: trace = 0.3973597785084254 (0.54963% change)
    iteration    7: trace = 0.3962849036851246 (0.270871% change)
    iteration    8: trace = 0.395858636698736 (0.107624% change)
    iteration    9: trace = 0.3956202560311484 (0.0602368% change)
    iteration   10: trace = 0.3955609456344802 (0.0149929% change)
    iteration   11: trace = 0.3955423739844209 (0.00469513% change)
    iteration   12: trace = 0.395539130864224 (0.000819921% change)
    iteration   13: trace = 0.3955377304945181 (0.000354041% change)
    iteration   14: trace = 0.39553703187264 (0.000176626% change)
    iteration   15: trace = 0.3955366362678595 (0.000100017% change)
    iteration   16: trace = 0.3955365460727444 (2.28032e-05% change)
    iteration   17: trace = 0.395536518524662 (6.96474e-06% change)
    iteration   18: trace = 0.3955365107906093 (1.95533e-06% change)
    iteration   19: trace = 0.3955365071416989 (9.22522e-07% change)
    iteration   20: trace = 0.395536505674586 (3.70917e-07% change)
    iteration   21: trace = 0.395536505021953 (1.64999e-07% change)
    iteration   22: trace = 0.3955365048847981 (3.46756e-08% change)
    iteration   23: trace = 0.3955365048534345 (7.92939e-09% change)
Finished solving for bands 1 to 6 after 23 iterations.
tefreqs:, 1, -0.09, 0.14, 0, 0.143178, 0.0645096, 0.148941, 0.171616, 0.300963, 0.322583, 0.380921
elapsed time for k point: 2.3407199382781982
total elapsed time for run: 2.3847320079803467
done
Initializing eigensolver data
Computing 6 bands with 1e-10 tolerance
Working in 2 dimensions.
Grid size is 336 x 112 x 1.
Solving for 6 bands at a time.
Creating Maxwell data...
Mesh size is 3.
Lattice vectors:
     (3, 0, 0)
     (0, 1, 0)
     (0, 0, 1)
Cell volume = 3
Reciprocal lattice vectors (/ 2 pi):
     (0.333333, -0, 0)
     (-0, 1, -0)
     (0, -0, 1)
Geometric objects:
     block, center = (0,0,0)
          size (1e+20,1e+20,1)
          axes (1,0,0), (0,1,0), (0,0,1)
     prism, center = (0.0108482,-1.38778e-17,0.5)
          height 1, axis (0,0,1), sidewall angle: 0 radians, 4 vertices:
          (0.260848,0.25,0)
          (-0.239152,0.25,0)
          (-0.239152,-0.25,0)
          (0.260848,-0.25,0)
     prism, center = (1.01085,-1.38778e-17,0.5)
          height 1, axis (0,0,1), sidewall angle: 0 radians, 4 vertices:
          (1.26085,0.25,0)
          (0.760848,0.25,0)
          (0.760848,-0.25,0)
          (1.26085,-0.25,0)
     prism, center = (2.01085,-1.38778e-17,0.5)
          height 1, axis (0,0,1), sidewall angle: 0 radians, 4 vertices:
          (2.26085,0.25,0)
          (1.76085,0.25,0)
          (1.76085,-0.25,0)
          (2.26085,-0.25,0)
Geometric object tree has depth 2 and 21 object nodes (vs. 4 actual objects)
Initializing epsilon function...
Allocating fields...
Solving for band polarization: te.
Initializing fields to random numbers...
1 k-points
  Vector3<-0.09, 0.14, 0.0>
elapsed time for initialization: 0.04465031623840332
solve_kpoint (-0.09,0.14,0):
tefreqs:, k index, k1, k2, k3, kmag/2pi, te band 1, te band 2, te band 3, te band 4, te band 5, te band 6
Solving for bands 1 to 6...
    near maximum in trace
    iteration    1: trace = 1.851141460933618 (199.811% change)
    iteration    2: trace = 0.4776939727703076 (117.951% change)
    iteration    3: trace = 0.4282689907830738 (10.911% change)
    iteration    4: trace = 0.4094126666215654 (4.50203% change)
    iteration    5: trace = 0.4027738777240766 (1.63479% change)
    iteration    6: trace = 0.3981031429957291 (1.1664% change)
    iteration    7: trace = 0.3965331161759579 (0.395156% change)
    iteration    8: trace = 0.3956343549923313 (0.226912% change)
    iteration    9: trace = 0.3954469990280315 (0.0473671% change)
    iteration   10: trace = 0.395379585821612 (0.0170488% change)
    iteration   11: trace = 0.3953647546872186 (0.00375118% change)
    iteration   12: trace = 0.3953565008384732 (0.00208768% change)
    iteration   13: trace = 0.3953530702235906 (0.000867731% change)
    iteration   14: trace = 0.3953515507821688 (0.000384326% change)
    iteration   15: trace = 0.3953512119656135 (8.57001e-05% change)
    iteration   16: trace = 0.3953510996080686 (2.84197e-05% change)
    iteration   17: trace = 0.395351067450187 (8.13401e-06% change)
    iteration   18: trace = 0.3953510509475162 (4.17418e-06% change)
    iteration   19: trace = 0.3953510431649538 (1.96852e-06% change)
    iteration   20: trace = 0.3953510397034963 (8.7554e-07% change)
    iteration   21: trace = 0.3953510389397819 (1.93174e-07% change)
    iteration   22: trace = 0.3953510387838399 (3.94439e-08% change)
    iteration   23: trace = 0.3953510387498147 (8.60633e-09% change)
Finished solving for bands 1 to 6 after 23 iterations.
tefreqs:, 1, -0.09, 0.14, 0, 0.143178, 0.0644842, 0.148929, 0.171605, 0.300928, 0.322544, 0.380752
elapsed time for k point: 3.6291396617889404
total elapsed time for run: 3.6738767623901367
done
Initializing eigensolver data
Computing 6 bands with 1e-10 tolerance
Working in 2 dimensions.
Grid size is 336 x 112 x 1.
Solving for 6 bands at a time.
Creating Maxwell data...
Mesh size is 3.
Lattice vectors:
     (3, 0, 0)
     (0, 1, 0)
     (0, 0, 1)
Cell volume = 3
Reciprocal lattice vectors (/ 2 pi):
     (0.333333, -0, 0)
     (-0, 1, -0)
     (0, -0, 1)
Geometric objects:
     block, center = (0,0,0)
          size (1e+20,1e+20,1)
          axes (1,0,0), (0,1,0), (0,0,1)
     prism, center = (-0.00415179,-1.38778e-17,0.5)
          height 1, axis (0,0,1), sidewall angle: 0 radians, 4 vertices:
          (0.245848,0.25,0)
          (-0.254152,0.25,0)
          (-0.254152,-0.25,0)
          (0.245848,-0.25,0)
     prism, center = (0.995848,-1.38778e-17,0.5)
          height 1, axis (0,0,1), sidewall angle: 0 radians, 4 vertices:
          (1.24585,0.25,0)
          (0.745848,0.25,0)
          (0.745848,-0.25,0)
          (1.24585,-0.25,0)
     prism, center = (1.99585,-1.38778e-17,0.5)
          height 1, axis (0,0,1), sidewall angle: 0 radians, 4 vertices:
          (2.24585,0.25,0)
          (1.74585,0.25,0)
          (1.74585,-0.25,0)
          (2.24585,-0.25,0)
Geometric object tree has depth 2 and 21 object nodes (vs. 4 actual objects)
Initializing epsilon function...
Allocating fields...
Solving for band polarization: te.
Initializing fields to random numbers...
1 k-points
  Vector3<-0.09, 0.14, 0.0>
elapsed time for initialization: 0.042603492736816406
solve_kpoint (-0.09,0.14,0):
tefreqs:, k index, k1, k2, k3, kmag/2pi, te band 1, te band 2, te band 3, te band 4, te band 5, te band 6
Solving for bands 1 to 6...
    near maximum in trace
    iteration    1: trace = 1.984877120793999 (199.8% change)
    iteration    2: trace = 0.4955774429255845 (120.083% change)
    iteration    3: trace = 0.4258240839162514 (15.1407% change)
    iteration    4: trace = 0.4073584005693598 (4.43257% change)
    iteration    5: trace = 0.4016299113345295 (1.41621% change)
    iteration    6: trace = 0.3984620300725775 (0.791879% change)
    iteration    7: trace = 0.3968635453681246 (0.40197% change)
    iteration    8: trace = 0.3959995598647672 (0.217941% change)
    iteration    9: trace = 0.3957654687050202 (0.0591315% change)
    iteration   10: trace = 0.3956977585172269 (0.0171101% change)
    iteration   11: trace = 0.3956791134443564 (0.00471206% change)
    iteration   12: trace = 0.3956733775057533 (0.00144965% change)
    iteration   13: trace = 0.3956704727250344 (0.000734139% change)
    iteration   14: trace = 0.3956690731702356 (0.000353718% change)
    iteration   15: trace = 0.395668513319616 (0.000141495% change)
    iteration   16: trace = 0.3956683667898689 (3.70335e-05% change)
    iteration   17: trace = 0.3956683178690599 (1.23641e-05% change)
    iteration   18: trace = 0.3956683026541216 (3.84538e-06% change)
    iteration   19: trace = 0.3956682940548419 (2.17336e-06% change)
    iteration   20: trace = 0.3956682908873972 (8.0053e-07% change)
    iteration   21: trace = 0.3956682896605042 (3.10081e-07% change)
    iteration   22: trace = 0.3956682894548622 (5.19733e-08% change)
    iteration   23: trace = 0.3956682894032492 (1.30445e-08% change)
    iteration   24: trace = 0.3956682893923039 (2.76627e-09% change)
Finished solving for bands 1 to 6 after 24 iterations.
tefreqs:, 1, -0.09, 0.14, 0, 0.143178, 0.064526, 0.148956, 0.17163, 0.301004, 0.322623, 0.381013
elapsed time for k point: 2.483208417892456
total elapsed time for run: 2.525925397872925
done
Initializing eigensolver data
Computing 6 bands with 1e-10 tolerance
Working in 2 dimensions.
Grid size is 336 x 112 x 1.
Solving for 6 bands at a time.
Creating Maxwell data...
Mesh size is 3.
Lattice vectors:
     (3, 0, 0)
     (0, 1, 0)
     (0, 0, 1)
Cell volume = 3
Reciprocal lattice vectors (/ 2 pi):
     (0.333333, -0, 0)
     (-0, 1, -0)
     (0, -0, 1)
Geometric objects:
     block, center = (0,0,0)
          size (1e+20,1e+20,1)
          axes (1,0,0), (0,1,0), (0,0,1)
     prism, center = (0.0133482,-1.38778e-17,0.5)
          height 1, axis (0,0,1), sidewall angle: 0 radians, 4 vertices:
          (0.263348,0.25,0)
          (-0.236652,0.25,0)
          (-0.236652,-0.25,0)
          (0.263348,-0.25,0)
     prism, center = (1.01335,-1.38778e-17,0.5)
          height 1, axis (0,0,1), sidewall angle: 0 radians, 4 vertices:
          (1.26335,0.25,0)
          (0.763348,0.25,0)
          (0.763348,-0.25,0)
          (1.26335,-0.25,0)
     prism, center = (2.01335,-1.38778e-17,0.5)
          height 1, axis (0,0,1), sidewall angle: 0 radians, 4 vertices:
          (2.26335,0.25,0)
          (1.76335,0.25,0)
          (1.76335,-0.25,0)
          (2.26335,-0.25,0)
Geometric object tree has depth 2 and 21 object nodes (vs. 4 actual objects)
Initializing epsilon function...
Allocating fields...
Solving for band polarization: te.
Initializing fields to random numbers...
1 k-points
  Vector3<-0.09, 0.14, 0.0>
elapsed time for initialization: 0.04274463653564453
solve_kpoint (-0.09,0.14,0):
tefreqs:, k index, k1, k2, k3, kmag/2pi, te band 1, te band 2, te band 3, te band 4, te band 5, te band 6
Solving for bands 1 to 6...
    near maximum in trace
    iteration    1: trace = 2.622665000959495 (199.735% change)
    iteration    2: trace = 0.7189231197477752 (113.942% change)
    iteration    3: trace = 0.4887273966510927 (38.1229% change)
    iteration    4: trace = 0.4322032493415654 (12.2754% change)
    iteration    5: trace = 0.4064564474223009 (6.13999% change)
    iteration    6: trace = 0.400478714633963 (1.48159% change)
    iteration    7: trace = 0.3978447667115409 (0.65987% change)
    iteration    8: trace = 0.3969526609790612 (0.224486% change)
    iteration    9: trace = 0.3962411025174785 (0.179416% change)
    iteration   10: trace = 0.3959443608656047 (0.0749172% change)
    iteration   11: trace = 0.395801993017086 (0.035963% change)
    iteration   12: trace = 0.3957768500398903 (0.00635261% change)
    iteration   13: trace = 0.3957691331187282 (0.00194984% change)
    iteration   14: trace = 0.3957663197942679 (0.000710852% change)
    iteration   15: trace = 0.3957647857626197 (0.000387611% change)
    iteration   16: trace = 0.3957642713174185 (0.000129988% change)
    iteration   17: trace = 0.3957641231116727 (3.7448e-05% change)
    iteration   18: trace = 0.3957640860025327 (9.37658e-06% change)
    iteration   19: trace = 0.3957640780230073 (2.01623e-06% change)
    iteration   20: trace = 0.3957640756189768 (6.0744e-07% change)
    iteration   21: trace = 0.3957640747930994 (2.08679e-07% change)
    iteration   22: trace = 0.3957640741803193 (1.54835e-07% change)
    iteration   23: trace = 0.3957640739388193 (6.10212e-08% change)
    iteration   24: trace = 0.3957640738597996 (1.99664e-08% change)
    iteration   25: trace = 0.3957640738434727 (4.12542e-09% change)
Finished solving for bands 1 to 6 after 25 iterations.
tefreqs:, 1, -0.09, 0.14, 0, 0.143178, 0.0645395, 0.148965, 0.171638, 0.301025, 0.322645, 0.381095
elapsed time for k point: 3.043195962905884
total elapsed time for run: 3.086031913757324
done
Initializing eigensolver data
Computing 6 bands with 1e-10 tolerance
Working in 2 dimensions.
Grid size is 336 x 112 x 1.
Solving for 6 bands at a time.
Creating Maxwell data...
Mesh size is 3.
Lattice vectors:
     (3, 0, 0)
     (0, 1, 0)
     (0, 0, 1)
Cell volume = 3
Reciprocal lattice vectors (/ 2 pi):
     (0.333333, -0, 0)
     (-0, 1, -0)
     (0, -0, 1)
Geometric objects:
     block, center = (0,0,0)
          size (1e+20,1e+20,1)
          axes (1,0,0), (0,1,0), (0,0,1)
     prism, center = (-0.00665179,-1.38778e-17,0.5)
          height 1, axis (0,0,1), sidewall angle: 0 radians, 4 vertices:
          (0.243348,0.25,0)
          (-0.256652,0.25,0)
          (-0.256652,-0.25,0)
          (0.243348,-0.25,0)
     prism, center = (0.993348,-1.38778e-17,0.5)
          height 1, axis (0,0,1), sidewall angle: 0 radians, 4 vertices:
          (1.24335,0.25,0)
          (0.743348,0.25,0)
          (0.743348,-0.25,0)
          (1.24335,-0.25,0)
     prism, center = (1.99335,-1.38778e-17,0.5)
          height 1, axis (0,0,1), sidewall angle: 0 radians, 4 vertices:
          (2.24335,0.25,0)
          (1.74335,0.25,0)
          (1.74335,-0.25,0)
          (2.24335,-0.25,0)
Geometric object tree has depth 2 and 21 object nodes (vs. 4 actual objects)
Initializing epsilon function...
Allocating fields...
Solving for band polarization: te.
Initializing fields to random numbers...
1 k-points
  Vector3<-0.09, 0.14, 0.0>
elapsed time for initialization: 0.05545759201049805
solve_kpoint (-0.09,0.14,0):
tefreqs:, k index, k1, k2, k3, kmag/2pi, te band 1, te band 2, te band 3, te band 4, te band 5, te band 6
Solving for bands 1 to 6...
    near maximum in trace
    iteration    1: trace = 2.20008249377505 (199.777% change)
    iteration    2: trace = 0.5606268205399021 (118.771% change)
    iteration    3: trace = 0.4569963796658717 (20.3672% change)
    iteration    4: trace = 0.4165519814970812 (9.2598% change)
    iteration    5: trace = 0.4061688595777886 (2.52409% change)
    iteration    6: trace = 0.4011543999127642 (1.24224% change)
    iteration    7: trace = 0.3987637973663565 (0.597712% change)
    iteration    8: trace = 0.3965211495901697 (0.563986% change)
    iteration    9: trace = 0.3958518479110918 (0.168936% change)
    iteration   10: trace = 0.3956113773530239 (0.0607661% change)
    iteration   11: trace = 0.3955648217773923 (0.0117687% change)
    iteration   12: trace = 0.3955435192306688 (0.00538549% change)
    iteration   13: trace = 0.3955351879107155 (0.00210632% change)
    iteration   14: trace = 0.3955308778420005 (0.00108969% change)
    iteration   15: trace = 0.3955297932313058 (0.000274217% change)
    iteration   16: trace = 0.3955294485435961 (8.71459e-05% change)
    iteration   17: trace = 0.3955293834348722 (1.64612e-05% change)
    iteration   18: trace = 0.395529359332519 (6.09369e-06% change)
    iteration   19: trace = 0.3955293483868866 (2.76734e-06% change)
    iteration   20: trace = 0.3955293424346965 (1.50487e-06% change)
    iteration   21: trace = 0.3955293408658263 (3.96651e-07% change)
    iteration   22: trace = 0.3955293404726729 (9.93993e-08% change)
    iteration   23: trace = 0.3955293403747425 (2.47593e-08% change)
    iteration   24: trace = 0.395529340352442 (5.63814e-09% change)
Finished solving for bands 1 to 6 after 24 iterations.
tefreqs:, 1, -0.09, 0.14, 0, 0.143178, 0.0645087, 0.148941, 0.171616, 0.300962, 0.322582, 0.380914
elapsed time for k point: 4.093182563781738
total elapsed time for run: 4.14871883392334
done
Initializing eigensolver data
Computing 6 bands with 1e-10 tolerance
Working in 2 dimensions.
Grid size is 336 x 112 x 1.
Solving for 6 bands at a time.
Creating Maxwell data...
Mesh size is 3.
Lattice vectors:
     (3, 0, 0)
     (0, 1, 0)
     (0, 0, 1)
Cell volume = 3
Reciprocal lattice vectors (/ 2 pi):
     (0.333333, -0, 0)
     (-0, 1, -0)
     (0, -0, 1)
Geometric objects:
     block, center = (0,0,0)
          size (1e+20,1e+20,1)
          axes (1,0,0), (0,1,0), (0,0,1)
     prism, center = (0.0183482,-1.38778e-17,0.5)
          height 1, axis (0,0,1), sidewall angle: 0 radians, 4 vertices:
          (0.268348,0.25,0)
          (-0.231652,0.25,0)
          (-0.231652,-0.25,0)
          (0.268348,-0.25,0)
     prism, center = (1.01835,-1.38778e-17,0.5)
          height 1, axis (0,0,1), sidewall angle: 0 radians, 4 vertices:
          (1.26835,0.25,0)
          (0.768348,0.25,0)
          (0.768348,-0.25,0)
          (1.26835,-0.25,0)
     prism, center = (2.01835,-1.38778e-17,0.5)
          height 1, axis (0,0,1), sidewall angle: 0 radians, 4 vertices:
          (2.26835,0.25,0)
          (1.76835,0.25,0)
          (1.76835,-0.25,0)
          (2.26835,-0.25,0)
Geometric object tree has depth 2 and 21 object nodes (vs. 4 actual objects)
Initializing epsilon function...
Allocating fields...
Solving for band polarization: te.
Initializing fields to random numbers...
1 k-points
  Vector3<-0.09, 0.14, 0.0>
elapsed time for initialization: 0.08412790298461914
solve_kpoint (-0.09,0.14,0):
tefreqs:, k index, k1, k2, k3, kmag/2pi, te band 1, te band 2, te band 3, te band 4, te band 5, te band 6
Solving for bands 1 to 6...
    near maximum in trace
    iteration    1: trace = 2.096823838913158 (199.788% change)
    iteration    2: trace = 0.5069575949064571 (122.12% change)
    iteration    3: trace = 0.4241216642274894 (17.7935% change)
    iteration    4: trace = 0.4031551609283638 (5.0688% change)
    iteration    5: trace = 0.3983941409506073 (1.18795% change)
    iteration    6: trace = 0.3965446870337172 (0.465307% change)
    iteration    7: trace = 0.3958581304134041 (0.173285% change)
    iteration    8: trace = 0.395462893906215 (0.0998928% change)
    iteration    9: trace = 0.3953401497622325 (0.0310429% change)
    iteration   10: trace = 0.3952942475920088 (0.0116115% change)
    iteration   11: trace = 0.395284541802837 (0.00245536% change)
    iteration   12: trace = 0.3952818146284287 (0.000689929% change)
    iteration   13: trace = 0.3952809757478358 (0.000212224% change)
    iteration   14: trace = 0.3952804948583254 (0.000121658% change)
    iteration   15: trace = 0.3952802985030378 (4.96749e-05% change)
    iteration   16: trace = 0.3952802247839109 (1.86498e-05% change)
    iteration   17: trace = 0.3952802055125798 (4.87536e-06% change)
    iteration   18: trace = 0.3952801989211123 (1.66754e-06% change)
    iteration   19: trace = 0.3952801965310255 (6.04656e-07% change)
    iteration   20: trace = 0.3952801953558558 (2.973e-07% change)
    iteration   21: trace = 0.3952801948910173 (1.17597e-07% change)
    iteration   22: trace = 0.3952801947737357 (2.96705e-08% change)
    iteration   23: trace = 0.3952801947470619 (6.74805e-09% change)
Finished solving for bands 1 to 6 after 23 iterations.
tefreqs:, 1, -0.09, 0.14, 0, 0.143178, 0.064477, 0.148923, 0.171596, 0.300906, 0.322519, 0.380705
elapsed time for k point: 2.521867513656616
total elapsed time for run: 2.6060826778411865
done
Initializing eigensolver data
Computing 6 bands with 1e-10 tolerance
Working in 2 dimensions.
Grid size is 336 x 112 x 1.
Solving for 6 bands at a time.
Creating Maxwell data...
Mesh size is 3.
Lattice vectors:
     (3, 0, 0)
     (0, 1, 0)
     (0, 0, 1)
Cell volume = 3
Reciprocal lattice vectors (/ 2 pi):
     (0.333333, -0, 0)
     (-0, 1, -0)
     (0, -0, 1)
Geometric objects:
     block, center = (0,0,0)
          size (1e+20,1e+20,1)
          axes (1,0,0), (0,1,0), (0,0,1)
     prism, center = (-0.0116518,-1.38778e-17,0.5)
          height 1, axis (0,0,1), sidewall angle: 0 radians, 4 vertices:
          (0.238348,0.25,0)
          (-0.261652,0.25,0)
          (-0.261652,-0.25,0)
          (0.238348,-0.25,0)
     prism, center = (0.988348,-1.38778e-17,0.5)
          height 1, axis (0,0,1), sidewall angle: 0 radians, 4 vertices:
          (1.23835,0.25,0)
          (0.738348,0.25,0)
          (0.738348,-0.25,0)
          (1.23835,-0.25,0)
     prism, center = (1.98835,-1.38778e-17,0.5)
          height 1, axis (0,0,1), sidewall angle: 0 radians, 4 vertices:
          (2.23835,0.25,0)
          (1.73835,0.25,0)
          (1.73835,-0.25,0)
          (2.23835,-0.25,0)
Geometric object tree has depth 2 and 21 object nodes (vs. 4 actual objects)
Initializing epsilon function...
Allocating fields...
Solving for band polarization: te.
Initializing fields to random numbers...
1 k-points
  Vector3<-0.09, 0.14, 0.0>
elapsed time for initialization: 0.043096303939819336
solve_kpoint (-0.09,0.14,0):
tefreqs:, k index, k1, k2, k3, kmag/2pi, te band 1, te band 2, te band 3, te band 4, te band 5, te band 6
Solving for bands 1 to 6...
    near maximum in trace
    iteration    1: trace = 2.376309878696071 (199.759% change)
    iteration    2: trace = 0.6580564186313078 (113.253% change)
    iteration    3: trace = 0.4398757709611812 (39.7439% change)
    iteration    4: trace = 0.4168228556381706 (5.3818% change)
    iteration    5: trace = 0.4033693894956495 (3.28056% change)
    iteration    6: trace = 0.3998609533971286 (0.873582% change)
    iteration    7: trace = 0.3973615994192648 (0.627015% change)
    iteration    8: trace = 0.3962975883007688 (0.268128% change)
    iteration    9: trace = 0.3957137442380986 (0.147433% change)
    iteration   10: trace = 0.395593781188069 (0.0303202% change)
    iteration   11: trace = 0.3955518717157195 (0.0105946% change)
    iteration   12: trace = 0.3955431018738935 (0.00221714% change)
    iteration   13: trace = 0.3955386570671352 (0.00112373% change)
    iteration   14: trace = 0.3955367507243876 (0.000481962% change)
    iteration   15: trace = 0.3955357241064585 (0.000259551% change)
    iteration   16: trace = 0.3955354268556828 (7.51515e-05% change)
    iteration   17: trace = 0.3955353394264214 (2.2104e-05% change)
    iteration   18: trace = 0.3955353191710444 (5.121e-06% change)
    iteration   19: trace = 0.3955353117839419 (1.86762e-06% change)
    iteration   20: trace = 0.3955353087776791 (7.60049e-07% change)
    iteration   21: trace = 0.3955353074300192 (3.40718e-07% change)
    iteration   22: trace = 0.3955353070215786 (1.03263e-07% change)
    iteration   23: trace = 0.3955353069212327 (2.53696e-08% change)
    iteration   24: trace = 0.3955353068988906 (5.64858e-09% change)
Finished solving for bands 1 to 6 after 24 iterations.
tefreqs:, 1, -0.09, 0.14, 0, 0.143178, 0.0645093, 0.148942, 0.171616, 0.300965, 0.322584, 0.380917
elapsed time for k point: 2.742624521255493
total elapsed time for run: 2.7858097553253174
done
Initializing eigensolver data
Computing 6 bands with 1e-10 tolerance
Working in 2 dimensions.
Grid size is 336 x 112 x 1.
Solving for 6 bands at a time.
Creating Maxwell data...
Mesh size is 3.
Lattice vectors:
     (3, 0, 0)
     (0, 1, 0)
     (0, 0, 1)
Cell volume = 3
Reciprocal lattice vectors (/ 2 pi):
     (0.333333, -0, 0)
     (-0, 1, -0)
     (0, -0, 1)
Geometric objects:
     block, center = (0,0,0)
          size (1e+20,1e+20,1)
          axes (1,0,0), (0,1,0), (0,0,1)
     prism, center = (0.0233482,-1.38778e-17,0.5)
          height 1, axis (0,0,1), sidewall angle: 0 radians, 4 vertices:
          (0.273348,0.25,0)
          (-0.226652,0.25,0)
          (-0.226652,-0.25,0)
          (0.273348,-0.25,0)
     prism, center = (1.02335,-1.38778e-17,0.5)
          height 1, axis (0,0,1), sidewall angle: 0 radians, 4 vertices:
          (1.27335,0.25,0)
          (0.773348,0.25,0)
          (0.773348,-0.25,0)
          (1.27335,-0.25,0)
     prism, center = (2.02335,-1.38778e-17,0.5)
          height 1, axis (0,0,1), sidewall angle: 0 radians, 4 vertices:
          (2.27335,0.25,0)
          (1.77335,0.25,0)
          (1.77335,-0.25,0)
          (2.27335,-0.25,0)
Geometric object tree has depth 2 and 21 object nodes (vs. 4 actual objects)
Initializing epsilon function...
Allocating fields...
Solving for band polarization: te.
Initializing fields to random numbers...
1 k-points
  Vector3<-0.09, 0.14, 0.0>
elapsed time for initialization: 0.04795479774475098
solve_kpoint (-0.09,0.14,0):
tefreqs:, k index, k1, k2, k3, kmag/2pi, te band 1, te band 2, te band 3, te band 4, te band 5, te band 6
Solving for bands 1 to 6...
    near maximum in trace
    iteration    1: trace = 2.326692589638944 (199.764% change)
    iteration    2: trace = 0.5130940987762768 (127.728% change)
    iteration    3: trace = 0.4337148781163536 (16.7677% change)
    iteration    4: trace = 0.4104133100020997 (5.52086% change)
    iteration    5: trace = 0.4028509115107319 (1.85976% change)
    iteration    6: trace = 0.3990213611434335 (0.955152% change)
    iteration    7: trace = 0.3974809917514063 (0.386783% change)
    iteration    8: trace = 0.3962458842585934 (0.311217% change)
    iteration    9: trace = 0.3958043499537257 (0.111491% change)
    iteration   10: trace = 0.3956358956148054 (0.0425691% change)
    iteration   11: trace = 0.3955999214725327 (0.00909315% change)
    iteration   12: trace = 0.3955852570346061 (0.00370695% change)
    iteration   13: trace = 0.395579470337379 (0.00146283% change)
    iteration   14: trace = 0.3955767279194415 (0.000693268% change)
    iteration   15: trace = 0.395575930657493 (0.000201544% change)
    iteration   16: trace = 0.3955757097241027 (5.58511e-05% change)
    iteration   17: trace = 0.3955756599352377 (1.25864e-05% change)
    iteration   18: trace = 0.3955756472679269 (3.20225e-06% change)
    iteration   19: trace = 0.3955756427238377 (1.14873e-06% change)
    iteration   20: trace = 0.3955756408325287 (4.78116e-07% change)
    iteration   21: trace = 0.3955756398169883 (2.56725e-07% change)
    iteration   22: trace = 0.3955756394715451 (8.73267e-08% change)
    iteration   23: trace = 0.3955756393671918 (2.63801e-08% change)
    iteration   24: trace = 0.3955756393487492 (4.66223e-09% change)
Finished solving for bands 1 to 6 after 24 iterations.
tefreqs:, 1, -0.09, 0.14, 0, 0.143178, 0.0645144, 0.148946, 0.17162, 0.300977, 0.322596, 0.380946
elapsed time for k point: 2.633622407913208
total elapsed time for run: 2.6816797256469727
done
Initializing eigensolver data
Computing 6 bands with 1e-10 tolerance
Working in 2 dimensions.
Grid size is 336 x 112 x 1.
Solving for 6 bands at a time.
Creating Maxwell data...
Mesh size is 3.
Lattice vectors:
     (3, 0, 0)
     (0, 1, 0)
     (0, 0, 1)
Cell volume = 3
Reciprocal lattice vectors (/ 2 pi):
     (0.333333, -0, 0)
     (-0, 1, -0)
     (0, -0, 1)
Geometric objects:
     block, center = (0,0,0)
          size (1e+20,1e+20,1)
          axes (1,0,0), (0,1,0), (0,0,1)
     prism, center = (-0.0166518,-1.38778e-17,0.5)
          height 1, axis (0,0,1), sidewall angle: 0 radians, 4 vertices:
          (0.233348,0.25,0)
          (-0.266652,0.25,0)
          (-0.266652,-0.25,0)
          (0.233348,-0.25,0)
     prism, center = (0.983348,-1.38778e-17,0.5)
          height 1, axis (0,0,1), sidewall angle: 0 radians, 4 vertices:
          (1.23335,0.25,0)
          (0.733348,0.25,0)
          (0.733348,-0.25,0)
          (1.23335,-0.25,0)
     prism, center = (1.98335,-1.38778e-17,0.5)
          height 1, axis (0,0,1), sidewall angle: 0 radians, 4 vertices:
          (2.23335,0.25,0)
          (1.73335,0.25,0)
          (1.73335,-0.25,0)
          (2.23335,-0.25,0)
Geometric object tree has depth 2 and 21 object nodes (vs. 4 actual objects)
Initializing epsilon function...
Allocating fields...
Solving for band polarization: te.
Initializing fields to random numbers...
1 k-points
  Vector3<-0.09, 0.14, 0.0>
elapsed time for initialization: 0.045140981674194336
solve_kpoint (-0.09,0.14,0):
tefreqs:, k index, k1, k2, k3, kmag/2pi, te band 1, te band 2, te band 3, te band 4, te band 5, te band 6
Solving for bands 1 to 6...
    near maximum in trace
    iteration    1: trace = 2.398515684932405 (199.757% change)
    iteration    2: trace = 0.6514893047997303 (114.559% change)
    iteration    3: trace = 0.4712489886412166 (32.1073% change)
    iteration    4: trace = 0.4399411599379139 (6.87185% change)
    iteration    5: trace = 0.4240664104041022 (3.67468% change)
    iteration    6: trace = 0.4190872087017158 (1.18109% change)
    iteration    7: trace = 0.412818811932124 (1.507% change)
    iteration    8: trace = 0.403683711881612 (2.23762% change)
    iteration    9: trace = 0.398210191091105 (1.36515% change)
    iteration   10: trace = 0.3964901824818191 (0.43287% change)
    iteration   11: trace = 0.3959060455704255 (0.147436% change)
    iteration   12: trace = 0.3957078420150306 (0.0500758% change)
    iteration   13: trace = 0.3956135382592975 (0.0238345% change)
    iteration   14: trace = 0.3955731276663507 (0.0102152% change)
    iteration   15: trace = 0.3955558093105114 (0.00437814% change)
    iteration   16: trace = 0.3955517155016965 (0.00103496% change)
    iteration   17: trace = 0.3955505184662649 (0.000302625% change)
    iteration   18: trace = 0.395550028188135 (0.000123948% change)
    iteration   19: trace = 0.3955497509609025 (7.00865e-05% change)
    iteration   20: trace = 0.3955496419228181 (2.75662e-05% change)
    iteration   21: trace = 0.3955496114074545 (7.71467e-06% change)
    iteration   22: trace = 0.3955496044459838 (1.75995e-06% change)
    iteration   23: trace = 0.3955496029528354 (3.77487e-07% change)
    iteration   24: trace = 0.3955496025979016 (8.97318e-08% change)
    iteration   25: trace = 0.3955496024924838 (2.6651e-08% change)
    iteration   26: trace = 0.3955496024430453 (1.24987e-08% change)
    iteration   27: trace = 0.3955496024207431 (5.63827e-09% change)
Finished solving for bands 1 to 6 after 27 iterations.
tefreqs:, 1, -0.09, 0.14, 0, 0.143178, 0.0645112, 0.148943, 0.171617, 0.300966, 0.322586, 0.380932
elapsed time for k point: 5007.077364683151
total elapsed time for run: 5007.122658729553
done
Initializing eigensolver data
Computing 6 bands with 1e-10 tolerance
Working in 2 dimensions.
Grid size is 336 x 112 x 1.
Solving for 6 bands at a time.
Creating Maxwell data...
Mesh size is 3.
Lattice vectors:
     (3, 0, 0)
     (0, 1, 0)
     (0, 0, 1)
Cell volume = 3
Reciprocal lattice vectors (/ 2 pi):
     (0.333333, -0, 0)
     (-0, 1, -0)
     (0, -0, 1)
Geometric objects:
     block, center = (0,0,0)
          size (1e+20,1e+20,1)
          axes (1,0,0), (0,1,0), (0,0,1)
     prism, center = (0.0150446,0,0.5)
          height 1, axis (0,0,1), sidewall angle: 0 radians, 4 vertices:
          (-0.234955,-0.25,0)
          (-0.234955,0.25,0)
          (0.265045,0.25,0)
          (0.265045,-0.25,0)
     prism, center = (1.00504,0,0.5)
          height 1, axis (0,0,1), sidewall angle: 0 radians, 4 vertices:
          (0.755045,-0.25,0)
          (0.755045,0.25,0)
          (1.25504,0.25,0)
          (1.25504,-0.25,0)
     prism, center = (2.01004,0,0.5)
          height 1, axis (0,0,1), sidewall angle: 0 radians, 4 vertices:
          (1.76004,-0.25,0)
          (1.76004,0.25,0)
          (2.26004,0.25,0)
          (2.26004,-0.25,0)
Geometric object tree has depth 2 and 21 object nodes (vs. 4 actual objects)
Initializing epsilon function...
Allocating fields...
Solving for band polarization: te.
Initializing fields to random numbers...
1 k-points
  Vector3<-0.09, 0.14, 0.0>
elapsed time for initialization: 0.06797027587890625
solve_kpoint (-0.09,0.14,0):
tefreqs:, k index, k1, k2, k3, kmag/2pi, te band 1, te band 2, te band 3, te band 4, te band 5, te band 6
Solving for bands 1 to 6...
    near maximum in trace
    iteration    1: trace = 2.672938482087285 (199.731% change)
    iteration    2: trace = 0.6587895664421184 (120.907% change)
    iteration    3: trace = 0.4673856255355067 (33.9919% change)
    iteration    4: trace = 0.4392759246580168 (6.2007% change)
    iteration    5: trace = 0.4247460769406105 (3.36331% change)
    iteration    6: trace = 0.4167720177851394 (1.89516% change)
    iteration    7: trace = 0.4088437257988564 (1.92058% change)
    iteration    8: trace = 0.4029664412960574 (1.44795% change)
    iteration    9: trace = 0.3986203194899546 (1.08438% change)
    iteration   10: trace = 0.3972560836835621 (0.342826% change)
    iteration   11: trace = 0.3967091150247811 (0.137782% change)
    iteration   12: trace = 0.3965340178037778 (0.0441472% change)
    iteration   13: trace = 0.3964433316931713 (0.0228723% change)
    iteration   14: trace = 0.3964096390379015 (0.00849909% change)
    iteration   15: trace = 0.3963949985841959 (0.00369333% change)
    iteration   16: trace = 0.3963903180931335 (0.00118077% change)
    iteration   17: trace = 0.3963890489948464 (0.000320164% change)
    iteration   18: trace = 0.3963886012716304 (0.000112951% change)
    iteration   19: trace = 0.396388399688226 (5.0855e-05% change)
    iteration   20: trace = 0.396388292768419 (2.69735e-05% change)
    iteration   21: trace = 0.3963882585763936 (8.62589e-06% change)
    iteration   22: trace = 0.3963882488575893 (2.45184e-06% change)
    iteration   23: trace = 0.396388247007042 (4.66852e-07% change)
    iteration   24: trace = 0.3963882464658218 (1.36538e-07% change)
    iteration   25: trace = 0.3963882462786826 (4.72111e-08% change)
    iteration   26: trace = 0.396388246189377 (2.25298e-08% change)
    iteration   27: trace = 0.3963882461590467 (7.65166e-09% change)
Finished solving for bands 1 to 6 after 27 iterations.
tefreqs:, 1, -0.09, 0.14, 0, 0.143178, 0.0645168, 0.149078, 0.17177, 0.30146, 0.32314, 0.38105
elapsed time for k point: 1650.5239596366882
total elapsed time for run: 1650.5921003818512
done
Initializing eigensolver data
Computing 6 bands with 1e-10 tolerance
Working in 2 dimensions.
Grid size is 336 x 112 x 1.
Solving for 6 bands at a time.
Creating Maxwell data...
Mesh size is 3.
Lattice vectors:
     (3, 0, 0)
     (0, 1, 0)
     (0, 0, 1)
Cell volume = 3
Reciprocal lattice vectors (/ 2 pi):
     (0.333333, -0, 0)
     (-0, 1, -0)
     (0, -0, 1)
Geometric objects:
     block, center = (0,0,0)
          size (1e+20,1e+20,1)
          axes (1,0,0), (0,1,0), (0,0,1)
     prism, center = (1.01504,0,0.5)
          height 1, axis (0,0,1), sidewall angle: 0 radians, 4 vertices:
          (0.765045,-0.25,0)
          (0.765045,0.25,0)
          (1.26504,0.25,0)
          (1.26504,-0.25,0)
     prism, center = (2.01004,0,0.5)
          height 1, axis (0,0,1), sidewall angle: 0 radians, 4 vertices:
          (1.76004,-0.25,0)
          (1.76004,0.25,0)
          (2.26004,0.25,0)
          (2.26004,-0.25,0)
     prism, center = (3.00504,0,0.5)
          height 1, axis (0,0,1), sidewall angle: 0 radians, 4 vertices:
          (2.75504,-0.25,0)
          (2.75504,0.25,0)
          (3.25504,0.25,0)
          (3.25504,-0.25,0)
Geometric object tree has depth 2 and 21 object nodes (vs. 4 actual objects)
Initializing epsilon function...
Allocating fields...
Solving for band polarization: te.
Initializing fields to random numbers...
1 k-points
  Vector3<-0.09, 0.14, 0.0>
elapsed time for initialization: 0.10022521018981934
solve_kpoint (-0.09,0.14,0):
tefreqs:, k index, k1, k2, k3, kmag/2pi, te band 1, te band 2, te band 3, te band 4, te band 5, te band 6
Solving for bands 1 to 6...
    near maximum in trace
    iteration    1: trace = 2.177457038000429 (199.781% change)
    iteration    2: trace = 0.5398523674762233 (120.531% change)
    iteration    3: trace = 0.4633735133871216 (15.2466% change)
    iteration    4: trace = 0.4316233196255744 (7.09504% change)
    iteration    5: trace = 0.4190469507833043 (2.95681% change)
    iteration    6: trace = 0.4091626412310189 (2.38691% change)
    iteration    7: trace = 0.4036188844673275 (1.36414% change)
    iteration    8: trace = 0.3988927397789067 (1.17784% change)
    iteration    9: trace = 0.3973306791063237 (0.392367% change)
    iteration   10: trace = 0.396640957855023 (0.17374% change)
    iteration   11: trace = 0.3964970368616278 (0.0362915% change)
    iteration   12: trace = 0.3964326894059905 (0.0162303% change)
    iteration   13: trace = 0.3964084363316228 (0.00611802% change)
    iteration   14: trace = 0.3963953277165623 (0.0033069% change)
    iteration   15: trace = 0.3963913541781124 (0.00100242% change)
    iteration   16: trace = 0.396389950191283 (0.000354193% change)
    iteration   17: trace = 0.3963896017686561 (8.7899e-05% change)
    iteration   18: trace = 0.3963894671215469 (3.39684e-05% change)
    iteration   19: trace = 0.396389406929559 (1.51851e-05% change)
    iteration   20: trace = 0.3963893717528975 (8.87427e-06% change)
    iteration   21: trace = 0.3963893606063156 (2.81203e-06% change)
    iteration   22: trace = 0.396389358085783 (6.35873e-07% change)
    iteration   23: trace = 0.3963893575107375 (1.45071e-07% change)
    iteration   24: trace = 0.3963893573868719 (3.12485e-08% change)
    iteration   25: trace = 0.3963893573414392 (1.14616e-08% change)
    iteration   26: trace = 0.3963893573247641 (4.20675e-09% change)
Finished solving for bands 1 to 6 after 26 iterations.
tefreqs:, 1, -0.09, 0.14, 0, 0.143178, 0.0645168, 0.149078, 0.17177, 0.30146, 0.323141, 0.381051
elapsed time for k point: 9.112303972244263
total elapsed time for run: 9.212645530700684
done
Initializing eigensolver data
Computing 6 bands with 1e-10 tolerance
Working in 2 dimensions.
Grid size is 336 x 112 x 1.
Solving for 6 bands at a time.
Creating Maxwell data...
Mesh size is 3.
Lattice vectors:
     (3, 0, 0)
     (0, 1, 0)
     (0, 0, 1)
Cell volume = 3
Reciprocal lattice vectors (/ 2 pi):
     (0.333333, -0, 0)
     (-0, 1, -0)
     (0, -0, 1)
Geometric objects:
     block, center = (0,0,0)
          size (1e+20,1e+20,1)
          axes (1,0,0), (0,1,0), (0,0,1)
     prism, center = (0.0175446,0,0.5)
          height 1, axis (0,0,1), sidewall angle: 0 radians, 4 vertices:
          (-0.232455,-0.25,0)
          (-0.232455,0.25,0)
          (0.267545,0.25,0)
          (0.267545,-0.25,0)
     prism, center = (1.00254,0,0.5)
          height 1, axis (0,0,1), sidewall angle: 0 radians, 4 vertices:
          (0.752545,-0.25,0)
          (0.752545,0.25,0)
          (1.25254,0.25,0)
          (1.25254,-0.25,0)
     prism, center = (2.01004,0,0.5)
          height 1, axis (0,0,1), sidewall angle: 0 radians, 4 vertices:
          (1.76004,-0.25,0)
          (1.76004,0.25,0)
          (2.26004,0.25,0)
          (2.26004,-0.25,0)
Geometric object tree has depth 2 and 21 object nodes (vs. 4 actual objects)
Initializing epsilon function...
Allocating fields...
Solving for band polarization: te.
Initializing fields to random numbers...
1 k-points
  Vector3<-0.09, 0.14, 0.0>
elapsed time for initialization: 0.08331418037414551
solve_kpoint (-0.09,0.14,0):
tefreqs:, k index, k1, k2, k3, kmag/2pi, te band 1, te band 2, te band 3, te band 4, te band 5, te band 6
Solving for bands 1 to 6...
    near maximum in trace
    iteration    1: trace = 2.407972122240809 (199.757% change)
    iteration    2: trace = 0.6293024461910776 (117.123% change)
    iteration    3: trace = 0.4396823905378452 (35.4767% change)
    iteration    4: trace = 0.4151209355534102 (5.74669% change)
    iteration    5: trace = 0.4029712936542593 (2.97024% change)
    iteration    6: trace = 0.4000334587874245 (0.73171% change)
    iteration    7: trace = 0.3979485803595679 (0.522538% change)
    iteration    8: trace = 0.3970551730867985 (0.224755% change)
    iteration    9: trace = 0.3965405337722929 (0.129698% change)
    iteration   10: trace = 0.3964169384947023 (0.0311732% change)
    iteration   11: trace = 0.3963633084553987 (0.0135296% change)
    iteration   12: trace = 0.3963481643410137 (0.00382084% change)
    iteration   13: trace = 0.3963395634259149 (0.00217006% change)
    iteration   14: trace = 0.3963369339477558 (0.000663443% change)
    iteration   15: trace = 0.3963358826551897 (0.000265253% change)
    iteration   16: trace = 0.3963356604955938 (5.60534e-05% change)
    iteration   17: trace = 0.3963355951007614 (1.64999e-05% change)
    iteration   18: trace = 0.3963355812713946 (3.48931e-06% change)
    iteration   19: trace = 0.39633557457956 (1.68843e-06% change)
    iteration   20: trace = 0.3963355713917572 (8.04319e-07% change)
    iteration   21: trace = 0.3963355701376455 (3.16427e-07% change)
    iteration   22: trace = 0.396335569815001 (8.14069e-08% change)
    iteration   23: trace = 0.3963355697386287 (1.92696e-08% change)
    iteration   24: trace = 0.3963355697185678 (5.06159e-09% change)
Finished solving for bands 1 to 6 after 24 iterations.
tefreqs:, 1, -0.09, 0.14, 0, 0.143178, 0.0645077, 0.149072, 0.171777, 0.301398, 0.323168, 0.381007
elapsed time for k point: 7.107270956039429
total elapsed time for run: 7.190673828125
done
Initializing eigensolver data
Computing 6 bands with 1e-10 tolerance
Working in 2 dimensions.
Grid size is 336 x 112 x 1.
Solving for 6 bands at a time.
Creating Maxwell data...
Mesh size is 3.
Lattice vectors:
     (3, 0, 0)
     (0, 1, 0)
     (0, 0, 1)
Cell volume = 3
Reciprocal lattice vectors (/ 2 pi):
     (0.333333, -0, 0)
     (-0, 1, -0)
     (0, -0, 1)
Geometric objects:
     block, center = (0,0,0)
          size (1e+20,1e+20,1)
          axes (1,0,0), (0,1,0), (0,0,1)
     prism, center = (1.01754,0,0.5)
          height 1, axis (0,0,1), sidewall angle: 0 radians, 4 vertices:
          (0.767545,-0.25,0)
          (0.767545,0.25,0)
          (1.26754,0.25,0)
          (1.26754,-0.25,0)
     prism, center = (2.01004,0,0.5)
          height 1, axis (0,0,1), sidewall angle: 0 radians, 4 vertices:
          (1.76004,-0.25,0)
          (1.76004,0.25,0)
          (2.26004,0.25,0)
          (2.26004,-0.25,0)
     prism, center = (3.00254,0,0.5)
          height 1, axis (0,0,1), sidewall angle: 0 radians, 4 vertices:
          (2.75254,-0.25,0)
          (2.75254,0.25,0)
          (3.25254,0.25,0)
          (3.25254,-0.25,0)
Geometric object tree has depth 2 and 21 object nodes (vs. 4 actual objects)
Initializing epsilon function...
Allocating fields...
Solving for band polarization: te.
Initializing fields to random numbers...
1 k-points
  Vector3<-0.09, 0.14, 0.0>
elapsed time for initialization: 0.07170414924621582
solve_kpoint (-0.09,0.14,0):
tefreqs:, k index, k1, k2, k3, kmag/2pi, te band 1, te band 2, te band 3, te band 4, te band 5, te band 6
Solving for bands 1 to 6...
    near maximum in trace
    iteration    1: trace = 1.888266278649528 (199.809% change)
    iteration    2: trace = 0.508055521406537 (115.194% change)
    iteration    3: trace = 0.4320009410639447 (16.1809% change)
    iteration    4: trace = 0.4086833644159575 (5.54728% change)
    iteration    5: trace = 0.4022022601442336 (1.59852% change)
    iteration    6: trace = 0.3990542025945771 (0.78578% change)
    iteration    7: trace = 0.3977009389101081 (0.339694% change)
    iteration    8: trace = 0.3967469164790421 (0.240172% change)
    iteration    9: trace = 0.3964702779701935 (0.069751% change)
    iteration   10: trace = 0.3963780445951731 (0.0232663% change)
    iteration   11: trace = 0.3963541005856092 (0.00604088% change)
    iteration   12: trace = 0.396343340673263 (0.00271476% change)
    iteration   13: trace = 0.3963388690627898 (0.00112822% change)
    iteration   14: trace = 0.3963366695991564 (0.000554947% change)
    iteration   15: trace = 0.3963359668640955 (0.000177308% change)
    iteration   16: trace = 0.396335746098395 (5.57017e-05% change)
    iteration   17: trace = 0.3963356908968258 (1.3928e-05% change)
    iteration   18: trace = 0.3963356744895134 (4.13975e-06% change)
    iteration   19: trace = 0.3963356672858218 (1.81757e-06% change)
    iteration   20: trace = 0.3963356638388489 (8.69711e-07% change)
    iteration   21: trace = 0.3963356626481014 (3.00439e-07% change)
    iteration   22: trace = 0.3963356624195051 (5.76775e-08% change)
    iteration   23: trace = 0.3963356623676071 (1.30944e-08% change)
    iteration   24: trace = 0.3963356623585478 (2.28578e-09% change)
Finished solving for bands 1 to 6 after 24 iterations.
tefreqs:, 1, -0.09, 0.14, 0, 0.143178, 0.0645077, 0.149073, 0.171776, 0.301391, 0.323177, 0.381005
elapsed time for k point: 6.221686601638794
total elapsed time for run: 6.293470859527588
done
Initializing eigensolver data
Computing 6 bands with 1e-10 tolerance
Working in 2 dimensions.
Grid size is 336 x 112 x 1.
Solving for 6 bands at a time.
Creating Maxwell data...
Mesh size is 3.
Lattice vectors:
     (3, 0, 0)
     (0, 1, 0)
     (0, 0, 1)
Cell volume = 3
Reciprocal lattice vectors (/ 2 pi):
     (0.333333, -0, 0)
     (-0, 1, -0)
     (0, -0, 1)
Geometric objects:
     block, center = (0,0,0)
          size (1e+20,1e+20,1)
          axes (1,0,0), (0,1,0), (0,0,1)
     prism, center = (0.0200446,0,0.5)
          height 1, axis (0,0,1), sidewall angle: 0 radians, 4 vertices:
          (-0.229955,-0.25,0)
          (-0.229955,0.25,0)
          (0.270045,0.25,0)
          (0.270045,-0.25,0)
     prism, center = (1.00004,0,0.5)
          height 1, axis (0,0,1), sidewall angle: 0 radians, 4 vertices:
          (0.750045,-0.25,0)
          (0.750045,0.25,0)
          (1.25004,0.25,0)
          (1.25004,-0.25,0)
     prism, center = (2.01004,0,0.5)
          height 1, axis (0,0,1), sidewall angle: 0 radians, 4 vertices:
          (1.76004,-0.25,0)
          (1.76004,0.25,0)
          (2.26004,0.25,0)
          (2.26004,-0.25,0)
Geometric object tree has depth 2 and 21 object nodes (vs. 4 actual objects)
Initializing epsilon function...
Allocating fields...
Solving for band polarization: te.
Initializing fields to random numbers...
1 k-points
  Vector3<-0.09, 0.14, 0.0>
elapsed time for initialization: 0.08762502670288086
solve_kpoint (-0.09,0.14,0):
tefreqs:, k index, k1, k2, k3, kmag/2pi, te band 1, te band 2, te band 3, te band 4, te band 5, te band 6
Solving for bands 1 to 6...
    near maximum in trace
    iteration    1: trace = 2.275653384339502 (199.77% change)
    iteration    2: trace = 0.5391055395156178 (123.389% change)
    iteration    3: trace = 0.458612045362338 (16.1355% change)
    iteration    4: trace = 0.428779354475483 (6.72368% change)
    iteration    5: trace = 0.4174663506039643 (2.67369% change)
    iteration    6: trace = 0.4083136899972453 (2.21673% change)
    iteration    7: trace = 0.4025244266103849 (1.42797% change)
    iteration    8: trace = 0.398136862704191 (1.09599% change)
    iteration    9: trace = 0.3970050864775935 (0.284673% change)
    iteration   10: trace = 0.3965664363372985 (0.110551% change)
    iteration   11: trace = 0.3964270018691893 (0.0351666% change)
    iteration   12: trace = 0.3963344256043575 (0.0233554% change)
    iteration   13: trace = 0.3962947750336026 (0.0100048% change)
    iteration   14: trace = 0.3962799154506627 (0.0037497% change)
    iteration   15: trace = 0.3962768994060236 (0.000761092% change)
    iteration   16: trace = 0.3962761482960556 (0.000189542% change)
    iteration   17: trace = 0.3962759483596997 (5.04538e-05% change)
    iteration   18: trace = 0.3962758773498956 (1.79193e-05% change)
    iteration   19: trace = 0.3962758459788837 (7.91646e-06% change)
    iteration   20: trace = 0.3962758313620208 (3.68856e-06% change)
    iteration   21: trace = 0.3962758264499379 (1.23956e-06% change)
    iteration   22: trace = 0.3962758253237048 (2.84204e-07% change)
    iteration   23: trace = 0.3962758249720827 (8.87316e-08% change)
    iteration   24: trace = 0.3962758248661505 (2.67319e-08% change)
    iteration   25: trace = 0.3962758248167857 (1.24572e-08% change)
    iteration   26: trace = 0.3962758247994366 (4.37806e-09% change)
Finished solving for bands 1 to 6 after 26 iterations.
tefreqs:, 1, -0.09, 0.14, 0, 0.143178, 0.0645027, 0.149065, 0.171787, 0.301312, 0.323193, 0.380974
elapsed time for k point: 3.7582778930664062
total elapsed time for run: 3.84598708152771
done
Initializing eigensolver data
Computing 6 bands with 1e-10 tolerance
Working in 2 dimensions.
Grid size is 336 x 112 x 1.
Solving for 6 bands at a time.
Creating Maxwell data...
Mesh size is 3.
Lattice vectors:
     (3, 0, 0)
     (0, 1, 0)
     (0, 0, 1)
Cell volume = 3
Reciprocal lattice vectors (/ 2 pi):
     (0.333333, -0, 0)
     (-0, 1, -0)
     (0, -0, 1)
Geometric objects:
     block, center = (0,0,0)
          size (1e+20,1e+20,1)
          axes (1,0,0), (0,1,0), (0,0,1)
     prism, center = (1.02004,0,0.5)
          height 1, axis (0,0,1), sidewall angle: 0 radians, 4 vertices:
          (0.770045,-0.25,0)
          (0.770045,0.25,0)
          (1.27004,0.25,0)
          (1.27004,-0.25,0)
     prism, center = (2.01004,0,0.5)
          height 1, axis (0,0,1), sidewall angle: 0 radians, 4 vertices:
          (1.76004,-0.25,0)
          (1.76004,0.25,0)
          (2.26004,0.25,0)
          (2.26004,-0.25,0)
     prism, center = (3.00004,0,0.5)
          height 1, axis (0,0,1), sidewall angle: 0 radians, 4 vertices:
          (2.75004,-0.25,0)
          (2.75004,0.25,0)
          (3.25004,0.25,0)
          (3.25004,-0.25,0)
Geometric object tree has depth 2 and 21 object nodes (vs. 4 actual objects)
Initializing epsilon function...
Allocating fields...
Solving for band polarization: te.
Initializing fields to random numbers...
1 k-points
  Vector3<-0.09, 0.14, 0.0>
elapsed time for initialization: 0.03635120391845703
solve_kpoint (-0.09,0.14,0):
tefreqs:, k index, k1, k2, k3, kmag/2pi, te band 1, te band 2, te band 3, te band 4, te band 5, te band 6
Solving for bands 1 to 6...
    near maximum in trace
    iteration    1: trace = 2.257537789329041 (199.772% change)
    iteration    2: trace = 0.5311542796301257 (123.813% change)
    iteration    3: trace = 0.4575307218745039 (14.8932% change)
    iteration    4: trace = 0.4304787661323466 (6.09272% change)
    iteration    5: trace = 0.4203759229480692 (2.37475% change)
    iteration    6: trace = 0.4143752699229205 (1.43771% change)
    iteration    7: trace = 0.4103954706898497 (0.965068% change)
    iteration    8: trace = 0.4034038017934308 (1.71828% change)
    iteration    9: trace = 0.3993870646461751 (1.00069% change)
    iteration   10: trace = 0.3974148299857053 (0.495038% change)
    iteration   11: trace = 0.3968428254978154 (0.144035% change)
    iteration   12: trace = 0.3964695591573114 (0.0941032% change)
    iteration   13: trace = 0.3963388116988995 (0.0329834% change)
    iteration   14: trace = 0.396290222909273 (0.0122602% change)
    iteration   15: trace = 0.396279161530807 (0.00279127% change)
    iteration   16: trace = 0.3962765189220733 (0.000666858% change)
    iteration   17: trace = 0.3962759572399479 (0.00014174% change)
    iteration   18: trace = 0.3962757954652451 (4.08238e-05% change)
    iteration   19: trace = 0.3962757234394007 (1.81757e-05% change)
    iteration   20: trace = 0.3962756788670064 (1.12478e-05% change)
    iteration   21: trace = 0.3962756602508214 (4.69779e-06% change)
    iteration   22: trace = 0.3962756556859858 (1.15193e-06% change)
    iteration   23: trace = 0.3962756543337848 (3.41227e-07% change)
    iteration   24: trace = 0.3962756539780877 (8.976e-08% change)
    iteration   25: trace = 0.39627565381894 (4.01608e-08% change)
    iteration   26: trace = 0.3962756537602894 (1.48005e-08% change)
    iteration   27: trace = 0.3962756537355017 (6.25516e-09% change)
Finished solving for bands 1 to 6 after 27 iterations.
tefreqs:, 1, -0.09, 0.14, 0, 0.143178, 0.0645027, 0.149066, 0.171786, 0.301294, 0.323218, 0.380967
elapsed time for k point: 2.7973334789276123
total elapsed time for run: 2.8337645530700684
done
Initializing eigensolver data
Computing 6 bands with 1e-10 tolerance
Working in 2 dimensions.
Grid size is 336 x 112 x 1.
Solving for 6 bands at a time.
Creating Maxwell data...
Mesh size is 3.
Lattice vectors:
     (3, 0, 0)
     (0, 1, 0)
     (0, 0, 1)
Cell volume = 3
Reciprocal lattice vectors (/ 2 pi):
     (0.333333, -0, 0)
     (-0, 1, -0)
     (0, -0, 1)
Geometric objects:
     block, center = (0,0,0)
          size (1e+20,1e+20,1)
          axes (1,0,0), (0,1,0), (0,0,1)
     prism, center = (0.0250446,0,0.5)
          height 1, axis (0,0,1), sidewall angle: 0 radians, 4 vertices:
          (-0.224955,-0.25,0)
          (-0.224955,0.25,0)
          (0.275045,0.25,0)
          (0.275045,-0.25,0)
     prism, center = (0.995045,0,0.5)
          height 1, axis (0,0,1), sidewall angle: 0 radians, 4 vertices:
          (0.745045,-0.25,0)
          (0.745045,0.25,0)
          (1.24504,0.25,0)
          (1.24504,-0.25,0)
     prism, center = (2.01004,0,0.5)
          height 1, axis (0,0,1), sidewall angle: 0 radians, 4 vertices:
          (1.76004,-0.25,0)
          (1.76004,0.25,0)
          (2.26004,0.25,0)
          (2.26004,-0.25,0)
Geometric object tree has depth 2 and 21 object nodes (vs. 4 actual objects)
Initializing epsilon function...
Allocating fields...
Solving for band polarization: te.
Initializing fields to random numbers...
1 k-points
  Vector3<-0.09, 0.14, 0.0>
elapsed time for initialization: 0.03807640075683594
solve_kpoint (-0.09,0.14,0):
tefreqs:, k index, k1, k2, k3, kmag/2pi, te band 1, te band 2, te band 3, te band 4, te band 5, te band 6
Solving for bands 1 to 6...
    near maximum in trace
    iteration    1: trace = 2.324845683230904 (199.766% change)
    iteration    2: trace = 0.5269385974661782 (126.09% change)
    iteration    3: trace = 0.4560319944337236 (14.427% change)
    iteration    4: trace = 0.4325429370211069 (5.28691% change)
    iteration    5: trace = 0.4188092753012981 (3.22632% change)
    iteration    6: trace = 0.4066679152013462 (2.94166% change)
    iteration    7: trace = 0.401623847033047 (1.24808% change)
    iteration    8: trace = 0.3983054414045938 (0.829675% change)
    iteration    9: trace = 0.3970394816836074 (0.318342% change)
    iteration   10: trace = 0.396494187750812 (0.137434% change)
    iteration   11: trace = 0.3963806554831235 (0.0286381% change)
    iteration   12: trace = 0.3963329310825209 (0.0120408% change)
    iteration   13: trace = 0.3963122297992763 (0.00522334% change)
    iteration   14: trace = 0.3963010077976791 (0.00283165% change)
    iteration   15: trace = 0.3962973896783222 (0.000912977% change)
    iteration   16: trace = 0.3962963187753122 (0.000270227% change)
    iteration   17: trace = 0.3962959768451347 (8.62815e-05% change)
    iteration   18: trace = 0.3962958471581933 (3.27248e-05% change)
    iteration   19: trace = 0.396295786874835 (1.52117e-05% change)
    iteration   20: trace = 0.3962957580387648 (7.2764e-06% change)
    iteration   21: trace = 0.3962957465714625 (2.89362e-06% change)
    iteration   22: trace = 0.3962957440406487 (6.38617e-07% change)
    iteration   23: trace = 0.3962957433659968 (1.7024e-07% change)
    iteration   24: trace = 0.3962957431823806 (4.63331e-08% change)
    iteration   25: trace = 0.3962957430897877 (2.33646e-08% change)
    iteration   26: trace = 0.3962957430615885 (7.11569e-09% change)
Finished solving for bands 1 to 6 after 26 iterations.
tefreqs:, 1, -0.09, 0.14, 0, 0.143178, 0.0645115, 0.149061, 0.171833, 0.301104, 0.323318, 0.381039
elapsed time for k point: 3.482008695602417
total elapsed time for run: 3.5201873779296875
done
Initializing eigensolver data
Computing 6 bands with 1e-10 tolerance
Working in 2 dimensions.
Grid size is 336 x 112 x 1.
Solving for 6 bands at a time.
Creating Maxwell data...
Mesh size is 3.
Lattice vectors:
     (3, 0, 0)
     (0, 1, 0)
     (0, 0, 1)
Cell volume = 3
Reciprocal lattice vectors (/ 2 pi):
     (0.333333, -0, 0)
     (-0, 1, -0)
     (0, -0, 1)
Geometric objects:
     block, center = (0,0,0)
          size (1e+20,1e+20,1)
          axes (1,0,0), (0,1,0), (0,0,1)
     prism, center = (1.02504,0,0.5)
          height 1, axis (0,0,1), sidewall angle: 0 radians, 4 vertices:
          (0.775045,-0.25,0)
          (0.775045,0.25,0)
          (1.27504,0.25,0)
          (1.27504,-0.25,0)
     prism, center = (2.01004,0,0.5)
          height 1, axis (0,0,1), sidewall angle: 0 radians, 4 vertices:
          (1.76004,-0.25,0)
          (1.76004,0.25,0)
          (2.26004,0.25,0)
          (2.26004,-0.25,0)
     prism, center = (2.99504,0,0.5)
          height 1, axis (0,0,1), sidewall angle: 0 radians, 4 vertices:
          (2.74504,-0.25,0)
          (2.74504,0.25,0)
          (3.24504,0.25,0)
          (3.24504,-0.25,0)
Geometric object tree has depth 2 and 21 object nodes (vs. 4 actual objects)
Initializing epsilon function...
Allocating fields...
Solving for band polarization: te.
Initializing fields to random numbers...
1 k-points
  Vector3<-0.09, 0.14, 0.0>
elapsed time for initialization: 0.1046445369720459
solve_kpoint (-0.09,0.14,0):
tefreqs:, k index, k1, k2, k3, kmag/2pi, te band 1, te band 2, te band 3, te band 4, te band 5, te band 6
Solving for bands 1 to 6...
    near maximum in trace
    iteration    1: trace = 1.965616277941737 (199.801% change)
    iteration    2: trace = 0.5113240240282444 (117.427% change)
    iteration    3: trace = 0.4403446869893008 (14.9168% change)
    iteration    4: trace = 0.4089988378949162 (7.38119% change)
    iteration    5: trace = 0.4010316393228082 (1.96714% change)
    iteration    6: trace = 0.3979915498246852 (0.760952% change)
    iteration    7: trace = 0.3971950125662589 (0.20034% change)
    iteration    8: trace = 0.3966316913459145 (0.141925% change)
    iteration    9: trace = 0.3964297729140735 (0.0509213% change)
    iteration   10: trace = 0.3963331654479813 (0.0243723% change)
    iteration   11: trace = 0.3963110092400959 (0.00559045% change)
    iteration   12: trace = 0.3963025437271431 (0.0021361% change)
    iteration   13: trace = 0.3962995224170724 (0.000762378% change)
    iteration   14: trace = 0.396297528067919 (0.000503244% change)
    iteration   15: trace = 0.3962967704402056 (0.000191177% change)
    iteration   16: trace = 0.3962965196313469 (6.32882e-05% change)
    iteration   17: trace = 0.3962964702037198 (1.24724e-05% change)
    iteration   18: trace = 0.3962964579466705 (3.0929e-06% change)
    iteration   19: trace = 0.396296453454262 (1.1336e-06% change)
    iteration   20: trace = 0.3962964510434208 (6.08343e-07% change)
    iteration   21: trace = 0.3962964501997382 (2.12892e-07% change)
    iteration   22: trace = 0.3962964500304554 (4.27162e-08% change)
    iteration   23: trace = 0.3962964499935169 (9.32093e-09% change)
Finished solving for bands 1 to 6 after 23 iterations.
tefreqs:, 1, -0.09, 0.14, 0, 0.143178, 0.0645116, 0.149064, 0.171827, 0.301046, 0.323403, 0.381014
elapsed time for k point: 4.4052581787109375
total elapsed time for run: 4.509992361068726
done
Initializing eigensolver data
Computing 6 bands with 1e-10 tolerance
Working in 2 dimensions.
Grid size is 336 x 112 x 1.
Solving for 6 bands at a time.
Creating Maxwell data...
Mesh size is 3.
Lattice vectors:
     (3, 0, 0)
     (0, 1, 0)
     (0, 0, 1)
Cell volume = 3
Reciprocal lattice vectors (/ 2 pi):
     (0.333333, -0, 0)
     (-0, 1, -0)
     (0, -0, 1)
Geometric objects:
     block, center = (0,0,0)
          size (1e+20,1e+20,1)
          axes (1,0,0), (0,1,0), (0,0,1)
     prism, center = (0.0300446,0,0.5)
          height 1, axis (0,0,1), sidewall angle: 0 radians, 4 vertices:
          (-0.219955,-0.25,0)
          (-0.219955,0.25,0)
          (0.280045,0.25,0)
          (0.280045,-0.25,0)
     prism, center = (0.990045,0,0.5)
          height 1, axis (0,0,1), sidewall angle: 0 radians, 4 vertices:
          (0.740045,-0.25,0)
          (0.740045,0.25,0)
          (1.24004,0.25,0)
          (1.24004,-0.25,0)
     prism, center = (2.01004,0,0.5)
          height 1, axis (0,0,1), sidewall angle: 0 radians, 4 vertices:
          (1.76004,-0.25,0)
          (1.76004,0.25,0)
          (2.26004,0.25,0)
          (2.26004,-0.25,0)
Geometric object tree has depth 2 and 21 object nodes (vs. 4 actual objects)
Initializing epsilon function...
Allocating fields...
Solving for band polarization: te.
Initializing fields to random numbers...
1 k-points
  Vector3<-0.09, 0.14, 0.0>
elapsed time for initialization: 0.09116601943969727
solve_kpoint (-0.09,0.14,0):
tefreqs:, k index, k1, k2, k3, kmag/2pi, te band 1, te band 2, te band 3, te band 4, te band 5, te band 6
Solving for bands 1 to 6...
    near maximum in trace
    iteration    1: trace = 2.370283937572147 (199.761% change)
    iteration    2: trace = 0.6396936942112003 (114.99% change)
    iteration    3: trace = 0.4430923795034454 (36.314% change)
    iteration    4: trace = 0.4156673651266354 (6.38712% change)
    iteration    5: trace = 0.4035379995224999 (2.96125% change)
    iteration    6: trace = 0.4003480037272201 (0.793644% change)
    iteration    7: trace = 0.3979680489851484 (0.596244% change)
    iteration    8: trace = 0.3969739184726753 (0.250114% change)
    iteration    9: trace = 0.3964509385178018 (0.131828% change)
    iteration   10: trace = 0.3963386235258857 (0.0283341% change)
    iteration   11: trace = 0.3962834525326792 (0.0139211% change)
    iteration   12: trace = 0.3962630822239677 (0.00514047% change)
    iteration   13: trace = 0.3962511362739211 (0.0030147% change)
    iteration   14: trace = 0.3962481940937972 (0.000742507% change)
    iteration   15: trace = 0.3962471969607907 (0.000251644% change)
    iteration   16: trace = 0.3962469898454937 (5.22692e-05% change)
    iteration   17: trace = 0.3962468995230887 (2.27945e-05% change)
    iteration   18: trace = 0.3962468642444116 (8.90321e-06% change)
    iteration   19: trace = 0.3962468452602634 (4.79099e-06% change)
    iteration   20: trace = 0.3962468395478783 (1.44162e-06% change)
    iteration   21: trace = 0.3962468378449377 (4.29768e-07% change)
    iteration   22: trace = 0.3962468375011601 (8.67585e-08% change)
    iteration   23: trace = 0.3962468374137263 (2.20655e-08% change)
    iteration   24: trace = 0.3962468373813235 (8.17744e-09% change)
Finished solving for bands 1 to 6 after 24 iterations.
tefreqs:, 1, -0.09, 0.14, 0, 0.143178, 0.0645137, 0.149047, 0.17189, 0.300827, 0.32344, 0.381069
elapsed time for k point: 3.5675578117370605
total elapsed time for run: 3.6588125228881836
done
Initializing eigensolver data
Computing 6 bands with 1e-10 tolerance
Working in 2 dimensions.
Grid size is 336 x 112 x 1.
Solving for 6 bands at a time.
Creating Maxwell data...
Mesh size is 3.
Lattice vectors:
     (3, 0, 0)
     (0, 1, 0)
     (0, 0, 1)
Cell volume = 3
Reciprocal lattice vectors (/ 2 pi):
     (0.333333, -0, 0)
     (-0, 1, -0)
     (0, -0, 1)
Geometric objects:
     block, center = (0,0,0)
          size (1e+20,1e+20,1)
          axes (1,0,0), (0,1,0), (0,0,1)
     prism, center = (1.03004,0,0.5)
          height 1, axis (0,0,1), sidewall angle: 0 radians, 4 vertices:
          (0.780045,-0.25,0)
          (0.780045,0.25,0)
          (1.28004,0.25,0)
          (1.28004,-0.25,0)
     prism, center = (2.01004,0,0.5)
          height 1, axis (0,0,1), sidewall angle: 0 radians, 4 vertices:
          (1.76004,-0.25,0)
          (1.76004,0.25,0)
          (2.26004,0.25,0)
          (2.26004,-0.25,0)
     prism, center = (2.99004,0,0.5)
          height 1, axis (0,0,1), sidewall angle: 0 radians, 4 vertices:
          (2.74004,-0.25,0)
          (2.74004,0.25,0)
          (3.24004,0.25,0)
          (3.24004,-0.25,0)
Geometric object tree has depth 2 and 21 object nodes (vs. 4 actual objects)
Initializing epsilon function...
Allocating fields...
Solving for band polarization: te.
Initializing fields to random numbers...
1 k-points
  Vector3<-0.09, 0.14, 0.0>
elapsed time for initialization: 0.040483713150024414
solve_kpoint (-0.09,0.14,0):
tefreqs:, k index, k1, k2, k3, kmag/2pi, te band 1, te band 2, te band 3, te band 4, te band 5, te band 6
Solving for bands 1 to 6...
    near maximum in trace
    iteration    1: trace = 1.96206717075105 (199.802% change)
    iteration    2: trace = 0.4977960827947552 (119.053% change)
    iteration    3: trace = 0.4405985794796107 (12.1905% change)
    iteration    4: trace = 0.4203007586225364 (4.71549% change)
    iteration    5: trace = 0.4121966730470069 (1.94693% change)
    iteration    6: trace = 0.4049234592157561 (1.78021% change)
    iteration    7: trace = 0.4002574226991858 (1.159% change)
    iteration    8: trace = 0.397217910351133 (0.762284% change)
    iteration    9: trace = 0.3966126690499914 (0.152486% change)
    iteration   10: trace = 0.3964040961339489 (0.0526024% change)
    iteration   11: trace = 0.3963290136730412 (0.0189427% change)
    iteration   12: trace = 0.3962795820721494 (0.0124731% change)
    iteration   13: trace = 0.3962595460141627 (0.00505617% change)
    iteration   14: trace = 0.3962526057483097 (0.00175146% change)
    iteration   15: trace = 0.3962506889251933 (0.000483739% change)
    iteration   16: trace = 0.3962499246483248 (0.000192877% change)
    iteration   17: trace = 0.3962495481103911 (9.50254e-05% change)
    iteration   18: trace = 0.3962493948102076 (3.86878e-05% change)
    iteration   19: trace = 0.3962493479471969 (1.18266e-05% change)
    iteration   20: trace = 0.3962493365001258 (2.88886e-06% change)
    iteration   21: trace = 0.3962493337029933 (7.05902e-07% change)
    iteration   22: trace = 0.3962493332379723 (1.17356e-07% change)
    iteration   23: trace = 0.3962493331012414 (3.45063e-08% change)
    iteration   24: trace = 0.3962493330531341 (1.21407e-08% change)
    iteration   25: trace = 0.3962493330273773 (6.50016e-09% change)
Finished solving for bands 1 to 6 after 25 iterations.
tefreqs:, 1, -0.09, 0.14, 0, 0.143178, 0.064514, 0.149054, 0.171877, 0.300693, 0.323636, 0.381014
elapsed time for k point: 2.4969146251678467
total elapsed time for run: 2.537476062774658
done
Initializing eigensolver data
Computing 6 bands with 1e-10 tolerance
Working in 2 dimensions.
Grid size is 336 x 112 x 1.
Solving for 6 bands at a time.
Creating Maxwell data...
Mesh size is 3.
Lattice vectors:
     (3, 0, 0)
     (0, 1, 0)
     (0, 0, 1)
Cell volume = 3
Reciprocal lattice vectors (/ 2 pi):
     (0.333333, -0, 0)
     (-0, 1, -0)
     (0, -0, 1)
Geometric objects:
     block, center = (0,0,0)
          size (1e+20,1e+20,1)
          axes (1,0,0), (0,1,0), (0,0,1)
     prism, center = (0.0122807,-1.38778e-17,0.5)
          height 1, axis (0,0,1), sidewall angle: 0 radians, 4 vertices:
          (0.262281,0.25,0)
          (-0.237719,0.25,0)
          (-0.237719,-0.25,0)
          (0.262281,-0.25,0)
     prism, center = (1.0128,-1.38778e-17,0.5)
          height 1, axis (0,0,1), sidewall angle: 0 radians, 4 vertices:
          (1.2628,0.25,0)
          (0.7628,0.25,0)
          (0.7628,-0.25,0)
          (1.2628,-0.25,0)
     prism, center = (2.00505,-1.38778e-17,0.5)
          height 1, axis (0,0,1), sidewall angle: 0 radians, 4 vertices:
          (2.25505,0.25,0)
          (1.75505,0.25,0)
          (1.75505,-0.25,0)
          (2.25505,-0.25,0)
Geometric object tree has depth 2 and 21 object nodes (vs. 4 actual objects)
Initializing epsilon function...
Allocating fields...
Solving for band polarization: te.
Initializing fields to random numbers...
1 k-points
  Vector3<-0.09, 0.14, 0.0>
elapsed time for initialization: 0.03990340232849121
solve_kpoint (-0.09,0.14,0):
tefreqs:, k index, k1, k2, k3, kmag/2pi, te band 1, te band 2, te band 3, te band 4, te band 5, te band 6
Solving for bands 1 to 6...
    near maximum in trace
    iteration    1: trace = 1.938971998518271 (199.805% change)
    iteration    2: trace = 0.5618449898047843 (110.134% change)
    iteration    3: trace = 0.4284561078194236 (26.9391% change)
    iteration    4: trace = 0.4157994110949313 (2.99831% change)
    iteration    5: trace = 0.4083916390908083 (1.79759% change)
    iteration    6: trace = 0.4040816459434948 (1.06096% change)
    iteration    7: trace = 0.3990848413782986 (1.24428% change)
    iteration    8: trace = 0.3970550922371757 (0.509898% change)
    iteration    9: trace = 0.3959842033550551 (0.270072% change)
    iteration   10: trace = 0.3957398343808211 (0.0617308% change)
    iteration   11: trace = 0.3956389912475615 (0.0254854% change)
    iteration   12: trace = 0.3956053627783082 (0.00850015% change)
    iteration   13: trace = 0.3955856175382423 (0.00499127% change)
    iteration   14: trace = 0.3955803968536033 (0.00131974% change)
    iteration   15: trace = 0.3955785203725265 (0.000474363% change)
    iteration   16: trace = 0.3955781314609657 (9.83147e-05% change)
    iteration   17: trace = 0.3955779864686566 (3.66533e-05% change)
    iteration   18: trace = 0.3955779360964383 (1.27338e-05% change)
    iteration   19: trace = 0.3955779089854282 (6.85352e-06% change)
    iteration   20: trace = 0.3955778988227551 (2.56907e-06% change)
    iteration   21: trace = 0.3955778948576251 (1.00236e-06% change)
    iteration   22: trace = 0.395577894066376 (2.00024e-07% change)
    iteration   23: trace = 0.3955778938796471 (4.72041e-08% change)
    iteration   24: trace = 0.3955778938213129 (1.47466e-08% change)
    iteration   25: trace = 0.3955778937916792 (7.49124e-09% change)
Finished solving for bands 1 to 6 after 25 iterations.
tefreqs:, 1, -0.09, 0.14, 0, 0.143178, 0.0645148, 0.148947, 0.171628, 0.300949, 0.32262, 0.380946
elapsed time for k point: 2.966090440750122
total elapsed time for run: 3.006075143814087
done
Initializing eigensolver data
Computing 6 bands with 1e-10 tolerance
Working in 2 dimensions.
Grid size is 336 x 112 x 1.
Solving for 6 bands at a time.
Creating Maxwell data...
Mesh size is 3.
Lattice vectors:
     (3, 0, 0)
     (0, 1, 0)
     (0, 0, 1)
Cell volume = 3
Reciprocal lattice vectors (/ 2 pi):
     (0.333333, -0, 0)
     (-0, 1, -0)
     (0, -0, 1)
Geometric objects:
     block, center = (0,0,0)
          size (1e+20,1e+20,1)
          axes (1,0,0), (0,1,0), (0,0,1)
     prism, center = (0.00780857,-1.38778e-17,0.5)
          height 1, axis (0,0,1), sidewall angle: 0 radians, 4 vertices:
          (0.257809,0.25,0)
          (-0.242191,0.25,0)
          (-0.242191,-0.25,0)
          (0.257809,-0.25,0)
     prism, center = (1.00729,-1.38778e-17,0.5)
          height 1, axis (0,0,1), sidewall angle: 0 radians, 4 vertices:
          (1.25729,0.25,0)
          (0.75729,0.25,0)
          (0.75729,-0.25,0)
          (1.25729,-0.25,0)
     prism, center = (2.01504,-1.38778e-17,0.5)
          height 1, axis (0,0,1), sidewall angle: 0 radians, 4 vertices:
          (2.26504,0.25,0)
          (1.76504,0.25,0)
          (1.76504,-0.25,0)
          (2.26504,-0.25,0)
Geometric object tree has depth 2 and 21 object nodes (vs. 4 actual objects)
Initializing epsilon function...
Allocating fields...
Solving for band polarization: te.
Initializing fields to random numbers...
1 k-points
  Vector3<-0.09, 0.14, 0.0>
elapsed time for initialization: 0.06273889541625977
solve_kpoint (-0.09,0.14,0):
tefreqs:, k index, k1, k2, k3, kmag/2pi, te band 1, te band 2, te band 3, te band 4, te band 5, te band 6
Solving for bands 1 to 6...
    near maximum in trace
    iteration    1: trace = 2.255845810980834 (199.771% change)
    iteration    2: trace = 0.6112151466885746 (114.726% change)
    iteration    3: trace = 0.4460940401234418 (31.2342% change)
    iteration    4: trace = 0.423805708464144 (5.12434% change)
    iteration    5: trace = 0.4133692449408856 (2.49326% change)
    iteration    6: trace = 0.4080737139603937 (1.28932% change)
    iteration    7: trace = 0.4020991180689181 (1.47489% change)
    iteration    8: trace = 0.39833712073287 (0.939987% change)
    iteration    9: trace = 0.3963182194544556 (0.50812% change)
    iteration   10: trace = 0.3957991363747093 (0.131062% change)
    iteration   11: trace = 0.3956077034332096 (0.0483779% change)
    iteration   12: trace = 0.395550885955542 (0.0143631% change)
    iteration   13: trace = 0.395516712777987 (0.00863976% change)
    iteration   14: trace = 0.3955042183944939 (0.00315905% change)
    iteration   15: trace = 0.3954993323406663 (0.00123541% change)
    iteration   16: trace = 0.3954982748176242 (0.00026739% change)
    iteration   17: trace = 0.3954979457780082 (8.31963e-05% change)
    iteration   18: trace = 0.3954978523055505 (2.36341e-05% change)
    iteration   19: trace = 0.3954978099804082 (1.07017e-05% change)
    iteration   20: trace = 0.3954977920077193 (4.54432e-06% change)
    iteration   21: trace = 0.3954977853289863 (1.68869e-06% change)
    iteration   22: trace = 0.3954977836692526 (4.19657e-07% change)
    iteration   23: trace = 0.3954977833093684 (9.09952e-08% change)
    iteration   24: trace = 0.3954977831976494 (2.82477e-08% change)
    iteration   25: trace = 0.395497783154279 (1.0966e-08% change)
    iteration   26: trace = 0.3954977831280032 (6.64372e-09% change)
Finished solving for bands 1 to 6 after 26 iterations.
tefreqs:, 1, -0.09, 0.14, 0, 0.143178, 0.0645047, 0.148939, 0.171621, 0.300923, 0.322598, 0.380888
elapsed time for k point: 4.9596216678619385
total elapsed time for run: 5.02244758605957
done
Initializing eigensolver data
Computing 6 bands with 1e-10 tolerance
Working in 2 dimensions.
Grid size is 336 x 112 x 1.
Solving for 6 bands at a time.
Creating Maxwell data...
Mesh size is 3.
Lattice vectors:
     (3, 0, 0)
     (0, 1, 0)
     (0, 0, 1)
Cell volume = 3
Reciprocal lattice vectors (/ 2 pi):
     (0.333333, -0, 0)
     (-0, 1, -0)
     (0, -0, 1)
Geometric objects:
     block, center = (0,0,0)
          size (1e+20,1e+20,1)
          axes (1,0,0), (0,1,0), (0,0,1)
     prism, center = (0.0133987,-1.38778e-17,0.5)
          height 1, axis (0,0,1), sidewall angle: 0 radians, 4 vertices:
          (0.263399,0.25,0)
          (-0.236601,0.25,0)
          (-0.236601,-0.25,0)
          (0.263399,-0.25,0)
     prism, center = (1.01418,-1.38778e-17,0.5)
          height 1, axis (0,0,1), sidewall angle: 0 radians, 4 vertices:
          (1.26418,0.25,0)
          (0.764177,0.25,0)
          (0.764177,-0.25,0)
          (1.26418,-0.25,0)
     prism, center = (2.00256,-1.38778e-17,0.5)
          height 1, axis (0,0,1), sidewall angle: 0 radians, 4 vertices:
          (2.25256,0.25,0)
          (1.75256,0.25,0)
          (1.75256,-0.25,0)
          (2.25256,-0.25,0)
Geometric object tree has depth 2 and 21 object nodes (vs. 4 actual objects)
Initializing epsilon function...
Allocating fields...
Solving for band polarization: te.
Initializing fields to random numbers...
1 k-points
  Vector3<-0.09, 0.14, 0.0>
elapsed time for initialization: 0.07341742515563965
solve_kpoint (-0.09,0.14,0):
tefreqs:, k index, k1, k2, k3, kmag/2pi, te band 1, te band 2, te band 3, te band 4, te band 5, te band 6
Solving for bands 1 to 6...
    near maximum in trace
    iteration    1: trace = 1.996968433248208 (199.798% change)
    iteration    2: trace = 0.5005721733797293 (119.83% change)
    iteration    3: trace = 0.4283431969798985 (15.5513% change)
    iteration    4: trace = 0.405659599731823 (5.43969% change)
    iteration    5: trace = 0.399439017056213 (1.5453% change)
    iteration    6: trace = 0.3971336722538147 (0.578816% change)
    iteration    7: trace = 0.3963231032921495 (0.204313% change)
    iteration    8: trace = 0.3958980591459336 (0.107304% change)
    iteration    9: trace = 0.3957086055618338 (0.0478656% change)
    iteration   10: trace = 0.3956421322124683 (0.0168% change)
    iteration   11: trace = 0.395620927521727 (0.00535971% change)
    iteration   12: trace = 0.3956142591005466 (0.00168557% change)
    iteration   13: trace = 0.3956107153794615 (0.000895756% change)
    iteration   14: trace = 0.3956093527155179 (0.000344446% change)
    iteration   15: trace = 0.3956086685393936 (0.000172943% change)
    iteration   16: trace = 0.3956084931715979 (4.43286e-05% change)
    iteration   17: trace = 0.3956084346931541 (1.47819e-05% change)
    iteration   18: trace = 0.3956084223149162 (3.12891e-06% change)
    iteration   19: trace = 0.3956084175676403 (1.19999e-06% change)
    iteration   20: trace = 0.3956084158360644 (4.37699e-07% change)
    iteration   21: trace = 0.3956084146891849 (2.89903e-07% change)
    iteration   22: trace = 0.3956084143406944 (8.80898e-08% change)
    iteration   23: trace = 0.3956084142519541 (2.24313e-08% change)
    iteration   24: trace = 0.3956084142339794 (4.54357e-09% change)
Finished solving for bands 1 to 6 after 24 iterations.
tefreqs:, 1, -0.09, 0.14, 0, 0.143178, 0.0645199, 0.148948, 0.171638, 0.300908, 0.322656, 0.380983
elapsed time for k point: 2.873011827468872
total elapsed time for run: 2.946506977081299
done
Initializing eigensolver data
Computing 6 bands with 1e-10 tolerance
Working in 2 dimensions.
Grid size is 336 x 112 x 1.
Solving for 6 bands at a time.
Creating Maxwell data...
Mesh size is 3.
Lattice vectors:
     (3, 0, 0)
     (0, 1, 0)
     (0, 0, 1)
Cell volume = 3
Reciprocal lattice vectors (/ 2 pi):
     (0.333333, -0, 0)
     (-0, 1, -0)
     (0, -0, 1)
Geometric objects:
     block, center = (0,0,0)
          size (1e+20,1e+20,1)
          axes (1,0,0), (0,1,0), (0,0,1)
     prism, center = (0.00669054,-1.38778e-17,0.5)
          height 1, axis (0,0,1), sidewall angle: 0 radians, 4 vertices:
          (0.256691,0.25,0)
          (-0.243309,0.25,0)
          (-0.243309,-0.25,0)
          (0.256691,-0.25,0)
     prism, center = (1.00591,-1.38778e-17,0.5)
          height 1, axis (0,0,1), sidewall angle: 0 radians, 4 vertices:
          (1.25591,0.25,0)
          (0.755912,0.25,0)
          (0.755912,-0.25,0)
          (1.25591,-0.25,0)
     prism, center = (2.01753,-1.38778e-17,0.5)
          height 1, axis (0,0,1), sidewall angle: 0 radians, 4 vertices:
          (2.26753,0.25,0)
          (1.76753,0.25,0)
          (1.76753,-0.25,0)
          (2.26753,-0.25,0)
Geometric object tree has depth 2 and 21 object nodes (vs. 4 actual objects)
Initializing epsilon function...
Allocating fields...
Solving for band polarization: te.
Initializing fields to random numbers...
1 k-points
  Vector3<-0.09, 0.14, 0.0>
elapsed time for initialization: 0.03745102882385254
solve_kpoint (-0.09,0.14,0):
tefreqs:, k index, k1, k2, k3, kmag/2pi, te band 1, te band 2, te band 3, te band 4, te band 5, te band 6
Solving for bands 1 to 6...
    near maximum in trace
    iteration    1: trace = 2.406586200066508 (199.756% change)
    iteration    2: trace = 0.5330783987240968 (127.464% change)
    iteration    3: trace = 0.4559970341490261 (15.5865% change)
    iteration    4: trace = 0.425001457506162 (7.03647% change)
    iteration    5: trace = 0.4132095964051026 (2.81358% change)
    iteration    6: trace = 0.4052292966530549 (1.95013% change)
    iteration    7: trace = 0.401153115740611 (1.01098% change)
    iteration    8: trace = 0.397684627758938 (0.868384% change)
    iteration    9: trace = 0.3963225879759047 (0.34308% change)
    iteration   10: trace = 0.395680658294052 (0.162103% change)
    iteration   11: trace = 0.3955362550597902 (0.0365016% change)
    iteration   12: trace = 0.3954645568911397 (0.0181285% change)
    iteration   13: trace = 0.3954374342409791 (0.00685866% change)
    iteration   14: trace = 0.3954235025853531 (0.00352316% change)
    iteration   15: trace = 0.3954201879324126 (0.000838257% change)
    iteration   16: trace = 0.3954190461454443 (0.000288753% change)
    iteration   17: trace = 0.3954187785929617 (6.7663e-05% change)
    iteration   18: trace = 0.3954186823990161 (2.43271e-05% change)
    iteration   19: trace = 0.3954186487462312 (8.51067e-06% change)
    iteration   20: trace = 0.3954186279772925 (5.25239e-06% change)
    iteration   21: trace = 0.3954186219726959 (1.51854e-06% change)
    iteration   22: trace = 0.3954186204761814 (3.78463e-07% change)
    iteration   23: trace = 0.3954186201663049 (7.83667e-08% change)
    iteration   24: trace = 0.3954186200918827 (1.88211e-08% change)
    iteration   25: trace = 0.3954186200668177 (6.33887e-09% change)
Finished solving for bands 1 to 6 after 25 iterations.
tefreqs:, 1, -0.09, 0.14, 0, 0.143178, 0.0644929, 0.148932, 0.171623, 0.300868, 0.322614, 0.380818
elapsed time for k point: 2.3687665462493896
total elapsed time for run: 2.406297206878662
done
Initializing eigensolver data
Computing 6 bands with 1e-10 tolerance
Working in 2 dimensions.
Grid size is 336 x 112 x 1.
Solving for 6 bands at a time.
Creating Maxwell data...
Mesh size is 3.
Lattice vectors:
     (3, 0, 0)
     (0, 1, 0)
     (0, 0, 1)
Cell volume = 3
Reciprocal lattice vectors (/ 2 pi):
     (0.333333, -0, 0)
     (-0, 1, -0)
     (0, -0, 1)
Geometric objects:
     block, center = (0,0,0)
          size (1e+20,1e+20,1)
          axes (1,0,0), (0,1,0), (0,0,1)
     prism, center = (0.0145168,-1.38778e-17,0.5)
          height 1, axis (0,0,1), sidewall angle: 0 radians, 4 vertices:
          (0.264517,0.25,0)
          (-0.235483,0.25,0)
          (-0.235483,-0.25,0)
          (0.264517,-0.25,0)
     prism, center = (1.01555,-1.38778e-17,0.5)
          height 1, axis (0,0,1), sidewall angle: 0 radians, 4 vertices:
          (1.26555,0.25,0)
          (0.765555,0.25,0)
          (0.765555,-0.25,0)
          (1.26555,-0.25,0)
     prism, center = (2.00006,-1.38778e-17,0.5)
          height 1, axis (0,0,1), sidewall angle: 0 radians, 4 vertices:
          (2.25006,0.25,0)
          (1.75006,0.25,0)
          (1.75006,-0.25,0)
          (2.25006,-0.25,0)
Geometric object tree has depth 2 and 21 object nodes (vs. 4 actual objects)
Initializing epsilon function...
Allocating fields...
Solving for band polarization: te.
Initializing fields to random numbers...
1 k-points
  Vector3<-0.09, 0.14, 0.0>
elapsed time for initialization: 0.03910493850708008
solve_kpoint (-0.09,0.14,0):
tefreqs:, k index, k1, k2, k3, kmag/2pi, te band 1, te band 2, te band 3, te band 4, te band 5, te band 6
Solving for bands 1 to 6...
    near maximum in trace
    iteration    1: trace = 2.217710363084191 (199.775% change)
    iteration    2: trace = 0.5469105496169883 (120.87% change)
    iteration    3: trace = 0.4525295892559221 (18.8868% change)
    iteration    4: trace = 0.417040981427292 (8.16233% change)
    iteration    5: trace = 0.4071396011114914 (2.40272% change)
    iteration    6: trace = 0.4019044010484477 (1.29417% change)
    iteration    7: trace = 0.3990323645825914 (0.717169% change)
    iteration    8: trace = 0.3965490211107401 (0.624284% change)
    iteration    9: trace = 0.3958347763762508 (0.180277% change)
    iteration   10: trace = 0.3955584872226635 (0.0698235% change)
    iteration   11: trace = 0.3954935296913944 (0.0164231% change)
    iteration   12: trace = 0.395461226032381 (0.00816827% change)
    iteration   13: trace = 0.3954482053098398 (0.0032926% change)
    iteration   14: trace = 0.3954418042703238 (0.00161869% change)
    iteration   15: trace = 0.3954403160341223 (0.000376348% change)
    iteration   16: trace = 0.3954398965477575 (0.000106081% change)
    iteration   17: trace = 0.3954397839622885 (2.84709e-05% change)
    iteration   18: trace = 0.395439741451842 (1.07502e-05% change)
    iteration   19: trace = 0.395439725428114 (4.05213e-06% change)
    iteration   20: trace = 0.3954397179011106 (1.90345e-06% change)
    iteration   21: trace = 0.3954397154251861 (6.26119e-07% change)
    iteration   22: trace = 0.3954397148569564 (1.43696e-07% change)
    iteration   23: trace = 0.3954397147206503 (3.44695e-08% change)
    iteration   24: trace = 0.3954397146948985 (6.51219e-09% change)
Finished solving for bands 1 to 6 after 24 iterations.
tefreqs:, 1, -0.09, 0.14, 0, 0.143178, 0.0644994, 0.148931, 0.171635, 0.300804, 0.322652, 0.380858
elapsed time for k point: 2.4306399822235107
total elapsed time for run: 2.4698326587677
done
Initializing eigensolver data
Computing 6 bands with 1e-10 tolerance
Working in 2 dimensions.
Grid size is 336 x 112 x 1.
Solving for 6 bands at a time.
Creating Maxwell data...
Mesh size is 3.
Lattice vectors:
     (3, 0, 0)
     (0, 1, 0)
     (0, 0, 1)
Cell volume = 3
Reciprocal lattice vectors (/ 2 pi):
     (0.333333, -0, 0)
     (-0, 1, -0)
     (0, -0, 1)
Geometric objects:
     block, center = (0,0,0)
          size (1e+20,1e+20,1)
          axes (1,0,0), (0,1,0), (0,0,1)
     prism, center = (0.00557251,-1.38778e-17,0.5)
          height 1, axis (0,0,1), sidewall angle: 0 radians, 4 vertices:
          (0.255573,0.25,0)
          (-0.244427,0.25,0)
          (-0.244427,-0.25,0)
          (0.255573,-0.25,0)
     prism, center = (1.00453,-1.38778e-17,0.5)
          height 1, axis (0,0,1), sidewall angle: 0 radians, 4 vertices:
          (1.25453,0.25,0)
          (0.754535,0.25,0)
          (0.754535,-0.25,0)
          (1.25453,-0.25,0)
     prism, center = (2.02003,-1.38778e-17,0.5)
          height 1, axis (0,0,1), sidewall angle: 0 radians, 4 vertices:
          (2.27003,0.25,0)
          (1.77003,0.25,0)
          (1.77003,-0.25,0)
          (2.27003,-0.25,0)
Geometric object tree has depth 2 and 21 object nodes (vs. 4 actual objects)
Initializing epsilon function...
Allocating fields...
Solving for band polarization: te.
Initializing fields to random numbers...
1 k-points
  Vector3<-0.09, 0.14, 0.0>
elapsed time for initialization: 0.03963613510131836
solve_kpoint (-0.09,0.14,0):
tefreqs:, k index, k1, k2, k3, kmag/2pi, te band 1, te band 2, te band 3, te band 4, te band 5, te band 6
Solving for bands 1 to 6...
    near maximum in trace
    iteration    1: trace = 2.081987109910844 (199.79% change)
    iteration    2: trace = 0.6560031191048606 (104.163% change)
    iteration    3: trace = 0.4227596487357783 (43.2428% change)
    iteration    4: trace = 0.4077171499013495 (3.62262% change)
    iteration    5: trace = 0.400246214334649 (1.84933% change)
    iteration    6: trace = 0.3981916579647514 (0.514644% change)
    iteration    7: trace = 0.3966120395111649 (0.397486% change)
    iteration    8: trace = 0.3960697865420095 (0.136815% change)
    iteration    9: trace = 0.3957298438151031 (0.0858658% change)
    iteration   10: trace = 0.3956523260902994 (0.0195905% change)
    iteration   11: trace = 0.3956132699770969 (0.00987181% change)
    iteration   12: trace = 0.3956021836845896 (0.00280234% change)
    iteration   13: trace = 0.3955949381577598 (0.00183154% change)
    iteration   14: trace = 0.3955927110525115 (0.000562978% change)
    iteration   15: trace = 0.395592022993822 (0.000173931% change)
    iteration   16: trace = 0.3955918800228902 (3.6141e-05% change)
    iteration   17: trace = 0.3955918479775766 (8.1006e-06% change)
    iteration   18: trace = 0.3955918384031135 (2.42029e-06% change)
    iteration   19: trace = 0.3955918355724861 (7.15542e-07% change)
    iteration   20: trace = 0.3955918342723845 (3.28647e-07% change)
    iteration   21: trace = 0.3955918337068758 (1.42953e-07% change)
    iteration   22: trace = 0.3955918334373359 (6.81358e-08% change)
    iteration   23: trace = 0.395591833371469 (1.66502e-08% change)
    iteration   24: trace = 0.395591833354842 (4.20306e-09% change)
Finished solving for bands 1 to 6 after 24 iterations.
tefreqs:, 1, -0.09, 0.14, 0, 0.143178, 0.0645199, 0.148945, 0.171646, 0.300849, 0.322684, 0.380981
elapsed time for k point: 2.5697755813598633
total elapsed time for run: 2.6095690727233887
done
Initializing eigensolver data
Computing 6 bands with 1e-10 tolerance
Working in 2 dimensions.
Grid size is 336 x 112 x 1.
Solving for 6 bands at a time.
Creating Maxwell data...
Mesh size is 3.
Lattice vectors:
     (3, 0, 0)
     (0, 1, 0)
     (0, 0, 1)
Cell volume = 3
Reciprocal lattice vectors (/ 2 pi):
     (0.333333, -0, 0)
     (-0, 1, -0)
     (0, -0, 1)
Geometric objects:
     block, center = (0,0,0)
          size (1e+20,1e+20,1)
          axes (1,0,0), (0,1,0), (0,0,1)
     prism, center = (0.0167528,-1.38778e-17,0.5)
          height 1, axis (0,0,1), sidewall angle: 0 radians, 4 vertices:
          (0.266753,0.25,0)
          (-0.233247,0.25,0)
          (-0.233247,-0.25,0)
          (0.266753,-0.25,0)
     prism, center = (1.01831,-1.38778e-17,0.5)
          height 1, axis (0,0,1), sidewall angle: 0 radians, 4 vertices:
          (1.26831,0.25,0)
          (0.768309,0.25,0)
          (0.768309,-0.25,0)
          (1.26831,-0.25,0)
     prism, center = (1.99507,-1.38778e-17,0.5)
          height 1, axis (0,0,1), sidewall angle: 0 radians, 4 vertices:
          (2.24507,0.25,0)
          (1.74507,0.25,0)
          (1.74507,-0.25,0)
          (2.24507,-0.25,0)
Geometric object tree has depth 2 and 21 object nodes (vs. 4 actual objects)
Initializing epsilon function...
Allocating fields...
Solving for band polarization: te.
Initializing fields to random numbers...
1 k-points
  Vector3<-0.09, 0.14, 0.0>
elapsed time for initialization: 0.036316633224487305
solve_kpoint (-0.09,0.14,0):
tefreqs:, k index, k1, k2, k3, kmag/2pi, te band 1, te band 2, te band 3, te band 4, te band 5, te band 6
Solving for bands 1 to 6...
    near maximum in trace
    iteration    1: trace = 2.660724959185143 (199.73% change)
    iteration    2: trace = 0.6628460534768758 (120.225% change)
    iteration    3: trace = 0.450667577077309 (38.1097% change)
    iteration    4: trace = 0.4161122917659532 (7.97326% change)
    iteration    5: trace = 0.403266514381094 (3.13549% change)
    iteration    6: trace = 0.3999786620621492 (0.818642% change)
    iteration    7: trace = 0.39753179774614 (0.613626% change)
    iteration    8: trace = 0.3963409749372585 (0.300003% change)
    iteration    9: trace = 0.3956526155191352 (0.17383% change)
    iteration   10: trace = 0.3955010555437452 (0.0383137% change)
    iteration   11: trace = 0.395445866947041 (0.0139551% change)
    iteration   12: trace = 0.3954302873557927 (0.00393983% change)
    iteration   13: trace = 0.3954203965141 (0.00250132% change)
    iteration   14: trace = 0.3954170002102838 (0.000858913% change)
    iteration   15: trace = 0.3954157021790756 (0.000328269% change)
    iteration   16: trace = 0.3954154123710574 (7.3292e-05% change)
    iteration   17: trace = 0.3954153248150309 (2.21428e-05% change)
    iteration   18: trace = 0.3954152956838468 (7.36724e-06% change)
    iteration   19: trace = 0.3954152826487384 (3.29656e-06% change)
    iteration   20: trace = 0.395415276839453 (1.46916e-06% change)
    iteration   21: trace = 0.3954152748387564 (5.05974e-07% change)
    iteration   22: trace = 0.3954152742215875 (1.56081e-07% change)
    iteration   23: trace = 0.3954152740874436 (3.39248e-08% change)
    iteration   24: trace = 0.3954152740448003 (1.07844e-08% change)
    iteration   25: trace = 0.3954152740312757 (3.42035e-09% change)
Finished solving for bands 1 to 6 after 25 iterations.
tefreqs:, 1, -0.09, 0.14, 0, 0.143178, 0.0645, 0.148927, 0.171661, 0.300636, 0.322752, 0.380864
elapsed time for k point: 2.3733034133911133
total elapsed time for run: 2.4096944332122803
done
Initializing eigensolver data
Computing 6 bands with 1e-10 tolerance
Working in 2 dimensions.
Grid size is 336 x 112 x 1.
Solving for 6 bands at a time.
Creating Maxwell data...
Mesh size is 3.
Lattice vectors:
     (3, 0, 0)
     (0, 1, 0)
     (0, 0, 1)
Cell volume = 3
Reciprocal lattice vectors (/ 2 pi):
     (0.333333, -0, 0)
     (-0, 1, -0)
     (0, -0, 1)
Geometric objects:
     block, center = (0,0,0)
          size (1e+20,1e+20,1)
          axes (1,0,0), (0,1,0), (0,0,1)
     prism, center = (0.00333644,-1.38778e-17,0.5)
          height 1, axis (0,0,1), sidewall angle: 0 radians, 4 vertices:
          (0.253336,0.25,0)
          (-0.246664,0.25,0)
          (-0.246664,-0.25,0)
          (0.253336,-0.25,0)
     prism, center = (1.00178,-1.38778e-17,0.5)
          height 1, axis (0,0,1), sidewall angle: 0 radians, 4 vertices:
          (1.25178,0.25,0)
          (0.75178,0.25,0)
          (0.75178,-0.25,0)
          (1.25178,-0.25,0)
     prism, center = (2.02502,-1.38778e-17,0.5)
          height 1, axis (0,0,1), sidewall angle: 0 radians, 4 vertices:
          (2.27502,0.25,0)
          (1.77502,0.25,0)
          (1.77502,-0.25,0)
          (2.27502,-0.25,0)
Geometric object tree has depth 2 and 21 object nodes (vs. 4 actual objects)
Initializing epsilon function...
Allocating fields...
Solving for band polarization: te.
Initializing fields to random numbers...
1 k-points
  Vector3<-0.09, 0.14, 0.0>
elapsed time for initialization: 0.04053616523742676
solve_kpoint (-0.09,0.14,0):
tefreqs:, k index, k1, k2, k3, kmag/2pi, te band 1, te band 2, te band 3, te band 4, te band 5, te band 6
Solving for bands 1 to 6...
    near maximum in trace
    iteration    1: trace = 2.261007453667509 (199.771% change)
    iteration    2: trace = 0.5655942727586796 (119.961% change)
    iteration    3: trace = 0.4571085962034177 (21.2155% change)
    iteration    4: trace = 0.4196103359941755 (8.55423% change)
    iteration    5: trace = 0.4087610182438557 (2.61943% change)
    iteration    6: trace = 0.4019280259164757 (1.68572% change)
    iteration    7: trace = 0.398863802928777 (0.765298% change)
    iteration    8: trace = 0.3965932070742758 (0.570891% change)
    iteration    9: trace = 0.3958862822547962 (0.178408% change)
    iteration   10: trace = 0.3955618934121065 (0.0819735% change)
    iteration   11: trace = 0.3954850233005425 (0.019435% change)
    iteration   12: trace = 0.3954488014618561 (0.00915926% change)
    iteration   13: trace = 0.3954341949403078 (0.00369373% change)
    iteration   14: trace = 0.3954262641709881 (0.00200561% change)
    iteration   15: trace = 0.3954241439518189 (0.000536187% change)
    iteration   16: trace = 0.3954233697387912 (0.000195793% change)
    iteration   17: trace = 0.3954231721281892 (4.99744e-05% change)
    iteration   18: trace = 0.3954230937630195 (1.98181e-05% change)
    iteration   19: trace = 0.3954230624347237 (7.92273e-06% change)
    iteration   20: trace = 0.395423046399086 (4.05531e-06% change)
    iteration   21: trace = 0.3954230423238221 (1.03061e-06% change)
    iteration   22: trace = 0.3954230414453023 (2.22172e-07% change)
    iteration   23: trace = 0.3954230412642332 (4.57912e-08% change)
    iteration   24: trace = 0.3954230412263799 (9.57287e-09% change)
Finished solving for bands 1 to 6 after 24 iterations.
tefreqs:, 1, -0.09, 0.14, 0, 0.143178, 0.0645005, 0.148926, 0.171663, 0.300621, 0.322773, 0.380867
elapsed time for k point: 2.31036376953125
total elapsed time for run: 2.3509960174560547
done
Initializing eigensolver data
Computing 6 bands with 1e-10 tolerance
Working in 2 dimensions.
Grid size is 336 x 112 x 1.
Solving for 6 bands at a time.
Creating Maxwell data...
Mesh size is 3.
Lattice vectors:
     (3, 0, 0)
     (0, 1, 0)
     (0, 0, 1)
Cell volume = 3
Reciprocal lattice vectors (/ 2 pi):
     (0.333333, -0, 0)
     (-0, 1, -0)
     (0, -0, 1)
Geometric objects:
     block, center = (0,0,0)
          size (1e+20,1e+20,1)
          axes (1,0,0), (0,1,0), (0,0,1)
     prism, center = (0.0189889,-1.38778e-17,0.5)
          height 1, axis (0,0,1), sidewall angle: 0 radians, 4 vertices:
          (0.268989,0.25,0)
          (-0.231011,0.25,0)
          (-0.231011,-0.25,0)
          (0.268989,-0.25,0)
     prism, center = (1.02106,-1.38778e-17,0.5)
          height 1, axis (0,0,1), sidewall angle: 0 radians, 4 vertices:
          (1.27106,0.25,0)
          (0.771064,0.25,0)
          (0.771064,-0.25,0)
          (1.27106,-0.25,0)
     prism, center = (1.99008,-1.38778e-17,0.5)
          height 1, axis (0,0,1), sidewall angle: 0 radians, 4 vertices:
          (2.24008,0.25,0)
          (1.74008,0.25,0)
          (1.74008,-0.25,0)
          (2.24008,-0.25,0)
Geometric object tree has depth 2 and 21 object nodes (vs. 4 actual objects)
Initializing epsilon function...
Allocating fields...
Solving for band polarization: te.
Initializing fields to random numbers...
1 k-points
  Vector3<-0.09, 0.14, 0.0>
elapsed time for initialization: 0.042424678802490234
solve_kpoint (-0.09,0.14,0):
tefreqs:, k index, k1, k2, k3, kmag/2pi, te band 1, te band 2, te band 3, te band 4, te band 5, te band 6
Solving for bands 1 to 6...
    near maximum in trace
    iteration    1: trace = 2.192508524319921 (199.777% change)
    iteration    2: trace = 0.5479617139379568 (120.019% change)
    iteration    3: trace = 0.4562913241173455 (18.2564% change)
    iteration    4: trace = 0.4238680962016631 (7.36758% change)
    iteration    5: trace = 0.4117612323198999 (2.89766% change)
    iteration    6: trace = 0.4043176930067646 (1.82422% change)
    iteration    7: trace = 0.400019568355561 (1.06874% change)
    iteration    8: trace = 0.3967775553558566 (0.813761% change)
    iteration    9: trace = 0.395794378451185 (0.248098% change)
    iteration   10: trace = 0.3954416012414246 (0.0891712% change)
    iteration   11: trace = 0.3953673238557815 (0.0187852% change)
    iteration   12: trace = 0.3953391144113322 (0.00713525% change)
    iteration   13: trace = 0.3953281722600299 (0.00276783% change)
    iteration   14: trace = 0.3953219838594921 (0.0015654% change)
    iteration   15: trace = 0.3953200097208112 (0.000499376% change)
    iteration   16: trace = 0.3953193360700878 (0.000170407% change)
    iteration   17: trace = 0.3953191029876302 (5.89606e-05% change)
    iteration   18: trace = 0.3953189862216269 (2.95372e-05% change)
    iteration   19: trace = 0.3953189381143983 (1.21692e-05% change)
    iteration   20: trace = 0.395318918804855 (4.88455e-06% change)
    iteration   21: trace = 0.3953189136984998 (1.29171e-06% change)
    iteration   22: trace = 0.3953189125901761 (2.80362e-07% change)
    iteration   23: trace = 0.3953189123459713 (6.17741e-08% change)
    iteration   24: trace = 0.3953189123019714 (1.11302e-08% change)
    iteration   25: trace = 0.3953189122864758 (3.91976e-09% change)
Finished solving for bands 1 to 6 after 25 iterations.
tefreqs:, 1, -0.09, 0.14, 0, 0.143178, 0.0644941, 0.148914, 0.171696, 0.300399, 0.322859, 0.380825
elapsed time for k point: 3.2590620517730713
total elapsed time for run: 3.3015646934509277
done
Initializing eigensolver data
Computing 6 bands with 1e-10 tolerance
Working in 2 dimensions.
Grid size is 336 x 112 x 1.
Solving for 6 bands at a time.
Creating Maxwell data...
Mesh size is 3.
Lattice vectors:
     (3, 0, 0)
     (0, 1, 0)
     (0, 0, 1)
Cell volume = 3
Reciprocal lattice vectors (/ 2 pi):
     (0.333333, -0, 0)
     (-0, 1, -0)
     (0, -0, 1)
Geometric objects:
     block, center = (0,0,0)
          size (1e+20,1e+20,1)
          axes (1,0,0), (0,1,0), (0,0,1)
     prism, center = (0.00110037,-1.38778e-17,0.5)
          height 1, axis (0,0,1), sidewall angle: 0 radians, 4 vertices:
          (0.2511,0.25,0)
          (-0.2489,0.25,0)
          (-0.2489,-0.25,0)
          (0.2511,-0.25,0)
     prism, center = (0.999025,-1.38778e-17,0.5)
          height 1, axis (0,0,1), sidewall angle: 0 radians, 4 vertices:
          (1.24902,0.25,0)
          (0.749025,0.25,0)
          (0.749025,-0.25,0)
          (1.24902,-0.25,0)
     prism, center = (2.03001,-1.38778e-17,0.5)
          height 1, axis (0,0,1), sidewall angle: 0 radians, 4 vertices:
          (2.28001,0.25,0)
          (1.78001,0.25,0)
          (1.78001,-0.25,0)
          (2.28001,-0.25,0)
Geometric object tree has depth 2 and 21 object nodes (vs. 4 actual objects)
Initializing epsilon function...
Allocating fields...
Solving for band polarization: te.
Initializing fields to random numbers...
1 k-points
  Vector3<-0.09, 0.14, 0.0>
elapsed time for initialization: 0.036828041076660156
solve_kpoint (-0.09,0.14,0):
tefreqs:, k index, k1, k2, k3, kmag/2pi, te band 1, te band 2, te band 3, te band 4, te band 5, te band 6
Solving for bands 1 to 6...
    near maximum in trace
    iteration    1: trace = 2.233359528834951 (199.775% change)
    iteration    2: trace = 0.5729054419702966 (118.339% change)
    iteration    3: trace = 0.4373741111863561 (26.8305% change)
    iteration    4: trace = 0.4188473439344655 (4.32756% change)
    iteration    5: trace = 0.4085009819307109 (2.50109% change)
    iteration    6: trace = 0.4038192938117046 (1.15267% change)
    iteration    7: trace = 0.3990776577177805 (1.18113% change)
    iteration    8: trace = 0.39683188268147 (0.564329% change)
    iteration    9: trace = 0.3957470316063211 (0.273752% change)
    iteration   10: trace = 0.3955041402502966 (0.0613942% change)
    iteration   11: trace = 0.3954049550381743 (0.0250813% change)
    iteration   12: trace = 0.3953710547539159 (0.00857393% change)
    iteration   13: trace = 0.3953492484696435 (0.00551555% change)
    iteration   14: trace = 0.3953417140488531 (0.00190578% change)
    iteration   15: trace = 0.3953385188732035 (0.000808209% change)
    iteration   16: trace = 0.3953378124270691 (0.000178694% change)
    iteration   17: trace = 0.395337588352291 (5.66793e-05% change)
    iteration   18: trace = 0.3953375352466961 (1.3433e-05% change)
    iteration   19: trace = 0.3953375116327305 (5.97312e-06% change)
    iteration   20: trace = 0.395337501429619 (2.58086e-06% change)
    iteration   21: trace = 0.3953374975449242 (9.82627e-07% change)
    iteration   22: trace = 0.3953374967045129 (2.12581e-07% change)
    iteration   23: trace = 0.3953374964978815 (5.22671e-08% change)
    iteration   24: trace = 0.3953374964204454 (1.95873e-08% change)
    iteration   25: trace = 0.3953374963784544 (1.06215e-08% change)
    iteration   26: trace = 0.3953374963564468 (5.56679e-09% change)
Finished solving for bands 1 to 6 after 26 iterations.
tefreqs:, 1, -0.09, 0.14, 0, 0.143178, 0.0644949, 0.148915, 0.171699, 0.300385, 0.322896, 0.380827
elapsed time for k point: 5.03837251663208
total elapsed time for run: 5.075453042984009
done
Initializing eigensolver data
Computing 6 bands with 1e-10 tolerance
Working in 2 dimensions.
Grid size is 336 x 112 x 1.
Solving for 6 bands at a time.
Creating Maxwell data...
Mesh size is 3.
Lattice vectors:
     (3, 0, 0)
     (0, 1, 0)
     (0, 0, 1)
Cell volume = 3
Reciprocal lattice vectors (/ 2 pi):
     (0.333333, -0, 0)
     (-0, 1, -0)
     (0, -0, 1)
Geometric objects:
     block, center = (0,0,0)
          size (1e+20,1e+20,1)
          axes (1,0,0), (0,1,0), (0,0,1)
     prism, center = (0.0150446,-1.38778e-17,0.5)
          height 1, axis (0,0,1), sidewall angle: 0 radians, 4 vertices:
          (0.265045,0.25,0)
          (-0.234955,0.25,0)
          (-0.234955,-0.25,0)
          (0.265045,-0.25,0)
     prism, center = (1.01504,-1.38778e-17,0.5)
          height 1, axis (0,0,1), sidewall angle: 0 radians, 4 vertices:
          (1.26504,0.25,0)
          (0.765045,0.25,0)
          (0.765045,-0.25,0)
          (1.26504,-0.25,0)
     prism, center = (2.01504,-1.38778e-17,0.5)
          height 1, axis (0,0,1), sidewall angle: 0 radians, 4 vertices:
          (2.26504,0.25,0)
          (1.76504,0.25,0)
          (1.76504,-0.25,0)
          (2.26504,-0.25,0)
Geometric object tree has depth 2 and 21 object nodes (vs. 4 actual objects)
Initializing epsilon function...
Allocating fields...
Solving for band polarization: te.
Initializing fields to random numbers...
1 k-points
  Vector3<-0.09, 0.14, 0.0>
elapsed time for initialization: 0.04818415641784668
solve_kpoint (-0.09,0.14,0):
tefreqs:, k index, k1, k2, k3, kmag/2pi, te band 1, te band 2, te band 3, te band 4, te band 5, te band 6
Solving for bands 1 to 6...
    near maximum in trace
    iteration    1: trace = 2.066563423487442 (199.79% change)
    iteration    2: trace = 0.6165242637827476 (108.087% change)
    iteration    3: trace = 0.4346393688315187 (34.6064% change)
    iteration    4: trace = 0.4167344346443169 (4.20613% change)
    iteration    5: trace = 0.406255468850788 (2.54656% change)
    iteration    6: trace = 0.4023721032961668 (0.960483% change)
    iteration    7: trace = 0.3987343412434734 (0.908184% change)
    iteration    8: trace = 0.396714921623014 (0.507743% change)
    iteration    9: trace = 0.395696232014325 (0.257111% change)
    iteration   10: trace = 0.3955089467590175 (0.0473418% change)
    iteration   11: trace = 0.3954495062115195 (0.01503% change)
    iteration   12: trace = 0.395435758854576 (0.00347645% change)
    iteration   13: trace = 0.3954282545469686 (0.00189775% change)
    iteration   14: trace = 0.3954253123661821 (0.000744052% change)
    iteration   15: trace = 0.3954241091114299 (0.000304294% change)
    iteration   16: trace = 0.395423825722598 (7.16671e-05% change)
    iteration   17: trace = 0.3954237269339399 (2.4983e-05% change)
    iteration   18: trace = 0.3954237036568306 (5.88662e-06% change)
    iteration   19: trace = 0.3954236947958402 (2.24089e-06% change)
    iteration   20: trace = 0.3954236908198859 (1.00549e-06% change)
    iteration   21: trace = 0.3954236889624904 (4.69723e-07% change)
    iteration   22: trace = 0.3954236884816559 (1.216e-07% change)
    iteration   23: trace = 0.3954236883564808 (3.1656e-08% change)
    iteration   24: trace = 0.3954236883194324 (9.3693e-09% change)
Finished solving for bands 1 to 6 after 24 iterations.
tefreqs:, 1, -0.09, 0.14, 0, 0.143178, 0.0644932, 0.148935, 0.171611, 0.300947, 0.322563, 0.38081
elapsed time for k point: 2.7272863388061523
total elapsed time for run: 2.775737762451172
done
Initializing eigensolver data
Computing 6 bands with 1e-10 tolerance
Working in 2 dimensions.
Grid size is 336 x 112 x 1.
Solving for 6 bands at a time.
Creating Maxwell data...
Mesh size is 3.
Lattice vectors:
     (3, 0, 0)
     (0, 1, 0)
     (0, 0, 1)
Cell volume = 3
Reciprocal lattice vectors (/ 2 pi):
     (0.333333, -0, 0)
     (-0, 1, -0)
     (0, -0, 1)
Geometric objects:
     block, center = (0,0,0)
          size (1e+20,1e+20,1)
          axes (1,0,0), (0,1,0), (0,0,1)
     prism, center = (0.00504464,-1.38778e-17,0.5)
          height 1, axis (0,0,1), sidewall angle: 0 radians, 4 vertices:
          (0.255045,0.25,0)
          (-0.244955,0.25,0)
          (-0.244955,-0.25,0)
          (0.255045,-0.25,0)
     prism, center = (1.00504,-1.38778e-17,0.5)
          height 1, axis (0,0,1), sidewall angle: 0 radians, 4 vertices:
          (1.25504,0.25,0)
          (0.755045,0.25,0)
          (0.755045,-0.25,0)
          (1.25504,-0.25,0)
     prism, center = (2.00504,-1.38778e-17,0.5)
          height 1, axis (0,0,1), sidewall angle: 0 radians, 4 vertices:
          (2.25504,0.25,0)
          (1.75504,0.25,0)
          (1.75504,-0.25,0)
          (2.25504,-0.25,0)
Geometric object tree has depth 2 and 21 object nodes (vs. 4 actual objects)
Initializing epsilon function...
Allocating fields...
Solving for band polarization: te.
Initializing fields to random numbers...
1 k-points
  Vector3<-0.09, 0.14, 0.0>
elapsed time for initialization: 0.05557870864868164
solve_kpoint (-0.09,0.14,0):
tefreqs:, k index, k1, k2, k3, kmag/2pi, te band 1, te band 2, te band 3, te band 4, te band 5, te band 6
Solving for bands 1 to 6...
    near maximum in trace
    iteration    1: trace = 2.452910814214678 (199.751% change)
    iteration    2: trace = 0.6147102503783847 (119.845% change)
    iteration    3: trace = 0.439671866390613 (33.2021% change)
    iteration    4: trace = 0.4167865195155127 (5.34418% change)
    iteration    5: trace = 0.4041076782151423 (3.08903% change)
    iteration    6: trace = 0.400378255589367 (0.927157% change)
    iteration    7: trace = 0.3975135339487116 (0.718073% change)
    iteration    8: trace = 0.3964186247615494 (0.275819% change)
    iteration    9: trace = 0.3958139433021099 (0.152653% change)
    iteration   10: trace = 0.395695073621549 (0.0300362% change)
    iteration   11: trace = 0.3956513171657906 (0.0110587% change)
    iteration   12: trace = 0.3956419882216325 (0.0023579% change)
    iteration   13: trace = 0.3956364154432632 (0.00140855% change)
    iteration   14: trace = 0.3956344677841973 (0.000492286% change)
    iteration   15: trace = 0.3956334979964427 (0.000245122% change)
    iteration   16: trace = 0.3956332589340369 (6.04252e-05% change)
    iteration   17: trace = 0.3956331631441202 (2.42118e-05% change)
    iteration   18: trace = 0.3956331380328674 (6.34711e-06% change)
    iteration   19: trace = 0.3956331263403511 (2.95539e-06% change)
    iteration   20: trace = 0.3956331206615548 (1.43537e-06% change)
    iteration   21: trace = 0.3956331182908022 (5.9923e-07% change)
    iteration   22: trace = 0.3956331177034899 (1.48449e-07% change)
    iteration   23: trace = 0.3956331175955805 (2.72751e-08% change)
    iteration   24: trace = 0.3956331175713501 (6.12447e-09% change)
Finished solving for bands 1 to 6 after 24 iterations.
tefreqs:, 1, -0.09, 0.14, 0, 0.143178, 0.0645219, 0.148952, 0.171626, 0.300992, 0.322611, 0.38099
elapsed time for k point: 2.9805984497070312
total elapsed time for run: 3.0362708568573
done
Initializing eigensolver data
Computing 6 bands with 1e-10 tolerance
Working in 2 dimensions.
Grid size is 336 x 112 x 1.
Solving for 6 bands at a time.
Creating Maxwell data...
Mesh size is 3.
Lattice vectors:
     (3, 0, 0)
     (0, 1, 0)
     (0, 0, 1)
Cell volume = 3
Reciprocal lattice vectors (/ 2 pi):
     (0.333333, -0, 0)
     (-0, 1, -0)
     (0, -0, 1)
Geometric objects:
     block, center = (0,0,0)
          size (1e+20,1e+20,1)
          axes (1,0,0), (0,1,0), (0,0,1)
     prism, center = (0.0175446,-1.38778e-17,0.5)
          height 1, axis (0,0,1), sidewall angle: 0 radians, 4 vertices:
          (0.267545,0.25,0)
          (-0.232455,0.25,0)
          (-0.232455,-0.25,0)
          (0.267545,-0.25,0)
     prism, center = (1.01754,-1.38778e-17,0.5)
          height 1, axis (0,0,1), sidewall angle: 0 radians, 4 vertices:
          (1.26754,0.25,0)
          (0.767545,0.25,0)
          (0.767545,-0.25,0)
          (1.26754,-0.25,0)
     prism, center = (2.01754,-1.38778e-17,0.5)
          height 1, axis (0,0,1), sidewall angle: 0 radians, 4 vertices:
          (2.26754,0.25,0)
          (1.76754,0.25,0)
          (1.76754,-0.25,0)
          (2.26754,-0.25,0)
Geometric object tree has depth 2 and 21 object nodes (vs. 4 actual objects)
Initializing epsilon function...
Allocating fields...
Solving for band polarization: te.
Initializing fields to random numbers...
1 k-points
  Vector3<-0.09, 0.14, 0.0>
elapsed time for initialization: 0.043637990951538086
solve_kpoint (-0.09,0.14,0):
tefreqs:, k index, k1, k2, k3, kmag/2pi, te band 1, te band 2, te band 3, te band 4, te band 5, te band 6
Solving for bands 1 to 6...
    near maximum in trace
    iteration    1: trace = 1.973125801677006 (199.799% change)
    iteration    2: trace = 0.4935887906282622 (119.96% change)
    iteration    3: trace = 0.4334951175235825 (12.964% change)
    iteration    4: trace = 0.4109385894241808 (5.3424% change)
    iteration    5: trace = 0.403674554481312 (1.78343% change)
    iteration    6: trace = 0.3991825150482465 (1.11901% change)
    iteration    7: trace = 0.3975203238796653 (0.417268% change)
    iteration    8: trace = 0.3961288799158598 (0.350645% change)
    iteration    9: trace = 0.3956922950211897 (0.110274% change)
    iteration   10: trace = 0.3955277006288587 (0.0416052% change)
    iteration   11: trace = 0.3954988652282827 (0.00729063% change)
    iteration   12: trace = 0.3954853347402492 (0.00342118% change)
    iteration   13: trace = 0.3954808567871889 (0.00113227% change)
    iteration   14: trace = 0.3954783612287647 (0.000631021% change)
    iteration   15: trace = 0.3954776042456154 (0.00019141% change)
    iteration   16: trace = 0.3954773327028442 (6.8662e-05% change)
    iteration   17: trace = 0.395477277496435 (1.39594e-05% change)
    iteration   18: trace = 0.3954772613439491 (4.0843e-06% change)
    iteration   19: trace = 0.3954772555424831 (1.46695e-06% change)
    iteration   20: trace = 0.3954772525324319 (7.61119e-07% change)
    iteration   21: trace = 0.3954772514524237 (2.7309e-07% change)
    iteration   22: trace = 0.3954772511802089 (6.8832e-08% change)
    iteration   23: trace = 0.3954772511189725 (1.54842e-08% change)
    iteration   24: trace = 0.3954772511070726 (3.00899e-09% change)
Finished solving for bands 1 to 6 after 24 iterations.
tefreqs:, 1, -0.09, 0.14, 0, 0.143178, 0.0644967, 0.148937, 0.171612, 0.300961, 0.322581, 0.380852
elapsed time for k point: 2.5060219764709473
total elapsed time for run: 2.5497398376464844
done
Initializing eigensolver data
Computing 6 bands with 1e-10 tolerance
Working in 2 dimensions.
Grid size is 336 x 112 x 1.
Solving for 6 bands at a time.
Creating Maxwell data...
Mesh size is 3.
Lattice vectors:
     (3, 0, 0)
     (0, 1, 0)
     (0, 0, 1)
Cell volume = 3
Reciprocal lattice vectors (/ 2 pi):
     (0.333333, -0, 0)
     (-0, 1, -0)
     (0, -0, 1)
Geometric objects:
     block, center = (0,0,0)
          size (1e+20,1e+20,1)
          axes (1,0,0), (0,1,0), (0,0,1)
     prism, center = (0.00254464,-1.38778e-17,0.5)
          height 1, axis (0,0,1), sidewall angle: 0 radians, 4 vertices:
          (0.252545,0.25,0)
          (-0.247455,0.25,0)
          (-0.247455,-0.25,0)
          (0.252545,-0.25,0)
     prism, center = (1.00254,-1.38778e-17,0.5)
          height 1, axis (0,0,1), sidewall angle: 0 radians, 4 vertices:
          (1.25254,0.25,0)
          (0.752545,0.25,0)
          (0.752545,-0.25,0)
          (1.25254,-0.25,0)
     prism, center = (2.00254,-1.38778e-17,0.5)
          height 1, axis (0,0,1), sidewall angle: 0 radians, 4 vertices:
          (2.25254,0.25,0)
          (1.75254,0.25,0)
          (1.75254,-0.25,0)
          (2.25254,-0.25,0)
Geometric object tree has depth 2 and 21 object nodes (vs. 4 actual objects)
Initializing epsilon function...
Allocating fields...
Solving for band polarization: te.
Initializing fields to random numbers...
1 k-points
  Vector3<-0.09, 0.14, 0.0>
elapsed time for initialization: 0.03770613670349121
solve_kpoint (-0.09,0.14,0):
tefreqs:, k index, k1, k2, k3, kmag/2pi, te band 1, te band 2, te band 3, te band 4, te band 5, te band 6
Solving for bands 1 to 6...
    near maximum in trace
    iteration    1: trace = 2.2605885588368 (199.771% change)
    iteration    2: trace = 0.5437701475366917 (122.439% change)
    iteration    3: trace = 0.460372474775209 (16.6107% change)
    iteration    4: trace = 0.4300003724319159 (6.82233% change)
    iteration    5: trace = 0.4206989904029641 (2.18676% change)
    iteration    6: trace = 0.4150496898414149 (1.35191% change)
    iteration    7: trace = 0.411050353978443 (0.968245% change)
    large trace change predicted (1.99617%)
    iteration    8: trace = 0.4023170328531405 (2.14745% change)
    iteration    9: trace = 0.3982129422554397 (1.02534% change)
    iteration   10: trace = 0.3963539308852375 (0.467931% change)
    iteration   11: trace = 0.3958752549638835 (0.120843% change)
    iteration   12: trace = 0.3955525490076211 (0.0815503% change)
    iteration   13: trace = 0.3954377905738122 (0.0290164% change)
    iteration   14: trace = 0.3953923295551052 (0.011497% change)
    iteration   15: trace = 0.3953851275750438 (0.00182149% change)
    iteration   16: trace = 0.3953831537444108 (0.000499218% change)
    iteration   17: trace = 0.3953827601884951 (9.95379e-05% change)
    iteration   18: trace = 0.3953825859216942 (4.40755e-05% change)
    iteration   19: trace = 0.3953825149552897 (1.79488e-05% change)
    iteration   20: trace = 0.3953824749902451 (1.01079e-05% change)
    iteration   21: trace = 0.3953824651398659 (2.49135e-06% change)
    iteration   22: trace = 0.3953824629261389 (5.59895e-07% change)
    iteration   23: trace = 0.3953824625276821 (1.00778e-07% change)
    iteration   24: trace = 0.3953824624330597 (2.39318e-08% change)
    iteration   25: trace = 0.3953824623918486 (1.04231e-08% change)
    iteration   26: trace = 0.3953824623732772 (4.69708e-09% change)
Finished solving for bands 1 to 6 after 26 iterations.
tefreqs:, 1, -0.09, 0.14, 0, 0.143178, 0.064489, 0.148932, 0.171606, 0.300934, 0.322548, 0.380783
elapsed time for k point: 3.5376574993133545
total elapsed time for run: 3.5754683017730713
done
Initializing eigensolver data
Computing 6 bands with 1e-10 tolerance
Working in 2 dimensions.
Grid size is 336 x 112 x 1.
Solving for 6 bands at a time.
Creating Maxwell data...
Mesh size is 3.
Lattice vectors:
     (3, 0, 0)
     (0, 1, 0)
     (0, 0, 1)
Cell volume = 3
Reciprocal lattice vectors (/ 2 pi):
     (0.333333, -0, 0)
     (-0, 1, -0)
     (0, -0, 1)
Geometric objects:
     block, center = (0,0,0)
          size (1e+20,1e+20,1)
          axes (1,0,0), (0,1,0), (0,0,1)
     prism, center = (0.0200446,-1.38778e-17,0.5)
          height 1, axis (0,0,1), sidewall angle: 0 radians, 4 vertices:
          (0.270045,0.25,0)
          (-0.229955,0.25,0)
          (-0.229955,-0.25,0)
          (0.270045,-0.25,0)
     prism, center = (1.02004,-1.38778e-17,0.5)
          height 1, axis (0,0,1), sidewall angle: 0 radians, 4 vertices:
          (1.27004,0.25,0)
          (0.770045,0.25,0)
          (0.770045,-0.25,0)
          (1.27004,-0.25,0)
     prism, center = (2.02004,-1.38778e-17,0.5)
          height 1, axis (0,0,1), sidewall angle: 0 radians, 4 vertices:
          (2.27004,0.25,0)
          (1.77004,0.25,0)
          (1.77004,-0.25,0)
          (2.27004,-0.25,0)
Geometric object tree has depth 2 and 21 object nodes (vs. 4 actual objects)
Initializing epsilon function...
Allocating fields...
Solving for band polarization: te.
Initializing fields to random numbers...
1 k-points
  Vector3<-0.09, 0.14, 0.0>
elapsed time for initialization: 0.07442378997802734
solve_kpoint (-0.09,0.14,0):
tefreqs:, k index, k1, k2, k3, kmag/2pi, te band 1, te band 2, te band 3, te band 4, te band 5, te band 6
Solving for bands 1 to 6...
    near maximum in trace
    iteration    1: trace = 2.332218073780388 (199.764% change)
    iteration    2: trace = 0.5357022829742117 (125.284% change)
    iteration    3: trace = 0.4482628198208106 (17.7729% change)
    iteration    4: trace = 0.418761598811796 (6.80516% change)
    iteration    5: trace = 0.4097462015309037 (2.1763% change)
    iteration    6: trace = 0.4029451796685756 (1.6737% change)
    iteration    7: trace = 0.3990337050707524 (0.975456% change)
    iteration    8: trace = 0.396367416003002 (0.670426% change)
    iteration    9: trace = 0.395698847999673 (0.168816% change)
    iteration   10: trace = 0.3954569698040017 (0.0611455% change)
    iteration   11: trace = 0.395406978397192 (0.0126422% change)
    iteration   12: trace = 0.3953835148915942 (0.00593419% change)
    iteration   13: trace = 0.3953746534745451 (0.00224125% change)
    iteration   14: trace = 0.3953703531022107 (0.00108768% change)
    iteration   15: trace = 0.3953692450148197 (0.000280266% change)
    iteration   16: trace = 0.3953688595250328 (9.75013e-05% change)
    iteration   17: trace = 0.3953687555367494 (2.63016e-05% change)
    iteration   18: trace = 0.3953686967743714 (1.48627e-05% change)
    iteration   19: trace = 0.3953686723021278 (6.18973e-06% change)
    iteration   20: trace = 0.3953686616504835 (2.6941e-06% change)
    iteration   21: trace = 0.3953686591825043 (6.24222e-07% change)
    iteration   22: trace = 0.3953686585782263 (1.52839e-07% change)
    iteration   23: trace = 0.39536865845735 (3.05731e-08% change)
    iteration   24: trace = 0.3953686584329003 (6.18402e-09% change)
Finished solving for bands 1 to 6 after 24 iterations.
tefreqs:, 1, -0.09, 0.14, 0, 0.143178, 0.0644863, 0.14893, 0.171607, 0.300932, 0.322549, 0.380766
elapsed time for k point: 5.043614149093628
total elapsed time for run: 5.118267059326172
done
Initializing eigensolver data
Computing 6 bands with 1e-10 tolerance
Working in 2 dimensions.
Grid size is 336 x 112 x 1.
Solving for 6 bands at a time.
Creating Maxwell data...
Mesh size is 3.
Lattice vectors:
     (3, 0, 0)
     (0, 1, 0)
     (0, 0, 1)
Cell volume = 3
Reciprocal lattice vectors (/ 2 pi):
     (0.333333, -0, 0)
     (-0, 1, -0)
     (0, -0, 1)
Geometric objects:
     block, center = (0,0,0)
          size (1e+20,1e+20,1)
          axes (1,0,0), (0,1,0), (0,0,1)
     prism, center = (4.46429e-05,-1.38778e-17,0.5)
          height 1, axis (0,0,1), sidewall angle: 0 radians, 4 vertices:
          (0.250045,0.25,0)
          (-0.249955,0.25,0)
          (-0.249955,-0.25,0)
          (0.250045,-0.25,0)
     prism, center = (1.00004,-1.38778e-17,0.5)
          height 1, axis (0,0,1), sidewall angle: 0 radians, 4 vertices:
          (1.25004,0.25,0)
          (0.750045,0.25,0)
          (0.750045,-0.25,0)
          (1.25004,-0.25,0)
     prism, center = (2.00004,-1.38778e-17,0.5)
          height 1, axis (0,0,1), sidewall angle: 0 radians, 4 vertices:
          (2.25004,0.25,0)
          (1.75004,0.25,0)
          (1.75004,-0.25,0)
          (2.25004,-0.25,0)
Geometric object tree has depth 2 and 21 object nodes (vs. 4 actual objects)
Initializing epsilon function...
Allocating fields...
Solving for band polarization: te.
Initializing fields to random numbers...
1 k-points
  Vector3<-0.09, 0.14, 0.0>
elapsed time for initialization: 0.044173240661621094
solve_kpoint (-0.09,0.14,0):
tefreqs:, k index, k1, k2, k3, kmag/2pi, te band 1, te band 2, te band 3, te band 4, te band 5, te band 6
Solving for bands 1 to 6...
    near maximum in trace
    iteration    1: trace = 2.385633581151361 (199.758% change)
    iteration    2: trace = 0.6159322207981063 (117.919% change)
    iteration    3: trace = 0.4339841610552408 (34.6595% change)
    iteration    4: trace = 0.4093929379916805 (5.83161% change)
    iteration    5: trace = 0.4007493380448859 (2.13385% change)
    iteration    6: trace = 0.3983248389267635 (0.606827% change)
    iteration    7: trace = 0.3964891610566078 (0.461914% change)
    iteration    8: trace = 0.39578138772039 (0.17867% change)
    iteration    9: trace = 0.3954646660157503 (0.0800564% change)
    iteration   10: trace = 0.3953998329844325 (0.0163955% change)
    iteration   11: trace = 0.395373578387964 (0.00664023% change)
    iteration   12: trace = 0.39536545265347 (0.00205523% change)
    iteration   13: trace = 0.3953601529385091 (0.00134047% change)
    iteration   14: trace = 0.3953584949198778 (0.00041937% change)
    iteration   15: trace = 0.3953579722125907 (0.000132211% change)
    iteration   16: trace = 0.3953578924475225 (2.01754e-05% change)
    iteration   17: trace = 0.3953578658171663 (6.73576e-06% change)
    iteration   18: trace = 0.3953578561941726 (2.434e-06% change)
    iteration   19: trace = 0.3953578506085629 (1.4128e-06% change)
    iteration   20: trace = 0.3953578488714915 (4.39367e-07% change)
    iteration   21: trace = 0.3953578483502846 (1.31832e-07% change)
    iteration   22: trace = 0.395357848251169 (2.50698e-08% change)
    iteration   23: trace = 0.3953578482285896 (5.71114e-09% change)
Finished solving for bands 1 to 6 after 23 iterations.
tefreqs:, 1, -0.09, 0.14, 0, 0.143178, 0.064485, 0.148927, 0.171603, 0.300927, 0.322544, 0.380764
elapsed time for k point: 3.7321925163269043
total elapsed time for run: 3.7764508724212646
done
Initializing eigensolver data
Computing 6 bands with 1e-10 tolerance
Working in 2 dimensions.
Grid size is 336 x 112 x 1.
Solving for 6 bands at a time.
Creating Maxwell data...
Mesh size is 3.
Lattice vectors:
     (3, 0, 0)
     (0, 1, 0)
     (0, 0, 1)
Cell volume = 3
Reciprocal lattice vectors (/ 2 pi):
     (0.333333, -0, 0)
     (-0, 1, -0)
     (0, -0, 1)
Geometric objects:
     block, center = (0,0,0)
          size (1e+20,1e+20,1)
          axes (1,0,0), (0,1,0), (0,0,1)
     prism, center = (0.0250446,-1.38778e-17,0.5)
          height 1, axis (0,0,1), sidewall angle: 0 radians, 4 vertices:
          (0.275045,0.25,0)
          (-0.224955,0.25,0)
          (-0.224955,-0.25,0)
          (0.275045,-0.25,0)
     prism, center = (1.02504,-1.38778e-17,0.5)
          height 1, axis (0,0,1), sidewall angle: 0 radians, 4 vertices:
          (1.27504,0.25,0)
          (0.775045,0.25,0)
          (0.775045,-0.25,0)
          (1.27504,-0.25,0)
     prism, center = (2.02504,-1.38778e-17,0.5)
          height 1, axis (0,0,1), sidewall angle: 0 radians, 4 vertices:
          (2.27504,0.25,0)
          (1.77504,0.25,0)
          (1.77504,-0.25,0)
          (2.27504,-0.25,0)
Geometric object tree has depth 2 and 21 object nodes (vs. 4 actual objects)
Initializing epsilon function...
Allocating fields...
Solving for band polarization: te.
Initializing fields to random numbers...
1 k-points
  Vector3<-0.09, 0.14, 0.0>
elapsed time for initialization: 0.09125995635986328
solve_kpoint (-0.09,0.14,0):
tefreqs:, k index, k1, k2, k3, kmag/2pi, te band 1, te band 2, te band 3, te band 4, te band 5, te band 6
Solving for bands 1 to 6...
    near maximum in trace
    iteration    1: trace = 1.953394870334081 (199.802% change)
    iteration    2: trace = 0.5532819490477229 (111.711% change)
    iteration    3: trace = 0.4330666317366285 (24.3758% change)
    iteration    4: trace = 0.4179167660698481 (3.56055% change)
    iteration    5: trace = 0.4091784795280656 (2.11301% change)
    iteration    6: trace = 0.4038703751633193 (1.30573% change)
    iteration    7: trace = 0.3987608490321575 (1.27319% change)
    iteration    8: trace = 0.3965983018349821 (0.543791% change)
    iteration    9: trace = 0.3957209354105284 (0.221468% change)
    iteration   10: trace = 0.3955058752396705 (0.0543612% change)
    iteration   11: trace = 0.3953998768510331 (0.0268043% change)
    iteration   12: trace = 0.3953511460651141 (0.0123252% change)
    iteration   13: trace = 0.3953301568290982 (0.00530915% change)
    iteration   14: trace = 0.3953252228175207 (0.00124808% change)
    iteration   15: trace = 0.3953237785523833 (0.000365337% change)
    iteration   16: trace = 0.3953234320179961 (8.76584e-05% change)
    iteration   17: trace = 0.3953232775783301 (3.90667e-05% change)
    iteration   18: trace = 0.3953232147179589 (1.5901e-05% change)
    iteration   19: trace = 0.3953231859512157 (7.27677e-06% change)
    iteration   20: trace = 0.3953231779645303 (2.02029e-06% change)
    iteration   21: trace = 0.395323175673103 (5.79634e-07% change)
    iteration   22: trace = 0.3953231752186971 (1.14945e-07% change)
    iteration   23: trace = 0.3953231750750493 (3.63368e-08% change)
    iteration   24: trace = 0.3953231750226046 (1.32663e-08% change)
    iteration   25: trace = 0.3953231749948222 (7.02777e-09% change)
Finished solving for bands 1 to 6 after 25 iterations.
tefreqs:, 1, -0.09, 0.14, 0, 0.143178, 0.0644819, 0.148927, 0.1716, 0.300918, 0.322532, 0.380737
elapsed time for k point: 4.733848571777344
total elapsed time for run: 4.82524037361145
done
Initializing eigensolver data
Computing 6 bands with 1e-10 tolerance
Working in 2 dimensions.
Grid size is 336 x 112 x 1.
Solving for 6 bands at a time.
Creating Maxwell data...
Mesh size is 3.
Lattice vectors:
     (3, 0, 0)
     (0, 1, 0)
     (0, 0, 1)
Cell volume = 3
Reciprocal lattice vectors (/ 2 pi):
     (0.333333, -0, 0)
     (-0, 1, -0)
     (0, -0, 1)
Geometric objects:
     block, center = (0,0,0)
          size (1e+20,1e+20,1)
          axes (1,0,0), (0,1,0), (0,0,1)
     prism, center = (-0.00495536,-1.38778e-17,0.5)
          height 1, axis (0,0,1), sidewall angle: 0 radians, 4 vertices:
          (0.245045,0.25,0)
          (-0.254955,0.25,0)
          (-0.254955,-0.25,0)
          (0.245045,-0.25,0)
     prism, center = (0.995045,-1.38778e-17,0.5)
          height 1, axis (0,0,1), sidewall angle: 0 radians, 4 vertices:
          (1.24504,0.25,0)
          (0.745045,0.25,0)
          (0.745045,-0.25,0)
          (1.24504,-0.25,0)
     prism, center = (1.99504,-1.38778e-17,0.5)
          height 1, axis (0,0,1), sidewall angle: 0 radians, 4 vertices:
          (2.24504,0.25,0)
          (1.74504,0.25,0)
          (1.74504,-0.25,0)
          (2.24504,-0.25,0)
Geometric object tree has depth 2 and 21 object nodes (vs. 4 actual objects)
Initializing epsilon function...
Allocating fields...
Solving for band polarization: te.
Initializing fields to random numbers...
1 k-points
  Vector3<-0.09, 0.14, 0.0>
elapsed time for initialization: 0.08774447441101074
solve_kpoint (-0.09,0.14,0):
tefreqs:, k index, k1, k2, k3, kmag/2pi, te band 1, te band 2, te band 3, te band 4, te band 5, te band 6
Solving for bands 1 to 6...
    near maximum in trace
    iteration    1: trace = 2.374402823602908 (199.761% change)
    iteration    2: trace = 0.6139950960761689 (117.816% change)
    iteration    3: trace = 0.4448988244958784 (31.9383% change)
    iteration    4: trace = 0.4166335314703177 (6.56163% change)
    iteration    5: trace = 0.4032023881897202 (3.27654% change)
    iteration    6: trace = 0.3997435060839672 (0.861548% change)
    iteration    7: trace = 0.3974255085980229 (0.581557% change)
    iteration    8: trace = 0.3964502252271414 (0.245702% change)
    iteration    9: trace = 0.3958407110281481 (0.153861% change)
    iteration   10: trace = 0.3956965272718466 (0.0364313% change)
    iteration   11: trace = 0.3956399002810934 (0.0143117% change)
    iteration   12: trace = 0.3956277101451007 (0.00308117% change)
    iteration   13: trace = 0.3956218315569371 (0.0014859% change)
    iteration   14: trace = 0.3956196898670656 (0.000541349% change)
    iteration   15: trace = 0.3956183742502049 (0.000332546% change)
    iteration   16: trace = 0.3956179959126178 (9.5632e-05% change)
    iteration   17: trace = 0.3956178791083231 (2.95245e-05% change)
    iteration   18: trace = 0.3956178548246465 (6.13816e-06% change)
    iteration   19: trace = 0.395617847091125 (1.9548e-06% change)
    iteration   20: trace = 0.3956178438446405 (8.20611e-07% change)
    iteration   21: trace = 0.3956178422598323 (4.00591e-07% change)
    iteration   22: trace = 0.395617841748892 (1.2915e-07% change)
    iteration   23: trace = 0.3956178416334103 (2.91902e-08% change)
    iteration   24: trace = 0.3956178416061396 (6.89319e-09% change)
Finished solving for bands 1 to 6 after 24 iterations.
tefreqs:, 1, -0.09, 0.14, 0, 0.143178, 0.064519, 0.148952, 0.171626, 0.300992, 0.322611, 0.38097
elapsed time for k point: 3.390331506729126
total elapsed time for run: 3.478168249130249
done
Initializing eigensolver data
Computing 6 bands with 1e-10 tolerance
Working in 2 dimensions.
Grid size is 336 x 112 x 1.
Solving for 6 bands at a time.
Creating Maxwell data...
Mesh size is 3.
Lattice vectors:
     (3, 0, 0)
     (0, 1, 0)
     (0, 0, 1)
Cell volume = 3
Reciprocal lattice vectors (/ 2 pi):
     (0.333333, -0, 0)
     (-0, 1, -0)
     (0, -0, 1)
Geometric objects:
     block, center = (0,0,0)
          size (1e+20,1e+20,1)
          axes (1,0,0), (0,1,0), (0,0,1)
     prism, center = (0.0300446,-1.38778e-17,0.5)
          height 1, axis (0,0,1), sidewall angle: 0 radians, 4 vertices:
          (0.280045,0.25,0)
          (-0.219955,0.25,0)
          (-0.219955,-0.25,0)
          (0.280045,-0.25,0)
     prism, center = (1.03004,-1.38778e-17,0.5)
          height 1, axis (0,0,1), sidewall angle: 0 radians, 4 vertices:
          (1.28004,0.25,0)
          (0.780045,0.25,0)
          (0.780045,-0.25,0)
          (1.28004,-0.25,0)
     prism, center = (2.03004,-1.38778e-17,0.5)
          height 1, axis (0,0,1), sidewall angle: 0 radians, 4 vertices:
          (2.28004,0.25,0)
          (1.78004,0.25,0)
          (1.78004,-0.25,0)
          (2.28004,-0.25,0)
Geometric object tree has depth 2 and 21 object nodes (vs. 4 actual objects)
Initializing epsilon function...
Allocating fields...
Solving for band polarization: te.
Initializing fields to random numbers...
1 k-points
  Vector3<-0.09, 0.14, 0.0>
elapsed time for initialization: 0.04045844078063965
solve_kpoint (-0.09,0.14,0):
tefreqs:, k index, k1, k2, k3, kmag/2pi, te band 1, te band 2, te band 3, te band 4, te band 5, te band 6
Solving for bands 1 to 6...
    near maximum in trace
    iteration    1: trace = 2.650409268329003 (199.733% change)
    iteration    2: trace = 0.6520752678511873 (121.02% change)
    iteration    3: trace = 0.4511845761038485 (36.4177% change)
    iteration    4: trace = 0.4199386354574975 (7.17371% change)
    iteration    5: trace = 0.4051431940114273 (3.58642% change)
    iteration    6: trace = 0.4007860710522071 (1.08127% change)
    iteration    7: trace = 0.3978628023058339 (0.732054% change)
    iteration    8: trace = 0.3964497376846794 (0.355796% change)
    iteration    9: trace = 0.3956961686122057 (0.19026% change)
    iteration   10: trace = 0.395545561416395 (0.0380686% change)
    iteration   11: trace = 0.3954924045587223 (0.0134398% change)
    iteration   12: trace = 0.3954800410121362 (0.00312616% change)
    iteration   13: trace = 0.3954727768044662 (0.00183682% change)
    iteration   14: trace = 0.395470087510319 (0.000680022% change)
    iteration   15: trace = 0.3954688055448499 (0.000324163% change)
    iteration   16: trace = 0.3954685119798462 (7.42322e-05% change)
    iteration   17: trace = 0.3954683999696532 (2.83234e-05% change)
    iteration   18: trace = 0.3954683664253187 (8.48218e-06% change)
    iteration   19: trace = 0.3954683484545986 (4.54416e-06% change)
    iteration   20: trace = 0.3954683421565355 (1.59256e-06% change)
    iteration   21: trace = 0.3954683396850284 (6.24957e-07% change)
    iteration   22: trace = 0.3954683391297372 (1.40414e-07% change)
    iteration   23: trace = 0.3954683389987224 (3.3129e-08% change)
    iteration   24: trace = 0.3954683389701958 (7.21336e-09% change)
Finished solving for bands 1 to 6 after 24 iterations.
tefreqs:, 1, -0.09, 0.14, 0, 0.143178, 0.0644997, 0.14894, 0.171613, 0.300956, 0.322572, 0.380851
elapsed time for k point: 2.666196584701538
total elapsed time for run: 2.7067720890045166
done
Initializing eigensolver data
Computing 6 bands with 1e-10 tolerance
Working in 2 dimensions.
Grid size is 336 x 112 x 1.
Solving for 6 bands at a time.
Creating Maxwell data...
Mesh size is 3.
Lattice vectors:
     (3, 0, 0)
     (0, 1, 0)
     (0, 0, 1)
Cell volume = 3
Reciprocal lattice vectors (/ 2 pi):
     (0.333333, -0, 0)
     (-0, 1, -0)
     (0, -0, 1)
Geometric objects:
     block, center = (0,0,0)
          size (1e+20,1e+20,1)
          axes (1,0,0), (0,1,0), (0,0,1)
     prism, center = (-0.00995536,-1.38778e-17,0.5)
          height 1, axis (0,0,1), sidewall angle: 0 radians, 4 vertices:
          (0.240045,0.25,0)
          (-0.259955,0.25,0)
          (-0.259955,-0.25,0)
          (0.240045,-0.25,0)
     prism, center = (0.990045,-1.38778e-17,0.5)
          height 1, axis (0,0,1), sidewall angle: 0 radians, 4 vertices:
          (1.24004,0.25,0)
          (0.740045,0.25,0)
          (0.740045,-0.25,0)
          (1.24004,-0.25,0)
     prism, center = (1.99004,-1.38778e-17,0.5)
          height 1, axis (0,0,1), sidewall angle: 0 radians, 4 vertices:
          (2.24004,0.25,0)
          (1.74004,0.25,0)
          (1.74004,-0.25,0)
          (2.24004,-0.25,0)
Geometric object tree has depth 2 and 21 object nodes (vs. 4 actual objects)
Initializing epsilon function...
Allocating fields...
Solving for band polarization: te.
Initializing fields to random numbers...
1 k-points
  Vector3<-0.09, 0.14, 0.0>
elapsed time for initialization: 0.03639531135559082
solve_kpoint (-0.09,0.14,0):
tefreqs:, k index, k1, k2, k3, kmag/2pi, te band 1, te band 2, te band 3, te band 4, te band 5, te band 6
Solving for bands 1 to 6...
    near maximum in trace
    iteration    1: trace = 2.637924587446645 (199.733% change)
    iteration    2: trace = 0.6133250629743794 (124.543% change)
    iteration    3: trace = 0.428598369733477 (35.4588% change)
    iteration    4: trace = 0.4054988263086128 (5.53881% change)
    iteration    5: trace = 0.39772643454662 (1.9353% change)
    iteration    6: trace = 0.3964038374456996 (0.333093% change)
    iteration    7: trace = 0.3958175577032131 (0.148009% change)
    iteration    8: trace = 0.3956759072248562 (0.0357932% change)
    iteration    9: trace = 0.3955910842992149 (0.0214398% change)
    iteration   10: trace = 0.3955678340690506 (0.00587751% change)
    iteration   11: trace = 0.3955584360907548 (0.00237585% change)
    iteration   12: trace = 0.3955570751911037 (0.000344046% change)
    iteration   13: trace = 0.3955565881005872 (0.00012314% change)
    iteration   14: trace = 0.3955564367732201 (3.82568e-05% change)
    iteration   15: trace = 0.3955563460913465 (2.29251e-05% change)
    iteration   16: trace = 0.3955563192557019 (6.78428e-06% change)
    iteration   17: trace = 0.3955563085185735 (2.71444e-06% change)
    iteration   18: trace = 0.3955563061705777 (5.93593e-07% change)
    iteration   19: trace = 0.3955563055326662 (1.61269e-07% change)
    iteration   20: trace = 0.3955563053359291 (4.97368e-08% change)
    iteration   21: trace = 0.395556305205337 (3.30148e-08% change)
    iteration   22: trace = 0.3955563051384031 (1.69215e-08% change)
    iteration   23: trace = 0.3955563051196133 (4.75024e-09% change)
Finished solving for bands 1 to 6 after 23 iterations.
tefreqs:, 1, -0.09, 0.14, 0, 0.143178, 0.064512, 0.148943, 0.171618, 0.300967, 0.322588, 0.380937
elapsed time for k point: 2.6466240882873535
total elapsed time for run: 2.68310546875
done
Initializing eigensolver data
Computing 6 bands with 1e-10 tolerance
Working in 2 dimensions.
Grid size is 336 x 112 x 1.
Solving for 6 bands at a time.
Creating Maxwell data...
Mesh size is 3.
Lattice vectors:
     (3, 0, 0)
     (0, 1, 0)
     (0, 0, 1)
Cell volume = 3
Reciprocal lattice vectors (/ 2 pi):
     (0.333333, -0, 0)
     (-0, 1, -0)
     (0, -0, 1)
Geometric objects:
     block, center = (0,0,0)
          size (1e+20,1e+20,1)
          axes (1,0,0), (0,1,0), (0,0,1)
     prism, center = (0.0217411,0,0.5)
          height 1, axis (0,0,1), sidewall angle: 0 radians, 4 vertices:
          (-0.228259,-0.25,0)
          (-0.228259,0.25,0)
          (0.271741,0.25,0)
          (0.271741,-0.25,0)
     prism, center = (1.01174,0,0.5)
          height 1, axis (0,0,1), sidewall angle: 0 radians, 4 vertices:
          (0.761741,-0.25,0)
          (0.761741,0.25,0)
          (1.26174,0.25,0)
          (1.26174,-0.25,0)
     prism, center = (2.01674,0,0.5)
          height 1, axis (0,0,1), sidewall angle: 0 radians, 4 vertices:
          (1.76674,-0.25,0)
          (1.76674,0.25,0)
          (2.26674,0.25,0)
          (2.26674,-0.25,0)
Geometric object tree has depth 2 and 21 object nodes (vs. 4 actual objects)
Initializing epsilon function...
Allocating fields...
Solving for band polarization: te.
Initializing fields to random numbers...
1 k-points
  Vector3<-0.09, 0.14, 0.0>
elapsed time for initialization: 0.03941845893859863
solve_kpoint (-0.09,0.14,0):
tefreqs:, k index, k1, k2, k3, kmag/2pi, te band 1, te band 2, te band 3, te band 4, te band 5, te band 6
Solving for bands 1 to 6...
    near maximum in trace
    iteration    1: trace = 2.367999412626316 (199.761% change)
    iteration    2: trace = 0.521286505711462 (127.832% change)
    iteration    3: trace = 0.4427175422104226 (16.3005% change)
    iteration    4: trace = 0.4216908756222398 (4.86498% change)
    iteration    5: trace = 0.4154907365868676 (1.48119% change)
    iteration    6: trace = 0.4091729217131717 (1.53222% change)
    iteration    7: trace = 0.403552281573435 (1.38316% change)
    iteration    8: trace = 0.3986140394721916 (1.23123% change)
    iteration    9: trace = 0.3971435615508681 (0.369579% change)
    iteration   10: trace = 0.396625274786434 (0.130589% change)
    iteration   11: trace = 0.396500651407505 (0.0314259% change)
    iteration   12: trace = 0.3964387708349298 (0.0156079% change)
    iteration   13: trace = 0.3964088161064915 (0.00755624% change)
    iteration   14: trace = 0.3963942420312498 (0.00367659% change)
    iteration   15: trace = 0.3963899138868057 (0.00109188% change)
    iteration   16: trace = 0.3963887233317061 (0.00030035% change)
    iteration   17: trace = 0.396388398355814 (8.19842e-05% change)
    iteration   18: trace = 0.3963883053236786 (2.34699e-05% change)
    iteration   19: trace = 0.3963882686855108 (9.243e-06% change)
    iteration   20: trace = 0.3963882536974374 (3.78116e-06% change)
    iteration   21: trace = 0.3963882478786498 (1.46795e-06% change)
    iteration   22: trace = 0.396388246586069 (3.2609e-07% change)
    iteration   23: trace = 0.3963882462523241 (8.41965e-08% change)
    iteration   24: trace = 0.3963882461884879 (1.61044e-08% change)
    iteration   25: trace = 0.3963882461667769 (5.47723e-09% change)
Finished solving for bands 1 to 6 after 25 iterations.
tefreqs:, 1, -0.09, 0.14, 0, 0.143178, 0.0645168, 0.149078, 0.17177, 0.30146, 0.32314, 0.38105
elapsed time for k point: 2.7579078674316406
total elapsed time for run: 2.7974131107330322
done
Initializing eigensolver data
Computing 6 bands with 1e-10 tolerance
Working in 2 dimensions.
Grid size is 336 x 112 x 1.
Solving for 6 bands at a time.
Creating Maxwell data...
Mesh size is 3.
Lattice vectors:
     (3, 0, 0)
     (0, 1, 0)
     (0, 0, 1)
Cell volume = 3
Reciprocal lattice vectors (/ 2 pi):
     (0.333333, -0, 0)
     (-0, 1, -0)
     (0, -0, 1)
Geometric objects:
     block, center = (0,0,0)
          size (1e+20,1e+20,1)
          axes (1,0,0), (0,1,0), (0,0,1)
     prism, center = (1.02174,0,0.5)
          height 1, axis (0,0,1), sidewall angle: 0 radians, 4 vertices:
          (0.771741,-0.25,0)
          (0.771741,0.25,0)
          (1.27174,0.25,0)
          (1.27174,-0.25,0)
     prism, center = (2.01674,0,0.5)
          height 1, axis (0,0,1), sidewall angle: 0 radians, 4 vertices:
          (1.76674,-0.25,0)
          (1.76674,0.25,0)
          (2.26674,0.25,0)
          (2.26674,-0.25,0)
     prism, center = (3.01174,0,0.5)
          height 1, axis (0,0,1), sidewall angle: 0 radians, 4 vertices:
          (2.76174,-0.25,0)
          (2.76174,0.25,0)
          (3.26174,0.25,0)
          (3.26174,-0.25,0)
Geometric object tree has depth 2 and 21 object nodes (vs. 4 actual objects)
Initializing epsilon function...
Allocating fields...
Solving for band polarization: te.
Initializing fields to random numbers...
1 k-points
  Vector3<-0.09, 0.14, 0.0>
elapsed time for initialization: 0.04465150833129883
solve_kpoint (-0.09,0.14,0):
tefreqs:, k index, k1, k2, k3, kmag/2pi, te band 1, te band 2, te band 3, te band 4, te band 5, te band 6
Solving for bands 1 to 6...
    near maximum in trace
    iteration    1: trace = 2.016627168808627 (199.797% change)
    iteration    2: trace = 0.5022139192674857 (120.247% change)
    iteration    3: trace = 0.4329873002706612 (14.8046% change)
    iteration    4: trace = 0.4111158762583785 (5.18217% change)
    iteration    5: trace = 0.4034581501510634 (1.88018% change)
    iteration    6: trace = 0.3997095612304136 (0.933451% change)
    iteration    7: trace = 0.3981428419427949 (0.392734% change)
    iteration    8: trace = 0.3969817437750643 (0.292054% change)
    iteration    9: trace = 0.3965747672612319 (0.10257% change)
    iteration   10: trace = 0.3964501402019123 (0.0314308% change)
    iteration   11: trace = 0.3964159541975185 (0.0086234% change)
    iteration   12: trace = 0.3964007146497743 (0.00384441% change)
    iteration   13: trace = 0.3963935164738293 (0.0018159% change)
    iteration   14: trace = 0.3963906326498116 (0.000727518% change)
    iteration   15: trace = 0.3963896962428247 (0.000236234% change)
    iteration   16: trace = 0.3963894638038579 (5.8639e-05% change)
    iteration   17: trace = 0.3963893939381908 (1.76255e-05% change)
    iteration   18: trace = 0.3963893739224418 (5.04952e-06% change)
    iteration   19: trace = 0.3963893635620368 (2.61369e-06% change)
    iteration   20: trace = 0.3963893593965541 (1.05086e-06% change)
    iteration   21: trace = 0.3963893577216892 (4.2253e-07% change)
    iteration   22: trace = 0.3963893574135788 (7.77292e-08% change)
    iteration   23: trace = 0.3963893573381516 (1.90286e-08% change)
    iteration   24: trace = 0.3963893573235782 (3.67655e-09% change)
Finished solving for bands 1 to 6 after 24 iterations.
tefreqs:, 1, -0.09, 0.14, 0, 0.143178, 0.0645168, 0.149078, 0.17177, 0.30146, 0.323141, 0.381051
elapsed time for k point: 2.7500178813934326
total elapsed time for run: 2.794753313064575
done
Initializing eigensolver data
Computing 6 bands with 1e-10 tolerance
Working in 2 dimensions.
Grid size is 336 x 112 x 1.
Solving for 6 bands at a time.
Creating Maxwell data...
Mesh size is 3.
Lattice vectors:
     (3, 0, 0)
     (0, 1, 0)
     (0, 0, 1)
Cell volume = 3
Reciprocal lattice vectors (/ 2 pi):
     (0.333333, -0, 0)
     (-0, 1, -0)
     (0, -0, 1)
Geometric objects:
     block, center = (0,0,0)
          size (1e+20,1e+20,1)
          axes (1,0,0), (0,1,0), (0,0,1)
     prism, center = (0.0242411,0,0.5)
          height 1, axis (0,0,1), sidewall angle: 0 radians, 4 vertices:
          (-0.225759,-0.25,0)
          (-0.225759,0.25,0)
          (0.274241,0.25,0)
          (0.274241,-0.25,0)
     prism, center = (1.00924,0,0.5)
          height 1, axis (0,0,1), sidewall angle: 0 radians, 4 vertices:
          (0.759241,-0.25,0)
          (0.759241,0.25,0)
          (1.25924,0.25,0)
          (1.25924,-0.25,0)
     prism, center = (2.01674,0,0.5)
          height 1, axis (0,0,1), sidewall angle: 0 radians, 4 vertices:
          (1.76674,-0.25,0)
          (1.76674,0.25,0)
          (2.26674,0.25,0)
          (2.26674,-0.25,0)
Geometric object tree has depth 2 and 21 object nodes (vs. 4 actual objects)
Initializing epsilon function...
Allocating fields...
Solving for band polarization: te.
Initializing fields to random numbers...
1 k-points
  Vector3<-0.09, 0.14, 0.0>
elapsed time for initialization: 0.040770769119262695
solve_kpoint (-0.09,0.14,0):
tefreqs:, k index, k1, k2, k3, kmag/2pi, te band 1, te band 2, te band 3, te band 4, te band 5, te band 6
Solving for bands 1 to 6...
    near maximum in trace
    iteration    1: trace = 2.31568447909941 (199.767% change)
    iteration    2: trace = 0.5430445553732597 (124.016% change)
    iteration    3: trace = 0.4582419424718225 (16.9387% change)
    iteration    4: trace = 0.4281554982571494 (6.78848% change)
    iteration    5: trace = 0.4181694730047876 (2.35986% change)
    iteration    6: trace = 0.409465401660394 (2.10336% change)
    iteration    7: trace = 0.4031309037838218 (1.55908% change)
    iteration    8: trace = 0.3982692018702286 (1.2133% change)
    iteration    9: trace = 0.3969957701478951 (0.320253% change)
    iteration   10: trace = 0.3965049477664865 (0.123711% change)
    iteration   11: trace = 0.396405472441374 (0.0250912% change)
    iteration   12: trace = 0.3963626663008 (0.0107992% change)
    iteration   13: trace = 0.396346162197557 (0.00416398% change)
    iteration   14: trace = 0.3963384456282363 (0.00194695% change)
    iteration   15: trace = 0.396336485775283 (0.000494491% change)
    iteration   16: trace = 0.396335861324478 (0.000157556% change)
    iteration   17: trace = 0.3963356861124662 (4.4208e-05% change)
    iteration   18: trace = 0.3963356242433315 (1.56103e-05% change)
    iteration   19: trace = 0.396335595288414 (7.30566e-06% change)
    iteration   20: trace = 0.3963355782338438 (4.30306e-06% change)
    iteration   21: trace = 0.3963355717945716 (1.6247e-06% change)
    iteration   22: trace = 0.3963355702061901 (4.00767e-07% change)
    iteration   23: trace = 0.3963355698304593 (9.48012e-08% change)
    iteration   24: trace = 0.3963355697538749 (1.93231e-08% change)
    iteration   25: trace = 0.3963355697257396 (7.09885e-09% change)
Finished solving for bands 1 to 6 after 25 iterations.
tefreqs:, 1, -0.09, 0.14, 0, 0.143178, 0.0645077, 0.149072, 0.171777, 0.301398, 0.323168, 0.381007
elapsed time for k point: 2.855175256729126
total elapsed time for run: 2.8960399627685547
done
Initializing eigensolver data
Computing 6 bands with 1e-10 tolerance
Working in 2 dimensions.
Grid size is 336 x 112 x 1.
Solving for 6 bands at a time.
Creating Maxwell data...
Mesh size is 3.
Lattice vectors:
     (3, 0, 0)
     (0, 1, 0)
     (0, 0, 1)
Cell volume = 3
Reciprocal lattice vectors (/ 2 pi):
     (0.333333, -0, 0)
     (-0, 1, -0)
     (0, -0, 1)
Geometric objects:
     block, center = (0,0,0)
          size (1e+20,1e+20,1)
          axes (1,0,0), (0,1,0), (0,0,1)
     prism, center = (1.02424,0,0.5)
          height 1, axis (0,0,1), sidewall angle: 0 radians, 4 vertices:
          (0.774241,-0.25,0)
          (0.774241,0.25,0)
          (1.27424,0.25,0)
          (1.27424,-0.25,0)
     prism, center = (2.01674,0,0.5)
          height 1, axis (0,0,1), sidewall angle: 0 radians, 4 vertices:
          (1.76674,-0.25,0)
          (1.76674,0.25,0)
          (2.26674,0.25,0)
          (2.26674,-0.25,0)
     prism, center = (3.00924,0,0.5)
          height 1, axis (0,0,1), sidewall angle: 0 radians, 4 vertices:
          (2.75924,-0.25,0)
          (2.75924,0.25,0)
          (3.25924,0.25,0)
          (3.25924,-0.25,0)
Geometric object tree has depth 2 and 21 object nodes (vs. 4 actual objects)
Initializing epsilon function...
Allocating fields...
Solving for band polarization: te.
Initializing fields to random numbers...
1 k-points
  Vector3<-0.09, 0.14, 0.0>
elapsed time for initialization: 0.0447845458984375
solve_kpoint (-0.09,0.14,0):
tefreqs:, k index, k1, k2, k3, kmag/2pi, te band 1, te band 2, te band 3, te band 4, te band 5, te band 6
Solving for bands 1 to 6...
    near maximum in trace
    iteration    1: trace = 2.271663363809026 (199.77% change)
    iteration    2: trace = 0.5230072015086978 (125.142% change)
    iteration    3: trace = 0.4525894172462513 (14.4358% change)
    iteration    4: trace = 0.426472609678504 (5.94197% change)
    iteration    5: trace = 0.4142826423580815 (2.89977% change)
    iteration    6: trace = 0.4058553417743308 (2.05509% change)
    iteration    7: trace = 0.4015922589336149 (1.05594% change)
    iteration    8: trace = 0.3983425267474678 (0.812499% change)
    iteration    9: trace = 0.3971273802907149 (0.305517% change)
    iteration   10: trace = 0.396595477484139 (0.134027% change)
    iteration   11: trace = 0.3964527757417801 (0.0359882% change)
    iteration   12: trace = 0.3963832814912392 (0.0175305% change)
    iteration   13: trace = 0.3963552196380304 (0.00707973% change)
    iteration   14: trace = 0.3963413679881466 (0.00349482% change)
    iteration   15: trace = 0.3963371625713775 (0.00106106% change)
    iteration   16: trace = 0.3963360562494269 (0.000279137% change)
    iteration   17: trace = 0.3963357935383016 (6.6285e-05% change)
    iteration   18: trace = 0.3963357204801454 (1.84334e-05% change)
    iteration   19: trace = 0.3963356870819539 (8.42674e-06% change)
    iteration   20: trace = 0.3963356707631775 (4.11741e-06% change)
    iteration   21: trace = 0.3963356642690571 (1.63854e-06% change)
    iteration   22: trace = 0.3963356628239781 (3.6461e-07% change)
    iteration   23: trace = 0.3963356624714128 (8.89562e-08% change)
    iteration   24: trace = 0.3963356624028622 (1.72961e-08% change)
    iteration   25: trace = 0.3963356623743006 (7.2064e-09% change)
Finished solving for bands 1 to 6 after 25 iterations.
tefreqs:, 1, -0.09, 0.14, 0, 0.143178, 0.0645077, 0.149073, 0.171776, 0.301391, 0.323177, 0.381005
elapsed time for k point: 2.6967263221740723
total elapsed time for run: 2.74160099029541
done
Initializing eigensolver data
Computing 6 bands with 1e-10 tolerance
Working in 2 dimensions.
Grid size is 336 x 112 x 1.
Solving for 6 bands at a time.
Creating Maxwell data...
Mesh size is 3.
Lattice vectors:
     (3, 0, 0)
     (0, 1, 0)
     (0, 0, 1)
Cell volume = 3
Reciprocal lattice vectors (/ 2 pi):
     (0.333333, -0, 0)
     (-0, 1, -0)
     (0, -0, 1)
Geometric objects:
     block, center = (0,0,0)
          size (1e+20,1e+20,1)
          axes (1,0,0), (0,1,0), (0,0,1)
     prism, center = (0.0267411,0,0.5)
          height 1, axis (0,0,1), sidewall angle: 0 radians, 4 vertices:
          (-0.223259,-0.25,0)
          (-0.223259,0.25,0)
          (0.276741,0.25,0)
          (0.276741,-0.25,0)
     prism, center = (1.00674,0,0.5)
          height 1, axis (0,0,1), sidewall angle: 0 radians, 4 vertices:
          (0.756741,-0.25,0)
          (0.756741,0.25,0)
          (1.25674,0.25,0)
          (1.25674,-0.25,0)
     prism, center = (2.01674,0,0.5)
          height 1, axis (0,0,1), sidewall angle: 0 radians, 4 vertices:
          (1.76674,-0.25,0)
          (1.76674,0.25,0)
          (2.26674,0.25,0)
          (2.26674,-0.25,0)
Geometric object tree has depth 2 and 21 object nodes (vs. 4 actual objects)
Initializing epsilon function...
Allocating fields...
Solving for band polarization: te.
Initializing fields to random numbers...
1 k-points
  Vector3<-0.09, 0.14, 0.0>
elapsed time for initialization: 0.04984712600708008
solve_kpoint (-0.09,0.14,0):
tefreqs:, k index, k1, k2, k3, kmag/2pi, te band 1, te band 2, te band 3, te band 4, te band 5, te band 6
Solving for bands 1 to 6...
    near maximum in trace
    iteration    1: trace = 2.170835513991987 (199.779% change)
    iteration    2: trace = 0.4753946247897086 (128.14% change)
    iteration    3: trace = 0.4205184281146879 (12.2503% change)
    iteration    4: trace = 0.4049502611880411 (3.77196% change)
    iteration    5: trace = 0.4010387873630788 (0.970602% change)
    iteration    6: trace = 0.3985976571910926 (0.61056% change)
    iteration    7: trace = 0.3975017540323163 (0.275318% change)
    iteration    8: trace = 0.3965830495176189 (0.231387% change)
    iteration    9: trace = 0.3963750591394044 (0.0524594% change)
    iteration   10: trace = 0.3962988572074021 (0.0192266% change)
    iteration   11: trace = 0.3962842960966753 (0.00367434% change)
    iteration   12: trace = 0.3962786922678702 (0.0014141% change)
    iteration   13: trace = 0.3962770254680313 (0.000420614% change)
    iteration   14: trace = 0.3962761505847859 (0.000220776% change)
    iteration   15: trace = 0.396275918116027 (5.86633e-05% change)
    iteration   16: trace = 0.396275846111929 (1.81702e-05% change)
    iteration   17: trace = 0.3962758315421943 (3.67666e-06% change)
    iteration   18: trace = 0.3962758275023405 (1.01946e-06% change)
    iteration   19: trace = 0.3962758261332334 (3.45493e-07% change)
    iteration   20: trace = 0.3962758253936887 (1.86624e-07% change)
    iteration   21: trace = 0.3962758249906726 (1.01701e-07% change)
    iteration   22: trace = 0.3962758248430043 (3.7264e-08% change)
    iteration   23: trace = 0.3962758248001614 (1.08114e-08% change)
    iteration   24: trace = 0.3962758247920988 (2.03458e-09% change)
Finished solving for bands 1 to 6 after 24 iterations.
tefreqs:, 1, -0.09, 0.14, 0, 0.143178, 0.0645027, 0.149065, 0.171787, 0.301312, 0.323193, 0.380974
elapsed time for k point: 2.760829210281372
total elapsed time for run: 2.8107550144195557
done
Initializing eigensolver data
Computing 6 bands with 1e-10 tolerance
Working in 2 dimensions.
Grid size is 336 x 112 x 1.
Solving for 6 bands at a time.
Creating Maxwell data...
Mesh size is 3.
Lattice vectors:
     (3, 0, 0)
     (0, 1, 0)
     (0, 0, 1)
Cell volume = 3
Reciprocal lattice vectors (/ 2 pi):
     (0.333333, -0, 0)
     (-0, 1, -0)
     (0, -0, 1)
Geometric objects:
     block, center = (0,0,0)
          size (1e+20,1e+20,1)
          axes (1,0,0), (0,1,0), (0,0,1)
     prism, center = (1.02674,0,0.5)
          height 1, axis (0,0,1), sidewall angle: 0 radians, 4 vertices:
          (0.776741,-0.25,0)
          (0.776741,0.25,0)
          (1.27674,0.25,0)
          (1.27674,-0.25,0)
     prism, center = (2.01674,0,0.5)
          height 1, axis (0,0,1), sidewall angle: 0 radians, 4 vertices:
          (1.76674,-0.25,0)
          (1.76674,0.25,0)
          (2.26674,0.25,0)
          (2.26674,-0.25,0)
     prism, center = (3.00674,0,0.5)
          height 1, axis (0,0,1), sidewall angle: 0 radians, 4 vertices:
          (2.75674,-0.25,0)
          (2.75674,0.25,0)
          (3.25674,0.25,0)
          (3.25674,-0.25,0)
Geometric object tree has depth 2 and 21 object nodes (vs. 4 actual objects)
Initializing epsilon function...
Allocating fields...
Solving for band polarization: te.
Initializing fields to random numbers...
1 k-points
  Vector3<-0.09, 0.14, 0.0>
elapsed time for initialization: 0.04366183280944824
solve_kpoint (-0.09,0.14,0):
tefreqs:, k index, k1, k2, k3, kmag/2pi, te band 1, te band 2, te band 3, te band 4, te band 5, te band 6
Solving for bands 1 to 6...
    near maximum in trace
    iteration    1: trace = 1.946550677294882 (199.803% change)
    iteration    2: trace = 0.4870383039406475 (119.947% change)
    iteration    3: trace = 0.4260385348893745 (13.3614% change)
    iteration    4: trace = 0.4066037173813776 (4.66823% change)
    iteration    5: trace = 0.4016396379278657 (1.22836% change)
    iteration    6: trace = 0.3989424606642912 (0.673804% change)
    iteration    7: trace = 0.3976833036451614 (0.316123% change)
    iteration    8: trace = 0.3966278895022757 (0.265743% change)
    iteration    9: trace = 0.3963868502407392 (0.0607906% change)
    iteration   10: trace = 0.3963072302138683 (0.0200885% change)
    iteration   11: trace = 0.3962892158201953 (0.00454567% change)
    iteration   12: trace = 0.3962808329335873 (0.00211537% change)
    iteration   13: trace = 0.3962775177558743 (0.000836576% change)
    iteration   14: trace = 0.3962761204271664 (0.000352614% change)
    iteration   15: trace = 0.396275786524462 (8.42601e-05% change)
    iteration   16: trace = 0.3962756920585145 (2.38384e-05% change)
    iteration   17: trace = 0.3962756703205308 (5.48557e-06% change)
    iteration   18: trace = 0.3962756614294592 (2.24366e-06% change)
    iteration   19: trace = 0.3962756566110757 (1.21592e-06% change)
    iteration   20: trace = 0.3962756545212601 (5.27364e-07% change)
    iteration   21: trace = 0.3962756539300536 (1.49191e-07% change)
    iteration   22: trace = 0.3962756537936512 (3.44211e-08% change)
    iteration   23: trace = 0.3962756537523222 (1.04294e-08% change)
    iteration   24: trace = 0.3962756537386385 (3.45308e-09% change)
Finished solving for bands 1 to 6 after 24 iterations.
tefreqs:, 1, -0.09, 0.14, 0, 0.143178, 0.0645027, 0.149066, 0.171786, 0.301294, 0.323218, 0.380967
elapsed time for k point: 3.1343472003936768
total elapsed time for run: 3.1780893802642822
done
Initializing eigensolver data
Computing 6 bands with 1e-10 tolerance
Working in 2 dimensions.
Grid size is 336 x 112 x 1.
Solving for 6 bands at a time.
Creating Maxwell data...
Mesh size is 3.
Lattice vectors:
     (3, 0, 0)
     (0, 1, 0)
     (0, 0, 1)
Cell volume = 3
Reciprocal lattice vectors (/ 2 pi):
     (0.333333, -0, 0)
     (-0, 1, -0)
     (0, -0, 1)
Geometric objects:
     block, center = (0,0,0)
          size (1e+20,1e+20,1)
          axes (1,0,0), (0,1,0), (0,0,1)
     prism, center = (0.0317411,0,0.5)
          height 1, axis (0,0,1), sidewall angle: 0 radians, 4 vertices:
          (-0.218259,-0.25,0)
          (-0.218259,0.25,0)
          (0.281741,0.25,0)
          (0.281741,-0.25,0)
     prism, center = (1.00174,0,0.5)
          height 1, axis (0,0,1), sidewall angle: 0 radians, 4 vertices:
          (0.751741,-0.25,0)
          (0.751741,0.25,0)
          (1.25174,0.25,0)
          (1.25174,-0.25,0)
     prism, center = (2.01674,0,0.5)
          height 1, axis (0,0,1), sidewall angle: 0 radians, 4 vertices:
          (1.76674,-0.25,0)
          (1.76674,0.25,0)
          (2.26674,0.25,0)
          (2.26674,-0.25,0)
Geometric object tree has depth 2 and 21 object nodes (vs. 4 actual objects)
Initializing epsilon function...
Allocating fields...
Solving for band polarization: te.
Initializing fields to random numbers...
1 k-points
  Vector3<-0.09, 0.14, 0.0>
elapsed time for initialization: 0.03677678108215332
solve_kpoint (-0.09,0.14,0):
tefreqs:, k index, k1, k2, k3, kmag/2pi, te band 1, te band 2, te band 3, te band 4, te band 5, te band 6
Solving for bands 1 to 6...
    near maximum in trace
    iteration    1: trace = 2.433788161451284 (199.755% change)
    iteration    2: trace = 0.6947111903296161 (111.176% change)
    iteration    3: trace = 0.4721837570536001 (38.1401% change)
    iteration    4: trace = 0.4330172341845485 (8.65366% change)
    iteration    5: trace = 0.411600388689058 (5.07137% change)
    iteration    6: trace = 0.4056417305943679 (1.45824% change)
    iteration    7: trace = 0.4008536488380354 (1.18738% change)
    iteration    8: trace = 0.3983659694492074 (0.622527% change)
    iteration    9: trace = 0.3968436757929658 (0.382866% change)
    iteration   10: trace = 0.3964803667381698 (0.0915916% change)
    iteration   11: trace = 0.3963518236828601 (0.0324263% change)
    iteration   12: trace = 0.3963240675790938 (0.00700314% change)
    iteration   13: trace = 0.3963074195009704 (0.00420071% change)
    iteration   14: trace = 0.396300663845956 (0.00170466% change)
    iteration   15: trace = 0.3962971494966921 (0.000886793% change)
    iteration   16: trace = 0.3962962603102027 (0.000224374% change)
    iteration   17: trace = 0.3962959232441434 (8.50541e-05% change)
    iteration   18: trace = 0.396295824871043 (2.48231e-05% change)
    iteration   19: trace = 0.3962957727550256 (1.31508e-05% change)
    iteration   20: trace = 0.3962957520959459 (5.21305e-06% change)
    iteration   21: trace = 0.396295745092049 (1.76734e-06% change)
    iteration   22: trace = 0.3962957435236089 (3.95775e-07% change)
    iteration   23: trace = 0.3962957431860323 (8.5183e-08% change)
    iteration   24: trace = 0.3962957430954189 (2.28651e-08% change)
    iteration   25: trace = 0.3962957430709782 (6.16728e-09% change)
Finished solving for bands 1 to 6 after 25 iterations.
tefreqs:, 1, -0.09, 0.14, 0, 0.143178, 0.0645115, 0.149061, 0.171833, 0.301104, 0.323318, 0.381039
elapsed time for k point: 3.1541805267333984
total elapsed time for run: 3.1911792755126953
done
Initializing eigensolver data
Computing 6 bands with 1e-10 tolerance
Working in 2 dimensions.
Grid size is 336 x 112 x 1.
Solving for 6 bands at a time.
Creating Maxwell data...
Mesh size is 3.
Lattice vectors:
     (3, 0, 0)
     (0, 1, 0)
     (0, 0, 1)
Cell volume = 3
Reciprocal lattice vectors (/ 2 pi):
     (0.333333, -0, 0)
     (-0, 1, -0)
     (0, -0, 1)
Geometric objects:
     block, center = (0,0,0)
          size (1e+20,1e+20,1)
          axes (1,0,0), (0,1,0), (0,0,1)
     prism, center = (1.03174,0,0.5)
          height 1, axis (0,0,1), sidewall angle: 0 radians, 4 vertices:
          (0.781741,-0.25,0)
          (0.781741,0.25,0)
          (1.28174,0.25,0)
          (1.28174,-0.25,0)
     prism, center = (2.01674,0,0.5)
          height 1, axis (0,0,1), sidewall angle: 0 radians, 4 vertices:
          (1.76674,-0.25,0)
          (1.76674,0.25,0)
          (2.26674,0.25,0)
          (2.26674,-0.25,0)
     prism, center = (3.00174,0,0.5)
          height 1, axis (0,0,1), sidewall angle: 0 radians, 4 vertices:
          (2.75174,-0.25,0)
          (2.75174,0.25,0)
          (3.25174,0.25,0)
          (3.25174,-0.25,0)
Geometric object tree has depth 2 and 21 object nodes (vs. 4 actual objects)
Initializing epsilon function...
Allocating fields...
Solving for band polarization: te.
Initializing fields to random numbers...
1 k-points
  Vector3<-0.09, 0.14, 0.0>
elapsed time for initialization: 0.05016517639160156
solve_kpoint (-0.09,0.14,0):
tefreqs:, k index, k1, k2, k3, kmag/2pi, te band 1, te band 2, te band 3, te band 4, te band 5, te band 6
Solving for bands 1 to 6...
    near maximum in trace
    iteration    1: trace = 2.290607619849528 (199.769% change)
    iteration    2: trace = 0.5794864330997618 (119.238% change)
    iteration    3: trace = 0.4238535073110969 (31.023% change)
    iteration    4: trace = 0.4075085411397018 (3.93209% change)
    iteration    5: trace = 0.4006598566492894 (1.69487% change)
    iteration    6: trace = 0.3988956491863769 (0.441297% change)
    iteration    7: trace = 0.3974283203824441 (0.368526% change)
    iteration    8: trace = 0.3967463784981274 (0.171736% change)
    iteration    9: trace = 0.3963952263547693 (0.0885472% change)
    iteration   10: trace = 0.3963318037793898 (0.0160011% change)
    iteration   11: trace = 0.3963086159632929 (0.00585078% change)
    iteration   12: trace = 0.3963024996429608 (0.00154333% change)
    iteration   13: trace = 0.3962986244103787 (0.000977852% change)
    iteration   14: trace = 0.3962971643702012 (0.00036842% change)
    iteration   15: trace = 0.3962966009862448 (0.000142162% change)
    iteration   16: trace = 0.3962965006107279 (2.53284e-05% change)
    iteration   17: trace = 0.3962964680174915 (8.22446e-06% change)
    iteration   18: trace = 0.3962964580869885 (2.50583e-06% change)
    iteration   19: trace = 0.3962964529414991 (1.29839e-06% change)
    iteration   20: trace = 0.3962964510265937 (4.832e-07% change)
    iteration   21: trace = 0.396296450274587 (1.89759e-07% change)
    iteration   22: trace = 0.3962964500851379 (4.78049e-08% change)
    iteration   23: trace = 0.3962964500272119 (1.46168e-08% change)
    iteration   24: trace = 0.3962964500038466 (5.8959e-09% change)
Finished solving for bands 1 to 6 after 24 iterations.
tefreqs:, 1, -0.09, 0.14, 0, 0.143178, 0.0645116, 0.149064, 0.171827, 0.301046, 0.323403, 0.381014
elapsed time for k point: 3.0307202339172363
total elapsed time for run: 3.0809764862060547
done
Initializing eigensolver data
Computing 6 bands with 1e-10 tolerance
Working in 2 dimensions.
Grid size is 336 x 112 x 1.
Solving for 6 bands at a time.
Creating Maxwell data...
Mesh size is 3.
Lattice vectors:
     (3, 0, 0)
     (0, 1, 0)
     (0, 0, 1)
Cell volume = 3
Reciprocal lattice vectors (/ 2 pi):
     (0.333333, -0, 0)
     (-0, 1, -0)
     (0, -0, 1)
Geometric objects:
     block, center = (0,0,0)
          size (1e+20,1e+20,1)
          axes (1,0,0), (0,1,0), (0,0,1)
     prism, center = (0.0367411,0,0.5)
          height 1, axis (0,0,1), sidewall angle: 0 radians, 4 vertices:
          (-0.213259,-0.25,0)
          (-0.213259,0.25,0)
          (0.286741,0.25,0)
          (0.286741,-0.25,0)
     prism, center = (0.996741,0,0.5)
          height 1, axis (0,0,1), sidewall angle: 0 radians, 4 vertices:
          (0.746741,-0.25,0)
          (0.746741,0.25,0)
          (1.24674,0.25,0)
          (1.24674,-0.25,0)
     prism, center = (2.01674,0,0.5)
          height 1, axis (0,0,1), sidewall angle: 0 radians, 4 vertices:
          (1.76674,-0.25,0)
          (1.76674,0.25,0)
          (2.26674,0.25,0)
          (2.26674,-0.25,0)
Geometric object tree has depth 2 and 21 object nodes (vs. 4 actual objects)
Initializing epsilon function...
Allocating fields...
Solving for band polarization: te.
Initializing fields to random numbers...
1 k-points
  Vector3<-0.09, 0.14, 0.0>
elapsed time for initialization: 0.037551164627075195
solve_kpoint (-0.09,0.14,0):
tefreqs:, k index, k1, k2, k3, kmag/2pi, te band 1, te band 2, te band 3, te band 4, te band 5, te band 6
Solving for bands 1 to 6...
    near maximum in trace
    iteration    1: trace = 2.21238401563147 (199.777% change)
    iteration    2: trace = 0.5537135830837193 (119.929% change)
    iteration    3: trace = 0.4593319655163658 (18.6332% change)
    iteration    4: trace = 0.4203581093095891 (8.86082% change)
    iteration    5: trace = 0.4080217462255692 (2.97843% change)
    iteration    6: trace = 0.4021554335533526 (1.44816% change)
    iteration    7: trace = 0.3994309030820603 (0.679785% change)
    iteration    8: trace = 0.3973983859181807 (0.510151% change)
    iteration    9: trace = 0.396690030467783 (0.178407% change)
    iteration   10: trace = 0.3964017456714838 (0.072699% change)
    iteration   11: trace = 0.396316524672679 (0.021501% change)
    iteration   12: trace = 0.3962757312212582 (0.0102937% change)
    iteration   13: trace = 0.3962577272076877 (0.00454341% change)
    iteration   14: trace = 0.3962498722479549 (0.00198231% change)
    iteration   15: trace = 0.3962478043111591 (0.000521878% change)
    iteration   16: trace = 0.3962472074685451 (0.000150624% change)
    iteration   17: trace = 0.3962469905584443 (5.47411e-05% change)
    iteration   18: trace = 0.3962469012101572 (2.25486e-05% change)
    iteration   19: trace = 0.3962468588169907 (1.06987e-05% change)
    iteration   20: trace = 0.3962468432699132 (3.92358e-06% change)
    iteration   21: trace = 0.3962468385059657 (1.20227e-06% change)
    iteration   22: trace = 0.3962468376543606 (2.14918e-07% change)
    iteration   23: trace = 0.3962468374326616 (5.59497e-08% change)
    iteration   24: trace = 0.396246837385237 (1.19685e-08% change)
    iteration   25: trace = 0.396246837365999 (4.85504e-09% change)
Finished solving for bands 1 to 6 after 25 iterations.
tefreqs:, 1, -0.09, 0.14, 0, 0.143178, 0.0645137, 0.149047, 0.17189, 0.300827, 0.32344, 0.381069
elapsed time for k point: 3.0887293815612793
total elapsed time for run: 3.1263649463653564
done
Initializing eigensolver data
Computing 6 bands with 1e-10 tolerance
Working in 2 dimensions.
Grid size is 336 x 112 x 1.
Solving for 6 bands at a time.
Creating Maxwell data...
Mesh size is 3.
Lattice vectors:
     (3, 0, 0)
     (0, 1, 0)
     (0, 0, 1)
Cell volume = 3
Reciprocal lattice vectors (/ 2 pi):
     (0.333333, -0, 0)
     (-0, 1, -0)
     (0, -0, 1)
Geometric objects:
     block, center = (0,0,0)
          size (1e+20,1e+20,1)
          axes (1,0,0), (0,1,0), (0,0,1)
     prism, center = (1.03674,0,0.5)
          height 1, axis (0,0,1), sidewall angle: 0 radians, 4 vertices:
          (0.786741,-0.25,0)
          (0.786741,0.25,0)
          (1.28674,0.25,0)
          (1.28674,-0.25,0)
     prism, center = (2.01674,0,0.5)
          height 1, axis (0,0,1), sidewall angle: 0 radians, 4 vertices:
          (1.76674,-0.25,0)
          (1.76674,0.25,0)
          (2.26674,0.25,0)
          (2.26674,-0.25,0)
     prism, center = (2.99674,0,0.5)
          height 1, axis (0,0,1), sidewall angle: 0 radians, 4 vertices:
          (2.74674,-0.25,0)
          (2.74674,0.25,0)
          (3.24674,0.25,0)
          (3.24674,-0.25,0)
Geometric object tree has depth 2 and 21 object nodes (vs. 4 actual objects)
Initializing epsilon function...
Allocating fields...
Solving for band polarization: te.
Initializing fields to random numbers...
1 k-points
  Vector3<-0.09, 0.14, 0.0>
elapsed time for initialization: 0.04515576362609863
solve_kpoint (-0.09,0.14,0):
tefreqs:, k index, k1, k2, k3, kmag/2pi, te band 1, te band 2, te band 3, te band 4, te band 5, te band 6
Solving for bands 1 to 6...
    near maximum in trace
    iteration    1: trace = 2.31229060718879 (199.767% change)
    iteration    2: trace = 0.5872491352567301 (118.987% change)
    iteration    3: trace = 0.4272567751434448 (31.5409% change)
    iteration    4: trace = 0.4122770916302226 (3.56857% change)
    iteration    5: trace = 0.4047725562389926 (1.83698% change)
    iteration    6: trace = 0.4008932512767984 (0.963006% change)
    iteration    7: trace = 0.3976725499710778 (0.806621% change)
    iteration    8: trace = 0.3968431184337311 (0.208789% change)
    iteration    9: trace = 0.3964362407822336 (0.102581% change)
    iteration   10: trace = 0.3963396635324381 (0.0243643% change)
    iteration   11: trace = 0.3962865340673324 (0.0134059% change)
    iteration   12: trace = 0.3962661133140531 (0.00515316% change)
    iteration   13: trace = 0.3962542517468847 (0.00299338% change)
    iteration   14: trace = 0.3962510628181202 (0.000804772% change)
    iteration   15: trace = 0.3962498340710534 (0.000310094% change)
    iteration   16: trace = 0.3962495512758027 (7.13679e-05% change)
    iteration   17: trace = 0.3962494124149631 (3.50438e-05% change)
    iteration   18: trace = 0.3962493618216393 (1.27681e-05% change)
    iteration   19: trace = 0.3962493397633105 (5.56678e-06% change)
    iteration   20: trace = 0.3962493346107325 (1.30034e-06% change)
    iteration   21: trace = 0.3962493333811133 (3.10315e-07% change)
    iteration   22: trace = 0.3962493331387332 (6.11686e-08% change)
    iteration   23: trace = 0.396249333071425 (1.69863e-08% change)
    iteration   24: trace = 0.396249333042724 (7.24316e-09% change)
Finished solving for bands 1 to 6 after 24 iterations.
tefreqs:, 1, -0.09, 0.14, 0, 0.143178, 0.064514, 0.149054, 0.171877, 0.300693, 0.323636, 0.381014
elapsed time for k point: 4.308064699172974
total elapsed time for run: 4.353314399719238
done
Initializing eigensolver data
Computing 6 bands with 1e-10 tolerance
Working in 2 dimensions.
Grid size is 336 x 112 x 1.
Solving for 6 bands at a time.
Creating Maxwell data...
Mesh size is 3.
Lattice vectors:
     (3, 0, 0)
     (0, 1, 0)
     (0, 0, 1)
Cell volume = 3
Reciprocal lattice vectors (/ 2 pi):
     (0.333333, -0, 0)
     (-0, 1, -0)
     (0, -0, 1)
Geometric objects:
     block, center = (0,0,0)
          size (1e+20,1e+20,1)
          axes (1,0,0), (0,1,0), (0,0,1)
     prism, center = (0.0189771,-1.38778e-17,0.5)
          height 1, axis (0,0,1), sidewall angle: 0 radians, 4 vertices:
          (0.268977,0.25,0)
          (-0.231023,0.25,0)
          (-0.231023,-0.25,0)
          (0.268977,-0.25,0)
     prism, center = (1.0195,-1.38778e-17,0.5)
          height 1, axis (0,0,1), sidewall angle: 0 radians, 4 vertices:
          (1.2695,0.25,0)
          (0.769496,0.25,0)
          (0.769496,-0.25,0)
          (1.2695,-0.25,0)
     prism, center = (2.01175,-1.38778e-17,0.5)
          height 1, axis (0,0,1), sidewall angle: 0 radians, 4 vertices:
          (2.26175,0.25,0)
          (1.76175,0.25,0)
          (1.76175,-0.25,0)
          (2.26175,-0.25,0)
Geometric object tree has depth 2 and 21 object nodes (vs. 4 actual objects)
Initializing epsilon function...
Allocating fields...
Solving for band polarization: te.
Initializing fields to random numbers...
1 k-points
  Vector3<-0.09, 0.14, 0.0>
elapsed time for initialization: 0.04392814636230469
solve_kpoint (-0.09,0.14,0):
tefreqs:, k index, k1, k2, k3, kmag/2pi, te band 1, te band 2, te band 3, te band 4, te band 5, te band 6
Solving for bands 1 to 6...
    near maximum in trace
    iteration    1: trace = 2.139984541999761 (199.784% change)
    iteration    2: trace = 0.563567590632867 (116.618% change)
    iteration    3: trace = 0.4226810390441362 (28.5702% change)
    iteration    4: trace = 0.407177880526433 (3.73634% change)
    iteration    5: trace = 0.3998497906345135 (1.81607% change)
    iteration    6: trace = 0.3977314885369279 (0.531181% change)
    iteration    7: trace = 0.3962668155746966 (0.368936% change)
    iteration    8: trace = 0.3957678916246979 (0.125985% change)
    iteration    9: trace = 0.3955555146076488 (0.0536764% change)
    iteration   10: trace = 0.3955196480814237 (0.00906779% change)
    iteration   11: trace = 0.39550623367394 (0.00339165% change)
    iteration   12: trace = 0.3955018628220613 (0.00110513% change)
    iteration   13: trace = 0.3954991631563642 (0.000682595% change)
    iteration   14: trace = 0.3954983116817756 (0.000215291% change)
    iteration   15: trace = 0.3954980125931527 (7.56233e-05% change)
    iteration   16: trace = 0.3954979436165759 (1.74404e-05% change)
    iteration   17: trace = 0.3954979157066266 (7.05691e-06% change)
    iteration   18: trace = 0.3954979042366863 (2.90013e-06% change)
    iteration   19: trace = 0.3954978980511211 (1.56399e-06% change)
    iteration   20: trace = 0.3954978960356923 (5.09593e-07% change)
    iteration   21: trace = 0.3954978954367848 (1.51431e-07% change)
    iteration   22: trace = 0.3954978953112882 (3.17313e-08% change)
    iteration   23: trace = 0.3954978952819541 (7.41702e-09% change)
Finished solving for bands 1 to 6 after 23 iterations.
tefreqs:, 1, -0.09, 0.14, 0, 0.143178, 0.0645047, 0.148939, 0.171621, 0.300924, 0.322598, 0.380889
elapsed time for k point: 3.864847183227539
total elapsed time for run: 3.908864736557007
done
Initializing eigensolver data
Computing 6 bands with 1e-10 tolerance
Working in 2 dimensions.
Grid size is 336 x 112 x 1.
Solving for 6 bands at a time.
Creating Maxwell data...
Mesh size is 3.
Lattice vectors:
     (3, 0, 0)
     (0, 1, 0)
     (0, 0, 1)
Cell volume = 3
Reciprocal lattice vectors (/ 2 pi):
     (0.333333, -0, 0)
     (-0, 1, -0)
     (0, -0, 1)
Geometric objects:
     block, center = (0,0,0)
          size (1e+20,1e+20,1)
          axes (1,0,0), (0,1,0), (0,0,1)
     prism, center = (0.014505,-1.38778e-17,0.5)
          height 1, axis (0,0,1), sidewall angle: 0 radians, 4 vertices:
          (0.264505,0.25,0)
          (-0.235495,0.25,0)
          (-0.235495,-0.25,0)
          (0.264505,-0.25,0)
     prism, center = (1.01399,-1.38778e-17,0.5)
          height 1, axis (0,0,1), sidewall angle: 0 radians, 4 vertices:
          (1.26399,0.25,0)
          (0.763986,0.25,0)
          (0.763986,-0.25,0)
          (1.26399,-0.25,0)
     prism, center = (2.02173,-1.38778e-17,0.5)
          height 1, axis (0,0,1), sidewall angle: 0 radians, 4 vertices:
          (2.27173,0.25,0)
          (1.77173,0.25,0)
          (1.77173,-0.25,0)
          (2.27173,-0.25,0)
Geometric object tree has depth 2 and 21 object nodes (vs. 4 actual objects)
Initializing epsilon function...
Allocating fields...
Solving for band polarization: te.
Initializing fields to random numbers...
1 k-points
  Vector3<-0.09, 0.14, 0.0>
elapsed time for initialization: 0.0425562858581543
solve_kpoint (-0.09,0.14,0):
tefreqs:, k index, k1, k2, k3, kmag/2pi, te band 1, te band 2, te band 3, te band 4, te band 5, te band 6
Solving for bands 1 to 6...
    near maximum in trace
    iteration    1: trace = 2.695344600808996 (199.728% change)
    iteration    2: trace = 0.6571898802017584 (121.589% change)
    iteration    3: trace = 0.4700210532846722 (33.2092% change)
    iteration    4: trace = 0.4400666939282677 (6.58274% change)
    iteration    5: trace = 0.4260026381822934 (3.24779% change)
    iteration    6: trace = 0.422328870152589 (0.866116% change)
    iteration    7: trace = 0.4203302680592859 (0.474356% change)
    iteration    8: trace = 0.4194119466612425 (0.218715% change)
    large trace change predicted (0.445718%)
    iteration    9: trace = 0.4175419142735077 (0.446866% change)
    large trace change predicted (1.3345%)
    iteration   10: trace = 0.4129965506069589 (1.09456% change)
    iteration   11: trace = 0.4067910064797856 (1.51394% change)
    iteration   12: trace = 0.4023581977425434 (1.09567% change)
    iteration   13: trace = 0.3988035094668994 (0.887383% change)
    iteration   14: trace = 0.3971068143904066 (0.426353% change)
    iteration   15: trace = 0.3960448457714144 (0.267785% change)
    iteration   16: trace = 0.3957248961568534 (0.0808189% change)
    iteration   17: trace = 0.3956273507534075 (0.0246528% change)
    iteration   18: trace = 0.3955972005774532 (0.00762114% change)
    iteration   19: trace = 0.3955863282201963 (0.00274838% change)
    iteration   20: trace = 0.3955810551606643 (0.00133298% change)
    iteration   21: trace = 0.3955789627825915 (0.000528939% change)
    iteration   22: trace = 0.395578224348425 (0.000186672% change)
    iteration   23: trace = 0.3955780297333309 (4.91976e-05% change)
    iteration   24: trace = 0.3955779582220533 (1.80777e-05% change)
    iteration   25: trace = 0.3955779318782301 (6.65958e-06% change)
    iteration   26: trace = 0.3955779219380392 (2.51283e-06% change)
    iteration   27: trace = 0.3955779183746141 (9.00815e-07% change)
    iteration   28: trace = 0.3955779170072196 (3.4567e-07% change)
    iteration   29: trace = 0.395577916597168 (1.03659e-07% change)
    iteration   30: trace = 0.3955779164617207 (3.42404e-08% change)
    iteration   31: trace = 0.3955779163964668 (1.64958e-08% change)
    iteration   32: trace = 0.3955779163712679 (6.37015e-09% change)
Finished solving for bands 1 to 6 after 32 iterations.
tefreqs:, 1, -0.09, 0.14, 0, 0.143178, 0.0645148, 0.148947, 0.171628, 0.300949, 0.322621, 0.380946
elapsed time for k point: 11.434682846069336
total elapsed time for run: 11.477438688278198
done
Initializing eigensolver data
Computing 6 bands with 1e-10 tolerance
Working in 2 dimensions.
Grid size is 336 x 112 x 1.
Solving for 6 bands at a time.
Creating Maxwell data...
Mesh size is 3.
Lattice vectors:
     (3, 0, 0)
     (0, 1, 0)
     (0, 0, 1)
Cell volume = 3
Reciprocal lattice vectors (/ 2 pi):
     (0.333333, -0, 0)
     (-0, 1, -0)
     (0, -0, 1)
Geometric objects:
     block, center = (0,0,0)
          size (1e+20,1e+20,1)
          axes (1,0,0), (0,1,0), (0,0,1)
     prism, center = (0.0200952,-1.38778e-17,0.5)
          height 1, axis (0,0,1), sidewall angle: 0 radians, 4 vertices:
          (0.270095,0.25,0)
          (-0.229905,0.25,0)
          (-0.229905,-0.25,0)
          (0.270095,-0.25,0)
     prism, center = (1.02087,-1.38778e-17,0.5)
          height 1, axis (0,0,1), sidewall angle: 0 radians, 4 vertices:
          (1.27087,0.25,0)
          (0.770873,0.25,0)
          (0.770873,-0.25,0)
          (1.27087,-0.25,0)
     prism, center = (2.00925,-1.38778e-17,0.5)
          height 1, axis (0,0,1), sidewall angle: 0 radians, 4 vertices:
          (2.25925,0.25,0)
          (1.75925,0.25,0)
          (1.75925,-0.25,0)
          (2.25925,-0.25,0)
Geometric object tree has depth 2 and 21 object nodes (vs. 4 actual objects)
Initializing epsilon function...
Allocating fields...
Solving for band polarization: te.
Initializing fields to random numbers...
1 k-points
  Vector3<-0.09, 0.14, 0.0>
elapsed time for initialization: 0.13031435012817383
solve_kpoint (-0.09,0.14,0):
tefreqs:, k index, k1, k2, k3, kmag/2pi, te band 1, te band 2, te band 3, te band 4, te band 5, te band 6
Solving for bands 1 to 6...
    near maximum in trace
    iteration    1: trace = 2.548394442631614 (199.742% change)
    iteration    2: trace = 0.6015159536088809 (123.615% change)
    iteration    3: trace = 0.4352357702277979 (32.0771% change)
    iteration    4: trace = 0.4115863018980002 (5.58546% change)
    iteration    5: trace = 0.4015698973307036 (2.46359% change)
    iteration    6: trace = 0.3987396402824778 (0.707291% change)
    iteration    7: trace = 0.3967689808843791 (0.495446% change)
    iteration    8: trace = 0.3959829354392742 (0.198308% change)
    iteration    9: trace = 0.3955532682101032 (0.108565% change)
    iteration   10: trace = 0.3954687094219942 (0.0213796% change)
    iteration   11: trace = 0.3954369139753063 (0.00804026% change)
    iteration   12: trace = 0.3954271966735321 (0.00245739% change)
    iteration   13: trace = 0.3954210732343194 (0.00154857% change)
    iteration   14: trace = 0.3954192039287109 (0.000472739% change)
    iteration   15: trace = 0.3954184383285895 (0.000193618% change)
    iteration   16: trace = 0.395418275709235 (4.11259e-05% change)
    iteration   17: trace = 0.3954182170079585 (1.48454e-05% change)
    iteration   18: trace = 0.3954182014111169 (3.94439e-06% change)
    iteration   19: trace = 0.3954181928690561 (2.16026e-06% change)
    iteration   20: trace = 0.3954181895489446 (8.39646e-07% change)
    iteration   21: trace = 0.3954181883361939 (3.06701e-07% change)
    iteration   22: trace = 0.3954181880962514 (6.06807e-08% change)
    iteration   23: trace = 0.3954181880403996 (1.41247e-08% change)
    iteration   24: trace = 0.3954181880283995 (3.03479e-09% change)
Finished solving for bands 1 to 6 after 24 iterations.
tefreqs:, 1, -0.09, 0.14, 0, 0.143178, 0.0644929, 0.148932, 0.171623, 0.300868, 0.322614, 0.380818
elapsed time for k point: 8.136769533157349
total elapsed time for run: 8.267285108566284
done
Initializing eigensolver data
Computing 6 bands with 1e-10 tolerance
Working in 2 dimensions.
Grid size is 336 x 112 x 1.
Solving for 6 bands at a time.
Creating Maxwell data...
Mesh size is 3.
Lattice vectors:
     (3, 0, 0)
     (0, 1, 0)
     (0, 0, 1)
Cell volume = 3
Reciprocal lattice vectors (/ 2 pi):
     (0.333333, -0, 0)
     (-0, 1, -0)
     (0, -0, 1)
Geometric objects:
     block, center = (0,0,0)
          size (1e+20,1e+20,1)
          axes (1,0,0), (0,1,0), (0,0,1)
     prism, center = (0.013387,-1.38778e-17,0.5)
          height 1, axis (0,0,1), sidewall angle: 0 radians, 4 vertices:
          (0.263387,0.25,0)
          (-0.236613,0.25,0)
          (-0.236613,-0.25,0)
          (0.263387,-0.25,0)
     prism, center = (1.01261,-1.38778e-17,0.5)
          height 1, axis (0,0,1), sidewall angle: 0 radians, 4 vertices:
          (1.26261,0.25,0)
          (0.762609,0.25,0)
          (0.762609,-0.25,0)
          (1.26261,-0.25,0)
     prism, center = (2.02423,-1.38778e-17,0.5)
          height 1, axis (0,0,1), sidewall angle: 0 radians, 4 vertices:
          (2.27423,0.25,0)
          (1.77423,0.25,0)
          (1.77423,-0.25,0)
          (2.27423,-0.25,0)
Geometric object tree has depth 2 and 21 object nodes (vs. 4 actual objects)
Initializing epsilon function...
Allocating fields...
Solving for band polarization: te.
Initializing fields to random numbers...
1 k-points
  Vector3<-0.09, 0.14, 0.0>
elapsed time for initialization: 0.07649731636047363
solve_kpoint (-0.09,0.14,0):
tefreqs:, k index, k1, k2, k3, kmag/2pi, te band 1, te band 2, te band 3, te band 4, te band 5, te band 6
Solving for bands 1 to 6...
    near maximum in trace
    iteration    1: trace = 2.137789700236445 (199.785% change)
    iteration    2: trace = 0.65443190626063 (106.249% change)
    iteration    3: trace = 0.4603273098368386 (34.8245% change)
    iteration    4: trace = 0.4348505646576875 (5.692% change)
    iteration    5: trace = 0.4165780683353978 (4.2922% change)
    iteration    6: trace = 0.4086139846071312 (1.93024% change)
    iteration    7: trace = 0.4015651542235564 (1.74007% change)
    iteration    8: trace = 0.398217648765269 (0.837104% change)
    iteration    9: trace = 0.3963247109995135 (0.476485% change)
    iteration   10: trace = 0.3958954574118709 (0.108367% change)
    iteration   11: trace = 0.3957098425387631 (0.0468958% change)
    iteration   12: trace = 0.3956584434518666 (0.0129899% change)
    iteration   13: trace = 0.3956263190004683 (0.00811957% change)
    iteration   14: trace = 0.3956142378523664 (0.00305372% change)
    iteration   15: trace = 0.3956084093672902 (0.00147329% change)
    iteration   16: trace = 0.3956070088856368 (0.000354008% change)
    iteration   17: trace = 0.3956065255058079 (0.000122187% change)
    iteration   18: trace = 0.395606365852228 (4.03567e-05% change)
    iteration   19: trace = 0.3956062937872407 (1.82163e-05% change)
    iteration   20: trace = 0.3956062621047616 (8.00859e-06% change)
    iteration   21: trace = 0.3956062504341842 (2.95005e-06% change)
    iteration   22: trace = 0.395606246849067 (9.06234e-07% change)
    iteration   23: trace = 0.3956062459977452 (2.15194e-07% change)
    iteration   24: trace = 0.3956062456595073 (8.54986e-08% change)
    iteration   25: trace = 0.3956062455285778 (3.30959e-08% change)
    iteration   26: trace = 0.3956062454721684 (1.4259e-08% change)
    iteration   27: trace = 0.3956062454567622 (3.89435e-09% change)
Finished solving for bands 1 to 6 after 27 iterations.
tefreqs:, 1, -0.09, 0.14, 0, 0.143178, 0.0645198, 0.148948, 0.171638, 0.300904, 0.322661, 0.380979
elapsed time for k point: 11.093576669692993
total elapsed time for run: 11.170198917388916
done
Initializing eigensolver data
Computing 6 bands with 1e-10 tolerance
Working in 2 dimensions.
Grid size is 336 x 112 x 1.
Solving for 6 bands at a time.
Creating Maxwell data...
Mesh size is 3.
Lattice vectors:
     (3, 0, 0)
     (0, 1, 0)
     (0, 0, 1)
Cell volume = 3
Reciprocal lattice vectors (/ 2 pi):
     (0.333333, -0, 0)
     (-0, 1, -0)
     (0, -0, 1)
Geometric objects:
     block, center = (0,0,0)
          size (1e+20,1e+20,1)
          axes (1,0,0), (0,1,0), (0,0,1)
     prism, center = (0.0212132,-1.38778e-17,0.5)
          height 1, axis (0,0,1), sidewall angle: 0 radians, 4 vertices:
          (0.271213,0.25,0)
          (-0.228787,0.25,0)
          (-0.228787,-0.25,0)
          (0.271213,-0.25,0)
     prism, center = (1.02225,-1.38778e-17,0.5)
          height 1, axis (0,0,1), sidewall angle: 0 radians, 4 vertices:
          (1.27225,0.25,0)
          (0.772251,0.25,0)
          (0.772251,-0.25,0)
          (1.27225,-0.25,0)
     prism, center = (2.00676,-1.38778e-17,0.5)
          height 1, axis (0,0,1), sidewall angle: 0 radians, 4 vertices:
          (2.25676,0.25,0)
          (1.75676,0.25,0)
          (1.75676,-0.25,0)
          (2.25676,-0.25,0)
Geometric object tree has depth 2 and 21 object nodes (vs. 4 actual objects)
Initializing epsilon function...
Allocating fields...
Solving for band polarization: te.
Initializing fields to random numbers...
1 k-points
  Vector3<-0.09, 0.14, 0.0>
elapsed time for initialization: 0.12272286415100098
solve_kpoint (-0.09,0.14,0):
tefreqs:, k index, k1, k2, k3, kmag/2pi, te band 1, te band 2, te band 3, te band 4, te band 5, te band 6
Solving for bands 1 to 6...
    near maximum in trace
    iteration    1: trace = 2.103233935972686 (199.787% change)
    iteration    2: trace = 0.6157264529946205 (109.417% change)
    iteration    3: trace = 0.44099826852562 (33.0698% change)
    iteration    4: trace = 0.4207814120274157 (4.69189% change)
    iteration    5: trace = 0.4087084118191582 (2.91095% change)
    iteration    6: trace = 0.4032927326922771 (1.33391% change)
    iteration    7: trace = 0.3986965872134708 (1.14619% change)
    iteration    8: trace = 0.3969606096887382 (0.436363% change)
    iteration    9: trace = 0.3959371503637301 (0.258157% change)
    iteration   10: trace = 0.3957155802666532 (0.0559766% change)
    iteration   11: trace = 0.3956280518412977 (0.0221215% change)
    iteration   12: trace = 0.3956093292418255 (0.00473249% change)
    iteration   13: trace = 0.395598027742719 (0.00285677% change)
    iteration   14: trace = 0.3955936113062262 (0.0011164% change)
    iteration   15: trace = 0.3955914532038827 (0.000545537% change)
    iteration   16: trace = 0.395590874143148 (0.000146379% change)
    iteration   17: trace = 0.3955906554656184 (5.52787e-05% change)
    iteration   18: trace = 0.3955905828928078 (1.83454e-05% change)
    iteration   19: trace = 0.3955905506217316 (8.1577e-06% change)
    iteration   20: trace = 0.3955905352469764 (3.88653e-06% change)
    iteration   21: trace = 0.3955905297090073 (1.39992e-06% change)
    iteration   22: trace = 0.3955905282644381 (3.65168e-07% change)
    iteration   23: trace = 0.3955905280244844 (6.06571e-08% change)
    iteration   24: trace = 0.3955905279665541 (1.4644e-08% change)
    iteration   25: trace = 0.3955905279486039 (4.53758e-09% change)
Finished solving for bands 1 to 6 after 25 iterations.
tefreqs:, 1, -0.09, 0.14, 0, 0.143178, 0.0645198, 0.148945, 0.171646, 0.300848, 0.322684, 0.38098
elapsed time for k point: 9.849644184112549
total elapsed time for run: 9.972587823867798
done
Initializing eigensolver data
Computing 6 bands with 1e-10 tolerance
Working in 2 dimensions.
Grid size is 336 x 112 x 1.
Solving for 6 bands at a time.
Creating Maxwell data...
Mesh size is 3.
Lattice vectors:
     (3, 0, 0)
     (0, 1, 0)
     (0, 0, 1)
Cell volume = 3
Reciprocal lattice vectors (/ 2 pi):
     (0.333333, -0, 0)
     (-0, 1, -0)
     (0, -0, 1)
Geometric objects:
     block, center = (0,0,0)
          size (1e+20,1e+20,1)
          axes (1,0,0), (0,1,0), (0,0,1)
     prism, center = (0.0122689,-1.38778e-17,0.5)
          height 1, axis (0,0,1), sidewall angle: 0 radians, 4 vertices:
          (0.262269,0.25,0)
          (-0.237731,0.25,0)
          (-0.237731,-0.25,0)
          (0.262269,-0.25,0)
     prism, center = (1.01123,-1.38778e-17,0.5)
          height 1, axis (0,0,1), sidewall angle: 0 radians, 4 vertices:
          (1.26123,0.25,0)
          (0.761231,0.25,0)
          (0.761231,-0.25,0)
          (1.26123,-0.25,0)
     prism, center = (2.02672,-1.38778e-17,0.5)
          height 1, axis (0,0,1), sidewall angle: 0 radians, 4 vertices:
          (2.27672,0.25,0)
          (1.77672,0.25,0)
          (1.77672,-0.25,0)
          (2.27672,-0.25,0)
Geometric object tree has depth 2 and 21 object nodes (vs. 4 actual objects)
Initializing epsilon function...
Allocating fields...
Solving for band polarization: te.
Initializing fields to random numbers...
1 k-points
  Vector3<-0.09, 0.14, 0.0>
elapsed time for initialization: 0.048742055892944336
solve_kpoint (-0.09,0.14,0):
tefreqs:, k index, k1, k2, k3, kmag/2pi, te band 1, te band 2, te band 3, te band 4, te band 5, te band 6
Solving for bands 1 to 6...
    near maximum in trace
    iteration    1: trace = 2.475325580673403 (199.75% change)
    iteration    2: trace = 0.5934478268741681 (122.647% change)
    iteration    3: trace = 0.4334280730795842 (31.1663% change)
    iteration    4: trace = 0.4138191261712769 (4.62886% change)
    iteration    5: trace = 0.4044846198282621 (2.28143% change)
    iteration    6: trace = 0.4004514015870913 (1.00212% change)
    iteration    7: trace = 0.3973409351996028 (0.779768% change)
    iteration    8: trace = 0.3962462173384292 (0.275891% change)
    iteration    9: trace = 0.3956964076547951 (0.138851% change)
    iteration   10: trace = 0.3955494428180066 (0.0371477% change)
    iteration   11: trace = 0.3954806761594797 (0.0173866% change)
    iteration   12: trace = 0.3954582107852744 (0.00568069% change)
    iteration   13: trace = 0.3954441573733287 (0.00355377% change)
    iteration   14: trace = 0.395440446278614 (0.000938467% change)
    iteration   15: trace = 0.3954392881160567 (0.00029288% change)
    iteration   16: trace = 0.395439085830566 (5.11546e-05% change)
    iteration   17: trace = 0.3954390275122656 (1.47477e-05% change)
    iteration   18: trace = 0.3954390108831612 (4.20523e-06% change)
    iteration   19: trace = 0.395439001368613 (2.40607e-06% change)
    iteration   20: trace = 0.3954389972615986 (1.0386e-06% change)
    iteration   21: trace = 0.3954389957895995 (3.72244e-07% change)
    iteration   22: trace = 0.3954389954805994 (7.8141e-08% change)
    iteration   23: trace = 0.3954389953948242 (2.16911e-08% change)
    iteration   24: trace = 0.3954389953668475 (7.07485e-09% change)
Finished solving for bands 1 to 6 after 24 iterations.
tefreqs:, 1, -0.09, 0.14, 0, 0.143178, 0.0644993, 0.148931, 0.171634, 0.3008, 0.322657, 0.380856
elapsed time for k point: 8.921053886413574
total elapsed time for run: 8.96994423866272
done
Initializing eigensolver data
Computing 6 bands with 1e-10 tolerance
Working in 2 dimensions.
Grid size is 336 x 112 x 1.
Solving for 6 bands at a time.
Creating Maxwell data...
Mesh size is 3.
Lattice vectors:
     (3, 0, 0)
     (0, 1, 0)
     (0, 0, 1)
Cell volume = 3
Reciprocal lattice vectors (/ 2 pi):
     (0.333333, -0, 0)
     (-0, 1, -0)
     (0, -0, 1)
Geometric objects:
     block, center = (0,0,0)
          size (1e+20,1e+20,1)
          axes (1,0,0), (0,1,0), (0,0,1)
     prism, center = (0.0234493,-1.38778e-17,0.5)
          height 1, axis (0,0,1), sidewall angle: 0 radians, 4 vertices:
          (0.273449,0.25,0)
          (-0.226551,0.25,0)
          (-0.226551,-0.25,0)
          (0.273449,-0.25,0)
     prism, center = (1.02501,-1.38778e-17,0.5)
          height 1, axis (0,0,1), sidewall angle: 0 radians, 4 vertices:
          (1.27501,0.25,0)
          (0.775006,0.25,0)
          (0.775006,-0.25,0)
          (1.27501,-0.25,0)
     prism, center = (2.00177,-1.38778e-17,0.5)
          height 1, axis (0,0,1), sidewall angle: 0 radians, 4 vertices:
          (2.25177,0.25,0)
          (1.75177,0.25,0)
          (1.75177,-0.25,0)
          (2.25177,-0.25,0)
Geometric object tree has depth 2 and 21 object nodes (vs. 4 actual objects)
Initializing epsilon function...
Allocating fields...
Solving for band polarization: te.
Initializing fields to random numbers...
1 k-points
  Vector3<-0.09, 0.14, 0.0>
elapsed time for initialization: 0.05686378479003906
solve_kpoint (-0.09,0.14,0):
tefreqs:, k index, k1, k2, k3, kmag/2pi, te band 1, te band 2, te band 3, te band 4, te band 5, te band 6
Solving for bands 1 to 6...
    near maximum in trace
    iteration    1: trace = 2.200901462040271 (199.778% change)
    iteration    2: trace = 0.5806709958512586 (116.497% change)
    iteration    3: trace = 0.443658837820236 (26.7516% change)
    iteration    4: trace = 0.4214362385443819 (5.13761% change)
    iteration    5: trace = 0.4109721787659034 (2.51416% change)
    iteration    6: trace = 0.4068336420095593 (1.01211% change)
    iteration    7: trace = 0.401722512356187 (1.26426% change)
    iteration    8: trace = 0.3981465797811761 (0.894129% change)
    iteration    9: trace = 0.3961727878544976 (0.496977% change)
    iteration   10: trace = 0.3956767801516983 (0.125278% change)
    iteration   11: trace = 0.3955110792235235 (0.0418866% change)
    iteration   12: trace = 0.3954666456944712 (0.0112351% change)
    iteration   13: trace = 0.3954414467456354 (0.00637216% change)
    iteration   14: trace = 0.395431522021981 (0.00250981% change)
    iteration   15: trace = 0.3954278293399393 (0.00093384% change)
    iteration   16: trace = 0.3954269624080837 (0.000219239% change)
    iteration   17: trace = 0.3954266958420269 (6.74122e-05% change)
    iteration   18: trace = 0.3954266178604202 (1.97209e-05% change)
    iteration   19: trace = 0.3954265896905488 (7.12392e-06% change)
    iteration   20: trace = 0.3954265771488024 (3.1717e-06% change)
    iteration   21: trace = 0.3954265717453915 (1.36648e-06% change)
    iteration   22: trace = 0.3954265699941448 (4.42875e-07% change)
    iteration   23: trace = 0.3954265695636757 (1.08862e-07% change)
    iteration   24: trace = 0.3954265694052623 (4.00614e-08% change)
    iteration   25: trace = 0.3954265693349999 (1.77688e-08% change)
    iteration   26: trace = 0.3954265692949088 (1.01387e-08% change)
    iteration   27: trace = 0.3954265692808381 (3.55836e-09% change)
Finished solving for bands 1 to 6 after 27 iterations.
tefreqs:, 1, -0.09, 0.14, 0, 0.143178, 0.0645006, 0.148926, 0.171664, 0.300634, 0.322755, 0.380877
elapsed time for k point: 5.416691780090332
total elapsed time for run: 5.473641395568848
done
Initializing eigensolver data
Computing 6 bands with 1e-10 tolerance
Working in 2 dimensions.
Grid size is 336 x 112 x 1.
Solving for 6 bands at a time.
Creating Maxwell data...
Mesh size is 3.
Lattice vectors:
     (3, 0, 0)
     (0, 1, 0)
     (0, 0, 1)
Cell volume = 3
Reciprocal lattice vectors (/ 2 pi):
     (0.333333, -0, 0)
     (-0, 1, -0)
     (0, -0, 1)
Geometric objects:
     block, center = (0,0,0)
          size (1e+20,1e+20,1)
          axes (1,0,0), (0,1,0), (0,0,1)
     prism, center = (0.0100329,-1.38778e-17,0.5)
          height 1, axis (0,0,1), sidewall angle: 0 radians, 4 vertices:
          (0.260033,0.25,0)
          (-0.239967,0.25,0)
          (-0.239967,-0.25,0)
          (0.260033,-0.25,0)
     prism, center = (1.00848,-1.38778e-17,0.5)
          height 1, axis (0,0,1), sidewall angle: 0 radians, 4 vertices:
          (1.25848,0.25,0)
          (0.758476,0.25,0)
          (0.758476,-0.25,0)
          (1.25848,-0.25,0)
     prism, center = (2.03171,-1.38778e-17,0.5)
          height 1, axis (0,0,1), sidewall angle: 0 radians, 4 vertices:
          (2.28171,0.25,0)
          (1.78171,0.25,0)
          (1.78171,-0.25,0)
          (2.28171,-0.25,0)
Geometric object tree has depth 2 and 21 object nodes (vs. 4 actual objects)
Initializing epsilon function...
Allocating fields...
Solving for band polarization: te.
Initializing fields to random numbers...
1 k-points
  Vector3<-0.09, 0.14, 0.0>
elapsed time for initialization: 0.04414200782775879
solve_kpoint (-0.09,0.14,0):
tefreqs:, k index, k1, k2, k3, kmag/2pi, te band 1, te band 2, te band 3, te band 4, te band 5, te band 6
Solving for bands 1 to 6...
    near maximum in trace
    iteration    1: trace = 1.988609631362208 (199.8% change)
    iteration    2: trace = 0.4999395297570147 (119.642% change)
    iteration    3: trace = 0.4404394101811936 (12.6545% change)
    iteration    4: trace = 0.41962459203793 (4.8403% change)
    iteration    5: trace = 0.4118333703118638 (1.87411% change)
    iteration    6: trace = 0.4045688078804952 (1.77965% change)
    iteration    7: trace = 0.3998763879846899 (1.16662% change)
    iteration    8: trace = 0.3966743124044074 (0.803985% change)
    iteration    9: trace = 0.3958719809488696 (0.202469% change)
    iteration   10: trace = 0.3955796814116241 (0.0738642% change)
    iteration   11: trace = 0.3955022960003478 (0.0195644% change)
    iteration   12: trace = 0.3954660416516479 (0.00916708% change)
    iteration   13: trace = 0.3954481599101904 (0.00452179% change)
    iteration   14: trace = 0.3954402478754945 (0.0020008% change)
    iteration   15: trace = 0.3954379473699422 (0.00058176% change)
    iteration   16: trace = 0.3954372211074788 (0.00018366% change)
    iteration   17: trace = 0.3954369252436664 (7.48194e-05% change)
    iteration   18: trace = 0.3954367956748945 (3.2766e-05% change)
    iteration   19: trace = 0.395436739699626 (1.41553e-05% change)
    iteration   20: trace = 0.3954367202488883 (4.9188e-06% change)
    iteration   21: trace = 0.3954367145555764 (1.43975e-06% change)
    iteration   22: trace = 0.3954367136164949 (2.3748e-07% change)
    iteration   23: trace = 0.3954367133846465 (5.8631e-08% change)
    iteration   24: trace = 0.395436713330947 (1.35798e-08% change)
    iteration   25: trace = 0.3954367133088267 (5.59388e-09% change)
Finished solving for bands 1 to 6 after 25 iterations.
tefreqs:, 1, -0.09, 0.14, 0, 0.143178, 0.0645012, 0.148928, 0.171665, 0.300643, 0.322763, 0.380875
elapsed time for k point: 3.144231081008911
total elapsed time for run: 3.188457489013672
done
Initializing eigensolver data
Computing 6 bands with 1e-10 tolerance
Working in 2 dimensions.
Grid size is 336 x 112 x 1.
Solving for 6 bands at a time.
Creating Maxwell data...
Mesh size is 3.
Lattice vectors:
     (3, 0, 0)
     (0, 1, 0)
     (0, 0, 1)
Cell volume = 3
Reciprocal lattice vectors (/ 2 pi):
     (0.333333, -0, 0)
     (-0, 1, -0)
     (0, -0, 1)
Geometric objects:
     block, center = (0,0,0)
          size (1e+20,1e+20,1)
          axes (1,0,0), (0,1,0), (0,0,1)
     prism, center = (0.0256853,-1.38778e-17,0.5)
          height 1, axis (0,0,1), sidewall angle: 0 radians, 4 vertices:
          (0.275685,0.25,0)
          (-0.224315,0.25,0)
          (-0.224315,-0.25,0)
          (0.275685,-0.25,0)
     prism, center = (1.02776,-1.38778e-17,0.5)
          height 1, axis (0,0,1), sidewall angle: 0 radians, 4 vertices:
          (1.27776,0.25,0)
          (0.777761,0.25,0)
          (0.777761,-0.25,0)
          (1.27776,-0.25,0)
     prism, center = (1.99678,-1.38778e-17,0.5)
          height 1, axis (0,0,1), sidewall angle: 0 radians, 4 vertices:
          (2.24678,0.25,0)
          (1.74678,0.25,0)
          (1.74678,-0.25,0)
          (2.24678,-0.25,0)
Geometric object tree has depth 2 and 21 object nodes (vs. 4 actual objects)
Initializing epsilon function...
Allocating fields...
Solving for band polarization: te.
Initializing fields to random numbers...
1 k-points
  Vector3<-0.09, 0.14, 0.0>
elapsed time for initialization: 0.043137311935424805
solve_kpoint (-0.09,0.14,0):
tefreqs:, k index, k1, k2, k3, kmag/2pi, te band 1, te band 2, te band 3, te band 4, te band 5, te band 6
Solving for bands 1 to 6...
    near maximum in trace
    iteration    1: trace = 1.9959189061436 (199.798% change)
    iteration    2: trace = 0.4942339125297969 (120.61% change)
    iteration    3: trace = 0.4296000187134656 (13.9925% change)
    iteration    4: trace = 0.4108477379300339 (4.46245% change)
    iteration    5: trace = 0.4045355162172899 (1.54828% change)
    iteration    6: trace = 0.4003123165285951 (1.04944% change)
    iteration    7: trace = 0.3980008791324938 (0.57908% change)
    iteration    8: trace = 0.3961861507619399 (0.457003% change)
    iteration    9: trace = 0.3956164745819367 (0.143893% change)
    iteration   10: trace = 0.3954176577450009 (0.0502676% change)
    iteration   11: trace = 0.3953745675449361 (0.010898% change)
    iteration   12: trace = 0.3953557002007697 (0.00477213% change)
    iteration   13: trace = 0.3953477214149884 (0.00201815% change)
    iteration   14: trace = 0.3953431489766694 (0.00115657% change)
    iteration   15: trace = 0.395341807462345 (0.00033933% change)
    iteration   16: trace = 0.3953413993555374 (0.000103229% change)
    iteration   17: trace = 0.3953413161122324 (2.10561e-05% change)
    iteration   18: trace = 0.3953412993338478 (4.24403e-06% change)
    iteration   19: trace = 0.395341295361263 (1.00485e-06% change)
    iteration   20: trace = 0.3953412939208422 (3.64349e-07% change)
    iteration   21: trace = 0.3953412930723612 (2.1462e-07% change)
    iteration   22: trace = 0.3953412926967387 (9.50122e-08% change)
    iteration   23: trace = 0.395341292545891 (3.81563e-08% change)
    iteration   24: trace = 0.3953412925064935 (9.96544e-09% change)
Finished solving for bands 1 to 6 after 24 iterations.
tefreqs:, 1, -0.09, 0.14, 0, 0.143178, 0.064495, 0.148914, 0.1717, 0.300404, 0.322868, 0.380839
elapsed time for k point: 3.6630005836486816
total elapsed time for run: 3.706239938735962
done
Initializing eigensolver data
Computing 6 bands with 1e-10 tolerance
Working in 2 dimensions.
Grid size is 336 x 112 x 1.
Solving for 6 bands at a time.
Creating Maxwell data...
Mesh size is 3.
Lattice vectors:
     (3, 0, 0)
     (0, 1, 0)
     (0, 0, 1)
Cell volume = 3
Reciprocal lattice vectors (/ 2 pi):
     (0.333333, -0, 0)
     (-0, 1, -0)
     (0, -0, 1)
Geometric objects:
     block, center = (0,0,0)
          size (1e+20,1e+20,1)
          axes (1,0,0), (0,1,0), (0,0,1)
     prism, center = (0.0077968,-1.38778e-17,0.5)
          height 1, axis (0,0,1), sidewall angle: 0 radians, 4 vertices:
          (0.257797,0.25,0)
          (-0.242203,0.25,0)
          (-0.242203,-0.25,0)
          (0.257797,-0.25,0)
     prism, center = (1.00572,-1.38778e-17,0.5)
          height 1, axis (0,0,1), sidewall angle: 0 radians, 4 vertices:
          (1.25572,0.25,0)
          (0.755721,0.25,0)
          (0.755721,-0.25,0)
          (1.25572,-0.25,0)
     prism, center = (2.03671,-1.38778e-17,0.5)
          height 1, axis (0,0,1), sidewall angle: 0 radians, 4 vertices:
          (2.28671,0.25,0)
          (1.78671,0.25,0)
          (1.78671,-0.25,0)
          (2.28671,-0.25,0)
Geometric object tree has depth 2 and 21 object nodes (vs. 4 actual objects)
Initializing epsilon function...
Allocating fields...
Solving for band polarization: te.
Initializing fields to random numbers...
1 k-points
  Vector3<-0.09, 0.14, 0.0>
elapsed time for initialization: 0.04130721092224121
solve_kpoint (-0.09,0.14,0):
tefreqs:, k index, k1, k2, k3, kmag/2pi, te band 1, te band 2, te band 3, te band 4, te band 5, te band 6
Solving for bands 1 to 6...
    near maximum in trace
    iteration    1: trace = 2.203323361879795 (199.777% change)
    iteration    2: trace = 0.6323228970009946 (110.804% change)
    iteration    3: trace = 0.4451774613314936 (34.737% change)
    iteration    4: trace = 0.428940180483177 (3.71512% change)
    iteration    5: trace = 0.4204195661813289 (2.00636% change)
    iteration    6: trace = 0.4153121278168703 (1.22227% change)
    iteration    7: trace = 0.4066812630388048 (2.09998% change)
    iteration    8: trace = 0.4012161417886204 (1.35292% change)
    iteration    9: trace = 0.3981021872223026 (0.779153% change)
    iteration   10: trace = 0.3967861778936497 (0.331118% change)
    iteration   11: trace = 0.3959516168924926 (0.210552% change)
    iteration   12: trace = 0.3955681932712984 (0.0968829% change)
    iteration   13: trace = 0.3953920219208399 (0.0445462% change)
    iteration   14: trace = 0.3953557940541245 (0.00916294% change)
    iteration   15: trace = 0.3953456848831808 (0.00255701% change)
    iteration   16: trace = 0.3953430697592448 (0.00066148% change)
    iteration   17: trace = 0.3953415792463491 (0.000377018% change)
    iteration   18: trace = 0.3953409577401301 (0.000157208% change)
    iteration   19: trace = 0.3953407132306381 (6.18478e-05% change)
    iteration   20: trace = 0.3953406478915154 (1.65273e-05% change)
    iteration   21: trace = 0.3953406269308978 (5.30191e-06% change)
    iteration   22: trace = 0.3953406201484477 (1.7156e-06% change)
    iteration   23: trace = 0.3953406172600686 (7.30605e-07% change)
    iteration   24: trace = 0.395340615992101 (3.20728e-07% change)
    iteration   25: trace = 0.3953406155465158 (1.12709e-07% change)
    iteration   26: trace = 0.3953406154066382 (3.53815e-08% change)
    iteration   27: trace = 0.3953406153643109 (1.07066e-08% change)
    iteration   28: trace = 0.3953406153432604 (5.32465e-09% change)
Finished solving for bands 1 to 6 after 28 iterations.
tefreqs:, 1, -0.09, 0.14, 0, 0.143178, 0.0644954, 0.148915, 0.171699, 0.300398, 0.322883, 0.380831
elapsed time for k point: 3.0932388305664062
total elapsed time for run: 3.1346330642700195
done
Initializing eigensolver data
Computing 6 bands with 1e-10 tolerance
Working in 2 dimensions.
Grid size is 336 x 112 x 1.
Solving for 6 bands at a time.
Creating Maxwell data...
Mesh size is 3.
Lattice vectors:
     (3, 0, 0)
     (0, 1, 0)
     (0, 0, 1)
Cell volume = 3
Reciprocal lattice vectors (/ 2 pi):
     (0.333333, -0, 0)
     (-0, 1, -0)
     (0, -0, 1)
Geometric objects:
     block, center = (0,0,0)
          size (1e+20,1e+20,1)
          axes (1,0,0), (0,1,0), (0,0,1)
     prism, center = (0.0217411,-1.38778e-17,0.5)
          height 1, axis (0,0,1), sidewall angle: 0 radians, 4 vertices:
          (0.271741,0.25,0)
          (-0.228259,0.25,0)
          (-0.228259,-0.25,0)
          (0.271741,-0.25,0)
     prism, center = (1.02174,-1.38778e-17,0.5)
          height 1, axis (0,0,1), sidewall angle: 0 radians, 4 vertices:
          (1.27174,0.25,0)
          (0.771741,0.25,0)
          (0.771741,-0.25,0)
          (1.27174,-0.25,0)
     prism, center = (2.02174,-1.38778e-17,0.5)
          height 1, axis (0,0,1), sidewall angle: 0 radians, 4 vertices:
          (2.27174,0.25,0)
          (1.77174,0.25,0)
          (1.77174,-0.25,0)
          (2.27174,-0.25,0)
Geometric object tree has depth 2 and 21 object nodes (vs. 4 actual objects)
Initializing epsilon function...
Allocating fields...
Solving for band polarization: te.
Initializing fields to random numbers...
1 k-points
  Vector3<-0.09, 0.14, 0.0>
elapsed time for initialization: 0.08033084869384766
solve_kpoint (-0.09,0.14,0):
tefreqs:, k index, k1, k2, k3, kmag/2pi, te band 1, te band 2, te band 3, te band 4, te band 5, te band 6
Solving for bands 1 to 6...
    near maximum in trace
    iteration    1: trace = 2.026276534252477 (199.795% change)
    iteration    2: trace = 0.5335704334776008 (116.625% change)
    iteration    3: trace = 0.4469032354189041 (17.6786% change)
    iteration    4: trace = 0.4105398228525498 (8.48183% change)
    iteration    5: trace = 0.4012513758251607 (2.28838% change)
    iteration    6: trace = 0.3975756451888341 (0.920282% change)
    iteration    7: trace = 0.3965722797484312 (0.25269% change)
    iteration    8: trace = 0.395969604752606 (0.152087% change)
    iteration    9: trace = 0.3957574820620299 (0.0535848% change)
    iteration   10: trace = 0.395665706652219 (0.0231925% change)
    iteration   11: trace = 0.3956455364969973 (0.00509791% change)
    iteration   12: trace = 0.3956384825632764 (0.00178291% change)
    iteration   13: trace = 0.3956355976764464 (0.000729175% change)
    iteration   14: trace = 0.3956339669603803 (0.000412177% change)
    iteration   15: trace = 0.395633385563832 (0.000146953% change)
    iteration   16: trace = 0.3956331854848992 (5.05718e-05% change)
    iteration   17: trace = 0.3956331391432127 (1.17133e-05% change)
    iteration   18: trace = 0.395633126058883 (3.30719e-06% change)
    iteration   19: trace = 0.3956331212207169 (1.22289e-06% change)
    iteration   20: trace = 0.3956331190810536 (5.4082e-07% change)
    iteration   21: trace = 0.3956331180098855 (2.70748e-07% change)
    iteration   22: trace = 0.3956331176772233 (8.40835e-08% change)
    iteration   23: trace = 0.3956331175861179 (2.30277e-08% change)
    iteration   24: trace = 0.395633117569574 (4.18161e-09% change)
Finished solving for bands 1 to 6 after 24 iterations.
tefreqs:, 1, -0.09, 0.14, 0, 0.143178, 0.0645219, 0.148952, 0.171626, 0.300992, 0.322611, 0.38099
elapsed time for k point: 4.6944756507873535
total elapsed time for run: 4.774889230728149
done
Initializing eigensolver data
Computing 6 bands with 1e-10 tolerance
Working in 2 dimensions.
Grid size is 336 x 112 x 1.
Solving for 6 bands at a time.
Creating Maxwell data...
Mesh size is 3.
Lattice vectors:
     (3, 0, 0)
     (0, 1, 0)
     (0, 0, 1)
Cell volume = 3
Reciprocal lattice vectors (/ 2 pi):
     (0.333333, -0, 0)
     (-0, 1, -0)
     (0, -0, 1)
Geometric objects:
     block, center = (0,0,0)
          size (1e+20,1e+20,1)
          axes (1,0,0), (0,1,0), (0,0,1)
     prism, center = (0.0117411,-1.38778e-17,0.5)
          height 1, axis (0,0,1), sidewall angle: 0 radians, 4 vertices:
          (0.261741,0.25,0)
          (-0.238259,0.25,0)
          (-0.238259,-0.25,0)
          (0.261741,-0.25,0)
     prism, center = (1.01174,-1.38778e-17,0.5)
          height 1, axis (0,0,1), sidewall angle: 0 radians, 4 vertices:
          (1.26174,0.25,0)
          (0.761741,0.25,0)
          (0.761741,-0.25,0)
          (1.26174,-0.25,0)
     prism, center = (2.01174,-1.38778e-17,0.5)
          height 1, axis (0,0,1), sidewall angle: 0 radians, 4 vertices:
          (2.26174,0.25,0)
          (1.76174,0.25,0)
          (1.76174,-0.25,0)
          (2.26174,-0.25,0)
Geometric object tree has depth 2 and 21 object nodes (vs. 4 actual objects)
Initializing epsilon function...
Allocating fields...
Solving for band polarization: te.
Initializing fields to random numbers...
1 k-points
  Vector3<-0.09, 0.14, 0.0>
elapsed time for initialization: 0.0809328556060791
solve_kpoint (-0.09,0.14,0):
tefreqs:, k index, k1, k2, k3, kmag/2pi, te band 1, te band 2, te band 3, te band 4, te band 5, te band 6
Solving for bands 1 to 6...
    near maximum in trace
    iteration    1: trace = 2.231719019578396 (199.773% change)
    iteration    2: trace = 0.5322968172698236 (122.968% change)
    iteration    3: trace = 0.455039369457895 (15.6497% change)
    iteration    4: trace = 0.4287275521860444 (5.95447% change)
    iteration    5: trace = 0.4196178341142041 (2.14764% change)
    iteration    6: trace = 0.4127398883634315 (1.65264% change)
    iteration    7: trace = 0.4080917860550167 (1.13253% change)
    iteration    8: trace = 0.4013166445236998 (1.6741% change)
    iteration    9: trace = 0.3978234148049594 (0.874247% change)
    iteration   10: trace = 0.3961071447645528 (0.432348% change)
    iteration   11: trace = 0.3957282926042841 (0.0956896% change)
    iteration   12: trace = 0.3955440654588727 (0.0465648% change)
    iteration   13: trace = 0.3954777477088838 (0.0167676% change)
    iteration   14: trace = 0.3954391290543161 (0.00976554% change)
    iteration   15: trace = 0.3954283030908041 (0.00273774% change)
    iteration   16: trace = 0.3954248267103055 (0.000879147% change)
    iteration   17: trace = 0.395424140117529 (0.000173634% change)
    iteration   18: trace = 0.3954238720662739 (6.77883e-05% change)
    iteration   19: trace = 0.3954237641379855 (2.72943e-05% change)
    iteration   20: trace = 0.3954237081651927 (1.41551e-05% change)
    iteration   21: trace = 0.3954236938323433 (3.62468e-06% change)
    iteration   22: trace = 0.3954236895518711 (1.0825e-06% change)
    iteration   23: trace = 0.3954236886350298 (2.31863e-07% change)
    iteration   24: trace = 0.3954236884269423 (5.26239e-08% change)
    iteration   25: trace = 0.3954236883598118 (1.69769e-08% change)
    iteration   26: trace = 0.3954236883237641 (9.11621e-09% change)
Finished solving for bands 1 to 6 after 26 iterations.
tefreqs:, 1, -0.09, 0.14, 0, 0.143178, 0.0644932, 0.148935, 0.171611, 0.300947, 0.322563, 0.38081
elapsed time for k point: 5.898558855056763
total elapsed time for run: 5.9812023639678955
done
Initializing eigensolver data
Computing 6 bands with 1e-10 tolerance
Working in 2 dimensions.
Grid size is 336 x 112 x 1.
Solving for 6 bands at a time.
Creating Maxwell data...
Mesh size is 3.
Lattice vectors:
     (3, 0, 0)
     (0, 1, 0)
     (0, 0, 1)
Cell volume = 3
Reciprocal lattice vectors (/ 2 pi):
     (0.333333, -0, 0)
     (-0, 1, -0)
     (0, -0, 1)
Geometric objects:
     block, center = (0,0,0)
          size (1e+20,1e+20,1)
          axes (1,0,0), (0,1,0), (0,0,1)
     prism, center = (0.0242411,-1.38778e-17,0.5)
          height 1, axis (0,0,1), sidewall angle: 0 radians, 4 vertices:
          (0.274241,0.25,0)
          (-0.225759,0.25,0)
          (-0.225759,-0.25,0)
          (0.274241,-0.25,0)
     prism, center = (1.02424,-1.38778e-17,0.5)
          height 1, axis (0,0,1), sidewall angle: 0 radians, 4 vertices:
          (1.27424,0.25,0)
          (0.774241,0.25,0)
          (0.774241,-0.25,0)
          (1.27424,-0.25,0)
     prism, center = (2.02424,-1.38778e-17,0.5)
          height 1, axis (0,0,1), sidewall angle: 0 radians, 4 vertices:
          (2.27424,0.25,0)
          (1.77424,0.25,0)
          (1.77424,-0.25,0)
          (2.27424,-0.25,0)
Geometric object tree has depth 2 and 21 object nodes (vs. 4 actual objects)
Initializing epsilon function...
Allocating fields...
Solving for band polarization: te.
Initializing fields to random numbers...
1 k-points
  Vector3<-0.09, 0.14, 0.0>
elapsed time for initialization: 0.08028483390808105
solve_kpoint (-0.09,0.14,0):
tefreqs:, k index, k1, k2, k3, kmag/2pi, te band 1, te band 2, te band 3, te band 4, te band 5, te band 6
Solving for bands 1 to 6...
    near maximum in trace
    iteration    1: trace = 2.336981630484959 (199.764% change)
    iteration    2: trace = 0.537032923430785 (125.257% change)
    iteration    3: trace = 0.4436536851110948 (19.0436% change)
    iteration    4: trace = 0.4081166472464515 (8.34428% change)
    iteration    5: trace = 0.3999958929146164 (2.00981% change)
    iteration    6: trace = 0.3971552231190444 (0.712705% change)
    iteration    7: trace = 0.3963658262606636 (0.198961% change)
    iteration    8: trace = 0.3957684089793355 (0.150837% change)
    iteration    9: trace = 0.3955331227645023 (0.0594682% change)
    iteration   10: trace = 0.3954267294264809 (0.0269023% change)
    iteration   11: trace = 0.3954061929907177 (0.00519362% change)
    iteration   12: trace = 0.3954003457681327 (0.0014788% change)
    iteration   13: trace = 0.3953988002075671 (0.000390886% change)
    iteration   14: trace = 0.3953979636933547 (0.000211562% change)
    iteration   15: trace = 0.3953976072358252 (9.01516e-05% change)
    iteration   16: trace = 0.3953974469816561 (4.05299e-05% change)
    iteration   17: trace = 0.3953974094396986 (9.49474e-06% change)
    iteration   18: trace = 0.3953973999530628 (2.39927e-06% change)
    iteration   19: trace = 0.3953973977299158 (5.62256e-07% change)
    iteration   20: trace = 0.3953973970069777 (1.82838e-07% change)
    iteration   21: trace = 0.3953973967222701 (7.20054e-08% change)
    iteration   22: trace = 0.3953973966074223 (2.90462e-08% change)
    iteration   23: trace = 0.3953973965672952 (1.01486e-08% change)
    iteration   24: trace = 0.3953973965572131 (2.54985e-09% change)
Finished solving for bands 1 to 6 after 24 iterations.
tefreqs:, 1, -0.09, 0.14, 0, 0.143178, 0.0644899, 0.148933, 0.171609, 0.30094, 0.322557, 0.380789
elapsed time for k point: 4.041894912719727
total elapsed time for run: 4.1222617626190186
done
Initializing eigensolver data
Computing 6 bands with 1e-10 tolerance
Working in 2 dimensions.
Grid size is 336 x 112 x 1.
Solving for 6 bands at a time.
Creating Maxwell data...
Mesh size is 3.
Lattice vectors:
     (3, 0, 0)
     (0, 1, 0)
     (0, 0, 1)
Cell volume = 3
Reciprocal lattice vectors (/ 2 pi):
     (0.333333, -0, 0)
     (-0, 1, -0)
     (0, -0, 1)
Geometric objects:
     block, center = (0,0,0)
          size (1e+20,1e+20,1)
          axes (1,0,0), (0,1,0), (0,0,1)
     prism, center = (0.00924107,-1.38778e-17,0.5)
          height 1, axis (0,0,1), sidewall angle: 0 radians, 4 vertices:
          (0.259241,0.25,0)
          (-0.240759,0.25,0)
          (-0.240759,-0.25,0)
          (0.259241,-0.25,0)
     prism, center = (1.00924,-1.38778e-17,0.5)
          height 1, axis (0,0,1), sidewall angle: 0 radians, 4 vertices:
          (1.25924,0.25,0)
          (0.759241,0.25,0)
          (0.759241,-0.25,0)
          (1.25924,-0.25,0)
     prism, center = (2.00924,-1.38778e-17,0.5)
          height 1, axis (0,0,1), sidewall angle: 0 radians, 4 vertices:
          (2.25924,0.25,0)
          (1.75924,0.25,0)
          (1.75924,-0.25,0)
          (2.25924,-0.25,0)
Geometric object tree has depth 2 and 21 object nodes (vs. 4 actual objects)
Initializing epsilon function...
Allocating fields...
Solving for band polarization: te.
Initializing fields to random numbers...
1 k-points
  Vector3<-0.09, 0.14, 0.0>
elapsed time for initialization: 0.04109525680541992
solve_kpoint (-0.09,0.14,0):
tefreqs:, k index, k1, k2, k3, kmag/2pi, te band 1, te band 2, te band 3, te band 4, te band 5, te band 6
Solving for bands 1 to 6...
    near maximum in trace
    iteration    1: trace = 2.2071244144566 (199.776% change)
    iteration    2: trace = 0.6029356673374171 (114.175% change)
    iteration    3: trace = 0.4536300045042356 (28.2624% change)
    iteration    4: trace = 0.4315123335015543 (4.99754% change)
    iteration    5: trace = 0.41784219547908 (3.21895% change)
    iteration    6: trace = 0.4123324316254084 (1.32737% change)
    iteration    7: trace = 0.4073786597809688 (1.20866% change)
    iteration    8: trace = 0.4023063343999556 (1.25291% change)
    iteration    9: trace = 0.3978796509588995 (1.10641% change)
    iteration   10: trace = 0.3962198784198456 (0.418026% change)
    iteration   11: trace = 0.395683699872546 (0.135415% change)
    iteration   12: trace = 0.3955622446222969 (0.0306997% change)
    iteration   13: trace = 0.3955105942836068 (0.0130583% change)
    iteration   14: trace = 0.3954915060993511 (0.00482633% change)
    iteration   15: trace = 0.3954815102123171 (0.00252749% change)
    iteration   16: trace = 0.3954785441653797 (0.000749987% change)
    iteration   17: trace = 0.3954775830273891 (0.000243032% change)
    iteration   18: trace = 0.3954773845279177 (5.01924e-05% change)
    iteration   19: trace = 0.3954773079268579 (1.93693e-05% change)
    iteration   20: trace = 0.3954772740023448 (8.57812e-06% change)
    iteration   21: trace = 0.3954772571502704 (4.2612e-06% change)
    iteration   22: trace = 0.3954772526656741 (1.13397e-06% change)
    iteration   23: trace = 0.3954772515489524 (2.82373e-07% change)
    iteration   24: trace = 0.3954772512674961 (7.11688e-08% change)
    iteration   25: trace = 0.395477251176557 (2.29948e-08% change)
    iteration   26: trace = 0.3954772511316498 (1.13552e-08% change)
    iteration   27: trace = 0.3954772511107277 (5.29033e-09% change)
Finished solving for bands 1 to 6 after 27 iterations.
tefreqs:, 1, -0.09, 0.14, 0, 0.143178, 0.0644967, 0.148937, 0.171612, 0.300961, 0.322581, 0.380852
elapsed time for k point: 2.9210586547851562
total elapsed time for run: 2.962235450744629
done
Initializing eigensolver data
Computing 6 bands with 1e-10 tolerance
Working in 2 dimensions.
Grid size is 336 x 112 x 1.
Solving for 6 bands at a time.
Creating Maxwell data...
Mesh size is 3.
Lattice vectors:
     (3, 0, 0)
     (0, 1, 0)
     (0, 0, 1)
Cell volume = 3
Reciprocal lattice vectors (/ 2 pi):
     (0.333333, -0, 0)
     (-0, 1, -0)
     (0, -0, 1)
Geometric objects:
     block, center = (0,0,0)
          size (1e+20,1e+20,1)
          axes (1,0,0), (0,1,0), (0,0,1)
     prism, center = (0.0267411,-1.38778e-17,0.5)
          height 1, axis (0,0,1), sidewall angle: 0 radians, 4 vertices:
          (0.276741,0.25,0)
          (-0.223259,0.25,0)
          (-0.223259,-0.25,0)
          (0.276741,-0.25,0)
     prism, center = (1.02674,-1.38778e-17,0.5)
          height 1, axis (0,0,1), sidewall angle: 0 radians, 4 vertices:
          (1.27674,0.25,0)
          (0.776741,0.25,0)
          (0.776741,-0.25,0)
          (1.27674,-0.25,0)
     prism, center = (2.02674,-1.38778e-17,0.5)
          height 1, axis (0,0,1), sidewall angle: 0 radians, 4 vertices:
          (2.27674,0.25,0)
          (1.77674,0.25,0)
          (1.77674,-0.25,0)
          (2.27674,-0.25,0)
Geometric object tree has depth 2 and 21 object nodes (vs. 4 actual objects)
Initializing epsilon function...
Allocating fields...
Solving for band polarization: te.
Initializing fields to random numbers...
1 k-points
  Vector3<-0.09, 0.14, 0.0>
elapsed time for initialization: 0.04089927673339844
solve_kpoint (-0.09,0.14,0):
tefreqs:, k index, k1, k2, k3, kmag/2pi, te band 1, te band 2, te band 3, te band 4, te band 5, te band 6
Solving for bands 1 to 6...
    near maximum in trace
    iteration    1: trace = 1.839288679931927 (199.813% change)
    iteration    2: trace = 0.4939972383116716 (115.313% change)
    iteration    3: trace = 0.4267812076748004 (14.5998% change)
    iteration    4: trace = 0.402421950942225 (5.87534% change)
    iteration    5: trace = 0.3975870993795158 (1.2087% change)
    iteration    6: trace = 0.3959994642446784 (0.400116% change)
    iteration    7: trace = 0.3956563933744812 (0.0866717% change)
    iteration    8: trace = 0.3954562596367989 (0.0505955% change)
    iteration    9: trace = 0.3953962465354545 (0.0151768% change)
    iteration   10: trace = 0.3953666743510574 (0.00747941% change)
    iteration   11: trace = 0.3953608133621784 (0.00148243% change)
    iteration   12: trace = 0.3953589549992094 (0.000470043% change)
    iteration   13: trace = 0.3953584118403481 (0.000137384% change)
    iteration   14: trace = 0.3953580392120257 (9.42508e-05% change)
    iteration   15: trace = 0.3953579062059144 (3.36419e-05% change)
    iteration   16: trace = 0.3953578623076012 (1.11034e-05% change)
    iteration   17: trace = 0.3953578534203612 (2.2479e-06% change)
    iteration   18: trace = 0.3953578504999908 (7.38665e-07% change)
    iteration   19: trace = 0.3953578492962278 (3.04474e-07% change)
    iteration   20: trace = 0.3953578485586345 (1.86563e-07% change)
    iteration   21: trace = 0.3953578482907965 (6.77457e-08% change)
    iteration   22: trace = 0.3953578482336116 (1.44641e-08% change)
    iteration   23: trace = 0.3953578482205382 (3.30673e-09% change)
Finished solving for bands 1 to 6 after 23 iterations.
tefreqs:, 1, -0.09, 0.14, 0, 0.143178, 0.064485, 0.148927, 0.171603, 0.300927, 0.322544, 0.380764
elapsed time for k point: 3.1057162284851074
total elapsed time for run: 3.146700859069824
done
Initializing eigensolver data
Computing 6 bands with 1e-10 tolerance
Working in 2 dimensions.
Grid size is 336 x 112 x 1.
Solving for 6 bands at a time.
Creating Maxwell data...
Mesh size is 3.
Lattice vectors:
     (3, 0, 0)
     (0, 1, 0)
     (0, 0, 1)
Cell volume = 3
Reciprocal lattice vectors (/ 2 pi):
     (0.333333, -0, 0)
     (-0, 1, -0)
     (0, -0, 1)
Geometric objects:
     block, center = (0,0,0)
          size (1e+20,1e+20,1)
          axes (1,0,0), (0,1,0), (0,0,1)
     prism, center = (0.00674107,-1.38778e-17,0.5)
          height 1, axis (0,0,1), sidewall angle: 0 radians, 4 vertices:
          (0.256741,0.25,0)
          (-0.243259,0.25,0)
          (-0.243259,-0.25,0)
          (0.256741,-0.25,0)
     prism, center = (1.00674,-1.38778e-17,0.5)
          height 1, axis (0,0,1), sidewall angle: 0 radians, 4 vertices:
          (1.25674,0.25,0)
          (0.756741,0.25,0)
          (0.756741,-0.25,0)
          (1.25674,-0.25,0)
     prism, center = (2.00674,-1.38778e-17,0.5)
          height 1, axis (0,0,1), sidewall angle: 0 radians, 4 vertices:
          (2.25674,0.25,0)
          (1.75674,0.25,0)
          (1.75674,-0.25,0)
          (2.25674,-0.25,0)
Geometric object tree has depth 2 and 21 object nodes (vs. 4 actual objects)
Initializing epsilon function...
Allocating fields...
Solving for band polarization: te.
Initializing fields to random numbers...
1 k-points
  Vector3<-0.09, 0.14, 0.0>
elapsed time for initialization: 0.03880167007446289
solve_kpoint (-0.09,0.14,0):
tefreqs:, k index, k1, k2, k3, kmag/2pi, te band 1, te band 2, te band 3, te band 4, te band 5, te band 6
Solving for bands 1 to 6...
    near maximum in trace
    iteration    1: trace = 2.290208290933624 (199.768% change)
    iteration    2: trace = 0.5843049751425452 (118.692% change)
    iteration    3: trace = 0.4800951933304723 (19.5809% change)
    iteration    4: trace = 0.4293314469509422 (11.1639% change)
    iteration    5: trace = 0.4113579892659441 (4.27589% change)
    iteration    6: trace = 0.4029908809762462 (2.05492% change)
    iteration    7: trace = 0.3998590443893341 (0.78018% change)
    iteration    8: trace = 0.3973732972831197 (0.623594% change)
    iteration    9: trace = 0.3961715841382831 (0.302872% change)
    iteration   10: trace = 0.3955756732847504 (0.150531% change)
    iteration   11: trace = 0.3954412635042852 (0.033984% change)
    iteration   12: trace = 0.3953943380583319 (0.0118673% change)
    iteration   13: trace = 0.3953802300089107 (0.00356816% change)
    iteration   14: trace = 0.395372308372266 (0.00200357% change)
    iteration   15: trace = 0.3953697975719354 (0.000635049% change)
    iteration   16: trace = 0.3953689147295315 (0.000223296% change)
    iteration   17: trace = 0.3953687277601095 (4.72899e-05% change)
    iteration   18: trace = 0.3953686768868822 (1.28673e-05% change)
    iteration   19: trace = 0.3953686661000341 (2.7283e-06% change)
    iteration   20: trace = 0.3953686617054369 (1.11152e-06% change)
    iteration   21: trace = 0.3953686596386941 (5.22738e-07% change)
    iteration   22: trace = 0.3953686587469283 (2.25553e-07% change)
    iteration   23: trace = 0.3953686584961643 (6.34254e-08% change)
    iteration   24: trace = 0.3953686584395943 (1.43082e-08% change)
    iteration   25: trace = 0.3953686584260059 (3.43691e-09% change)
Finished solving for bands 1 to 6 after 25 iterations.
tefreqs:, 1, -0.09, 0.14, 0, 0.143178, 0.0644863, 0.14893, 0.171607, 0.300932, 0.322549, 0.380766
elapsed time for k point: 4.1919028759002686
total elapsed time for run: 4.230789661407471
done
Initializing eigensolver data
Computing 6 bands with 1e-10 tolerance
Working in 2 dimensions.
Grid size is 336 x 112 x 1.
Solving for 6 bands at a time.
Creating Maxwell data...
Mesh size is 3.
Lattice vectors:
     (3, 0, 0)
     (0, 1, 0)
     (0, 0, 1)
Cell volume = 3
Reciprocal lattice vectors (/ 2 pi):
     (0.333333, -0, 0)
     (-0, 1, -0)
     (0, -0, 1)
Geometric objects:
     block, center = (0,0,0)
          size (1e+20,1e+20,1)
          axes (1,0,0), (0,1,0), (0,0,1)
     prism, center = (0.0317411,-1.38778e-17,0.5)
          height 1, axis (0,0,1), sidewall angle: 0 radians, 4 vertices:
          (0.281741,0.25,0)
          (-0.218259,0.25,0)
          (-0.218259,-0.25,0)
          (0.281741,-0.25,0)
     prism, center = (1.03174,-1.38778e-17,0.5)
          height 1, axis (0,0,1), sidewall angle: 0 radians, 4 vertices:
          (1.28174,0.25,0)
          (0.781741,0.25,0)
          (0.781741,-0.25,0)
          (1.28174,-0.25,0)
     prism, center = (2.03174,-1.38778e-17,0.5)
          height 1, axis (0,0,1), sidewall angle: 0 radians, 4 vertices:
          (2.28174,0.25,0)
          (1.78174,0.25,0)
          (1.78174,-0.25,0)
          (2.28174,-0.25,0)
Geometric object tree has depth 2 and 21 object nodes (vs. 4 actual objects)
Initializing epsilon function...
Allocating fields...
Solving for band polarization: te.
Initializing fields to random numbers...
1 k-points
  Vector3<-0.09, 0.14, 0.0>
elapsed time for initialization: 0.0429995059967041
solve_kpoint (-0.09,0.14,0):
tefreqs:, k index, k1, k2, k3, kmag/2pi, te band 1, te band 2, te band 3, te band 4, te band 5, te band 6
Solving for bands 1 to 6...
    near maximum in trace
    iteration    1: trace = 2.199039497273474 (199.777% change)
    iteration    2: trace = 0.5329761544981544 (121.966% change)
    iteration    3: trace = 0.44752298057256 (17.4305% change)
    iteration    4: trace = 0.4187612354003258 (6.64026% change)
    iteration    5: trace = 0.4115407828429714 (1.73924% change)
    iteration    6: trace = 0.4062812813643449 (1.28622% change)
    iteration    7: trace = 0.4021678109049834 (1.01762% change)
    iteration    8: trace = 0.3976042769919855 (1.14121% change)
    iteration    9: trace = 0.3962415796398726 (0.343315% change)
    iteration   10: trace = 0.3957598882442182 (0.121639% change)
    iteration   11: trace = 0.3956723560388812 (0.0221199% change)
    iteration   12: trace = 0.3956413771476339 (0.00782974% change)
    iteration   13: trace = 0.3956291763569796 (0.00308385% change)
    iteration   14: trace = 0.3956214504387091 (0.00195284% change)
    iteration   15: trace = 0.395618799622614 (0.000670041% change)
    iteration   16: trace = 0.3956180702235596 (0.000184369% change)
    iteration   17: trace = 0.3956179010928753 (4.2751e-05% change)
    iteration   18: trace = 0.3956178604297821 (1.02784e-05% change)
    iteration   19: trace = 0.3956178488474948 (2.92765e-06% change)
    iteration   20: trace = 0.395617845031458 (9.64577e-07% change)
    iteration   21: trace = 0.3956178428418945 (5.53454e-07% change)
    iteration   22: trace = 0.3956178419959085 (2.13839e-07% change)
    iteration   23: trace = 0.3956178417095915 (7.23721e-08% change)
    iteration   24: trace = 0.3956178416442039 (1.6528e-08% change)
    iteration   25: trace = 0.395617841617129 (6.8437e-09% change)
Finished solving for bands 1 to 6 after 25 iterations.
tefreqs:, 1, -0.09, 0.14, 0, 0.143178, 0.064519, 0.148952, 0.171626, 0.300992, 0.322611, 0.38097
elapsed time for k point: 4.7064526081085205
total elapsed time for run: 4.749539852142334
done
Initializing eigensolver data
Computing 6 bands with 1e-10 tolerance
Working in 2 dimensions.
Grid size is 336 x 112 x 1.
Solving for 6 bands at a time.
Creating Maxwell data...
Mesh size is 3.
Lattice vectors:
     (3, 0, 0)
     (0, 1, 0)
     (0, 0, 1)
Cell volume = 3
Reciprocal lattice vectors (/ 2 pi):
     (0.333333, -0, 0)
     (-0, 1, -0)
     (0, -0, 1)
Geometric objects:
     block, center = (0,0,0)
          size (1e+20,1e+20,1)
          axes (1,0,0), (0,1,0), (0,0,1)
     prism, center = (0.00174107,-1.38778e-17,0.5)
          height 1, axis (0,0,1), sidewall angle: 0 radians, 4 vertices:
          (0.251741,0.25,0)
          (-0.248259,0.25,0)
          (-0.248259,-0.25,0)
          (0.251741,-0.25,0)
     prism, center = (1.00174,-1.38778e-17,0.5)
          height 1, axis (0,0,1), sidewall angle: 0 radians, 4 vertices:
          (1.25174,0.25,0)
          (0.751741,0.25,0)
          (0.751741,-0.25,0)
          (1.25174,-0.25,0)
     prism, center = (2.00174,-1.38778e-17,0.5)
          height 1, axis (0,0,1), sidewall angle: 0 radians, 4 vertices:
          (2.25174,0.25,0)
          (1.75174,0.25,0)
          (1.75174,-0.25,0)
          (2.25174,-0.25,0)
Geometric object tree has depth 2 and 21 object nodes (vs. 4 actual objects)
Initializing epsilon function...
Allocating fields...
Solving for band polarization: te.
Initializing fields to random numbers...
1 k-points
  Vector3<-0.09, 0.14, 0.0>
elapsed time for initialization: 0.04611825942993164
solve_kpoint (-0.09,0.14,0):
tefreqs:, k index, k1, k2, k3, kmag/2pi, te band 1, te band 2, te band 3, te band 4, te band 5, te band 6
Solving for bands 1 to 6...
    near maximum in trace
    iteration    1: trace = 2.488291104114574 (199.747% change)
    iteration    2: trace = 0.658053592652887 (116.341% change)
    iteration    3: trace = 0.4495697510937202 (37.6453% change)
    iteration    4: trace = 0.4272028552998015 (5.1021% change)
    iteration    5: trace = 0.4143475348997068 (3.05515% change)
    iteration    6: trace = 0.4095460239922774 (1.16557% change)
    iteration    7: trace = 0.4032898983846001 (1.53933% change)
    iteration    8: trace = 0.398963317959696 (1.07861% change)
    iteration    9: trace = 0.3963103514769807 (0.667183% change)
    iteration   10: trace = 0.3957272934767226 (0.14723% change)
    iteration   11: trace = 0.3954813079674607 (0.0621797% change)
    iteration   12: trace = 0.3953944020772416 (0.0219771% change)
    iteration   13: trace = 0.3953435804262958 (0.0128542% change)
    iteration   14: trace = 0.3953296853982042 (0.00351473% change)
    iteration   15: trace = 0.3953246736824814 (0.00126774% change)
    iteration   16: trace = 0.3953237079485632 (0.000244289% change)
    iteration   17: trace = 0.3953233808050553 (8.27534e-05% change)
    iteration   18: trace = 0.3953232674279745 (2.86796e-05% change)
    iteration   19: trace = 0.3953232074295097 (1.51771e-05% change)
    iteration   20: trace = 0.3953231850223814 (5.66805e-06% change)
    iteration   21: trace = 0.395323177456775 (1.91378e-06% change)
    iteration   22: trace = 0.3953231756178621 (4.65167e-07% change)
    iteration   23: trace = 0.3953231752063424 (1.04097e-07% change)
    iteration   24: trace = 0.3953231750802151 (3.19049e-08% change)
    iteration   25: trace = 0.3953231750273022 (1.33847e-08% change)
    iteration   26: trace = 0.3953231749955727 (8.02623e-09% change)
Finished solving for bands 1 to 6 after 26 iterations.
tefreqs:, 1, -0.09, 0.14, 0, 0.143178, 0.0644819, 0.148927, 0.1716, 0.300918, 0.322532, 0.380737
elapsed time for k point: 5.338708162307739
total elapsed time for run: 5.384919166564941
done
Initializing eigensolver data
Computing 6 bands with 1e-10 tolerance
Working in 2 dimensions.
Grid size is 336 x 112 x 1.
Solving for 6 bands at a time.
Creating Maxwell data...
Mesh size is 3.
Lattice vectors:
     (3, 0, 0)
     (0, 1, 0)
     (0, 0, 1)
Cell volume = 3
Reciprocal lattice vectors (/ 2 pi):
     (0.333333, -0, 0)
     (-0, 1, -0)
     (0, -0, 1)
Geometric objects:
     block, center = (0,0,0)
          size (1e+20,1e+20,1)
          axes (1,0,0), (0,1,0), (0,0,1)
     prism, center = (0.0367411,-1.38778e-17,0.5)
          height 1, axis (0,0,1), sidewall angle: 0 radians, 4 vertices:
          (0.286741,0.25,0)
          (-0.213259,0.25,0)
          (-0.213259,-0.25,0)
          (0.286741,-0.25,0)
     prism, center = (1.03674,-1.38778e-17,0.5)
          height 1, axis (0,0,1), sidewall angle: 0 radians, 4 vertices:
          (1.28674,0.25,0)
          (0.786741,0.25,0)
          (0.786741,-0.25,0)
          (1.28674,-0.25,0)
     prism, center = (2.03674,-1.38778e-17,0.5)
          height 1, axis (0,0,1), sidewall angle: 0 radians, 4 vertices:
          (2.28674,0.25,0)
          (1.78674,0.25,0)
          (1.78674,-0.25,0)
          (2.28674,-0.25,0)
Geometric object tree has depth 2 and 21 object nodes (vs. 4 actual objects)
Initializing epsilon function...
Allocating fields...
Solving for band polarization: te.
Initializing fields to random numbers...
1 k-points
  Vector3<-0.09, 0.14, 0.0>
elapsed time for initialization: 0.09618020057678223
solve_kpoint (-0.09,0.14,0):
tefreqs:, k index, k1, k2, k3, kmag/2pi, te band 1, te band 2, te band 3, te band 4, te band 5, te band 6
Solving for bands 1 to 6...
    near maximum in trace
    iteration    1: trace = 2.477895208170415 (199.749% change)
    iteration    2: trace = 0.6609792532788192 (115.769% change)
    iteration    3: trace = 0.4475977823559063 (38.4965% change)
    iteration    4: trace = 0.4195005927925339 (6.48074% change)
    iteration    5: trace = 0.4025117495665649 (4.13348% change)
    iteration    6: trace = 0.3987568565268312 (0.937237% change)
    iteration    7: trace = 0.3969385477918067 (0.457036% change)
    iteration    8: trace = 0.3963040831439132 (0.159967% change)
    iteration    9: trace = 0.395818694741314 (0.122554% change)
    iteration   10: trace = 0.3956395195618131 (0.0452772% change)
    iteration   11: trace = 0.3955719665966682 (0.0170758% change)
    iteration   12: trace = 0.3955613089878033 (0.00269426% change)
    iteration   13: trace = 0.3955579972432667 (0.00083723% change)
    iteration   14: trace = 0.3955570232188002 (0.000246241% change)
    iteration   15: trace = 0.3955565581274114 (0.000117579% change)
    iteration   16: trace = 0.3955563934354764 (4.16355e-05% change)
    iteration   17: trace = 0.3955563271142449 (1.67666e-05% change)
    iteration   18: trace = 0.3955563110133148 (4.07045e-06% change)
    iteration   19: trace = 0.3955563071328682 (9.8101e-07% change)
    iteration   20: trace = 0.39555630605555 (2.72355e-07% change)
    iteration   21: trace = 0.3955563055055236 (1.39051e-07% change)
    iteration   22: trace = 0.3955563052350707 (6.83728e-08% change)
    iteration   23: trace = 0.3955563051456508 (2.26061e-08% change)
    iteration   24: trace = 0.3955563051216324 (6.07204e-09% change)
Finished solving for bands 1 to 6 after 24 iterations.
tefreqs:, 1, -0.09, 0.14, 0, 0.143178, 0.064512, 0.148943, 0.171618, 0.300967, 0.322588, 0.380937
elapsed time for k point: 4.766384601593018
total elapsed time for run: 4.862654209136963
done
Initializing eigensolver data
Computing 6 bands with 1e-10 tolerance
Working in 2 dimensions.
Grid size is 336 x 112 x 1.
Solving for 6 bands at a time.
Creating Maxwell data...
Mesh size is 3.
Lattice vectors:
     (3, 0, 0)
     (0, 1, 0)
     (0, 0, 1)
Cell volume = 3
Reciprocal lattice vectors (/ 2 pi):
     (0.333333, -0, 0)
     (-0, 1, -0)
     (0, -0, 1)
Geometric objects:
     block, center = (0,0,0)
          size (1e+20,1e+20,1)
          axes (1,0,0), (0,1,0), (0,0,1)
     prism, center = (-0.00325893,-1.38778e-17,0.5)
          height 1, axis (0,0,1), sidewall angle: 0 radians, 4 vertices:
          (0.246741,0.25,0)
          (-0.253259,0.25,0)
          (-0.253259,-0.25,0)
          (0.246741,-0.25,0)
     prism, center = (0.996741,-1.38778e-17,0.5)
          height 1, axis (0,0,1), sidewall angle: 0 radians, 4 vertices:
          (1.24674,0.25,0)
          (0.746741,0.25,0)
          (0.746741,-0.25,0)
          (1.24674,-0.25,0)
     prism, center = (1.99674,-1.38778e-17,0.5)
          height 1, axis (0,0,1), sidewall angle: 0 radians, 4 vertices:
          (2.24674,0.25,0)
          (1.74674,0.25,0)
          (1.74674,-0.25,0)
          (2.24674,-0.25,0)
Geometric object tree has depth 2 and 21 object nodes (vs. 4 actual objects)
Initializing epsilon function...
Allocating fields...
Solving for band polarization: te.
Initializing fields to random numbers...
1 k-points
  Vector3<-0.09, 0.14, 0.0>
elapsed time for initialization: 0.040717363357543945
solve_kpoint (-0.09,0.14,0):
tefreqs:, k index, k1, k2, k3, kmag/2pi, te band 1, te band 2, te band 3, te band 4, te band 5, te band 6
Solving for bands 1 to 6...
    near maximum in trace
    iteration    1: trace = 2.237687471675717 (199.774% change)
    iteration    2: trace = 0.52843039170354 (123.585% change)
    iteration    3: trace = 0.45269564110677 (15.4383% change)
    iteration    4: trace = 0.4315177610870614 (4.79022% change)
    iteration    5: trace = 0.425137991125356 (1.48946% change)
    iteration    6: trace = 0.4222753524390486 (0.675618% change)
    iteration    7: trace = 0.4203218874997752 (0.463677% change)
    large trace change predicted (2.74009%)
    iteration    8: trace = 0.413413172385857 (1.65729% change)
    iteration    9: trace = 0.4054879244789117 (1.93558% change)
    iteration   10: trace = 0.399440811120517 (1.50252% change)
    iteration   11: trace = 0.3972969671028554 (0.538155% change)
    iteration   12: trace = 0.3962715739018217 (0.258426% change)
    iteration   13: trace = 0.3958399146815008 (0.10899% change)
    iteration   14: trace = 0.3956119844371326 (0.057598% change)
    iteration   15: trace = 0.3955231751232865 (0.0224511% change)
    iteration   16: trace = 0.3954923122320806 (0.00780336% change)
    iteration   17: trace = 0.3954837862311579 (0.00215582% change)
    iteration   18: trace = 0.3954811783412166 (0.00065942% change)
    iteration   19: trace = 0.3954800814805198 (0.000277349% change)
    iteration   20: trace = 0.3954795814262505 (0.000126442% change)
    iteration   21: trace = 0.3954794024824553 (4.52473e-05% change)
    iteration   22: trace = 0.395479359644888 (1.08318e-05% change)
    iteration   23: trace = 0.3954793480332721 (2.93609e-06% change)
    iteration   24: trace = 0.3954793460248751 (5.07839e-07% change)
    iteration   25: trace = 0.3954793454025139 (1.57369e-07% change)
    iteration   26: trace = 0.3954793452036088 (5.02947e-08% change)
    iteration   27: trace = 0.3954793450659302 (3.48131e-08% change)
    iteration   28: trace = 0.3954793450097959 (1.4194e-08% change)
    iteration   29: trace = 0.3954793449903523 (4.91645e-09% change)
Finished solving for bands 1 to 6 after 29 iterations.
tefreqs:, 1, -0.09, 0.14, 0, 0.143178, 0.0645004, 0.14894, 0.171615, 0.30096, 0.322578, 0.380855
elapsed time for k point: 5.338501691818237
total elapsed time for run: 5.379348278045654
done
Initializing eigensolver data
Computing 6 bands with 1e-10 tolerance
Working in 2 dimensions.
Grid size is 336 x 112 x 1.
Solving for 6 bands at a time.
Creating Maxwell data...
Mesh size is 3.
Lattice vectors:
     (3, 0, 0)
     (0, 1, 0)
     (0, 0, 1)
Cell volume = 3
Reciprocal lattice vectors (/ 2 pi):
     (0.333333, -0, 0)
     (-0, 1, -0)
     (0, -0, 1)
Geometric objects:
     block, center = (0,0,0)
          size (1e+20,1e+20,1)
          axes (1,0,0), (0,1,0), (0,0,1)
     prism, center = (0.0284375,0,0.5)
          height 1, axis (0,0,1), sidewall angle: 0 radians, 4 vertices:
          (-0.221562,-0.25,0)
          (-0.221562,0.25,0)
          (0.278438,0.25,0)
          (0.278438,-0.25,0)
     prism, center = (1.01844,0,0.5)
          height 1, axis (0,0,1), sidewall angle: 0 radians, 4 vertices:
          (0.768437,-0.25,0)
          (0.768437,0.25,0)
          (1.26844,0.25,0)
          (1.26844,-0.25,0)
     prism, center = (2.02344,0,0.5)
          height 1, axis (0,0,1), sidewall angle: 0 radians, 4 vertices:
          (1.77344,-0.25,0)
          (1.77344,0.25,0)
          (2.27344,0.25,0)
          (2.27344,-0.25,0)
Geometric object tree has depth 2 and 21 object nodes (vs. 4 actual objects)
Initializing epsilon function...
Allocating fields...
Solving for band polarization: te.
Initializing fields to random numbers...
1 k-points
  Vector3<-0.09, 0.14, 0.0>
elapsed time for initialization: 0.07243990898132324
solve_kpoint (-0.09,0.14,0):
tefreqs:, k index, k1, k2, k3, kmag/2pi, te band 1, te band 2, te band 3, te band 4, te band 5, te band 6
Solving for bands 1 to 6...
    near maximum in trace
    iteration    1: trace = 2.408723815422602 (199.756% change)
    iteration    2: trace = 0.5214960436975487 (128.811% change)
    iteration    3: trace = 0.443090337252635 (16.2569% change)
    iteration    4: trace = 0.4170195716172329 (6.06219% change)
    iteration    5: trace = 0.4083357528608035 (2.10426% change)
    iteration    6: trace = 0.402572357941076 (1.42147% change)
    iteration    7: trace = 0.3995442951419949 (0.755018% change)
    iteration    8: trace = 0.3972915851585975 (0.565414% change)
    iteration    9: trace = 0.3966778974673372 (0.154587% change)
    iteration   10: trace = 0.3964626053353548 (0.0542885% change)
    iteration   11: trace = 0.3964177854872255 (0.0113056% change)
    iteration   12: trace = 0.3963982779850135 (0.00492107% change)
    iteration   13: trace = 0.3963896342397722 (0.00218059% change)
    iteration   14: trace = 0.396385066841017 (0.00115226% change)
    iteration   15: trace = 0.3963835730298874 (0.000376859% change)
    iteration   16: trace = 0.3963831027570866 (0.000118641% change)
    iteration   17: trace = 0.3963829839880998 (2.99632e-05% change)
    iteration   18: trace = 0.3963829486562284 (8.91357e-06% change)
    iteration   19: trace = 0.3963829346965542 (3.52176e-06% change)
    iteration   20: trace = 0.3963829283734324 (1.59521e-06% change)
    iteration   21: trace = 0.3963829260186493 (5.94068e-07% change)
    iteration   22: trace = 0.3963829255262858 (1.24214e-07% change)
    iteration   23: trace = 0.3963829254072772 (3.00237e-08% change)
    iteration   24: trace = 0.3963829253857495 (5.43103e-09% change)
Finished solving for bands 1 to 6 after 24 iterations.
tefreqs:, 1, -0.09, 0.14, 0, 0.143178, 0.0645155, 0.149077, 0.171769, 0.30146, 0.323136, 0.381046
elapsed time for k point: 4.106666564941406
total elapsed time for run: 4.179196119308472
done
Initializing eigensolver data
Computing 6 bands with 1e-10 tolerance
Working in 2 dimensions.
Grid size is 336 x 112 x 1.
Solving for 6 bands at a time.
Creating Maxwell data...
Mesh size is 3.
Lattice vectors:
     (3, 0, 0)
     (0, 1, 0)
     (0, 0, 1)
Cell volume = 3
Reciprocal lattice vectors (/ 2 pi):
     (0.333333, -0, 0)
     (-0, 1, -0)
     (0, -0, 1)
Geometric objects:
     block, center = (0,0,0)
          size (1e+20,1e+20,1)
          axes (1,0,0), (0,1,0), (0,0,1)
     prism, center = (1.02844,0,0.5)
          height 1, axis (0,0,1), sidewall angle: 0 radians, 4 vertices:
          (0.778438,-0.25,0)
          (0.778438,0.25,0)
          (1.27844,0.25,0)
          (1.27844,-0.25,0)
     prism, center = (2.02344,0,0.5)
          height 1, axis (0,0,1), sidewall angle: 0 radians, 4 vertices:
          (1.77344,-0.25,0)
          (1.77344,0.25,0)
          (2.27344,0.25,0)
          (2.27344,-0.25,0)
     prism, center = (3.01844,0,0.5)
          height 1, axis (0,0,1), sidewall angle: 0 radians, 4 vertices:
          (2.76844,-0.25,0)
          (2.76844,0.25,0)
          (3.26844,0.25,0)
          (3.26844,-0.25,0)
Geometric object tree has depth 2 and 21 object nodes (vs. 4 actual objects)
Initializing epsilon function...
Allocating fields...
Solving for band polarization: te.
Initializing fields to random numbers...
1 k-points
  Vector3<-0.09, 0.14, 0.0>
elapsed time for initialization: 0.06473827362060547
solve_kpoint (-0.09,0.14,0):
tefreqs:, k index, k1, k2, k3, kmag/2pi, te band 1, te band 2, te band 3, te band 4, te band 5, te band 6
Solving for bands 1 to 6...
    near maximum in trace
    iteration    1: trace = 2.187418104025385 (199.778% change)
    iteration    2: trace = 0.5424895548553685 (120.512% change)
    iteration    3: trace = 0.4477284865860586 (19.1394% change)
    iteration    4: trace = 0.4126090092444149 (8.16412% change)
    iteration    5: trace = 0.4020493713734891 (2.59241% change)
    iteration    6: trace = 0.3983766702370704 (0.917687% change)
    iteration    7: trace = 0.3973776739933927 (0.251082% change)
    iteration    8: trace = 0.3967476057486298 (0.158682% change)
    iteration    9: trace = 0.3965052019203443 (0.0611164% change)
    iteration   10: trace = 0.3964136384031686 (0.0230953% change)
    iteration   11: trace = 0.3963933500093711 (0.00511812% change)
    iteration   12: trace = 0.3963870437594399 (0.00159092% change)
    iteration   13: trace = 0.3963847651627712 (0.000574843% change)
    iteration   14: trace = 0.3963834103088574 (0.000341803% change)
    iteration   15: trace = 0.3963828921952955 (0.00013071% change)
    iteration   16: trace = 0.396382741025979 (3.81372e-05% change)
    iteration   17: trace = 0.3963826993306239 (1.0519e-05% change)
    iteration   18: trace = 0.3963826849991349 (3.61557e-06% change)
    iteration   19: trace = 0.3963826785973587 (1.61505e-06% change)
    iteration   20: trace = 0.3963826755904893 (7.58577e-07% change)
    iteration   21: trace = 0.3963826743951925 (3.01551e-07% change)
    iteration   22: trace = 0.3963826741074352 (7.25958e-08% change)
    iteration   23: trace = 0.3963826740285308 (1.99061e-08% change)
    iteration   24: trace = 0.3963826740146371 (3.50513e-09% change)
Finished solving for bands 1 to 6 after 24 iterations.
tefreqs:, 1, -0.09, 0.14, 0, 0.143178, 0.0645155, 0.149077, 0.171769, 0.301457, 0.323141, 0.381045
elapsed time for k point: 3.772529363632202
total elapsed time for run: 3.8373467922210693
done
Initializing eigensolver data
Computing 6 bands with 1e-10 tolerance
Working in 2 dimensions.
Grid size is 336 x 112 x 1.
Solving for 6 bands at a time.
Creating Maxwell data...
Mesh size is 3.
Lattice vectors:
     (3, 0, 0)
     (0, 1, 0)
     (0, 0, 1)
Cell volume = 3
Reciprocal lattice vectors (/ 2 pi):
     (0.333333, -0, 0)
     (-0, 1, -0)
     (0, -0, 1)
Geometric objects:
     block, center = (0,0,0)
          size (1e+20,1e+20,1)
          axes (1,0,0), (0,1,0), (0,0,1)
     prism, center = (0.0309375,0,0.5)
          height 1, axis (0,0,1), sidewall angle: 0 radians, 4 vertices:
          (-0.219062,-0.25,0)
          (-0.219062,0.25,0)
          (0.280938,0.25,0)
          (0.280938,-0.25,0)
     prism, center = (1.01594,0,0.5)
          height 1, axis (0,0,1), sidewall angle: 0 radians, 4 vertices:
          (0.765938,-0.25,0)
          (0.765938,0.25,0)
          (1.26594,0.25,0)
          (1.26594,-0.25,0)
     prism, center = (2.02344,0,0.5)
          height 1, axis (0,0,1), sidewall angle: 0 radians, 4 vertices:
          (1.77344,-0.25,0)
          (1.77344,0.25,0)
          (2.27344,0.25,0)
          (2.27344,-0.25,0)
Geometric object tree has depth 2 and 21 object nodes (vs. 4 actual objects)
Initializing epsilon function...
Allocating fields...
Solving for band polarization: te.
Initializing fields to random numbers...
1 k-points
  Vector3<-0.09, 0.14, 0.0>
elapsed time for initialization: 0.04049038887023926
solve_kpoint (-0.09,0.14,0):
tefreqs:, k index, k1, k2, k3, kmag/2pi, te band 1, te band 2, te band 3, te band 4, te band 5, te band 6
Solving for bands 1 to 6...
    near maximum in trace
    iteration    1: trace = 2.118476337358147 (199.786% change)
    iteration    2: trace = 0.5209258050939574 (121.054% change)
    iteration    3: trace = 0.4473188863011906 (15.2042% change)
    iteration    4: trace = 0.4187337443141596 (6.60125% change)
    iteration    5: trace = 0.4091894558177083 (2.3056% change)
    iteration    6: trace = 0.403166390587033 (1.48286% change)
    iteration    7: trace = 0.3999136898013101 (0.810056% change)
    iteration    8: trace = 0.397459531663092 (0.615561% change)
    iteration    9: trace = 0.396746262250664 (0.179618% change)
    iteration   10: trace = 0.3965071627271246 (0.0602833% change)
    iteration   11: trace = 0.3964502717182798 (0.0143491% change)
    iteration   12: trace = 0.3964306501301639 (0.00494944% change)
    iteration   13: trace = 0.3964211941141916 (0.00238532% change)
    iteration   14: trace = 0.3964159496159749 (0.00132297% change)
    iteration   15: trace = 0.3964139105132575 (0.000514386% change)
    iteration   16: trace = 0.3964133936419013 (0.000130387% change)
    iteration   17: trace = 0.39641323298755 (4.0527e-05% change)
    iteration   18: trace = 0.3964131853076078 (1.20278e-05% change)
    iteration   19: trace = 0.3964131606330443 (6.22446e-06% change)
    iteration   20: trace = 0.3964131513816904 (2.33377e-06% change)
    iteration   21: trace = 0.3964131477797632 (9.0863e-07% change)
    iteration   22: trace = 0.396413147018151 (1.92126e-07% change)
    iteration   23: trace = 0.396413146812311 (5.19256e-08% change)
    iteration   24: trace = 0.3964131467701399 (1.06382e-08% change)
    iteration   25: trace = 0.3964131467578059 (3.11139e-09% change)
Finished solving for bands 1 to 6 after 25 iterations.
tefreqs:, 1, -0.09, 0.14, 0, 0.143178, 0.064522, 0.149079, 0.171782, 0.301413, 0.323176, 0.381082
elapsed time for k point: 3.449091672897339
total elapsed time for run: 3.4896697998046875
done
Initializing eigensolver data
Computing 6 bands with 1e-10 tolerance
Working in 2 dimensions.
Grid size is 336 x 112 x 1.
Solving for 6 bands at a time.
Creating Maxwell data...
Mesh size is 3.
Lattice vectors:
     (3, 0, 0)
     (0, 1, 0)
     (0, 0, 1)
Cell volume = 3
Reciprocal lattice vectors (/ 2 pi):
     (0.333333, -0, 0)
     (-0, 1, -0)
     (0, -0, 1)
Geometric objects:
     block, center = (0,0,0)
          size (1e+20,1e+20,1)
          axes (1,0,0), (0,1,0), (0,0,1)
     prism, center = (1.03094,0,0.5)
          height 1, axis (0,0,1), sidewall angle: 0 radians, 4 vertices:
          (0.780937,-0.25,0)
          (0.780937,0.25,0)
          (1.28094,0.25,0)
          (1.28094,-0.25,0)
     prism, center = (2.02344,0,0.5)
          height 1, axis (0,0,1), sidewall angle: 0 radians, 4 vertices:
          (1.77344,-0.25,0)
          (1.77344,0.25,0)
          (2.27344,0.25,0)
          (2.27344,-0.25,0)
     prism, center = (3.01594,0,0.5)
          height 1, axis (0,0,1), sidewall angle: 0 radians, 4 vertices:
          (2.76594,-0.25,0)
          (2.76594,0.25,0)
          (3.26594,0.25,0)
          (3.26594,-0.25,0)
Geometric object tree has depth 2 and 21 object nodes (vs. 4 actual objects)
Initializing epsilon function...
Allocating fields...
Solving for band polarization: te.
Initializing fields to random numbers...
1 k-points
  Vector3<-0.09, 0.14, 0.0>
elapsed time for initialization: 0.04050564765930176
solve_kpoint (-0.09,0.14,0):
tefreqs:, k index, k1, k2, k3, kmag/2pi, te band 1, te band 2, te band 3, te band 4, te band 5, te band 6
Solving for bands 1 to 6...
    near maximum in trace
    iteration    1: trace = 2.1562930312453 (199.783% change)
    iteration    2: trace = 0.5341516351026261 (120.585% change)
    iteration    3: trace = 0.4475360921075238 (17.6463% change)
    iteration    4: trace = 0.4160596103901129 (7.28963% change)
    iteration    5: trace = 0.4058753975612989 (2.47811% change)
    iteration    6: trace = 0.4007330666238899 (1.27505% change)
    iteration    7: trace = 0.3985764780536138 (0.539613% change)
    iteration    8: trace = 0.3971475547409433 (0.35915% change)
    iteration    9: trace = 0.3966663875325069 (0.121229% change)
    iteration   10: trace = 0.3964857994636568 (0.0455368% change)
    iteration   11: trace = 0.3964404669568825 (0.0114342% change)
    iteration   12: trace = 0.3964250679211259 (0.0038844% change)
    iteration   13: trace = 0.3964186136476682 (0.00162813% change)
    iteration   14: trace = 0.3964152707499363 (0.000843278% change)
    iteration   15: trace = 0.3964138349289433 (0.000362202% change)
    iteration   16: trace = 0.3964134299420476 (0.000102163% change)
    iteration   17: trace = 0.3964133025857323 (3.21271e-05% change)
    iteration   18: trace = 0.3964132666632504 (9.06188e-06% change)
    iteration   19: trace = 0.3964132492303649 (4.39765e-06% change)
    iteration   20: trace = 0.3964132416653922 (1.90836e-06% change)
    iteration   21: trace = 0.3964132383243355 (8.42822e-07% change)
    iteration   22: trace = 0.3964132376596514 (1.67675e-07% change)
    iteration   23: trace = 0.3964132374828448 (4.46016e-08% change)
    iteration   24: trace = 0.3964132374522037 (7.72959e-09% change)
Finished solving for bands 1 to 6 after 24 iterations.
tefreqs:, 1, -0.09, 0.14, 0, 0.143178, 0.064522, 0.149079, 0.171782, 0.301406, 0.323187, 0.381079
elapsed time for k point: 3.2577035427093506
total elapsed time for run: 3.298290252685547
done
Initializing eigensolver data
Computing 6 bands with 1e-10 tolerance
Working in 2 dimensions.
Grid size is 336 x 112 x 1.
Solving for 6 bands at a time.
Creating Maxwell data...
Mesh size is 3.
Lattice vectors:
     (3, 0, 0)
     (0, 1, 0)
     (0, 0, 1)
Cell volume = 3
Reciprocal lattice vectors (/ 2 pi):
     (0.333333, -0, 0)
     (-0, 1, -0)
     (0, -0, 1)
Geometric objects:
     block, center = (0,0,0)
          size (1e+20,1e+20,1)
          axes (1,0,0), (0,1,0), (0,0,1)
     prism, center = (0.0334375,0,0.5)
          height 1, axis (0,0,1), sidewall angle: 0 radians, 4 vertices:
          (-0.216562,-0.25,0)
          (-0.216562,0.25,0)
          (0.283438,0.25,0)
          (0.283438,-0.25,0)
     prism, center = (1.01344,0,0.5)
          height 1, axis (0,0,1), sidewall angle: 0 radians, 4 vertices:
          (0.763437,-0.25,0)
          (0.763437,0.25,0)
          (1.26344,0.25,0)
          (1.26344,-0.25,0)
     prism, center = (2.02344,0,0.5)
          height 1, axis (0,0,1), sidewall angle: 0 radians, 4 vertices:
          (1.77344,-0.25,0)
          (1.77344,0.25,0)
          (2.27344,0.25,0)
          (2.27344,-0.25,0)
Geometric object tree has depth 2 and 21 object nodes (vs. 4 actual objects)
Initializing epsilon function...
Allocating fields...
Solving for band polarization: te.
Initializing fields to random numbers...
1 k-points
  Vector3<-0.09, 0.14, 0.0>
elapsed time for initialization: 0.04978823661804199
solve_kpoint (-0.09,0.14,0):
tefreqs:, k index, k1, k2, k3, kmag/2pi, te band 1, te band 2, te band 3, te band 4, te band 5, te band 6
Solving for bands 1 to 6...
    near maximum in trace
    iteration    1: trace = 2.176891435208347 (199.781% change)
    iteration    2: trace = 0.5563542842643066 (118.58% change)
    iteration    3: trace = 0.4629639449444806 (18.3241% change)
    iteration    4: trace = 0.4239512952532686 (8.79738% change)
    iteration    5: trace = 0.4065187253660905 (4.19824% change)
    iteration    6: trace = 0.3999874257788094 (1.61965% change)
    iteration    7: trace = 0.398264466484389 (0.431683% change)
    iteration    8: trace = 0.3974292354500684 (0.209938% change)
    iteration    9: trace = 0.3969034683729525 (0.13238% change)
    iteration   10: trace = 0.3965971839734742 (0.0771983% change)
    iteration   11: trace = 0.3964943419027489 (0.0259345% change)
    iteration   12: trace = 0.3964738655707482 (0.00516448% change)
    iteration   13: trace = 0.3964689218954047 (0.00124692% change)
    iteration   14: trace = 0.3964677132225343 (0.00030486% change)
    iteration   15: trace = 0.3964670618770411 (0.000164287% change)
    iteration   16: trace = 0.3964668088477725 (6.3821e-05% change)
    iteration   17: trace = 0.3964667048794099 (2.62237e-05% change)
    iteration   18: trace = 0.3964666804513031 (6.16145e-06% change)
    iteration   19: trace = 0.3964666715922055 (2.23451e-06% change)
    iteration   20: trace = 0.3964666692712749 (5.85404e-07% change)
    iteration   21: trace = 0.3964666679688451 (3.28509e-07% change)
    iteration   22: trace = 0.396466667317604 (1.64261e-07% change)
    iteration   23: trace = 0.3964666670584693 (6.5361e-08% change)
    iteration   24: trace = 0.3964666669918246 (1.68097e-08% change)
    iteration   25: trace = 0.3964666669767285 (3.80766e-09% change)
Finished solving for bands 1 to 6 after 25 iterations.
tefreqs:, 1, -0.09, 0.14, 0, 0.143178, 0.0645332, 0.14908, 0.171799, 0.30134, 0.32323, 0.381155
elapsed time for k point: 3.4184651374816895
total elapsed time for run: 3.468334197998047
done
Initializing eigensolver data
Computing 6 bands with 1e-10 tolerance
Working in 2 dimensions.
Grid size is 336 x 112 x 1.
Solving for 6 bands at a time.
Creating Maxwell data...
Mesh size is 3.
Lattice vectors:
     (3, 0, 0)
     (0, 1, 0)
     (0, 0, 1)
Cell volume = 3
Reciprocal lattice vectors (/ 2 pi):
     (0.333333, -0, 0)
     (-0, 1, -0)
     (0, -0, 1)
Geometric objects:
     block, center = (0,0,0)
          size (1e+20,1e+20,1)
          axes (1,0,0), (0,1,0), (0,0,1)
     prism, center = (1.03344,0,0.5)
          height 1, axis (0,0,1), sidewall angle: 0 radians, 4 vertices:
          (0.783438,-0.25,0)
          (0.783438,0.25,0)
          (1.28344,0.25,0)
          (1.28344,-0.25,0)
     prism, center = (2.02344,0,0.5)
          height 1, axis (0,0,1), sidewall angle: 0 radians, 4 vertices:
          (1.77344,-0.25,0)
          (1.77344,0.25,0)
          (2.27344,0.25,0)
          (2.27344,-0.25,0)
     prism, center = (3.01344,0,0.5)
          height 1, axis (0,0,1), sidewall angle: 0 radians, 4 vertices:
          (2.76344,-0.25,0)
          (2.76344,0.25,0)
          (3.26344,0.25,0)
          (3.26344,-0.25,0)
Geometric object tree has depth 2 and 21 object nodes (vs. 4 actual objects)
Initializing epsilon function...
Allocating fields...
Solving for band polarization: te.
Initializing fields to random numbers...
1 k-points
  Vector3<-0.09, 0.14, 0.0>
elapsed time for initialization: 0.04076981544494629
solve_kpoint (-0.09,0.14,0):
tefreqs:, k index, k1, k2, k3, kmag/2pi, te band 1, te band 2, te band 3, te band 4, te band 5, te band 6
Solving for bands 1 to 6...
    near maximum in trace
    iteration    1: trace = 2.226129659925432 (199.776% change)
    iteration    2: trace = 0.5501536681590867 (120.735% change)
    iteration    3: trace = 0.4521682552295175 (19.5517% change)
    iteration    4: trace = 0.4221495247390299 (6.86678% change)
    iteration    5: trace = 0.4122814618768613 (2.36522% change)
    iteration    6: trace = 0.4069797177214286 (1.29427% change)
    iteration    7: trace = 0.4031403340142587 (0.947855% change)
    iteration    8: trace = 0.3992772140787601 (0.96287% change)
    iteration    9: trace = 0.3974996826157453 (0.44618% change)
    iteration   10: trace = 0.3967996740274191 (0.176258% change)
    iteration   11: trace = 0.3965817622810658 (0.0549324% change)
    iteration   12: trace = 0.3965169089304267 (0.0163544% change)
    iteration   13: trace = 0.3964859748472462 (0.00780176% change)
    iteration   14: trace = 0.396474075956138 (0.00300113% change)
    iteration   15: trace = 0.3964695407045855 (0.0011439% change)
    iteration   16: trace = 0.3964685743575925 (0.000243738% change)
    iteration   17: trace = 0.3964682752345718 (7.54469e-05% change)
    iteration   18: trace = 0.3964682015312908 (1.859e-05% change)
    iteration   19: trace = 0.3964681650272859 (9.2073e-06% change)
    iteration   20: trace = 0.396468146082838 (4.7783e-06% change)
    iteration   21: trace = 0.3964681365631428 (2.40112e-06% change)
    iteration   22: trace = 0.3964681337801697 (7.01941e-07% change)
    iteration   23: trace = 0.3964681330870097 (1.74834e-07% change)
    iteration   24: trace = 0.3964681328868175 (5.04939e-08% change)
    iteration   25: trace = 0.3964681328373417 (1.24791e-08% change)
    iteration   26: trace = 0.3964681328169702 (5.13824e-09% change)
Finished solving for bands 1 to 6 after 26 iterations.
tefreqs:, 1, -0.09, 0.14, 0, 0.143178, 0.0645333, 0.149081, 0.171797, 0.301323, 0.323255, 0.38115
elapsed time for k point: 3.8230133056640625
total elapsed time for run: 3.8638665676116943
done
Initializing eigensolver data
Computing 6 bands with 1e-10 tolerance
Working in 2 dimensions.
Grid size is 336 x 112 x 1.
Solving for 6 bands at a time.
Creating Maxwell data...
Mesh size is 3.
Lattice vectors:
     (3, 0, 0)
     (0, 1, 0)
     (0, 0, 1)
Cell volume = 3
Reciprocal lattice vectors (/ 2 pi):
     (0.333333, -0, 0)
     (-0, 1, -0)
     (0, -0, 1)
Geometric objects:
     block, center = (0,0,0)
          size (1e+20,1e+20,1)
          axes (1,0,0), (0,1,0), (0,0,1)
     prism, center = (0.0384375,0,0.5)
          height 1, axis (0,0,1), sidewall angle: 0 radians, 4 vertices:
          (-0.211562,-0.25,0)
          (-0.211562,0.25,0)
          (0.288438,0.25,0)
          (0.288438,-0.25,0)
     prism, center = (1.00844,0,0.5)
          height 1, axis (0,0,1), sidewall angle: 0 radians, 4 vertices:
          (0.758437,-0.25,0)
          (0.758437,0.25,0)
          (1.25844,0.25,0)
          (1.25844,-0.25,0)
     prism, center = (2.02344,0,0.5)
          height 1, axis (0,0,1), sidewall angle: 0 radians, 4 vertices:
          (1.77344,-0.25,0)
          (1.77344,0.25,0)
          (2.27344,0.25,0)
          (2.27344,-0.25,0)
Geometric object tree has depth 2 and 21 object nodes (vs. 4 actual objects)
Initializing epsilon function...
Allocating fields...
Solving for band polarization: te.
Initializing fields to random numbers...
1 k-points
  Vector3<-0.09, 0.14, 0.0>
elapsed time for initialization: 0.053350210189819336
solve_kpoint (-0.09,0.14,0):
tefreqs:, k index, k1, k2, k3, kmag/2pi, te band 1, te band 2, te band 3, te band 4, te band 5, te band 6
Solving for bands 1 to 6...
    near maximum in trace
    iteration    1: trace = 2.02691003983101 (199.796% change)
    iteration    2: trace = 0.4929158328377131 (121.754% change)
    iteration    3: trace = 0.4373445548227837 (11.9475% change)
    iteration    4: trace = 0.4228008562756337 (3.38168% change)
    iteration    5: trace = 0.418224687813898 (1.08824% change)
    iteration    6: trace = 0.413181040000598 (1.21328% change)
    iteration    7: trace = 0.4070211472886603 (1.50204% change)
    iteration    8: trace = 0.3998694371103374 (1.77266% change)
    iteration    9: trace = 0.3978316343277919 (0.510919% change)
    iteration   10: trace = 0.3969248462425331 (0.228193% change)
    iteration   11: trace = 0.39661856338662 (0.0771937% change)
    iteration   12: trace = 0.3964147058886578 (0.0514121% change)
    iteration   13: trace = 0.3963433980995675 (0.0179898% change)
    iteration   14: trace = 0.3963146965937649 (0.00724184% change)
    iteration   15: trace = 0.3963079771608081 (0.00169549% change)
    iteration   16: trace = 0.396305626805235 (0.000593065% change)
    iteration   17: trace = 0.3963048581612569 (0.000193953% change)
    iteration   18: trace = 0.396304512112595 (8.73188e-05% change)
    iteration   19: trace = 0.3963043889206052 (3.10852e-05% change)
    iteration   20: trace = 0.3963043482668108 (1.02582e-05% change)
    iteration   21: trace = 0.3963043377843768 (2.64505e-06% change)
    iteration   22: trace = 0.3963043352957087 (6.27969e-07% change)
    iteration   23: trace = 0.3963043346025726 (1.749e-07% change)
    iteration   24: trace = 0.396304334376003 (5.71706e-08% change)
    iteration   25: trace = 0.3963043342202687 (3.92966e-08% change)
    iteration   26: trace = 0.3963043341440802 (1.92247e-08% change)
    iteration   27: trace = 0.3963043341181991 (6.53061e-09% change)
Finished solving for bands 1 to 6 after 27 iterations.
tefreqs:, 1, -0.09, 0.14, 0, 0.143178, 0.0645139, 0.149061, 0.171832, 0.30111, 0.323308, 0.381054
elapsed time for k point: 3.985158920288086
total elapsed time for run: 4.038590669631958
done
Initializing eigensolver data
Computing 6 bands with 1e-10 tolerance
Working in 2 dimensions.
Grid size is 336 x 112 x 1.
Solving for 6 bands at a time.
Creating Maxwell data...
Mesh size is 3.
Lattice vectors:
     (3, 0, 0)
     (0, 1, 0)
     (0, 0, 1)
Cell volume = 3
Reciprocal lattice vectors (/ 2 pi):
     (0.333333, -0, 0)
     (-0, 1, -0)
     (0, -0, 1)
Geometric objects:
     block, center = (0,0,0)
          size (1e+20,1e+20,1)
          axes (1,0,0), (0,1,0), (0,0,1)
     prism, center = (1.03844,0,0.5)
          height 1, axis (0,0,1), sidewall angle: 0 radians, 4 vertices:
          (0.788438,-0.25,0)
          (0.788438,0.25,0)
          (1.28844,0.25,0)
          (1.28844,-0.25,0)
     prism, center = (2.02344,0,0.5)
          height 1, axis (0,0,1), sidewall angle: 0 radians, 4 vertices:
          (1.77344,-0.25,0)
          (1.77344,0.25,0)
          (2.27344,0.25,0)
          (2.27344,-0.25,0)
     prism, center = (3.00844,0,0.5)
          height 1, axis (0,0,1), sidewall angle: 0 radians, 4 vertices:
          (2.75844,-0.25,0)
          (2.75844,0.25,0)
          (3.25844,0.25,0)
          (3.25844,-0.25,0)
Geometric object tree has depth 2 and 21 object nodes (vs. 4 actual objects)
Initializing epsilon function...
Allocating fields...
Solving for band polarization: te.
Initializing fields to random numbers...
1 k-points
  Vector3<-0.09, 0.14, 0.0>
elapsed time for initialization: 0.04191327095031738
solve_kpoint (-0.09,0.14,0):
tefreqs:, k index, k1, k2, k3, kmag/2pi, te band 1, te band 2, te band 3, te band 4, te band 5, te band 6
Solving for bands 1 to 6...
    near maximum in trace
    iteration    1: trace = 2.009121827322699 (199.797% change)
    iteration    2: trace = 0.5308028021914817 (116.407% change)
    iteration    3: trace = 0.4551665164578198 (15.3425% change)
    iteration    4: trace = 0.4204197723297026 (7.93679% change)
    iteration    5: trace = 0.4085729703038165 (2.85812% change)
    iteration    6: trace = 0.4020366664668205 (1.61269% change)
    iteration    7: trace = 0.3992995900911809 (0.683128% change)
    iteration    8: trace = 0.3971448242922682 (0.541096% change)
    iteration    9: trace = 0.3966190989100128 (0.132464% change)
    iteration   10: trace = 0.3964199647332558 (0.0502205% change)
    iteration   11: trace = 0.3963608478732576 (0.0149138% change)
    iteration   12: trace = 0.3963249050622273 (0.00906862% change)
    iteration   13: trace = 0.3963113959103128 (0.00340866% change)
    iteration   14: trace = 0.3963050574537588 (0.00159938% change)
    iteration   15: trace = 0.3963035339311302 (0.000384433% change)
    iteration   16: trace = 0.3963030063297608 (0.000133131% change)
    iteration   17: trace = 0.3963028191359377 (4.7235e-05% change)
    iteration   18: trace = 0.3963027082443041 (2.79815e-05% change)
    iteration   19: trace = 0.3963026720994711 (9.12051e-06% change)
    iteration   20: trace = 0.3963026621379628 (2.51361e-06% change)
    iteration   21: trace = 0.3963026602626539 (4.73201e-07% change)
    iteration   22: trace = 0.3963026598948462 (9.28098e-08% change)
    iteration   23: trace = 0.396302659777616 (2.9581e-08% change)
    iteration   24: trace = 0.396302659732928 (1.12762e-08% change)
    iteration   25: trace = 0.3963026597142097 (4.72322e-09% change)
Finished solving for bands 1 to 6 after 25 iterations.
tefreqs:, 1, -0.09, 0.14, 0, 0.143178, 0.0645139, 0.149064, 0.171827, 0.301047, 0.323399, 0.381025
elapsed time for k point: 4.186500787734985
total elapsed time for run: 4.228522300720215
done
Initializing eigensolver data
Computing 6 bands with 1e-10 tolerance
Working in 2 dimensions.
Grid size is 336 x 112 x 1.
Solving for 6 bands at a time.
Creating Maxwell data...
Mesh size is 3.
Lattice vectors:
     (3, 0, 0)
     (0, 1, 0)
     (0, 0, 1)
Cell volume = 3
Reciprocal lattice vectors (/ 2 pi):
     (0.333333, -0, 0)
     (-0, 1, -0)
     (0, -0, 1)
Geometric objects:
     block, center = (0,0,0)
          size (1e+20,1e+20,1)
          axes (1,0,0), (0,1,0), (0,0,1)
     prism, center = (0.0434375,0,0.5)
          height 1, axis (0,0,1), sidewall angle: 0 radians, 4 vertices:
          (-0.206563,-0.25,0)
          (-0.206563,0.25,0)
          (0.293438,0.25,0)
          (0.293438,-0.25,0)
     prism, center = (1.00344,0,0.5)
          height 1, axis (0,0,1), sidewall angle: 0 radians, 4 vertices:
          (0.753437,-0.25,0)
          (0.753437,0.25,0)
          (1.25344,0.25,0)
          (1.25344,-0.25,0)
     prism, center = (2.02344,0,0.5)
          height 1, axis (0,0,1), sidewall angle: 0 radians, 4 vertices:
          (1.77344,-0.25,0)
          (1.77344,0.25,0)
          (2.27344,0.25,0)
          (2.27344,-0.25,0)
Geometric object tree has depth 2 and 21 object nodes (vs. 4 actual objects)
Initializing epsilon function...
Allocating fields...
Solving for band polarization: te.
Initializing fields to random numbers...
1 k-points
  Vector3<-0.09, 0.14, 0.0>
elapsed time for initialization: 0.08420705795288086
solve_kpoint (-0.09,0.14,0):
tefreqs:, k index, k1, k2, k3, kmag/2pi, te band 1, te band 2, te band 3, te band 4, te band 5, te band 6
Solving for bands 1 to 6...
    near maximum in trace
    iteration    1: trace = 1.999985448112592 (199.798% change)
    iteration    2: trace = 0.5021169572736885 (119.729% change)
    iteration    3: trace = 0.430114620845984 (15.4473% change)
    iteration    4: trace = 0.406154337283273 (5.73028% change)
    iteration    5: trace = 0.4004333904612875 (1.41856% change)
    iteration    6: trace = 0.3982261647354071 (0.552733% change)
    iteration    7: trace = 0.3973745478435279 (0.214081% change)
    iteration    8: trace = 0.3967149743689492 (0.166121% change)
    iteration    9: trace = 0.3964658462916101 (0.0628175% change)
    iteration   10: trace = 0.3963557394840789 (0.0277759% change)
    iteration   11: trace = 0.3963293496324291 (0.00665834% change)
    iteration   12: trace = 0.3963194741950655 (0.00249176% change)
    iteration   13: trace = 0.3963158658375314 (0.000910471% change)
    iteration   14: trace = 0.3963140250280577 (0.000464481% change)
    iteration   15: trace = 0.3963135295723416 (0.000125016% change)
    iteration   16: trace = 0.3963133882330356 (3.56635e-05% change)
    iteration   17: trace = 0.3963133498629318 (9.68176e-06% change)
    iteration   18: trace = 0.3963133372932498 (3.17165e-06% change)
    iteration   19: trace = 0.3963133321522376 (1.29721e-06% change)
    iteration   20: trace = 0.3963133292944962 (7.21081e-07% change)
    iteration   21: trace = 0.3963133283145929 (2.47255e-07% change)
    iteration   22: trace = 0.3963133281157512 (5.01729e-08% change)
    iteration   23: trace = 0.3963133280669863 (1.23046e-08% change)
    iteration   24: trace = 0.3963133280538887 (3.30484e-09% change)
Finished solving for bands 1 to 6 after 24 iterations.
tefreqs:, 1, -0.09, 0.14, 0, 0.143178, 0.0645239, 0.149051, 0.17189, 0.30083, 0.323452, 0.381141
elapsed time for k point: 4.373706340789795
total elapsed time for run: 4.457996845245361
done
Initializing eigensolver data
Computing 6 bands with 1e-10 tolerance
Working in 2 dimensions.
Grid size is 336 x 112 x 1.
Solving for 6 bands at a time.
Creating Maxwell data...
Mesh size is 3.
Lattice vectors:
     (3, 0, 0)
     (0, 1, 0)
     (0, 0, 1)
Cell volume = 3
Reciprocal lattice vectors (/ 2 pi):
     (0.333333, -0, 0)
     (-0, 1, -0)
     (0, -0, 1)
Geometric objects:
     block, center = (0,0,0)
          size (1e+20,1e+20,1)
          axes (1,0,0), (0,1,0), (0,0,1)
     prism, center = (1.04344,0,0.5)
          height 1, axis (0,0,1), sidewall angle: 0 radians, 4 vertices:
          (0.793438,-0.25,0)
          (0.793438,0.25,0)
          (1.29344,0.25,0)
          (1.29344,-0.25,0)
     prism, center = (2.02344,0,0.5)
          height 1, axis (0,0,1), sidewall angle: 0 radians, 4 vertices:
          (1.77344,-0.25,0)
          (1.77344,0.25,0)
          (2.27344,0.25,0)
          (2.27344,-0.25,0)
     prism, center = (3.00344,0,0.5)
          height 1, axis (0,0,1), sidewall angle: 0 radians, 4 vertices:
          (2.75344,-0.25,0)
          (2.75344,0.25,0)
          (3.25344,0.25,0)
          (3.25344,-0.25,0)
Geometric object tree has depth 2 and 21 object nodes (vs. 4 actual objects)
Initializing epsilon function...
Allocating fields...
Solving for band polarization: te.
Initializing fields to random numbers...
1 k-points
  Vector3<-0.09, 0.14, 0.0>
elapsed time for initialization: 0.04169011116027832
solve_kpoint (-0.09,0.14,0):
tefreqs:, k index, k1, k2, k3, kmag/2pi, te band 1, te band 2, te band 3, te band 4, te band 5, te band 6
Solving for bands 1 to 6...
    near maximum in trace
    iteration    1: trace = 2.127102434004636 (199.786% change)
    iteration    2: trace = 0.5247275858595656 (120.85% change)
    iteration    3: trace = 0.4474836990336665 (15.8903% change)
    iteration    4: trace = 0.4263542237882184 (4.83602% change)
    iteration    5: trace = 0.4197224330619625 (1.56766% change)
    iteration    6: trace = 0.4134828637218105 (1.49773% change)
    iteration    7: trace = 0.4070650167469758 (1.56428% change)
    iteration    8: trace = 0.4004966937271398 (1.6267% change)
    iteration    9: trace = 0.3980375034408481 (0.615926% change)
    iteration   10: trace = 0.3970114421750314 (0.258113% change)
    iteration   11: trace = 0.3966755918344798 (0.0846304% change)
    iteration   12: trace = 0.3964629901935655 (0.0536102% change)
    iteration   13: trace = 0.396366318683205 (0.0243865% change)
    iteration   14: trace = 0.3963246689067793 (0.0105085% change)
    iteration   15: trace = 0.3963128446584268 (0.00298352% change)
    iteration   16: trace = 0.3963096579216912 (0.000804099% change)
    iteration   17: trace = 0.3963084250421993 (0.00031109% change)
    iteration   18: trace = 0.3963079501291675 (0.000119834% change)
    iteration   19: trace = 0.3963077513751003 (5.01514e-05% change)
    iteration   20: trace = 0.3963076915100527 (1.51057e-05% change)
    iteration   21: trace = 0.3963076729511263 (4.68296e-06% change)
    iteration   22: trace = 0.3963076693512124 (9.08363e-07% change)
    iteration   23: trace = 0.3963076681564563 (3.01472e-07% change)
    iteration   24: trace = 0.3963076676746543 (1.21573e-07% change)
    iteration   25: trace = 0.3963076673444593 (8.33179e-08% change)
    iteration   26: trace = 0.3963076672109404 (3.36907e-08% change)
    iteration   27: trace = 0.3963076671608918 (1.26287e-08% change)
    iteration   28: trace = 0.3963076671489988 (3.00095e-09% change)
Finished solving for bands 1 to 6 after 28 iterations.
tefreqs:, 1, -0.09, 0.14, 0, 0.143178, 0.0645241, 0.149058, 0.171878, 0.30069, 0.323659, 0.38107
elapsed time for k point: 4.144490480422974
total elapsed time for run: 4.186264991760254
done
Initializing eigensolver data
Computing 6 bands with 1e-10 tolerance
Working in 2 dimensions.
Grid size is 336 x 112 x 1.
Solving for 6 bands at a time.
Creating Maxwell data...
Mesh size is 3.
Lattice vectors:
     (3, 0, 0)
     (0, 1, 0)
     (0, 0, 1)
Cell volume = 3
Reciprocal lattice vectors (/ 2 pi):
     (0.333333, -0, 0)
     (-0, 1, -0)
     (0, -0, 1)
Geometric objects:
     block, center = (0,0,0)
          size (1e+20,1e+20,1)
          axes (1,0,0), (0,1,0), (0,0,1)
     prism, center = (0.0256736,-1.38778e-17,0.5)
          height 1, axis (0,0,1), sidewall angle: 0 radians, 4 vertices:
          (0.275674,0.25,0)
          (-0.224326,0.25,0)
          (-0.224326,-0.25,0)
          (0.275674,-0.25,0)
     prism, center = (1.02619,-1.38778e-17,0.5)
          height 1, axis (0,0,1), sidewall angle: 0 radians, 4 vertices:
          (1.27619,0.25,0)
          (0.776192,0.25,0)
          (0.776192,-0.25,0)
          (1.27619,-0.25,0)
     prism, center = (2.01845,-1.38778e-17,0.5)
          height 1, axis (0,0,1), sidewall angle: 0 radians, 4 vertices:
          (2.26845,0.25,0)
          (1.76845,0.25,0)
          (1.76845,-0.25,0)
          (2.26845,-0.25,0)
Geometric object tree has depth 2 and 21 object nodes (vs. 4 actual objects)
Initializing epsilon function...
Allocating fields...
Solving for band polarization: te.
Initializing fields to random numbers...
1 k-points
  Vector3<-0.09, 0.14, 0.0>
elapsed time for initialization: 0.04022049903869629
solve_kpoint (-0.09,0.14,0):
tefreqs:, k index, k1, k2, k3, kmag/2pi, te band 1, te band 2, te band 3, te band 4, te band 5, te band 6
Solving for bands 1 to 6...
    near maximum in trace
    iteration    1: trace = 2.144042167554251 (199.784% change)
    iteration    2: trace = 0.5401605988525999 (119.505% change)
    iteration    3: trace = 0.4572642831146968 (16.6221% change)
    iteration    4: trace = 0.4302009803884073 (6.09901% change)
    iteration    5: trace = 0.422551509456595 (1.79407% change)
    iteration    6: trace = 0.417983019457041 (1.08704% change)
    iteration    7: trace = 0.414870984833463 (0.747318% change)
    large trace change predicted (1.61641%)
    iteration    8: trace = 0.4081630317793824 (1.63005% change)
    iteration    9: trace = 0.4021912064704122 (1.47388% change)
    iteration   10: trace = 0.3981434177725893 (1.01152% change)
    iteration   11: trace = 0.396698863463479 (0.363482% change)
    iteration   12: trace = 0.3958860958400057 (0.205093% change)
    iteration   13: trace = 0.3955669072210307 (0.0806589% change)
    iteration   14: trace = 0.3954299188971236 (0.0346369% change)
    iteration   15: trace = 0.3953943526634418 (0.00899472% change)
    iteration   16: trace = 0.3953838445515537 (0.00265766% change)
    iteration   17: trace = 0.3953813782301376 (0.000623781% change)
    iteration   18: trace = 0.3953805647494143 (0.000205746% change)
    iteration   19: trace = 0.3953802591786845 (7.72852e-05% change)
    iteration   20: trace = 0.3953800821223158 (4.47813e-05% change)
    iteration   21: trace = 0.3953800098907786 (1.82689e-05% change)
    iteration   22: trace = 0.3953799876513757 (5.62482e-06% change)
    iteration   23: trace = 0.3953799822096115 (1.37634e-06% change)
    iteration   24: trace = 0.3953799811153122 (2.76772e-07% change)
    iteration   25: trace = 0.3953799806784627 (1.10489e-07% change)
    iteration   26: trace = 0.3953799805082393 (4.30531e-08% change)
    iteration   27: trace = 0.3953799804201483 (2.22801e-08% change)
    iteration   28: trace = 0.3953799803941849 (6.56671e-09% change)
Finished solving for bands 1 to 6 after 28 iterations.
tefreqs:, 1, -0.09, 0.14, 0, 0.143178, 0.0644893, 0.148929, 0.171612, 0.300894, 0.322571, 0.38079
elapsed time for k point: 4.501504421234131
total elapsed time for run: 4.54181170463562
done
Initializing eigensolver data
Computing 6 bands with 1e-10 tolerance
Working in 2 dimensions.
Grid size is 336 x 112 x 1.
Solving for 6 bands at a time.
Creating Maxwell data...
Mesh size is 3.
Lattice vectors:
     (3, 0, 0)
     (0, 1, 0)
     (0, 0, 1)
Cell volume = 3
Reciprocal lattice vectors (/ 2 pi):
     (0.333333, -0, 0)
     (-0, 1, -0)
     (0, -0, 1)
Geometric objects:
     block, center = (0,0,0)
          size (1e+20,1e+20,1)
          axes (1,0,0), (0,1,0), (0,0,1)
     prism, center = (0.0212014,-1.38778e-17,0.5)
          height 1, axis (0,0,1), sidewall angle: 0 radians, 4 vertices:
          (0.271201,0.25,0)
          (-0.228799,0.25,0)
          (-0.228799,-0.25,0)
          (0.271201,-0.25,0)
     prism, center = (1.02068,-1.38778e-17,0.5)
          height 1, axis (0,0,1), sidewall angle: 0 radians, 4 vertices:
          (1.27068,0.25,0)
          (0.770683,0.25,0)
          (0.770683,-0.25,0)
          (1.27068,-0.25,0)
     prism, center = (2.02843,-1.38778e-17,0.5)
          height 1, axis (0,0,1), sidewall angle: 0 radians, 4 vertices:
          (2.27843,0.25,0)
          (1.77843,0.25,0)
          (1.77843,-0.25,0)
          (2.27843,-0.25,0)
Geometric object tree has depth 2 and 21 object nodes (vs. 4 actual objects)
Initializing epsilon function...
Allocating fields...
Solving for band polarization: te.
Initializing fields to random numbers...
1 k-points
  Vector3<-0.09, 0.14, 0.0>
elapsed time for initialization: 0.05148482322692871
solve_kpoint (-0.09,0.14,0):
tefreqs:, k index, k1, k2, k3, kmag/2pi, te band 1, te band 2, te band 3, te band 4, te band 5, te band 6
Solving for bands 1 to 6...
    near maximum in trace
    iteration    1: trace = 1.88834535100967 (199.809% change)
    iteration    2: trace = 0.5801782977087153 (105.988% change)
    iteration    3: trace = 0.434559247267211 (28.7008% change)
    iteration    4: trace = 0.4163372417428065 (4.28301% change)
    iteration    5: trace = 0.406096196250101 (2.49043% change)
    iteration    6: trace = 0.4019595525486886 (1.02385% change)
    iteration    7: trace = 0.3981592244562964 (0.949941% change)
    iteration    8: trace = 0.3965248745369999 (0.411321% change)
    iteration    9: trace = 0.3957268869592946 (0.201448% change)
    iteration   10: trace = 0.3955549531221068 (0.043457% change)
    iteration   11: trace = 0.3954899303613506 (0.0164397% change)
    iteration   12: trace = 0.395468818527808 (0.00533829% change)
    iteration   13: trace = 0.3954549215507317 (0.00351411% change)
    iteration   14: trace = 0.3954509044783557 (0.00101582% change)
    iteration   15: trace = 0.3954495252738759 (0.000348768% change)
    iteration   16: trace = 0.3954492366923139 (7.29756e-05% change)
    iteration   17: trace = 0.3954491308690078 (2.67603e-05% change)
    iteration   18: trace = 0.3954490976049306 (8.41172e-06% change)
    iteration   19: trace = 0.3954490791421752 (4.66881e-06% change)
    iteration   20: trace = 0.3954490724185616 (1.70025e-06% change)
    iteration   21: trace = 0.3954490704306645 (5.02694e-07% change)
    iteration   22: trace = 0.3954490700574332 (9.43816e-08% change)
    iteration   23: trace = 0.3954490699816636 (1.91604e-08% change)
    iteration   24: trace = 0.3954490699565686 (6.34593e-09% change)
Finished solving for bands 1 to 6 after 24 iterations.
tefreqs:, 1, -0.09, 0.14, 0, 0.143178, 0.0644979, 0.148936, 0.171618, 0.300915, 0.322589, 0.380842
elapsed time for k point: 5.418490409851074
total elapsed time for run: 5.470059394836426
done
Initializing eigensolver data
Computing 6 bands with 1e-10 tolerance
Working in 2 dimensions.
Grid size is 336 x 112 x 1.
Solving for 6 bands at a time.
Creating Maxwell data...
Mesh size is 3.
Lattice vectors:
     (3, 0, 0)
     (0, 1, 0)
     (0, 0, 1)
Cell volume = 3
Reciprocal lattice vectors (/ 2 pi):
     (0.333333, -0, 0)
     (-0, 1, -0)
     (0, -0, 1)
Geometric objects:
     block, center = (0,0,0)
          size (1e+20,1e+20,1)
          axes (1,0,0), (0,1,0), (0,0,1)
     prism, center = (0.0267916,-1.38778e-17,0.5)
          height 1, axis (0,0,1), sidewall angle: 0 radians, 4 vertices:
          (0.276792,0.25,0)
          (-0.223208,0.25,0)
          (-0.223208,-0.25,0)
          (0.276792,-0.25,0)
     prism, center = (1.02757,-1.38778e-17,0.5)
          height 1, axis (0,0,1), sidewall angle: 0 radians, 4 vertices:
          (1.27757,0.25,0)
          (0.77757,0.25,0)
          (0.77757,-0.25,0)
          (1.27757,-0.25,0)
     prism, center = (2.01595,-1.38778e-17,0.5)
          height 1, axis (0,0,1), sidewall angle: 0 radians, 4 vertices:
          (2.26595,0.25,0)
          (1.76595,0.25,0)
          (1.76595,-0.25,0)
          (2.26595,-0.25,0)
Geometric object tree has depth 2 and 21 object nodes (vs. 4 actual objects)
Initializing epsilon function...
Allocating fields...
Solving for band polarization: te.
Initializing fields to random numbers...
1 k-points
  Vector3<-0.09, 0.14, 0.0>
elapsed time for initialization: 0.04373598098754883
solve_kpoint (-0.09,0.14,0):
tefreqs:, k index, k1, k2, k3, kmag/2pi, te band 1, te band 2, te band 3, te band 4, te band 5, te band 6
Solving for bands 1 to 6...
    near maximum in trace
    iteration    1: trace = 2.237207098151172 (199.773% change)
    iteration    2: trace = 0.6155470333969513 (113.691% change)
    iteration    3: trace = 0.4460735374163676 (31.9273% change)
    iteration    4: trace = 0.4281785184278828 (4.09379% change)
    iteration    5: trace = 0.419913819522492 (1.94901% change)
    iteration    6: trace = 0.4180305408344221 (0.4495% change)
    iteration    7: trace = 0.4168721235364676 (0.277498% change)
    large trace change predicted (0.609158%)
    iteration    8: trace = 0.4146220199410521 (0.541219% change)
    large trace change predicted (4.19542%)
    iteration    9: trace = 0.4075662504402084 (1.71634% change)
    iteration   10: trace = 0.4020675085194652 (1.35833% change)
    iteration   11: trace = 0.396929477982377 (1.28612% change)
    iteration   12: trace = 0.3960272214293195 (0.227568% change)
    iteration   13: trace = 0.3955736686424649 (0.114591% change)
    iteration   14: trace = 0.3954168856486922 (0.0396422% change)
    iteration   15: trace = 0.3953350061480915 (0.0207093% change)
    iteration   16: trace = 0.3953114087603561 (0.00596914% change)
    iteration   17: trace = 0.3953028636831968 (0.00216163% change)
    iteration   18: trace = 0.3953010191220553 (0.000466621% change)
    iteration   19: trace = 0.3953005093676545 (0.000128954% change)
    iteration   20: trace = 0.3953003159792354 (4.89219e-05% change)
    iteration   21: trace = 0.3953002284836537 (2.2134e-05% change)
    iteration   22: trace = 0.3953001942649663 (8.65638e-06% change)
    iteration   23: trace = 0.3953001848025598 (2.39373e-06% change)
    iteration   24: trace = 0.3953001817889601 (7.62357e-07% change)
    iteration   25: trace = 0.3953001810089286 (1.97326e-07% change)
    iteration   26: trace = 0.395300180697393 (7.88099e-08% change)
    iteration   27: trace = 0.395300180550968 (3.70415e-08% change)
    iteration   28: trace = 0.3953001804644385 (2.18896e-08% change)
    iteration   29: trace = 0.3953001804397765 (6.2388e-09% change)
Finished solving for bands 1 to 6 after 29 iterations.
tefreqs:, 1, -0.09, 0.14, 0, 0.143178, 0.0644809, 0.148921, 0.171613, 0.300839, 0.322574, 0.380731
elapsed time for k point: 6.068387746810913
total elapsed time for run: 6.112199306488037
done
Initializing eigensolver data
Computing 6 bands with 1e-10 tolerance
Working in 2 dimensions.
Grid size is 336 x 112 x 1.
Solving for 6 bands at a time.
Creating Maxwell data...
Mesh size is 3.
Lattice vectors:
     (3, 0, 0)
     (0, 1, 0)
     (0, 0, 1)
Cell volume = 3
Reciprocal lattice vectors (/ 2 pi):
     (0.333333, -0, 0)
     (-0, 1, -0)
     (0, -0, 1)
Geometric objects:
     block, center = (0,0,0)
          size (1e+20,1e+20,1)
          axes (1,0,0), (0,1,0), (0,0,1)
     prism, center = (0.0200834,-1.38778e-17,0.5)
          height 1, axis (0,0,1), sidewall angle: 0 radians, 4 vertices:
          (0.270083,0.25,0)
          (-0.229917,0.25,0)
          (-0.229917,-0.25,0)
          (0.270083,-0.25,0)
     prism, center = (1.01931,-1.38778e-17,0.5)
          height 1, axis (0,0,1), sidewall angle: 0 radians, 4 vertices:
          (1.26931,0.25,0)
          (0.769305,0.25,0)
          (0.769305,-0.25,0)
          (1.26931,-0.25,0)
     prism, center = (2.03092,-1.38778e-17,0.5)
          height 1, axis (0,0,1), sidewall angle: 0 radians, 4 vertices:
          (2.28092,0.25,0)
          (1.78092,0.25,0)
          (1.78092,-0.25,0)
          (2.28092,-0.25,0)
Geometric object tree has depth 2 and 21 object nodes (vs. 4 actual objects)
Initializing epsilon function...
Allocating fields...
Solving for band polarization: te.
Initializing fields to random numbers...
1 k-points
  Vector3<-0.09, 0.14, 0.0>
elapsed time for initialization: 0.03969097137451172
solve_kpoint (-0.09,0.14,0):
tefreqs:, k index, k1, k2, k3, kmag/2pi, te band 1, te band 2, te band 3, te band 4, te band 5, te band 6
Solving for bands 1 to 6...
    near maximum in trace
    iteration    1: trace = 2.348746652333698 (199.762% change)
    iteration    2: trace = 0.6398223318363351 (114.364% change)
    iteration    3: trace = 0.457643694445601 (33.1999% change)
    iteration    4: trace = 0.4264663130877522 (7.05283% change)
    iteration    5: trace = 0.408597192207529 (4.2797% change)
    iteration    6: trace = 0.4035924482446974 (1.23241% change)
    iteration    7: trace = 0.3998756389921827 (0.925192% change)
    iteration    8: trace = 0.3977257306090587 (0.539093% change)
    iteration    9: trace = 0.3960741084930515 (0.416131% change)
    iteration   10: trace = 0.3956891517683457 (0.0972404% change)
    iteration   11: trace = 0.3955515311531242 (0.034786% change)
    iteration   12: trace = 0.3955193953940327 (0.00812462% change)
    iteration   13: trace = 0.3955011662091634 (0.00460903% change)
    iteration   14: trace = 0.3954952004780353 (0.00150841% change)
    iteration   15: trace = 0.3954925232109151 (0.000676943% change)
    iteration   16: trace = 0.3954920034543971 (0.00013142% change)
    iteration   17: trace = 0.3954918654831487 (3.4886e-05% change)
    iteration   18: trace = 0.3954918307006758 (8.79474e-06% change)
    iteration   19: trace = 0.3954918142654812 (4.15563e-06% change)
    iteration   20: trace = 0.3954918053284803 (2.25972e-06% change)
    iteration   21: trace = 0.3954918012311985 (1.036e-06% change)
    iteration   22: trace = 0.3954917999948053 (3.12622e-07% change)
    iteration   23: trace = 0.3954917997165182 (7.03648e-08% change)
    iteration   24: trace = 0.395491799634485 (2.07421e-08% change)
    iteration   25: trace = 0.3954917996143194 (5.09888e-09% change)
Finished solving for bands 1 to 6 after 25 iterations.
tefreqs:, 1, -0.09, 0.14, 0, 0.143178, 0.0645048, 0.148938, 0.171629, 0.300879, 0.32263, 0.380885
elapsed time for k point: 3.7534475326538086
total elapsed time for run: 3.793217658996582
done
Initializing eigensolver data
Computing 6 bands with 1e-10 tolerance
Working in 2 dimensions.
Grid size is 336 x 112 x 1.
Solving for 6 bands at a time.
Creating Maxwell data...
Mesh size is 3.
Lattice vectors:
     (3, 0, 0)
     (0, 1, 0)
     (0, 0, 1)
Cell volume = 3
Reciprocal lattice vectors (/ 2 pi):
     (0.333333, -0, 0)
     (-0, 1, -0)
     (0, -0, 1)
Geometric objects:
     block, center = (0,0,0)
          size (1e+20,1e+20,1)
          axes (1,0,0), (0,1,0), (0,0,1)
     prism, center = (0.0279096,-1.38778e-17,0.5)
          height 1, axis (0,0,1), sidewall angle: 0 radians, 4 vertices:
          (0.27791,0.25,0)
          (-0.22209,0.25,0)
          (-0.22209,-0.25,0)
          (0.27791,-0.25,0)
     prism, center = (1.02895,-1.38778e-17,0.5)
          height 1, axis (0,0,1), sidewall angle: 0 radians, 4 vertices:
          (1.27895,0.25,0)
          (0.778947,0.25,0)
          (0.778947,-0.25,0)
          (1.27895,-0.25,0)
     prism, center = (2.01346,-1.38778e-17,0.5)
          height 1, axis (0,0,1), sidewall angle: 0 radians, 4 vertices:
          (2.26346,0.25,0)
          (1.76346,0.25,0)
          (1.76346,-0.25,0)
          (2.26346,-0.25,0)
Geometric object tree has depth 2 and 21 object nodes (vs. 4 actual objects)
Initializing epsilon function...
Allocating fields...
Solving for band polarization: te.
Initializing fields to random numbers...
1 k-points
  Vector3<-0.09, 0.14, 0.0>
elapsed time for initialization: 0.04477429389953613
solve_kpoint (-0.09,0.14,0):
tefreqs:, k index, k1, k2, k3, kmag/2pi, te band 1, te band 2, te band 3, te band 4, te band 5, te band 6
Solving for bands 1 to 6...
    near maximum in trace
    iteration    1: trace = 2.197066657930518 (199.777% change)
    iteration    2: trace = 0.5959561319263763 (114.651% change)
    iteration    3: trace = 0.4438580298315262 (29.2549% change)
    iteration    4: trace = 0.4227584018479376 (4.86943% change)
    iteration    5: trace = 0.4117107345324023 (2.64783% change)
    iteration    6: trace = 0.4066068630173005 (1.24741% change)
    iteration    7: trace = 0.4015550356880694 (1.2502% change)
    iteration    8: trace = 0.3985526983405286 (0.750483% change)
    iteration    9: trace = 0.3963785227467913 (0.54701% change)
    iteration   10: trace = 0.3957855214784088 (0.149717% change)
    iteration   11: trace = 0.3955592348898261 (0.0571904% change)
    iteration   12: trace = 0.3955024151083437 (0.0143654% change)
    iteration   13: trace = 0.3954725469678673 (0.00755223% change)
    iteration   14: trace = 0.3954605164717393 (0.0030421% change)
    iteration   15: trace = 0.3954548471482487 (0.00143361% change)
    iteration   16: trace = 0.3954532248836413 (0.000410228% change)
    iteration   17: trace = 0.3954527755936897 (0.000113614% change)
    iteration   18: trace = 0.3954526474627013 (3.24011e-05% change)
    iteration   19: trace = 0.3954526055635357 (1.05952e-05% change)
    iteration   20: trace = 0.3954525843524292 (5.36375e-06% change)
    iteration   21: trace = 0.395452575650596 (2.20047e-06% change)
    iteration   22: trace = 0.3954525724361097 (8.12863e-07% change)
    iteration   23: trace = 0.3954525717840192 (1.64897e-07% change)
    iteration   24: trace = 0.3954525715815528 (5.11986e-08% change)
    iteration   25: trace = 0.3954525715142928 (1.70084e-08% change)
    iteration   26: trace = 0.3954525714732749 (1.03724e-08% change)
    iteration   27: trace = 0.3954525714541696 (4.83127e-09% change)
Finished solving for bands 1 to 6 after 27 iterations.
tefreqs:, 1, -0.09, 0.14, 0, 0.143178, 0.064501, 0.148935, 0.171637, 0.300819, 0.322654, 0.380859
elapsed time for k point: 4.640893220901489
total elapsed time for run: 4.6857523918151855
done
Initializing eigensolver data
Computing 6 bands with 1e-10 tolerance
Working in 2 dimensions.
Grid size is 336 x 112 x 1.
Solving for 6 bands at a time.
Creating Maxwell data...
Mesh size is 3.
Lattice vectors:
     (3, 0, 0)
     (0, 1, 0)
     (0, 0, 1)
Cell volume = 3
Reciprocal lattice vectors (/ 2 pi):
     (0.333333, -0, 0)
     (-0, 1, -0)
     (0, -0, 1)
Geometric objects:
     block, center = (0,0,0)
          size (1e+20,1e+20,1)
          axes (1,0,0), (0,1,0), (0,0,1)
     prism, center = (0.0189654,-1.38778e-17,0.5)
          height 1, axis (0,0,1), sidewall angle: 0 radians, 4 vertices:
          (0.268965,0.25,0)
          (-0.231035,0.25,0)
          (-0.231035,-0.25,0)
          (0.268965,-0.25,0)
     prism, center = (1.01793,-1.38778e-17,0.5)
          height 1, axis (0,0,1), sidewall angle: 0 radians, 4 vertices:
          (1.26793,0.25,0)
          (0.767928,0.25,0)
          (0.767928,-0.25,0)
          (1.26793,-0.25,0)
     prism, center = (2.03342,-1.38778e-17,0.5)
          height 1, axis (0,0,1), sidewall angle: 0 radians, 4 vertices:
          (2.28342,0.25,0)
          (1.78342,0.25,0)
          (1.78342,-0.25,0)
          (2.28342,-0.25,0)
Geometric object tree has depth 2 and 21 object nodes (vs. 4 actual objects)
Initializing epsilon function...
Allocating fields...
Solving for band polarization: te.
Initializing fields to random numbers...
1 k-points
  Vector3<-0.09, 0.14, 0.0>
elapsed time for initialization: 0.07984280586242676
solve_kpoint (-0.09,0.14,0):
tefreqs:, k index, k1, k2, k3, kmag/2pi, te band 1, te band 2, te band 3, te band 4, te band 5, te band 6
Solving for bands 1 to 6...
    near maximum in trace
    iteration    1: trace = 2.401228389397785 (199.756% change)
    iteration    2: trace = 0.5639256812157941 (123.926% change)
    iteration    3: trace = 0.4627294867944288 (19.7138% change)
    iteration    4: trace = 0.4272733859966954 (7.96764% change)
    iteration    5: trace = 0.4159585836420003 (2.68367% change)
    iteration    6: trace = 0.407948656825338 (1.94438% change)
    iteration    7: trace = 0.402401538487329 (1.36907% change)
    iteration    8: trace = 0.3981304150472018 (1.06707% change)
    iteration    9: trace = 0.3964779399651135 (0.415922% change)
    iteration   10: trace = 0.3957330353011351 (0.188057% change)
    iteration   11: trace = 0.3955107763186195 (0.0561796% change)
    iteration   12: trace = 0.3953816373291849 (0.0326565% change)
    iteration   13: trace = 0.395331694446736 (0.0126324% change)
    iteration   14: trace = 0.3953098143009682 (0.00553478% change)
    iteration   15: trace = 0.3953054190953073 (0.00111184% change)
    iteration   16: trace = 0.3953042788411282 (0.000288449% change)
    iteration   17: trace = 0.395304066671368 (5.36725e-05% change)
    iteration   18: trace = 0.3953040099293652 (1.4354e-05% change)
    iteration   19: trace = 0.3953039945743134 (3.88437e-06% change)
    iteration   20: trace = 0.3953039876347166 (1.75551e-06% change)
    iteration   21: trace = 0.3953039843054458 (8.42205e-07% change)
    iteration   22: trace = 0.3953039830055269 (3.2884e-07% change)
    iteration   23: trace = 0.3953039826838117 (8.13842e-08% change)
    iteration   24: trace = 0.3953039826115463 (1.8281e-08% change)
    iteration   25: trace = 0.3953039825796968 (8.05696e-09% change)
Finished solving for bands 1 to 6 after 25 iterations.
tefreqs:, 1, -0.09, 0.14, 0, 0.143178, 0.0644811, 0.148921, 0.171626, 0.300773, 0.322626, 0.380738
elapsed time for k point: 4.245918273925781
total elapsed time for run: 4.325861692428589
done
Initializing eigensolver data
Computing 6 bands with 1e-10 tolerance
Working in 2 dimensions.
Grid size is 336 x 112 x 1.
Solving for 6 bands at a time.
Creating Maxwell data...
Mesh size is 3.
Lattice vectors:
     (3, 0, 0)
     (0, 1, 0)
     (0, 0, 1)
Cell volume = 3
Reciprocal lattice vectors (/ 2 pi):
     (0.333333, -0, 0)
     (-0, 1, -0)
     (0, -0, 1)
Geometric objects:
     block, center = (0,0,0)
          size (1e+20,1e+20,1)
          axes (1,0,0), (0,1,0), (0,0,1)
     prism, center = (0.0301457,-1.38778e-17,0.5)
          height 1, axis (0,0,1), sidewall angle: 0 radians, 4 vertices:
          (0.280146,0.25,0)
          (-0.219854,0.25,0)
          (-0.219854,-0.25,0)
          (0.280146,-0.25,0)
     prism, center = (1.0317,-1.38778e-17,0.5)
          height 1, axis (0,0,1), sidewall angle: 0 radians, 4 vertices:
          (1.2817,0.25,0)
          (0.781702,0.25,0)
          (0.781702,-0.25,0)
          (1.2817,-0.25,0)
     prism, center = (2.00846,-1.38778e-17,0.5)
          height 1, axis (0,0,1), sidewall angle: 0 radians, 4 vertices:
          (2.25846,0.25,0)
          (1.75846,0.25,0)
          (1.75846,-0.25,0)
          (2.25846,-0.25,0)
Geometric object tree has depth 2 and 21 object nodes (vs. 4 actual objects)
Initializing epsilon function...
Allocating fields...
Solving for band polarization: te.
Initializing fields to random numbers...
1 k-points
  Vector3<-0.09, 0.14, 0.0>
elapsed time for initialization: 0.07924652099609375
solve_kpoint (-0.09,0.14,0):
tefreqs:, k index, k1, k2, k3, kmag/2pi, te band 1, te band 2, te band 3, te band 4, te band 5, te band 6
Solving for bands 1 to 6...
    near maximum in trace
    iteration    1: trace = 1.857558715720828 (199.812% change)
    iteration    2: trace = 0.503135643444553 (114.748% change)
    iteration    3: trace = 0.4428080230630722 (12.755% change)
    iteration    4: trace = 0.4164837355552712 (6.12697% change)
    iteration    5: trace = 0.4058316694113708 (2.59075% change)
    iteration    6: trace = 0.4001992082284609 (1.39758% change)
    iteration    7: trace = 0.3977886419843419 (0.604161% change)
    iteration    8: trace = 0.3961339319870546 (0.416844% change)
    iteration    9: trace = 0.3956525246144421 (0.1216% change)
    iteration   10: trace = 0.3954938846196488 (0.0401038% change)
    iteration   11: trace = 0.3954457139102426 (0.0121806% change)
    iteration   12: trace = 0.3954268316338411 (0.00477505% change)
    iteration   13: trace = 0.3954189438873266 (0.00199476% change)
    iteration   14: trace = 0.3954153154751749 (0.000917616% change)
    iteration   15: trace = 0.3954137193018324 (0.000403671% change)
    iteration   16: trace = 0.3954132790953294 (0.000111328% change)
    iteration   17: trace = 0.3954131411623731 (3.48832e-05% change)
    iteration   18: trace = 0.3954131020588368 (9.88929e-06% change)
    iteration   19: trace = 0.3954130786671647 (5.91576e-06% change)
    iteration   20: trace = 0.3954130681415466 (2.66193e-06% change)
    iteration   21: trace = 0.3954130641243599 (1.01595e-06% change)
    iteration   22: trace = 0.3954130634148887 (1.79425e-07% change)
    iteration   23: trace = 0.3954130632532679 (4.08739e-08% change)
    iteration   24: trace = 0.3954130632209263 (8.17917e-09% change)
Finished solving for bands 1 to 6 after 24 iterations.
tefreqs:, 1, -0.09, 0.14, 0, 0.143178, 0.0645001, 0.148927, 0.171663, 0.300644, 0.322747, 0.380858
elapsed time for k point: 4.546655893325806
total elapsed time for run: 4.626056432723999
done
Initializing eigensolver data
Computing 6 bands with 1e-10 tolerance
Working in 2 dimensions.
Grid size is 336 x 112 x 1.
Solving for 6 bands at a time.
Creating Maxwell data...
Mesh size is 3.
Lattice vectors:
     (3, 0, 0)
     (0, 1, 0)
     (0, 0, 1)
Cell volume = 3
Reciprocal lattice vectors (/ 2 pi):
     (0.333333, -0, 0)
     (-0, 1, -0)
     (0, -0, 1)
Geometric objects:
     block, center = (0,0,0)
          size (1e+20,1e+20,1)
          axes (1,0,0), (0,1,0), (0,0,1)
     prism, center = (0.0167293,-1.38778e-17,0.5)
          height 1, axis (0,0,1), sidewall angle: 0 radians, 4 vertices:
          (0.266729,0.25,0)
          (-0.233271,0.25,0)
          (-0.233271,-0.25,0)
          (0.266729,-0.25,0)
     prism, center = (1.01517,-1.38778e-17,0.5)
          height 1, axis (0,0,1), sidewall angle: 0 radians, 4 vertices:
          (1.26517,0.25,0)
          (0.765173,0.25,0)
          (0.765173,-0.25,0)
          (1.26517,-0.25,0)
     prism, center = (2.03841,-1.38778e-17,0.5)
          height 1, axis (0,0,1), sidewall angle: 0 radians, 4 vertices:
          (2.28841,0.25,0)
          (1.78841,0.25,0)
          (1.78841,-0.25,0)
          (2.28841,-0.25,0)
Geometric object tree has depth 2 and 21 object nodes (vs. 4 actual objects)
Initializing epsilon function...
Allocating fields...
Solving for band polarization: te.
Initializing fields to random numbers...
1 k-points
  Vector3<-0.09, 0.14, 0.0>
elapsed time for initialization: 0.08851122856140137
solve_kpoint (-0.09,0.14,0):
tefreqs:, k index, k1, k2, k3, kmag/2pi, te band 1, te band 2, te band 3, te band 4, te band 5, te band 6
Solving for bands 1 to 6...
    near maximum in trace
    iteration    1: trace = 2.524550200750681 (199.744% change)
    iteration    2: trace = 0.5471939914273957 (128.745% change)
    iteration    3: trace = 0.4563952416012661 (18.0948% change)
    iteration    4: trace = 0.425423016163013 (7.02463% change)
    iteration    5: trace = 0.4146407650196254 (2.56701% change)
    iteration    6: trace = 0.4076197258937655 (1.70774% change)
    iteration    7: trace = 0.4029463152692939 (1.15312% change)
    iteration    8: trace = 0.398334130398483 (1.1512% change)
    iteration    9: trace = 0.3966180598452417 (0.431742% change)
    iteration   10: trace = 0.3958077958963261 (0.204502% change)
    iteration   11: trace = 0.39558908768998 (0.0552714% change)
    iteration   12: trace = 0.3954675981997061 (0.0307157% change)
    iteration   13: trace = 0.395422677896052 (0.0113594% change)
    iteration   14: trace = 0.3954028726767072 (0.00500875% change)
    iteration   15: trace = 0.3953984261786243 (0.00112456% change)
    iteration   16: trace = 0.3953969216099056 (0.00038052% change)
    iteration   17: trace = 0.3953965440796813 (9.54814e-05% change)
    iteration   18: trace = 0.3953963710507252 (4.37609e-05% change)
    iteration   19: trace = 0.3953963058754881 (1.64835e-05% change)
    iteration   20: trace = 0.395396275307881 (7.73088e-06% change)
    iteration   21: trace = 0.3953962676245591 (1.9432e-06% change)
    iteration   22: trace = 0.3953962656262786 (5.05387e-07% change)
    iteration   23: trace = 0.3953962651890092 (1.1059e-07% change)
    iteration   24: trace = 0.3953962650929292 (2.42997e-08% change)
    iteration   25: trace = 0.3953962650598284 (8.37155e-09% change)
Finished solving for bands 1 to 6 after 25 iterations.
tefreqs:, 1, -0.09, 0.14, 0, 0.143178, 0.0644972, 0.148925, 0.171662, 0.300638, 0.322752, 0.380838
elapsed time for k point: 4.356437683105469
total elapsed time for run: 4.445034503936768
done
Initializing eigensolver data
Computing 6 bands with 1e-10 tolerance
Working in 2 dimensions.
Grid size is 336 x 112 x 1.
Solving for 6 bands at a time.
Creating Maxwell data...
Mesh size is 3.
Lattice vectors:
     (3, 0, 0)
     (0, 1, 0)
     (0, 0, 1)
Cell volume = 3
Reciprocal lattice vectors (/ 2 pi):
     (0.333333, -0, 0)
     (-0, 1, -0)
     (0, -0, 1)
Geometric objects:
     block, center = (0,0,0)
          size (1e+20,1e+20,1)
          axes (1,0,0), (0,1,0), (0,0,1)
     prism, center = (0.0323818,-1.38778e-17,0.5)
          height 1, axis (0,0,1), sidewall angle: 0 radians, 4 vertices:
          (0.282382,0.25,0)
          (-0.217618,0.25,0)
          (-0.217618,-0.25,0)
          (0.282382,-0.25,0)
     prism, center = (1.03446,-1.38778e-17,0.5)
          height 1, axis (0,0,1), sidewall angle: 0 radians, 4 vertices:
          (1.28446,0.25,0)
          (0.784457,0.25,0)
          (0.784457,-0.25,0)
          (1.28446,-0.25,0)
     prism, center = (2.00347,-1.38778e-17,0.5)
          height 1, axis (0,0,1), sidewall angle: 0 radians, 4 vertices:
          (2.25347,0.25,0)
          (1.75347,0.25,0)
          (1.75347,-0.25,0)
          (2.25347,-0.25,0)
Geometric object tree has depth 2 and 21 object nodes (vs. 4 actual objects)
Initializing epsilon function...
Allocating fields...
Solving for band polarization: te.
Initializing fields to random numbers...
1 k-points
  Vector3<-0.09, 0.14, 0.0>
elapsed time for initialization: 0.039946556091308594
solve_kpoint (-0.09,0.14,0):
tefreqs:, k index, k1, k2, k3, kmag/2pi, te band 1, te band 2, te band 3, te band 4, te band 5, te band 6
Solving for bands 1 to 6...
    near maximum in trace
    iteration    1: trace = 2.69114692572247 (199.726% change)
    iteration    2: trace = 0.5836742960793859 (128.708% change)
    iteration    3: trace = 0.4638644031946026 (22.8746% change)
    iteration    4: trace = 0.4214987686776943 (9.57023% change)
    iteration    5: trace = 0.4093110108268876 (2.93395% change)
    iteration    6: trace = 0.4029263372349846 (1.57212% change)
    iteration    7: trace = 0.3993321251976113 (0.896023% change)
    iteration    8: trace = 0.3965937117004807 (0.688108% change)
    iteration    9: trace = 0.3958362597185876 (0.191172% change)
    iteration   10: trace = 0.3955559747053098 (0.0708334% change)
    iteration   11: trace = 0.3954913881248285 (0.0163294% change)
    iteration   12: trace = 0.3954612205504309 (0.00762816% change)
    iteration   13: trace = 0.3954465562955545 (0.00370821% change)
    iteration   14: trace = 0.395438403875046 (0.00206159% change)
    iteration   15: trace = 0.3954359280965238 (0.000626086% change)
    iteration   16: trace = 0.3954351579826738 (0.000194751% change)
    iteration   17: trace = 0.3954349649978112 (4.88032e-05% change)
    iteration   18: trace = 0.3954348934769095 (1.80866e-05% change)
    iteration   19: trace = 0.3954348597609273 (8.5263e-06% change)
    iteration   20: trace = 0.3954348474791647 (3.10589e-06% change)
    iteration   21: trace = 0.3954348443216507 (7.98492e-07% change)
    iteration   22: trace = 0.3954348437765649 (1.37845e-07% change)
    iteration   23: trace = 0.3954348436427452 (3.38412e-08% change)
    iteration   24: trace = 0.3954348436145678 (7.12566e-09% change)
Finished solving for bands 1 to 6 after 24 iterations.
tefreqs:, 1, -0.09, 0.14, 0, 0.143178, 0.0645069, 0.148921, 0.171708, 0.300408, 0.322905, 0.380919
elapsed time for k point: 3.3219730854034424
total elapsed time for run: 3.362003803253174
done
Initializing eigensolver data
Computing 6 bands with 1e-10 tolerance
Working in 2 dimensions.
Grid size is 336 x 112 x 1.
Solving for 6 bands at a time.
Creating Maxwell data...
Mesh size is 3.
Lattice vectors:
     (3, 0, 0)
     (0, 1, 0)
     (0, 0, 1)
Cell volume = 3
Reciprocal lattice vectors (/ 2 pi):
     (0.333333, -0, 0)
     (-0, 1, -0)
     (0, -0, 1)
Geometric objects:
     block, center = (0,0,0)
          size (1e+20,1e+20,1)
          axes (1,0,0), (0,1,0), (0,0,1)
     prism, center = (0.0144932,-1.38778e-17,0.5)
          height 1, axis (0,0,1), sidewall angle: 0 radians, 4 vertices:
          (0.264493,0.25,0)
          (-0.235507,0.25,0)
          (-0.235507,-0.25,0)
          (0.264493,-0.25,0)
     prism, center = (1.01242,-1.38778e-17,0.5)
          height 1, axis (0,0,1), sidewall angle: 0 radians, 4 vertices:
          (1.26242,0.25,0)
          (0.762418,0.25,0)
          (0.762418,-0.25,0)
          (1.26242,-0.25,0)
     prism, center = (2.0434,-1.38778e-17,0.5)
          height 1, axis (0,0,1), sidewall angle: 0 radians, 4 vertices:
          (2.2934,0.25,0)
          (1.7934,0.25,0)
          (1.7934,-0.25,0)
          (2.2934,-0.25,0)
Geometric object tree has depth 2 and 21 object nodes (vs. 4 actual objects)
Initializing epsilon function...
Allocating fields...
Solving for band polarization: te.
Initializing fields to random numbers...
1 k-points
  Vector3<-0.09, 0.14, 0.0>
elapsed time for initialization: 0.07937002182006836
solve_kpoint (-0.09,0.14,0):
tefreqs:, k index, k1, k2, k3, kmag/2pi, te band 1, te band 2, te band 3, te band 4, te band 5, te band 6
Solving for bands 1 to 6...
    near maximum in trace
    iteration    1: trace = 2.297393229498554 (199.768% change)
    iteration    2: trace = 0.5986128215922021 (117.319% change)
    iteration    3: trace = 0.4398901726701088 (30.5676% change)
    iteration    4: trace = 0.4203126830406798 (4.55183% change)
    iteration    5: trace = 0.4087486405122163 (2.78967% change)
    iteration    6: trace = 0.4036938267051609 (1.24435% change)
    iteration    7: trace = 0.3992125553217694 (1.11626% change)
    iteration    8: trace = 0.3971344884121412 (0.5219% change)
    iteration    9: trace = 0.3959508289668209 (0.298495% change)
    iteration   10: trace = 0.3956627952010137 (0.0727713% change)
    iteration   11: trace = 0.3955228406852631 (0.0353784% change)
    iteration   12: trace = 0.3954697134935611 (0.013433% change)
    iteration   13: trace = 0.3954387022718002 (0.00784192% change)
    iteration   14: trace = 0.3954308892012764 (0.00197582% change)
    iteration   15: trace = 0.3954279375886064 (0.000746432% change)
    iteration   16: trace = 0.3954272320673947 (0.00017842% change)
    iteration   17: trace = 0.3954269401757169 (7.38168e-05% change)
    iteration   18: trace = 0.395426843939774 (2.43372e-05% change)
    iteration   19: trace = 0.3954267883618705 (1.40552e-05% change)
    iteration   20: trace = 0.395426770713859 (4.46303e-06% change)
    iteration   21: trace = 0.395426765990254 (1.19456e-06% change)
    iteration   22: trace = 0.3954267650142963 (2.46811e-07% change)
    iteration   23: trace = 0.3954267647254412 (7.30489e-08% change)
    iteration   24: trace = 0.39542676459382 (3.32859e-08% change)
    iteration   25: trace = 0.3954267645256598 (1.72371e-08% change)
    iteration   26: trace = 0.3954267644917231 (8.58231e-09% change)
Finished solving for bands 1 to 6 after 26 iterations.
tefreqs:, 1, -0.09, 0.14, 0, 0.143178, 0.0645067, 0.148922, 0.171704, 0.300392, 0.322922, 0.380909
elapsed time for k point: 4.168761968612671
total elapsed time for run: 4.248215913772583
done
Initializing eigensolver data
Computing 6 bands with 1e-10 tolerance
Working in 2 dimensions.
Grid size is 336 x 112 x 1.
Solving for 6 bands at a time.
Creating Maxwell data...
Mesh size is 3.
Lattice vectors:
     (3, 0, 0)
     (0, 1, 0)
     (0, 0, 1)
Cell volume = 3
Reciprocal lattice vectors (/ 2 pi):
     (0.333333, -0, 0)
     (-0, 1, -0)
     (0, -0, 1)
Geometric objects:
     block, center = (0,0,0)
          size (1e+20,1e+20,1)
          axes (1,0,0), (0,1,0), (0,0,1)
     prism, center = (0.0284375,-1.38778e-17,0.5)
          height 1, axis (0,0,1), sidewall angle: 0 radians, 4 vertices:
          (0.278438,0.25,0)
          (-0.221562,0.25,0)
          (-0.221563,-0.25,0)
          (0.278437,-0.25,0)
     prism, center = (1.02844,-1.38778e-17,0.5)
          height 1, axis (0,0,1), sidewall angle: 0 radians, 4 vertices:
          (1.27844,0.25,0)
          (0.778438,0.25,0)
          (0.778438,-0.25,0)
          (1.27844,-0.25,0)
     prism, center = (2.02844,-1.38778e-17,0.5)
          height 1, axis (0,0,1), sidewall angle: 0 radians, 4 vertices:
          (2.27844,0.25,0)
          (1.77844,0.25,0)
          (1.77844,-0.25,0)
          (2.27844,-0.25,0)
Geometric object tree has depth 2 and 21 object nodes (vs. 4 actual objects)
Initializing epsilon function...
Allocating fields...
Solving for band polarization: te.
Initializing fields to random numbers...
1 k-points
  Vector3<-0.09, 0.14, 0.0>
elapsed time for initialization: 0.03976082801818848
solve_kpoint (-0.09,0.14,0):
tefreqs:, k index, k1, k2, k3, kmag/2pi, te band 1, te band 2, te band 3, te band 4, te band 5, te band 6
Solving for bands 1 to 6...
    near maximum in trace
    iteration    1: trace = 2.317838621062444 (199.765% change)
    iteration    2: trace = 0.5245147141949852 (126.186% change)
    iteration    3: trace = 0.4360006436063706 (18.4305% change)
    iteration    4: trace = 0.4128993555656381 (5.44264% change)
    iteration    5: trace = 0.406429547733169 (1.57929% change)
    iteration    6: trace = 0.4014449234956038 (1.23401% change)
    iteration    7: trace = 0.3984923744761998 (0.738195% change)
    iteration    8: trace = 0.3964479579235624 (0.514357% change)
    iteration    9: trace = 0.3958623473656803 (0.147824% change)
    iteration   10: trace = 0.3956296303991853 (0.0588046% change)
    iteration   11: trace = 0.395573935460411 (0.0140785% change)
    iteration   12: trace = 0.3955513088350256 (0.00572011% change)
    iteration   13: trace = 0.3955426549651402 (0.00218782% change)
    iteration   14: trace = 0.3955381774071808 (0.00113201% change)
    iteration   15: trace = 0.3955369920780301 (0.000299675% change)
    iteration   16: trace = 0.3955366433272596 (8.81715e-05% change)
    iteration   17: trace = 0.3955365537907746 (2.26367e-05% change)
    iteration   18: trace = 0.39553652453418 (7.39669e-06% change)
    iteration   19: trace = 0.3955365132378139 (2.85596e-06% change)
    iteration   20: trace = 0.3955365075840037 (1.4294e-06% change)
    iteration   21: trace = 0.3955365054488707 (5.39807e-07% change)
    iteration   22: trace = 0.3955365049831729 (1.17738e-07% change)
    iteration   23: trace = 0.395536504883828 (2.51165e-08% change)
    iteration   24: trace = 0.3955365048631041 (5.23943e-09% change)
Finished solving for bands 1 to 6 after 24 iterations.
tefreqs:, 1, -0.09, 0.14, 0, 0.143178, 0.0645096, 0.148941, 0.171616, 0.300963, 0.322583, 0.380921
elapsed time for k point: 3.968841552734375
total elapsed time for run: 4.008683204650879
done
Initializing eigensolver data
Computing 6 bands with 1e-10 tolerance
Working in 2 dimensions.
Grid size is 336 x 112 x 1.
Solving for 6 bands at a time.
Creating Maxwell data...
Mesh size is 3.
Lattice vectors:
     (3, 0, 0)
     (0, 1, 0)
     (0, 0, 1)
Cell volume = 3
Reciprocal lattice vectors (/ 2 pi):
     (0.333333, -0, 0)
     (-0, 1, -0)
     (0, -0, 1)
Geometric objects:
     block, center = (0,0,0)
          size (1e+20,1e+20,1)
          axes (1,0,0), (0,1,0), (0,0,1)
     prism, center = (0.0184375,-1.38778e-17,0.5)
          height 1, axis (0,0,1), sidewall angle: 0 radians, 4 vertices:
          (0.268437,0.25,0)
          (-0.231562,0.25,0)
          (-0.231563,-0.25,0)
          (0.268437,-0.25,0)
     prism, center = (1.01844,-1.38778e-17,0.5)
          height 1, axis (0,0,1), sidewall angle: 0 radians, 4 vertices:
          (1.26844,0.25,0)
          (0.768437,0.25,0)
          (0.768437,-0.25,0)
          (1.26844,-0.25,0)
     prism, center = (2.01844,-1.38778e-17,0.5)
          height 1, axis (0,0,1), sidewall angle: 0 radians, 4 vertices:
          (2.26844,0.25,0)
          (1.76844,0.25,0)
          (1.76844,-0.25,0)
          (2.26844,-0.25,0)
Geometric object tree has depth 2 and 21 object nodes (vs. 4 actual objects)
Initializing epsilon function...
Allocating fields...
Solving for band polarization: te.
Initializing fields to random numbers...
1 k-points
  Vector3<-0.09, 0.14, 0.0>
elapsed time for initialization: 0.06944155693054199
solve_kpoint (-0.09,0.14,0):
tefreqs:, k index, k1, k2, k3, kmag/2pi, te band 1, te band 2, te band 3, te band 4, te band 5, te band 6
Solving for bands 1 to 6...
    near maximum in trace
    iteration    1: trace = 2.385558067927936 (199.758% change)
    iteration    2: trace = 0.5438179529976266 (125.743% change)
    iteration    3: trace = 0.472457137843819 (14.0436% change)
    iteration    4: trace = 0.4375168634153139 (7.6794% change)
    iteration    5: trace = 0.4134199129892553 (5.66363% change)
    iteration    6: trace = 0.4014763099663962 (2.93132% change)
    iteration    7: trace = 0.3983731270945645 (0.775942% change)
    iteration    8: trace = 0.3965982196406281 (0.446534% change)
    iteration    9: trace = 0.3958210353471497 (0.196155% change)
    iteration   10: trace = 0.3954387247427537 (0.0966334% change)
    iteration   11: trace = 0.395350374358851 (0.0223449% change)
    iteration   12: trace = 0.3953188926122985 (0.00796332% change)
    iteration   13: trace = 0.3953090230910116 (0.00249663% change)
    iteration   14: trace = 0.3953040501412423 (0.001258% change)
    iteration   15: trace = 0.3953023415296064 (0.000432228% change)
    iteration   16: trace = 0.3953015674451079 (0.000195821% change)
    iteration   17: trace = 0.395301329637359 (6.01586e-05% change)
    iteration   18: trace = 0.3953012478920394 (2.06792e-05% change)
    iteration   19: trace = 0.3953012235865074 (6.14861e-06% change)
    iteration   20: trace = 0.3953012132177303 (2.62301e-06% change)
    iteration   21: trace = 0.3953012090927645 (1.0435e-06% change)
    iteration   22: trace = 0.3953012076500494 (3.64966e-07% change)
    iteration   23: trace = 0.3953012072491787 (1.01409e-07% change)
    iteration   24: trace = 0.3953012071641751 (2.15035e-08% change)
    iteration   25: trace = 0.3953012071449652 (4.85955e-09% change)
Finished solving for bands 1 to 6 after 25 iterations.
tefreqs:, 1, -0.09, 0.14, 0, 0.143178, 0.0644784, 0.148924, 0.171601, 0.300914, 0.32253, 0.380715
elapsed time for k point: 5.0967559814453125
total elapsed time for run: 5.166281700134277
done
Initializing eigensolver data
Computing 6 bands with 1e-10 tolerance
Working in 2 dimensions.
Grid size is 336 x 112 x 1.
Solving for 6 bands at a time.
Creating Maxwell data...
Mesh size is 3.
Lattice vectors:
     (3, 0, 0)
     (0, 1, 0)
     (0, 0, 1)
Cell volume = 3
Reciprocal lattice vectors (/ 2 pi):
     (0.333333, -0, 0)
     (-0, 1, -0)
     (0, -0, 1)
Geometric objects:
     block, center = (0,0,0)
          size (1e+20,1e+20,1)
          axes (1,0,0), (0,1,0), (0,0,1)
     prism, center = (0.0309375,-1.38778e-17,0.5)
          height 1, axis (0,0,1), sidewall angle: 0 radians, 4 vertices:
          (0.280938,0.25,0)
          (-0.219062,0.25,0)
          (-0.219063,-0.25,0)
          (0.280937,-0.25,0)
     prism, center = (1.03094,-1.38778e-17,0.5)
          height 1, axis (0,0,1), sidewall angle: 0 radians, 4 vertices:
          (1.28094,0.25,0)
          (0.780937,0.25,0)
          (0.780937,-0.25,0)
          (1.28094,-0.25,0)
     prism, center = (2.03094,-1.38778e-17,0.5)
          height 1, axis (0,0,1), sidewall angle: 0 radians, 4 vertices:
          (2.28094,0.25,0)
          (1.78094,0.25,0)
          (1.78094,-0.25,0)
          (2.28094,-0.25,0)
Geometric object tree has depth 2 and 21 object nodes (vs. 4 actual objects)
Initializing epsilon function...
Allocating fields...
Solving for band polarization: te.
Initializing fields to random numbers...
1 k-points
  Vector3<-0.09, 0.14, 0.0>
elapsed time for initialization: 0.0414729118347168
solve_kpoint (-0.09,0.14,0):
tefreqs:, k index, k1, k2, k3, kmag/2pi, te band 1, te band 2, te band 3, te band 4, te band 5, te band 6
Solving for bands 1 to 6...
    near maximum in trace
    iteration    1: trace = 2.193837019225089 (199.779% change)
    iteration    2: trace = 0.5092428404043235 (124.643% change)
    iteration    3: trace = 0.4313699319849364 (16.5579% change)
    iteration    4: trace = 0.4062137774563718 (6.00684% change)
    iteration    5: trace = 0.400159179507583 (1.50169% change)
    iteration    6: trace = 0.39754212511418 (0.656149% change)
    iteration    7: trace = 0.3965840348438188 (0.241294% change)
    iteration    8: trace = 0.3960071329364345 (0.145574% change)
    iteration    9: trace = 0.3957912465398042 (0.0545306% change)
    iteration   10: trace = 0.3956960857660257 (0.0240461% change)
    iteration   11: trace = 0.395674729313415 (0.00539733% change)
    iteration   12: trace = 0.3956687709590004 (0.00150588% change)
    iteration   13: trace = 0.3956666834665391 (0.000527587% change)
    iteration   14: trace = 0.3956655621354576 (0.000283403% change)
    iteration   15: trace = 0.3956650385795872 (0.000132323% change)
    iteration   16: trace = 0.3956648555106796 (4.62687e-05% change)
    iteration   17: trace = 0.395664800064447 (1.40134e-05% change)
    iteration   18: trace = 0.3956647861785198 (3.50952e-06% change)
    iteration   19: trace = 0.3956647817299434 (1.12433e-06% change)
    iteration   20: trace = 0.3956647801615147 (3.96403e-07% change)
    iteration   21: trace = 0.3956647792724517 (2.24701e-07% change)
    iteration   22: trace = 0.3956647790207062 (6.3626e-08% change)
    iteration   23: trace = 0.3956647789483234 (1.8294e-08% change)
    iteration   24: trace = 0.3956647789353808 (3.27109e-09% change)
Finished solving for bands 1 to 6 after 24 iterations.
tefreqs:, 1, -0.09, 0.14, 0, 0.143178, 0.0645258, 0.148956, 0.171629, 0.301002, 0.322621, 0.381012
elapsed time for k point: 4.166227340698242
total elapsed time for run: 4.207780122756958
done
Initializing eigensolver data
Computing 6 bands with 1e-10 tolerance
Working in 2 dimensions.
Grid size is 336 x 112 x 1.
Solving for 6 bands at a time.
Creating Maxwell data...
Mesh size is 3.
Lattice vectors:
     (3, 0, 0)
     (0, 1, 0)
     (0, 0, 1)
Cell volume = 3
Reciprocal lattice vectors (/ 2 pi):
     (0.333333, -0, 0)
     (-0, 1, -0)
     (0, -0, 1)
Geometric objects:
     block, center = (0,0,0)
          size (1e+20,1e+20,1)
          axes (1,0,0), (0,1,0), (0,0,1)
     prism, center = (0.0159375,-1.38778e-17,0.5)
          height 1, axis (0,0,1), sidewall angle: 0 radians, 4 vertices:
          (0.265937,0.25,0)
          (-0.234062,0.25,0)
          (-0.234063,-0.25,0)
          (0.265937,-0.25,0)
     prism, center = (1.01594,-1.38778e-17,0.5)
          height 1, axis (0,0,1), sidewall angle: 0 radians, 4 vertices:
          (1.26594,0.25,0)
          (0.765938,0.25,0)
          (0.765938,-0.25,0)
          (1.26594,-0.25,0)
     prism, center = (2.01594,-1.38778e-17,0.5)
          height 1, axis (0,0,1), sidewall angle: 0 radians, 4 vertices:
          (2.26594,0.25,0)
          (1.76594,0.25,0)
          (1.76594,-0.25,0)
          (2.26594,-0.25,0)
Geometric object tree has depth 2 and 21 object nodes (vs. 4 actual objects)
Initializing epsilon function...
Allocating fields...
Solving for band polarization: te.
Initializing fields to random numbers...
1 k-points
  Vector3<-0.09, 0.14, 0.0>
elapsed time for initialization: 0.03926277160644531
solve_kpoint (-0.09,0.14,0):
tefreqs:, k index, k1, k2, k3, kmag/2pi, te band 1, te band 2, te band 3, te band 4, te band 5, te band 6
Solving for bands 1 to 6...
    near maximum in trace
    iteration    1: trace = 2.271509740548253 (199.77% change)
    iteration    2: trace = 0.6179713101177673 (114.452% change)
    iteration    3: trace = 0.4246203001588074 (37.0905% change)
    iteration    4: trace = 0.4064130950485052 (4.38182% change)
    iteration    5: trace = 0.3991299793377842 (1.80825% change)
    iteration    6: trace = 0.3972976256136716 (0.460143% change)
    iteration    7: trace = 0.3959733181684202 (0.333885% change)
    iteration    8: trace = 0.3955753613754863 (0.100551% change)
    iteration    9: trace = 0.3953957802361089 (0.0454078% change)
    iteration   10: trace = 0.3953662919074111 (0.00745821% change)
    iteration   11: trace = 0.3953557220372693 (0.00267347% change)
    iteration   12: trace = 0.3953532510878021 (0.000624996% change)
    iteration   13: trace = 0.3953517873530585 (0.000370235% change)
    iteration   14: trace = 0.3953512926998675 (0.000125117% change)
    iteration   15: trace = 0.3953511045727156 (4.75848e-05% change)
    iteration   16: trace = 0.3953510616826283 (1.08486e-05% change)
    iteration   17: trace = 0.3953510475830158 (3.56635e-06% change)
    iteration   18: trace = 0.3953510430542003 (1.14552e-06% change)
    iteration   19: trace = 0.3953510405675875 (6.28963e-07% change)
    iteration   20: trace = 0.3953510393374995 (3.11138e-07% change)
    iteration   21: trace = 0.3953510388763163 (1.16652e-07% change)
    iteration   22: trace = 0.3953510387668281 (2.76939e-08% change)
    iteration   23: trace = 0.3953510387452674 (5.45354e-09% change)
Finished solving for bands 1 to 6 after 23 iterations.
tefreqs:, 1, -0.09, 0.14, 0, 0.143178, 0.0644842, 0.148929, 0.171605, 0.300928, 0.322544, 0.380752
elapsed time for k point: 3.0722110271453857
total elapsed time for run: 3.1115541458129883
done
Initializing eigensolver data
Computing 6 bands with 1e-10 tolerance
Working in 2 dimensions.
Grid size is 336 x 112 x 1.
Solving for 6 bands at a time.
Creating Maxwell data...
Mesh size is 3.
Lattice vectors:
     (3, 0, 0)
     (0, 1, 0)
     (0, 0, 1)
Cell volume = 3
Reciprocal lattice vectors (/ 2 pi):
     (0.333333, -0, 0)
     (-0, 1, -0)
     (0, -0, 1)
Geometric objects:
     block, center = (0,0,0)
          size (1e+20,1e+20,1)
          axes (1,0,0), (0,1,0), (0,0,1)
     prism, center = (0.0334375,-1.38778e-17,0.5)
          height 1, axis (0,0,1), sidewall angle: 0 radians, 4 vertices:
          (0.283438,0.25,0)
          (-0.216562,0.25,0)
          (-0.216563,-0.25,0)
          (0.283437,-0.25,0)
     prism, center = (1.03344,-1.38778e-17,0.5)
          height 1, axis (0,0,1), sidewall angle: 0 radians, 4 vertices:
          (1.28344,0.25,0)
          (0.783438,0.25,0)
          (0.783438,-0.25,0)
          (1.28344,-0.25,0)
     prism, center = (2.03344,-1.38778e-17,0.5)
          height 1, axis (0,0,1), sidewall angle: 0 radians, 4 vertices:
          (2.28344,0.25,0)
          (1.78344,0.25,0)
          (1.78344,-0.25,0)
          (2.28344,-0.25,0)
Geometric object tree has depth 2 and 21 object nodes (vs. 4 actual objects)
Initializing epsilon function...
Allocating fields...
Solving for band polarization: te.
Initializing fields to random numbers...
1 k-points
  Vector3<-0.09, 0.14, 0.0>
elapsed time for initialization: 0.05861473083496094
solve_kpoint (-0.09,0.14,0):
tefreqs:, k index, k1, k2, k3, kmag/2pi, te band 1, te band 2, te band 3, te band 4, te band 5, te band 6
Solving for bands 1 to 6...
    near maximum in trace
    iteration    1: trace = 1.760042434056915 (199.822% change)
    iteration    2: trace = 0.4710284181801265 (115.551% change)
    iteration    3: trace = 0.4194568332525133 (11.5828% change)
    iteration    4: trace = 0.4028514128357925 (4.03873% change)
    iteration    5: trace = 0.3987162195926967 (1.03178% change)
    iteration    6: trace = 0.3968589355991241 (0.466903% change)
    iteration    7: trace = 0.3961828399705729 (0.170507% change)
    iteration    8: trace = 0.3957116163995649 (0.119012% change)
    iteration    9: trace = 0.3955928794206708 (0.0300104% change)
    iteration   10: trace = 0.3955489027765034 (0.0111173% change)
    iteration   11: trace = 0.3955384392111136 (0.00264536% change)
    iteration   12: trace = 0.395532913581204 (0.001397% change)
    iteration   13: trace = 0.3955307521022112 (0.000546474% change)
    iteration   14: trace = 0.3955296778949799 (0.000271587% change)
    iteration   15: trace = 0.3955294389343744 (6.04154e-05% change)
    iteration   16: trace = 0.395529367183435 (1.81405e-05% change)
    iteration   17: trace = 0.39552935155054 (3.9524e-06% change)
    iteration   18: trace = 0.395529345053573 (1.6426e-06% change)
    iteration   19: trace = 0.3955293422589855 (7.06544e-07% change)
    iteration   20: trace = 0.3955293408893932 (3.46268e-07% change)
    iteration   21: trace = 0.3955293404720131 (1.05524e-07% change)
    iteration   22: trace = 0.3955293403658161 (2.68493e-08% change)
    iteration   23: trace = 0.3955293403399309 (6.54444e-09% change)
Finished solving for bands 1 to 6 after 23 iterations.
tefreqs:, 1, -0.09, 0.14, 0, 0.143178, 0.0645087, 0.148941, 0.171616, 0.300962, 0.322582, 0.380914
elapsed time for k point: 3.4875094890594482
total elapsed time for run: 3.5462265014648438
done
Initializing eigensolver data
Computing 6 bands with 1e-10 tolerance
Working in 2 dimensions.
Grid size is 336 x 112 x 1.
Solving for 6 bands at a time.
Creating Maxwell data...
Mesh size is 3.
Lattice vectors:
     (3, 0, 0)
     (0, 1, 0)
     (0, 0, 1)
Cell volume = 3
Reciprocal lattice vectors (/ 2 pi):
     (0.333333, -0, 0)
     (-0, 1, -0)
     (0, -0, 1)
Geometric objects:
     block, center = (0,0,0)
          size (1e+20,1e+20,1)
          axes (1,0,0), (0,1,0), (0,0,1)
     prism, center = (0.0134375,-1.38778e-17,0.5)
          height 1, axis (0,0,1), sidewall angle: 0 radians, 4 vertices:
          (0.263437,0.25,0)
          (-0.236562,0.25,0)
          (-0.236563,-0.25,0)
          (0.263437,-0.25,0)
     prism, center = (1.01344,-1.38778e-17,0.5)
          height 1, axis (0,0,1), sidewall angle: 0 radians, 4 vertices:
          (1.26344,0.25,0)
          (0.763437,0.25,0)
          (0.763437,-0.25,0)
          (1.26344,-0.25,0)
     prism, center = (2.01344,-1.38778e-17,0.5)
          height 1, axis (0,0,1), sidewall angle: 0 radians, 4 vertices:
          (2.26344,0.25,0)
          (1.76344,0.25,0)
          (1.76344,-0.25,0)
          (2.26344,-0.25,0)
Geometric object tree has depth 2 and 21 object nodes (vs. 4 actual objects)
Initializing epsilon function...
Allocating fields...
Solving for band polarization: te.
Initializing fields to random numbers...
1 k-points
  Vector3<-0.09, 0.14, 0.0>
elapsed time for initialization: 0.04109644889831543
solve_kpoint (-0.09,0.14,0):
tefreqs:, k index, k1, k2, k3, kmag/2pi, te band 1, te band 2, te band 3, te band 4, te band 5, te band 6
Solving for bands 1 to 6...
    near maximum in trace
    iteration    1: trace = 2.200888779879332 (199.777% change)
    iteration    2: trace = 0.6030835672073901 (113.967% change)
    iteration    3: trace = 0.4504016192579776 (28.9861% change)
    iteration    4: trace = 0.4344220891882132 (3.61191% change)
    iteration    5: trace = 0.4259387922772598 (1.97203% change)
    iteration    6: trace = 0.423805953742739 (0.501995% change)
    iteration    7: trace = 0.422136143799884 (0.394781% change)
    iteration    8: trace = 0.4198386971687265 (0.545728% change)
    large trace change predicted (5.1959%)
    iteration    9: trace = 0.4111461658170387 (2.0921% change)
    iteration   10: trace = 0.4043916640265479 (1.65645% change)
    iteration   11: trace = 0.3987714212801775 (1.39953% change)
    iteration   12: trace = 0.3971565164600107 (0.405792% change)
    iteration   13: trace = 0.396310111883273 (0.213343% change)
    iteration   14: trace = 0.3960475348596878 (0.0662774% change)
    iteration   15: trace = 0.3958836402268596 (0.0413911% change)
    iteration   16: trace = 0.3958083411718268 (0.0190223% change)
    iteration   17: trace = 0.3957752467353787 (0.00836158% change)
    iteration   18: trace = 0.3957671760364599 (0.00203923% change)
    iteration   19: trace = 0.3957650433911936 (0.000538865% change)
    iteration   20: trace = 0.3957644888901992 (0.000140109% change)
    iteration   21: trace = 0.3957642492027746 (6.05632e-05% change)
    iteration   22: trace = 0.3957641288788155 (3.04029e-05% change)
    iteration   23: trace = 0.395764089005015 (1.00751e-05% change)
    iteration   24: trace = 0.3957640772407542 (2.97254e-06% change)
    iteration   25: trace = 0.3957640749801666 (5.71196e-07% change)
    iteration   26: trace = 0.3957640742971633 (1.72578e-07% change)
    iteration   27: trace = 0.3957640740574492 (6.05699e-08% change)
    iteration   28: trace = 0.3957640739288386 (3.24968e-08% change)
    iteration   29: trace = 0.3957640738666245 (1.572e-08% change)
    iteration   30: trace = 0.3957640738440876 (5.69453e-09% change)
Finished solving for bands 1 to 6 after 30 iterations.
tefreqs:, 1, -0.09, 0.14, 0, 0.143178, 0.0645395, 0.148965, 0.171638, 0.301025, 0.322645, 0.381095
elapsed time for k point: 4.54238748550415
total elapsed time for run: 4.583560943603516
done
Initializing eigensolver data
Computing 6 bands with 1e-10 tolerance
Working in 2 dimensions.
Grid size is 336 x 112 x 1.
Solving for 6 bands at a time.
Creating Maxwell data...
Mesh size is 3.
Lattice vectors:
     (3, 0, 0)
     (0, 1, 0)
     (0, 0, 1)
Cell volume = 3
Reciprocal lattice vectors (/ 2 pi):
     (0.333333, -0, 0)
     (-0, 1, -0)
     (0, -0, 1)
Geometric objects:
     block, center = (0,0,0)
          size (1e+20,1e+20,1)
          axes (1,0,0), (0,1,0), (0,0,1)
     prism, center = (0.0384375,-1.38778e-17,0.5)
          height 1, axis (0,0,1), sidewall angle: 0 radians, 4 vertices:
          (0.288438,0.25,0)
          (-0.211562,0.25,0)
          (-0.211563,-0.25,0)
          (0.288437,-0.25,0)
     prism, center = (1.03844,-1.38778e-17,0.5)
          height 1, axis (0,0,1), sidewall angle: 0 radians, 4 vertices:
          (1.28844,0.25,0)
          (0.788438,0.25,0)
          (0.788438,-0.25,0)
          (1.28844,-0.25,0)
     prism, center = (2.03844,-1.38778e-17,0.5)
          height 1, axis (0,0,1), sidewall angle: 0 radians, 4 vertices:
          (2.28844,0.25,0)
          (1.78844,0.25,0)
          (1.78844,-0.25,0)
          (2.28844,-0.25,0)
Geometric object tree has depth 2 and 21 object nodes (vs. 4 actual objects)
Initializing epsilon function...
Allocating fields...
Solving for band polarization: te.
Initializing fields to random numbers...
1 k-points
  Vector3<-0.09, 0.14, 0.0>
elapsed time for initialization: 0.08196449279785156
solve_kpoint (-0.09,0.14,0):
tefreqs:, k index, k1, k2, k3, kmag/2pi, te band 1, te band 2, te band 3, te band 4, te band 5, te band 6
Solving for bands 1 to 6...
    near maximum in trace
    iteration    1: trace = 2.100684030097056 (199.787% change)
    iteration    2: trace = 0.7339237391507124 (96.4338% change)
    iteration    3: trace = 0.4613719999111736 (45.6041% change)
    iteration    4: trace = 0.4288313431808116 (7.31084% change)
    iteration    5: trace = 0.4122240460182605 (3.94916% change)
    iteration    6: trace = 0.4076142031137699 (1.12457% change)
    iteration    7: trace = 0.4024641990634097 (1.27148% change)
    iteration    8: trace = 0.3984958022793497 (0.99091% change)
    iteration    9: trace = 0.3962354674968912 (0.56883% change)
    iteration   10: trace = 0.395784698732625 (0.113828% change)
    iteration   11: trace = 0.3956217858113024 (0.0411705% change)
    iteration   12: trace = 0.3955784024024592 (0.0109665% change)
    iteration   13: trace = 0.3955522183279012 (0.00661941% change)
    iteration   14: trace = 0.3955410142356547 (0.00283256% change)
    iteration   15: trace = 0.3955364652042527 (0.00115008% change)
    iteration   16: trace = 0.3955356056846 (0.000217305% change)
    iteration   17: trace = 0.395535377385539 (5.7719e-05% change)
    iteration   18: trace = 0.3955353330435492 (1.12106e-05% change)
    iteration   19: trace = 0.3955353172752136 (3.98658e-06% change)
    iteration   20: trace = 0.3955353111265144 (1.55453e-06% change)
    iteration   21: trace = 0.3955353082257504 (7.33377e-07% change)
    iteration   22: trace = 0.3955353072949594 (2.35324e-07% change)
    iteration   23: trace = 0.395535307024513 (6.83748e-08% change)
    iteration   24: trace = 0.3955353069383423 (2.17859e-08% change)
    iteration   25: trace = 0.3955353069135591 (6.26573e-09% change)
Finished solving for bands 1 to 6 after 25 iterations.
tefreqs:, 1, -0.09, 0.14, 0, 0.143178, 0.0645093, 0.148942, 0.171616, 0.300965, 0.322584, 0.380917
elapsed time for k point: 3.604929208755493
total elapsed time for run: 3.686976194381714
done
Initializing eigensolver data
Computing 6 bands with 1e-10 tolerance
Working in 2 dimensions.
Grid size is 336 x 112 x 1.
Solving for 6 bands at a time.
Creating Maxwell data...
Mesh size is 3.
Lattice vectors:
     (3, 0, 0)
     (0, 1, 0)
     (0, 0, 1)
Cell volume = 3
Reciprocal lattice vectors (/ 2 pi):
     (0.333333, -0, 0)
     (-0, 1, -0)
     (0, -0, 1)
Geometric objects:
     block, center = (0,0,0)
          size (1e+20,1e+20,1)
          axes (1,0,0), (0,1,0), (0,0,1)
     prism, center = (0.0084375,-1.38778e-17,0.5)
          height 1, axis (0,0,1), sidewall angle: 0 radians, 4 vertices:
          (0.258437,0.25,0)
          (-0.241562,0.25,0)
          (-0.241563,-0.25,0)
          (0.258437,-0.25,0)
     prism, center = (1.00844,-1.38778e-17,0.5)
          height 1, axis (0,0,1), sidewall angle: 0 radians, 4 vertices:
          (1.25844,0.25,0)
          (0.758437,0.25,0)
          (0.758437,-0.25,0)
          (1.25844,-0.25,0)
     prism, center = (2.00844,-1.38778e-17,0.5)
          height 1, axis (0,0,1), sidewall angle: 0 radians, 4 vertices:
          (2.25844,0.25,0)
          (1.75844,0.25,0)
          (1.75844,-0.25,0)
          (2.25844,-0.25,0)
Geometric object tree has depth 2 and 21 object nodes (vs. 4 actual objects)
Initializing epsilon function...
Allocating fields...
Solving for band polarization: te.
Initializing fields to random numbers...
1 k-points
  Vector3<-0.09, 0.14, 0.0>
elapsed time for initialization: 0.039338111877441406
solve_kpoint (-0.09,0.14,0):
tefreqs:, k index, k1, k2, k3, kmag/2pi, te band 1, te band 2, te band 3, te band 4, te band 5, te band 6
Solving for bands 1 to 6...
    near maximum in trace
    iteration    1: trace = 2.427550577451635 (199.753% change)
    iteration    2: trace = 0.5850802726423954 (122.316% change)
    iteration    3: trace = 0.4724948581015397 (21.2912% change)
    iteration    4: trace = 0.4333402066485026 (8.64498% change)
    iteration    5: trace = 0.4161604515823095 (4.04467% change)
    iteration    6: trace = 0.4057231390095132 (2.53985% change)
    iteration    7: trace = 0.4013551694838884 (1.08242% change)
    iteration    8: trace = 0.3980493549281087 (0.827069% change)
    iteration    9: trace = 0.396412879921626 (0.41197% change)
    iteration   10: trace = 0.3956007954429367 (0.205068% change)
    iteration   11: trace = 0.395421376619342 (0.0453638% change)
    iteration   12: trace = 0.3953464333382661 (0.0189546% change)
    iteration   13: trace = 0.3953194528694429 (0.00682475% change)
    iteration   14: trace = 0.3953061834272081 (0.00335669% change)
    iteration   15: trace = 0.3953018948002235 (0.00108489% change)
    iteration   16: trace = 0.3953003336015052 (0.000394939% change)
    iteration   17: trace = 0.3952999726772049 (9.13039e-05% change)
    iteration   18: trace = 0.3952998755625069 (2.45673e-05% change)
    iteration   19: trace = 0.3952998460857278 (7.45681e-06% change)
    iteration   20: trace = 0.3952998303333275 (3.98492e-06% change)
    iteration   21: trace = 0.3952998230816484 (1.83448e-06% change)
    iteration   22: trace = 0.3952998211919613 (4.78039e-07% change)
    iteration   23: trace = 0.3952998207780898 (1.04698e-07% change)
    iteration   24: trace = 0.3952998207058164 (1.82832e-08% change)
    iteration   25: trace = 0.3952998206850145 (5.2623e-09% change)
Finished solving for bands 1 to 6 after 25 iterations.
tefreqs:, 1, -0.09, 0.14, 0, 0.143178, 0.0644782, 0.148924, 0.171601, 0.300914, 0.32253, 0.380714
elapsed time for k point: 4.251310348510742
total elapsed time for run: 4.290734767913818
done
Initializing eigensolver data
Computing 6 bands with 1e-10 tolerance
Working in 2 dimensions.
Grid size is 336 x 112 x 1.
Solving for 6 bands at a time.
Creating Maxwell data...
Mesh size is 3.
Lattice vectors:
     (3, 0, 0)
     (0, 1, 0)
     (0, 0, 1)
Cell volume = 3
Reciprocal lattice vectors (/ 2 pi):
     (0.333333, -0, 0)
     (-0, 1, -0)
     (0, -0, 1)
Geometric objects:
     block, center = (0,0,0)
          size (1e+20,1e+20,1)
          axes (1,0,0), (0,1,0), (0,0,1)
     prism, center = (0.0434375,-1.38778e-17,0.5)
          height 1, axis (0,0,1), sidewall angle: 0 radians, 4 vertices:
          (0.293438,0.25,0)
          (-0.206562,0.25,0)
          (-0.206563,-0.25,0)
          (0.293437,-0.25,0)
     prism, center = (1.04344,-1.38778e-17,0.5)
          height 1, axis (0,0,1), sidewall angle: 0 radians, 4 vertices:
          (1.29344,0.25,0)
          (0.793438,0.25,0)
          (0.793438,-0.25,0)
          (1.29344,-0.25,0)
     prism, center = (2.04344,-1.38778e-17,0.5)
          height 1, axis (0,0,1), sidewall angle: 0 radians, 4 vertices:
          (2.29344,0.25,0)
          (1.79344,0.25,0)
          (1.79344,-0.25,0)
          (2.29344,-0.25,0)
Geometric object tree has depth 2 and 21 object nodes (vs. 4 actual objects)
Initializing epsilon function...
Allocating fields...
Solving for band polarization: te.
Initializing fields to random numbers...
1 k-points
  Vector3<-0.09, 0.14, 0.0>
elapsed time for initialization: 0.03923463821411133
solve_kpoint (-0.09,0.14,0):
tefreqs:, k index, k1, k2, k3, kmag/2pi, te band 1, te band 2, te band 3, te band 4, te band 5, te band 6
Solving for bands 1 to 6...
    near maximum in trace
    iteration    1: trace = 2.084544440528397 (199.789% change)
    iteration    2: trace = 0.5094328633037346 (121.444% change)
    iteration    3: trace = 0.4319457003362371 (16.4625% change)
    iteration    4: trace = 0.4042753383884403 (6.61795% change)
    iteration    5: trace = 0.398687456632222 (1.39182% change)
    iteration    6: trace = 0.396749173731004 (0.487351% change)
    iteration    7: trace = 0.3961978142579521 (0.139066% change)
    iteration    8: trace = 0.3957871838373525 (0.103697% change)
    iteration    9: trace = 0.3956414491762002 (0.0368283% change)
    iteration   10: trace = 0.39557294090587 (0.0173172% change)
    iteration   11: trace = 0.3955585098646442 (0.0036482% change)
    iteration   12: trace = 0.3955527294300842 (0.00146135% change)
    iteration   13: trace = 0.395550981351629 (0.000441934% change)
    iteration   14: trace = 0.3955500146245332 (0.0002444% change)
    iteration   15: trace = 0.3955497254337841 (7.31111e-05% change)
    iteration   16: trace = 0.3955496278982745 (2.46582e-05% change)
    iteration   17: trace = 0.395549609199297 (4.72734e-06% change)
    iteration   18: trace = 0.3955496041319688 (1.28109e-06% change)
    iteration   19: trace = 0.3955496030981429 (2.61364e-07% change)
    iteration   20: trace = 0.3955496027165266 (9.64775e-08% change)
    iteration   21: trace = 0.3955496025373941 (4.5287e-08% change)
    iteration   22: trace = 0.3955496024491458 (2.23103e-08% change)
    iteration   23: trace = 0.395549602419102 (7.59544e-09% change)
Finished solving for bands 1 to 6 after 23 iterations.
tefreqs:, 1, -0.09, 0.14, 0, 0.143178, 0.0645112, 0.148943, 0.171617, 0.300966, 0.322586, 0.380932
elapsed time for k point: 3.3112306594848633
total elapsed time for run: 3.3505659103393555
done
Initializing eigensolver data
Computing 6 bands with 1e-10 tolerance
Working in 2 dimensions.
Grid size is 336 x 112 x 1.
Solving for 6 bands at a time.
Creating Maxwell data...
Mesh size is 3.
Lattice vectors:
     (3, 0, 0)
     (0, 1, 0)
     (0, 0, 1)
Cell volume = 3
Reciprocal lattice vectors (/ 2 pi):
     (0.333333, -0, 0)
     (-0, 1, -0)
     (0, -0, 1)
Geometric objects:
     block, center = (0,0,0)
          size (1e+20,1e+20,1)
          axes (1,0,0), (0,1,0), (0,0,1)
     prism, center = (0.0034375,-1.38778e-17,0.5)
          height 1, axis (0,0,1), sidewall angle: 0 radians, 4 vertices:
          (0.253437,0.25,0)
          (-0.246562,0.25,0)
          (-0.246563,-0.25,0)
          (0.253437,-0.25,0)
     prism, center = (1.00344,-1.38778e-17,0.5)
          height 1, axis (0,0,1), sidewall angle: 0 radians, 4 vertices:
          (1.25344,0.25,0)
          (0.753437,0.25,0)
          (0.753437,-0.25,0)
          (1.25344,-0.25,0)
     prism, center = (2.00344,-1.38778e-17,0.5)
          height 1, axis (0,0,1), sidewall angle: 0 radians, 4 vertices:
          (2.25344,0.25,0)
          (1.75344,0.25,0)
          (1.75344,-0.25,0)
          (2.25344,-0.25,0)
Geometric object tree has depth 2 and 21 object nodes (vs. 4 actual objects)
Initializing epsilon function...
Allocating fields...
Solving for band polarization: te.
Initializing fields to random numbers...
1 k-points
  Vector3<-0.09, 0.14, 0.0>
elapsed time for initialization: 0.03867816925048828
solve_kpoint (-0.09,0.14,0):
tefreqs:, k index, k1, k2, k3, kmag/2pi, te band 1, te band 2, te band 3, te band 4, te band 5, te band 6
Solving for bands 1 to 6...
    near maximum in trace
    iteration    1: trace = 2.382201432617117 (199.758% change)
    iteration    2: trace = 0.6274766377119846 (116.605% change)
    iteration    3: trace = 0.4460373190561114 (33.8029% change)
    iteration    4: trace = 0.4167255718825036 (6.79486% change)
    iteration    5: trace = 0.4034120610714695 (3.24665% change)
    iteration    6: trace = 0.400360123629656 (0.759404% change)
    iteration    7: trace = 0.3977546114442355 (0.652917% change)
    iteration    8: trace = 0.3965020103343176 (0.315415% change)
    iteration    9: trace = 0.3957994663404448 (0.177343% change)
    iteration   10: trace = 0.3956606746412311 (0.0350723% change)
    iteration   11: trace = 0.3956050850663725 (0.0140508% change)
    iteration   12: trace = 0.3955892839930801 (0.00399423% change)
    iteration   13: trace = 0.3955795786260704 (0.00245342% change)
    iteration   14: trace = 0.3955768683604227 (0.00068514% change)
    iteration   15: trace = 0.395575868933573 (0.000252651% change)
    iteration   16: trace = 0.3955757057528524 (4.12514e-05% change)
    iteration   17: trace = 0.3955756596912789 (1.16442e-05% change)
    iteration   18: trace = 0.3955756491397173 (2.66739e-06% change)
    iteration   19: trace = 0.3955756437218668 (1.36961e-06% change)
    iteration   20: trace = 0.3955756409256079 (7.06884e-07% change)
    iteration   21: trace = 0.3955756397508182 (2.96982e-07% change)
    iteration   22: trace = 0.3955756394515891 (7.5644e-08% change)
    iteration   23: trace = 0.3955756393749712 (1.93687e-08% change)
    iteration   24: trace = 0.395575639351929 (5.82499e-09% change)
Finished solving for bands 1 to 6 after 24 iterations.
tefreqs:, 1, -0.09, 0.14, 0, 0.143178, 0.0645144, 0.148946, 0.17162, 0.300977, 0.322596, 0.380946
elapsed time for k point: 3.999866485595703
total elapsed time for run: 4.038623571395874
done
Initializing eigensolver data
Computing 6 bands with 1e-10 tolerance
Working in 2 dimensions.
Grid size is 336 x 112 x 1.
Solving for 6 bands at a time.
Creating Maxwell data...
Mesh size is 3.
Lattice vectors:
     (3, 0, 0)
     (0, 1, 0)
     (0, 0, 1)
Cell volume = 3
Reciprocal lattice vectors (/ 2 pi):
     (0.333333, -0, 0)
     (-0, 1, -0)
     (0, -0, 1)
Geometric objects:
     block, center = (0,0,0)
          size (1e+20,1e+20,1)
          axes (1,0,0), (0,1,0), (0,0,1)
     prism, center = (0.0108482,0,0.5)
          height 1, axis (0,0,1), sidewall angle: 0 radians, 4 vertices:
          (-0.239152,-0.25,0)
          (-0.239152,0.25,0)
          (0.260848,0.25,0)
          (0.260848,-0.25,0)
     prism, center = (0.995848,0,0.5)
          height 1, axis (0,0,1), sidewall angle: 0 radians, 4 vertices:
          (0.745848,-0.25,0)
          (0.745848,0.25,0)
          (1.24585,0.25,0)
          (1.24585,-0.25,0)
     prism, center = (2.00335,0,0.5)
          height 1, axis (0,0,1), sidewall angle: 0 radians, 4 vertices:
          (1.75335,-0.25,0)
          (1.75335,0.25,0)
          (2.25335,0.25,0)
          (2.25335,-0.25,0)
Geometric object tree has depth 2 and 21 object nodes (vs. 4 actual objects)
Initializing epsilon function...
Allocating fields...
Solving for band polarization: te.
Initializing fields to random numbers...
1 k-points
  Vector3<-0.09, 0.14, 0.0>
elapsed time for initialization: 0.09546947479248047
solve_kpoint (-0.09,0.14,0):
tefreqs:, k index, k1, k2, k3, kmag/2pi, te band 1, te band 2, te band 3, te band 4, te band 5, te band 6
Solving for bands 1 to 6...
    near maximum in trace
    iteration    1: trace = 2.496274204459223 (199.748% change)
    iteration    2: trace = 0.5691757197209369 (125.73% change)
    iteration    3: trace = 0.4733657158567536 (18.3801% change)
    iteration    4: trace = 0.4245377120816561 (10.876% change)
    iteration    5: trace = 0.4103349665460836 (3.40237% change)
    iteration    6: trace = 0.4032601993703843 (1.73914% change)
    iteration    7: trace = 0.4002684341897091 (0.744657% change)
    iteration    8: trace = 0.3976851067185126 (0.647488% change)
    iteration    9: trace = 0.3968870583477604 (0.200875% change)
    iteration   10: trace = 0.3965485753642531 (0.0853208% change)
    iteration   11: trace = 0.3964735808463323 (0.0189136% change)
    iteration   12: trace = 0.396438730933688 (0.00879036% change)
    iteration   13: trace = 0.3964244234500838 (0.00360907% change)
    iteration   14: trace = 0.396416066418245 (0.00210812% change)
    iteration   15: trace = 0.3964140701799794 (0.000503573% change)
    iteration   16: trace = 0.3964134096159171 (0.000166635% change)
    iteration   17: trace = 0.3964132499042152 (4.02892e-05% change)
    iteration   18: trace = 0.3964131899380634 (1.51272e-05% change)
    iteration   19: trace = 0.3964131661300259 (6.00586e-06% change)
    iteration   20: trace = 0.3964131527501485 (3.37524e-06% change)
    iteration   21: trace = 0.3964131482261143 (1.14124e-06% change)
    iteration   22: trace = 0.3964131470889144 (2.86872e-07% change)
    iteration   23: trace = 0.3964131468369421 (6.35631e-08% change)
    iteration   24: trace = 0.3964131467816201 (1.39556e-08% change)
    iteration   25: trace = 0.3964131467631473 (4.65998e-09% change)
Finished solving for bands 1 to 6 after 25 iterations.
tefreqs:, 1, -0.09, 0.14, 0, 0.143178, 0.064522, 0.149079, 0.171782, 0.301413, 0.323176, 0.381082
elapsed time for k point: 4.0095014572143555
total elapsed time for run: 4.105054140090942
done
Initializing eigensolver data
Computing 6 bands with 1e-10 tolerance
Working in 2 dimensions.
Grid size is 336 x 112 x 1.
Solving for 6 bands at a time.
Creating Maxwell data...
Mesh size is 3.
Lattice vectors:
     (3, 0, 0)
     (0, 1, 0)
     (0, 0, 1)
Cell volume = 3
Reciprocal lattice vectors (/ 2 pi):
     (0.333333, -0, 0)
     (-0, 1, -0)
     (0, -0, 1)
Geometric objects:
     block, center = (0,0,0)
          size (1e+20,1e+20,1)
          axes (1,0,0), (0,1,0), (0,0,1)
     prism, center = (1.01085,0,0.5)
          height 1, axis (0,0,1), sidewall angle: 0 radians, 4 vertices:
          (0.760848,-0.25,0)
          (0.760848,0.25,0)
          (1.26085,0.25,0)
          (1.26085,-0.25,0)
     prism, center = (2.00335,0,0.5)
          height 1, axis (0,0,1), sidewall angle: 0 radians, 4 vertices:
          (1.75335,-0.25,0)
          (1.75335,0.25,0)
          (2.25335,0.25,0)
          (2.25335,-0.25,0)
     prism, center = (2.99585,0,0.5)
          height 1, axis (0,0,1), sidewall angle: 0 radians, 4 vertices:
          (2.74585,-0.25,0)
          (2.74585,0.25,0)
          (3.24585,0.25,0)
          (3.24585,-0.25,0)
Geometric object tree has depth 2 and 21 object nodes (vs. 4 actual objects)
Initializing epsilon function...
Allocating fields...
Solving for band polarization: te.
Initializing fields to random numbers...
1 k-points
  Vector3<-0.09, 0.14, 0.0>
elapsed time for initialization: 0.05761432647705078
solve_kpoint (-0.09,0.14,0):
tefreqs:, k index, k1, k2, k3, kmag/2pi, te band 1, te band 2, te band 3, te band 4, te band 5, te band 6
Solving for bands 1 to 6...
    near maximum in trace
    iteration    1: trace = 2.526862721852936 (199.746% change)
    iteration    2: trace = 0.6235354575496038 (120.831% change)
    iteration    3: trace = 0.4505384174926262 (32.2132% change)
    iteration    4: trace = 0.4154284378382617 (8.10885% change)
    iteration    5: trace = 0.4025184935258891 (3.15667% change)
    iteration    6: trace = 0.3992112465928919 (0.825028% change)
    iteration    7: trace = 0.3975557985602869 (0.415541% change)
    iteration    8: trace = 0.3969203371731248 (0.15997% change)
    iteration    9: trace = 0.3965644220335636 (0.0897094% change)
    iteration   10: trace = 0.3964596533657972 (0.0264226% change)
    iteration   11: trace = 0.3964282454948195 (0.0079224% change)
    iteration   12: trace = 0.396420432296809 (0.00197092% change)
    iteration   13: trace = 0.3964164372447608 (0.00100779% change)
    iteration   14: trace = 0.3964143965897537 (0.000514777% change)
    iteration   15: trace = 0.3964135996194046 (0.000201045% change)
    iteration   16: trace = 0.3964133459846869 (6.39824e-05% change)
    iteration   17: trace = 0.3964132773059842 (1.7325e-05% change)
    iteration   18: trace = 0.396413253899985 (5.90444e-06% change)
    iteration   19: trace = 0.3964132447667508 (2.30397e-06% change)
    iteration   20: trace = 0.3964132400141964 (1.19889e-06% change)
    iteration   21: trace = 0.3964132381556986 (4.68828e-07% change)
    iteration   22: trace = 0.3964132375889597 (1.42967e-07% change)
    iteration   23: trace = 0.3964132374792878 (2.7666e-08% change)
    iteration   24: trace = 0.3964132374505346 (7.25333e-09% change)
Finished solving for bands 1 to 6 after 24 iterations.
tefreqs:, 1, -0.09, 0.14, 0, 0.143178, 0.064522, 0.149079, 0.171782, 0.301406, 0.323187, 0.381079
elapsed time for k point: 4.1970133781433105
total elapsed time for run: 4.254722833633423
done
Initializing eigensolver data
Computing 6 bands with 1e-10 tolerance
Working in 2 dimensions.
Grid size is 336 x 112 x 1.
Solving for 6 bands at a time.
Creating Maxwell data...
Mesh size is 3.
Lattice vectors:
     (3, 0, 0)
     (0, 1, 0)
     (0, 0, 1)
Cell volume = 3
Reciprocal lattice vectors (/ 2 pi):
     (0.333333, -0, 0)
     (-0, 1, -0)
     (0, -0, 1)
Geometric objects:
     block, center = (0,0,0)
          size (1e+20,1e+20,1)
          axes (1,0,0), (0,1,0), (0,0,1)
     prism, center = (0.00670232,-1.38778e-17,0.5)
          height 1, axis (0,0,1), sidewall angle: 0 radians, 4 vertices:
          (0.256702,0.25,0)
          (-0.243298,0.25,0)
          (-0.243298,-0.25,0)
          (0.256702,-0.25,0)
     prism, center = (1.00748,-1.38778e-17,0.5)
          height 1, axis (0,0,1), sidewall angle: 0 radians, 4 vertices:
          (1.25748,0.25,0)
          (0.757481,0.25,0)
          (0.757481,-0.25,0)
          (1.25748,-0.25,0)
     prism, center = (1.99586,-1.38778e-17,0.5)
          height 1, axis (0,0,1), sidewall angle: 0 radians, 4 vertices:
          (2.24586,0.25,0)
          (1.74586,0.25,0)
          (1.74586,-0.25,0)
          (2.24586,-0.25,0)
Geometric object tree has depth 2 and 21 object nodes (vs. 4 actual objects)
Initializing epsilon function...
Allocating fields...
Solving for band polarization: te.
Initializing fields to random numbers...
1 k-points
  Vector3<-0.09, 0.14, 0.0>
elapsed time for initialization: 0.04030466079711914
solve_kpoint (-0.09,0.14,0):
tefreqs:, k index, k1, k2, k3, kmag/2pi, te band 1, te band 2, te band 3, te band 4, te band 5, te band 6
Solving for bands 1 to 6...
    near maximum in trace
    iteration    1: trace = 2.439165423186699 (199.754% change)
    iteration    2: trace = 0.613949379522206 (119.564% change)
    iteration    3: trace = 0.4379606043123481 (33.4608% change)
    iteration    4: trace = 0.4126094391422105 (5.96098% change)
    iteration    5: trace = 0.4023028029448535 (2.52951% change)
    iteration    6: trace = 0.3993456879024812 (0.737759% change)
    iteration    7: trace = 0.3971554322963579 (0.549969% change)
    iteration    8: trace = 0.396264444763618 (0.224594% change)
    iteration    9: trace = 0.3957030642605871 (0.141769% change)
    iteration   10: trace = 0.3955737788090224 (0.0326777% change)
    iteration   11: trace = 0.395521144316478 (0.0133067% change)
    iteration   12: trace = 0.3955063991932328 (0.00372809% change)
    iteration   13: trace = 0.3954974897979851 (0.00225268% change)
    iteration   14: trace = 0.3954946324326495 (0.000722476% change)
    iteration   15: trace = 0.3954935167647034 (0.000282095% change)
    iteration   16: trace = 0.395493293285911 (5.65063e-05% change)
    iteration   17: trace = 0.3954932206826378 (1.83577e-05% change)
    iteration   18: trace = 0.3954932006109885 (5.07509e-06% change)
    iteration   19: trace = 0.3954931933222228 (1.84296e-06% change)
    iteration   20: trace = 0.3954931898854532 (8.68983e-07% change)
    iteration   21: trace = 0.3954931882109584 (4.23394e-07% change)
    iteration   22: trace = 0.395493187676851 (1.35048e-07% change)
    iteration   23: trace = 0.3954931875638295 (2.85774e-08% change)
    iteration   24: trace = 0.3954931875350016 (7.28908e-09% change)
Finished solving for bands 1 to 6 after 24 iterations.
tefreqs:, 1, -0.09, 0.14, 0, 0.143178, 0.0645048, 0.148938, 0.171629, 0.300882, 0.322626, 0.380888
elapsed time for k point: 4.93334698677063
total elapsed time for run: 4.97373366355896
done
Initializing eigensolver data
Computing 6 bands with 1e-10 tolerance
Working in 2 dimensions.
Grid size is 336 x 112 x 1.
Solving for 6 bands at a time.
Creating Maxwell data...
Mesh size is 3.
Lattice vectors:
     (3, 0, 0)
     (0, 1, 0)
     (0, 0, 1)
Cell volume = 3
Reciprocal lattice vectors (/ 2 pi):
     (0.333333, -0, 0)
     (-0, 1, -0)
     (0, -0, 1)
Geometric objects:
     block, center = (0,0,0)
          size (1e+20,1e+20,1)
          axes (1,0,0), (0,1,0), (0,0,1)
     prism, center = (-5.88768e-06,-1.38778e-17,0.5)
          height 1, axis (0,0,1), sidewall angle: 0 radians, 4 vertices:
          (0.249994,0.25,0)
          (-0.250006,0.25,0)
          (-0.250006,-0.25,0)
          (0.249994,-0.25,0)
     prism, center = (0.999216,-1.38778e-17,0.5)
          height 1, axis (0,0,1), sidewall angle: 0 radians, 4 vertices:
          (1.24922,0.25,0)
          (0.749216,0.25,0)
          (0.749216,-0.25,0)
          (1.24922,-0.25,0)
     prism, center = (2.01083,-1.38778e-17,0.5)
          height 1, axis (0,0,1), sidewall angle: 0 radians, 4 vertices:
          (2.26083,0.25,0)
          (1.76083,0.25,0)
          (1.76083,-0.25,0)
          (2.26083,-0.25,0)
Geometric object tree has depth 2 and 21 object nodes (vs. 4 actual objects)
Initializing epsilon function...
Allocating fields...
Solving for band polarization: te.
Initializing fields to random numbers...
1 k-points
  Vector3<-0.09, 0.14, 0.0>
elapsed time for initialization: 0.07890748977661133
solve_kpoint (-0.09,0.14,0):
tefreqs:, k index, k1, k2, k3, kmag/2pi, te band 1, te band 2, te band 3, te band 4, te band 5, te band 6
Solving for bands 1 to 6...
    near maximum in trace
    iteration    1: trace = 2.300624013232176 (199.766% change)
    iteration    2: trace = 0.5514558327553374 (122.659% change)
    iteration    3: trace = 0.464050138451272 (17.2142% change)
    iteration    4: trace = 0.4298147085257982 (7.66009% change)
    iteration    5: trace = 0.4165120204777089 (3.14363% change)
    iteration    6: trace = 0.4081763836877643 (2.02152% change)
    iteration    7: trace = 0.4029106549395484 (1.29844% change)
    iteration    8: trace = 0.3980789548873007 (1.20643% change)
    iteration    9: trace = 0.3964134524632821 (0.419262% change)
    iteration   10: trace = 0.3956647581007871 (0.189046% change)
    iteration   11: trace = 0.3954653490559056 (0.0504112% change)
    iteration   12: trace = 0.3953647194678544 (0.0254491% change)
    iteration   13: trace = 0.3953274310944289 (0.00943183% change)
    iteration   14: trace = 0.3953077779966617 (0.00497147% change)
    iteration   15: trace = 0.39530261367164 (0.00130641% change)
    iteration   16: trace = 0.3953009781024089 (0.000413752% change)
    iteration   17: trace = 0.3953006353346062 (8.67106e-05% change)
    iteration   18: trace = 0.395300493003376 (3.60058e-05% change)
    iteration   19: trace = 0.3953004397313038 (1.34763e-05% change)
    iteration   20: trace = 0.3953004099682494 (7.52922e-06% change)
    iteration   21: trace = 0.3953004016114861 (2.11403e-06% change)
    iteration   22: trace = 0.3953003994321614 (5.51308e-07% change)
    iteration   23: trace = 0.3953003990255989 (1.02849e-07% change)
    iteration   24: trace = 0.3953003989461397 (2.0101e-08% change)
    iteration   25: trace = 0.3953003989268289 (4.88509e-09% change)
Finished solving for bands 1 to 6 after 25 iterations.
tefreqs:, 1, -0.09, 0.14, 0, 0.143178, 0.0644809, 0.148921, 0.171613, 0.300839, 0.322575, 0.38073
elapsed time for k point: 4.385722637176514
total elapsed time for run: 4.464752197265625
done
Initializing eigensolver data
Computing 6 bands with 1e-10 tolerance
Working in 2 dimensions.
Grid size is 336 x 112 x 1.
Solving for 6 bands at a time.
Creating Maxwell data...
Mesh size is 3.
Lattice vectors:
     (3, 0, 0)
     (0, 1, 0)
     (0, 0, 1)
Cell volume = 3
Reciprocal lattice vectors (/ 2 pi):
     (0.333333, -0, 0)
     (-0, 1, -0)
     (0, -0, 1)
Geometric objects:
     block, center = (0,0,0)
          size (1e+20,1e+20,1)
          axes (1,0,0), (0,1,0), (0,0,1)
     prism, center = (0.0108482,-1.38778e-17,0.5)
          height 1, axis (0,0,1), sidewall angle: 0 radians, 4 vertices:
          (0.260848,0.25,0)
          (-0.239152,0.25,0)
          (-0.239152,-0.25,0)
          (0.260848,-0.25,0)
     prism, center = (1.01085,-1.38778e-17,0.5)
          height 1, axis (0,0,1), sidewall angle: 0 radians, 4 vertices:
          (1.26085,0.25,0)
          (0.760848,0.25,0)
          (0.760848,-0.25,0)
          (1.26085,-0.25,0)
     prism, center = (2.01085,-1.38778e-17,0.5)
          height 1, axis (0,0,1), sidewall angle: 0 radians, 4 vertices:
          (2.26085,0.25,0)
          (1.76085,0.25,0)
          (1.76085,-0.25,0)
          (2.26085,-0.25,0)
Geometric object tree has depth 2 and 21 object nodes (vs. 4 actual objects)
Initializing epsilon function...
Allocating fields...
Solving for band polarization: te.
Initializing fields to random numbers...
1 k-points
  Vector3<-0.09, 0.14, 0.0>
elapsed time for initialization: 0.04638218879699707
solve_kpoint (-0.09,0.14,0):
tefreqs:, k index, k1, k2, k3, kmag/2pi, te band 1, te band 2, te band 3, te band 4, te band 5, te band 6
Solving for bands 1 to 6...
    near maximum in trace
    iteration    1: trace = 2.209079640948408 (199.777% change)
    iteration    2: trace = 0.6093149819602327 (113.523% change)
    iteration    3: trace = 0.4371723815080818 (32.8991% change)
    iteration    4: trace = 0.4104085930957568 (6.31533% change)
    iteration    5: trace = 0.3991601635155002 (2.77887% change)
    iteration    6: trace = 0.3970453437713723 (0.531225% change)
    iteration    7: trace = 0.3959237479423269 (0.282885% change)
    iteration    8: trace = 0.3955871669731281 (0.0850477% change)
    iteration    9: trace = 0.3954120003711111 (0.04429% change)
    iteration   10: trace = 0.3953720285141072 (0.0101094% change)
    iteration   11: trace = 0.3953574854123439 (0.0036784% change)
    iteration   12: trace = 0.3953542154111106 (0.000827103% change)
    iteration   13: trace = 0.3953523885773996 (0.000462076% change)
    iteration   14: trace = 0.3953516012771709 (0.000199139% change)
    iteration   15: trace = 0.3953511766503321 (0.000107405% change)
    iteration   16: trace = 0.3953510774828339 (2.50834e-05% change)
    iteration   17: trace = 0.3953510464947508 (7.83812e-06% change)
    iteration   18: trace = 0.3953510408685618 (1.42309e-06% change)
    iteration   19: trace = 0.3953510394876689 (3.49283e-07% change)
    iteration   20: trace = 0.3953510390995124 (9.81802e-08% change)
    iteration   21: trace = 0.3953510388757105 (5.66084e-08% change)
    iteration   22: trace = 0.3953510387769595 (2.49781e-08% change)
    iteration   23: trace = 0.3953510387468033 (7.6277e-09% change)
Finished solving for bands 1 to 6 after 23 iterations.
tefreqs:, 1, -0.09, 0.14, 0, 0.143178, 0.0644842, 0.148929, 0.171605, 0.300928, 0.322544, 0.380752
elapsed time for k point: 4.539953708648682
total elapsed time for run: 4.586449861526489
done
Initializing eigensolver data
Computing 6 bands with 1e-10 tolerance
Working in 2 dimensions.
Grid size is 336 x 112 x 1.
Solving for 6 bands at a time.
Creating Maxwell data...
Mesh size is 3.
Lattice vectors:
     (3, 0, 0)
     (0, 1, 0)
     (0, 0, 1)
Cell volume = 3
Reciprocal lattice vectors (/ 2 pi):
     (0.333333, -0, 0)
     (-0, 1, -0)
     (0, -0, 1)
Geometric objects:
     block, center = (0,0,0)
          size (1e+20,1e+20,1)
          axes (1,0,0), (0,1,0), (0,0,1)
     prism, center = (-0.00415179,-1.38778e-17,0.5)
          height 1, axis (0,0,1), sidewall angle: 0 radians, 4 vertices:
          (0.245848,0.25,0)
          (-0.254152,0.25,0)
          (-0.254152,-0.25,0)
          (0.245848,-0.25,0)
     prism, center = (0.995848,-1.38778e-17,0.5)
          height 1, axis (0,0,1), sidewall angle: 0 radians, 4 vertices:
          (1.24585,0.25,0)
          (0.745848,0.25,0)
          (0.745848,-0.25,0)
          (1.24585,-0.25,0)
     prism, center = (1.99585,-1.38778e-17,0.5)
          height 1, axis (0,0,1), sidewall angle: 0 radians, 4 vertices:
          (2.24585,0.25,0)
          (1.74585,0.25,0)
          (1.74585,-0.25,0)
          (2.24585,-0.25,0)
Geometric object tree has depth 2 and 21 object nodes (vs. 4 actual objects)
Initializing epsilon function...
Allocating fields...
Solving for band polarization: te.
Initializing fields to random numbers...
1 k-points
  Vector3<-0.09, 0.14, 0.0>
elapsed time for initialization: 0.09381771087646484
solve_kpoint (-0.09,0.14,0):
tefreqs:, k index, k1, k2, k3, kmag/2pi, te band 1, te band 2, te band 3, te band 4, te band 5, te band 6
Solving for bands 1 to 6...
    near maximum in trace
    iteration    1: trace = 2.677568689076035 (199.729% change)
    iteration    2: trace = 0.5916528217559344 (127.609% change)
    iteration    3: trace = 0.476459350192843 (21.5695% change)
    iteration    4: trace = 0.4235911739813066 (11.7478% change)
    iteration    5: trace = 0.4055942771743948 (4.34086% change)
    iteration    6: trace = 0.3984194314547995 (1.78476% change)
    iteration    7: trace = 0.3968027557589588 (0.406597% change)
    iteration    8: trace = 0.3961722401813714 (0.159025% change)
    iteration    9: trace = 0.3959420728936721 (0.0581147% change)
    iteration   10: trace = 0.3957661372792457 (0.0444446% change)
    iteration   11: trace = 0.3956993631145129 (0.0168736% change)
    iteration   12: trace = 0.3956757472497687 (0.00596831% change)
    iteration   13: trace = 0.3956703578049938 (0.0013621% change)
    iteration   14: trace = 0.3956689621296514 (0.000352738% change)
    iteration   15: trace = 0.3956685854769953 (9.51939e-05% change)
    iteration   16: trace = 0.395668423188097 (4.10164e-05% change)
    iteration   17: trace = 0.3956683370734291 (2.17644e-05% change)
    iteration   18: trace = 0.395668302486911 (8.74129e-06% change)
    iteration   19: trace = 0.3956682918979618 (2.67622e-06% change)
    iteration   20: trace = 0.3956682900475745 (4.67661e-07% change)
    iteration   21: trace = 0.3956682895551297 (1.24459e-07% change)
    iteration   22: trace = 0.3956682894541659 (2.55173e-08% change)
    iteration   23: trace = 0.3956682894126712 (1.04872e-08% change)
    iteration   24: trace = 0.3956682893977472 (3.77185e-09% change)
Finished solving for bands 1 to 6 after 24 iterations.
tefreqs:, 1, -0.09, 0.14, 0, 0.143178, 0.064526, 0.148956, 0.17163, 0.301004, 0.322623, 0.381013
elapsed time for k point: 5.131892442703247
total elapsed time for run: 5.2258007526397705
done
Initializing eigensolver data
Computing 6 bands with 1e-10 tolerance
Working in 2 dimensions.
Grid size is 336 x 112 x 1.
Solving for 6 bands at a time.
Creating Maxwell data...
Mesh size is 3.
Lattice vectors:
     (3, 0, 0)
     (0, 1, 0)
     (0, 0, 1)
Cell volume = 3
Reciprocal lattice vectors (/ 2 pi):
     (0.333333, -0, 0)
     (-0, 1, -0)
     (0, -0, 1)
Geometric objects:
     block, center = (0,0,0)
          size (1e+20,1e+20,1)
          axes (1,0,0), (0,1,0), (0,0,1)
     prism, center = (2.00335,0,0.5)
          height 1, axis (0,0,1), sidewall angle: 0 radians, 4 vertices:
          (1.75335,-0.25,0)
          (1.75335,0.25,0)
          (2.25335,0.25,0)
          (2.25335,-0.25,0)
     prism, center = (0.995848,0,0.5)
          height 1, axis (0,0,1), sidewall angle: 0 radians, 4 vertices:
          (0.745848,-0.25,0)
          (0.745848,0.25,0)
          (1.24585,0.25,0)
          (1.24585,-0.25,0)
     prism, center = (0.0108482,0,0.5)
          height 1, axis (0,0,1), sidewall angle: 0 radians, 4 vertices:
          (-0.239152,-0.25,0)
          (-0.239152,0.25,0)
          (0.260848,0.25,0)
          (0.260848,-0.25,0)
Geometric object tree has depth 2 and 21 object nodes (vs. 4 actual objects)
Initializing epsilon function...
Allocating fields...
Solving for band polarization: te.
Initializing fields to random numbers...
1 k-points
  Vector3<-0.09, 0.14, 0.0>
elapsed time for initialization: 0.0434420108795166
solve_kpoint (-0.09,0.14,0):
tefreqs:, k index, k1, k2, k3, kmag/2pi, te band 1, te band 2, te band 3, te band 4, te band 5, te band 6
Solving for bands 1 to 6...
    near maximum in trace
    iteration    1: trace = 2.199309662498088 (199.778% change)
    iteration    2: trace = 0.5130176369574106 (124.343% change)
    iteration    3: trace = 0.4425568769214964 (14.7473% change)
    iteration    4: trace = 0.4184091946558562 (5.60944% change)
    iteration    5: trace = 0.4088036693673832 (2.32238% change)
    iteration    6: trace = 0.4019811746965457 (1.68294% change)
    iteration    7: trace = 0.399076152155688 (0.725297% change)
    iteration    8: trace = 0.3972590990008176 (0.456354% change)
    iteration    9: trace = 0.3967180398934324 (0.136291% change)
    iteration   10: trace = 0.3965087539133743 (0.0527683% change)
    iteration   11: trace = 0.3964556840816642 (0.0133852% change)
    iteration   12: trace = 0.3964316162037753 (0.00607095% change)
    iteration   13: trace = 0.3964203715135025 (0.00283652% change)
    iteration   14: trace = 0.3964153384554785 (0.00126963% change)
    iteration   15: trace = 0.3964138129813909 (0.000384818% change)
    iteration   16: trace = 0.3964133900066633 (0.0001067% change)
    iteration   17: trace = 0.3964132483407558 (3.57369e-05% change)
    iteration   18: trace = 0.3964131933169012 (1.38804e-05% change)
    iteration   19: trace = 0.3964131629534298 (7.65955e-06% change)
    iteration   20: trace = 0.3964131514920728 (2.89127e-06% change)
    iteration   21: trace = 0.3964131477385126 (9.46881e-07% change)
    iteration   22: trace = 0.3964131470389662 (1.76469e-07% change)
    iteration   23: trace = 0.3964131468377545 (5.07581e-08% change)
    iteration   24: trace = 0.3964131467855278 (1.31748e-08% change)
    iteration   25: trace = 0.3964131467617861 (5.98912e-09% change)
Finished solving for bands 1 to 6 after 25 iterations.
tefreqs:, 1, -0.09, 0.14, 0, 0.143178, 0.064522, 0.149079, 0.171782, 0.301413, 0.323176, 0.381082
elapsed time for k point: 5.001709222793579
total elapsed time for run: 5.0452351570129395
done
Initializing eigensolver data
Computing 6 bands with 1e-10 tolerance
Working in 2 dimensions.
Grid size is 336 x 112 x 1.
Solving for 6 bands at a time.
Creating Maxwell data...
Mesh size is 3.
Lattice vectors:
     (3, 0, 0)
     (0, 1, 0)
     (0, 0, 1)
Cell volume = 3
Reciprocal lattice vectors (/ 2 pi):
     (0.333333, -0, 0)
     (-0, 1, -0)
     (0, -0, 1)
Geometric objects:
     block, center = (0,0,0)
          size (1e+20,1e+20,1)
          axes (1,0,0), (0,1,0), (0,0,1)
     prism, center = (1.99586,-1.38778e-17,0.5)
          height 1, axis (0,0,1), sidewall angle: 0 radians, 4 vertices:
          (2.24586,0.25,0)
          (1.74586,0.25,0)
          (1.74586,-0.25,0)
          (2.24586,-0.25,0)
     prism, center = (1.00748,-1.38778e-17,0.5)
          height 1, axis (0,0,1), sidewall angle: 0 radians, 4 vertices:
          (1.25748,0.25,0)
          (0.757481,0.25,0)
          (0.757481,-0.25,0)
          (1.25748,-0.25,0)
     prism, center = (0.00670232,-1.38778e-17,0.5)
          height 1, axis (0,0,1), sidewall angle: 0 radians, 4 vertices:
          (0.256702,0.25,0)
          (-0.243298,0.25,0)
          (-0.243298,-0.25,0)
          (0.256702,-0.25,0)
Geometric object tree has depth 2 and 21 object nodes (vs. 4 actual objects)
Initializing epsilon function...
Allocating fields...
Solving for band polarization: te.
Initializing fields to random numbers...
1 k-points
  Vector3<-0.09, 0.14, 0.0>
elapsed time for initialization: 0.04115462303161621
solve_kpoint (-0.09,0.14,0):
tefreqs:, k index, k1, k2, k3, kmag/2pi, te band 1, te band 2, te band 3, te band 4, te band 5, te band 6
Solving for bands 1 to 6...
    near maximum in trace
    iteration    1: trace = 2.160185586598056 (199.781% change)
    iteration    2: trace = 0.5477230146255484 (119.093% change)
    iteration    3: trace = 0.4448938461655562 (20.7188% change)
    iteration    4: trace = 0.4118471297248784 (7.71452% change)
    iteration    5: trace = 0.402963290949349 (2.18059% change)
    iteration    6: trace = 0.3984328703954387 (1.13063% change)
    iteration    7: trace = 0.3968362300649033 (0.401535% change)
    iteration    8: trace = 0.3959211076994387 (0.230871% change)
    iteration    9: trace = 0.3956428455715829 (0.0703069% change)
    iteration   10: trace = 0.3955403951435171 (0.025898% change)
    iteration   11: trace = 0.3955152064545795 (0.00636837% change)
    iteration   12: trace = 0.3955030280685039 (0.00307917% change)
    iteration   13: trace = 0.3954973621696407 (0.00143259% change)
    iteration   14: trace = 0.3954945361912638 (0.00071454% change)
    iteration   15: trace = 0.3954935821000651 (0.00024124% change)
    iteration   16: trace = 0.3954932748908704 (7.76774e-05% change)
    iteration   17: trace = 0.3954932080212196 (1.69079e-05% change)
    iteration   18: trace = 0.3954931946866886 (3.37162e-06% change)
    iteration   19: trace = 0.3954931904987564 (1.05891e-06% change)
    iteration   20: trace = 0.3954931888732253 (4.11014e-07% change)
    iteration   21: trace = 0.3954931879447244 (2.3477e-07% change)
    iteration   22: trace = 0.3954931876442187 (7.59825e-08% change)
    iteration   23: trace = 0.3954931875450686 (2.507e-08% change)
    iteration   24: trace = 0.3954931875265426 (4.68427e-09% change)
Finished solving for bands 1 to 6 after 24 iterations.
tefreqs:, 1, -0.09, 0.14, 0, 0.143178, 0.0645048, 0.148938, 0.171629, 0.300882, 0.322626, 0.380888
elapsed time for k point: 3.409830331802368
total elapsed time for run: 3.451066732406616
done
Initializing eigensolver data
Computing 6 bands with 1e-10 tolerance
Working in 2 dimensions.
Grid size is 336 x 112 x 1.
Solving for 6 bands at a time.
Creating Maxwell data...
Mesh size is 3.
Lattice vectors:
     (3, 0, 0)
     (0, 1, 0)
     (0, 0, 1)
Cell volume = 3
Reciprocal lattice vectors (/ 2 pi):
     (0.333333, -0, 0)
     (-0, 1, -0)
     (0, -0, 1)
Geometric objects:
     block, center = (0,0,0)
          size (1e+20,1e+20,1)
          axes (1,0,0), (0,1,0), (0,0,1)
     prism, center = (2.01085,-1.38778e-17,0.5)
          height 1, axis (0,0,1), sidewall angle: 0 radians, 4 vertices:
          (2.26085,0.25,0)
          (1.76085,0.25,0)
          (1.76085,-0.25,0)
          (2.26085,-0.25,0)
     prism, center = (1.01085,-1.38778e-17,0.5)
          height 1, axis (0,0,1), sidewall angle: 0 radians, 4 vertices:
          (1.26085,0.25,0)
          (0.760848,0.25,0)
          (0.760848,-0.25,0)
          (1.26085,-0.25,0)
     prism, center = (0.0108482,-1.38778e-17,0.5)
          height 1, axis (0,0,1), sidewall angle: 0 radians, 4 vertices:
          (0.260848,0.25,0)
          (-0.239152,0.25,0)
          (-0.239152,-0.25,0)
          (0.260848,-0.25,0)
Geometric object tree has depth 2 and 21 object nodes (vs. 4 actual objects)
Initializing epsilon function...
Allocating fields...
Solving for band polarization: te.
Initializing fields to random numbers...
1 k-points
  Vector3<-0.09, 0.14, 0.0>
elapsed time for initialization: 0.0513153076171875
solve_kpoint (-0.09,0.14,0):
tefreqs:, k index, k1, k2, k3, kmag/2pi, te band 1, te band 2, te band 3, te band 4, te band 5, te band 6
Solving for bands 1 to 6...
    near maximum in trace
    iteration    1: trace = 2.181375182539379 (199.78% change)
    iteration    2: trace = 0.5703793332045468 (117.089% change)
    iteration    3: trace = 0.4249630882105128 (29.2193% change)
    iteration    4: trace = 0.405571382998647 (4.66969% change)
    iteration    5: trace = 0.3982512485618654 (1.82133% change)
    iteration    6: trace = 0.3967088939460302 (0.388033% change)
    iteration    7: trace = 0.3958792960721547 (0.209339% change)
    iteration    8: trace = 0.3955705926006559 (0.0780096% change)
    iteration    9: trace = 0.395408954057643 (0.0408705% change)
    iteration   10: trace = 0.3953713812979743 (0.0095027% change)
    iteration   11: trace = 0.395358183489908 (0.00333813% change)
    iteration   12: trace = 0.395354590253793 (0.00090886% change)
    iteration   13: trace = 0.3953523348120956 (0.000570487% change)
    iteration   14: trace = 0.3953514692655954 (0.000218931% change)
    iteration   15: trace = 0.395351138676942 (8.3619e-05% change)
    iteration   16: trace = 0.3953510707809025 (1.71736e-05% change)
    iteration   17: trace = 0.395351049212013 (5.45563e-06% change)
    iteration   18: trace = 0.3953510434441903 (1.45891e-06% change)
    iteration   19: trace = 0.3953510405458878 (7.33096e-07% change)
    iteration   20: trace = 0.3953510393904268 (2.92262e-07% change)
    iteration   21: trace = 0.395351038892421 (1.25965e-07% change)
    iteration   22: trace = 0.3953510387759525 (2.94595e-08% change)
    iteration   23: trace = 0.3953510387448843 (7.8584e-09% change)
Finished solving for bands 1 to 6 after 23 iterations.
tefreqs:, 1, -0.09, 0.14, 0, 0.143178, 0.0644842, 0.148929, 0.171605, 0.300928, 0.322544, 0.380752
elapsed time for k point: 3.2818446159362793
total elapsed time for run: 3.333326816558838
done
