Initializing eigensolver data
Computing 6 bands with 1e-10 tolerance
Working in 2 dimensions.
Grid size is 288 x 96 x 1.
Solving for 6 bands at a time.
Creating Maxwell data...
Mesh size is 3.
Lattice vectors:
     (3, 0, 0)
     (0, 1, 0)
     (0, 0, 1)
Cell volume = 3
Reciprocal lattice vectors (/ 2 pi):
     (0.333333, -0, 0)
     (-0, 1, -0)
     (0, -0, 1)
Geometric objects:
     block, center = (0,0,0)
          size (1e+20,1e+20,1)
          axes (1,0,0), (0,1,0), (0,0,1)
     prism, center = (0.0075,0,0.5)
          height 1, axis (0,0,1), sidewall angle: 0 radians, 4 vertices:
          (-0.2425,-0.25,0)
          (-0.2425,0.25,0)
          (0.2575,0.25,0)
          (0.2575,-0.25,0)
     prism, center = (0.9925,0,0.5)
          height 1, axis (0,0,1), sidewall angle: 0 radians, 4 vertices:
          (0.7425,-0.25,0)
          (0.7425,0.25,0)
          (1.2425,0.25,0)
          (1.2425,-0.25,0)
     prism, center = (2,0,0.5)
          height 1, axis (0,0,1), sidewall angle: 0 radians, 4 vertices:
          (1.75,-0.25,0)
          (1.75,0.25,0)
          (2.25,0.25,0)
          (2.25,-0.25,0)
Geometric object tree has depth 2 and 21 object nodes (vs. 4 actual objects)
Initializing epsilon function...
Allocating fields...
Solving for band polarization: te.
Initializing fields to random numbers...
1 k-points
  Vector3<-0.09, 0.14, 0.0>
elapsed time for initialization: 0.03374361991882324
solve_kpoint (-0.09,0.14,0):
tefreqs:, k index, k1, k2, k3, kmag/2pi, te band 1, te band 2, te band 3, te band 4, te band 5, te band 6
Solving for bands 1 to 6...
    near maximum in trace
    iteration    1: trace = 2.423030404703008 (199.667% change)
    iteration    2: trace = 0.6539888586055667 (114.984% change)
    iteration    3: trace = 0.4530456449265374 (36.303% change)
    iteration    4: trace = 0.4232727628427276 (6.79499% change)
    iteration    5: trace = 0.4078072057049135 (3.7218% change)
    iteration    6: trace = 0.4029691115339034 (1.19345% change)
    iteration    7: trace = 0.3990544045191622 (0.976208% change)
    iteration    8: trace = 0.3974344430636528 (0.406776% change)
    iteration    9: trace = 0.3967048422779534 (0.183746% change)
    iteration   10: trace = 0.3965659022166353 (0.0350297% change)
    iteration   11: trace = 0.396509169970976 (0.0143069% change)
    iteration   12: trace = 0.3964932692459762 (0.00401026% change)
    iteration   13: trace = 0.3964845840975763 (0.00219051% change)
    iteration   14: trace = 0.3964813781021169 (0.000808609% change)
    iteration   15: trace = 0.3964798287006662 (0.000390789% change)
    iteration   16: trace = 0.3964795115941603 (7.99805e-05% change)
    iteration   17: trace = 0.3964794005342984 (2.80115e-05% change)
    iteration   18: trace = 0.3964793657686189 (8.7686e-06% change)
    iteration   19: trace = 0.3964793460921504 (4.9628e-06% change)
    iteration   20: trace = 0.396479338316261 (1.96123e-06% change)
    iteration   21: trace = 0.3964793356363301 (6.75932e-07% change)
    iteration   22: trace = 0.3964793350398781 (1.50437e-07% change)
    iteration   23: trace = 0.3964793349172186 (3.09372e-08% change)
    iteration   24: trace = 0.3964793348932125 (6.05483e-09% change)
Finished solving for bands 1 to 6 after 24 iterations.
tefreqs:, 1, -0.09, 0.14, 0, 0.143178, 0.0645243, 0.149085, 0.171789, 0.301436, 0.323201, 0.381124
elapsed time for k point: 1.8302693367004395
total elapsed time for run: 1.8640995025634766
done
Initializing eigensolver data
Computing 6 bands with 1e-10 tolerance
Working in 2 dimensions.
Grid size is 288 x 96 x 1.
Solving for 6 bands at a time.
Creating Maxwell data...
Mesh size is 3.
Lattice vectors:
     (3, 0, 0)
     (0, 1, 0)
     (0, 0, 1)
Cell volume = 3
Reciprocal lattice vectors (/ 2 pi):
     (0.333333, -0, 0)
     (-0, 1, -0)
     (0, -0, 1)
Geometric objects:
     block, center = (0,0,0)
          size (1e+20,1e+20,1)
          axes (1,0,0), (0,1,0), (0,0,1)
     prism, center = (1.0075,0,0.5)
          height 1, axis (0,0,1), sidewall angle: 0 radians, 4 vertices:
          (0.7575,-0.25,0)
          (0.7575,0.25,0)
          (1.2575,0.25,0)
          (1.2575,-0.25,0)
     prism, center = (2,0,0.5)
          height 1, axis (0,0,1), sidewall angle: 0 radians, 4 vertices:
          (1.75,-0.25,0)
          (1.75,0.25,0)
          (2.25,0.25,0)
          (2.25,-0.25,0)
     prism, center = (2.9925,0,0.5)
          height 1, axis (0,0,1), sidewall angle: 0 radians, 4 vertices:
          (2.7425,-0.25,0)
          (2.7425,0.25,0)
          (3.2425,0.25,0)
          (3.2425,-0.25,0)
Geometric object tree has depth 2 and 21 object nodes (vs. 4 actual objects)
Initializing epsilon function...
Allocating fields...
Solving for band polarization: te.
Initializing fields to random numbers...
1 k-points
  Vector3<-0.09, 0.14, 0.0>
elapsed time for initialization: 0.031982421875
solve_kpoint (-0.09,0.14,0):
tefreqs:, k index, k1, k2, k3, kmag/2pi, te band 1, te band 2, te band 3, te band 4, te band 5, te band 6
Solving for bands 1 to 6...
    near maximum in trace
    iteration    1: trace = 2.436142147609559 (199.666% change)
    iteration    2: trace = 0.676443985910088 (113.07% change)
    iteration    3: trace = 0.4536258148547422 (39.4344% change)
    iteration    4: trace = 0.4211088179317423 (7.43471% change)
    iteration    5: trace = 0.4063455284386519 (3.56836% change)
    iteration    6: trace = 0.4022841745255393 (1.0045% change)
    iteration    7: trace = 0.399076350580537 (0.800594% change)
    iteration    8: trace = 0.3975614362242303 (0.380327% change)
    iteration    9: trace = 0.3967601715993706 (0.201748% change)
    iteration   10: trace = 0.3965956797901877 (0.0414673% change)
    iteration   11: trace = 0.3965200558313144 (0.0190701% change)
    iteration   12: trace = 0.3964936344950081 (0.00666353% change)
    iteration   13: trace = 0.3964785679363141 (0.00380002% change)
    iteration   14: trace = 0.3964745854466885 (0.00100447% change)
    iteration   15: trace = 0.3964730688927095 (0.00038251% change)
    iteration   16: trace = 0.3964727901332379 (7.03098e-05% change)
    iteration   17: trace = 0.3964727036424504 (2.18151e-05% change)
    iteration   18: trace = 0.3964726784046 (6.3656e-06% change)
    iteration   19: trace = 0.3964726636539084 (3.72048e-06% change)
    iteration   20: trace = 0.3964726578621219 (1.46083e-06% change)
    iteration   21: trace = 0.3964726560347639 (4.60904e-07% change)
    iteration   22: trace = 0.396472655646054 (9.8042e-08% change)
    iteration   23: trace = 0.3964726555497339 (2.42943e-08% change)
    iteration   24: trace = 0.3964726555198065 (7.5484e-09% change)
Finished solving for bands 1 to 6 after 24 iterations.
tefreqs:, 1, -0.09, 0.14, 0, 0.143178, 0.0645241, 0.149085, 0.171789, 0.301421, 0.323223, 0.381109
elapsed time for k point: 2.6050963401794434
total elapsed time for run: 2.6371662616729736
done
Initializing eigensolver data
Computing 6 bands with 1e-10 tolerance
Working in 2 dimensions.
Grid size is 288 x 96 x 1.
Solving for 6 bands at a time.
Creating Maxwell data...
Mesh size is 3.
Lattice vectors:
     (3, 0, 0)
     (0, 1, 0)
     (0, 0, 1)
Cell volume = 3
Reciprocal lattice vectors (/ 2 pi):
     (0.333333, -0, 0)
     (-0, 1, -0)
     (0, -0, 1)
Geometric objects:
     block, center = (0,0,0)
          size (1e+20,1e+20,1)
          axes (1,0,0), (0,1,0), (0,0,1)
     prism, center = (0.0153125,0,0.5)
          height 1, axis (0,0,1), sidewall angle: 0 radians, 4 vertices:
          (-0.234687,-0.25,0)
          (-0.234687,0.25,0)
          (0.265313,0.25,0)
          (0.265313,-0.25,0)
     prism, center = (1.00031,0,0.5)
          height 1, axis (0,0,1), sidewall angle: 0 radians, 4 vertices:
          (0.750313,-0.25,0)
          (0.750313,0.25,0)
          (1.25031,0.25,0)
          (1.25031,-0.25,0)
     prism, center = (2.00781,0,0.5)
          height 1, axis (0,0,1), sidewall angle: 0 radians, 4 vertices:
          (1.75781,-0.25,0)
          (1.75781,0.25,0)
          (2.25781,0.25,0)
          (2.25781,-0.25,0)
Geometric object tree has depth 2 and 21 object nodes (vs. 4 actual objects)
Initializing epsilon function...
Allocating fields...
Solving for band polarization: te.
Initializing fields to random numbers...
1 k-points
  Vector3<-0.09, 0.14, 0.0>
elapsed time for initialization: 0.05570363998413086
solve_kpoint (-0.09,0.14,0):
tefreqs:, k index, k1, k2, k3, kmag/2pi, te band 1, te band 2, te band 3, te band 4, te band 5, te band 6
Solving for bands 1 to 6...
    near maximum in trace
    iteration    1: trace = 2.165678716134877 (199.702% change)
    iteration    2: trace = 0.5429470007117796 (119.82% change)
    iteration    3: trace = 0.4591077083819601 (16.7335% change)
    iteration    4: trace = 0.4243650947554977 (7.86501% change)
    iteration    5: trace = 0.4092018687892277 (3.63815% change)
    iteration    6: trace = 0.4018465095354559 (1.81379% change)
    iteration    7: trace = 0.3993858716667691 (0.614213% change)
    iteration    8: trace = 0.3976910555868647 (0.425258% change)
    iteration    9: trace = 0.3968851429079954 (0.202853% change)
    iteration   10: trace = 0.3965297440468947 (0.0895871% change)
    iteration   11: trace = 0.3964446884581385 (0.0214523% change)
    iteration   12: trace = 0.3964235214968642 (0.00533934% change)
    iteration   13: trace = 0.3964160920815697 (0.00187413% change)
    iteration   14: trace = 0.3964127660020325 (0.000839041% change)
    iteration   15: trace = 0.3964109379013284 (0.000461162% change)
    iteration   16: trace = 0.3964102210832484 (0.000180827% change)
    iteration   17: trace = 0.3964099544674968 (6.72576e-05% change)
    iteration   18: trace = 0.3964098985124914 (1.41154e-05% change)
    iteration   19: trace = 0.3964098805156199 (4.53997e-06% change)
    iteration   20: trace = 0.396409874502953 (1.51678e-06% change)
    iteration   21: trace = 0.396409871045896 (8.72092e-07% change)
    iteration   22: trace = 0.3964098699933457 (2.65521e-07% change)
    iteration   23: trace = 0.3964098696695166 (8.16905e-08% change)
    iteration   24: trace = 0.3964098696014593 (1.71684e-08% change)
    iteration   25: trace = 0.39640986958543 (4.04362e-09% change)
Finished solving for bands 1 to 6 after 25 iterations.
tefreqs:, 1, -0.09, 0.14, 0, 0.143178, 0.064516, 0.149079, 0.171783, 0.30142, 0.323191, 0.38106
elapsed time for k point: 2.9446911811828613
total elapsed time for run: 3.0004796981811523
done
Initializing eigensolver data
Computing 6 bands with 1e-10 tolerance
Working in 2 dimensions.
Grid size is 288 x 96 x 1.
Solving for 6 bands at a time.
Creating Maxwell data...
Mesh size is 3.
Lattice vectors:
     (3, 0, 0)
     (0, 1, 0)
     (0, 0, 1)
Cell volume = 3
Reciprocal lattice vectors (/ 2 pi):
     (0.333333, -0, 0)
     (-0, 1, -0)
     (0, -0, 1)
Geometric objects:
     block, center = (0,0,0)
          size (1e+20,1e+20,1)
          axes (1,0,0), (0,1,0), (0,0,1)
     prism, center = (1.01531,0,0.5)
          height 1, axis (0,0,1), sidewall angle: 0 radians, 4 vertices:
          (0.765312,-0.25,0)
          (0.765312,0.25,0)
          (1.26531,0.25,0)
          (1.26531,-0.25,0)
     prism, center = (2.00781,0,0.5)
          height 1, axis (0,0,1), sidewall angle: 0 radians, 4 vertices:
          (1.75781,-0.25,0)
          (1.75781,0.25,0)
          (2.25781,0.25,0)
          (2.25781,-0.25,0)
     prism, center = (3.00031,0,0.5)
          height 1, axis (0,0,1), sidewall angle: 0 radians, 4 vertices:
          (2.75031,-0.25,0)
          (2.75031,0.25,0)
          (3.25031,0.25,0)
          (3.25031,-0.25,0)
Geometric object tree has depth 2 and 21 object nodes (vs. 4 actual objects)
Initializing epsilon function...
Allocating fields...
Solving for band polarization: te.
Initializing fields to random numbers...
1 k-points
  Vector3<-0.09, 0.14, 0.0>
elapsed time for initialization: 0.042055606842041016
solve_kpoint (-0.09,0.14,0):
tefreqs:, k index, k1, k2, k3, kmag/2pi, te band 1, te band 2, te band 3, te band 4, te band 5, te band 6
Solving for bands 1 to 6...
    near maximum in trace
    iteration    1: trace = 2.224528500713013 (199.693% change)
    iteration    2: trace = 0.5549417478848606 (120.137% change)
    iteration    3: trace = 0.4610318964104888 (18.4867% change)
    iteration    4: trace = 0.4193469682750577 (9.46977% change)
    iteration    5: trace = 0.4056979617711601 (3.30867% change)
    iteration    6: trace = 0.4002506545058799 (1.35178% change)
    iteration    7: trace = 0.3985662172746423 (0.421733% change)
    iteration    8: trace = 0.397386272311335 (0.296486% change)
    iteration    9: trace = 0.3968118413576113 (0.144657% change)
    iteration   10: trace = 0.3965158345251964 (0.0746241% change)
    iteration   11: trace = 0.3964464433470142 (0.0175018% change)
    iteration   12: trace = 0.396425319253163 (0.0053285% change)
    iteration   13: trace = 0.3964173111621798 (0.0020201% change)
    iteration   14: trace = 0.3964133376744969 (0.00100235% change)
    iteration   15: trace = 0.3964119085954555 (0.000360503% change)
    iteration   16: trace = 0.3964115367668349 (9.37986e-05% change)
    iteration   17: trace = 0.3964114570920388 (2.0099e-05% change)
    iteration   18: trace = 0.3964114445826344 (3.15566e-06% change)
    iteration   19: trace = 0.396411440901511 (9.28612e-07% change)
    iteration   20: trace = 0.3964114397737796 (2.84485e-07% change)
    iteration   21: trace = 0.3964114390043609 (1.94096e-07% change)
    iteration   22: trace = 0.3964114386883516 (7.97175e-08% change)
    iteration   23: trace = 0.3964114385624246 (3.17668e-08% change)
    iteration   24: trace = 0.3964114385316745 (7.7571e-09% change)
Finished solving for bands 1 to 6 after 24 iterations.
tefreqs:, 1, -0.09, 0.14, 0, 0.143178, 0.0645161, 0.149079, 0.171782, 0.301415, 0.323197, 0.381061
elapsed time for k point: 1.9702351093292236
total elapsed time for run: 2.0123770236968994
done
Initializing eigensolver data
Computing 6 bands with 1e-10 tolerance
Working in 2 dimensions.
Grid size is 288 x 96 x 1.
Solving for 6 bands at a time.
Creating Maxwell data...
Mesh size is 3.
Lattice vectors:
     (3, 0, 0)
     (0, 1, 0)
     (0, 0, 1)
Cell volume = 3
Reciprocal lattice vectors (/ 2 pi):
     (0.333333, -0, 0)
     (-0, 1, -0)
     (0, -0, 1)
Geometric objects:
     block, center = (0,0,0)
          size (1e+20,1e+20,1)
          axes (1,0,0), (0,1,0), (0,0,1)
     prism, center = (0.023125,0,0.5)
          height 1, axis (0,0,1), sidewall angle: 0 radians, 4 vertices:
          (-0.226875,-0.25,0)
          (-0.226875,0.25,0)
          (0.273125,0.25,0)
          (0.273125,-0.25,0)
     prism, center = (1.00812,0,0.5)
          height 1, axis (0,0,1), sidewall angle: 0 radians, 4 vertices:
          (0.758125,-0.25,0)
          (0.758125,0.25,0)
          (1.25812,0.25,0)
          (1.25812,-0.25,0)
     prism, center = (2.01562,0,0.5)
          height 1, axis (0,0,1), sidewall angle: 0 radians, 4 vertices:
          (1.76562,-0.25,0)
          (1.76562,0.25,0)
          (2.26562,0.25,0)
          (2.26562,-0.25,0)
Geometric object tree has depth 2 and 21 object nodes (vs. 4 actual objects)
Initializing epsilon function...
Allocating fields...
Solving for band polarization: te.
Initializing fields to random numbers...
1 k-points
  Vector3<-0.09, 0.14, 0.0>
elapsed time for initialization: 0.03042745590209961
solve_kpoint (-0.09,0.14,0):
tefreqs:, k index, k1, k2, k3, kmag/2pi, te band 1, te band 2, te band 3, te band 4, te band 5, te band 6
Solving for bands 1 to 6...
    near maximum in trace
    iteration    1: trace = 2.121530204991966 (199.71% change)
    iteration    2: trace = 0.5094214150490014 (122.549% change)
    iteration    3: trace = 0.4387031245785009 (14.9175% change)
    iteration    4: trace = 0.4146188486956164 (5.64483% change)
    iteration    5: trace = 0.4066463217822577 (1.94152% change)
    iteration    6: trace = 0.4018685825117104 (1.18186% change)
    iteration    7: trace = 0.3994069228479572 (0.614435% change)
    iteration    8: trace = 0.3975177745859163 (0.47411% change)
    iteration    9: trace = 0.3968283927611508 (0.173572% change)
    iteration   10: trace = 0.396592830157817 (0.059379% change)
    iteration   11: trace = 0.3965328538764138 (0.015124% change)
    iteration   12: trace = 0.3965147835151189 (0.00455719% change)
    iteration   13: trace = 0.3965052360644864 (0.00240787% change)
    iteration   14: trace = 0.3965009456756325 (0.00108206% change)
    iteration   15: trace = 0.396498833953936 (0.000532591% change)
    iteration   16: trace = 0.3964982520471964 (0.000146761% change)
    iteration   17: trace = 0.3964980623810821 (4.78353e-05% change)
    iteration   18: trace = 0.3964980217457029 (1.02486e-05% change)
    iteration   19: trace = 0.3964980067629869 (3.77876e-06% change)
    iteration   20: trace = 0.3964980012354298 (1.39409e-06% change)
    iteration   21: trace = 0.3964979981454963 (7.79306e-07% change)
    iteration   22: trace = 0.396497997304852 (2.12017e-07% change)
    iteration   23: trace = 0.3964979970705734 (5.9087e-08% change)
    iteration   24: trace = 0.396497997015623 (1.38589e-08% change)
    iteration   25: trace = 0.3964979970019054 (3.45971e-09% change)
Finished solving for bands 1 to 6 after 25 iterations.
tefreqs:, 1, -0.09, 0.14, 0, 0.143178, 0.0645329, 0.149084, 0.171788, 0.301431, 0.323192, 0.381159
elapsed time for k point: 1.923708200454712
total elapsed time for run: 1.9542102813720703
done
Initializing eigensolver data
Computing 6 bands with 1e-10 tolerance
Working in 2 dimensions.
Grid size is 288 x 96 x 1.
Solving for 6 bands at a time.
Creating Maxwell data...
Mesh size is 3.
Lattice vectors:
     (3, 0, 0)
     (0, 1, 0)
     (0, 0, 1)
Cell volume = 3
Reciprocal lattice vectors (/ 2 pi):
     (0.333333, -0, 0)
     (-0, 1, -0)
     (0, -0, 1)
Geometric objects:
     block, center = (0,0,0)
          size (1e+20,1e+20,1)
          axes (1,0,0), (0,1,0), (0,0,1)
     prism, center = (1.02313,0,0.5)
          height 1, axis (0,0,1), sidewall angle: 0 radians, 4 vertices:
          (0.773125,-0.25,0)
          (0.773125,0.25,0)
          (1.27313,0.25,0)
          (1.27313,-0.25,0)
     prism, center = (2.01562,0,0.5)
          height 1, axis (0,0,1), sidewall angle: 0 radians, 4 vertices:
          (1.76562,-0.25,0)
          (1.76562,0.25,0)
          (2.26562,0.25,0)
          (2.26562,-0.25,0)
     prism, center = (3.00813,0,0.5)
          height 1, axis (0,0,1), sidewall angle: 0 radians, 4 vertices:
          (2.75813,-0.25,0)
          (2.75813,0.25,0)
          (3.25813,0.25,0)
          (3.25813,-0.25,0)
Geometric object tree has depth 2 and 21 object nodes (vs. 4 actual objects)
Initializing epsilon function...
Allocating fields...
Solving for band polarization: te.
Initializing fields to random numbers...
1 k-points
  Vector3<-0.09, 0.14, 0.0>
elapsed time for initialization: 0.030036449432373047
solve_kpoint (-0.09,0.14,0):
tefreqs:, k index, k1, k2, k3, kmag/2pi, te band 1, te band 2, te band 3, te band 4, te band 5, te band 6
Solving for bands 1 to 6...
    near maximum in trace
    iteration    1: trace = 1.917192558316817 (199.737% change)
    iteration    2: trace = 0.4765986911862949 (120.361% change)
    iteration    3: trace = 0.4185141232212264 (12.9782% change)
    iteration    4: trace = 0.4024266251849531 (3.91928% change)
    iteration    5: trace = 0.398552433179685 (0.967364% change)
    iteration    6: trace = 0.3973941823477797 (0.291037% change)
    iteration    7: trace = 0.396926734546081 (0.117697% change)
    iteration    8: trace = 0.3966704083110806 (0.0645986% change)
    iteration    9: trace = 0.3965548328789387 (0.0291406% change)
    iteration   10: trace = 0.3965137647336821 (0.0103568% change)
    iteration   11: trace = 0.3965011099779879 (0.00319156% change)
    iteration   12: trace = 0.3964982742532592 (0.00071519% change)
    iteration   13: trace = 0.3964969084376501 (0.00034447% change)
    iteration   14: trace = 0.3964962682577342 (0.000161459% change)
    iteration   15: trace = 0.3964959324090662 (8.47042e-05% change)
    iteration   16: trace = 0.3964958443898252 (2.21993e-05% change)
    iteration   17: trace = 0.3964958131221067 (7.88601e-06% change)
    iteration   18: trace = 0.3964958059736713 (1.8029e-06% change)
    iteration   19: trace = 0.3964958030637802 (7.33902e-07% change)
    iteration   20: trace = 0.3964958020365357 (2.59081e-07% change)
    iteration   21: trace = 0.3964958014646207 (1.44242e-07% change)
    iteration   22: trace = 0.3964958013018034 (4.10641e-08% change)
    iteration   23: trace = 0.3964958012594602 (1.06794e-08% change)
    iteration   24: trace = 0.3964958012494783 (2.51753e-09% change)
Finished solving for bands 1 to 6 after 24 iterations.
tefreqs:, 1, -0.09, 0.14, 0, 0.143178, 0.0645328, 0.149084, 0.171787, 0.30142, 0.323208, 0.381152
elapsed time for k point: 2.1062817573547363
total elapsed time for run: 2.1363937854766846
done
Initializing eigensolver data
Computing 6 bands with 1e-10 tolerance
Working in 2 dimensions.
Grid size is 288 x 96 x 1.
Solving for 6 bands at a time.
Creating Maxwell data...
Mesh size is 3.
Lattice vectors:
     (3, 0, 0)
     (0, 1, 0)
     (0, 0, 1)
Cell volume = 3
Reciprocal lattice vectors (/ 2 pi):
     (0.333333, -0, 0)
     (-0, 1, -0)
     (0, -0, 1)
Geometric objects:
     block, center = (0,0,0)
          size (1e+20,1e+20,1)
          axes (1,0,0), (0,1,0), (0,0,1)
     prism, center = (0.0309375,0,0.5)
          height 1, axis (0,0,1), sidewall angle: 0 radians, 4 vertices:
          (-0.219062,-0.25,0)
          (-0.219062,0.25,0)
          (0.280938,0.25,0)
          (0.280938,-0.25,0)
     prism, center = (1.01594,0,0.5)
          height 1, axis (0,0,1), sidewall angle: 0 radians, 4 vertices:
          (0.765938,-0.25,0)
          (0.765938,0.25,0)
          (1.26594,0.25,0)
          (1.26594,-0.25,0)
     prism, center = (2.02344,0,0.5)
          height 1, axis (0,0,1), sidewall angle: 0 radians, 4 vertices:
          (1.77344,-0.25,0)
          (1.77344,0.25,0)
          (2.27344,0.25,0)
          (2.27344,-0.25,0)
Geometric object tree has depth 2 and 21 object nodes (vs. 4 actual objects)
Initializing epsilon function...
Allocating fields...
Solving for band polarization: te.
Initializing fields to random numbers...
1 k-points
  Vector3<-0.09, 0.14, 0.0>
elapsed time for initialization: 0.0576171875
solve_kpoint (-0.09,0.14,0):
tefreqs:, k index, k1, k2, k3, kmag/2pi, te band 1, te band 2, te band 3, te band 4, te band 5, te band 6
Solving for bands 1 to 6...
    near maximum in trace
    iteration    1: trace = 2.170871896863747 (199.703% change)
    iteration    2: trace = 0.5374874990990152 (120.618% change)
    iteration    3: trace = 0.4653756453043864 (14.3812% change)
    iteration    4: trace = 0.4416349620618406 (5.23493% change)
    iteration    5: trace = 0.4316199852076421 (2.29371% change)
    iteration    6: trace = 0.4236819120593731 (1.8562% change)
    iteration    7: trace = 0.4163841045159261 (1.73744% change)
    iteration    8: trace = 0.4053702487205957 (2.68057% change)
    iteration    9: trace = 0.4000391813045359 (1.32382% change)
    iteration   10: trace = 0.3975108444891113 (0.634026% change)
    iteration   11: trace = 0.396873549403407 (0.16045% change)
    iteration   12: trace = 0.3965932646275437 (0.0706481% change)
    iteration   13: trace = 0.3964887300878864 (0.0263616% change)
    iteration   14: trace = 0.3964405776888755 (0.0121454% change)
    iteration   15: trace = 0.3964190776876561 (0.00542341% change)
    iteration   16: trace = 0.3964127866495212 (0.00158698% change)
    iteration   17: trace = 0.3964108118268794 (0.000498175% change)
    iteration   18: trace = 0.3964103139583434 (0.000125594% change)
    iteration   19: trace = 0.3964100632390927 (6.32474e-05% change)
    iteration   20: trace = 0.3964099494251773 (2.87112e-05% change)
    iteration   21: trace = 0.396409891913735 (1.45081e-05% change)
    iteration   22: trace = 0.3964098763422962 (3.92812e-06% change)
    iteration   23: trace = 0.3964098717805286 (1.15077e-06% change)
    iteration   24: trace = 0.3964098704950575 (3.24278e-07% change)
    iteration   25: trace = 0.3964098699154683 (1.4621e-07% change)
    iteration   26: trace = 0.3964098696774023 (6.00555e-08% change)
    iteration   27: trace = 0.3964098696026026 (1.88693e-08% change)
    iteration   28: trace = 0.3964098695844257 (4.58538e-09% change)
Finished solving for bands 1 to 6 after 28 iterations.
tefreqs:, 1, -0.09, 0.14, 0, 0.143178, 0.064516, 0.149079, 0.171783, 0.30142, 0.323191, 0.38106
elapsed time for k point: 2.8158199787139893
total elapsed time for run: 2.873514175415039
done
Initializing eigensolver data
Computing 6 bands with 1e-10 tolerance
Working in 2 dimensions.
Grid size is 288 x 96 x 1.
Solving for 6 bands at a time.
Creating Maxwell data...
Mesh size is 3.
Lattice vectors:
     (3, 0, 0)
     (0, 1, 0)
     (0, 0, 1)
Cell volume = 3
Reciprocal lattice vectors (/ 2 pi):
     (0.333333, -0, 0)
     (-0, 1, -0)
     (0, -0, 1)
Geometric objects:
     block, center = (0,0,0)
          size (1e+20,1e+20,1)
          axes (1,0,0), (0,1,0), (0,0,1)
     prism, center = (1.03094,0,0.5)
          height 1, axis (0,0,1), sidewall angle: 0 radians, 4 vertices:
          (0.780937,-0.25,0)
          (0.780937,0.25,0)
          (1.28094,0.25,0)
          (1.28094,-0.25,0)
     prism, center = (2.02344,0,0.5)
          height 1, axis (0,0,1), sidewall angle: 0 radians, 4 vertices:
          (1.77344,-0.25,0)
          (1.77344,0.25,0)
          (2.27344,0.25,0)
          (2.27344,-0.25,0)
     prism, center = (3.01594,0,0.5)
          height 1, axis (0,0,1), sidewall angle: 0 radians, 4 vertices:
          (2.76594,-0.25,0)
          (2.76594,0.25,0)
          (3.26594,0.25,0)
          (3.26594,-0.25,0)
Geometric object tree has depth 2 and 21 object nodes (vs. 4 actual objects)
Initializing epsilon function...
Allocating fields...
Solving for band polarization: te.
Initializing fields to random numbers...
1 k-points
  Vector3<-0.09, 0.14, 0.0>
elapsed time for initialization: 0.033057451248168945
solve_kpoint (-0.09,0.14,0):
tefreqs:, k index, k1, k2, k3, kmag/2pi, te band 1, te band 2, te band 3, te band 4, te band 5, te band 6
Solving for bands 1 to 6...
    near maximum in trace
    iteration    1: trace = 2.063499095192693 (199.716% change)
    iteration    2: trace = 0.5479254955879627 (116.073% change)
    iteration    3: trace = 0.4690529886142538 (15.5111% change)
    iteration    4: trace = 0.4298938925525124 (8.71222% change)
    iteration    5: trace = 0.4152722150017656 (3.46007% change)
    iteration    6: trace = 0.4074687540932885 (1.89694% change)
    iteration    7: trace = 0.4031767596188089 (1.05891% change)
    iteration    8: trace = 0.3989966658730865 (1.04219% change)
    iteration    9: trace = 0.3973911621368217 (0.403196% change)
    iteration   10: trace = 0.3967260796884785 (0.167502% change)
    iteration   11: trace = 0.3965553812768399 (0.043036% change)
    iteration   12: trace = 0.3964757813775268 (0.0200748% change)
    iteration   13: trace = 0.3964369610248967 (0.00979183% change)
    iteration   14: trace = 0.396418582830358 (0.00463595% change)
    iteration   15: trace = 0.3964134205890391 (0.00130223% change)
    iteration   16: trace = 0.3964121101339033 (0.000330578% change)
    iteration   17: trace = 0.3964117007718185 (0.000103267% change)
    iteration   18: trace = 0.3964115577211196 (3.60864e-05% change)
    iteration   19: trace = 0.3964114819578699 (1.91123e-05% change)
    iteration   20: trace = 0.3964114527564633 (7.36644e-06% change)
    iteration   21: trace = 0.3964114413982434 (2.86526e-06% change)
    iteration   22: trace = 0.3964114392386865 (5.44777e-07% change)
    iteration   23: trace = 0.3964114387185839 (1.31203e-07% change)
    iteration   24: trace = 0.3964114385984149 (3.03142e-08% change)
    iteration   25: trace = 0.396411438552037 (1.16994e-08% change)
    iteration   26: trace = 0.3964114385317815 (5.10972e-09% change)
Finished solving for bands 1 to 6 after 26 iterations.
tefreqs:, 1, -0.09, 0.14, 0, 0.143178, 0.0645161, 0.149079, 0.171782, 0.301415, 0.323197, 0.381061
elapsed time for k point: 2.654303789138794
total elapsed time for run: 2.6874730587005615
done
Initializing eigensolver data
Computing 6 bands with 1e-10 tolerance
Working in 2 dimensions.
Grid size is 288 x 96 x 1.
Solving for 6 bands at a time.
Creating Maxwell data...
Mesh size is 3.
Lattice vectors:
     (3, 0, 0)
     (0, 1, 0)
     (0, 0, 1)
Cell volume = 3
Reciprocal lattice vectors (/ 2 pi):
     (0.333333, -0, 0)
     (-0, 1, -0)
     (0, -0, 1)
Geometric objects:
     block, center = (0,0,0)
          size (1e+20,1e+20,1)
          axes (1,0,0), (0,1,0), (0,0,1)
     prism, center = (0.015,0,0.5)
          height 1, axis (0,0,1), sidewall angle: 0 radians, 4 vertices:
          (-0.235,-0.25,0)
          (-0.235,0.25,0)
          (0.265,0.25,0)
          (0.265,-0.25,0)
     prism, center = (0.985,0,0.5)
          height 1, axis (0,0,1), sidewall angle: 0 radians, 4 vertices:
          (0.735,-0.25,0)
          (0.735,0.25,0)
          (1.235,0.25,0)
          (1.235,-0.25,0)
     prism, center = (2,0,0.5)
          height 1, axis (0,0,1), sidewall angle: 0 radians, 4 vertices:
          (1.75,-0.25,0)
          (1.75,0.25,0)
          (2.25,0.25,0)
          (2.25,-0.25,0)
Geometric object tree has depth 2 and 21 object nodes (vs. 4 actual objects)
Initializing epsilon function...
Allocating fields...
Solving for band polarization: te.
Initializing fields to random numbers...
1 k-points
  Vector3<-0.09, 0.14, 0.0>
elapsed time for initialization: 0.046742916107177734
solve_kpoint (-0.09,0.14,0):
tefreqs:, k index, k1, k2, k3, kmag/2pi, te band 1, te band 2, te band 3, te band 4, te band 5, te band 6
Solving for bands 1 to 6...
    near maximum in trace
    iteration    1: trace = 2.254954272556375 (199.69% change)
    iteration    2: trace = 0.5482521229875393 (121.768% change)
    iteration    3: trace = 0.452532209102024 (19.129% change)
    iteration    4: trace = 0.4203507685105311 (7.3736% change)
    iteration    5: trace = 0.4110874951656188 (2.22825% change)
    iteration    6: trace = 0.4061512277104884 (1.20804% change)
    iteration    7: trace = 0.4027298082203823 (0.845964% change)
    iteration    8: trace = 0.3985465230502403 (1.04416% change)
    iteration    9: trace = 0.3971770517819856 (0.344208% change)
    iteration   10: trace = 0.3966920805531089 (0.122179% change)
    iteration   11: trace = 0.3965982790924011 (0.0236487% change)
    iteration   12: trace = 0.3965690787465762 (0.00736297% change)
    iteration   13: trace = 0.3965578806202622 (0.00282379% change)
    iteration   14: trace = 0.3965521928564663 (0.00143429% change)
    iteration   15: trace = 0.3965498804150654 (0.000583138% change)
    iteration   16: trace = 0.3965492050533627 (0.00017031% change)
    iteration   17: trace = 0.3965490139489177 (4.81919e-05% change)
    iteration   18: trace = 0.3965489642139386 (1.2542e-05% change)
    iteration   19: trace = 0.3965489407418512 (5.91909e-06% change)
    iteration   20: trace = 0.3965489310756451 (2.43758e-06% change)
    iteration   21: trace = 0.3965489267170519 (1.09913e-06% change)
    iteration   22: trace = 0.3965489255829738 (2.85987e-07% change)
    iteration   23: trace = 0.3965489252039286 (9.5586e-08% change)
    iteration   24: trace = 0.3965489250937296 (2.77895e-08% change)
    iteration   25: trace = 0.3965489250311016 (1.57933e-08% change)
    iteration   26: trace = 0.3965489250031285 (7.05413e-09% change)
Finished solving for bands 1 to 6 after 26 iterations.
tefreqs:, 1, -0.09, 0.14, 0, 0.143178, 0.0645469, 0.14908, 0.171848, 0.301161, 0.32336, 0.381269
elapsed time for k point: 3.0221734046936035
total elapsed time for run: 3.0690293312072754
done
Initializing eigensolver data
Computing 6 bands with 1e-10 tolerance
Working in 2 dimensions.
Grid size is 288 x 96 x 1.
Solving for 6 bands at a time.
Creating Maxwell data...
Mesh size is 3.
Lattice vectors:
     (3, 0, 0)
     (0, 1, 0)
     (0, 0, 1)
Cell volume = 3
Reciprocal lattice vectors (/ 2 pi):
     (0.333333, -0, 0)
     (-0, 1, -0)
     (0, -0, 1)
Geometric objects:
     block, center = (0,0,0)
          size (1e+20,1e+20,1)
          axes (1,0,0), (0,1,0), (0,0,1)
     prism, center = (1.015,0,0.5)
          height 1, axis (0,0,1), sidewall angle: 0 radians, 4 vertices:
          (0.765,-0.25,0)
          (0.765,0.25,0)
          (1.265,0.25,0)
          (1.265,-0.25,0)
     prism, center = (2,0,0.5)
          height 1, axis (0,0,1), sidewall angle: 0 radians, 4 vertices:
          (1.75,-0.25,0)
          (1.75,0.25,0)
          (2.25,0.25,0)
          (2.25,-0.25,0)
     prism, center = (2.985,0,0.5)
          height 1, axis (0,0,1), sidewall angle: 0 radians, 4 vertices:
          (2.735,-0.25,0)
          (2.735,0.25,0)
          (3.235,0.25,0)
          (3.235,-0.25,0)
Geometric object tree has depth 2 and 21 object nodes (vs. 4 actual objects)
Initializing epsilon function...
Allocating fields...
Solving for band polarization: te.
Initializing fields to random numbers...
1 k-points
  Vector3<-0.09, 0.14, 0.0>
elapsed time for initialization: 0.03791213035583496
solve_kpoint (-0.09,0.14,0):
tefreqs:, k index, k1, k2, k3, kmag/2pi, te band 1, te band 2, te band 3, te band 4, te band 5, te band 6
Solving for bands 1 to 6...
    near maximum in trace
    iteration    1: trace = 2.501189241569926 (199.657% change)
    iteration    2: trace = 0.6906625583785463 (113.447% change)
    iteration    3: trace = 0.4520226450284121 (41.7683% change)
    iteration    4: trace = 0.4210662815709827 (7.09123% change)
    iteration    5: trace = 0.4050325390524512 (3.8818% change)
    iteration    6: trace = 0.401060549252598 (0.985492% change)
    iteration    7: trace = 0.3984195961108534 (0.660668% change)
    iteration    8: trace = 0.3974235104156445 (0.250322% change)
    iteration    9: trace = 0.396755948172978 (0.168114% change)
    iteration   10: trace = 0.3966129690759467 (0.0360435% change)
    iteration   11: trace = 0.3965600754912484 (0.0133372% change)
    iteration   12: trace = 0.3965508630779827 (0.00232311% change)
    iteration   13: trace = 0.3965461225936391 (0.00119544% change)
    iteration   14: trace = 0.3965442490699275 (0.000472462% change)
    iteration   15: trace = 0.3965429738665661 (0.00032158% change)
    iteration   16: trace = 0.3965425364617527 (0.000110305% change)
    iteration   17: trace = 0.3965423700305346 (4.19706e-05% change)
    iteration   18: trace = 0.3965423399472217 (7.58641e-06% change)
    iteration   19: trace = 0.3965423328158033 (1.7984e-06% change)
    iteration   20: trace = 0.3965423308967989 (4.83934e-07% change)
    iteration   21: trace = 0.3965423300287724 (2.18899e-07% change)
    iteration   22: trace = 0.3965423295879288 (1.11172e-07% change)
    iteration   23: trace = 0.3965423294498827 (3.48125e-08% change)
    iteration   24: trace = 0.396542329407017 (1.08099e-08% change)
    iteration   25: trace = 0.3965423293991503 (1.98383e-09% change)
Finished solving for bands 1 to 6 after 25 iterations.
tefreqs:, 1, -0.09, 0.14, 0, 0.143178, 0.0645468, 0.149082, 0.171843, 0.301094, 0.323458, 0.381232
elapsed time for k point: 2.113609790802002
total elapsed time for run: 2.1516096591949463
done
Initializing eigensolver data
Computing 6 bands with 1e-10 tolerance
Working in 2 dimensions.
Grid size is 288 x 96 x 1.
Solving for 6 bands at a time.
Creating Maxwell data...
Mesh size is 3.
Lattice vectors:
     (3, 0, 0)
     (0, 1, 0)
     (0, 0, 1)
Cell volume = 3
Reciprocal lattice vectors (/ 2 pi):
     (0.333333, -0, 0)
     (-0, 1, -0)
     (0, -0, 1)
Geometric objects:
     block, center = (0,0,0)
          size (1e+20,1e+20,1)
          axes (1,0,0), (0,1,0), (0,0,1)
     prism, center = (0.0228125,0,0.5)
          height 1, axis (0,0,1), sidewall angle: 0 radians, 4 vertices:
          (-0.227187,-0.25,0)
          (-0.227187,0.25,0)
          (0.272813,0.25,0)
          (0.272813,-0.25,0)
     prism, center = (0.992813,0,0.5)
          height 1, axis (0,0,1), sidewall angle: 0 radians, 4 vertices:
          (0.742812,-0.25,0)
          (0.742812,0.25,0)
          (1.24281,0.25,0)
          (1.24281,-0.25,0)
     prism, center = (2.00781,0,0.5)
          height 1, axis (0,0,1), sidewall angle: 0 radians, 4 vertices:
          (1.75781,-0.25,0)
          (1.75781,0.25,0)
          (2.25781,0.25,0)
          (2.25781,-0.25,0)
Geometric object tree has depth 2 and 21 object nodes (vs. 4 actual objects)
Initializing epsilon function...
Allocating fields...
Solving for band polarization: te.
Initializing fields to random numbers...
1 k-points
  Vector3<-0.09, 0.14, 0.0>
elapsed time for initialization: 0.044443607330322266
solve_kpoint (-0.09,0.14,0):
tefreqs:, k index, k1, k2, k3, kmag/2pi, te band 1, te band 2, te band 3, te band 4, te band 5, te band 6
Solving for bands 1 to 6...
    near maximum in trace
    iteration    1: trace = 2.287535539118351 (199.685% change)
    iteration    2: trace = 0.6830986981687905 (108.02% change)
    iteration    3: trace = 0.4880661463523082 (33.3057% change)
    iteration    4: trace = 0.4440768511224167 (9.43831% change)
    iteration    5: trace = 0.421239373918441 (5.27841% change)
    iteration    6: trace = 0.4123766118370052 (2.12634% change)
    iteration    7: trace = 0.4051836907413389 (1.75961% change)
    iteration    8: trace = 0.4008264920008137 (1.08118% change)
    iteration    9: trace = 0.3979380460908382 (0.723228% change)
    iteration   10: trace = 0.39699935023224 (0.236168% change)
    iteration   11: trace = 0.3965940035797544 (0.102155% change)
    iteration   12: trace = 0.3964495147590394 (0.0364391% change)
    iteration   13: trace = 0.3963585544954633 (0.0229464% change)
    iteration   14: trace = 0.3963293770013526 (0.00736166% change)
    iteration   15: trace = 0.3963192003216413 (0.00256777% change)
    iteration   16: trace = 0.396316993691925 (0.000556782% change)
    iteration   17: trace = 0.3963162747359874 (0.000181409% change)
    iteration   18: trace = 0.3963160428775921 (5.85034e-05% change)
    iteration   19: trace = 0.3963159300167681 (2.84775e-05% change)
    iteration   20: trace = 0.3963158837144103 (1.16832e-05% change)
    iteration   21: trace = 0.3963158676153156 (4.06219e-06% change)
    iteration   22: trace = 0.3963158633542991 (1.07516e-06% change)
    iteration   23: trace = 0.3963158623145638 (2.6235e-07% change)
    iteration   24: trace = 0.3963158619516365 (9.15753e-08% change)
    iteration   25: trace = 0.3963158618167336 (3.40392e-08% change)
    iteration   26: trace = 0.3963158617487593 (1.71516e-08% change)
    iteration   27: trace = 0.3963158617276377 (5.32949e-09% change)
Finished solving for bands 1 to 6 after 27 iterations.
tefreqs:, 1, -0.09, 0.14, 0, 0.143178, 0.064512, 0.149062, 0.171834, 0.301113, 0.323324, 0.381051
elapsed time for k point: 3.276308059692383
total elapsed time for run: 3.3208420276641846
done
Initializing eigensolver data
Computing 6 bands with 1e-10 tolerance
Working in 2 dimensions.
Grid size is 288 x 96 x 1.
Solving for 6 bands at a time.
Creating Maxwell data...
Mesh size is 3.
Lattice vectors:
     (3, 0, 0)
     (0, 1, 0)
     (0, 0, 1)
Cell volume = 3
Reciprocal lattice vectors (/ 2 pi):
     (0.333333, -0, 0)
     (-0, 1, -0)
     (0, -0, 1)
Geometric objects:
     block, center = (0,0,0)
          size (1e+20,1e+20,1)
          axes (1,0,0), (0,1,0), (0,0,1)
     prism, center = (1.02281,0,0.5)
          height 1, axis (0,0,1), sidewall angle: 0 radians, 4 vertices:
          (0.772813,-0.25,0)
          (0.772813,0.25,0)
          (1.27281,0.25,0)
          (1.27281,-0.25,0)
     prism, center = (2.00781,0,0.5)
          height 1, axis (0,0,1), sidewall angle: 0 radians, 4 vertices:
          (1.75781,-0.25,0)
          (1.75781,0.25,0)
          (2.25781,0.25,0)
          (2.25781,-0.25,0)
     prism, center = (2.99281,0,0.5)
          height 1, axis (0,0,1), sidewall angle: 0 radians, 4 vertices:
          (2.74281,-0.25,0)
          (2.74281,0.25,0)
          (3.24281,0.25,0)
          (3.24281,-0.25,0)
Geometric object tree has depth 2 and 21 object nodes (vs. 4 actual objects)
Initializing epsilon function...
Allocating fields...
Solving for band polarization: te.
Initializing fields to random numbers...
1 k-points
  Vector3<-0.09, 0.14, 0.0>
elapsed time for initialization: 0.06577491760253906
solve_kpoint (-0.09,0.14,0):
tefreqs:, k index, k1, k2, k3, kmag/2pi, te band 1, te band 2, te band 3, te band 4, te band 5, te band 6
Solving for bands 1 to 6...
    near maximum in trace
    iteration    1: trace = 1.731314767643668 (199.762% change)
    iteration    2: trace = 0.494285210488551 (111.164% change)
    iteration    3: trace = 0.429554845316911 (14.0133% change)
    iteration    4: trace = 0.4044228792752141 (6.02701% change)
    iteration    5: trace = 0.3989471720205147 (1.36318% change)
    iteration    6: trace = 0.3971167327088106 (0.459872% change)
    iteration    7: trace = 0.3967420741067096 (0.0943892% change)
    iteration    8: trace = 0.3964772418850102 (0.066774% change)
    iteration    9: trace = 0.3963780038223906 (0.0250331% change)
    iteration   10: trace = 0.3963344605159907 (0.0109859% change)
    iteration   11: trace = 0.396325154401154 (0.00234807% change)
    iteration   12: trace = 0.3963211564288839 (0.00100877% change)
    iteration   13: trace = 0.3963197023581896 (0.000366893% change)
    iteration   14: trace = 0.3963187229962228 (0.000247114% change)
    iteration   15: trace = 0.3963184391535447 (7.16198e-05% change)
    iteration   16: trace = 0.3963183481461919 (2.29632e-05% change)
    iteration   17: trace = 0.3963183270121135 (5.3326e-06% change)
    iteration   18: trace = 0.3963183194495823 (1.9082e-06% change)
    iteration   19: trace = 0.3963183166427218 (7.08234e-07% change)
    iteration   20: trace = 0.3963183151799022 (3.69102e-07% change)
    iteration   21: trace = 0.3963183146901112 (1.23585e-07% change)
    iteration   22: trace = 0.3963183145821941 (2.72299e-08% change)
    iteration   23: trace = 0.3963183145599367 (5.61605e-09% change)
Finished solving for bands 1 to 6 after 23 iterations.
tefreqs:, 1, -0.09, 0.14, 0, 0.143178, 0.0645121, 0.149065, 0.171828, 0.301055, 0.323408, 0.38103
elapsed time for k point: 3.6802926063537598
total elapsed time for run: 3.7461459636688232
done
Initializing eigensolver data
Computing 6 bands with 1e-10 tolerance
Working in 2 dimensions.
Grid size is 288 x 96 x 1.
Solving for 6 bands at a time.
Creating Maxwell data...
Mesh size is 3.
Lattice vectors:
     (3, 0, 0)
     (0, 1, 0)
     (0, 0, 1)
Cell volume = 3
Reciprocal lattice vectors (/ 2 pi):
     (0.333333, -0, 0)
     (-0, 1, -0)
     (0, -0, 1)
Geometric objects:
     block, center = (0,0,0)
          size (1e+20,1e+20,1)
          axes (1,0,0), (0,1,0), (0,0,1)
     prism, center = (0.030625,0,0.5)
          height 1, axis (0,0,1), sidewall angle: 0 radians, 4 vertices:
          (-0.219375,-0.25,0)
          (-0.219375,0.25,0)
          (0.280625,0.25,0)
          (0.280625,-0.25,0)
     prism, center = (1.00063,0,0.5)
          height 1, axis (0,0,1), sidewall angle: 0 radians, 4 vertices:
          (0.750625,-0.25,0)
          (0.750625,0.25,0)
          (1.25063,0.25,0)
          (1.25063,-0.25,0)
     prism, center = (2.01562,0,0.5)
          height 1, axis (0,0,1), sidewall angle: 0 radians, 4 vertices:
          (1.76562,-0.25,0)
          (1.76562,0.25,0)
          (2.26562,0.25,0)
          (2.26562,-0.25,0)
Geometric object tree has depth 2 and 21 object nodes (vs. 4 actual objects)
Initializing epsilon function...
Allocating fields...
Solving for band polarization: te.
Initializing fields to random numbers...
1 k-points
  Vector3<-0.09, 0.14, 0.0>
elapsed time for initialization: 0.06457233428955078
solve_kpoint (-0.09,0.14,0):
tefreqs:, k index, k1, k2, k3, kmag/2pi, te band 1, te band 2, te band 3, te band 4, te band 5, te band 6
Solving for bands 1 to 6...
    near maximum in trace
    iteration    1: trace = 1.886226442118742 (199.742% change)
    iteration    2: trace = 0.5018697343349228 (115.938% change)
    iteration    3: trace = 0.4367037204651467 (13.8862% change)
    iteration    4: trace = 0.4138189596002224 (5.38134% change)
    iteration    5: trace = 0.4058966241412084 (1.93295% change)
    iteration    6: trace = 0.4013456557962141 (1.12753% change)
    iteration    7: trace = 0.3989317374939089 (0.60327% change)
    iteration    8: trace = 0.3973790415084513 (0.389972% change)
    iteration    9: trace = 0.3968166621692644 (0.141622% change)
    iteration   10: trace = 0.3966154659264972 (0.0507154% change)
    iteration   11: trace = 0.396544788681943 (0.0178217% change)
    iteration   12: trace = 0.3965137612212648 (0.00782476% change)
    iteration   13: trace = 0.3964965395976989 (0.00434335% change)
    iteration   14: trace = 0.3964904275216923 (0.00154153% change)
    iteration   15: trace = 0.3964883770340855 (0.000517161% change)
    iteration   16: trace = 0.3964879948385627 (9.63952e-05% change)
    iteration   17: trace = 0.3964878641232771 (3.29683e-05% change)
    iteration   18: trace = 0.3964878192728415 (1.13119e-05% change)
    iteration   19: trace = 0.396487794016616 (6.36999e-06% change)
    iteration   20: trace = 0.3964877847844335 (2.32849e-06% change)
    iteration   21: trace = 0.3964877809645517 (9.6343e-07% change)
    iteration   22: trace = 0.3964877800818891 (2.2262e-07% change)
    iteration   23: trace = 0.3964877798738332 (5.24747e-08% change)
    iteration   24: trace = 0.3964877798233813 (1.27247e-08% change)
    iteration   25: trace = 0.3964877798085164 (3.74916e-09% change)
Finished solving for bands 1 to 6 after 25 iterations.
tefreqs:, 1, -0.09, 0.14, 0, 0.143178, 0.0645362, 0.149076, 0.171843, 0.301149, 0.323354, 0.38121
elapsed time for k point: 2.3072221279144287
total elapsed time for run: 2.3718810081481934
done
Initializing eigensolver data
Computing 6 bands with 1e-10 tolerance
Working in 2 dimensions.
Grid size is 288 x 96 x 1.
Solving for 6 bands at a time.
Creating Maxwell data...
Mesh size is 3.
Lattice vectors:
     (3, 0, 0)
     (0, 1, 0)
     (0, 0, 1)
Cell volume = 3
Reciprocal lattice vectors (/ 2 pi):
     (0.333333, -0, 0)
     (-0, 1, -0)
     (0, -0, 1)
Geometric objects:
     block, center = (0,0,0)
          size (1e+20,1e+20,1)
          axes (1,0,0), (0,1,0), (0,0,1)
     prism, center = (1.03062,0,0.5)
          height 1, axis (0,0,1), sidewall angle: 0 radians, 4 vertices:
          (0.780625,-0.25,0)
          (0.780625,0.25,0)
          (1.28062,0.25,0)
          (1.28062,-0.25,0)
     prism, center = (2.01562,0,0.5)
          height 1, axis (0,0,1), sidewall angle: 0 radians, 4 vertices:
          (1.76562,-0.25,0)
          (1.76562,0.25,0)
          (2.26562,0.25,0)
          (2.26562,-0.25,0)
     prism, center = (3.00062,0,0.5)
          height 1, axis (0,0,1), sidewall angle: 0 radians, 4 vertices:
          (2.75062,-0.25,0)
          (2.75062,0.25,0)
          (3.25062,0.25,0)
          (3.25062,-0.25,0)
Geometric object tree has depth 2 and 21 object nodes (vs. 4 actual objects)
Initializing epsilon function...
Allocating fields...
Solving for band polarization: te.
Initializing fields to random numbers...
1 k-points
  Vector3<-0.09, 0.14, 0.0>
elapsed time for initialization: 0.03334951400756836
solve_kpoint (-0.09,0.14,0):
tefreqs:, k index, k1, k2, k3, kmag/2pi, te band 1, te band 2, te band 3, te band 4, te band 5, te band 6
Solving for bands 1 to 6...
    near maximum in trace
    iteration    1: trace = 2.057420115733064 (199.716% change)
    iteration    2: trace = 0.5570323401660543 (114.776% change)
    iteration    3: trace = 0.4382261849558736 (23.8744% change)
    iteration    4: trace = 0.4159468714289726 (5.21658% change)
    iteration    5: trace = 0.4054981466341322 (2.54399% change)
    iteration    6: trace = 0.4015556405464438 (0.977012% change)
    iteration    7: trace = 0.3986416483384591 (0.728318% change)
    iteration    8: trace = 0.3973592978433559 (0.322198% change)
    iteration    9: trace = 0.3967140781091949 (0.162509% change)
    iteration   10: trace = 0.3965573928678813 (0.0395036% change)
    iteration   11: trace = 0.3965120686710058 (0.0114301% change)
    iteration   12: trace = 0.3964949158671051 (0.00432602% change)
    iteration   13: trace = 0.3964855277089345 (0.00236782% change)
    iteration   14: trace = 0.3964813634825946 (0.00105029% change)
    iteration   15: trace = 0.3964797187884073 (0.000414823% change)
    iteration   16: trace = 0.3964791108251352 (0.00015334% change)
    iteration   17: trace = 0.3964789335544076 (4.47113e-05% change)
    iteration   18: trace = 0.396478861214946 (1.82455e-05% change)
    iteration   19: trace = 0.3964788297526515 (7.93543e-06% change)
    iteration   20: trace = 0.396478814901621 (3.74573e-06% change)
    iteration   21: trace = 0.3964788108539716 (1.0209e-06% change)
    iteration   22: trace = 0.3964788097254068 (2.84647e-07% change)
    iteration   23: trace = 0.3964788095021066 (5.63209e-08% change)
    iteration   24: trace = 0.3964788094409001 (1.54375e-08% change)
    iteration   25: trace = 0.3964788094279664 (3.26213e-09% change)
Finished solving for bands 1 to 6 after 25 iterations.
tefreqs:, 1, -0.09, 0.14, 0, 0.143178, 0.0645362, 0.149078, 0.171838, 0.301082, 0.323453, 0.381168
elapsed time for k point: 2.193530321121216
total elapsed time for run: 2.226956844329834
done
Initializing eigensolver data
Computing 6 bands with 1e-10 tolerance
Working in 2 dimensions.
Grid size is 288 x 96 x 1.
Solving for 6 bands at a time.
Creating Maxwell data...
Mesh size is 3.
Lattice vectors:
     (3, 0, 0)
     (0, 1, 0)
     (0, 0, 1)
Cell volume = 3
Reciprocal lattice vectors (/ 2 pi):
     (0.333333, -0, 0)
     (-0, 1, -0)
     (0, -0, 1)
Geometric objects:
     block, center = (0,0,0)
          size (1e+20,1e+20,1)
          axes (1,0,0), (0,1,0), (0,0,1)
     prism, center = (0.0384375,0,0.5)
          height 1, axis (0,0,1), sidewall angle: 0 radians, 4 vertices:
          (-0.211562,-0.25,0)
          (-0.211562,0.25,0)
          (0.288438,0.25,0)
          (0.288438,-0.25,0)
     prism, center = (1.00844,0,0.5)
          height 1, axis (0,0,1), sidewall angle: 0 radians, 4 vertices:
          (0.758437,-0.25,0)
          (0.758437,0.25,0)
          (1.25844,0.25,0)
          (1.25844,-0.25,0)
     prism, center = (2.02344,0,0.5)
          height 1, axis (0,0,1), sidewall angle: 0 radians, 4 vertices:
          (1.77344,-0.25,0)
          (1.77344,0.25,0)
          (2.27344,0.25,0)
          (2.27344,-0.25,0)
Geometric object tree has depth 2 and 21 object nodes (vs. 4 actual objects)
Initializing epsilon function...
Allocating fields...
Solving for band polarization: te.
Initializing fields to random numbers...
1 k-points
  Vector3<-0.09, 0.14, 0.0>
elapsed time for initialization: 0.03264594078063965
solve_kpoint (-0.09,0.14,0):
tefreqs:, k index, k1, k2, k3, kmag/2pi, te band 1, te band 2, te band 3, te band 4, te band 5, te band 6
Solving for bands 1 to 6...
    near maximum in trace
    iteration    1: trace = 2.213290489450067 (199.696% change)
    iteration    2: trace = 0.5163855546163243 (124.33% change)
    iteration    3: trace = 0.44389910001271 (15.0969% change)
    iteration    4: trace = 0.4228893387846063 (4.84773% change)
    iteration    5: trace = 0.4160419069856696 (1.63242% change)
    iteration    6: trace = 0.4105119551579468 (1.33807% change)
    iteration    7: trace = 0.4052033204638027 (1.30159% change)
    iteration    8: trace = 0.3995020424640172 (1.41699% change)
    iteration    9: trace = 0.3977225263419875 (0.446428% change)
    iteration   10: trace = 0.3968702608220207 (0.214516% change)
    iteration   11: trace = 0.3965752917319707 (0.0743514% change)
    iteration   12: trace = 0.3963924441843824 (0.0461173% change)
    iteration   13: trace = 0.3963369835978069 (0.0139923% change)
    iteration   14: trace = 0.3963207808800157 (0.0040882% change)
    iteration   15: trace = 0.3963174967640655 (0.000828654% change)
    iteration   16: trace = 0.3963165190758583 (0.000246693% change)
    iteration   17: trace = 0.3963161540387159 (9.21075e-05% change)
    iteration   18: trace = 0.3963159740712223 (4.54101e-05% change)
    iteration   19: trace = 0.3963158960500875 (1.96866e-05% change)
    iteration   20: trace = 0.3963158710878151 (6.29858e-06% change)
    iteration   21: trace = 0.3963158641918677 (1.74001e-06% change)
    iteration   22: trace = 0.3963158626162073 (3.97577e-07% change)
    iteration   23: trace = 0.3963158621025666 (1.29604e-07% change)
    iteration   24: trace = 0.3963158619081561 (4.90544e-08% change)
    iteration   25: trace = 0.3963158617869395 (3.05859e-08% change)
    iteration   26: trace = 0.3963158617372259 (1.25439e-08% change)
    iteration   27: trace = 0.3963158617209491 (4.10703e-09% change)
Finished solving for bands 1 to 6 after 27 iterations.
tefreqs:, 1, -0.09, 0.14, 0, 0.143178, 0.064512, 0.149062, 0.171834, 0.301113, 0.323324, 0.381051
elapsed time for k point: 2.558976411819458
total elapsed time for run: 2.591695547103882
done
Initializing eigensolver data
Computing 6 bands with 1e-10 tolerance
Working in 2 dimensions.
Grid size is 288 x 96 x 1.
Solving for 6 bands at a time.
Creating Maxwell data...
Mesh size is 3.
Lattice vectors:
     (3, 0, 0)
     (0, 1, 0)
     (0, 0, 1)
Cell volume = 3
Reciprocal lattice vectors (/ 2 pi):
     (0.333333, -0, 0)
     (-0, 1, -0)
     (0, -0, 1)
Geometric objects:
     block, center = (0,0,0)
          size (1e+20,1e+20,1)
          axes (1,0,0), (0,1,0), (0,0,1)
     prism, center = (1.03844,0,0.5)
          height 1, axis (0,0,1), sidewall angle: 0 radians, 4 vertices:
          (0.788438,-0.25,0)
          (0.788438,0.25,0)
          (1.28844,0.25,0)
          (1.28844,-0.25,0)
     prism, center = (2.02344,0,0.5)
          height 1, axis (0,0,1), sidewall angle: 0 radians, 4 vertices:
          (1.77344,-0.25,0)
          (1.77344,0.25,0)
          (2.27344,0.25,0)
          (2.27344,-0.25,0)
     prism, center = (3.00844,0,0.5)
          height 1, axis (0,0,1), sidewall angle: 0 radians, 4 vertices:
          (2.75844,-0.25,0)
          (2.75844,0.25,0)
          (3.25844,0.25,0)
          (3.25844,-0.25,0)
Geometric object tree has depth 2 and 21 object nodes (vs. 4 actual objects)
Initializing epsilon function...
Allocating fields...
Solving for band polarization: te.
Initializing fields to random numbers...
1 k-points
  Vector3<-0.09, 0.14, 0.0>
elapsed time for initialization: 0.032840728759765625
solve_kpoint (-0.09,0.14,0):
tefreqs:, k index, k1, k2, k3, kmag/2pi, te band 1, te band 2, te band 3, te band 4, te band 5, te band 6
Solving for bands 1 to 6...
    near maximum in trace
    iteration    1: trace = 2.104707178994938 (199.71% change)
    iteration    2: trace = 0.5765345204859011 (113.99% change)
    iteration    3: trace = 0.4365188686712486 (27.6423% change)
    iteration    4: trace = 0.4201500271445617 (3.82151% change)
    iteration    5: trace = 0.4101763433602378 (2.40235% change)
    iteration    6: trace = 0.4053634934841694 (1.18029% change)
    iteration    7: trace = 0.4005199891442798 (1.20204% change)
    iteration    8: trace = 0.3981231730619363 (0.600222% change)
    iteration    9: trace = 0.3969000587371633 (0.307693% change)
    iteration   10: trace = 0.3965806758829645 (0.0805017% change)
    iteration   11: trace = 0.3964225633822809 (0.0398769% change)
    iteration   12: trace = 0.3963615828031726 (0.0153839% change)
    iteration   13: trace = 0.3963304225679423 (0.00786188% change)
    iteration   14: trace = 0.3963221798967457 (0.00207977% change)
    iteration   15: trace = 0.396319372851099 (0.000708276% change)
    iteration   16: trace = 0.3963187602239006 (0.000154579% change)
    iteration   17: trace = 0.3963184859811449 (6.91975e-05% change)
    iteration   18: trace = 0.3963183812807119 (2.64183e-05% change)
    iteration   19: trace = 0.3963183314092749 (1.25837e-05% change)
    iteration   20: trace = 0.3963183193436503 (3.04443e-06% change)
    iteration   21: trace = 0.3963183158289739 (8.86832e-07% change)
    iteration   22: trace = 0.3963183150322727 (2.01026e-07% change)
    iteration   23: trace = 0.3963183147647733 (6.74961e-08% change)
    iteration   24: trace = 0.3963183146591544 (2.665e-08% change)
    iteration   25: trace = 0.3963183145976673 (1.55146e-08% change)
    iteration   26: trace = 0.3963183145679141 (7.50739e-09% change)
Finished solving for bands 1 to 6 after 26 iterations.
tefreqs:, 1, -0.09, 0.14, 0, 0.143178, 0.0645121, 0.149065, 0.171828, 0.301055, 0.323408, 0.38103
elapsed time for k point: 2.1581177711486816
total elapsed time for run: 2.191028594970703
done
Initializing eigensolver data
Computing 6 bands with 1e-10 tolerance
Working in 2 dimensions.
Grid size is 288 x 96 x 1.
Solving for 6 bands at a time.
Creating Maxwell data...
Mesh size is 3.
Lattice vectors:
     (3, 0, 0)
     (0, 1, 0)
     (0, 0, 1)
Cell volume = 3
Reciprocal lattice vectors (/ 2 pi):
     (0.333333, -0, 0)
     (-0, 1, -0)
     (0, -0, 1)
Geometric objects:
     block, center = (0,0,0)
          size (1e+20,1e+20,1)
          axes (1,0,0), (0,1,0), (0,0,1)
     prism, center = (0.0033541,-1.38778e-17,0.5)
          height 1, axis (0,0,1), sidewall angle: 0 radians, 4 vertices:
          (0.253354,0.25,0)
          (-0.246646,0.25,0)
          (-0.246646,-0.25,0)
          (0.253354,-0.25,0)
     prism, center = (1.00413,-1.38778e-17,0.5)
          height 1, axis (0,0,1), sidewall angle: 0 radians, 4 vertices:
          (1.25413,0.25,0)
          (0.754132,0.25,0)
          (0.754132,-0.25,0)
          (1.25413,-0.25,0)
     prism, center = (1.99251,-1.38778e-17,0.5)
          height 1, axis (0,0,1), sidewall angle: 0 radians, 4 vertices:
          (2.24251,0.25,0)
          (1.74251,0.25,0)
          (1.74251,-0.25,0)
          (2.24251,-0.25,0)
Geometric object tree has depth 2 and 21 object nodes (vs. 4 actual objects)
Initializing epsilon function...
Allocating fields...
Solving for band polarization: te.
Initializing fields to random numbers...
1 k-points
  Vector3<-0.09, 0.14, 0.0>
elapsed time for initialization: 0.06476950645446777
solve_kpoint (-0.09,0.14,0):
tefreqs:, k index, k1, k2, k3, kmag/2pi, te band 1, te band 2, te band 3, te band 4, te band 5, te band 6
Solving for bands 1 to 6...
    near maximum in trace
    iteration    1: trace = 2.011672862127771 (199.722% change)
    iteration    2: trace = 0.6249126417019528 (105.194% change)
    iteration    3: trace = 0.4386259759844761 (35.0315% change)
    iteration    4: trace = 0.4187951258983229 (4.6257% change)
    iteration    5: trace = 0.4057486481364705 (3.16453% change)
    iteration    6: trace = 0.4013200788038186 (1.09745% change)
    iteration    7: trace = 0.3977563583034625 (0.89196% change)
    iteration    8: trace = 0.3962656192446394 (0.375491% change)
    iteration    9: trace = 0.3955665498808216 (0.17657% change)
    iteration   10: trace = 0.395437768287288 (0.0325615% change)
    iteration   11: trace = 0.3953884080419762 (0.0124832% change)
    iteration   12: trace = 0.3953738989280593 (0.00366965% change)
    iteration   13: trace = 0.3953652248451193 (0.00219392% change)
    iteration   14: trace = 0.3953621779249302 (0.000770663% change)
    iteration   15: trace = 0.3953609559507163 (0.000309078% change)
    iteration   16: trace = 0.3953606492228092 (7.75818e-05% change)
    iteration   17: trace = 0.3953605285897187 (3.05122e-05% change)
    iteration   18: trace = 0.3953604863263949 (1.06898e-05% change)
    iteration   19: trace = 0.3953604663670185 (5.0484e-06% change)
    iteration   20: trace = 0.3953604582672767 (2.0487e-06% change)
    iteration   21: trace = 0.395360455582851 (6.78982e-07% change)
    iteration   22: trace = 0.3953604550219927 (1.4186e-07% change)
    iteration   23: trace = 0.3953604549281542 (2.37349e-08% change)
    iteration   24: trace = 0.3953604549038654 (6.14347e-09% change)
Finished solving for bands 1 to 6 after 24 iterations.
tefreqs:, 1, -0.09, 0.14, 0, 0.143178, 0.0645029, 0.148915, 0.171605, 0.300796, 0.322545, 0.38087
elapsed time for k point: 1.7547228336334229
total elapsed time for run: 1.8195674419403076
done
Initializing eigensolver data
Computing 6 bands with 1e-10 tolerance
Working in 2 dimensions.
Grid size is 288 x 96 x 1.
Solving for 6 bands at a time.
Creating Maxwell data...
Mesh size is 3.
Lattice vectors:
     (3, 0, 0)
     (0, 1, 0)
     (0, 0, 1)
Cell volume = 3
Reciprocal lattice vectors (/ 2 pi):
     (0.333333, -0, 0)
     (-0, 1, -0)
     (0, -0, 1)
Geometric objects:
     block, center = (0,0,0)
          size (1e+20,1e+20,1)
          axes (1,0,0), (0,1,0), (0,0,1)
     prism, center = (-0.0033541,-1.38778e-17,0.5)
          height 1, axis (0,0,1), sidewall angle: 0 radians, 4 vertices:
          (0.246646,0.25,0)
          (-0.253354,0.25,0)
          (-0.253354,-0.25,0)
          (0.246646,-0.25,0)
     prism, center = (0.995868,-1.38778e-17,0.5)
          height 1, axis (0,0,1), sidewall angle: 0 radians, 4 vertices:
          (1.24587,0.25,0)
          (0.745868,0.25,0)
          (0.745868,-0.25,0)
          (1.24587,-0.25,0)
     prism, center = (2.00749,-1.38778e-17,0.5)
          height 1, axis (0,0,1), sidewall angle: 0 radians, 4 vertices:
          (2.25749,0.25,0)
          (1.75749,0.25,0)
          (1.75749,-0.25,0)
          (2.25749,-0.25,0)
Geometric object tree has depth 2 and 21 object nodes (vs. 4 actual objects)
Initializing epsilon function...
Allocating fields...
Solving for band polarization: te.
Initializing fields to random numbers...
1 k-points
  Vector3<-0.09, 0.14, 0.0>
elapsed time for initialization: 0.03497457504272461
solve_kpoint (-0.09,0.14,0):
tefreqs:, k index, k1, k2, k3, kmag/2pi, te band 1, te band 2, te band 3, te band 4, te band 5, te band 6
Solving for bands 1 to 6...
    near maximum in trace
    iteration    1: trace = 2.450352568253686 (199.662% change)
    iteration    2: trace = 0.6537621101865631 (115.755% change)
    iteration    3: trace = 0.450600770623687 (36.7925% change)
    iteration    4: trace = 0.4166994175474151 (7.81767% change)
    iteration    5: trace = 0.4036253687682517 (3.18753% change)
    iteration    6: trace = 0.3997969639100864 (0.953024% change)
    iteration    7: trace = 0.3974682691995283 (0.584171% change)
    iteration    8: trace = 0.396322888711442 (0.288585% change)
    iteration    9: trace = 0.3956173257434162 (0.178186% change)
    iteration   10: trace = 0.3954397345507949 (0.0448997% change)
    iteration   11: trace = 0.395384556453195 (0.0139546% change)
    iteration   12: trace = 0.3953722460786811 (0.00311357% change)
    iteration   13: trace = 0.3953654804035279 (0.00171123% change)
    iteration   14: trace = 0.3953624136998211 (0.000775666% change)
    iteration   15: trace = 0.3953611260852603 (0.00032568% change)
    iteration   16: trace = 0.3953608125960882 (7.92919e-05% change)
    iteration   17: trace = 0.3953607158619615 (2.44673e-05% change)
    iteration   18: trace = 0.3953606890845103 (6.77292e-06% change)
    iteration   19: trace = 0.3953606784624557 (2.68667e-06% change)
    iteration   20: trace = 0.3953606738394253 (1.16932e-06% change)
    iteration   21: trace = 0.3953606719636019 (4.74459e-07% change)
    iteration   22: trace = 0.3953606714523845 (1.29304e-07% change)
    iteration   23: trace = 0.3953606713510749 (2.56246e-08% change)
    iteration   24: trace = 0.3953606713248012 (6.64552e-09% change)
Finished solving for bands 1 to 6 after 24 iterations.
tefreqs:, 1, -0.09, 0.14, 0, 0.143178, 0.0645029, 0.148915, 0.171605, 0.300796, 0.322546, 0.38087
elapsed time for k point: 1.7967402935028076
total elapsed time for run: 1.831789493560791
done
Initializing eigensolver data
Computing 6 bands with 1e-10 tolerance
Working in 2 dimensions.
Grid size is 288 x 96 x 1.
Solving for 6 bands at a time.
Creating Maxwell data...
Mesh size is 3.
Lattice vectors:
     (3, 0, 0)
     (0, 1, 0)
     (0, 0, 1)
Cell volume = 3
Reciprocal lattice vectors (/ 2 pi):
     (0.333333, -0, 0)
     (-0, 1, -0)
     (0, -0, 1)
Geometric objects:
     block, center = (0,0,0)
          size (1e+20,1e+20,1)
          axes (1,0,0), (0,1,0), (0,0,1)
     prism, center = (0.0111666,-1.38778e-17,0.5)
          height 1, axis (0,0,1), sidewall angle: 0 radians, 4 vertices:
          (0.261167,0.25,0)
          (-0.238833,0.25,0)
          (-0.238833,-0.25,0)
          (0.261167,-0.25,0)
     prism, center = (1.01194,-1.38778e-17,0.5)
          height 1, axis (0,0,1), sidewall angle: 0 radians, 4 vertices:
          (1.26194,0.25,0)
          (0.761945,0.25,0)
          (0.761945,-0.25,0)
          (1.26194,-0.25,0)
     prism, center = (2.00033,-1.38778e-17,0.5)
          height 1, axis (0,0,1), sidewall angle: 0 radians, 4 vertices:
          (2.25033,0.25,0)
          (1.75033,0.25,0)
          (1.75033,-0.25,0)
          (2.25033,-0.25,0)
Geometric object tree has depth 2 and 21 object nodes (vs. 4 actual objects)
Initializing epsilon function...
Allocating fields...
Solving for band polarization: te.
Initializing fields to random numbers...
1 k-points
  Vector3<-0.09, 0.14, 0.0>
elapsed time for initialization: 0.0405583381652832
solve_kpoint (-0.09,0.14,0):
tefreqs:, k index, k1, k2, k3, kmag/2pi, te band 1, te band 2, te band 3, te band 4, te band 5, te band 6
Solving for bands 1 to 6...
    near maximum in trace
    iteration    1: trace = 2.133912928942963 (199.705% change)
    iteration    2: trace = 0.627389762995058 (109.117% change)
    iteration    3: trace = 0.4284681599370056 (37.6796% change)
    iteration    4: trace = 0.4101426112752859 (4.37045% change)
    iteration    5: trace = 0.4018491918926959 (2.04273% change)
    iteration    6: trace = 0.3991156432981956 (0.682564% change)
    iteration    7: trace = 0.3966038786108782 (0.631319% change)
    iteration    8: trace = 0.3957369928995671 (0.218816% change)
    iteration    9: trace = 0.3953661686348424 (0.0937486% change)
    iteration   10: trace = 0.3952955752136101 (0.0178568% change)
    iteration   11: trace = 0.3952686325910566 (0.00681605% change)
    iteration   12: trace = 0.3952612534379712 (0.00186689% change)
    iteration   13: trace = 0.3952565994506196 (0.00117745% change)
    iteration   14: trace = 0.3952546132342351 (0.000502514% change)
    iteration   15: trace = 0.3952538792602599 (0.000185697% change)
    iteration   16: trace = 0.3952537298352665 (3.78048e-05% change)
    iteration   17: trace = 0.3952536881634739 (1.0543e-05% change)
    iteration   18: trace = 0.3952536776596985 (2.65748e-06% change)
    iteration   19: trace = 0.3952536738908509 (9.53526e-07% change)
    iteration   20: trace = 0.3952536723389071 (3.92645e-07% change)
    iteration   21: trace = 0.395253671697519 (1.62273e-07% change)
    iteration   22: trace = 0.3952536715204562 (4.47973e-08% change)
    iteration   23: trace = 0.3952536714807534 (1.00449e-08% change)
    iteration   24: trace = 0.3952536714706907 (2.54586e-09% change)
Finished solving for bands 1 to 6 after 24 iterations.
tefreqs:, 1, -0.09, 0.14, 0, 0.143178, 0.0644864, 0.148907, 0.171597, 0.300777, 0.322521, 0.380775
elapsed time for k point: 1.7592177391052246
total elapsed time for run: 1.7998523712158203
done
Initializing eigensolver data
Computing 6 bands with 1e-10 tolerance
Working in 2 dimensions.
Grid size is 288 x 96 x 1.
Solving for 6 bands at a time.
Creating Maxwell data...
Mesh size is 3.
Lattice vectors:
     (3, 0, 0)
     (0, 1, 0)
     (0, 0, 1)
Cell volume = 3
Reciprocal lattice vectors (/ 2 pi):
     (0.333333, -0, 0)
     (-0, 1, -0)
     (0, -0, 1)
Geometric objects:
     block, center = (0,0,0)
          size (1e+20,1e+20,1)
          axes (1,0,0), (0,1,0), (0,0,1)
     prism, center = (0.0044584,-1.38778e-17,0.5)
          height 1, axis (0,0,1), sidewall angle: 0 radians, 4 vertices:
          (0.254458,0.25,0)
          (-0.245542,0.25,0)
          (-0.245542,-0.25,0)
          (0.254458,-0.25,0)
     prism, center = (1.00368,-1.38778e-17,0.5)
          height 1, axis (0,0,1), sidewall angle: 0 radians, 4 vertices:
          (1.25368,0.25,0)
          (0.75368,0.25,0)
          (0.75368,-0.25,0)
          (1.25368,-0.25,0)
     prism, center = (2.0153,-1.38778e-17,0.5)
          height 1, axis (0,0,1), sidewall angle: 0 radians, 4 vertices:
          (2.2653,0.25,0)
          (1.7653,0.25,0)
          (1.7653,-0.25,0)
          (2.2653,-0.25,0)
Geometric object tree has depth 2 and 21 object nodes (vs. 4 actual objects)
Initializing epsilon function...
Allocating fields...
Solving for band polarization: te.
Initializing fields to random numbers...
1 k-points
  Vector3<-0.09, 0.14, 0.0>
elapsed time for initialization: 0.0332951545715332
solve_kpoint (-0.09,0.14,0):
tefreqs:, k index, k1, k2, k3, kmag/2pi, te band 1, te band 2, te band 3, te band 4, te band 5, te band 6
Solving for bands 1 to 6...
    near maximum in trace
    iteration    1: trace = 2.203704757395938 (199.697% change)
    iteration    2: trace = 0.6160678292719615 (112.607% change)
    iteration    3: trace = 0.4414017283350675 (33.0347% change)
    iteration    4: trace = 0.4155177784052305 (6.04116% change)
    iteration    5: trace = 0.4029235269702016 (3.07762% change)
    iteration    6: trace = 0.3998554574682513 (0.764362% change)
    iteration    7: trace = 0.3976243967256268 (0.559528% change)
    iteration    8: trace = 0.3964633560649518 (0.292421% change)
    iteration    9: trace = 0.3956423997605514 (0.207285% change)
    iteration   10: trace = 0.3954621217913522 (0.0455763% change)
    iteration   11: trace = 0.3954005230689925 (0.0155776% change)
    iteration   12: trace = 0.3953905143159228 (0.00253133% change)
    iteration   13: trace = 0.3953864811402776 (0.00102005% change)
    iteration   14: trace = 0.3953851848177229 (0.000327863% change)
    iteration   15: trace = 0.3953844022654927 (0.000197922% change)
    iteration   16: trace = 0.3953841657437278 (5.98207e-05% change)
    iteration   17: trace = 0.3953840857220591 (2.0239e-05% change)
    iteration   18: trace = 0.3953840682123962 (4.42852e-06% change)
    iteration   19: trace = 0.3953840622188264 (1.51589e-06% change)
    iteration   20: trace = 0.3953840593005679 (7.38082e-07% change)
    iteration   21: trace = 0.3953840577491854 (3.92374e-07% change)
    iteration   22: trace = 0.3953840572224209 (1.33229e-07% change)
    iteration   23: trace = 0.3953840571042735 (2.98817e-08% change)
    iteration   24: trace = 0.3953840570706377 (8.50713e-09% change)
Finished solving for bands 1 to 6 after 24 iterations.
tefreqs:, 1, -0.09, 0.14, 0, 0.143178, 0.0645045, 0.148921, 0.171611, 0.30081, 0.322562, 0.380871
elapsed time for k point: 1.8729419708251953
total elapsed time for run: 1.906320333480835
done
Initializing eigensolver data
Computing 6 bands with 1e-10 tolerance
Working in 2 dimensions.
Grid size is 288 x 96 x 1.
Solving for 6 bands at a time.
Creating Maxwell data...
Mesh size is 3.
Lattice vectors:
     (3, 0, 0)
     (0, 1, 0)
     (0, 0, 1)
Cell volume = 3
Reciprocal lattice vectors (/ 2 pi):
     (0.333333, -0, 0)
     (-0, 1, -0)
     (0, -0, 1)
Geometric objects:
     block, center = (0,0,0)
          size (1e+20,1e+20,1)
          axes (1,0,0), (0,1,0), (0,0,1)
     prism, center = (0.0189791,-1.38778e-17,0.5)
          height 1, axis (0,0,1), sidewall angle: 0 radians, 4 vertices:
          (0.268979,0.25,0)
          (-0.231021,0.25,0)
          (-0.231021,-0.25,0)
          (0.268979,-0.25,0)
     prism, center = (1.01976,-1.38778e-17,0.5)
          height 1, axis (0,0,1), sidewall angle: 0 radians, 4 vertices:
          (1.26976,0.25,0)
          (0.769757,0.25,0)
          (0.769757,-0.25,0)
          (1.26976,-0.25,0)
     prism, center = (2.00814,-1.38778e-17,0.5)
          height 1, axis (0,0,1), sidewall angle: 0 radians, 4 vertices:
          (2.25814,0.25,0)
          (1.75814,0.25,0)
          (1.75814,-0.25,0)
          (2.25814,-0.25,0)
Geometric object tree has depth 2 and 21 object nodes (vs. 4 actual objects)
Initializing epsilon function...
Allocating fields...
Solving for band polarization: te.
Initializing fields to random numbers...
1 k-points
  Vector3<-0.09, 0.14, 0.0>
elapsed time for initialization: 0.0326230525970459
solve_kpoint (-0.09,0.14,0):
tefreqs:, k index, k1, k2, k3, kmag/2pi, te band 1, te band 2, te band 3, te band 4, te band 5, te band 6
Solving for bands 1 to 6...
    near maximum in trace
    iteration    1: trace = 2.314972073612876 (199.68% change)
    iteration    2: trace = 0.5572146627625147 (122.399% change)
    iteration    3: trace = 0.4579725654617559 (19.5515% change)
    iteration    4: trace = 0.4241295310948427 (7.67327% change)
    iteration    5: trace = 0.4126450066351303 (2.74495% change)
    iteration    6: trace = 0.4055011710173122 (1.74635% change)
    iteration    7: trace = 0.4014733982913756 (0.99824% change)
    iteration    8: trace = 0.3974960921858089 (0.995609% change)
    iteration    9: trace = 0.3960884711829893 (0.35475% change)
    iteration   10: trace = 0.395556123571067 (0.134492% change)
    iteration   11: trace = 0.3954434622562093 (0.0284858% change)
    iteration   12: trace = 0.395388033538975 (0.0140178% change)
    iteration   13: trace = 0.395366689362014 (0.00539843% change)
    iteration   14: trace = 0.3953557507225741 (0.00276675% change)
    iteration   15: trace = 0.3953526338187175 (0.000788383% change)
    iteration   16: trace = 0.3953516673676633 (0.000244453% change)
    iteration   17: trace = 0.3953514341072661 (5.90008e-05% change)
    iteration   18: trace = 0.3953513548846582 (2.00385e-05% change)
    iteration   19: trace = 0.3953513193914259 (8.97764e-06% change)
    iteration   20: trace = 0.3953513041263261 (3.86115e-06% change)
    iteration   21: trace = 0.3953512993298881 (1.21321e-06% change)
    iteration   22: trace = 0.3953512981837154 (2.89912e-07% change)
    iteration   23: trace = 0.3953512978921404 (7.37509e-08% change)
    iteration   24: trace = 0.3953512978345631 (1.45636e-08% change)
    iteration   25: trace = 0.3953512978161611 (4.6546e-09% change)
Finished solving for bands 1 to 6 after 25 iterations.
tefreqs:, 1, -0.09, 0.14, 0, 0.143178, 0.0645019, 0.148913, 0.171603, 0.30079, 0.32254, 0.380869
elapsed time for k point: 2.410900115966797
total elapsed time for run: 2.44360089302063
done
Initializing eigensolver data
Computing 6 bands with 1e-10 tolerance
Working in 2 dimensions.
Grid size is 288 x 96 x 1.
Solving for 6 bands at a time.
Creating Maxwell data...
Mesh size is 3.
Lattice vectors:
     (3, 0, 0)
     (0, 1, 0)
     (0, 0, 1)
Cell volume = 3
Reciprocal lattice vectors (/ 2 pi):
     (0.333333, -0, 0)
     (-0, 1, -0)
     (0, -0, 1)
Geometric objects:
     block, center = (0,0,0)
          size (1e+20,1e+20,1)
          axes (1,0,0), (0,1,0), (0,0,1)
     prism, center = (0.0122709,-1.38778e-17,0.5)
          height 1, axis (0,0,1), sidewall angle: 0 radians, 4 vertices:
          (0.262271,0.25,0)
          (-0.237729,0.25,0)
          (-0.237729,-0.25,0)
          (0.262271,-0.25,0)
     prism, center = (1.01149,-1.38778e-17,0.5)
          height 1, axis (0,0,1), sidewall angle: 0 radians, 4 vertices:
          (1.26149,0.25,0)
          (0.761493,0.25,0)
          (0.761493,-0.25,0)
          (1.26149,-0.25,0)
     prism, center = (2.02311,-1.38778e-17,0.5)
          height 1, axis (0,0,1), sidewall angle: 0 radians, 4 vertices:
          (2.27311,0.25,0)
          (1.77311,0.25,0)
          (1.77311,-0.25,0)
          (2.27311,-0.25,0)
Geometric object tree has depth 2 and 21 object nodes (vs. 4 actual objects)
Initializing epsilon function...
Allocating fields...
Solving for band polarization: te.
Initializing fields to random numbers...
1 k-points
  Vector3<-0.09, 0.14, 0.0>
elapsed time for initialization: 0.03271603584289551
solve_kpoint (-0.09,0.14,0):
tefreqs:, k index, k1, k2, k3, kmag/2pi, te band 1, te band 2, te band 3, te band 4, te band 5, te band 6
Solving for bands 1 to 6...
    near maximum in trace
    iteration    1: trace = 2.266435548663414 (199.686% change)
    iteration    2: trace = 0.5476417383861399 (122.157% change)
    iteration    3: trace = 0.4653783479124518 (16.2412% change)
    iteration    4: trace = 0.4300904023065296 (7.88145% change)
    iteration    5: trace = 0.4169832993366261 (3.09468% change)
    iteration    6: trace = 0.4072110291999339 (2.37135% change)
    iteration    7: trace = 0.4018197366430809 (1.33278% change)
    iteration    8: trace = 0.3974087427989254 (1.10381% change)
    iteration    9: trace = 0.3960646825853744 (0.338779% change)
    iteration   10: trace = 0.3955216511319594 (0.137201% change)
    iteration   11: trace = 0.3954191758177448 (0.0259123% change)
    iteration   12: trace = 0.3953774748293071 (0.0105466% change)
    iteration   13: trace = 0.3953638375774036 (0.00344923% change)
    iteration   14: trace = 0.3953551617286556 (0.00219442% change)
    iteration   15: trace = 0.3953525914724655 (0.000650115% change)
    iteration   16: trace = 0.3953517453709496 (0.000214012% change)
    iteration   17: trace = 0.3953515600740643 (4.68689e-05% change)
    iteration   18: trace = 0.3953514787519082 (2.05696e-05% change)
    iteration   19: trace = 0.3953514431848109 (8.99632e-06% change)
    iteration   20: trace = 0.3953514229245708 (5.12462e-06% change)
    iteration   21: trace = 0.3953514166906608 (1.5768e-06% change)
    iteration   22: trace = 0.3953514148985597 (4.53293e-07% change)
    iteration   23: trace = 0.3953514145681991 (8.35612e-08% change)
    iteration   24: trace = 0.3953514145044821 (1.61166e-08% change)
    iteration   25: trace = 0.3953514144885933 (4.01889e-09% change)
Finished solving for bands 1 to 6 after 25 iterations.
tefreqs:, 1, -0.09, 0.14, 0, 0.143178, 0.0645019, 0.148914, 0.171603, 0.30079, 0.322541, 0.380869
elapsed time for k point: 2.3190951347351074
total elapsed time for run: 2.3518893718719482
done
Initializing eigensolver data
Computing 6 bands with 1e-10 tolerance
Working in 2 dimensions.
Grid size is 288 x 96 x 1.
Solving for 6 bands at a time.
Creating Maxwell data...
Mesh size is 3.
Lattice vectors:
     (3, 0, 0)
     (0, 1, 0)
     (0, 0, 1)
Cell volume = 3
Reciprocal lattice vectors (/ 2 pi):
     (0.333333, -0, 0)
     (-0, 1, -0)
     (0, -0, 1)
Geometric objects:
     block, center = (0,0,0)
          size (1e+20,1e+20,1)
          axes (1,0,0), (0,1,0), (0,0,1)
     prism, center = (0.0267916,-1.38778e-17,0.5)
          height 1, axis (0,0,1), sidewall angle: 0 radians, 4 vertices:
          (0.276792,0.25,0)
          (-0.223208,0.25,0)
          (-0.223208,-0.25,0)
          (0.276792,-0.25,0)
     prism, center = (1.02757,-1.38778e-17,0.5)
          height 1, axis (0,0,1), sidewall angle: 0 radians, 4 vertices:
          (1.27757,0.25,0)
          (0.77757,0.25,0)
          (0.77757,-0.25,0)
          (1.27757,-0.25,0)
     prism, center = (2.01595,-1.38778e-17,0.5)
          height 1, axis (0,0,1), sidewall angle: 0 radians, 4 vertices:
          (2.26595,0.25,0)
          (1.76595,0.25,0)
          (1.76595,-0.25,0)
          (2.26595,-0.25,0)
Geometric object tree has depth 2 and 21 object nodes (vs. 4 actual objects)
Initializing epsilon function...
Allocating fields...
Solving for band polarization: te.
Initializing fields to random numbers...
1 k-points
  Vector3<-0.09, 0.14, 0.0>
elapsed time for initialization: 0.03393840789794922
solve_kpoint (-0.09,0.14,0):
tefreqs:, k index, k1, k2, k3, kmag/2pi, te band 1, te band 2, te band 3, te band 4, te band 5, te band 6
Solving for bands 1 to 6...
    near maximum in trace
    iteration    1: trace = 2.216277163755751 (199.696% change)
    iteration    2: trace = 0.5212199214332748 (123.84% change)
    iteration    3: trace = 0.4398746357019736 (16.9276% change)
    iteration    4: trace = 0.4115575759549224 (6.65163% change)
    iteration    5: trace = 0.4033398682865967 (2.01687% change)
    iteration    6: trace = 0.3988784501016135 (1.11227% change)
    iteration    7: trace = 0.3971503123421756 (0.43419% change)
    iteration    8: trace = 0.3959454861272085 (0.303829% change)
    iteration    9: trace = 0.3955912327129983 (0.0895103% change)
    iteration   10: trace = 0.3954552869565303 (0.0343711% change)
    iteration   11: trace = 0.3954161568564277 (0.00989544% change)
    iteration   12: trace = 0.3953925211636679 (0.0059776% change)
    iteration   13: trace = 0.3953817532596294 (0.00272338% change)
    iteration   14: trace = 0.3953776354316602 (0.00104149% change)
    iteration   15: trace = 0.3953767696147222 (0.000218985% change)
    iteration   16: trace = 0.3953765926791565 (4.47511e-05% change)
    iteration   17: trace = 0.3953765471541159 (1.15143e-05% change)
    iteration   18: trace = 0.3953765343600587 (3.23592e-06% change)
    iteration   19: trace = 0.3953765287887225 (1.40912e-06% change)
    iteration   20: trace = 0.3953765265925199 (5.55471e-07% change)
    iteration   21: trace = 0.3953765256599573 (2.35867e-07% change)
    iteration   22: trace = 0.3953765254556111 (5.1684e-08% change)
    iteration   23: trace = 0.39537652539216 (1.60483e-08% change)
    iteration   24: trace = 0.3953765253731717 (4.80258e-09% change)
Finished solving for bands 1 to 6 after 24 iterations.
tefreqs:, 1, -0.09, 0.14, 0, 0.143178, 0.064504, 0.148921, 0.171609, 0.300809, 0.322553, 0.38087
elapsed time for k point: 2.252936363220215
total elapsed time for run: 2.2869536876678467
done
Initializing eigensolver data
Computing 6 bands with 1e-10 tolerance
Working in 2 dimensions.
Grid size is 288 x 96 x 1.
Solving for 6 bands at a time.
Creating Maxwell data...
Mesh size is 3.
Lattice vectors:
     (3, 0, 0)
     (0, 1, 0)
     (0, 0, 1)
Cell volume = 3
Reciprocal lattice vectors (/ 2 pi):
     (0.333333, -0, 0)
     (-0, 1, -0)
     (0, -0, 1)
Geometric objects:
     block, center = (0,0,0)
          size (1e+20,1e+20,1)
          axes (1,0,0), (0,1,0), (0,0,1)
     prism, center = (0.0200834,-1.38778e-17,0.5)
          height 1, axis (0,0,1), sidewall angle: 0 radians, 4 vertices:
          (0.270083,0.25,0)
          (-0.229917,0.25,0)
          (-0.229917,-0.25,0)
          (0.270083,-0.25,0)
     prism, center = (1.01931,-1.38778e-17,0.5)
          height 1, axis (0,0,1), sidewall angle: 0 radians, 4 vertices:
          (1.26931,0.25,0)
          (0.769305,0.25,0)
          (0.769305,-0.25,0)
          (1.26931,-0.25,0)
     prism, center = (2.03092,-1.38778e-17,0.5)
          height 1, axis (0,0,1), sidewall angle: 0 radians, 4 vertices:
          (2.28092,0.25,0)
          (1.78092,0.25,0)
          (1.78092,-0.25,0)
          (2.28092,-0.25,0)
Geometric object tree has depth 2 and 21 object nodes (vs. 4 actual objects)
Initializing epsilon function...
Allocating fields...
Solving for band polarization: te.
Initializing fields to random numbers...
1 k-points
  Vector3<-0.09, 0.14, 0.0>
elapsed time for initialization: 0.03260350227355957
solve_kpoint (-0.09,0.14,0):
tefreqs:, k index, k1, k2, k3, kmag/2pi, te band 1, te band 2, te band 3, te band 4, te band 5, te band 6
Solving for bands 1 to 6...
    near maximum in trace
    iteration    1: trace = 2.164752759541938 (199.702% change)
    iteration    2: trace = 0.6552842801628936 (107.053% change)
    iteration    3: trace = 0.4576833200348921 (35.5088% change)
    iteration    4: trace = 0.4305579672478704 (6.10765% change)
    iteration    5: trace = 0.4143387657440976 (3.83933% change)
    iteration    6: trace = 0.4076965376241662 (1.61604% change)
    iteration    7: trace = 0.4017918082224915 (1.45888% change)
    iteration    8: trace = 0.3981181132852117 (0.918527% change)
    iteration    9: trace = 0.3960690175924422 (0.516023% change)
    iteration   10: trace = 0.3955168810907853 (0.139501% change)
    iteration   11: trace = 0.3953378312447062 (0.0452801% change)
    iteration   12: trace = 0.3952907354886204 (0.0119135% change)
    iteration   13: trace = 0.3952680524677247 (0.00573848% change)
    iteration   14: trace = 0.3952582814211367 (0.00247204% change)
    iteration   15: trace = 0.3952532527657185 (0.00127225% change)
    iteration   16: trace = 0.3952520242623287 (0.000310815% change)
    iteration   17: trace = 0.395251652523612 (9.40511e-05% change)
    iteration   18: trace = 0.3952515596176848 (2.35055e-05% change)
    iteration   19: trace = 0.3952515180682881 (1.05121e-05% change)
    iteration   20: trace = 0.3952514999431401 (4.58573e-06% change)
    iteration   21: trace = 0.3952514927393175 (1.82259e-06% change)
    iteration   22: trace = 0.3952514911891872 (3.92188e-07% change)
    iteration   23: trace = 0.395251490848322 (8.62401e-08% change)
    iteration   24: trace = 0.3952514907694871 (1.99455e-08% change)
    iteration   25: trace = 0.3952514907477481 (5.50003e-09% change)
Finished solving for bands 1 to 6 after 25 iterations.
tefreqs:, 1, -0.09, 0.14, 0, 0.143178, 0.0644863, 0.148906, 0.171598, 0.300773, 0.322527, 0.380771
elapsed time for k point: 2.255150079727173
total elapsed time for run: 2.2878403663635254
done
Initializing eigensolver data
Computing 6 bands with 1e-10 tolerance
Working in 2 dimensions.
Grid size is 288 x 96 x 1.
Solving for 6 bands at a time.
Creating Maxwell data...
Mesh size is 3.
Lattice vectors:
     (3, 0, 0)
     (0, 1, 0)
     (0, 0, 1)
Cell volume = 3
Reciprocal lattice vectors (/ 2 pi):
     (0.333333, -0, 0)
     (-0, 1, -0)
     (0, -0, 1)
Geometric objects:
     block, center = (0,0,0)
          size (1e+20,1e+20,1)
          axes (1,0,0), (0,1,0), (0,0,1)
     prism, center = (0.0067082,-1.38778e-17,0.5)
          height 1, axis (0,0,1), sidewall angle: 0 radians, 4 vertices:
          (0.256708,0.25,0)
          (-0.243292,0.25,0)
          (-0.243292,-0.25,0)
          (0.256708,-0.25,0)
     prism, center = (1.00826,-1.38778e-17,0.5)
          height 1, axis (0,0,1), sidewall angle: 0 radians, 4 vertices:
          (1.25826,0.25,0)
          (0.758265,0.25,0)
          (0.758265,-0.25,0)
          (1.25826,-0.25,0)
     prism, center = (1.98503,-1.38778e-17,0.5)
          height 1, axis (0,0,1), sidewall angle: 0 radians, 4 vertices:
          (2.23503,0.25,0)
          (1.73503,0.25,0)
          (1.73503,-0.25,0)
          (2.23503,-0.25,0)
Geometric object tree has depth 2 and 21 object nodes (vs. 4 actual objects)
Initializing epsilon function...
Allocating fields...
Solving for band polarization: te.
Initializing fields to random numbers...
1 k-points
  Vector3<-0.09, 0.14, 0.0>
elapsed time for initialization: 0.035178184509277344
solve_kpoint (-0.09,0.14,0):
tefreqs:, k index, k1, k2, k3, kmag/2pi, te band 1, te band 2, te band 3, te band 4, te band 5, te band 6
Solving for bands 1 to 6...
    near maximum in trace
    iteration    1: trace = 2.247385397321537 (199.691% change)
    iteration    2: trace = 0.555558131241398 (120.718% change)
    iteration    3: trace = 0.4726872580650402 (16.1189% change)
    iteration    4: trace = 0.4222971058696184 (11.2606% change)
    iteration    5: trace = 0.4040607504117131 (4.41367% change)
    iteration    6: trace = 0.3980233798188325 (1.50542% change)
    iteration    7: trace = 0.3966388234514842 (0.348464% change)
    iteration    8: trace = 0.3958033659822626 (0.210856% change)
    iteration    9: trace = 0.3955094171077149 (0.074294% change)
    iteration   10: trace = 0.3953881868159151 (0.0306564% change)
    iteration   11: trace = 0.3953594386458495 (0.00727114% change)
    iteration   12: trace = 0.3953503230154983 (0.00230568% change)
    iteration   13: trace = 0.3953469237915448 (0.000859804% change)
    iteration   14: trace = 0.3953446375812856 (0.000578281% change)
    iteration   15: trace = 0.3953436465911284 (0.000250665% change)
    iteration   16: trace = 0.3953433268903057 (8.08666e-05% change)
    iteration   17: trace = 0.395343251835653 (1.89847e-05% change)
    iteration   18: trace = 0.3953432339391967 (4.52681e-06% change)
    iteration   19: trace = 0.39534322768323 (1.58241e-06% change)
    iteration   20: trace = 0.3953432250868661 (6.56737e-07% change)
    iteration   21: trace = 0.3953432237394217 (3.40829e-07% change)
    iteration   22: trace = 0.3953432233276846 (1.04147e-07% change)
    iteration   23: trace = 0.3953432232067472 (3.05905e-08% change)
    iteration   24: trace = 0.3953432231813154 (6.43283e-09% change)
Finished solving for bands 1 to 6 after 24 iterations.
tefreqs:, 1, -0.09, 0.14, 0, 0.143178, 0.0645054, 0.148909, 0.171645, 0.300568, 0.322684, 0.380894
elapsed time for k point: 2.379729747772217
total elapsed time for run: 2.4150049686431885
done
Initializing eigensolver data
Computing 6 bands with 1e-10 tolerance
Working in 2 dimensions.
Grid size is 288 x 96 x 1.
Solving for 6 bands at a time.
Creating Maxwell data...
Mesh size is 3.
Lattice vectors:
     (3, 0, 0)
     (0, 1, 0)
     (0, 0, 1)
Cell volume = 3
Reciprocal lattice vectors (/ 2 pi):
     (0.333333, -0, 0)
     (-0, 1, -0)
     (0, -0, 1)
Geometric objects:
     block, center = (0,0,0)
          size (1e+20,1e+20,1)
          axes (1,0,0), (0,1,0), (0,0,1)
     prism, center = (-0.0067082,-1.38778e-17,0.5)
          height 1, axis (0,0,1), sidewall angle: 0 radians, 4 vertices:
          (0.243292,0.25,0)
          (-0.256708,0.25,0)
          (-0.256708,-0.25,0)
          (0.243292,-0.25,0)
     prism, center = (0.991735,-1.38778e-17,0.5)
          height 1, axis (0,0,1), sidewall angle: 0 radians, 4 vertices:
          (1.24174,0.25,0)
          (0.741735,0.25,0)
          (0.741735,-0.25,0)
          (1.24174,-0.25,0)
     prism, center = (2.01497,-1.38778e-17,0.5)
          height 1, axis (0,0,1), sidewall angle: 0 radians, 4 vertices:
          (2.26497,0.25,0)
          (1.76497,0.25,0)
          (1.76497,-0.25,0)
          (2.26497,-0.25,0)
Geometric object tree has depth 2 and 21 object nodes (vs. 4 actual objects)
Initializing epsilon function...
Allocating fields...
Solving for band polarization: te.
Initializing fields to random numbers...
1 k-points
  Vector3<-0.09, 0.14, 0.0>
elapsed time for initialization: 0.03731083869934082
solve_kpoint (-0.09,0.14,0):
tefreqs:, k index, k1, k2, k3, kmag/2pi, te band 1, te band 2, te band 3, te band 4, te band 5, te band 6
Solving for bands 1 to 6...
    near maximum in trace
    iteration    1: trace = 1.916789754418505 (199.737% change)
    iteration    2: trace = 0.4984229590892822 (117.453% change)
    iteration    3: trace = 0.4300104089231396 (14.7372% change)
    iteration    4: trace = 0.4077631461282998 (5.31104% change)
    iteration    5: trace = 0.4019443560080999 (1.43726% change)
    iteration    6: trace = 0.3985507224146095 (0.847884% change)
    iteration    7: trace = 0.3970425852451274 (0.379123% change)
    iteration    8: trace = 0.3958810756288471 (0.292969% change)
    iteration    9: trace = 0.395537172196793 (0.0869081% change)
    iteration   10: trace = 0.3954019010700511 (0.0342052% change)
    iteration   11: trace = 0.3953700255890561 (0.00806186% change)
    iteration   12: trace = 0.3953537784093023 (0.00410944% change)
    iteration   13: trace = 0.3953467357934521 (0.00178136% change)
    iteration   14: trace = 0.3953435805414374 (0.000798101% change)
    iteration   15: trace = 0.3953428881498941 (0.000175137% change)
    iteration   16: trace = 0.3953427157250585 (4.3614e-05% change)
    iteration   17: trace = 0.3953426686511624 (1.19071e-05% change)
    iteration   18: trace = 0.3953426478256752 (5.26771e-06% change)
    iteration   19: trace = 0.3953426384886876 (2.36175e-06% change)
    iteration   20: trace = 0.3953426345508787 (9.9605e-07% change)
    iteration   21: trace = 0.3953426332481262 (3.29525e-07% change)
    iteration   22: trace = 0.395342632964245 (7.18064e-08% change)
    iteration   23: trace = 0.3953426328873489 (1.94505e-08% change)
    iteration   24: trace = 0.3953426328661036 (5.37391e-09% change)
Finished solving for bands 1 to 6 after 24 iterations.
tefreqs:, 1, -0.09, 0.14, 0, 0.143178, 0.0645054, 0.148909, 0.171644, 0.30056, 0.322697, 0.38089
elapsed time for k point: 2.0284500122070312
total elapsed time for run: 2.065859317779541
done
Initializing eigensolver data
Computing 6 bands with 1e-10 tolerance
Working in 2 dimensions.
Grid size is 288 x 96 x 1.
Solving for 6 bands at a time.
Creating Maxwell data...
Mesh size is 3.
Lattice vectors:
     (3, 0, 0)
     (0, 1, 0)
     (0, 0, 1)
Cell volume = 3
Reciprocal lattice vectors (/ 2 pi):
     (0.333333, -0, 0)
     (-0, 1, -0)
     (0, -0, 1)
Geometric objects:
     block, center = (0,0,0)
          size (1e+20,1e+20,1)
          axes (1,0,0), (0,1,0), (0,0,1)
     prism, center = (0.0145207,-1.38778e-17,0.5)
          height 1, axis (0,0,1), sidewall angle: 0 radians, 4 vertices:
          (0.264521,0.25,0)
          (-0.235479,0.25,0)
          (-0.235479,-0.25,0)
          (0.264521,-0.25,0)
     prism, center = (1.01608,-1.38778e-17,0.5)
          height 1, axis (0,0,1), sidewall angle: 0 radians, 4 vertices:
          (1.26608,0.25,0)
          (0.766077,0.25,0)
          (0.766077,-0.25,0)
          (1.26608,-0.25,0)
     prism, center = (1.99284,-1.38778e-17,0.5)
          height 1, axis (0,0,1), sidewall angle: 0 radians, 4 vertices:
          (2.24284,0.25,0)
          (1.74284,0.25,0)
          (1.74284,-0.25,0)
          (2.24284,-0.25,0)
Geometric object tree has depth 2 and 21 object nodes (vs. 4 actual objects)
Initializing epsilon function...
Allocating fields...
Solving for band polarization: te.
Initializing fields to random numbers...
1 k-points
  Vector3<-0.09, 0.14, 0.0>
elapsed time for initialization: 0.035965919494628906
solve_kpoint (-0.09,0.14,0):
tefreqs:, k index, k1, k2, k3, kmag/2pi, te band 1, te band 2, te band 3, te band 4, te band 5, te band 6
Solving for bands 1 to 6...
    near maximum in trace
    iteration    1: trace = 2.492117880492425 (199.655% change)
    iteration    2: trace = 0.5641967452022149 (126.16% change)
    iteration    3: trace = 0.4653781805026536 (19.196% change)
    iteration    4: trace = 0.4222648486603456 (9.71411% change)
    iteration    5: trace = 0.4079457396566886 (3.44951% change)
    iteration    6: trace = 0.4010903894566 (1.6947% change)
    iteration    7: trace = 0.3984315012716421 (0.66512% change)
    iteration    8: trace = 0.3963888220588829 (0.513998% change)
    iteration    9: trace = 0.3956988241643558 (0.174223% change)
    iteration   10: trace = 0.3954079378363819 (0.0735391% change)
    iteration   11: trace = 0.395336394431439 (0.0180952% change)
    iteration   12: trace = 0.3953039502999404 (0.00820705% change)
    iteration   13: trace = 0.3952874671058737 (0.00416984% change)
    iteration   14: trace = 0.3952790439721906 (0.00213091% change)
    iteration   15: trace = 0.3952770028457188 (0.000516377% change)
    iteration   16: trace = 0.3952765648555855 (0.000110806% change)
    iteration   17: trace = 0.3952764248011345 (3.5432e-05% change)
    iteration   18: trace = 0.3952763634858564 (1.5512e-05% change)
    iteration   19: trace = 0.3952763345764265 (7.31373e-06% change)
    iteration   20: trace = 0.3952763247566036 (2.48429e-06% change)
    iteration   21: trace = 0.3952763213433936 (8.635e-07% change)
    iteration   22: trace = 0.3952763206470131 (1.76176e-07% change)
    iteration   23: trace = 0.3952763204556478 (4.84131e-08% change)
    iteration   24: trace = 0.3952763204126026 (1.08899e-08% change)
    iteration   25: trace = 0.3952763203942124 (4.6525e-09% change)
Finished solving for bands 1 to 6 after 25 iterations.
tefreqs:, 1, -0.09, 0.14, 0, 0.143178, 0.0644958, 0.148907, 0.171642, 0.300556, 0.322677, 0.380826
elapsed time for k point: 3.4900920391082764
total elapsed time for run: 3.5261526107788086
done
Initializing eigensolver data
Computing 6 bands with 1e-10 tolerance
Working in 2 dimensions.
Grid size is 288 x 96 x 1.
Solving for 6 bands at a time.
Creating Maxwell data...
Mesh size is 3.
Lattice vectors:
     (3, 0, 0)
     (0, 1, 0)
     (0, 0, 1)
Cell volume = 3
Reciprocal lattice vectors (/ 2 pi):
     (0.333333, -0, 0)
     (-0, 1, -0)
     (0, -0, 1)
Geometric objects:
     block, center = (0,0,0)
          size (1e+20,1e+20,1)
          axes (1,0,0), (0,1,0), (0,0,1)
     prism, center = (0.0011043,-1.38778e-17,0.5)
          height 1, axis (0,0,1), sidewall angle: 0 radians, 4 vertices:
          (0.251104,0.25,0)
          (-0.248896,0.25,0)
          (-0.248896,-0.25,0)
          (0.251104,-0.25,0)
     prism, center = (0.999548,-1.38778e-17,0.5)
          height 1, axis (0,0,1), sidewall angle: 0 radians, 4 vertices:
          (1.24955,0.25,0)
          (0.749548,0.25,0)
          (0.749548,-0.25,0)
          (1.24955,-0.25,0)
     prism, center = (2.02279,-1.38778e-17,0.5)
          height 1, axis (0,0,1), sidewall angle: 0 radians, 4 vertices:
          (2.27279,0.25,0)
          (1.77279,0.25,0)
          (1.77279,-0.25,0)
          (2.27279,-0.25,0)
Geometric object tree has depth 2 and 21 object nodes (vs. 4 actual objects)
Initializing epsilon function...
Allocating fields...
Solving for band polarization: te.
Initializing fields to random numbers...
1 k-points
  Vector3<-0.09, 0.14, 0.0>
elapsed time for initialization: 0.07057857513427734
solve_kpoint (-0.09,0.14,0):
tefreqs:, k index, k1, k2, k3, kmag/2pi, te band 1, te band 2, te band 3, te band 4, te band 5, te band 6
Solving for bands 1 to 6...
    near maximum in trace
    iteration    1: trace = 2.098435579300866 (199.711% change)
    iteration    2: trace = 0.6176315868567949 (109.04% change)
    iteration    3: trace = 0.4470624841832975 (32.041% change)
    iteration    4: trace = 0.4193795797105851 (6.39002% change)
    iteration    5: trace = 0.4055921282194159 (3.34253% change)
    iteration    6: trace = 0.4010654316440257 (1.12233% change)
    iteration    7: trace = 0.398020546369537 (0.762092% change)
    iteration    8: trace = 0.3963943190705599 (0.409415% change)
    iteration    9: trace = 0.3954799561952516 (0.230936% change)
    iteration   10: trace = 0.3952304950214871 (0.063098% change)
    iteration   11: trace = 0.3951449864620447 (0.0216375% change)
    iteration   12: trace = 0.3951222749841683 (0.0057478% change)
    iteration   13: trace = 0.395109291237478 (0.00328606% change)
    iteration   14: trace = 0.3951040872035361 (0.00131712% change)
    iteration   15: trace = 0.39510215355381 (0.000489404% change)
    iteration   16: trace = 0.3951017845336384 (9.33987e-05% change)
    iteration   17: trace = 0.3951016632864419 (3.06876e-05% change)
    iteration   18: trace = 0.3951016296372299 (8.5166e-06% change)
    iteration   19: trace = 0.3951016117721924 (4.52163e-06% change)
    iteration   20: trace = 0.3951016049866092 (1.71743e-06% change)
    iteration   21: trace = 0.3951016023697291 (6.62331e-07% change)
    iteration   22: trace = 0.395101601788017 (1.47231e-07% change)
    iteration   23: trace = 0.3951016016448073 (3.62463e-08% change)
    iteration   24: trace = 0.3951016016022595 (1.07688e-08% change)
    iteration   25: trace = 0.3951016015818885 (5.1559e-09% change)
Finished solving for bands 1 to 6 after 25 iterations.
tefreqs:, 1, -0.09, 0.14, 0, 0.143178, 0.0644734, 0.148891, 0.171624, 0.300523, 0.322619, 0.380689
elapsed time for k point: 3.4043166637420654
total elapsed time for run: 3.4749748706817627
done
Initializing eigensolver data
Computing 6 bands with 1e-10 tolerance
Working in 2 dimensions.
Grid size is 288 x 96 x 1.
Solving for 6 bands at a time.
Creating Maxwell data...
Mesh size is 3.
Lattice vectors:
     (3, 0, 0)
     (0, 1, 0)
     (0, 0, 1)
Cell volume = 3
Reciprocal lattice vectors (/ 2 pi):
     (0.333333, -0, 0)
     (-0, 1, -0)
     (0, -0, 1)
Geometric objects:
     block, center = (0,0,0)
          size (1e+20,1e+20,1)
          axes (1,0,0), (0,1,0), (0,0,1)
     prism, center = (0.0223332,-1.38778e-17,0.5)
          height 1, axis (0,0,1), sidewall angle: 0 radians, 4 vertices:
          (0.272333,0.25,0)
          (-0.227667,0.25,0)
          (-0.227667,-0.25,0)
          (0.272333,-0.25,0)
     prism, center = (1.02389,-1.38778e-17,0.5)
          height 1, axis (0,0,1), sidewall angle: 0 radians, 4 vertices:
          (1.27389,0.25,0)
          (0.77389,0.25,0)
          (0.77389,-0.25,0)
          (1.27389,-0.25,0)
     prism, center = (2.00065,-1.38778e-17,0.5)
          height 1, axis (0,0,1), sidewall angle: 0 radians, 4 vertices:
          (2.25065,0.25,0)
          (1.75065,0.25,0)
          (1.75065,-0.25,0)
          (2.25065,-0.25,0)
Geometric object tree has depth 2 and 21 object nodes (vs. 4 actual objects)
Initializing epsilon function...
Allocating fields...
Solving for band polarization: te.
Initializing fields to random numbers...
1 k-points
  Vector3<-0.09, 0.14, 0.0>
elapsed time for initialization: 0.06460118293762207
solve_kpoint (-0.09,0.14,0):
tefreqs:, k index, k1, k2, k3, kmag/2pi, te band 1, te band 2, te band 3, te band 4, te band 5, te band 6
Solving for bands 1 to 6...
    near maximum in trace
    iteration    1: trace = 2.316630471087815 (199.681% change)
    iteration    2: trace = 0.5199432492130911 (126.68% change)
    iteration    3: trace = 0.4439337588766165 (15.7716% change)
    iteration    4: trace = 0.4238542447932728 (4.62775% change)
    iteration    5: trace = 0.419333641461924 (1.07226% change)
    iteration    6: trace = 0.4155135802759535 (0.915152% change)
    iteration    7: trace = 0.4102302564582524 (1.27965% change)
    iteration    8: trace = 0.4025665679963176 (1.88576% change)
    iteration    9: trace = 0.3987047116839014 (0.963932% change)
    iteration   10: trace = 0.396501876983074 (0.554028% change)
    iteration   11: trace = 0.3958980601581608 (0.152402% change)
    iteration   12: trace = 0.3954996538494042 (0.100684% change)
    iteration   13: trace = 0.3953581692802259 (0.03578% change)
    iteration   14: trace = 0.3952922756369134 (0.0166682% change)
    iteration   15: trace = 0.3952771065439452 (0.00383751% change)
    iteration   16: trace = 0.3952724339043133 (0.00118212% change)
    iteration   17: trace = 0.395271110385303 (0.000334838% change)
    iteration   18: trace = 0.395270437730361 (0.000170176% change)
    iteration   19: trace = 0.3952701957084638 (6.12295e-05% change)
    iteration   20: trace = 0.3952701038775588 (2.32324e-05% change)
    iteration   21: trace = 0.3952700832461806 (5.21956e-06% change)
    iteration   22: trace = 0.3952700778309363 (1.37001e-06% change)
    iteration   23: trace = 0.3952700764297095 (3.54499e-07% change)
    iteration   24: trace = 0.3952700758932644 (1.35716e-07% change)
    iteration   25: trace = 0.3952700755417425 (8.89321e-08% change)
    iteration   26: trace = 0.3952700753796416 (4.10102e-08% change)
    iteration   27: trace = 0.3952700753297468 (1.2623e-08% change)
    iteration   28: trace = 0.3952700753180232 (2.96596e-09% change)
Finished solving for bands 1 to 6 after 28 iterations.
tefreqs:, 1, -0.09, 0.14, 0, 0.143178, 0.064495, 0.148903, 0.171639, 0.300553, 0.322664, 0.380834
elapsed time for k point: 4.231271743774414
total elapsed time for run: 4.295953989028931
done
Initializing eigensolver data
Computing 6 bands with 1e-10 tolerance
Working in 2 dimensions.
Grid size is 288 x 96 x 1.
Solving for 6 bands at a time.
Creating Maxwell data...
Mesh size is 3.
Lattice vectors:
     (3, 0, 0)
     (0, 1, 0)
     (0, 0, 1)
Cell volume = 3
Reciprocal lattice vectors (/ 2 pi):
     (0.333333, -0, 0)
     (-0, 1, -0)
     (0, -0, 1)
Geometric objects:
     block, center = (0,0,0)
          size (1e+20,1e+20,1)
          axes (1,0,0), (0,1,0), (0,0,1)
     prism, center = (0.0089168,-1.38778e-17,0.5)
          height 1, axis (0,0,1), sidewall angle: 0 radians, 4 vertices:
          (0.258917,0.25,0)
          (-0.241083,0.25,0)
          (-0.241083,-0.25,0)
          (0.258917,-0.25,0)
     prism, center = (1.00736,-1.38778e-17,0.5)
          height 1, axis (0,0,1), sidewall angle: 0 radians, 4 vertices:
          (1.25736,0.25,0)
          (0.75736,0.25,0)
          (0.75736,-0.25,0)
          (1.25736,-0.25,0)
     prism, center = (2.0306,-1.38778e-17,0.5)
          height 1, axis (0,0,1), sidewall angle: 0 radians, 4 vertices:
          (2.2806,0.25,0)
          (1.7806,0.25,0)
          (1.7806,-0.25,0)
          (2.2806,-0.25,0)
Geometric object tree has depth 2 and 21 object nodes (vs. 4 actual objects)
Initializing epsilon function...
Allocating fields...
Solving for band polarization: te.
Initializing fields to random numbers...
1 k-points
  Vector3<-0.09, 0.14, 0.0>
elapsed time for initialization: 0.06094193458557129
solve_kpoint (-0.09,0.14,0):
tefreqs:, k index, k1, k2, k3, kmag/2pi, te band 1, te band 2, te band 3, te band 4, te band 5, te band 6
Solving for bands 1 to 6...
    near maximum in trace
    iteration    1: trace = 1.987830357362101 (199.725% change)
    iteration    2: trace = 0.5363758141451648 (115.003% change)
    iteration    3: trace = 0.4502724183626778 (17.4537% change)
    iteration    4: trace = 0.4251552893049901 (5.73825% change)
    iteration    5: trace = 0.4175968555374479 (1.79375% change)
    iteration    6: trace = 0.4123652989915816 (1.26067% change)
    iteration    7: trace = 0.4080767657535016 (1.04542% change)
    iteration    8: trace = 0.4013536123046071 (1.66121% change)
    iteration    9: trace = 0.3978919095803614 (0.866243% change)
    iteration   10: trace = 0.396208769146461 (0.423911% change)
    iteration   11: trace = 0.3957228383043688 (0.12272% change)
    iteration   12: trace = 0.3954173045997675 (0.0772388% change)
    iteration   13: trace = 0.3953136828532318 (0.0262091% change)
    iteration   14: trace = 0.3952762726399202 (0.00946387% change)
    iteration   15: trace = 0.395269561022797 (0.00169797% change)
    iteration   16: trace = 0.3952675915963297 (0.00049825% change)
    iteration   17: trace = 0.395267157933455 (0.000109714% change)
    iteration   18: trace = 0.3952669793531114 (4.51797e-05% change)
    iteration   19: trace = 0.3952669150118481 (1.62779e-05% change)
    iteration   20: trace = 0.3952668801637192 (8.81635e-06% change)
    iteration   21: trace = 0.3952668701877218 (2.52386e-06% change)
    iteration   22: trace = 0.3952668672656374 (7.39269e-07% change)
    iteration   23: trace = 0.3952668666470029 (1.56511e-07% change)
    iteration   24: trace = 0.3952668665227505 (3.14351e-08% change)
    iteration   25: trace = 0.3952668664936394 (7.36492e-09% change)
Finished solving for bands 1 to 6 after 25 iterations.
tefreqs:, 1, -0.09, 0.14, 0, 0.143178, 0.0644949, 0.148903, 0.171639, 0.300544, 0.322679, 0.380824
elapsed time for k point: 3.8483855724334717
total elapsed time for run: 3.9094080924987793
done
Initializing eigensolver data
Computing 6 bands with 1e-10 tolerance
Working in 2 dimensions.
Grid size is 288 x 96 x 1.
Solving for 6 bands at a time.
Creating Maxwell data...
Mesh size is 3.
Lattice vectors:
     (3, 0, 0)
     (0, 1, 0)
     (0, 0, 1)
Cell volume = 3
Reciprocal lattice vectors (/ 2 pi):
     (0.333333, -0, 0)
     (-0, 1, -0)
     (0, -0, 1)
Geometric objects:
     block, center = (0,0,0)
          size (1e+20,1e+20,1)
          axes (1,0,0), (0,1,0), (0,0,1)
     prism, center = (0.0301457,-1.38778e-17,0.5)
          height 1, axis (0,0,1), sidewall angle: 0 radians, 4 vertices:
          (0.280146,0.25,0)
          (-0.219854,0.25,0)
          (-0.219854,-0.25,0)
          (0.280146,-0.25,0)
     prism, center = (1.0317,-1.38778e-17,0.5)
          height 1, axis (0,0,1), sidewall angle: 0 radians, 4 vertices:
          (1.2817,0.25,0)
          (0.781702,0.25,0)
          (0.781702,-0.25,0)
          (1.2817,-0.25,0)
     prism, center = (2.00846,-1.38778e-17,0.5)
          height 1, axis (0,0,1), sidewall angle: 0 radians, 4 vertices:
          (2.25846,0.25,0)
          (1.75846,0.25,0)
          (1.75846,-0.25,0)
          (2.25846,-0.25,0)
Geometric object tree has depth 2 and 21 object nodes (vs. 4 actual objects)
Initializing epsilon function...
Allocating fields...
Solving for band polarization: te.
Initializing fields to random numbers...
1 k-points
  Vector3<-0.09, 0.14, 0.0>
elapsed time for initialization: 0.06048774719238281
solve_kpoint (-0.09,0.14,0):
tefreqs:, k index, k1, k2, k3, kmag/2pi, te band 1, te band 2, te band 3, te band 4, te band 5, te band 6
Solving for bands 1 to 6...
    near maximum in trace
    iteration    1: trace = 2.495514780802727 (199.656% change)
    iteration    2: trace = 0.627158020839957 (119.664% change)
    iteration    3: trace = 0.497619224306062 (23.0337% change)
    iteration    4: trace = 0.4379623501245585 (12.7529% change)
    iteration    5: trace = 0.4147441802120543 (5.44576% change)
    iteration    6: trace = 0.403299327832475 (2.7981% change)
    iteration    7: trace = 0.3996900446772252 (0.898962% change)
    iteration    8: trace = 0.3974760295750851 (0.555471% change)
    iteration    9: trace = 0.3962215544917863 (0.316109% change)
    iteration   10: trace = 0.3954149985523828 (0.203769% change)
    iteration   11: trace = 0.3951984302569513 (0.0547849% change)
    iteration   12: trace = 0.3951258439317248 (0.0183687% change)
    iteration   13: trace = 0.3951094577577123 (0.00414716% change)
    iteration   14: trace = 0.3951028983691145 (0.00166016% change)
    iteration   15: trace = 0.3951004695571662 (0.000614731% change)
    iteration   16: trace = 0.3950992285182728 (0.000314108% change)
    iteration   17: trace = 0.3950988892727925 (8.58634e-05% change)
    iteration   18: trace = 0.3950987927000288 (2.44427e-05% change)
    iteration   19: trace = 0.3950987704378142 (5.63459e-06% change)
    iteration   20: trace = 0.3950987615999633 (2.23687e-06% change)
    iteration   21: trace = 0.3950987578364503 (9.5255e-07% change)
    iteration   22: trace = 0.3950987561827155 (4.18562e-07% change)
    iteration   23: trace = 0.3950987556816521 (1.2682e-07% change)
    iteration   24: trace = 0.395098755554584 (3.21611e-08% change)
    iteration   25: trace = 0.3950987555203929 (8.6538e-09% change)
Finished solving for bands 1 to 6 after 25 iterations.
tefreqs:, 1, -0.09, 0.14, 0, 0.143178, 0.0644734, 0.148891, 0.171624, 0.300521, 0.322622, 0.380685
elapsed time for k point: 3.6570322513580322
total elapsed time for run: 3.717583656311035
done
Initializing eigensolver data
Computing 6 bands with 1e-10 tolerance
Working in 2 dimensions.
Grid size is 288 x 96 x 1.
Solving for 6 bands at a time.
Creating Maxwell data...
Mesh size is 3.
Lattice vectors:
     (3, 0, 0)
     (0, 1, 0)
     (0, 0, 1)
Cell volume = 3
Reciprocal lattice vectors (/ 2 pi):
     (0.333333, -0, 0)
     (-0, 1, -0)
     (0, -0, 1)
Geometric objects:
     block, center = (0,0,0)
          size (1e+20,1e+20,1)
          axes (1,0,0), (0,1,0), (0,0,1)
     prism, center = (0.0167293,-1.38778e-17,0.5)
          height 1, axis (0,0,1), sidewall angle: 0 radians, 4 vertices:
          (0.266729,0.25,0)
          (-0.233271,0.25,0)
          (-0.233271,-0.25,0)
          (0.266729,-0.25,0)
     prism, center = (1.01517,-1.38778e-17,0.5)
          height 1, axis (0,0,1), sidewall angle: 0 radians, 4 vertices:
          (1.26517,0.25,0)
          (0.765173,0.25,0)
          (0.765173,-0.25,0)
          (1.26517,-0.25,0)
     prism, center = (2.03841,-1.38778e-17,0.5)
          height 1, axis (0,0,1), sidewall angle: 0 radians, 4 vertices:
          (2.28841,0.25,0)
          (1.78841,0.25,0)
          (1.78841,-0.25,0)
          (2.28841,-0.25,0)
Geometric object tree has depth 2 and 21 object nodes (vs. 4 actual objects)
Initializing epsilon function...
Allocating fields...
Solving for band polarization: te.
Initializing fields to random numbers...
1 k-points
  Vector3<-0.09, 0.14, 0.0>
elapsed time for initialization: 0.06050539016723633
solve_kpoint (-0.09,0.14,0):
tefreqs:, k index, k1, k2, k3, kmag/2pi, te band 1, te band 2, te band 3, te band 4, te band 5, te band 6
Solving for bands 1 to 6...
    near maximum in trace
    iteration    1: trace = 2.083018271630645 (199.713% change)
    iteration    2: trace = 0.5181941608755484 (120.315% change)
    iteration    3: trace = 0.4368865158729956 (17.0263% change)
    iteration    4: trace = 0.4081000303868869 (6.81348% change)
    iteration    5: trace = 0.4018426985472265 (1.54513% change)
    iteration    6: trace = 0.3982918733616189 (0.887557% change)
    iteration    7: trace = 0.3966344724627971 (0.416995% change)
    iteration    8: trace = 0.3956033634336847 (0.260303% change)
    iteration    9: trace = 0.3953765086475415 (0.0573604% change)
    iteration   10: trace = 0.3953022569329101 (0.0187818% change)
    iteration   11: trace = 0.3952867966230175 (0.00391109% change)
    iteration   12: trace = 0.3952811343434242 (0.00143246% change)
    iteration   13: trace = 0.3952791023878239 (0.000514055% change)
    iteration   14: trace = 0.3952780027968954 (0.000278181% change)
    iteration   15: trace = 0.3952776661045319 (8.51787e-05% change)
    iteration   16: trace = 0.3952775663907735 (2.52263e-05% change)
    iteration   17: trace = 0.395277536445128 (7.57585e-06% change)
    iteration   18: trace = 0.3952775223775301 (3.55892e-06% change)
    iteration   19: trace = 0.3952775154935615 (1.74155e-06% change)
    iteration   20: trace = 0.3952775120934601 (8.60181e-07% change)
    iteration   21: trace = 0.3952775108548774 (3.13345e-07% change)
    iteration   22: trace = 0.3952775105817901 (6.90875e-08% change)
    iteration   23: trace = 0.3952775105174273 (1.62829e-08% change)
    iteration   24: trace = 0.3952775105054127 (3.03955e-09% change)
Finished solving for bands 1 to 6 after 24 iterations.
tefreqs:, 1, -0.09, 0.14, 0, 0.143178, 0.0644959, 0.148907, 0.171641, 0.300552, 0.322684, 0.380824
elapsed time for k point: 3.5891199111938477
total elapsed time for run: 3.6497182846069336
done
Initializing eigensolver data
Computing 6 bands with 1e-10 tolerance
Working in 2 dimensions.
Grid size is 288 x 96 x 1.
Solving for 6 bands at a time.
Creating Maxwell data...
Mesh size is 3.
Lattice vectors:
     (3, 0, 0)
     (0, 1, 0)
     (0, 0, 1)
Cell volume = 3
Reciprocal lattice vectors (/ 2 pi):
     (0.333333, -0, 0)
     (-0, 1, -0)
     (0, -0, 1)
Geometric objects:
     block, center = (0,0,0)
          size (1e+20,1e+20,1)
          axes (1,0,0), (0,1,0), (0,0,1)
     prism, center = (0.0128125,-1.38778e-17,0.5)
          height 1, axis (0,0,1), sidewall angle: 0 radians, 4 vertices:
          (0.262813,0.25,0)
          (-0.237187,0.25,0)
          (-0.237188,-0.25,0)
          (0.262812,-0.25,0)
     prism, center = (1.01281,-1.38778e-17,0.5)
          height 1, axis (0,0,1), sidewall angle: 0 radians, 4 vertices:
          (1.26281,0.25,0)
          (0.762813,0.25,0)
          (0.762813,-0.25,0)
          (1.26281,-0.25,0)
     prism, center = (2.01281,-1.38778e-17,0.5)
          height 1, axis (0,0,1), sidewall angle: 0 radians, 4 vertices:
          (2.26281,0.25,0)
          (1.76281,0.25,0)
          (1.76281,-0.25,0)
          (2.26281,-0.25,0)
Geometric object tree has depth 2 and 21 object nodes (vs. 4 actual objects)
Initializing epsilon function...
Allocating fields...
Solving for band polarization: te.
Initializing fields to random numbers...
1 k-points
  Vector3<-0.09, 0.14, 0.0>
elapsed time for initialization: 0.07213211059570312
solve_kpoint (-0.09,0.14,0):
tefreqs:, k index, k1, k2, k3, kmag/2pi, te band 1, te band 2, te band 3, te band 4, te band 5, te band 6
Solving for bands 1 to 6...
    near maximum in trace
    iteration    1: trace = 2.519223753406823 (199.65% change)
    iteration    2: trace = 0.6212329359177757 (120.874% change)
    iteration    3: trace = 0.4899020831442464 (23.639% change)
    iteration    4: trace = 0.4363749756703161 (11.5575% change)
    iteration    5: trace = 0.418792119743172 (4.11215% change)
    iteration    6: trace = 0.4093982491269958 (2.26853% change)
    iteration    7: trace = 0.4050307918220172 (1.07252% change)
    iteration    8: trace = 0.4001308314437086 (1.21714% change)
    iteration    9: trace = 0.3971477176619904 (0.748324% change)
    iteration   10: trace = 0.3955890152374387 (0.393246% change)
    iteration   11: trace = 0.3952851708567143 (0.0768376% change)
    iteration   12: trace = 0.3951846218168136 (0.0254403% change)
    iteration   13: trace = 0.3951549106590355 (0.00751858% change)
    iteration   14: trace = 0.395137447784643 (0.00441935% change)
    iteration   15: trace = 0.3951319350543375 (0.00139515% change)
    iteration   16: trace = 0.3951296350684593 (0.000582082% change)
    iteration   17: trace = 0.3951290702669062 (0.000142941% change)
    iteration   18: trace = 0.3951289010708934 (4.28205e-05% change)
    iteration   19: trace = 0.3951288713609433 (7.51905e-06% change)
    iteration   20: trace = 0.3951288589834528 (3.13252e-06% change)
    iteration   21: trace = 0.3951288536880924 (1.34016e-06% change)
    iteration   22: trace = 0.3951288514624258 (5.63276e-07% change)
    iteration   23: trace = 0.3951288509633066 (1.26318e-07% change)
    iteration   24: trace = 0.3951288508293863 (3.38928e-08% change)
    iteration   25: trace = 0.3951288507948214 (8.74774e-09% change)
Finished solving for bands 1 to 6 after 25 iterations.
tefreqs:, 1, -0.09, 0.14, 0, 0.143178, 0.0644708, 0.148902, 0.171574, 0.300824, 0.322439, 0.380659
elapsed time for k point: 2.5142998695373535
total elapsed time for run: 2.5865137577056885
done
Initializing eigensolver data
Computing 6 bands with 1e-10 tolerance
Working in 2 dimensions.
Grid size is 288 x 96 x 1.
Solving for 6 bands at a time.
Creating Maxwell data...
Mesh size is 3.
Lattice vectors:
     (3, 0, 0)
     (0, 1, 0)
     (0, 0, 1)
Cell volume = 3
Reciprocal lattice vectors (/ 2 pi):
     (0.333333, -0, 0)
     (-0, 1, -0)
     (0, -0, 1)
Geometric objects:
     block, center = (0,0,0)
          size (1e+20,1e+20,1)
          axes (1,0,0), (0,1,0), (0,0,1)
     prism, center = (0.0028125,-1.38778e-17,0.5)
          height 1, axis (0,0,1), sidewall angle: 0 radians, 4 vertices:
          (0.252812,0.25,0)
          (-0.247187,0.25,0)
          (-0.247188,-0.25,0)
          (0.252812,-0.25,0)
     prism, center = (1.00281,-1.38778e-17,0.5)
          height 1, axis (0,0,1), sidewall angle: 0 radians, 4 vertices:
          (1.25281,0.25,0)
          (0.752812,0.25,0)
          (0.752812,-0.25,0)
          (1.25281,-0.25,0)
     prism, center = (2.00281,-1.38778e-17,0.5)
          height 1, axis (0,0,1), sidewall angle: 0 radians, 4 vertices:
          (2.25281,0.25,0)
          (1.75281,0.25,0)
          (1.75281,-0.25,0)
          (2.25281,-0.25,0)
Geometric object tree has depth 2 and 21 object nodes (vs. 4 actual objects)
Initializing epsilon function...
Allocating fields...
Solving for band polarization: te.
Initializing fields to random numbers...
1 k-points
  Vector3<-0.09, 0.14, 0.0>
elapsed time for initialization: 0.06458854675292969
solve_kpoint (-0.09,0.14,0):
tefreqs:, k index, k1, k2, k3, kmag/2pi, te band 1, te band 2, te band 3, te band 4, te band 5, te band 6
Solving for bands 1 to 6...
    near maximum in trace
    iteration    1: trace = 2.390829028761261 (199.671% change)
    iteration    2: trace = 0.5849955643680803 (121.367% change)
    iteration    3: trace = 0.4317668513551332 (30.1405% change)
    iteration    4: trace = 0.4071503010771111 (5.86865% change)
    iteration    5: trace = 0.3983385304744181 (2.18793% change)
    iteration    6: trace = 0.3965320331831856 (0.454539% change)
    iteration    7: trace = 0.3957689963086207 (0.192613% change)
    iteration    8: trace = 0.3954530669349943 (0.0798586% change)
    iteration    9: trace = 0.3952543540123545 (0.0502621% change)
    iteration   10: trace = 0.3952028856620924 (0.0130224% change)
    iteration   11: trace = 0.3951861876931443 (0.00422525% change)
    iteration   12: trace = 0.3951832295793468 (0.00074854% change)
    iteration   13: trace = 0.3951819585826103 (0.000321623% change)
    iteration   14: trace = 0.3951813689150892 (0.000149214% change)
    iteration   15: trace = 0.3951810153755195 (8.94627e-05% change)
    iteration   16: trace = 0.3951809155138392 (2.52699e-05% change)
    iteration   17: trace = 0.3951808919188534 (5.97068e-06% change)
    iteration   18: trace = 0.3951808878531157 (1.02883e-06% change)
    iteration   19: trace = 0.3951808868414095 (2.56011e-07% change)
    iteration   20: trace = 0.3951808864589286 (9.67863e-08% change)
    iteration   21: trace = 0.3951808862800134 (4.52742e-08% change)
    iteration   22: trace = 0.3951808862157024 (1.62738e-08% change)
    iteration   23: trace = 0.3951808862001364 (3.93897e-09% change)
Finished solving for bands 1 to 6 after 23 iterations.
tefreqs:, 1, -0.09, 0.14, 0, 0.143178, 0.0644759, 0.148905, 0.171581, 0.30084, 0.322459, 0.380692
elapsed time for k point: 2.639411211013794
total elapsed time for run: 2.7040822505950928
done
Initializing eigensolver data
Computing 6 bands with 1e-10 tolerance
Working in 2 dimensions.
Grid size is 288 x 96 x 1.
Solving for 6 bands at a time.
Creating Maxwell data...
Mesh size is 3.
Lattice vectors:
     (3, 0, 0)
     (0, 1, 0)
     (0, 0, 1)
Cell volume = 3
Reciprocal lattice vectors (/ 2 pi):
     (0.333333, -0, 0)
     (-0, 1, -0)
     (0, -0, 1)
Geometric objects:
     block, center = (0,0,0)
          size (1e+20,1e+20,1)
          axes (1,0,0), (0,1,0), (0,0,1)
     prism, center = (0.020625,-1.38778e-17,0.5)
          height 1, axis (0,0,1), sidewall angle: 0 radians, 4 vertices:
          (0.270625,0.25,0)
          (-0.229375,0.25,0)
          (-0.229375,-0.25,0)
          (0.270625,-0.25,0)
     prism, center = (1.02062,-1.38778e-17,0.5)
          height 1, axis (0,0,1), sidewall angle: 0 radians, 4 vertices:
          (1.27062,0.25,0)
          (0.770625,0.25,0)
          (0.770625,-0.25,0)
          (1.27062,-0.25,0)
     prism, center = (2.02062,-1.38778e-17,0.5)
          height 1, axis (0,0,1), sidewall angle: 0 radians, 4 vertices:
          (2.27062,0.25,0)
          (1.77062,0.25,0)
          (1.77062,-0.25,0)
          (2.27062,-0.25,0)
Geometric object tree has depth 2 and 21 object nodes (vs. 4 actual objects)
Initializing epsilon function...
Allocating fields...
Solving for band polarization: te.
Initializing fields to random numbers...
1 k-points
  Vector3<-0.09, 0.14, 0.0>
elapsed time for initialization: 0.03248763084411621
solve_kpoint (-0.09,0.14,0):
tefreqs:, k index, k1, k2, k3, kmag/2pi, te band 1, te band 2, te band 3, te band 4, te band 5, te band 6
Solving for bands 1 to 6...
    near maximum in trace
    iteration    1: trace = 1.977401099574376 (199.725% change)
    iteration    2: trace = 0.5431657912976389 (113.803% change)
    iteration    3: trace = 0.4455916861368459 (19.7367% change)
    iteration    4: trace = 0.408718621777631 (8.63224% change)
    iteration    5: trace = 0.4001761101872637 (2.11214% change)
    iteration    6: trace = 0.3968268760975068 (0.840457% change)
    iteration    7: trace = 0.3958802933785264 (0.238823% change)
    iteration    8: trace = 0.3953111668206117 (0.143866% change)
    iteration    9: trace = 0.3951430193494916 (0.0425445% change)
    iteration   10: trace = 0.3950744941221712 (0.0173434% change)
    iteration   11: trace = 0.3950599659099898 (0.0036774% change)
    iteration   12: trace = 0.395055112866935 (0.00122844% change)
    iteration   13: trace = 0.3950532291953726 (0.000476813% change)
    iteration   14: trace = 0.3950520495349732 (0.000298608% change)
    iteration   15: trace = 0.3950517299039351 (8.09086e-05% change)
    iteration   16: trace = 0.3950516290812088 (2.55214e-05% change)
    iteration   17: trace = 0.395051604242212 (6.28753e-06% change)
    iteration   18: trace = 0.3950515940316314 (2.58462e-06% change)
    iteration   19: trace = 0.3950515894932417 (1.14881e-06% change)
    iteration   20: trace = 0.3950515871338635 (5.97233e-07% change)
    iteration   21: trace = 0.3950515864413849 (1.75288e-07% change)
    iteration   22: trace = 0.3950515862894152 (3.84683e-08% change)
    iteration   23: trace = 0.395051586257775 (8.00911e-09% change)
Finished solving for bands 1 to 6 after 23 iterations.
tefreqs:, 1, -0.09, 0.14, 0, 0.143178, 0.064462, 0.148895, 0.171567, 0.300802, 0.322416, 0.380602
elapsed time for k point: 2.115596294403076
total elapsed time for run: 2.148160219192505
done
Initializing eigensolver data
Computing 6 bands with 1e-10 tolerance
Working in 2 dimensions.
Grid size is 288 x 96 x 1.
Solving for 6 bands at a time.
Creating Maxwell data...
Mesh size is 3.
Lattice vectors:
     (3, 0, 0)
     (0, 1, 0)
     (0, 0, 1)
Cell volume = 3
Reciprocal lattice vectors (/ 2 pi):
     (0.333333, -0, 0)
     (-0, 1, -0)
     (0, -0, 1)
Geometric objects:
     block, center = (0,0,0)
          size (1e+20,1e+20,1)
          axes (1,0,0), (0,1,0), (0,0,1)
     prism, center = (0.010625,-1.38778e-17,0.5)
          height 1, axis (0,0,1), sidewall angle: 0 radians, 4 vertices:
          (0.260625,0.25,0)
          (-0.239375,0.25,0)
          (-0.239375,-0.25,0)
          (0.260625,-0.25,0)
     prism, center = (1.01063,-1.38778e-17,0.5)
          height 1, axis (0,0,1), sidewall angle: 0 radians, 4 vertices:
          (1.26063,0.25,0)
          (0.760625,0.25,0)
          (0.760625,-0.25,0)
          (1.26063,-0.25,0)
     prism, center = (2.01063,-1.38778e-17,0.5)
          height 1, axis (0,0,1), sidewall angle: 0 radians, 4 vertices:
          (2.26063,0.25,0)
          (1.76063,0.25,0)
          (1.76063,-0.25,0)
          (2.26063,-0.25,0)
Geometric object tree has depth 2 and 21 object nodes (vs. 4 actual objects)
Initializing epsilon function...
Allocating fields...
Solving for band polarization: te.
Initializing fields to random numbers...
1 k-points
  Vector3<-0.09, 0.14, 0.0>
elapsed time for initialization: 0.03255152702331543
solve_kpoint (-0.09,0.14,0):
tefreqs:, k index, k1, k2, k3, kmag/2pi, te band 1, te band 2, te band 3, te band 4, te band 5, te band 6
Solving for bands 1 to 6...
    near maximum in trace
    iteration    1: trace = 2.235370912496799 (199.691% change)
    iteration    2: trace = 0.5457103354817137 (121.511% change)
    iteration    3: trace = 0.4505774934835585 (19.0975% change)
    iteration    4: trace = 0.4276028982071433 (5.23232% change)
    iteration    5: trace = 0.4198996453541123 (1.81787% change)
    iteration    6: trace = 0.4132754660220146 (1.5901% change)
    iteration    7: trace = 0.4067090309418633 (1.6016% change)
    iteration    8: trace = 0.3996158712212703 (1.75938% change)
    iteration    9: trace = 0.3968082493358989 (0.705057% change)
    iteration   10: trace = 0.3956536980146547 (0.291383% change)
    iteration   11: trace = 0.3953496433787178 (0.0768782% change)
    iteration   12: trace = 0.3951809549165012 (0.0426773% change)
    iteration   13: trace = 0.3951175658353162 (0.0160418% change)
    iteration   14: trace = 0.3950876073769043 (0.00758245% change)
    iteration   15: trace = 0.3950801941582334 (0.00187637% change)
    iteration   16: trace = 0.3950776931372794 (0.000633043% change)
    iteration   17: trace = 0.3950770440392161 (0.000164296% change)
    iteration   18: trace = 0.3950767345171332 (7.83448e-05% change)
    iteration   19: trace = 0.3950766092064536 (3.17181e-05% change)
    iteration   20: trace = 0.3950765521309671 (1.44467e-05% change)
    iteration   21: trace = 0.3950765388800543 (3.35401e-06% change)
    iteration   22: trace = 0.3950765359470094 (7.42399e-07% change)
    iteration   23: trace = 0.3950765353850262 (1.42247e-07% change)
    iteration   24: trace = 0.3950765352743948 (2.80025e-08% change)
    iteration   25: trace = 0.3950765352442803 (7.62245e-09% change)
Finished solving for bands 1 to 6 after 25 iterations.
tefreqs:, 1, -0.09, 0.14, 0, 0.143178, 0.0644635, 0.148896, 0.171573, 0.300811, 0.32243, 0.380612
elapsed time for k point: 2.383678913116455
total elapsed time for run: 2.4162979125976562
done
Initializing eigensolver data
Computing 6 bands with 1e-10 tolerance
Working in 2 dimensions.
Grid size is 288 x 96 x 1.
Solving for 6 bands at a time.
Creating Maxwell data...
Mesh size is 3.
Lattice vectors:
     (3, 0, 0)
     (0, 1, 0)
     (0, 0, 1)
Cell volume = 3
Reciprocal lattice vectors (/ 2 pi):
     (0.333333, -0, 0)
     (-0, 1, -0)
     (0, -0, 1)
Geometric objects:
     block, center = (0,0,0)
          size (1e+20,1e+20,1)
          axes (1,0,0), (0,1,0), (0,0,1)
     prism, center = (0.0284375,-1.38778e-17,0.5)
          height 1, axis (0,0,1), sidewall angle: 0 radians, 4 vertices:
          (0.278438,0.25,0)
          (-0.221562,0.25,0)
          (-0.221563,-0.25,0)
          (0.278437,-0.25,0)
     prism, center = (1.02844,-1.38778e-17,0.5)
          height 1, axis (0,0,1), sidewall angle: 0 radians, 4 vertices:
          (1.27844,0.25,0)
          (0.778438,0.25,0)
          (0.778438,-0.25,0)
          (1.27844,-0.25,0)
     prism, center = (2.02844,-1.38778e-17,0.5)
          height 1, axis (0,0,1), sidewall angle: 0 radians, 4 vertices:
          (2.27844,0.25,0)
          (1.77844,0.25,0)
          (1.77844,-0.25,0)
          (2.27844,-0.25,0)
Geometric object tree has depth 2 and 21 object nodes (vs. 4 actual objects)
Initializing epsilon function...
Allocating fields...
Solving for band polarization: te.
Initializing fields to random numbers...
1 k-points
  Vector3<-0.09, 0.14, 0.0>
elapsed time for initialization: 0.03250932693481445
solve_kpoint (-0.09,0.14,0):
tefreqs:, k index, k1, k2, k3, kmag/2pi, te band 1, te band 2, te band 3, te band 4, te band 5, te band 6
Solving for bands 1 to 6...
    near maximum in trace
    iteration    1: trace = 2.488428098337765 (199.657% change)
    iteration    2: trace = 0.6264852190377099 (119.55% change)
    iteration    3: trace = 0.433409964980997 (36.4329% change)
    iteration    4: trace = 0.4072007795965065 (6.23575% change)
    iteration    5: trace = 0.3974371525542532 (2.42684% change)
    iteration    6: trace = 0.3960233553530162 (0.356362% change)
    iteration    7: trace = 0.3954943113704655 (0.133678% change)
    iteration    8: trace = 0.3953450458392392 (0.0377486% change)
    iteration    9: trace = 0.3952224546215228 (0.0310135% change)
    iteration   10: trace = 0.3951822469099469 (0.010174% change)
    iteration   11: trace = 0.3951656700583346 (0.00419482% change)
    iteration   12: trace = 0.3951628061859111 (0.00072473% change)
    iteration   13: trace = 0.3951617559499164 (0.000265773% change)
    iteration   14: trace = 0.3951614970342827 (6.55215e-05% change)
    iteration   15: trace = 0.3951613574597669 (3.53209e-05% change)
    iteration   16: trace = 0.3951613042282278 (1.34708e-05% change)
    iteration   17: trace = 0.3951612810564665 (5.86387e-06% change)
    iteration   18: trace = 0.3951612764198725 (1.17334e-06% change)
    iteration   19: trace = 0.3951612752875356 (2.86551e-07% change)
    iteration   20: trace = 0.3951612749853277 (7.64771e-08% change)
    iteration   21: trace = 0.3951612748607582 (3.15237e-08% change)
    iteration   22: trace = 0.3951612748075495 (1.34651e-08% change)
    iteration   23: trace = 0.395161274789465 (4.57648e-09% change)
Finished solving for bands 1 to 6 after 23 iterations.
tefreqs:, 1, -0.09, 0.14, 0, 0.143178, 0.0644747, 0.148904, 0.171577, 0.300833, 0.322448, 0.380684
elapsed time for k point: 2.007573366165161
total elapsed time for run: 2.0401580333709717
done
Initializing eigensolver data
Computing 6 bands with 1e-10 tolerance
Working in 2 dimensions.
Grid size is 288 x 96 x 1.
Solving for 6 bands at a time.
Creating Maxwell data...
Mesh size is 3.
Lattice vectors:
     (3, 0, 0)
     (0, 1, 0)
     (0, 0, 1)
Cell volume = 3
Reciprocal lattice vectors (/ 2 pi):
     (0.333333, -0, 0)
     (-0, 1, -0)
     (0, -0, 1)
Geometric objects:
     block, center = (0,0,0)
          size (1e+20,1e+20,1)
          axes (1,0,0), (0,1,0), (0,0,1)
     prism, center = (0.0184375,-1.38778e-17,0.5)
          height 1, axis (0,0,1), sidewall angle: 0 radians, 4 vertices:
          (0.268437,0.25,0)
          (-0.231562,0.25,0)
          (-0.231563,-0.25,0)
          (0.268437,-0.25,0)
     prism, center = (1.01844,-1.38778e-17,0.5)
          height 1, axis (0,0,1), sidewall angle: 0 radians, 4 vertices:
          (1.26844,0.25,0)
          (0.768437,0.25,0)
          (0.768437,-0.25,0)
          (1.26844,-0.25,0)
     prism, center = (2.01844,-1.38778e-17,0.5)
          height 1, axis (0,0,1), sidewall angle: 0 radians, 4 vertices:
          (2.26844,0.25,0)
          (1.76844,0.25,0)
          (1.76844,-0.25,0)
          (2.26844,-0.25,0)
Geometric object tree has depth 2 and 21 object nodes (vs. 4 actual objects)
Initializing epsilon function...
Allocating fields...
Solving for band polarization: te.
Initializing fields to random numbers...
1 k-points
  Vector3<-0.09, 0.14, 0.0>
elapsed time for initialization: 0.0658576488494873
solve_kpoint (-0.09,0.14,0):
tefreqs:, k index, k1, k2, k3, kmag/2pi, te band 1, te band 2, te band 3, te band 4, te band 5, te band 6
Solving for bands 1 to 6...
    near maximum in trace
    iteration    1: trace = 2.44516691540902 (199.66% change)
    iteration    2: trace = 0.5410463077563783 (127.527% change)
    iteration    3: trace = 0.4430558662442619 (19.9147% change)
    iteration    4: trace = 0.4067335341552885 (8.54855% change)
    iteration    5: trace = 0.3987870664631407 (1.973% change)
    iteration    6: trace = 0.3961512081039794 (0.663161% change)
    iteration    7: trace = 0.39562099350559 (0.133931% change)
    iteration    8: trace = 0.3953159200011803 (0.0771423% change)
    iteration    9: trace = 0.3952119353154538 (0.0263077% change)
    iteration   10: trace = 0.3951631389486497 (0.0123476% change)
    iteration   11: trace = 0.3951545443124459 (0.00217498% change)
    iteration   12: trace = 0.395151835223872 (0.000685579% change)
    iteration   13: trace = 0.3951509650071756 (0.000220224% change)
    iteration   14: trace = 0.3951504072984342 (0.000141138% change)
    iteration   15: trace = 0.3951502142283873 (4.88599e-05% change)
    iteration   16: trace = 0.395150145540353 (1.73828e-05% change)
    iteration   17: trace = 0.3951501333416303 (3.08711e-06% change)
    iteration   18: trace = 0.3951501290387823 (1.08891e-06% change)
    iteration   19: trace = 0.3951501271511086 (4.7771e-07% change)
    iteration   20: trace = 0.395150125934498 (3.07886e-07% change)
    iteration   21: trace = 0.3951501255973383 (8.53245e-08% change)
    iteration   22: trace = 0.3951501255225304 (1.89315e-08% change)
    iteration   23: trace = 0.3951501255067955 (3.98201e-09% change)
Finished solving for bands 1 to 6 after 23 iterations.
tefreqs:, 1, -0.09, 0.14, 0, 0.143178, 0.0644721, 0.148903, 0.171579, 0.300832, 0.322451, 0.380668
elapsed time for k point: 3.0981221199035645
total elapsed time for run: 3.1641876697540283
done
Initializing eigensolver data
Computing 6 bands with 1e-10 tolerance
Working in 2 dimensions.
Grid size is 288 x 96 x 1.
Solving for 6 bands at a time.
Creating Maxwell data...
Mesh size is 3.
Lattice vectors:
     (3, 0, 0)
     (0, 1, 0)
     (0, 0, 1)
Cell volume = 3
Reciprocal lattice vectors (/ 2 pi):
     (0.333333, -0, 0)
     (-0, 1, -0)
     (0, -0, 1)
Geometric objects:
     block, center = (0,0,0)
          size (1e+20,1e+20,1)
          axes (1,0,0), (0,1,0), (0,0,1)
     prism, center = (0.0075,-1.38778e-17,0.5)
          height 1, axis (0,0,1), sidewall angle: 0 radians, 4 vertices:
          (0.2575,0.25,0)
          (-0.2425,0.25,0)
          (-0.2425,-0.25,0)
          (0.2575,-0.25,0)
     prism, center = (1.0075,-1.38778e-17,0.5)
          height 1, axis (0,0,1), sidewall angle: 0 radians, 4 vertices:
          (1.2575,0.25,0)
          (0.7575,0.25,0)
          (0.7575,-0.25,0)
          (1.2575,-0.25,0)
     prism, center = (2.0075,-1.38778e-17,0.5)
          height 1, axis (0,0,1), sidewall angle: 0 radians, 4 vertices:
          (2.2575,0.25,0)
          (1.7575,0.25,0)
          (1.7575,-0.25,0)
          (2.2575,-0.25,0)
Geometric object tree has depth 2 and 21 object nodes (vs. 4 actual objects)
Initializing epsilon function...
Allocating fields...
Solving for band polarization: te.
Initializing fields to random numbers...
1 k-points
  Vector3<-0.09, 0.14, 0.0>
elapsed time for initialization: 0.03577232360839844
solve_kpoint (-0.09,0.14,0):
tefreqs:, k index, k1, k2, k3, kmag/2pi, te band 1, te band 2, te band 3, te band 4, te band 5, te band 6
Solving for bands 1 to 6...
    near maximum in trace
    iteration    1: trace = 2.085493133829118 (199.711% change)
    iteration    2: trace = 0.5467267205093247 (116.918% change)
    iteration    3: trace = 0.4480297451422795 (19.8434% change)
    iteration    4: trace = 0.4132972129346381 (8.06489% change)
    iteration    5: trace = 0.4036722742976709 (2.35625% change)
    iteration    6: trace = 0.3992925878055341 (1.09088% change)
    iteration    7: trace = 0.3976038864855945 (0.423819% change)
    iteration    8: trace = 0.3960629004592243 (0.388321% change)
    iteration    9: trace = 0.3954745561308997 (0.148659% change)
    iteration   10: trace = 0.395232879788289 (0.0611291% change)
    iteration   11: trace = 0.3951875133763851 (0.0114791% change)
    iteration   12: trace = 0.3951746836077263 (0.00324655% change)
    iteration   13: trace = 0.3951722144473167 (0.00062483% change)
    iteration   14: trace = 0.3951712563025065 (0.000242463% change)
    iteration   15: trace = 0.3951708861704606 (9.36638e-05% change)
    iteration   16: trace = 0.395170666935247 (5.54786e-05% change)
    iteration   17: trace = 0.3951706072908631 (1.50933e-05% change)
    iteration   18: trace = 0.3951705897578958 (4.43681e-06% change)
    iteration   19: trace = 0.3951705861109342 (9.22883e-07% change)
    iteration   20: trace = 0.3951705849378669 (2.96851e-07% change)
    iteration   21: trace = 0.3951705845197236 (1.05813e-07% change)
    iteration   22: trace = 0.3951705843140222 (5.20538e-08% change)
    iteration   23: trace = 0.3951705842260474 (2.22625e-08% change)
    iteration   24: trace = 0.3951705841988724 (6.8768e-09% change)
Finished solving for bands 1 to 6 after 24 iterations.
tefreqs:, 1, -0.09, 0.14, 0, 0.143178, 0.0644758, 0.148905, 0.171578, 0.300835, 0.322451, 0.380691
elapsed time for k point: 3.111203908920288
total elapsed time for run: 3.1470606327056885
done
Initializing eigensolver data
Computing 6 bands with 1e-10 tolerance
Working in 2 dimensions.
Grid size is 288 x 96 x 1.
Solving for 6 bands at a time.
Creating Maxwell data...
Mesh size is 3.
Lattice vectors:
     (3, 0, 0)
     (0, 1, 0)
     (0, 0, 1)
Cell volume = 3
Reciprocal lattice vectors (/ 2 pi):
     (0.333333, -0, 0)
     (-0, 1, -0)
     (0, -0, 1)
Geometric objects:
     block, center = (0,0,0)
          size (1e+20,1e+20,1)
          axes (1,0,0), (0,1,0), (0,0,1)
     prism, center = (-0.0075,-1.38778e-17,0.5)
          height 1, axis (0,0,1), sidewall angle: 0 radians, 4 vertices:
          (0.2425,0.25,0)
          (-0.2575,0.25,0)
          (-0.2575,-0.25,0)
          (0.2425,-0.25,0)
     prism, center = (0.9925,-1.38778e-17,0.5)
          height 1, axis (0,0,1), sidewall angle: 0 radians, 4 vertices:
          (1.2425,0.25,0)
          (0.7425,0.25,0)
          (0.7425,-0.25,0)
          (1.2425,-0.25,0)
     prism, center = (1.9925,-1.38778e-17,0.5)
          height 1, axis (0,0,1), sidewall angle: 0 radians, 4 vertices:
          (2.2425,0.25,0)
          (1.7425,0.25,0)
          (1.7425,-0.25,0)
          (2.2425,-0.25,0)
Geometric object tree has depth 2 and 21 object nodes (vs. 4 actual objects)
Initializing epsilon function...
Allocating fields...
Solving for band polarization: te.
Initializing fields to random numbers...
1 k-points
  Vector3<-0.09, 0.14, 0.0>
elapsed time for initialization: 0.06529116630554199
solve_kpoint (-0.09,0.14,0):
tefreqs:, k index, k1, k2, k3, kmag/2pi, te band 1, te band 2, te band 3, te band 4, te band 5, te band 6
Solving for bands 1 to 6...
    near maximum in trace
    iteration    1: trace = 1.787259537702576 (199.753% change)
    iteration    2: trace = 0.4980413785141783 (112.827% change)
    iteration    3: trace = 0.4416166875930542 (12.0096% change)
    iteration    4: trace = 0.4232296758260008 (4.25209% change)
    iteration    5: trace = 0.4167589172095539 (1.54068% change)
    iteration    6: trace = 0.411981213392675 (1.153% change)
    iteration    7: trace = 0.407595748309319 (1.07018% change)
    iteration    8: trace = 0.4004510544738209 (1.76839% change)
    iteration    9: trace = 0.3972321679425638 (0.807059% change)
    iteration   10: trace = 0.3956890140039628 (0.389233% change)
    iteration   11: trace = 0.3953663937135219 (0.0815671% change)
    iteration   12: trace = 0.3952355815892069 (0.0330918% change)
    iteration   13: trace = 0.3952014995926516 (0.00862358% change)
    iteration   14: trace = 0.3951809717850789 (0.0051944% change)
    iteration   15: trace = 0.3951736581055186 (0.00185073% change)
    iteration   16: trace = 0.3951713212618614 (0.000591348% change)
    iteration   17: trace = 0.3951708396289317 (0.00012188% change)
    iteration   18: trace = 0.39517067875869 (4.0709e-05% change)
    iteration   19: trace = 0.3951706269943056 (1.30992e-05% change)
    iteration   20: trace = 0.3951705994572952 (6.96839e-06% change)
    iteration   21: trace = 0.3951705888096413 (2.69444e-06% change)
    iteration   22: trace = 0.3951705853252267 (8.81749e-07% change)
    iteration   23: trace = 0.3951705845378911 (1.99239e-07% change)
    iteration   24: trace = 0.3951705843429809 (4.9323e-08% change)
    iteration   25: trace = 0.3951705842598105 (2.10467e-08% change)
    iteration   26: trace = 0.3951705842164992 (1.09602e-08% change)
    iteration   27: trace = 0.3951705841952335 (5.38139e-09% change)
Finished solving for bands 1 to 6 after 27 iterations.
tefreqs:, 1, -0.09, 0.14, 0, 0.143178, 0.0644758, 0.148905, 0.171578, 0.300835, 0.322451, 0.380691
elapsed time for k point: 2.5786311626434326
total elapsed time for run: 2.6439998149871826
done
Initializing eigensolver data
Computing 6 bands with 1e-10 tolerance
Working in 2 dimensions.
Grid size is 288 x 96 x 1.
Solving for 6 bands at a time.
Creating Maxwell data...
Mesh size is 3.
Lattice vectors:
     (3, 0, 0)
     (0, 1, 0)
     (0, 0, 1)
Cell volume = 3
Reciprocal lattice vectors (/ 2 pi):
     (0.333333, -0, 0)
     (-0, 1, -0)
     (0, -0, 1)
Geometric objects:
     block, center = (0,0,0)
          size (1e+20,1e+20,1)
          axes (1,0,0), (0,1,0), (0,0,1)
     prism, center = (0.0153125,-1.38778e-17,0.5)
          height 1, axis (0,0,1), sidewall angle: 0 radians, 4 vertices:
          (0.265313,0.25,0)
          (-0.234687,0.25,0)
          (-0.234688,-0.25,0)
          (0.265312,-0.25,0)
     prism, center = (1.01531,-1.38778e-17,0.5)
          height 1, axis (0,0,1), sidewall angle: 0 radians, 4 vertices:
          (1.26531,0.25,0)
          (0.765312,0.25,0)
          (0.765312,-0.25,0)
          (1.26531,-0.25,0)
     prism, center = (2.01531,-1.38778e-17,0.5)
          height 1, axis (0,0,1), sidewall angle: 0 radians, 4 vertices:
          (2.26531,0.25,0)
          (1.76531,0.25,0)
          (1.76531,-0.25,0)
          (2.26531,-0.25,0)
Geometric object tree has depth 2 and 21 object nodes (vs. 4 actual objects)
Initializing epsilon function...
Allocating fields...
Solving for band polarization: te.
Initializing fields to random numbers...
1 k-points
  Vector3<-0.09, 0.14, 0.0>
elapsed time for initialization: 0.033127546310424805
solve_kpoint (-0.09,0.14,0):
tefreqs:, k index, k1, k2, k3, kmag/2pi, te band 1, te band 2, te band 3, te band 4, te band 5, te band 6
Solving for bands 1 to 6...
    near maximum in trace
    iteration    1: trace = 2.271573456597343 (199.689% change)
    iteration    2: trace = 0.6272325180789577 (113.45% change)
    iteration    3: trace = 0.4347210062425513 (36.2561% change)
    iteration    4: trace = 0.4169931612379393 (4.16286% change)
    iteration    5: trace = 0.4064050620408957 (2.57181% change)
    iteration    6: trace = 0.4024504920353668 (0.977819% change)
    iteration    7: trace = 0.3984269180687798 (1.00479% change)
    iteration    8: trace = 0.3968031946250393 (0.408366% change)
    iteration    9: trace = 0.3958648839157689 (0.236747% change)
    iteration   10: trace = 0.3956823641019813 (0.0461172% change)
    iteration   11: trace = 0.3955956781697573 (0.0219104% change)
    iteration   12: trace = 0.3955677797159467 (0.00705251% change)
    iteration   13: trace = 0.3955484215190069 (0.00489389% change)
    iteration   14: trace = 0.3955434356491175 (0.0012605% change)
    iteration   15: trace = 0.3955419260326494 (0.000381657% change)
    iteration   16: trace = 0.3955416521844927 (6.92337e-05% change)
    iteration   17: trace = 0.3955415578222681 (2.38565e-05% change)
    iteration   18: trace = 0.3955415222373407 (8.99651e-06% change)
    iteration   19: trace = 0.3955415049808204 (4.36276e-06% change)
    iteration   20: trace = 0.3955414974153074 (1.9127e-06% change)
    iteration   21: trace = 0.3955414949217384 (6.30419e-07% change)
    iteration   22: trace = 0.3955414942304575 (1.74768e-07% change)
    iteration   23: trace = 0.3955414940929716 (3.47589e-08% change)
    iteration   24: trace = 0.3955414940485171 (1.12389e-08% change)
    iteration   25: trace = 0.395541494032096 (4.15155e-09% change)
Finished solving for bands 1 to 6 after 25 iterations.
tefreqs:, 1, -0.09, 0.14, 0, 0.143178, 0.0645251, 0.148936, 0.171608, 0.300922, 0.322544, 0.380997
elapsed time for k point: 2.090801239013672
total elapsed time for run: 2.124129056930542
done
Initializing eigensolver data
Computing 6 bands with 1e-10 tolerance
Working in 2 dimensions.
Grid size is 288 x 96 x 1.
Solving for 6 bands at a time.
Creating Maxwell data...
Mesh size is 3.
Lattice vectors:
     (3, 0, 0)
     (0, 1, 0)
     (0, 0, 1)
Cell volume = 3
Reciprocal lattice vectors (/ 2 pi):
     (0.333333, -0, 0)
     (-0, 1, -0)
     (0, -0, 1)
Geometric objects:
     block, center = (0,0,0)
          size (1e+20,1e+20,1)
          axes (1,0,0), (0,1,0), (0,0,1)
     prism, center = (0.0003125,-1.38778e-17,0.5)
          height 1, axis (0,0,1), sidewall angle: 0 radians, 4 vertices:
          (0.250312,0.25,0)
          (-0.249687,0.25,0)
          (-0.249688,-0.25,0)
          (0.250312,-0.25,0)
     prism, center = (1.00031,-1.38778e-17,0.5)
          height 1, axis (0,0,1), sidewall angle: 0 radians, 4 vertices:
          (1.25031,0.25,0)
          (0.750313,0.25,0)
          (0.750313,-0.25,0)
          (1.25031,-0.25,0)
     prism, center = (2.00031,-1.38778e-17,0.5)
          height 1, axis (0,0,1), sidewall angle: 0 radians, 4 vertices:
          (2.25031,0.25,0)
          (1.75031,0.25,0)
          (1.75031,-0.25,0)
          (2.25031,-0.25,0)
Geometric object tree has depth 2 and 21 object nodes (vs. 4 actual objects)
Initializing epsilon function...
Allocating fields...
Solving for band polarization: te.
Initializing fields to random numbers...
1 k-points
  Vector3<-0.09, 0.14, 0.0>
elapsed time for initialization: 0.03254342079162598
solve_kpoint (-0.09,0.14,0):
tefreqs:, k index, k1, k2, k3, kmag/2pi, te band 1, te band 2, te band 3, te band 4, te band 5, te band 6
Solving for bands 1 to 6...
    near maximum in trace
    iteration    1: trace = 2.398032468160633 (199.668% change)
    iteration    2: trace = 0.6387420027851547 (115.866% change)
    iteration    3: trace = 0.4635518937311088 (31.7865% change)
    iteration    4: trace = 0.4373464246921365 (5.81763% change)
    iteration    5: trace = 0.4241466927974216 (3.06438% change)
    iteration    6: trace = 0.4182422095918871 (1.40184% change)
    iteration    7: trace = 0.4117882123395308 (1.55512% change)
    iteration    8: trace = 0.404380513618683 (1.81524% change)
    iteration    9: trace = 0.3988139503686005 (1.38611% change)
    iteration   10: trace = 0.3966691107154837 (0.539255% change)
    iteration   11: trace = 0.3958416503331423 (0.20882% change)
    iteration   12: trace = 0.3955451033175234 (0.0749436% change)
    iteration   13: trace = 0.3953858161576948 (0.0402784% change)
    iteration   14: trace = 0.3953267723209877 (0.0149343% change)
    iteration   15: trace = 0.3953023675263093 (0.00617351% change)
    iteration   16: trace = 0.3952962275161024 (0.00155326% change)
    iteration   17: trace = 0.3952943371351699 (0.00047822% change)
    iteration   18: trace = 0.3952937390228415 (0.000151308% change)
    iteration   19: trace = 0.3952934413212096 (7.53115e-05% change)
    iteration   20: trace = 0.3952933145850477 (3.20613e-05% change)
    iteration   21: trace = 0.3952932725581897 (1.06318e-05% change)
    iteration   22: trace = 0.3952932631720112 (2.37448e-06% change)
    iteration   23: trace = 0.3952932612728464 (4.80445e-07% change)
    iteration   24: trace = 0.3952932607712105 (1.26902e-07% change)
    iteration   25: trace = 0.395293260624799 (3.70387e-08% change)
    iteration   26: trace = 0.3952932605489703 (1.91829e-08% change)
    iteration   27: trace = 0.3952932605185014 (7.70794e-09% change)
Finished solving for bands 1 to 6 after 27 iterations.
tefreqs:, 1, -0.09, 0.14, 0, 0.143178, 0.0644867, 0.148911, 0.171586, 0.300867, 0.32249, 0.380785
elapsed time for k point: 3.062680244445801
total elapsed time for run: 3.0952959060668945
done
Initializing eigensolver data
Computing 6 bands with 1e-10 tolerance
Working in 2 dimensions.
Grid size is 288 x 96 x 1.
Solving for 6 bands at a time.
Creating Maxwell data...
Mesh size is 3.
Lattice vectors:
     (3, 0, 0)
     (0, 1, 0)
     (0, 0, 1)
Cell volume = 3
Reciprocal lattice vectors (/ 2 pi):
     (0.333333, -0, 0)
     (-0, 1, -0)
     (0, -0, 1)
Geometric objects:
     block, center = (0,0,0)
          size (1e+20,1e+20,1)
          axes (1,0,0), (0,1,0), (0,0,1)
     prism, center = (0.023125,-1.38778e-17,0.5)
          height 1, axis (0,0,1), sidewall angle: 0 radians, 4 vertices:
          (0.273125,0.25,0)
          (-0.226875,0.25,0)
          (-0.226875,-0.25,0)
          (0.273125,-0.25,0)
     prism, center = (1.02313,-1.38778e-17,0.5)
          height 1, axis (0,0,1), sidewall angle: 0 radians, 4 vertices:
          (1.27313,0.25,0)
          (0.773125,0.25,0)
          (0.773125,-0.25,0)
          (1.27313,-0.25,0)
     prism, center = (2.02312,-1.38778e-17,0.5)
          height 1, axis (0,0,1), sidewall angle: 0 radians, 4 vertices:
          (2.27312,0.25,0)
          (1.77313,0.25,0)
          (1.77313,-0.25,0)
          (2.27312,-0.25,0)
Geometric object tree has depth 2 and 21 object nodes (vs. 4 actual objects)
Initializing epsilon function...
Allocating fields...
Solving for band polarization: te.
Initializing fields to random numbers...
1 k-points
  Vector3<-0.09, 0.14, 0.0>
elapsed time for initialization: 0.03250885009765625
solve_kpoint (-0.09,0.14,0):
tefreqs:, k index, k1, k2, k3, kmag/2pi, te band 1, te band 2, te band 3, te band 4, te band 5, te band 6
Solving for bands 1 to 6...
    near maximum in trace
    iteration    1: trace = 2.191248698649952 (199.698% change)
    iteration    2: trace = 0.5987849694611003 (114.154% change)
    iteration    3: trace = 0.481789863904849 (21.6542% change)
    iteration    4: trace = 0.4364169689562676 (9.88294% change)
    iteration    5: trace = 0.4237615613320935 (2.94251% change)
    iteration    6: trace = 0.4150754201661768 (2.071% change)
    iteration    7: trace = 0.4086767027860493 (1.55355% change)
    iteration    8: trace = 0.4011510706260858 (1.85858% change)
    iteration    9: trace = 0.3979864207271092 (0.792016% change)
    iteration   10: trace = 0.3962750179555434 (0.430942% change)
    iteration   11: trace = 0.3958204851825487 (0.114767% change)
    iteration   12: trace = 0.3955331474687072 (0.0726193% change)
    iteration   13: trace = 0.3954149195165556 (0.0298953% change)
    iteration   14: trace = 0.3953649064808819 (0.012649% change)
    iteration   15: trace = 0.3953555051372019 (0.00237792% change)
    iteration   16: trace = 0.3953527034885675 (0.000708643% change)
    iteration   17: trace = 0.3953518362270119 (0.000219364% change)
    iteration   18: trace = 0.3953513717416863 (0.000117487% change)
    iteration   19: trace = 0.3953512075332101 (4.15348e-05% change)
    iteration   20: trace = 0.3953511341889219 (1.85517e-05% change)
    iteration   21: trace = 0.3953511181514257 (4.05652e-06% change)
    iteration   22: trace = 0.3953511138774661 (1.08105e-06% change)
    iteration   23: trace = 0.3953511128646462 (2.56182e-07% change)
    iteration   24: trace = 0.3953511125474218 (8.02387e-08% change)
    iteration   25: trace = 0.3953511124261171 (3.06828e-08% change)
    iteration   26: trace = 0.3953511123832505 (1.08427e-08% change)
    iteration   27: trace = 0.3953511123685448 (3.71966e-09% change)
Finished solving for bands 1 to 6 after 27 iterations.
tefreqs:, 1, -0.09, 0.14, 0, 0.143178, 0.0645004, 0.148915, 0.17159, 0.300867, 0.32249, 0.380856
elapsed time for k point: 2.6474549770355225
total elapsed time for run: 2.6800670623779297
done
Initializing eigensolver data
Computing 6 bands with 1e-10 tolerance
Working in 2 dimensions.
Grid size is 288 x 96 x 1.
Solving for 6 bands at a time.
Creating Maxwell data...
Mesh size is 3.
Lattice vectors:
     (3, 0, 0)
     (0, 1, 0)
     (0, 0, 1)
Cell volume = 3
Reciprocal lattice vectors (/ 2 pi):
     (0.333333, -0, 0)
     (-0, 1, -0)
     (0, -0, 1)
Geometric objects:
     block, center = (0,0,0)
          size (1e+20,1e+20,1)
          axes (1,0,0), (0,1,0), (0,0,1)
     prism, center = (0.008125,-1.38778e-17,0.5)
          height 1, axis (0,0,1), sidewall angle: 0 radians, 4 vertices:
          (0.258125,0.25,0)
          (-0.241875,0.25,0)
          (-0.241875,-0.25,0)
          (0.258125,-0.25,0)
     prism, center = (1.00812,-1.38778e-17,0.5)
          height 1, axis (0,0,1), sidewall angle: 0 radians, 4 vertices:
          (1.25812,0.25,0)
          (0.758125,0.25,0)
          (0.758125,-0.25,0)
          (1.25812,-0.25,0)
     prism, center = (2.00813,-1.38778e-17,0.5)
          height 1, axis (0,0,1), sidewall angle: 0 radians, 4 vertices:
          (2.25813,0.25,0)
          (1.75812,0.25,0)
          (1.75812,-0.25,0)
          (2.25813,-0.25,0)
Geometric object tree has depth 2 and 21 object nodes (vs. 4 actual objects)
Initializing epsilon function...
Allocating fields...
Solving for band polarization: te.
Initializing fields to random numbers...
1 k-points
  Vector3<-0.09, 0.14, 0.0>
elapsed time for initialization: 0.03261113166809082
solve_kpoint (-0.09,0.14,0):
tefreqs:, k index, k1, k2, k3, kmag/2pi, te band 1, te band 2, te band 3, te band 4, te band 5, te band 6
Solving for bands 1 to 6...
    near maximum in trace
    iteration    1: trace = 1.944164837332327 (199.73% change)
    iteration    2: trace = 0.5206303508966332 (115.509% change)
    iteration    3: trace = 0.4508617978191081 (14.3632% change)
    iteration    4: trace = 0.4269799828175102 (5.44103% change)
    iteration    5: trace = 0.4171491349538552 (2.32923% change)
    iteration    6: trace = 0.4095089094437758 (1.84846% change)
    iteration    7: trace = 0.4028889568400448 (1.62973% change)
    iteration    8: trace = 0.3975876565680866 (1.32454% change)
    iteration    9: trace = 0.3961069378873829 (0.373121% change)
    iteration   10: trace = 0.3956154819526552 (0.124149% change)
    iteration   11: trace = 0.3954754221109412 (0.0354093% change)
    iteration   12: trace = 0.3954011079847521 (0.0187929% change)
    iteration   13: trace = 0.3953674341457646 (0.00851674% change)
    iteration   14: trace = 0.3953553563293267 (0.00305488% change)
    iteration   15: trace = 0.395352411396008 (0.000744885% change)
    iteration   16: trace = 0.3953517214141464 (0.000174523% change)
    iteration   17: trace = 0.3953513917039114 (8.33967e-05% change)
    iteration   18: trace = 0.3953512129289349 (4.52193e-05% change)
    iteration   19: trace = 0.3953511373703466 (1.91118e-05% change)
    iteration   20: trace = 0.3953511189974009 (4.64725e-06% change)
    iteration   21: trace = 0.3953511139790102 (1.26935e-06% change)
    iteration   22: trace = 0.3953511129189861 (2.68122e-07% change)
    iteration   23: trace = 0.3953511125576241 (9.14028e-08% change)
    iteration   24: trace = 0.3953511124408491 (2.9537e-08% change)
    iteration   25: trace = 0.3953511123841895 (1.43315e-08% change)
    iteration   26: trace = 0.3953511123684664 (3.97701e-09% change)
Finished solving for bands 1 to 6 after 26 iterations.
tefreqs:, 1, -0.09, 0.14, 0, 0.143178, 0.0645004, 0.148915, 0.17159, 0.300867, 0.32249, 0.380856
elapsed time for k point: 2.2433135509490967
total elapsed time for run: 2.2760088443756104
done
Initializing eigensolver data
Computing 6 bands with 1e-10 tolerance
Working in 2 dimensions.
Grid size is 288 x 96 x 1.
Solving for 6 bands at a time.
Creating Maxwell data...
Mesh size is 3.
Lattice vectors:
     (3, 0, 0)
     (0, 1, 0)
     (0, 0, 1)
Cell volume = 3
Reciprocal lattice vectors (/ 2 pi):
     (0.333333, -0, 0)
     (-0, 1, -0)
     (0, -0, 1)
Geometric objects:
     block, center = (0,0,0)
          size (1e+20,1e+20,1)
          axes (1,0,0), (0,1,0), (0,0,1)
     prism, center = (0.0309375,-1.38778e-17,0.5)
          height 1, axis (0,0,1), sidewall angle: 0 radians, 4 vertices:
          (0.280938,0.25,0)
          (-0.219062,0.25,0)
          (-0.219063,-0.25,0)
          (0.280937,-0.25,0)
     prism, center = (1.03094,-1.38778e-17,0.5)
          height 1, axis (0,0,1), sidewall angle: 0 radians, 4 vertices:
          (1.28094,0.25,0)
          (0.780937,0.25,0)
          (0.780937,-0.25,0)
          (1.28094,-0.25,0)
     prism, center = (2.03094,-1.38778e-17,0.5)
          height 1, axis (0,0,1), sidewall angle: 0 radians, 4 vertices:
          (2.28094,0.25,0)
          (1.78094,0.25,0)
          (1.78094,-0.25,0)
          (2.28094,-0.25,0)
Geometric object tree has depth 2 and 21 object nodes (vs. 4 actual objects)
Initializing epsilon function...
Allocating fields...
Solving for band polarization: te.
Initializing fields to random numbers...
1 k-points
  Vector3<-0.09, 0.14, 0.0>
elapsed time for initialization: 0.03281879425048828
solve_kpoint (-0.09,0.14,0):
tefreqs:, k index, k1, k2, k3, kmag/2pi, te band 1, te band 2, te band 3, te band 4, te band 5, te band 6
Solving for bands 1 to 6...
    near maximum in trace
    iteration    1: trace = 2.217738426716209 (199.693% change)
    iteration    2: trace = 0.5286625307424542 (123.003% change)
    iteration    3: trace = 0.4385712843513229 (18.6286% change)
    iteration    4: trace = 0.4104274127959688 (6.6299% change)
    iteration    5: trace = 0.4030956255043425 (1.80248% change)
    iteration    6: trace = 0.3989870594161964 (1.02447% change)
    iteration    7: trace = 0.3970673027752417 (0.482318% change)
    iteration    8: trace = 0.3957833868887572 (0.323873% change)
    iteration    9: trace = 0.3954661320865311 (0.0801908% change)
    iteration   10: trace = 0.3953520049932613 (0.028863% change)
    iteration   11: trace = 0.395321787286504 (0.00764353% change)
    iteration   12: trace = 0.3953039187385841 (0.0045201% change)
    iteration   13: trace = 0.3952970164985685 (0.00174607% change)
    iteration   14: trace = 0.3952941016454989 (0.000737386% change)
    iteration   15: trace = 0.3952935112638262 (0.000149353% change)
    iteration   16: trace = 0.395293334991533 (4.45928e-05% change)
    iteration   17: trace = 0.3952932918341748 (1.09178e-05% change)
    iteration   18: trace = 0.3952932731608829 (4.72391e-06% change)
    iteration   19: trace = 0.3952932656391709 (1.90282e-06% change)
    iteration   20: trace = 0.395293261739902 (9.86424e-07% change)
    iteration   21: trace = 0.3952932607712935 (2.45035e-07% change)
    iteration   22: trace = 0.3952932605595799 (5.35586e-08% change)
    iteration   23: trace = 0.3952932605180798 (1.04986e-08% change)
    iteration   24: trace = 0.3952932605086077 (2.3962e-09% change)
Finished solving for bands 1 to 6 after 24 iterations.
tefreqs:, 1, -0.09, 0.14, 0, 0.143178, 0.0644867, 0.148911, 0.171586, 0.300867, 0.32249, 0.380785
elapsed time for k point: 1.9707176685333252
total elapsed time for run: 2.0036823749542236
done
Initializing eigensolver data
Computing 6 bands with 1e-10 tolerance
Working in 2 dimensions.
Grid size is 288 x 96 x 1.
Solving for 6 bands at a time.
Creating Maxwell data...
Mesh size is 3.
Lattice vectors:
     (3, 0, 0)
     (0, 1, 0)
     (0, 0, 1)
Cell volume = 3
Reciprocal lattice vectors (/ 2 pi):
     (0.333333, -0, 0)
     (-0, 1, -0)
     (0, -0, 1)
Geometric objects:
     block, center = (0,0,0)
          size (1e+20,1e+20,1)
          axes (1,0,0), (0,1,0), (0,0,1)
     prism, center = (0.0159375,-1.38778e-17,0.5)
          height 1, axis (0,0,1), sidewall angle: 0 radians, 4 vertices:
          (0.265937,0.25,0)
          (-0.234062,0.25,0)
          (-0.234063,-0.25,0)
          (0.265937,-0.25,0)
     prism, center = (1.01594,-1.38778e-17,0.5)
          height 1, axis (0,0,1), sidewall angle: 0 radians, 4 vertices:
          (1.26594,0.25,0)
          (0.765938,0.25,0)
          (0.765938,-0.25,0)
          (1.26594,-0.25,0)
     prism, center = (2.01594,-1.38778e-17,0.5)
          height 1, axis (0,0,1), sidewall angle: 0 radians, 4 vertices:
          (2.26594,0.25,0)
          (1.76594,0.25,0)
          (1.76594,-0.25,0)
          (2.26594,-0.25,0)
Geometric object tree has depth 2 and 21 object nodes (vs. 4 actual objects)
Initializing epsilon function...
Allocating fields...
Solving for band polarization: te.
Initializing fields to random numbers...
1 k-points
  Vector3<-0.09, 0.14, 0.0>
elapsed time for initialization: 0.058957576751708984
solve_kpoint (-0.09,0.14,0):
tefreqs:, k index, k1, k2, k3, kmag/2pi, te band 1, te band 2, te band 3, te band 4, te band 5, te band 6
Solving for bands 1 to 6...
    near maximum in trace
    iteration    1: trace = 2.182915950912971 (199.7% change)
    iteration    2: trace = 0.6350027711855269 (109.862% change)
    iteration    3: trace = 0.4363294359572613 (37.089% change)
    iteration    4: trace = 0.4140802017703038 (5.23259% change)
    iteration    5: trace = 0.4021646313389754 (2.91961% change)
    iteration    6: trace = 0.3993765234657498 (0.695687% change)
    iteration    7: trace = 0.3972863392068077 (0.524735% change)
    iteration    8: trace = 0.3963980175579597 (0.223848% change)
    iteration    9: trace = 0.395743575338105 (0.165234% change)
    iteration   10: trace = 0.395608606248064 (0.034111% change)
    iteration   11: trace = 0.3955587139197386 (0.0126123% change)
    iteration   12: trace = 0.3955494109267889 (0.00235189% change)
    iteration   13: trace = 0.3955445953010272 (0.00121746% change)
    iteration   14: trace = 0.3955428998807201 (0.00042863% change)
    iteration   15: trace = 0.3955419077711254 (0.000250823% change)
    iteration   16: trace = 0.3955416194944394 (7.28815e-05% change)
    iteration   17: trace = 0.3955415229582502 (2.44061e-05% change)
    iteration   18: trace = 0.3955415030330532 (5.03745e-06% change)
    iteration   19: trace = 0.3955414975274364 (1.39192e-06% change)
    iteration   20: trace = 0.3955414954705451 (5.20019e-07% change)
    iteration   21: trace = 0.3955414945869625 (2.23386e-07% change)
    iteration   22: trace = 0.3955414941761127 (1.0387e-07% change)
    iteration   23: trace = 0.3955414940640177 (2.83396e-08% change)
    iteration   24: trace = 0.395541494030465 (8.48274e-09% change)
Finished solving for bands 1 to 6 after 24 iterations.
tefreqs:, 1, -0.09, 0.14, 0, 0.143178, 0.0645251, 0.148936, 0.171608, 0.300922, 0.322544, 0.380997
elapsed time for k point: 2.540249824523926
total elapsed time for run: 2.599313735961914
done
Initializing eigensolver data
Computing 6 bands with 1e-10 tolerance
Working in 2 dimensions.
Grid size is 288 x 96 x 1.
Solving for 6 bands at a time.
Creating Maxwell data...
Mesh size is 3.
Lattice vectors:
     (3, 0, 0)
     (0, 1, 0)
     (0, 0, 1)
Cell volume = 3
Reciprocal lattice vectors (/ 2 pi):
     (0.333333, -0, 0)
     (-0, 1, -0)
     (0, -0, 1)
Geometric objects:
     block, center = (0,0,0)
          size (1e+20,1e+20,1)
          axes (1,0,0), (0,1,0), (0,0,1)
     prism, center = (0.015,-1.38778e-17,0.5)
          height 1, axis (0,0,1), sidewall angle: 0 radians, 4 vertices:
          (0.265,0.25,0)
          (-0.235,0.25,0)
          (-0.235,-0.25,0)
          (0.265,-0.25,0)
     prism, center = (1.015,-1.38778e-17,0.5)
          height 1, axis (0,0,1), sidewall angle: 0 radians, 4 vertices:
          (1.265,0.25,0)
          (0.765,0.25,0)
          (0.765,-0.25,0)
          (1.265,-0.25,0)
     prism, center = (2.015,-1.38778e-17,0.5)
          height 1, axis (0,0,1), sidewall angle: 0 radians, 4 vertices:
          (2.265,0.25,0)
          (1.765,0.25,0)
          (1.765,-0.25,0)
          (2.265,-0.25,0)
Geometric object tree has depth 2 and 21 object nodes (vs. 4 actual objects)
Initializing epsilon function...
Allocating fields...
Solving for band polarization: te.
Initializing fields to random numbers...
1 k-points
  Vector3<-0.09, 0.14, 0.0>
elapsed time for initialization: 0.0676889419555664
solve_kpoint (-0.09,0.14,0):
tefreqs:, k index, k1, k2, k3, kmag/2pi, te band 1, te band 2, te band 3, te band 4, te band 5, te band 6
Solving for bands 1 to 6...
    near maximum in trace
    iteration    1: trace = 2.240724730327331 (199.691% change)
    iteration    2: trace = 0.5397459830116164 (122.352% change)
    iteration    3: trace = 0.4467394107063006 (18.8561% change)
    iteration    4: trace = 0.4166291567414902 (6.97506% change)
    iteration    5: trace = 0.4075151208806902 (2.21176% change)
    iteration    6: trace = 0.401957974567285 (1.37303% change)
    iteration    7: trace = 0.3989026237273746 (0.763017% change)
    iteration    8: trace = 0.3966458479282258 (0.567351% change)
    iteration    9: trace = 0.3959042641186981 (0.187139% change)
    iteration   10: trace = 0.3955885975175987 (0.0797649% change)
    iteration   11: trace = 0.3955153958311558 (0.0185062% change)
    iteration   12: trace = 0.3954926713596536 (0.0057457% change)
    iteration   13: trace = 0.3954835810534252 (0.0022985% change)
    iteration   14: trace = 0.3954784165252219 (0.00130589% change)
    iteration   15: trace = 0.3954763116030708 (0.000532248% change)
    iteration   16: trace = 0.3954756148083647 (0.000176191% change)
    iteration   17: trace = 0.3954754202298802 (4.92011e-05% change)
    iteration   18: trace = 0.3954753774870214 (1.0808e-05% change)
    iteration   19: trace = 0.3954753643207453 (3.32923e-06% change)
    iteration   20: trace = 0.3954753597576346 (1.15383e-06% change)
    iteration   21: trace = 0.3954753572195531 (6.4178e-07% change)
    iteration   22: trace = 0.3954753564840479 (1.8598e-07% change)
    iteration   23: trace = 0.3954753562652914 (5.53148e-08% change)
    iteration   24: trace = 0.3954753562280322 (9.42137e-09% change)
Finished solving for bands 1 to 6 after 24 iterations.
tefreqs:, 1, -0.09, 0.14, 0, 0.143178, 0.0645162, 0.148929, 0.171602, 0.300905, 0.322527, 0.380944
elapsed time for k point: 2.337700843811035
total elapsed time for run: 2.405470609664917
done
Initializing eigensolver data
Computing 6 bands with 1e-10 tolerance
Working in 2 dimensions.
Grid size is 288 x 96 x 1.
Solving for 6 bands at a time.
Creating Maxwell data...
Mesh size is 3.
Lattice vectors:
     (3, 0, 0)
     (0, 1, 0)
     (0, 0, 1)
Cell volume = 3
Reciprocal lattice vectors (/ 2 pi):
     (0.333333, -0, 0)
     (-0, 1, -0)
     (0, -0, 1)
Geometric objects:
     block, center = (0,0,0)
          size (1e+20,1e+20,1)
          axes (1,0,0), (0,1,0), (0,0,1)
     prism, center = (-0.015,-1.38778e-17,0.5)
          height 1, axis (0,0,1), sidewall angle: 0 radians, 4 vertices:
          (0.235,0.25,0)
          (-0.265,0.25,0)
          (-0.265,-0.25,0)
          (0.235,-0.25,0)
     prism, center = (0.985,-1.38778e-17,0.5)
          height 1, axis (0,0,1), sidewall angle: 0 radians, 4 vertices:
          (1.235,0.25,0)
          (0.735,0.25,0)
          (0.735,-0.25,0)
          (1.235,-0.25,0)
     prism, center = (1.985,-1.38778e-17,0.5)
          height 1, axis (0,0,1), sidewall angle: 0 radians, 4 vertices:
          (2.235,0.25,0)
          (1.735,0.25,0)
          (1.735,-0.25,0)
          (2.235,-0.25,0)
Geometric object tree has depth 2 and 21 object nodes (vs. 4 actual objects)
Initializing epsilon function...
Allocating fields...
Solving for band polarization: te.
Initializing fields to random numbers...
1 k-points
  Vector3<-0.09, 0.14, 0.0>
elapsed time for initialization: 0.06473231315612793
solve_kpoint (-0.09,0.14,0):
tefreqs:, k index, k1, k2, k3, kmag/2pi, te band 1, te band 2, te band 3, te band 4, te band 5, te band 6
Solving for bands 1 to 6...
    near maximum in trace
    iteration    1: trace = 2.144217471026722 (199.705% change)
    iteration    2: trace = 0.5211497473989873 (121.789% change)
    iteration    3: trace = 0.4414084197392082 (16.5686% change)
    iteration    4: trace = 0.4145448030966294 (6.27689% change)
    iteration    5: trace = 0.4064795178281375 (1.96469% change)
    iteration    6: trace = 0.4018146617902582 (1.15425% change)
    iteration    7: trace = 0.3992491468112183 (0.640527% change)
    iteration    8: trace = 0.3966734448914862 (0.647224% change)
    iteration    9: trace = 0.3958317799367681 (0.212406% change)
    iteration   10: trace = 0.3955556154799719 (0.0697925% change)
    iteration   11: trace = 0.3955029323250544 (0.0133197% change)
    iteration   12: trace = 0.3954858706020544 (0.00431402% change)
    iteration   13: trace = 0.3954800312177951 (0.00147652% change)
    iteration   14: trace = 0.3954770671911734 (0.000749478% change)
    iteration   15: trace = 0.3954758849689679 (0.000298936% change)
    iteration   16: trace = 0.3954754960131501 (9.83514e-05% change)
    iteration   17: trace = 0.395475400880655 (2.40552e-05% change)
    iteration   18: trace = 0.3954753737677965 (6.85576e-06% change)
    iteration   19: trace = 0.3954753636050773 (2.56975e-06% change)
    iteration   20: trace = 0.3954753592731538 (1.09537e-06% change)
    iteration   21: trace = 0.3954753570971837 (5.50216e-07% change)
    iteration   22: trace = 0.3954753564619579 (1.60623e-07% change)
    iteration   23: trace = 0.3954753562763555 (4.69315e-08% change)
    iteration   24: trace = 0.395475356238986 (9.44927e-09% change)
Finished solving for bands 1 to 6 after 24 iterations.
tefreqs:, 1, -0.09, 0.14, 0, 0.143178, 0.0645162, 0.148929, 0.171602, 0.300905, 0.322527, 0.380944
elapsed time for k point: 2.443450450897217
total elapsed time for run: 2.508549213409424
done
Initializing eigensolver data
Computing 6 bands with 1e-10 tolerance
Working in 2 dimensions.
Grid size is 288 x 96 x 1.
Solving for 6 bands at a time.
Creating Maxwell data...
Mesh size is 3.
Lattice vectors:
     (3, 0, 0)
     (0, 1, 0)
     (0, 0, 1)
Cell volume = 3
Reciprocal lattice vectors (/ 2 pi):
     (0.333333, -0, 0)
     (-0, 1, -0)
     (0, -0, 1)
Geometric objects:
     block, center = (0,0,0)
          size (1e+20,1e+20,1)
          axes (1,0,0), (0,1,0), (0,0,1)
     prism, center = (0.0228125,-1.38778e-17,0.5)
          height 1, axis (0,0,1), sidewall angle: 0 radians, 4 vertices:
          (0.272813,0.25,0)
          (-0.227187,0.25,0)
          (-0.227188,-0.25,0)
          (0.272812,-0.25,0)
     prism, center = (1.02281,-1.38778e-17,0.5)
          height 1, axis (0,0,1), sidewall angle: 0 radians, 4 vertices:
          (1.27281,0.25,0)
          (0.772813,0.25,0)
          (0.772813,-0.25,0)
          (1.27281,-0.25,0)
     prism, center = (2.02281,-1.38778e-17,0.5)
          height 1, axis (0,0,1), sidewall angle: 0 radians, 4 vertices:
          (2.27281,0.25,0)
          (1.77281,0.25,0)
          (1.77281,-0.25,0)
          (2.27281,-0.25,0)
Geometric object tree has depth 2 and 21 object nodes (vs. 4 actual objects)
Initializing epsilon function...
Allocating fields...
Solving for band polarization: te.
Initializing fields to random numbers...
1 k-points
  Vector3<-0.09, 0.14, 0.0>
elapsed time for initialization: 0.03779006004333496
solve_kpoint (-0.09,0.14,0):
tefreqs:, k index, k1, k2, k3, kmag/2pi, te band 1, te band 2, te band 3, te band 4, te band 5, te band 6
Solving for bands 1 to 6...
    near maximum in trace
    iteration    1: trace = 1.854408691032265 (199.744% change)
    iteration    2: trace = 0.4950087218720725 (115.722% change)
    iteration    3: trace = 0.4356240195876485 (12.7622% change)
    iteration    4: trace = 0.4150495074865931 (4.83723% change)
    iteration    5: trace = 0.4079446320766567 (1.72659% change)
    iteration    6: trace = 0.4022922712912473 (1.39524% change)
    iteration    7: trace = 0.3991295706366626 (0.789272% change)
    iteration    8: trace = 0.3965553516039987 (0.647045% change)
    iteration    9: trace = 0.3957786070669239 (0.196065% change)
    iteration   10: trace = 0.3954774172486989 (0.0761295% change)
    iteration   11: trace = 0.3954087515831246 (0.0173642% change)
    iteration   12: trace = 0.3953766191766447 (0.00812671% change)
    iteration   13: trace = 0.3953644930334723 (0.00306703% change)
    iteration   14: trace = 0.3953585790348391 (0.00149585% change)
    iteration   15: trace = 0.3953571339050228 (0.000365524% change)
    iteration   16: trace = 0.3953567311223965 (0.000101878% change)
    iteration   17: trace = 0.3953566287083256 (2.59042e-05% change)
    iteration   18: trace = 0.3953565932075502 (8.97943e-06% change)
    iteration   19: trace = 0.3953565777374392 (3.91295e-06% change)
    iteration   20: trace = 0.3953565696033683 (2.0574e-06% change)
    iteration   21: trace = 0.3953565669588833 (6.68886e-07% change)
    iteration   22: trace = 0.3953565663488557 (1.54298e-07% change)
    iteration   23: trace = 0.3953565661980294 (3.81494e-08% change)
    iteration   24: trace = 0.3953565661588366 (9.91328e-09% change)
Finished solving for bands 1 to 6 after 24 iterations.
tefreqs:, 1, -0.09, 0.14, 0, 0.143178, 0.0645011, 0.148916, 0.17159, 0.300868, 0.322491, 0.380861
elapsed time for k point: 2.6956021785736084
total elapsed time for run: 2.7334799766540527
done
Initializing eigensolver data
Computing 6 bands with 1e-10 tolerance
Working in 2 dimensions.
Grid size is 288 x 96 x 1.
Solving for 6 bands at a time.
Creating Maxwell data...
Mesh size is 3.
Lattice vectors:
     (3, 0, 0)
     (0, 1, 0)
     (0, 0, 1)
Cell volume = 3
Reciprocal lattice vectors (/ 2 pi):
     (0.333333, -0, 0)
     (-0, 1, -0)
     (0, -0, 1)
Geometric objects:
     block, center = (0,0,0)
          size (1e+20,1e+20,1)
          axes (1,0,0), (0,1,0), (0,0,1)
     prism, center = (-0.0071875,-1.38778e-17,0.5)
          height 1, axis (0,0,1), sidewall angle: 0 radians, 4 vertices:
          (0.242812,0.25,0)
          (-0.257187,0.25,0)
          (-0.257188,-0.25,0)
          (0.242812,-0.25,0)
     prism, center = (0.992813,-1.38778e-17,0.5)
          height 1, axis (0,0,1), sidewall angle: 0 radians, 4 vertices:
          (1.24281,0.25,0)
          (0.742812,0.25,0)
          (0.742812,-0.25,0)
          (1.24281,-0.25,0)
     prism, center = (1.99281,-1.38778e-17,0.5)
          height 1, axis (0,0,1), sidewall angle: 0 radians, 4 vertices:
          (2.24281,0.25,0)
          (1.74281,0.25,0)
          (1.74281,-0.25,0)
          (2.24281,-0.25,0)
Geometric object tree has depth 2 and 21 object nodes (vs. 4 actual objects)
Initializing epsilon function...
Allocating fields...
Solving for band polarization: te.
Initializing fields to random numbers...
1 k-points
  Vector3<-0.09, 0.14, 0.0>
elapsed time for initialization: 0.03335142135620117
solve_kpoint (-0.09,0.14,0):
tefreqs:, k index, k1, k2, k3, kmag/2pi, te band 1, te band 2, te band 3, te band 4, te band 5, te band 6
Solving for bands 1 to 6...
    near maximum in trace
    iteration    1: trace = 2.159982713574546 (199.702% change)
    iteration    2: trace = 0.5130415862393126 (123.227% change)
    iteration    3: trace = 0.4342872827480964 (16.6266% change)
    iteration    4: trace = 0.4084305659432426 (6.13651% change)
    iteration    5: trace = 0.40157491450427 (1.69274% change)
    iteration    6: trace = 0.3982206701361711 (0.838775% change)
    iteration    7: trace = 0.3969792966099712 (0.312217% change)
    iteration    8: trace = 0.3959015270039036 (0.271862% change)
    iteration    9: trace = 0.3955373655372942 (0.0920252% change)
    iteration   10: trace = 0.3954006305228084 (0.0345754% change)
    iteration   11: trace = 0.3953739761354343 (0.00674134% change)
    iteration   12: trace = 0.3953628236224129 (0.00282079% change)
    iteration   13: trace = 0.3953592100244072 (0.000914% change)
    iteration   14: trace = 0.3953574073357224 (0.000455963% change)
    iteration   15: trace = 0.3953569135424174 (0.000124898% change)
    iteration   16: trace = 0.3953567585755647 (3.91967e-05% change)
    iteration   17: trace = 0.3953567244629154 (8.62832e-06% change)
    iteration   18: trace = 0.3953567157806731 (2.19605e-06% change)
    iteration   19: trace = 0.3953567136908322 (5.28596e-07% change)
    iteration   20: trace = 0.3953567127034748 (2.49738e-07% change)
    iteration   21: trace = 0.395356712107916 (1.50638e-07% change)
    iteration   22: trace = 0.3953567118638767 (6.17264e-08% change)
    iteration   23: trace = 0.3953567117923904 (1.80815e-08% change)
    iteration   24: trace = 0.3953567117764483 (4.03234e-09% change)
Finished solving for bands 1 to 6 after 24 iterations.
tefreqs:, 1, -0.09, 0.14, 0, 0.143178, 0.0645009, 0.148917, 0.17159, 0.300871, 0.322493, 0.380856
elapsed time for k point: 1.921891450881958
total elapsed time for run: 1.955319881439209
done
Initializing eigensolver data
Computing 6 bands with 1e-10 tolerance
Working in 2 dimensions.
Grid size is 288 x 96 x 1.
Solving for 6 bands at a time.
Creating Maxwell data...
Mesh size is 3.
Lattice vectors:
     (3, 0, 0)
     (0, 1, 0)
     (0, 0, 1)
Cell volume = 3
Reciprocal lattice vectors (/ 2 pi):
     (0.333333, -0, 0)
     (-0, 1, -0)
     (0, -0, 1)
Geometric objects:
     block, center = (0,0,0)
          size (1e+20,1e+20,1)
          axes (1,0,0), (0,1,0), (0,0,1)
     prism, center = (0.030625,-1.38778e-17,0.5)
          height 1, axis (0,0,1), sidewall angle: 0 radians, 4 vertices:
          (0.280625,0.25,0)
          (-0.219375,0.25,0)
          (-0.219375,-0.25,0)
          (0.280625,-0.25,0)
     prism, center = (1.03062,-1.38778e-17,0.5)
          height 1, axis (0,0,1), sidewall angle: 0 radians, 4 vertices:
          (1.28062,0.25,0)
          (0.780625,0.25,0)
          (0.780625,-0.25,0)
          (1.28062,-0.25,0)
     prism, center = (2.03063,-1.38778e-17,0.5)
          height 1, axis (0,0,1), sidewall angle: 0 radians, 4 vertices:
          (2.28063,0.25,0)
          (1.78062,0.25,0)
          (1.78062,-0.25,0)
          (2.28063,-0.25,0)
Geometric object tree has depth 2 and 21 object nodes (vs. 4 actual objects)
Initializing epsilon function...
Allocating fields...
Solving for band polarization: te.
Initializing fields to random numbers...
1 k-points
  Vector3<-0.09, 0.14, 0.0>
elapsed time for initialization: 0.03635215759277344
solve_kpoint (-0.09,0.14,0):
tefreqs:, k index, k1, k2, k3, kmag/2pi, te band 1, te band 2, te band 3, te band 4, te band 5, te band 6
Solving for bands 1 to 6...
    near maximum in trace
    iteration    1: trace = 2.172010112505475 (199.699% change)
    iteration    2: trace = 0.5927186813865906 (114.246% change)
    iteration    3: trace = 0.4420310087274252 (29.1254% change)
    iteration    4: trace = 0.4259225687151894 (3.71182% change)
    iteration    5: trace = 0.4170685122649775 (2.10063% change)
    iteration    6: trace = 0.4103922992195442 (1.61366% change)
    iteration    7: trace = 0.4014527715320964 (2.20227% change)
    iteration    8: trace = 0.3973867318586923 (1.01799% change)
    iteration    9: trace = 0.3958200626294522 (0.395022% change)
    iteration   10: trace = 0.3955544361502247 (0.0671304% change)
    iteration   11: trace = 0.3954625762927874 (0.0232258% change)
    iteration   12: trace = 0.395431727526512 (0.00780098% change)
    iteration   13: trace = 0.3954147928553692 (0.00428267% change)
    iteration   14: trace = 0.3954095677672264 (0.00132143% change)
    iteration   15: trace = 0.3954079364041942 (0.000412576% change)
    iteration   16: trace = 0.3954076321384147 (7.69499e-05% change)
    iteration   17: trace = 0.3954075198864163 (2.83889e-05% change)
    iteration   18: trace = 0.3954074688298758 (1.29124e-05% change)
    iteration   19: trace = 0.3954074360657979 (8.28616e-06% change)
    iteration   20: trace = 0.3954074245613342 (2.90952e-06% change)
    iteration   21: trace = 0.3954074214348881 (7.9069e-07% change)
    iteration   22: trace = 0.3954074208388316 (1.50745e-07% change)
    iteration   23: trace = 0.3954074207052916 (3.37728e-08% change)
    iteration   24: trace = 0.3954074206693826 (9.08152e-09% change)
Finished solving for bands 1 to 6 after 24 iterations.
tefreqs:, 1, -0.09, 0.14, 0, 0.143178, 0.0645072, 0.14892, 0.171594, 0.30088, 0.322505, 0.380902
elapsed time for k point: 2.185692310333252
total elapsed time for run: 2.222121000289917
done
Initializing eigensolver data
Computing 6 bands with 1e-10 tolerance
Working in 2 dimensions.
Grid size is 288 x 96 x 1.
Solving for 6 bands at a time.
Creating Maxwell data...
Mesh size is 3.
Lattice vectors:
     (3, 0, 0)
     (0, 1, 0)
     (0, 0, 1)
Cell volume = 3
Reciprocal lattice vectors (/ 2 pi):
     (0.333333, -0, 0)
     (-0, 1, -0)
     (0, -0, 1)
Geometric objects:
     block, center = (0,0,0)
          size (1e+20,1e+20,1)
          axes (1,0,0), (0,1,0), (0,0,1)
     prism, center = (0.000625,-1.38778e-17,0.5)
          height 1, axis (0,0,1), sidewall angle: 0 radians, 4 vertices:
          (0.250625,0.25,0)
          (-0.249375,0.25,0)
          (-0.249375,-0.25,0)
          (0.250625,-0.25,0)
     prism, center = (1.00063,-1.38778e-17,0.5)
          height 1, axis (0,0,1), sidewall angle: 0 radians, 4 vertices:
          (1.25063,0.25,0)
          (0.750625,0.25,0)
          (0.750625,-0.25,0)
          (1.25063,-0.25,0)
     prism, center = (2.00062,-1.38778e-17,0.5)
          height 1, axis (0,0,1), sidewall angle: 0 radians, 4 vertices:
          (2.25062,0.25,0)
          (1.75063,0.25,0)
          (1.75063,-0.25,0)
          (2.25062,-0.25,0)
Geometric object tree has depth 2 and 21 object nodes (vs. 4 actual objects)
Initializing epsilon function...
Allocating fields...
Solving for band polarization: te.
Initializing fields to random numbers...
1 k-points
  Vector3<-0.09, 0.14, 0.0>
elapsed time for initialization: 0.0368499755859375
solve_kpoint (-0.09,0.14,0):
tefreqs:, k index, k1, k2, k3, kmag/2pi, te band 1, te band 2, te band 3, te band 4, te band 5, te band 6
Solving for bands 1 to 6...
    near maximum in trace
    iteration    1: trace = 2.128128070786728 (199.705% change)
    iteration    2: trace = 0.4998486399358442 (123.919% change)
    iteration    3: trace = 0.4297426587167883 (15.0832% change)
    iteration    4: trace = 0.4097277348998845 (4.76846% change)
    iteration    5: trace = 0.404084774269905 (1.3868% change)
    iteration    6: trace = 0.3996309704250162 (1.1083% change)
    iteration    7: trace = 0.3973192378473684 (0.580145% change)
    iteration    8: trace = 0.3958974364869264 (0.35849% change)
    iteration    9: trace = 0.3955821652163991 (0.0796663% change)
    iteration   10: trace = 0.3954651022256366 (0.029597% change)
    iteration   11: trace = 0.3954364303618192 (0.00725043% change)
    iteration   12: trace = 0.3954181760004635 (0.00461636% change)
    iteration   13: trace = 0.3954108142467354 (0.00186178% change)
    iteration   14: trace = 0.3954080925091847 (0.000688334% change)
    iteration   15: trace = 0.3954076423663847 (0.000113843% change)
    iteration   16: trace = 0.3954074991472496 (3.62206e-05% change)
    iteration   17: trace = 0.3954074560455826 (1.09006e-05% change)
    iteration   18: trace = 0.3954074326658446 (5.91282e-06% change)
    iteration   19: trace = 0.3954074245694211 (2.04762e-06% change)
    iteration   20: trace = 0.3954074215827807 (7.55332e-07% change)
    iteration   21: trace = 0.3954074208411906 (1.87551e-07% change)
    iteration   22: trace = 0.3954074206881744 (3.86984e-08% change)
    iteration   23: trace = 0.3954074206549766 (8.39585e-09% change)
Finished solving for bands 1 to 6 after 23 iterations.
tefreqs:, 1, -0.09, 0.14, 0, 0.143178, 0.0645072, 0.14892, 0.171594, 0.30088, 0.322505, 0.380902
elapsed time for k point: 2.0398969650268555
total elapsed time for run: 2.0768260955810547
done
Initializing eigensolver data
Computing 6 bands with 1e-10 tolerance
Working in 2 dimensions.
Grid size is 288 x 96 x 1.
Solving for 6 bands at a time.
Creating Maxwell data...
Mesh size is 3.
Lattice vectors:
     (3, 0, 0)
     (0, 1, 0)
     (0, 0, 1)
Cell volume = 3
Reciprocal lattice vectors (/ 2 pi):
     (0.333333, -0, 0)
     (-0, 1, -0)
     (0, -0, 1)
Geometric objects:
     block, center = (0,0,0)
          size (1e+20,1e+20,1)
          axes (1,0,0), (0,1,0), (0,0,1)
     prism, center = (0.0384375,-1.38778e-17,0.5)
          height 1, axis (0,0,1), sidewall angle: 0 radians, 4 vertices:
          (0.288438,0.25,0)
          (-0.211562,0.25,0)
          (-0.211563,-0.25,0)
          (0.288437,-0.25,0)
     prism, center = (1.03844,-1.38778e-17,0.5)
          height 1, axis (0,0,1), sidewall angle: 0 radians, 4 vertices:
          (1.28844,0.25,0)
          (0.788438,0.25,0)
          (0.788438,-0.25,0)
          (1.28844,-0.25,0)
     prism, center = (2.03844,-1.38778e-17,0.5)
          height 1, axis (0,0,1), sidewall angle: 0 radians, 4 vertices:
          (2.28844,0.25,0)
          (1.78844,0.25,0)
          (1.78844,-0.25,0)
          (2.28844,-0.25,0)
Geometric object tree has depth 2 and 21 object nodes (vs. 4 actual objects)
Initializing epsilon function...
Allocating fields...
Solving for band polarization: te.
Initializing fields to random numbers...
1 k-points
  Vector3<-0.09, 0.14, 0.0>
elapsed time for initialization: 0.03395223617553711
solve_kpoint (-0.09,0.14,0):
tefreqs:, k index, k1, k2, k3, kmag/2pi, te band 1, te band 2, te band 3, te band 4, te band 5, te band 6
Solving for bands 1 to 6...
    near maximum in trace
    iteration    1: trace = 2.268413859092319 (199.688% change)
    iteration    2: trace = 0.6000473986312439 (116.325% change)
    iteration    3: trace = 0.4470473171276524 (29.2237% change)
    iteration    4: trace = 0.4258597716311439 (4.85448% change)
    iteration    5: trace = 0.4128871134782874 (3.09334% change)
    iteration    6: trace = 0.4068774220373204 (1.4662% change)
    iteration    7: trace = 0.4007158649146262 (1.52591% change)
    iteration    8: trace = 0.397530917527488 (0.797986% change)
    iteration    9: trace = 0.3959513153401463 (0.398144% change)
    iteration   10: trace = 0.3955954033961532 (0.0899282% change)
    iteration   11: trace = 0.3954510665261732 (0.0364926% change)
    iteration   12: trace = 0.3954009876021652 (0.0126645% change)
    iteration   13: trace = 0.3953711618708883 (0.00754345% change)
    iteration   14: trace = 0.3953617552873524 (0.00237921% change)
    iteration   15: trace = 0.3953579827267732 (0.000954209% change)
    iteration   16: trace = 0.3953571932824098 (0.000199679% change)
    iteration   17: trace = 0.3953568905481313 (7.65724e-05% change)
    iteration   18: trace = 0.3953567912881119 (2.51064e-05% change)
    iteration   19: trace = 0.3953567381838882 (1.3432e-05% change)
    iteration   20: trace = 0.3953567192805768 (4.78133e-06% change)
    iteration   21: trace = 0.3953567132816287 (1.51735e-06% change)
    iteration   22: trace = 0.3953567121395221 (2.8888e-07% change)
    iteration   23: trace = 0.3953567118809197 (6.54099e-08% change)
    iteration   24: trace = 0.3953567118114763 (1.75647e-08% change)
    iteration   25: trace = 0.3953567117896463 (5.52161e-09% change)
Finished solving for bands 1 to 6 after 25 iterations.
tefreqs:, 1, -0.09, 0.14, 0, 0.143178, 0.0645009, 0.148917, 0.17159, 0.300871, 0.322493, 0.380856
elapsed time for k point: 2.7741453647613525
total elapsed time for run: 2.808189630508423
done
Initializing eigensolver data
Computing 6 bands with 1e-10 tolerance
Working in 2 dimensions.
Grid size is 288 x 96 x 1.
Solving for 6 bands at a time.
Creating Maxwell data...
Mesh size is 3.
Lattice vectors:
     (3, 0, 0)
     (0, 1, 0)
     (0, 0, 1)
Cell volume = 3
Reciprocal lattice vectors (/ 2 pi):
     (0.333333, -0, 0)
     (-0, 1, -0)
     (0, -0, 1)
Geometric objects:
     block, center = (0,0,0)
          size (1e+20,1e+20,1)
          axes (1,0,0), (0,1,0), (0,0,1)
     prism, center = (0.0084375,-1.38778e-17,0.5)
          height 1, axis (0,0,1), sidewall angle: 0 radians, 4 vertices:
          (0.258437,0.25,0)
          (-0.241562,0.25,0)
          (-0.241563,-0.25,0)
          (0.258437,-0.25,0)
     prism, center = (1.00844,-1.38778e-17,0.5)
          height 1, axis (0,0,1), sidewall angle: 0 radians, 4 vertices:
          (1.25844,0.25,0)
          (0.758437,0.25,0)
          (0.758437,-0.25,0)
          (1.25844,-0.25,0)
     prism, center = (2.00844,-1.38778e-17,0.5)
          height 1, axis (0,0,1), sidewall angle: 0 radians, 4 vertices:
          (2.25844,0.25,0)
          (1.75844,0.25,0)
          (1.75844,-0.25,0)
          (2.25844,-0.25,0)
Geometric object tree has depth 2 and 21 object nodes (vs. 4 actual objects)
Initializing epsilon function...
Allocating fields...
Solving for band polarization: te.
Initializing fields to random numbers...
1 k-points
  Vector3<-0.09, 0.14, 0.0>
elapsed time for initialization: 0.06724071502685547
solve_kpoint (-0.09,0.14,0):
tefreqs:, k index, k1, k2, k3, kmag/2pi, te band 1, te band 2, te band 3, te band 4, te band 5, te band 6
Solving for bands 1 to 6...
    near maximum in trace
    iteration    1: trace = 2.181957694572949 (199.696% change)
    iteration    2: trace = 0.5264048752543931 (122.255% change)
    iteration    3: trace = 0.452000980133769 (15.2092% change)
    iteration    4: trace = 0.419871447753653 (7.37024% change)
    iteration    5: trace = 0.4106834383946635 (2.2125% change)
    iteration    6: trace = 0.404601846606468 (1.49189% change)
    iteration    7: trace = 0.4005856545126568 (0.997579% change)
    iteration    8: trace = 0.3968298781386517 (0.941987% change)
    iteration    9: trace = 0.3958066251598693 (0.25819% change)
    iteration   10: trace = 0.3954828486304343 (0.0818352% change)
    iteration   11: trace = 0.3954166325949491 (0.0167445% change)
    iteration   12: trace = 0.3953824446583317 (0.00864643% change)
    iteration   13: trace = 0.3953673297249127 (0.00382294% change)
    iteration   14: trace = 0.3953594261754786 (0.00199906% change)
    iteration   15: trace = 0.3953574366372297 (0.000503224% change)
    iteration   16: trace = 0.3953568197534152 (0.000156032% change)
    iteration   17: trace = 0.3953566613733717 (4.006e-05% change)
    iteration   18: trace = 0.3953566013297292 (1.51872e-05% change)
    iteration   19: trace = 0.3953565799787029 (5.40045e-06% change)
    iteration   20: trace = 0.3953565698588054 (2.55969e-06% change)
    iteration   21: trace = 0.3953565670444434 (7.11854e-07% change)
    iteration   22: trace = 0.3953565663368491 (1.78976e-07% change)
    iteration   23: trace = 0.3953565661792388 (3.98654e-08% change)
    iteration   24: trace = 0.3953565661458467 (8.44608e-09% change)
Finished solving for bands 1 to 6 after 24 iterations.
tefreqs:, 1, -0.09, 0.14, 0, 0.143178, 0.0645011, 0.148916, 0.17159, 0.300868, 0.322491, 0.380861
elapsed time for k point: 3.340175151824951
total elapsed time for run: 3.40750789642334
done
Initializing eigensolver data
Computing 6 bands with 1e-10 tolerance
Working in 2 dimensions.
Grid size is 288 x 96 x 1.
Solving for 6 bands at a time.
Creating Maxwell data...
Mesh size is 3.
Lattice vectors:
     (3, 0, 0)
     (0, 1, 0)
     (0, 0, 1)
Cell volume = 3
Reciprocal lattice vectors (/ 2 pi):
     (0.333333, -0, 0)
     (-0, 1, -0)
     (0, -0, 1)
Geometric objects:
     block, center = (0,0,0)
          size (1e+20,1e+20,1)
          axes (1,0,0), (0,1,0), (0,0,1)
     prism, center = (0.02,-1.38778e-17,0.5)
          height 1, axis (0,0,1), sidewall angle: 0 radians, 4 vertices:
          (0.27,0.25,0)
          (-0.23,0.25,0)
          (-0.23,-0.25,0)
          (0.27,-0.25,0)
     prism, center = (1.02,-1.38778e-17,0.5)
          height 1, axis (0,0,1), sidewall angle: 0 radians, 4 vertices:
          (1.27,0.25,0)
          (0.77,0.25,0)
          (0.77,-0.25,0)
          (1.27,-0.25,0)
     prism, center = (2.02,-1.38778e-17,0.5)
          height 1, axis (0,0,1), sidewall angle: 0 radians, 4 vertices:
          (2.27,0.25,0)
          (1.77,0.25,0)
          (1.77,-0.25,0)
          (2.27,-0.25,0)
Geometric object tree has depth 2 and 21 object nodes (vs. 4 actual objects)
Initializing epsilon function...
Allocating fields...
Solving for band polarization: te.
Initializing fields to random numbers...
1 k-points
  Vector3<-0.09, 0.14, 0.0>
elapsed time for initialization: 0.03648567199707031
solve_kpoint (-0.09,0.14,0):
tefreqs:, k index, k1, k2, k3, kmag/2pi, te band 1, te band 2, te band 3, te band 4, te band 5, te band 6
Solving for bands 1 to 6...
    near maximum in trace
    iteration    1: trace = 2.209170317379096 (199.693% change)
    iteration    2: trace = 0.5292700216447088 (122.69% change)
    iteration    3: trace = 0.4420249862774417 (17.9647% change)
    iteration    4: trace = 0.4114873279307766 (7.15576% change)
    iteration    5: trace = 0.4034046221473425 (1.98375% change)
    iteration    6: trace = 0.3987812568407866 (1.15269% change)
    iteration    7: trace = 0.3968800997931108 (0.477881% change)
    iteration    8: trace = 0.3955405059163275 (0.338102% change)
    iteration    9: trace = 0.395217273512763 (0.0817526% change)
    iteration   10: trace = 0.3951172056674838 (0.0253229% change)
    iteration   11: trace = 0.3950996740323407 (0.00443717% change)
    iteration   12: trace = 0.3950913862593576 (0.00209766% change)
    iteration   13: trace = 0.3950875582676285 (0.000968892% change)
    iteration   14: trace = 0.3950855030322258 (0.000520199% change)
    iteration   15: trace = 0.3950850153090061 (0.000123448% change)
    iteration   16: trace = 0.395084846726479 (4.26699e-05% change)
    iteration   17: trace = 0.3950848021635278 (1.12793e-05% change)
    iteration   18: trace = 0.3950847823244084 (5.02148e-06% change)
    iteration   19: trace = 0.3950847745142419 (1.97683e-06% change)
    iteration   20: trace = 0.3950847709176087 (9.10345e-07% change)
    iteration   21: trace = 0.3950847701270908 (2.00088e-07% change)
    iteration   22: trace = 0.3950847699659842 (4.07777e-08% change)
    iteration   23: trace = 0.3950847699326074 (8.44801e-09% change)
Finished solving for bands 1 to 6 after 23 iterations.
tefreqs:, 1, -0.09, 0.14, 0, 0.143178, 0.0644644, 0.148897, 0.171574, 0.300814, 0.322432, 0.380618
elapsed time for k point: 2.4347312450408936
total elapsed time for run: 2.4713046550750732
done
Initializing eigensolver data
Computing 6 bands with 1e-10 tolerance
Working in 2 dimensions.
Grid size is 288 x 96 x 1.
Solving for 6 bands at a time.
Creating Maxwell data...
Mesh size is 3.
Lattice vectors:
     (3, 0, 0)
     (0, 1, 0)
     (0, 0, 1)
Cell volume = 3
Reciprocal lattice vectors (/ 2 pi):
     (0.333333, -0, 0)
     (-0, 1, -0)
     (0, -0, 1)
Geometric objects:
     block, center = (0,0,0)
          size (1e+20,1e+20,1)
          axes (1,0,0), (0,1,0), (0,0,1)
     prism, center = (-0.02,-1.38778e-17,0.5)
          height 1, axis (0,0,1), sidewall angle: 0 radians, 4 vertices:
          (0.23,0.25,0)
          (-0.27,0.25,0)
          (-0.27,-0.25,0)
          (0.23,-0.25,0)
     prism, center = (0.98,-1.38778e-17,0.5)
          height 1, axis (0,0,1), sidewall angle: 0 radians, 4 vertices:
          (1.23,0.25,0)
          (0.73,0.25,0)
          (0.73,-0.25,0)
          (1.23,-0.25,0)
     prism, center = (1.98,-1.38778e-17,0.5)
          height 1, axis (0,0,1), sidewall angle: 0 radians, 4 vertices:
          (2.23,0.25,0)
          (1.73,0.25,0)
          (1.73,-0.25,0)
          (2.23,-0.25,0)
Geometric object tree has depth 2 and 21 object nodes (vs. 4 actual objects)
Initializing epsilon function...
Allocating fields...
Solving for band polarization: te.
Initializing fields to random numbers...
1 k-points
  Vector3<-0.09, 0.14, 0.0>
elapsed time for initialization: 0.033081769943237305
solve_kpoint (-0.09,0.14,0):
tefreqs:, k index, k1, k2, k3, kmag/2pi, te band 1, te band 2, te band 3, te band 4, te band 5, te band 6
Solving for bands 1 to 6...
    near maximum in trace
    iteration    1: trace = 2.189035908660178 (199.699% change)
    iteration    2: trace = 0.5506137271474066 (119.608% change)
    iteration    3: trace = 0.4613706936053848 (17.6372% change)
    iteration    4: trace = 0.4234576005677066 (8.56959% change)
    iteration    5: trace = 0.4124529310663143 (2.63298% change)
    iteration    6: trace = 0.4056802519500101 (1.65564% change)
    iteration    7: trace = 0.4017438148890159 (0.975061% change)
    iteration    8: trace = 0.3975520418673996 (1.04887% change)
    iteration    9: trace = 0.395906614466812 (0.414748% change)
    iteration   10: trace = 0.3952816586461773 (0.157979% change)
    iteration   11: trace = 0.3951662775390619 (0.0291939% change)
    iteration   12: trace = 0.3951156610277817 (0.0128097% change)
    iteration   13: trace = 0.3950982953448934 (0.00439519% change)
    iteration   14: trace = 0.3950893283607425 (0.00226958% change)
    iteration   15: trace = 0.3950861603013411 (0.000801862% change)
    iteration   16: trace = 0.3950850950387368 (0.000269628% change)
    iteration   17: trace = 0.3950848689773719 (5.72184e-05% change)
    iteration   18: trace = 0.3950848029675677 (1.67078e-05% change)
    iteration   19: trace = 0.3950847840805994 (4.78048e-06% change)
    iteration   20: trace = 0.3950847747779753 (2.35459e-06% change)
    iteration   21: trace = 0.3950847714416831 (8.4445e-07% change)
    iteration   22: trace = 0.3950847702730408 (2.95795e-07% change)
    iteration   23: trace = 0.3950847700114448 (6.62126e-08% change)
    iteration   24: trace = 0.395084769953846 (1.45788e-08% change)
    iteration   25: trace = 0.395084769936082 (4.49625e-09% change)
Finished solving for bands 1 to 6 after 25 iterations.
tefreqs:, 1, -0.09, 0.14, 0, 0.143178, 0.0644644, 0.148897, 0.171574, 0.300814, 0.322432, 0.380618
elapsed time for k point: 2.842841386795044
total elapsed time for run: 2.876004695892334
done
Initializing eigensolver data
Computing 6 bands with 1e-10 tolerance
Working in 2 dimensions.
Grid size is 288 x 96 x 1.
Solving for 6 bands at a time.
Creating Maxwell data...
Mesh size is 3.
Lattice vectors:
     (3, 0, 0)
     (0, 1, 0)
     (0, 0, 1)
Cell volume = 3
Reciprocal lattice vectors (/ 2 pi):
     (0.333333, -0, 0)
     (-0, 1, -0)
     (0, -0, 1)
Geometric objects:
     block, center = (0,0,0)
          size (1e+20,1e+20,1)
          axes (1,0,0), (0,1,0), (0,0,1)
     prism, center = (0.0278125,-1.38778e-17,0.5)
          height 1, axis (0,0,1), sidewall angle: 0 radians, 4 vertices:
          (0.277813,0.25,0)
          (-0.222187,0.25,0)
          (-0.222188,-0.25,0)
          (0.277812,-0.25,0)
     prism, center = (1.02781,-1.38778e-17,0.5)
          height 1, axis (0,0,1), sidewall angle: 0 radians, 4 vertices:
          (1.27781,0.25,0)
          (0.777813,0.25,0)
          (0.777813,-0.25,0)
          (1.27781,-0.25,0)
     prism, center = (2.02781,-1.38778e-17,0.5)
          height 1, axis (0,0,1), sidewall angle: 0 radians, 4 vertices:
          (2.27781,0.25,0)
          (1.77781,0.25,0)
          (1.77781,-0.25,0)
          (2.27781,-0.25,0)
Geometric object tree has depth 2 and 21 object nodes (vs. 4 actual objects)
Initializing epsilon function...
Allocating fields...
Solving for band polarization: te.
Initializing fields to random numbers...
1 k-points
  Vector3<-0.09, 0.14, 0.0>
elapsed time for initialization: 0.032723426818847656
solve_kpoint (-0.09,0.14,0):
tefreqs:, k index, k1, k2, k3, kmag/2pi, te band 1, te band 2, te band 3, te band 4, te band 5, te band 6
Solving for bands 1 to 6...
    near maximum in trace
    iteration    1: trace = 2.284646376811091 (199.685% change)
    iteration    2: trace = 0.6273928800946225 (113.821% change)
    iteration    3: trace = 0.5147404869938863 (19.7267% change)
    iteration    4: trace = 0.4586724795572568 (11.5199% change)
    iteration    5: trace = 0.4308045143050186 (6.26615% change)
    iteration    6: trace = 0.4160173172513347 (3.4924% change)
    iteration    7: trace = 0.4100350726891751 (1.44839% change)
    iteration    8: trace = 0.4043259101614324 (1.40212% change)
    iteration    9: trace = 0.3996338231184085 (1.16724% change)
    iteration   10: trace = 0.3968623944359238 (0.695905% change)
    iteration   11: trace = 0.3959688770068989 (0.225399% change)
    iteration   12: trace = 0.3955904288609606 (0.0956209% change)
    iteration   13: trace = 0.3954617811157615 (0.0325257% change)
    iteration   14: trace = 0.3953995119380781 (0.0157472% change)
    iteration   15: trace = 0.3953749535850398 (0.00621122% change)
    iteration   16: trace = 0.395366834864522 (0.00205344% change)
    iteration   17: trace = 0.3953647095281697 (0.000537562% change)
    iteration   18: trace = 0.3953642248098306 (0.0001226% change)
    iteration   19: trace = 0.3953640912513452 (3.37811e-05% change)
    iteration   20: trace = 0.3953640384028159 (1.33671e-05% change)
    iteration   21: trace = 0.3953640078743644 (7.72161e-06% change)
    iteration   22: trace = 0.3953639971503884 (2.71243e-06% change)
    iteration   23: trace = 0.3953639937958305 (8.48473e-07% change)
    iteration   24: trace = 0.3953639931493161 (1.63524e-07% change)
    iteration   25: trace = 0.3953639929708807 (4.5132e-08% change)
    iteration   26: trace = 0.3953639929185399 (1.32386e-08% change)
    iteration   27: trace = 0.3953639928920706 (6.69491e-09% change)
Finished solving for bands 1 to 6 after 27 iterations.
tefreqs:, 1, -0.09, 0.14, 0, 0.143178, 0.0645018, 0.148917, 0.171591, 0.300874, 0.322496, 0.380861
elapsed time for k point: 2.320406675338745
total elapsed time for run: 2.353213310241699
done
Initializing eigensolver data
Computing 6 bands with 1e-10 tolerance
Working in 2 dimensions.
Grid size is 288 x 96 x 1.
Solving for 6 bands at a time.
Creating Maxwell data...
Mesh size is 3.
Lattice vectors:
     (3, 0, 0)
     (0, 1, 0)
     (0, 0, 1)
Cell volume = 3
Reciprocal lattice vectors (/ 2 pi):
     (0.333333, -0, 0)
     (-0, 1, -0)
     (0, -0, 1)
Geometric objects:
     block, center = (0,0,0)
          size (1e+20,1e+20,1)
          axes (1,0,0), (0,1,0), (0,0,1)
     prism, center = (-0.0121875,-1.38778e-17,0.5)
          height 1, axis (0,0,1), sidewall angle: 0 radians, 4 vertices:
          (0.237813,0.25,0)
          (-0.262187,0.25,0)
          (-0.262188,-0.25,0)
          (0.237812,-0.25,0)
     prism, center = (0.987812,-1.38778e-17,0.5)
          height 1, axis (0,0,1), sidewall angle: 0 radians, 4 vertices:
          (1.23781,0.25,0)
          (0.737812,0.25,0)
          (0.737812,-0.25,0)
          (1.23781,-0.25,0)
     prism, center = (1.98781,-1.38778e-17,0.5)
          height 1, axis (0,0,1), sidewall angle: 0 radians, 4 vertices:
          (2.23781,0.25,0)
          (1.73781,0.25,0)
          (1.73781,-0.25,0)
          (2.23781,-0.25,0)
Geometric object tree has depth 2 and 21 object nodes (vs. 4 actual objects)
Initializing epsilon function...
Allocating fields...
Solving for band polarization: te.
Initializing fields to random numbers...
1 k-points
  Vector3<-0.09, 0.14, 0.0>
elapsed time for initialization: 0.03295636177062988
solve_kpoint (-0.09,0.14,0):
tefreqs:, k index, k1, k2, k3, kmag/2pi, te band 1, te band 2, te band 3, te band 4, te band 5, te band 6
Solving for bands 1 to 6...
    near maximum in trace
    iteration    1: trace = 2.057614283556432 (199.715% change)
    iteration    2: trace = 0.5034087266333295 (121.374% change)
    iteration    3: trace = 0.4328149093562781 (15.0805% change)
    iteration    4: trace = 0.4076180878373101 (5.99615% change)
    iteration    5: trace = 0.4007460134388875 (1.70024% change)
    iteration    6: trace = 0.3977060340997767 (0.761468% change)
    iteration    7: trace = 0.3965624076365947 (0.28797% change)
    iteration    8: trace = 0.3956278507105752 (0.235943% change)
    iteration    9: trace = 0.3952787687149652 (0.0882739% change)
    iteration   10: trace = 0.3951500478114514 (0.0325699% change)
    iteration   11: trace = 0.3951265197273649 (0.00595439% change)
    iteration   12: trace = 0.3951189284640511 (0.00192124% change)
    iteration   13: trace = 0.3951169902576482 (0.000490539% change)
    iteration   14: trace = 0.3951161369882892 (0.000215954% change)
    iteration   15: trace = 0.3951157826113884 (8.96893e-05% change)
    iteration   16: trace = 0.3951156157870978 (4.22216e-05% change)
    iteration   17: trace = 0.3951155738018709 (1.06261e-05% change)
    iteration   18: trace = 0.3951155638822276 (2.51057e-06% change)
    iteration   19: trace = 0.3951155616179443 (5.73069e-07% change)
    iteration   20: trace = 0.3951155607887565 (2.0986e-07% change)
    iteration   21: trace = 0.395115560414415 (9.47423e-08% change)
    iteration   22: trace = 0.3951155602614044 (3.87255e-08% change)
    iteration   23: trace = 0.3951155602140634 (1.19816e-08% change)
    iteration   24: trace = 0.3951155602033176 (2.71964e-09% change)
Finished solving for bands 1 to 6 after 24 iterations.
tefreqs:, 1, -0.09, 0.14, 0, 0.143178, 0.0644679, 0.1489, 0.171576, 0.300822, 0.322441, 0.380641
elapsed time for k point: 3.562739133834839
total elapsed time for run: 3.5957744121551514
done
Initializing eigensolver data
Computing 6 bands with 1e-10 tolerance
Working in 2 dimensions.
Grid size is 288 x 96 x 1.
Solving for 6 bands at a time.
Creating Maxwell data...
Mesh size is 3.
Lattice vectors:
     (3, 0, 0)
     (0, 1, 0)
     (0, 0, 1)
Cell volume = 3
Reciprocal lattice vectors (/ 2 pi):
     (0.333333, -0, 0)
     (-0, 1, -0)
     (0, -0, 1)
Geometric objects:
     block, center = (0,0,0)
          size (1e+20,1e+20,1)
          axes (1,0,0), (0,1,0), (0,0,1)
     prism, center = (0.035625,-1.38778e-17,0.5)
          height 1, axis (0,0,1), sidewall angle: 0 radians, 4 vertices:
          (0.285625,0.25,0)
          (-0.214375,0.25,0)
          (-0.214375,-0.25,0)
          (0.285625,-0.25,0)
     prism, center = (1.03563,-1.38778e-17,0.5)
          height 1, axis (0,0,1), sidewall angle: 0 radians, 4 vertices:
          (1.28563,0.25,0)
          (0.785625,0.25,0)
          (0.785625,-0.25,0)
          (1.28563,-0.25,0)
     prism, center = (2.03563,-1.38778e-17,0.5)
          height 1, axis (0,0,1), sidewall angle: 0 radians, 4 vertices:
          (2.28563,0.25,0)
          (1.78563,0.25,0)
          (1.78563,-0.25,0)
          (2.28563,-0.25,0)
Geometric object tree has depth 2 and 21 object nodes (vs. 4 actual objects)
Initializing epsilon function...
Allocating fields...
Solving for band polarization: te.
Initializing fields to random numbers...
1 k-points
  Vector3<-0.09, 0.14, 0.0>
elapsed time for initialization: 0.07026314735412598
solve_kpoint (-0.09,0.14,0):
tefreqs:, k index, k1, k2, k3, kmag/2pi, te band 1, te band 2, te band 3, te band 4, te band 5, te band 6
Solving for bands 1 to 6...
    near maximum in trace
    iteration    1: trace = 2.037480723746835 (199.72% change)
    iteration    2: trace = 0.5121769059646752 (119.648% change)
    iteration    3: trace = 0.4348369632637343 (16.3334% change)
    iteration    4: trace = 0.4098535917551591 (5.91539% change)
    iteration    5: trace = 0.4027414241084407 (1.75048% change)
    iteration    6: trace = 0.3987256145535704 (1.00211% change)
    iteration    7: trace = 0.3970054081518358 (0.432359% change)
    iteration    8: trace = 0.3958920979075907 (0.280821% change)
    iteration    9: trace = 0.3955681190947486 (0.0818686% change)
    iteration   10: trace = 0.395446142688967 (0.0308405% change)
    iteration   11: trace = 0.3954105299923528 (0.00900611% change)
    iteration   12: trace = 0.3953913606659252 (0.00484807% change)
    iteration   13: trace = 0.3953832811682439 (0.00204344% change)
    iteration   14: trace = 0.3953802564424805 (0.000765014% change)
    iteration   15: trace = 0.3953794713192804 (0.000198574% change)
    iteration   16: trace = 0.3953792784150809 (4.87896e-05% change)
    iteration   17: trace = 0.3953792338525461 (1.12708e-05% change)
    iteration   18: trace = 0.3953792237005707 (2.56766e-06% change)
    iteration   19: trace = 0.3953792195897994 (1.0397e-06% change)
    iteration   20: trace = 0.3953792178595829 (4.37609e-07% change)
    iteration   21: trace = 0.3953792170074295 (2.15528e-07% change)
    iteration   22: trace = 0.3953792167838224 (5.65551e-08% change)
    iteration   23: trace = 0.3953792167183944 (1.65482e-08% change)
    iteration   24: trace = 0.3953792167032597 (3.8279e-09% change)
Finished solving for bands 1 to 6 after 24 iterations.
tefreqs:, 1, -0.09, 0.14, 0, 0.143178, 0.0645026, 0.148923, 0.171595, 0.300887, 0.322505, 0.380858
elapsed time for k point: 3.2418770790100098
total elapsed time for run: 3.312225341796875
done
Initializing eigensolver data
Computing 6 bands with 1e-10 tolerance
Working in 2 dimensions.
Grid size is 288 x 96 x 1.
Solving for 6 bands at a time.
Creating Maxwell data...
Mesh size is 3.
Lattice vectors:
     (3, 0, 0)
     (0, 1, 0)
     (0, 0, 1)
Cell volume = 3
Reciprocal lattice vectors (/ 2 pi):
     (0.333333, -0, 0)
     (-0, 1, -0)
     (0, -0, 1)
Geometric objects:
     block, center = (0,0,0)
          size (1e+20,1e+20,1)
          axes (1,0,0), (0,1,0), (0,0,1)
     prism, center = (-0.004375,-1.38778e-17,0.5)
          height 1, axis (0,0,1), sidewall angle: 0 radians, 4 vertices:
          (0.245625,0.25,0)
          (-0.254375,0.25,0)
          (-0.254375,-0.25,0)
          (0.245625,-0.25,0)
     prism, center = (0.995625,-1.38778e-17,0.5)
          height 1, axis (0,0,1), sidewall angle: 0 radians, 4 vertices:
          (1.24562,0.25,0)
          (0.745625,0.25,0)
          (0.745625,-0.25,0)
          (1.24562,-0.25,0)
     prism, center = (1.99562,-1.38778e-17,0.5)
          height 1, axis (0,0,1), sidewall angle: 0 radians, 4 vertices:
          (2.24562,0.25,0)
          (1.74562,0.25,0)
          (1.74562,-0.25,0)
          (2.24562,-0.25,0)
Geometric object tree has depth 2 and 21 object nodes (vs. 4 actual objects)
Initializing epsilon function...
Allocating fields...
Solving for band polarization: te.
Initializing fields to random numbers...
1 k-points
  Vector3<-0.09, 0.14, 0.0>
elapsed time for initialization: 0.06928062438964844
solve_kpoint (-0.09,0.14,0):
tefreqs:, k index, k1, k2, k3, kmag/2pi, te band 1, te band 2, te band 3, te band 4, te band 5, te band 6
Solving for bands 1 to 6...
    near maximum in trace
    iteration    1: trace = 2.072237483138057 (199.714% change)
    iteration    2: trace = 0.5123018119473535 (120.713% change)
    iteration    3: trace = 0.4293199781735394 (17.6253% change)
    iteration    4: trace = 0.4044675861036396 (5.96132% change)
    iteration    5: trace = 0.399013138915131 (1.3577% change)
    iteration    6: trace = 0.3968022938126841 (0.555618% change)
    iteration    7: trace = 0.3960747363828492 (0.183523% change)
    iteration    8: trace = 0.3956631481445738 (0.103971% change)
    iteration    9: trace = 0.395500653505117 (0.0410774% change)
    iteration   10: trace = 0.3954166980547442 (0.0212299% change)
    iteration   11: trace = 0.3953969524066971 (0.00499375% change)
    iteration   12: trace = 0.3953915597392532 (0.00136387% change)
    iteration   13: trace = 0.3953898930222801 (0.000421537% change)
    iteration   14: trace = 0.3953890201751151 (0.000220756% change)
    iteration   15: trace = 0.3953886548718775 (9.23909e-05% change)
    iteration   16: trace = 0.3953885072110221 (3.73458e-05% change)
    iteration   17: trace = 0.3953884656019451 (1.05236e-05% change)
    iteration   18: trace = 0.3953884554940892 (2.55644e-06% change)
    iteration   19: trace = 0.3953884526784945 (7.12108e-07% change)
    iteration   20: trace = 0.3953884516032642 (2.71943e-07% change)
    iteration   21: trace = 0.3953884510574409 (1.38047e-07% change)
    iteration   22: trace = 0.3953884508840058 (4.38645e-08% change)
    iteration   23: trace = 0.3953884508362829 (1.20699e-08% change)
    iteration   24: trace = 0.3953884508280461 (2.08323e-09% change)
Finished solving for bands 1 to 6 after 24 iterations.
tefreqs:, 1, -0.09, 0.14, 0, 0.143178, 0.0645032, 0.148923, 0.171597, 0.30089, 0.322511, 0.380862
elapsed time for k point: 2.114840030670166
total elapsed time for run: 2.1841962337493896
done
Initializing eigensolver data
Computing 6 bands with 1e-10 tolerance
Working in 2 dimensions.
Grid size is 288 x 96 x 1.
Solving for 6 bands at a time.
Creating Maxwell data...
Mesh size is 3.
Lattice vectors:
     (3, 0, 0)
     (0, 1, 0)
     (0, 0, 1)
Cell volume = 3
Reciprocal lattice vectors (/ 2 pi):
     (0.333333, -0, 0)
     (-0, 1, -0)
     (0, -0, 1)
Geometric objects:
     block, center = (0,0,0)
          size (1e+20,1e+20,1)
          axes (1,0,0), (0,1,0), (0,0,1)
     prism, center = (0.0434375,-1.38778e-17,0.5)
          height 1, axis (0,0,1), sidewall angle: 0 radians, 4 vertices:
          (0.293438,0.25,0)
          (-0.206562,0.25,0)
          (-0.206563,-0.25,0)
          (0.293437,-0.25,0)
     prism, center = (1.04344,-1.38778e-17,0.5)
          height 1, axis (0,0,1), sidewall angle: 0 radians, 4 vertices:
          (1.29344,0.25,0)
          (0.793438,0.25,0)
          (0.793438,-0.25,0)
          (1.29344,-0.25,0)
     prism, center = (2.04344,-1.38778e-17,0.5)
          height 1, axis (0,0,1), sidewall angle: 0 radians, 4 vertices:
          (2.29344,0.25,0)
          (1.79344,0.25,0)
          (1.79344,-0.25,0)
          (2.29344,-0.25,0)
Geometric object tree has depth 2 and 21 object nodes (vs. 4 actual objects)
Initializing epsilon function...
Allocating fields...
Solving for band polarization: te.
Initializing fields to random numbers...
1 k-points
  Vector3<-0.09, 0.14, 0.0>
elapsed time for initialization: 0.0328218936920166
solve_kpoint (-0.09,0.14,0):
tefreqs:, k index, k1, k2, k3, kmag/2pi, te band 1, te band 2, te band 3, te band 4, te band 5, te band 6
Solving for bands 1 to 6...
    near maximum in trace
    iteration    1: trace = 1.956147572320921 (199.729% change)
    iteration    2: trace = 0.5041547867869195 (118.034% change)
    iteration    3: trace = 0.4417755333404088 (13.189% change)
    iteration    4: trace = 0.4223059744080529 (4.50642% change)
    iteration    5: trace = 0.415987114274434 (1.50755% change)
    iteration    6: trace = 0.4099822003803343 (1.45403% change)
    iteration    7: trace = 0.4041761288180858 (1.42628% change)
    iteration    8: trace = 0.3978368551704349 (1.58084% change)
    iteration    9: trace = 0.3960771557046386 (0.443297% change)
    iteration   10: trace = 0.395434883637348 (0.16229% change)
    iteration   11: trace = 0.3952702482287971 (0.0416427% change)
    iteration   12: trace = 0.3951569674663062 (0.0286632% change)
    iteration   13: trace = 0.3951160607038375 (0.0103526% change)
    iteration   14: trace = 0.3950976648139617 (0.00465593% change)
    iteration   15: trace = 0.3950940888976566 (0.000905076% change)
    iteration   16: trace = 0.3950929978160025 (0.000276158% change)
    iteration   17: trace = 0.3950926853118162 (7.90964e-05% change)
    iteration   18: trace = 0.3950925318615358 (3.88391e-05% change)
    iteration   19: trace = 0.3950924790682655 (1.33623e-05% change)
    iteration   20: trace = 0.3950924584952362 (5.20714e-06% change)
    iteration   21: trace = 0.3950924536733981 (1.22043e-06% change)
    iteration   22: trace = 0.3950924525012758 (2.9667e-07% change)
    iteration   23: trace = 0.39509245227529 (5.71982e-08% change)
    iteration   24: trace = 0.3950924522302605 (1.13972e-08% change)
    iteration   25: trace = 0.3950924522147407 (3.92815e-09% change)
Finished solving for bands 1 to 6 after 25 iterations.
tefreqs:, 1, -0.09, 0.14, 0, 0.143178, 0.0644666, 0.148898, 0.171571, 0.300814, 0.322428, 0.380632
elapsed time for k point: 2.5031511783599854
total elapsed time for run: 2.536055326461792
done
Initializing eigensolver data
Computing 6 bands with 1e-10 tolerance
Working in 2 dimensions.
Grid size is 288 x 96 x 1.
Solving for 6 bands at a time.
Creating Maxwell data...
Mesh size is 3.
Lattice vectors:
     (3, 0, 0)
     (0, 1, 0)
     (0, 0, 1)
Cell volume = 3
Reciprocal lattice vectors (/ 2 pi):
     (0.333333, -0, 0)
     (-0, 1, -0)
     (0, -0, 1)
Geometric objects:
     block, center = (0,0,0)
          size (1e+20,1e+20,1)
          axes (1,0,0), (0,1,0), (0,0,1)
     prism, center = (0.0034375,-1.38778e-17,0.5)
          height 1, axis (0,0,1), sidewall angle: 0 radians, 4 vertices:
          (0.253437,0.25,0)
          (-0.246562,0.25,0)
          (-0.246563,-0.25,0)
          (0.253437,-0.25,0)
     prism, center = (1.00344,-1.38778e-17,0.5)
          height 1, axis (0,0,1), sidewall angle: 0 radians, 4 vertices:
          (1.25344,0.25,0)
          (0.753437,0.25,0)
          (0.753437,-0.25,0)
          (1.25344,-0.25,0)
     prism, center = (2.00344,-1.38778e-17,0.5)
          height 1, axis (0,0,1), sidewall angle: 0 radians, 4 vertices:
          (2.25344,0.25,0)
          (1.75344,0.25,0)
          (1.75344,-0.25,0)
          (2.25344,-0.25,0)
Geometric object tree has depth 2 and 21 object nodes (vs. 4 actual objects)
Initializing epsilon function...
Allocating fields...
Solving for band polarization: te.
Initializing fields to random numbers...
1 k-points
  Vector3<-0.09, 0.14, 0.0>
elapsed time for initialization: 0.07269287109375
solve_kpoint (-0.09,0.14,0):
tefreqs:, k index, k1, k2, k3, kmag/2pi, te band 1, te band 2, te band 3, te band 4, te band 5, te band 6
Solving for bands 1 to 6...
    near maximum in trace
    iteration    1: trace = 2.487727457721087 (199.656% change)
    iteration    2: trace = 0.6582211934593049 (116.309% change)
    iteration    3: trace = 0.4545987464286152 (36.5958% change)
    iteration    4: trace = 0.4178068116239264 (8.43459% change)
    iteration    5: trace = 0.4039345767931573 (3.3763% change)
    iteration    6: trace = 0.4005069103101868 (0.852185% change)
    iteration    7: trace = 0.3978922892622478 (0.654966% change)
    iteration    8: trace = 0.3964010349280991 (0.375492% change)
    iteration    9: trace = 0.3955975620601924 (0.202898% change)
    iteration   10: trace = 0.3954377387907813 (0.0404086% change)
    iteration   11: trace = 0.3953866370171957 (0.0129237% change)
    iteration   12: trace = 0.3953743644206532 (0.003104% change)
    iteration   13: trace = 0.395367546698585 (0.00172439% change)
    iteration   14: trace = 0.3953652783973114 (0.000573721% change)
    iteration   15: trace = 0.3953642913961529 (0.000249643% change)
    iteration   16: trace = 0.3953640842976467 (5.23817e-05% change)
    iteration   17: trace = 0.395364021087985 (1.59877e-05% change)
    iteration   18: trace = 0.3953640049689573 (4.07701e-06% change)
    iteration   19: trace = 0.395363998019477 (1.75774e-06% change)
    iteration   20: trace = 0.3953639949636485 (7.72915e-07% change)
    iteration   21: trace = 0.3953639934801735 (3.75218e-07% change)
    iteration   22: trace = 0.3953639930318231 (1.13402e-07% change)
    iteration   23: trace = 0.3953639929153083 (2.94703e-08% change)
    iteration   24: trace = 0.395363992886388 (7.31487e-09% change)
Finished solving for bands 1 to 6 after 24 iterations.
tefreqs:, 1, -0.09, 0.14, 0, 0.143178, 0.0645018, 0.148917, 0.171591, 0.300874, 0.322496, 0.380861
elapsed time for k point: 2.3595762252807617
total elapsed time for run: 2.4323651790618896
done
Initializing eigensolver data
Computing 6 bands with 1e-10 tolerance
Working in 2 dimensions.
Grid size is 288 x 96 x 1.
Solving for 6 bands at a time.
Creating Maxwell data...
Mesh size is 3.
Lattice vectors:
     (3, 0, 0)
     (0, 1, 0)
     (0, 0, 1)
Cell volume = 3
Reciprocal lattice vectors (/ 2 pi):
     (0.333333, -0, 0)
     (-0, 1, -0)
     (0, -0, 1)
Geometric objects:
     block, center = (0,0,0)
          size (1e+20,1e+20,1)
          axes (1,0,0), (0,1,0), (0,0,1)
     prism, center = (0.0075,0,0.5)
          height 1, axis (0,0,1), sidewall angle: 0 radians, 4 vertices:
          (-0.2425,-0.25,0)
          (-0.2425,0.25,0)
          (0.2575,0.25,0)
          (0.2575,-0.25,0)
     prism, center = (0.9925,0,0.5)
          height 1, axis (0,0,1), sidewall angle: 0 radians, 4 vertices:
          (0.7425,-0.25,0)
          (0.7425,0.25,0)
          (1.2425,0.25,0)
          (1.2425,-0.25,0)
     prism, center = (2,0,0.5)
          height 1, axis (0,0,1), sidewall angle: 0 radians, 4 vertices:
          (1.75,-0.25,0)
          (1.75,0.25,0)
          (2.25,0.25,0)
          (2.25,-0.25,0)
Geometric object tree has depth 2 and 21 object nodes (vs. 4 actual objects)
Initializing epsilon function...
Allocating fields...
Solving for band polarization: te.
Initializing fields to random numbers...
1 k-points
  Vector3<-0.09, 0.14, 0.0>
elapsed time for initialization: 0.03519034385681152
solve_kpoint (-0.09,0.14,0):
tefreqs:, k index, k1, k2, k3, kmag/2pi, te band 1, te band 2, te band 3, te band 4, te band 5, te band 6
Solving for bands 1 to 6...
    near maximum in trace
    iteration    1: trace = 2.373950289156539 (199.673% change)
    iteration    2: trace = 0.617261790386763 (117.457% change)
    iteration    3: trace = 0.426096296848495 (36.6443% change)
    iteration    4: trace = 0.4093274271396756 (4.01446% change)
    iteration    5: trace = 0.4014758705168983 (1.93674% change)
    iteration    6: trace = 0.3994470406226517 (0.506623% change)
    iteration    7: trace = 0.3977386332483583 (0.42861% change)
    iteration    8: trace = 0.3969733248564913 (0.1926% change)
    iteration    9: trace = 0.3965801977549098 (0.0990802% change)
    iteration   10: trace = 0.3965130672442169 (0.0169288% change)
    iteration   11: trace = 0.3964896146562443 (0.00591488% change)
    iteration   12: trace = 0.3964844464378362 (0.0013035% change)
    iteration   13: trace = 0.396481201887166 (0.000818333% change)
    iteration   14: trace = 0.396479965757095 (0.000311776% change)
    iteration   15: trace = 0.3964794841452458 (0.000121472% change)
    iteration   16: trace = 0.396479380824392 (2.60596e-05% change)
    iteration   17: trace = 0.3964793497921351 (7.82695e-06% change)
    iteration   18: trace = 0.3964793409601498 (2.2276e-06% change)
    iteration   19: trace = 0.3964793373661402 (9.06481e-07% change)
    iteration   20: trace = 0.3964793357246234 (4.14023e-07% change)
    iteration   21: trace = 0.3964793351004336 (1.57433e-07% change)
    iteration   22: trace = 0.39647933493933 (4.06336e-08% change)
    iteration   23: trace = 0.3964793349044509 (8.7972e-09% change)
Finished solving for bands 1 to 6 after 23 iterations.
tefreqs:, 1, -0.09, 0.14, 0, 0.143178, 0.0645243, 0.149085, 0.171789, 0.301436, 0.323201, 0.381124
elapsed time for k point: 2.519397258758545
total elapsed time for run: 2.554678440093994
done
Initializing eigensolver data
Computing 6 bands with 1e-10 tolerance
Working in 2 dimensions.
Grid size is 288 x 96 x 1.
Solving for 6 bands at a time.
Creating Maxwell data...
Mesh size is 3.
Lattice vectors:
     (3, 0, 0)
     (0, 1, 0)
     (0, 0, 1)
Cell volume = 3
Reciprocal lattice vectors (/ 2 pi):
     (0.333333, -0, 0)
     (-0, 1, -0)
     (0, -0, 1)
Geometric objects:
     block, center = (0,0,0)
          size (1e+20,1e+20,1)
          axes (1,0,0), (0,1,0), (0,0,1)
     prism, center = (1.0075,0,0.5)
          height 1, axis (0,0,1), sidewall angle: 0 radians, 4 vertices:
          (0.7575,-0.25,0)
          (0.7575,0.25,0)
          (1.2575,0.25,0)
          (1.2575,-0.25,0)
     prism, center = (2,0,0.5)
          height 1, axis (0,0,1), sidewall angle: 0 radians, 4 vertices:
          (1.75,-0.25,0)
          (1.75,0.25,0)
          (2.25,0.25,0)
          (2.25,-0.25,0)
     prism, center = (2.9925,0,0.5)
          height 1, axis (0,0,1), sidewall angle: 0 radians, 4 vertices:
          (2.7425,-0.25,0)
          (2.7425,0.25,0)
          (3.2425,0.25,0)
          (3.2425,-0.25,0)
Geometric object tree has depth 2 and 21 object nodes (vs. 4 actual objects)
Initializing epsilon function...
Allocating fields...
Solving for band polarization: te.
Initializing fields to random numbers...
1 k-points
  Vector3<-0.09, 0.14, 0.0>
elapsed time for initialization: 0.035453081130981445
solve_kpoint (-0.09,0.14,0):
tefreqs:, k index, k1, k2, k3, kmag/2pi, te band 1, te band 2, te band 3, te band 4, te band 5, te band 6
Solving for bands 1 to 6...
    near maximum in trace
    iteration    1: trace = 2.098139601395888 (199.713% change)
    iteration    2: trace = 0.5052806138294638 (122.367% change)
    iteration    3: trace = 0.4385073227096055 (14.1501% change)
    iteration    4: trace = 0.4136485399298057 (5.83433% change)
    iteration    5: trace = 0.4053248204802347 (2.03272% change)
    iteration    6: trace = 0.4003567938516335 (1.23325% change)
    iteration    7: trace = 0.3985876122602424 (0.44288% change)
    iteration    8: trace = 0.3971677199161001 (0.356867% change)
    iteration    9: trace = 0.3967347134975698 (0.109083% change)
    iteration   10: trace = 0.3965442502928139 (0.0480192% change)
    iteration   11: trace = 0.3965030577921911 (0.0103884% change)
    iteration   12: trace = 0.396484859975311 (0.00458968% change)
    iteration   13: trace = 0.3964781544667399 (0.00169125% change)
    iteration   14: trace = 0.3964740831353875 (0.00102688% change)
    iteration   15: trace = 0.3964730842646841 (0.000251939% change)
    iteration   16: trace = 0.3964727598535466 (8.18243e-05% change)
    iteration   17: trace = 0.3964726939090251 (1.66328e-05% change)
    iteration   18: trace = 0.396472670653658 (5.86557e-06% change)
    iteration   19: trace = 0.3964726624204966 (2.0766e-06% change)
    iteration   20: trace = 0.3964726575309895 (1.23325e-06% change)
    iteration   21: trace = 0.396472656000047 (3.86141e-07% change)
    iteration   22: trace = 0.3964726556098186 (9.8425e-08% change)
    iteration   23: trace = 0.3964726555286364 (2.04761e-08% change)
    iteration   24: trace = 0.3964726555103819 (4.60423e-09% change)
Finished solving for bands 1 to 6 after 24 iterations.
tefreqs:, 1, -0.09, 0.14, 0, 0.143178, 0.0645241, 0.149085, 0.171789, 0.301421, 0.323223, 0.381109
elapsed time for k point: 3.339472532272339
total elapsed time for run: 3.3750083446502686
done
Initializing eigensolver data
Computing 6 bands with 1e-10 tolerance
Working in 2 dimensions.
Grid size is 288 x 96 x 1.
Solving for 6 bands at a time.
Creating Maxwell data...
Mesh size is 3.
Lattice vectors:
     (3, 0, 0)
     (0, 1, 0)
     (0, 0, 1)
Cell volume = 3
Reciprocal lattice vectors (/ 2 pi):
     (0.333333, -0, 0)
     (-0, 1, -0)
     (0, -0, 1)
Geometric objects:
     block, center = (0,0,0)
          size (1e+20,1e+20,1)
          axes (1,0,0), (0,1,0), (0,0,1)
     prism, center = (0.0033541,-1.38778e-17,0.5)
          height 1, axis (0,0,1), sidewall angle: 0 radians, 4 vertices:
          (0.253354,0.25,0)
          (-0.246646,0.25,0)
          (-0.246646,-0.25,0)
          (0.253354,-0.25,0)
     prism, center = (1.00413,-1.38778e-17,0.5)
          height 1, axis (0,0,1), sidewall angle: 0 radians, 4 vertices:
          (1.25413,0.25,0)
          (0.754132,0.25,0)
          (0.754132,-0.25,0)
          (1.25413,-0.25,0)
     prism, center = (1.99251,-1.38778e-17,0.5)
          height 1, axis (0,0,1), sidewall angle: 0 radians, 4 vertices:
          (2.24251,0.25,0)
          (1.74251,0.25,0)
          (1.74251,-0.25,0)
          (2.24251,-0.25,0)
Geometric object tree has depth 2 and 21 object nodes (vs. 4 actual objects)
Initializing epsilon function...
Allocating fields...
Solving for band polarization: te.
Initializing fields to random numbers...
1 k-points
  Vector3<-0.09, 0.14, 0.0>
elapsed time for initialization: 0.06655144691467285
solve_kpoint (-0.09,0.14,0):
tefreqs:, k index, k1, k2, k3, kmag/2pi, te band 1, te band 2, te band 3, te band 4, te band 5, te band 6
Solving for bands 1 to 6...
    near maximum in trace
    iteration    1: trace = 2.218586192002812 (199.694% change)
    iteration    2: trace = 0.5182879102982506 (124.251% change)
    iteration    3: trace = 0.4445074117230806 (15.3263% change)
    iteration    4: trace = 0.4181647626430118 (6.10722% change)
    iteration    5: trace = 0.4094135042105598 (2.11491% change)
    iteration    6: trace = 0.403493282292945 (1.45656% change)
    iteration    7: trace = 0.4002633748476108 (0.803703% change)
    iteration    8: trace = 0.3971642753184936 (0.777274% change)
    iteration    9: trace = 0.3960298670863425 (0.286035% change)
    iteration   10: trace = 0.3955100536363725 (0.131342% change)
    iteration   11: trace = 0.3954156999026926 (0.0238591% change)
    iteration   12: trace = 0.3953796738367081 (0.00911135% change)
    iteration   13: trace = 0.3953696578788821 (0.00253328% change)
    iteration   14: trace = 0.3953639473391835 (0.00144436% change)
    iteration   15: trace = 0.3953616023363237 (0.000593127% change)
    iteration   16: trace = 0.3953606944258476 (0.000229641% change)
    iteration   17: trace = 0.3953605211046672 (4.38388e-05% change)
    iteration   18: trace = 0.3953604777318775 (1.09704e-05% change)
    iteration   19: trace = 0.395360464690517 (3.2986e-06% change)
    iteration   20: trace = 0.3953604585928873 (1.5423e-06% change)
    iteration   21: trace = 0.3953604561294853 (6.23077e-07% change)
    iteration   22: trace = 0.3953604552420639 (2.24459e-07% change)
    iteration   23: trace = 0.395360454989375 (6.39136e-08% change)
    iteration   24: trace = 0.3953604549323742 (1.44174e-08% change)
    iteration   25: trace = 0.3953604549115099 (5.27727e-09% change)
Finished solving for bands 1 to 6 after 25 iterations.
tefreqs:, 1, -0.09, 0.14, 0, 0.143178, 0.0645029, 0.148915, 0.171605, 0.300796, 0.322545, 0.38087
elapsed time for k point: 2.4045262336730957
total elapsed time for run: 2.471163511276245
done
Initializing eigensolver data
Computing 6 bands with 1e-10 tolerance
Working in 2 dimensions.
Grid size is 288 x 96 x 1.
Solving for 6 bands at a time.
Creating Maxwell data...
Mesh size is 3.
Lattice vectors:
     (3, 0, 0)
     (0, 1, 0)
     (0, 0, 1)
Cell volume = 3
Reciprocal lattice vectors (/ 2 pi):
     (0.333333, -0, 0)
     (-0, 1, -0)
     (0, -0, 1)
Geometric objects:
     block, center = (0,0,0)
          size (1e+20,1e+20,1)
          axes (1,0,0), (0,1,0), (0,0,1)
     prism, center = (-0.0033541,-1.38778e-17,0.5)
          height 1, axis (0,0,1), sidewall angle: 0 radians, 4 vertices:
          (0.246646,0.25,0)
          (-0.253354,0.25,0)
          (-0.253354,-0.25,0)
          (0.246646,-0.25,0)
     prism, center = (0.995868,-1.38778e-17,0.5)
          height 1, axis (0,0,1), sidewall angle: 0 radians, 4 vertices:
          (1.24587,0.25,0)
          (0.745868,0.25,0)
          (0.745868,-0.25,0)
          (1.24587,-0.25,0)
     prism, center = (2.00749,-1.38778e-17,0.5)
          height 1, axis (0,0,1), sidewall angle: 0 radians, 4 vertices:
          (2.25749,0.25,0)
          (1.75749,0.25,0)
          (1.75749,-0.25,0)
          (2.25749,-0.25,0)
Geometric object tree has depth 2 and 21 object nodes (vs. 4 actual objects)
Initializing epsilon function...
Allocating fields...
Solving for band polarization: te.
Initializing fields to random numbers...
1 k-points
  Vector3<-0.09, 0.14, 0.0>
elapsed time for initialization: 0.03266572952270508
solve_kpoint (-0.09,0.14,0):
tefreqs:, k index, k1, k2, k3, kmag/2pi, te band 1, te band 2, te band 3, te band 4, te band 5, te band 6
Solving for bands 1 to 6...
    near maximum in trace
    iteration    1: trace = 1.832395293028125 (199.747% change)
    iteration    2: trace = 0.4869503459579299 (116.019% change)
    iteration    3: trace = 0.4259126692911786 (13.3728% change)
    iteration    4: trace = 0.4066303549234512 (4.63215% change)
    iteration    5: trace = 0.4011767493403305 (1.35022% change)
    iteration    6: trace = 0.3980665204890351 (0.778293% change)
    iteration    7: trace = 0.3967648507987085 (0.327534% change)
    iteration    8: trace = 0.3957937472321653 (0.245055% change)
    iteration    9: trace = 0.3955132097844694 (0.0709048% change)
    iteration   10: trace = 0.3953988227006628 (0.0289254% change)
    iteration   11: trace = 0.3953756614025751 (0.00585788% change)
    iteration   12: trace = 0.395366653971876 (0.00227822% change)
    iteration   13: trace = 0.3953633126274693 (0.000845129% change)
    iteration   14: trace = 0.3953614558071561 (0.00046965% change)
    iteration   15: trace = 0.3953609164109966 (0.000136431% change)
    iteration   16: trace = 0.3953607330162078 (4.63867e-05% change)
    iteration   17: trace = 0.3953606915077518 (1.04989e-05% change)
    iteration   18: trace = 0.3953606791434802 (3.12734e-06% change)
    iteration   19: trace = 0.3953606748327126 (1.09034e-06% change)
    iteration   20: trace = 0.395360672506946 (5.88265e-07% change)
    iteration   21: trace = 0.3953606715834539 (2.33582e-07% change)
    iteration   22: trace = 0.3953606713772473 (5.21566e-08% change)
    iteration   23: trace = 0.3953606713301796 (1.1905e-08% change)
    iteration   24: trace = 0.3953606713194755 (2.70743e-09% change)
Finished solving for bands 1 to 6 after 24 iterations.
tefreqs:, 1, -0.09, 0.14, 0, 0.143178, 0.0645029, 0.148915, 0.171605, 0.300796, 0.322546, 0.38087
elapsed time for k point: 1.7700364589691162
total elapsed time for run: 1.8027799129486084
done
Initializing eigensolver data
Computing 6 bands with 1e-10 tolerance
Working in 2 dimensions.
Grid size is 288 x 96 x 1.
Solving for 6 bands at a time.
Creating Maxwell data...
Mesh size is 3.
Lattice vectors:
     (3, 0, 0)
     (0, 1, 0)
     (0, 0, 1)
Cell volume = 3
Reciprocal lattice vectors (/ 2 pi):
     (0.333333, -0, 0)
     (-0, 1, -0)
     (0, -0, 1)
Geometric objects:
     block, center = (0,0,0)
          size (1e+20,1e+20,1)
          axes (1,0,0), (0,1,0), (0,0,1)
     prism, center = (0.0075,-1.38778e-17,0.5)
          height 1, axis (0,0,1), sidewall angle: 0 radians, 4 vertices:
          (0.2575,0.25,0)
          (-0.2425,0.25,0)
          (-0.2425,-0.25,0)
          (0.2575,-0.25,0)
     prism, center = (1.0075,-1.38778e-17,0.5)
          height 1, axis (0,0,1), sidewall angle: 0 radians, 4 vertices:
          (1.2575,0.25,0)
          (0.7575,0.25,0)
          (0.7575,-0.25,0)
          (1.2575,-0.25,0)
     prism, center = (2.0075,-1.38778e-17,0.5)
          height 1, axis (0,0,1), sidewall angle: 0 radians, 4 vertices:
          (2.2575,0.25,0)
          (1.7575,0.25,0)
          (1.7575,-0.25,0)
          (2.2575,-0.25,0)
Geometric object tree has depth 2 and 21 object nodes (vs. 4 actual objects)
Initializing epsilon function...
Allocating fields...
Solving for band polarization: te.
Initializing fields to random numbers...
1 k-points
  Vector3<-0.09, 0.14, 0.0>
elapsed time for initialization: 0.040627241134643555
solve_kpoint (-0.09,0.14,0):
tefreqs:, k index, k1, k2, k3, kmag/2pi, te band 1, te band 2, te band 3, te band 4, te band 5, te band 6
Solving for bands 1 to 6...
    near maximum in trace
    iteration    1: trace = 2.281864647585672 (199.683% change)
    iteration    2: trace = 0.7346532348251769 (102.583% change)
    iteration    3: trace = 0.4870332787834139 (40.5374% change)
    iteration    4: trace = 0.4474317529552689 (8.47576% change)
    iteration    5: trace = 0.4224822434853079 (5.73609% change)
    iteration    6: trace = 0.4158561535953475 (1.58077% change)
    iteration    7: trace = 0.4106702760557016 (1.25486% change)
    iteration    8: trace = 0.4048606446504182 (1.42475% change)
    iteration    9: trace = 0.3988601267887678 (1.49318% change)
    iteration   10: trace = 0.3965045413417896 (0.592328% change)
    iteration   11: trace = 0.3956500861616666 (0.215729% change)
    iteration   12: trace = 0.3953911818637723 (0.0654591% change)
    iteration   13: trace = 0.3952424410617792 (0.0376257% change)
    iteration   14: trace = 0.3951902649379449 (0.0132019% change)
    iteration   15: trace = 0.3951743102360117 (0.0040373% change)
    iteration   16: trace = 0.3951715973032836 (0.000686518% change)
    iteration   17: trace = 0.3951708980453021 (0.000176951% change)
    iteration   18: trace = 0.3951707270709611 (4.32659e-05% change)
    iteration   19: trace = 0.3951706449624472 (2.0778e-05% change)
    iteration   20: trace = 0.3951706066683186 (9.69053e-06% change)
    iteration   21: trace = 0.3951705898603071 (4.25336e-06% change)
    iteration   22: trace = 0.3951705857628725 (1.03688e-06% change)
    iteration   23: trace = 0.3951705846701152 (2.76528e-07% change)
    iteration   24: trace = 0.3951705843792669 (7.36007e-08% change)
    iteration   25: trace = 0.3951705842746061 (2.6485e-08% change)
    iteration   26: trace = 0.3951705842234639 (1.29418e-08% change)
    iteration   27: trace = 0.3951705841997465 (6.00182e-09% change)
Finished solving for bands 1 to 6 after 27 iterations.
tefreqs:, 1, -0.09, 0.14, 0, 0.143178, 0.0644758, 0.148905, 0.171578, 0.300835, 0.322451, 0.380691
elapsed time for k point: 2.17950177192688
total elapsed time for run: 2.2202024459838867
done
Initializing eigensolver data
Computing 6 bands with 1e-10 tolerance
Working in 2 dimensions.
Grid size is 288 x 96 x 1.
Solving for 6 bands at a time.
Creating Maxwell data...
Mesh size is 3.
Lattice vectors:
     (3, 0, 0)
     (0, 1, 0)
     (0, 0, 1)
Cell volume = 3
Reciprocal lattice vectors (/ 2 pi):
     (0.333333, -0, 0)
     (-0, 1, -0)
     (0, -0, 1)
Geometric objects:
     block, center = (0,0,0)
          size (1e+20,1e+20,1)
          axes (1,0,0), (0,1,0), (0,0,1)
     prism, center = (-0.0075,-1.38778e-17,0.5)
          height 1, axis (0,0,1), sidewall angle: 0 radians, 4 vertices:
          (0.2425,0.25,0)
          (-0.2575,0.25,0)
          (-0.2575,-0.25,0)
          (0.2425,-0.25,0)
     prism, center = (0.9925,-1.38778e-17,0.5)
          height 1, axis (0,0,1), sidewall angle: 0 radians, 4 vertices:
          (1.2425,0.25,0)
          (0.7425,0.25,0)
          (0.7425,-0.25,0)
          (1.2425,-0.25,0)
     prism, center = (1.9925,-1.38778e-17,0.5)
          height 1, axis (0,0,1), sidewall angle: 0 radians, 4 vertices:
          (2.2425,0.25,0)
          (1.7425,0.25,0)
          (1.7425,-0.25,0)
          (2.2425,-0.25,0)
Geometric object tree has depth 2 and 21 object nodes (vs. 4 actual objects)
Initializing epsilon function...
Allocating fields...
Solving for band polarization: te.
Initializing fields to random numbers...
1 k-points
  Vector3<-0.09, 0.14, 0.0>
elapsed time for initialization: 0.03244471549987793
solve_kpoint (-0.09,0.14,0):
tefreqs:, k index, k1, k2, k3, kmag/2pi, te band 1, te band 2, te band 3, te band 4, te band 5, te band 6
Solving for bands 1 to 6...
    near maximum in trace
    iteration    1: trace = 2.348311480523715 (199.676% change)
    iteration    2: trace = 0.5684955007911838 (122.039% change)
    iteration    3: trace = 0.4337899057864608 (26.8797% change)
    iteration    4: trace = 0.4103072699578816 (5.56397% change)
    iteration    5: trace = 0.4011005494624589 (2.26932% change)
    iteration    6: trace = 0.398311930285736 (0.697667% change)
    iteration    7: trace = 0.3963543492203549 (0.49268% change)
    iteration    8: trace = 0.395601534286379 (0.190115% change)
    iteration    9: trace = 0.3952708666622017 (0.083621% change)
    iteration   10: trace = 0.3952070241493651 (0.0161529% change)
    iteration   11: trace = 0.3951849865046754 (0.00557638% change)
    iteration   12: trace = 0.3951775784207814 (0.0018746% change)
    iteration   13: trace = 0.3951728718348311 (0.00119101% change)
    iteration   14: trace = 0.3951713272062708 (0.000390875% change)
    iteration   15: trace = 0.3951707769347791 (0.000139249% change)
    iteration   16: trace = 0.3951706558143933 (3.06501e-05% change)
    iteration   17: trace = 0.3951706133446921 (1.07472e-05% change)
    iteration   18: trace = 0.3951705970526497 (4.12279e-06% change)
    iteration   19: trace = 0.3951705882141102 (2.23664e-06% change)
    iteration   20: trace = 0.3951705851854868 (7.66409e-07% change)
    iteration   21: trace = 0.3951705844009149 (1.9854e-07% change)
    iteration   22: trace = 0.3951705842320645 (4.27285e-08% change)
    iteration   23: trace = 0.3951705841984444 (8.50775e-09% change)
Finished solving for bands 1 to 6 after 23 iterations.
tefreqs:, 1, -0.09, 0.14, 0, 0.143178, 0.0644758, 0.148905, 0.171578, 0.300835, 0.322451, 0.380691
elapsed time for k point: 2.039684772491455
total elapsed time for run: 2.0722010135650635
done
Initializing eigensolver data
Computing 6 bands with 1e-10 tolerance
Working in 2 dimensions.
Grid size is 288 x 96 x 1.
Solving for 6 bands at a time.
Creating Maxwell data...
Mesh size is 3.
Lattice vectors:
     (3, 0, 0)
     (0, 1, 0)
     (0, 0, 1)
Cell volume = 3
Reciprocal lattice vectors (/ 2 pi):
     (0.333333, -0, 0)
     (-0, 1, -0)
     (0, -0, 1)
Geometric objects:
     block, center = (0,0,0)
          size (1e+20,1e+20,1)
          axes (1,0,0), (0,1,0), (0,0,1)
     prism, center = (2,0,0.5)
          height 1, axis (0,0,1), sidewall angle: 0 radians, 4 vertices:
          (1.75,-0.25,0)
          (1.75,0.25,0)
          (2.25,0.25,0)
          (2.25,-0.25,0)
     prism, center = (0.9925,0,0.5)
          height 1, axis (0,0,1), sidewall angle: 0 radians, 4 vertices:
          (0.7425,-0.25,0)
          (0.7425,0.25,0)
          (1.2425,0.25,0)
          (1.2425,-0.25,0)
     prism, center = (0.0075,0,0.5)
          height 1, axis (0,0,1), sidewall angle: 0 radians, 4 vertices:
          (-0.2425,-0.25,0)
          (-0.2425,0.25,0)
          (0.2575,0.25,0)
          (0.2575,-0.25,0)
Geometric object tree has depth 2 and 21 object nodes (vs. 4 actual objects)
Initializing epsilon function...
Allocating fields...
Solving for band polarization: te.
Initializing fields to random numbers...
1 k-points
  Vector3<-0.09, 0.14, 0.0>
elapsed time for initialization: 0.03364396095275879
solve_kpoint (-0.09,0.14,0):
tefreqs:, k index, k1, k2, k3, kmag/2pi, te band 1, te band 2, te band 3, te band 4, te band 5, te band 6
Solving for bands 1 to 6...
    near maximum in trace
    iteration    1: trace = 2.11055658830699 (199.71% change)
    iteration    2: trace = 0.5816971744747326 (113.575% change)
    iteration    3: trace = 0.4436800607572746 (26.9203% change)
    iteration    4: trace = 0.4262851985951547 (3.99898% change)
    iteration    5: trace = 0.4166457038083445 (2.28714% change)
    iteration    6: trace = 0.4120496735958813 (1.10922% change)
    iteration    7: trace = 0.4053606327135642 (1.63664% change)
    iteration    8: trace = 0.4004590377184229 (1.21655% change)
    iteration    9: trace = 0.3978141956754685 (0.662641% change)
    iteration   10: trace = 0.3970497305571928 (0.192351% change)
    iteration   11: trace = 0.3967117604490508 (0.0851566% change)
    iteration   12: trace = 0.3965783010788658 (0.0336471% change)
    iteration   13: trace = 0.3965052019389317 (0.0184342% change)
    iteration   14: trace = 0.396487178455614 (0.00454569% change)
    iteration   15: trace = 0.3964814693491465 (0.00143993% change)
    iteration   16: trace = 0.3964801638961822 (0.00032926% change)
    iteration   17: trace = 0.3964796688684533 (0.000124856% change)
    iteration   18: trace = 0.3964794858264472 (4.61668e-05% change)
    iteration   19: trace = 0.3964793841030871 (2.56567e-05% change)
    iteration   20: trace = 0.3964793486079099 (8.95259e-06% change)
    iteration   21: trace = 0.3964793380591036 (2.66062e-06% change)
    iteration   22: trace = 0.3964793358557859 (5.55721e-07% change)
    iteration   23: trace = 0.3964793353033456 (1.39336e-07% change)
    iteration   24: trace = 0.396479335080487 (5.62094e-08% change)
    iteration   25: trace = 0.3964793349634853 (2.95102e-08% change)
    iteration   26: trace = 0.3964793349067153 (1.43185e-08% change)
    iteration   27: trace = 0.3964793348899462 (4.22951e-09% change)
Finished solving for bands 1 to 6 after 27 iterations.
tefreqs:, 1, -0.09, 0.14, 0, 0.143178, 0.0645243, 0.149085, 0.171789, 0.301436, 0.323201, 0.381124
elapsed time for k point: 3.557363510131836
total elapsed time for run: 3.5910980701446533
done
Initializing eigensolver data
Computing 6 bands with 1e-10 tolerance
Working in 2 dimensions.
Grid size is 288 x 96 x 1.
Solving for 6 bands at a time.
Creating Maxwell data...
Mesh size is 3.
Lattice vectors:
     (3, 0, 0)
     (0, 1, 0)
     (0, 0, 1)
Cell volume = 3
Reciprocal lattice vectors (/ 2 pi):
     (0.333333, -0, 0)
     (-0, 1, -0)
     (0, -0, 1)
Geometric objects:
     block, center = (0,0,0)
          size (1e+20,1e+20,1)
          axes (1,0,0), (0,1,0), (0,0,1)
     prism, center = (1.99251,-1.38778e-17,0.5)
          height 1, axis (0,0,1), sidewall angle: 0 radians, 4 vertices:
          (2.24251,0.25,0)
          (1.74251,0.25,0)
          (1.74251,-0.25,0)
          (2.24251,-0.25,0)
     prism, center = (1.00413,-1.38778e-17,0.5)
          height 1, axis (0,0,1), sidewall angle: 0 radians, 4 vertices:
          (1.25413,0.25,0)
          (0.754132,0.25,0)
          (0.754132,-0.25,0)
          (1.25413,-0.25,0)
     prism, center = (0.0033541,-1.38778e-17,0.5)
          height 1, axis (0,0,1), sidewall angle: 0 radians, 4 vertices:
          (0.253354,0.25,0)
          (-0.246646,0.25,0)
          (-0.246646,-0.25,0)
          (0.253354,-0.25,0)
Geometric object tree has depth 2 and 21 object nodes (vs. 4 actual objects)
Initializing epsilon function...
Allocating fields...
Solving for band polarization: te.
Initializing fields to random numbers...
1 k-points
  Vector3<-0.09, 0.14, 0.0>
elapsed time for initialization: 0.07158231735229492
solve_kpoint (-0.09,0.14,0):
tefreqs:, k index, k1, k2, k3, kmag/2pi, te band 1, te band 2, te band 3, te band 4, te band 5, te band 6
Solving for bands 1 to 6...
    near maximum in trace
    iteration    1: trace = 2.410652892601041 (199.668% change)
    iteration    2: trace = 0.6095802315909413 (119.267% change)
    iteration    3: trace = 0.4539975234544478 (29.2565% change)
    iteration    4: trace = 0.432094510221284 (4.94373% change)
    iteration    5: trace = 0.4220080512763361 (2.36188% change)
    iteration    6: trace = 0.4177947176835649 (1.00341% change)
    large trace change predicted (2.07019%)
    iteration    7: trace = 0.4095752222891512 (1.9869% change)
    iteration    8: trace = 0.4020301587882086 (1.85929% change)
    iteration    9: trace = 0.3974965797762188 (1.13407% change)
    iteration   10: trace = 0.3961407653443858 (0.341671% change)
    iteration   11: trace = 0.3956490499716759 (0.124204% change)
    iteration   12: trace = 0.3954999202895819 (0.0376995% change)
    iteration   13: trace = 0.3954143838502515 (0.0216298% change)
    iteration   14: trace = 0.3953798248276725 (0.00874033% change)
    iteration   15: trace = 0.3953656642621413 (0.00358157% change)
    iteration   16: trace = 0.3953624381193009 (0.000815993% change)
    iteration   17: trace = 0.395361333131276 (0.000279488% change)
    iteration   18: trace = 0.3953608301781205 (0.000127214% change)
    iteration   19: trace = 0.3953605768243141 (6.40817e-05% change)
    iteration   20: trace = 0.3953604843597332 (2.33874e-05% change)
    iteration   21: trace = 0.3953604621756034 (5.61111e-06% change)
    iteration   22: trace = 0.3953604564960168 (1.43656e-06% change)
    iteration   23: trace = 0.3953604553756372 (2.83382e-07% change)
    iteration   24: trace = 0.3953604550595924 (7.99384e-08% change)
    iteration   25: trace = 0.3953604549680287 (2.31595e-08% change)
    iteration   26: trace = 0.3953604549192629 (1.23345e-08% change)
    iteration   27: trace = 0.3953604549004908 (4.7481e-09% change)
Finished solving for bands 1 to 6 after 27 iterations.
tefreqs:, 1, -0.09, 0.14, 0, 0.143178, 0.0645029, 0.148915, 0.171605, 0.300796, 0.322545, 0.38087
elapsed time for k point: 4.624649524688721
total elapsed time for run: 4.696319341659546
done
Initializing eigensolver data
Computing 6 bands with 1e-10 tolerance
Working in 2 dimensions.
Grid size is 288 x 96 x 1.
Solving for 6 bands at a time.
Creating Maxwell data...
Mesh size is 3.
Lattice vectors:
     (3, 0, 0)
     (0, 1, 0)
     (0, 0, 1)
Cell volume = 3
Reciprocal lattice vectors (/ 2 pi):
     (0.333333, -0, 0)
     (-0, 1, -0)
     (0, -0, 1)
Geometric objects:
     block, center = (0,0,0)
          size (1e+20,1e+20,1)
          axes (1,0,0), (0,1,0), (0,0,1)
     prism, center = (2.0075,-1.38778e-17,0.5)
          height 1, axis (0,0,1), sidewall angle: 0 radians, 4 vertices:
          (2.2575,0.25,0)
          (1.7575,0.25,0)
          (1.7575,-0.25,0)
          (2.2575,-0.25,0)
     prism, center = (1.0075,-1.38778e-17,0.5)
          height 1, axis (0,0,1), sidewall angle: 0 radians, 4 vertices:
          (1.2575,0.25,0)
          (0.7575,0.25,0)
          (0.7575,-0.25,0)
          (1.2575,-0.25,0)
     prism, center = (0.0075,-1.38778e-17,0.5)
          height 1, axis (0,0,1), sidewall angle: 0 radians, 4 vertices:
          (0.2575,0.25,0)
          (-0.2425,0.25,0)
          (-0.2425,-0.25,0)
          (0.2575,-0.25,0)
Geometric object tree has depth 2 and 21 object nodes (vs. 4 actual objects)
Initializing epsilon function...
Allocating fields...
Solving for band polarization: te.
Initializing fields to random numbers...
1 k-points
  Vector3<-0.09, 0.14, 0.0>
elapsed time for initialization: 0.07080936431884766
solve_kpoint (-0.09,0.14,0):
tefreqs:, k index, k1, k2, k3, kmag/2pi, te band 1, te band 2, te band 3, te band 4, te band 5, te band 6
Solving for bands 1 to 6...
    near maximum in trace
    iteration    1: trace = 2.235352704631974 (199.692% change)
    iteration    2: trace = 0.5195600211465722 (124.562% change)
    iteration    3: trace = 0.4462546592051716 (15.18% change)
    iteration    4: trace = 0.424925528873376 (4.89661% change)
    iteration    5: trace = 0.416101619638044 (2.09836% change)
    iteration    6: trace = 0.4081214281859176 (1.93642% change)
    iteration    7: trace = 0.4019158989938158 (1.53216% change)
    iteration    8: trace = 0.3972715568282298 (1.16227% change)
    iteration    9: trace = 0.3958931023262283 (0.347583% change)
    iteration   10: trace = 0.3954212653137198 (0.119254% change)
    iteration   11: trace = 0.3952942350629197 (0.0321305% change)
    iteration   12: trace = 0.395215104038927 (0.0200203% change)
    iteration   13: trace = 0.3951844048929634 (0.00776801% change)
    iteration   14: trace = 0.3951742996456296 (0.00255713% change)
    iteration   15: trace = 0.3951719548819187 (0.000593351% change)
    iteration   16: trace = 0.3951711828100571 (0.000195376% change)
    iteration   17: trace = 0.3951708522137282 (8.36591e-05% change)
    iteration   18: trace = 0.39517067585376 (4.46288e-05% change)
    iteration   19: trace = 0.395170608775373 (1.69745e-05% change)
    iteration   20: trace = 0.3951705899067013 (4.77482e-06% change)
    iteration   21: trace = 0.3951705854254235 (1.13401e-06% change)
    iteration   22: trace = 0.3951705845404367 (2.23951e-07% change)
    iteration   23: trace = 0.3951705842982314 (6.12913e-08% change)
    iteration   24: trace = 0.3951705842321547 (1.67211e-08% change)
    iteration   25: trace = 0.3951705842017312 (7.69881e-09% change)
Finished solving for bands 1 to 6 after 25 iterations.
tefreqs:, 1, -0.09, 0.14, 0, 0.143178, 0.0644758, 0.148905, 0.171578, 0.300835, 0.322451, 0.380691
elapsed time for k point: 2.842986822128296
total elapsed time for run: 2.913876533508301
done
Initializing eigensolver data
Computing 6 bands with 1e-10 tolerance
Working in 2 dimensions.
Grid size is 336 x 112 x 1.
Solving for 6 bands at a time.
Creating Maxwell data...
Mesh size is 3.
Lattice vectors:
     (3, 0, 0)
     (0, 1, 0)
     (0, 0, 1)
Cell volume = 3
Reciprocal lattice vectors (/ 2 pi):
     (0.333333, -0, 0)
     (-0, 1, -0)
     (0, -0, 1)
Geometric objects:
     block, center = (0,0,0)
          size (1e+20,1e+20,1)
          axes (1,0,0), (0,1,0), (0,0,1)
     prism, center = (0.0075,0,0.5)
          height 1, axis (0,0,1), sidewall angle: 0 radians, 4 vertices:
          (-0.2425,-0.25,0)
          (-0.2425,0.25,0)
          (0.2575,0.25,0)
          (0.2575,-0.25,0)
     prism, center = (0.9925,0,0.5)
          height 1, axis (0,0,1), sidewall angle: 0 radians, 4 vertices:
          (0.7425,-0.25,0)
          (0.7425,0.25,0)
          (1.2425,0.25,0)
          (1.2425,-0.25,0)
     prism, center = (2,0,0.5)
          height 1, axis (0,0,1), sidewall angle: 0 radians, 4 vertices:
          (1.75,-0.25,0)
          (1.75,0.25,0)
          (2.25,0.25,0)
          (2.25,-0.25,0)
Geometric object tree has depth 2 and 21 object nodes (vs. 4 actual objects)
Initializing epsilon function...
Allocating fields...
Solving for band polarization: te.
Initializing fields to random numbers...
1 k-points
  Vector3<-0.09, 0.14, 0.0>
elapsed time for initialization: 0.04407334327697754
solve_kpoint (-0.09,0.14,0):
tefreqs:, k index, k1, k2, k3, kmag/2pi, te band 1, te band 2, te band 3, te band 4, te band 5, te band 6
Solving for bands 1 to 6...
    near maximum in trace
    iteration    1: trace = 2.565726772684434 (199.743% change)
    iteration    2: trace = 0.7171620270331962 (112.618% change)
    iteration    3: trace = 0.4838016084934787 (38.8622% change)
    iteration    4: trace = 0.4451306703433295 (8.32589% change)
    iteration    5: trace = 0.4252677838652273 (4.56409% change)
    iteration    6: trace = 0.4180046926479882 (1.7226% change)
    iteration    7: trace = 0.4119156216694235 (1.46739% change)
    iteration    8: trace = 0.4055676489459503 (1.55305% change)
    iteration    9: trace = 0.3999317680488025 (1.39935% change)
    iteration   10: trace = 0.3978735553794979 (0.515969% change)
    iteration   11: trace = 0.3970573889300112 (0.205343% change)
    iteration   12: trace = 0.3967978187698325 (0.0653948% change)
    iteration   13: trace = 0.3966481666270503 (0.0377221% change)
    iteration   14: trace = 0.3965921247041344 (0.0141299% change)
    iteration   15: trace = 0.3965697993070043 (0.00562947% change)
    iteration   16: trace = 0.3965644807147619 (0.00134116% change)
    iteration   17: trace = 0.3965624661521252 (0.000508005% change)
    iteration   18: trace = 0.396561895098592 (0.000144001% change)
    iteration   19: trace = 0.3965616165966224 (7.02292e-05% change)
    iteration   20: trace = 0.3965615051147303 (2.81121e-05% change)
    iteration   21: trace = 0.3965614608415992 (1.11643e-05% change)
    iteration   22: trace = 0.396561452077277 (2.21008e-06% change)
    iteration   23: trace = 0.39656144994466 (5.37777e-07% change)
    iteration   24: trace = 0.3965614494262386 (1.30729e-07% change)
    iteration   25: trace = 0.3965614492478649 (4.49801e-08% change)
    iteration   26: trace = 0.3965614491596071 (2.22558e-08% change)
    iteration   27: trace = 0.3965614491160667 (1.09795e-08% change)
    iteration   28: trace = 0.3965614490992195 (4.2483e-09% change)
Finished solving for bands 1 to 6 after 28 iterations.
tefreqs:, 1, -0.09, 0.14, 0, 0.143178, 0.0645423, 0.149088, 0.171789, 0.301435, 0.323202, 0.381228
elapsed time for k point: 4.262850046157837
total elapsed time for run: 4.307024717330933
done
Initializing eigensolver data
Computing 6 bands with 1e-10 tolerance
Working in 2 dimensions.
Grid size is 336 x 112 x 1.
Solving for 6 bands at a time.
Creating Maxwell data...
Mesh size is 3.
Lattice vectors:
     (3, 0, 0)
     (0, 1, 0)
     (0, 0, 1)
Cell volume = 3
Reciprocal lattice vectors (/ 2 pi):
     (0.333333, -0, 0)
     (-0, 1, -0)
     (0, -0, 1)
Geometric objects:
     block, center = (0,0,0)
          size (1e+20,1e+20,1)
          axes (1,0,0), (0,1,0), (0,0,1)
     prism, center = (1.0075,0,0.5)
          height 1, axis (0,0,1), sidewall angle: 0 radians, 4 vertices:
          (0.7575,-0.25,0)
          (0.7575,0.25,0)
          (1.2575,0.25,0)
          (1.2575,-0.25,0)
     prism, center = (2,0,0.5)
          height 1, axis (0,0,1), sidewall angle: 0 radians, 4 vertices:
          (1.75,-0.25,0)
          (1.75,0.25,0)
          (2.25,0.25,0)
          (2.25,-0.25,0)
     prism, center = (2.9925,0,0.5)
          height 1, axis (0,0,1), sidewall angle: 0 radians, 4 vertices:
          (2.7425,-0.25,0)
          (2.7425,0.25,0)
          (3.2425,0.25,0)
          (3.2425,-0.25,0)
Geometric object tree has depth 2 and 21 object nodes (vs. 4 actual objects)
Initializing epsilon function...
Allocating fields...
Solving for band polarization: te.
Initializing fields to random numbers...
1 k-points
  Vector3<-0.09, 0.14, 0.0>
elapsed time for initialization: 0.048538923263549805
solve_kpoint (-0.09,0.14,0):
tefreqs:, k index, k1, k2, k3, kmag/2pi, te band 1, te band 2, te band 3, te band 4, te band 5, te band 6
Solving for bands 1 to 6...
    near maximum in trace
    iteration    1: trace = 2.366876975254155 (199.762% change)
    iteration    2: trace = 0.5811131054927262 (121.151% change)
    iteration    3: trace = 0.4585480412798679 (23.5779% change)
    iteration    4: trace = 0.4197984983358157 (8.82329% change)
    iteration    5: trace = 0.4078841075546777 (2.87898% change)
    iteration    6: trace = 0.4021721630421439 (1.41026% change)
    iteration    7: trace = 0.399621486393637 (0.636243% change)
    iteration    8: trace = 0.3977561320752856 (0.467872% change)
    iteration    9: trace = 0.3969741638988204 (0.196788% change)
    iteration   10: trace = 0.3966762117446728 (0.075084% change)
    iteration   11: trace = 0.3966032857557686 (0.018386% change)
    iteration   12: trace = 0.3965763458200977 (0.0067929% change)
    iteration   13: trace = 0.3965652426536032 (0.00279979% change)
    iteration   14: trace = 0.3965598503992872 (0.00135975% change)
    iteration   15: trace = 0.3965576885882686 (0.000545143% change)
    iteration   16: trace = 0.3965570858057188 (0.000152004% change)
    iteration   17: trace = 0.3965569181340298 (4.22819e-05% change)
    iteration   18: trace = 0.396556872889257 (1.14094e-05% change)
    iteration   19: trace = 0.3965568523191988 (5.18716e-06% change)
    iteration   20: trace = 0.3965568437642739 (2.1573e-06% change)
    iteration   21: trace = 0.3965568401447385 (9.12741e-07% change)
    iteration   22: trace = 0.3965568393762883 (1.93781e-07% change)
    iteration   23: trace = 0.3965568391797253 (4.95674e-08% change)
    iteration   24: trace = 0.3965568391462373 (8.44467e-09% change)
Finished solving for bands 1 to 6 after 24 iterations.
tefreqs:, 1, -0.09, 0.14, 0, 0.143178, 0.0645422, 0.149088, 0.171789, 0.301422, 0.32322, 0.381216
elapsed time for k point: 3.0941858291625977
total elapsed time for run: 3.142824649810791
done
Initializing eigensolver data
Computing 6 bands with 1e-10 tolerance
Working in 2 dimensions.
Grid size is 336 x 112 x 1.
Solving for 6 bands at a time.
Creating Maxwell data...
Mesh size is 3.
Lattice vectors:
     (3, 0, 0)
     (0, 1, 0)
     (0, 0, 1)
Cell volume = 3
Reciprocal lattice vectors (/ 2 pi):
     (0.333333, -0, 0)
     (-0, 1, -0)
     (0, -0, 1)
Geometric objects:
     block, center = (0,0,0)
          size (1e+20,1e+20,1)
          axes (1,0,0), (0,1,0), (0,0,1)
     prism, center = (0.0141964,0,0.5)
          height 1, axis (0,0,1), sidewall angle: 0 radians, 4 vertices:
          (-0.235804,-0.25,0)
          (-0.235804,0.25,0)
          (0.264196,0.25,0)
          (0.264196,-0.25,0)
     prism, center = (0.999196,0,0.5)
          height 1, axis (0,0,1), sidewall angle: 0 radians, 4 vertices:
          (0.749196,-0.25,0)
          (0.749196,0.25,0)
          (1.2492,0.25,0)
          (1.2492,-0.25,0)
     prism, center = (2.0067,0,0.5)
          height 1, axis (0,0,1), sidewall angle: 0 radians, 4 vertices:
          (1.7567,-0.25,0)
          (1.7567,0.25,0)
          (2.2567,0.25,0)
          (2.2567,-0.25,0)
Geometric object tree has depth 2 and 21 object nodes (vs. 4 actual objects)
Initializing epsilon function...
Allocating fields...
Solving for band polarization: te.
Initializing fields to random numbers...
1 k-points
  Vector3<-0.09, 0.14, 0.0>
elapsed time for initialization: 0.08884596824645996
solve_kpoint (-0.09,0.14,0):
tefreqs:, k index, k1, k2, k3, kmag/2pi, te band 1, te band 2, te band 3, te band 4, te band 5, te band 6
Solving for bands 1 to 6...
    near maximum in trace
    iteration    1: trace = 2.017644694055813 (199.796% change)
    iteration    2: trace = 0.5053864108897903 (119.876% change)
    iteration    3: trace = 0.4402331061254761 (13.78% change)
    iteration    4: trace = 0.4158649463358456 (5.69284% change)
    iteration    5: trace = 0.4062535031756334 (2.33821% change)
    iteration    6: trace = 0.4001031684881636 (1.52546% change)
    iteration    7: trace = 0.3981167954959677 (0.497701% change)
    iteration    8: trace = 0.3969386127282544 (0.296378% change)
    iteration    9: trace = 0.3966104224925855 (0.0827145% change)
    iteration   10: trace = 0.3964759595364871 (0.0339088% change)
    iteration   11: trace = 0.396446654653984 (0.00739161% change)
    iteration   12: trace = 0.396432479982273 (0.00357549% change)
    iteration   13: trace = 0.3964263185131198 (0.00155424% change)
    iteration   14: trace = 0.3964229335861056 (0.000853864% change)
    iteration   15: trace = 0.3964219822157344 (0.000239989% change)
    iteration   16: trace = 0.3964216717687687 (7.83123e-05% change)
    iteration   17: trace = 0.3964215969948761 (1.88622e-05% change)
    iteration   18: trace = 0.3964215728483105 (6.09113e-06% change)
    iteration   19: trace = 0.396421563282524 (2.41303e-06% change)
    iteration   20: trace = 0.3964215579785547 (1.33796e-06% change)
    iteration   21: trace = 0.3964215561505363 (4.6113e-07% change)
    iteration   22: trace = 0.396421555706905 (1.11909e-07% change)
    iteration   23: trace = 0.3964215555936569 (2.85676e-08% change)
    iteration   24: trace = 0.3964215555645048 (7.35382e-09% change)
Finished solving for bands 1 to 6 after 24 iterations.
tefreqs:, 1, -0.09, 0.14, 0, 0.143178, 0.0645235, 0.149078, 0.171782, 0.301408, 0.323178, 0.381096
elapsed time for k point: 3.1797549724578857
total elapsed time for run: 3.268693447113037
done
Initializing eigensolver data
Computing 6 bands with 1e-10 tolerance
Working in 2 dimensions.
Grid size is 336 x 112 x 1.
Solving for 6 bands at a time.
Creating Maxwell data...
Mesh size is 3.
Lattice vectors:
     (3, 0, 0)
     (0, 1, 0)
     (0, 0, 1)
Cell volume = 3
Reciprocal lattice vectors (/ 2 pi):
     (0.333333, -0, 0)
     (-0, 1, -0)
     (0, -0, 1)
Geometric objects:
     block, center = (0,0,0)
          size (1e+20,1e+20,1)
          axes (1,0,0), (0,1,0), (0,0,1)
     prism, center = (1.0142,0,0.5)
          height 1, axis (0,0,1), sidewall angle: 0 radians, 4 vertices:
          (0.764196,-0.25,0)
          (0.764196,0.25,0)
          (1.2642,0.25,0)
          (1.2642,-0.25,0)
     prism, center = (2.0067,0,0.5)
          height 1, axis (0,0,1), sidewall angle: 0 radians, 4 vertices:
          (1.7567,-0.25,0)
          (1.7567,0.25,0)
          (2.2567,0.25,0)
          (2.2567,-0.25,0)
     prism, center = (2.9992,0,0.5)
          height 1, axis (0,0,1), sidewall angle: 0 radians, 4 vertices:
          (2.7492,-0.25,0)
          (2.7492,0.25,0)
          (3.2492,0.25,0)
          (3.2492,-0.25,0)
Geometric object tree has depth 2 and 21 object nodes (vs. 4 actual objects)
Initializing epsilon function...
Allocating fields...
Solving for band polarization: te.
Initializing fields to random numbers...
1 k-points
  Vector3<-0.09, 0.14, 0.0>
elapsed time for initialization: 0.04459714889526367
solve_kpoint (-0.09,0.14,0):
tefreqs:, k index, k1, k2, k3, kmag/2pi, te band 1, te band 2, te band 3, te band 4, te band 5, te band 6
Solving for bands 1 to 6...
    near maximum in trace
    iteration    1: trace = 2.311379647632682 (199.767% change)
    iteration    2: trace = 0.5985313778847939 (117.725% change)
    iteration    3: trace = 0.4475485937482014 (28.8664% change)
    iteration    4: trace = 0.4275920778342759 (4.56076% change)
    iteration    5: trace = 0.419951697428478 (1.80295% change)
    iteration    6: trace = 0.4171830427420301 (0.66146% change)
    iteration    7: trace = 0.4137258439854674 (0.832149% change)
    iteration    8: trace = 0.4077276354139383 (1.46039% change)
    iteration    9: trace = 0.400966568321935 (1.67209% change)
    iteration   10: trace = 0.3981440089279828 (0.706425% change)
    iteration   11: trace = 0.3969791381621316 (0.293004% change)
    iteration   12: trace = 0.3966698640495911 (0.0779373% change)
    iteration   13: trace = 0.3965185647318242 (0.0381497% change)
    iteration   14: trace = 0.3964617343223015 (0.0143334% change)
    iteration   15: trace = 0.396434195404834 (0.00694641% change)
    iteration   16: trace = 0.3964266096231326 (0.00191352% change)
    iteration   17: trace = 0.3964243641860398 (0.000566421% change)
    iteration   18: trace = 0.3964237226351829 (0.000161834% change)
    iteration   19: trace = 0.3964234721717216 (6.31808e-05% change)
    iteration   20: trace = 0.396423364032751 (2.72787e-05% change)
    iteration   21: trace = 0.3964233116753062 (1.32075e-05% change)
    iteration   22: trace = 0.396423294964089 (4.2155e-06% change)
    iteration   23: trace = 0.3964232904860263 (1.12962e-06% change)
    iteration   24: trace = 0.3964232893429098 (2.88358e-07% change)
    iteration   25: trace = 0.3964232889754379 (9.26968e-08% change)
    iteration   26: trace = 0.396423288759661 (5.44309e-08% change)
    iteration   27: trace = 0.3964232886638455 (2.417e-08% change)
    iteration   28: trace = 0.3964232886280751 (9.02328e-09% change)
Finished solving for bands 1 to 6 after 28 iterations.
tefreqs:, 1, -0.09, 0.14, 0, 0.143178, 0.0645236, 0.149079, 0.171781, 0.301403, 0.323186, 0.381096
elapsed time for k point: 2.6367859840393066
total elapsed time for run: 2.6820569038391113
done
Initializing eigensolver data
Computing 6 bands with 1e-10 tolerance
Working in 2 dimensions.
Grid size is 336 x 112 x 1.
Solving for 6 bands at a time.
Creating Maxwell data...
Mesh size is 3.
Lattice vectors:
     (3, 0, 0)
     (0, 1, 0)
     (0, 0, 1)
Cell volume = 3
Reciprocal lattice vectors (/ 2 pi):
     (0.333333, -0, 0)
     (-0, 1, -0)
     (0, -0, 1)
Geometric objects:
     block, center = (0,0,0)
          size (1e+20,1e+20,1)
          axes (1,0,0), (0,1,0), (0,0,1)
     prism, center = (0.0208929,0,0.5)
          height 1, axis (0,0,1), sidewall angle: 0 radians, 4 vertices:
          (-0.229107,-0.25,0)
          (-0.229107,0.25,0)
          (0.270893,0.25,0)
          (0.270893,-0.25,0)
     prism, center = (1.00589,0,0.5)
          height 1, axis (0,0,1), sidewall angle: 0 radians, 4 vertices:
          (0.755893,-0.25,0)
          (0.755893,0.25,0)
          (1.25589,0.25,0)
          (1.25589,-0.25,0)
     prism, center = (2.01339,0,0.5)
          height 1, axis (0,0,1), sidewall angle: 0 radians, 4 vertices:
          (1.76339,-0.25,0)
          (1.76339,0.25,0)
          (2.26339,0.25,0)
          (2.26339,-0.25,0)
Geometric object tree has depth 2 and 21 object nodes (vs. 4 actual objects)
Initializing epsilon function...
Allocating fields...
Solving for band polarization: te.
Initializing fields to random numbers...
1 k-points
  Vector3<-0.09, 0.14, 0.0>
elapsed time for initialization: 0.09558439254760742
solve_kpoint (-0.09,0.14,0):
tefreqs:, k index, k1, k2, k3, kmag/2pi, te band 1, te band 2, te band 3, te band 4, te band 5, te band 6
Solving for bands 1 to 6...
    near maximum in trace
    iteration    1: trace = 2.505496868598049 (199.746% change)
    iteration    2: trace = 0.6259682434548992 (120.041% change)
    iteration    3: trace = 0.4417256366884546 (34.5123% change)
    iteration    4: trace = 0.425489140242524 (3.74452% change)
    iteration    5: trace = 0.4125806014094751 (3.08054% change)
    iteration    6: trace = 0.4058663194842528 (1.64074% change)
    iteration    7: trace = 0.4001423761579063 (1.42032% change)
    iteration    8: trace = 0.3980469458372478 (0.525046% change)
    iteration    9: trace = 0.3968377584835653 (0.304242% change)
    iteration   10: trace = 0.3966030062004936 (0.0591732% change)
    iteration   11: trace = 0.3965102987959517 (0.0233781% change)
    iteration   12: trace = 0.3964831867156139 (0.00683791% change)
    iteration   13: trace = 0.3964660246449438 (0.00432867% change)
    iteration   14: trace = 0.3964608461238255 (0.00130618% change)
    iteration   15: trace = 0.3964590174483391 (0.000461251% change)
    iteration   16: trace = 0.3964585662086417 (0.000113818% change)
    iteration   17: trace = 0.3964584156766608 (3.79692e-05% change)
    iteration   18: trace = 0.3964583541962167 (1.55074e-05% change)
    iteration   19: trace = 0.3964583231548952 (7.82966e-06% change)
    iteration   20: trace = 0.396458307388475 (3.97682e-06% change)
    iteration   21: trace = 0.3964583021562121 (1.31975e-06% change)
    iteration   22: trace = 0.3964583005430568 (4.06892e-07% change)
    iteration   23: trace = 0.3964583001437901 (1.00708e-07% change)
    iteration   24: trace = 0.3964582999867984 (3.95986e-08% change)
    iteration   25: trace = 0.3964582999238667 (1.58735e-08% change)
    iteration   26: trace = 0.396458299900401 (5.91881e-09% change)
Finished solving for bands 1 to 6 after 26 iterations.
tefreqs:, 1, -0.09, 0.14, 0, 0.143178, 0.0645291, 0.149082, 0.171785, 0.301423, 0.32318, 0.381126
elapsed time for k point: 3.5333549976348877
total elapsed time for run: 3.6290385723114014
done
Initializing eigensolver data
Computing 6 bands with 1e-10 tolerance
Working in 2 dimensions.
Grid size is 336 x 112 x 1.
Solving for 6 bands at a time.
Creating Maxwell data...
Mesh size is 3.
Lattice vectors:
     (3, 0, 0)
     (0, 1, 0)
     (0, 0, 1)
Cell volume = 3
Reciprocal lattice vectors (/ 2 pi):
     (0.333333, -0, 0)
     (-0, 1, -0)
     (0, -0, 1)
Geometric objects:
     block, center = (0,0,0)
          size (1e+20,1e+20,1)
          axes (1,0,0), (0,1,0), (0,0,1)
     prism, center = (1.02089,0,0.5)
          height 1, axis (0,0,1), sidewall angle: 0 radians, 4 vertices:
          (0.770893,-0.25,0)
          (0.770893,0.25,0)
          (1.27089,0.25,0)
          (1.27089,-0.25,0)
     prism, center = (2.01339,0,0.5)
          height 1, axis (0,0,1), sidewall angle: 0 radians, 4 vertices:
          (1.76339,-0.25,0)
          (1.76339,0.25,0)
          (2.26339,0.25,0)
          (2.26339,-0.25,0)
     prism, center = (3.00589,0,0.5)
          height 1, axis (0,0,1), sidewall angle: 0 radians, 4 vertices:
          (2.75589,-0.25,0)
          (2.75589,0.25,0)
          (3.25589,0.25,0)
          (3.25589,-0.25,0)
Geometric object tree has depth 2 and 21 object nodes (vs. 4 actual objects)
Initializing epsilon function...
Allocating fields...
Solving for band polarization: te.
Initializing fields to random numbers...
1 k-points
  Vector3<-0.09, 0.14, 0.0>
elapsed time for initialization: 0.06033921241760254
solve_kpoint (-0.09,0.14,0):
tefreqs:, k index, k1, k2, k3, kmag/2pi, te band 1, te band 2, te band 3, te band 4, te band 5, te band 6
Solving for bands 1 to 6...
    near maximum in trace
    iteration    1: trace = 2.726172533885288 (199.725% change)
    iteration    2: trace = 0.6518853827868047 (122.809% change)
    iteration    3: trace = 0.4566742870152857 (35.2189% change)
    iteration    4: trace = 0.4215813003937953 (7.99152% change)
    iteration    5: trace = 0.4060539571528772 (3.75222% change)
    iteration    6: trace = 0.4017133079008733 (1.07473% change)
    iteration    7: trace = 0.3987128910170702 (0.749705% change)
    iteration    8: trace = 0.3973712491088522 (0.33706% change)
    iteration    9: trace = 0.3966693938984032 (0.176781% change)
    iteration   10: trace = 0.3965159976787094 (0.0386785% change)
    iteration   11: trace = 0.396472964426111 (0.0108534% change)
    iteration   12: trace = 0.3964623796173714 (0.00266978% change)
    iteration   13: trace = 0.3964583409307686 (0.00101869% change)
    iteration   14: trace = 0.3964563513460283 (0.000501841% change)
    iteration   15: trace = 0.3964555126937936 (0.000211537% change)
    iteration   16: trace = 0.3964551903137032 (8.13156e-05% change)
    iteration   17: trace = 0.3964551073844369 (2.09177e-05% change)
    iteration   18: trace = 0.3964550768377992 (7.70494e-06% change)
    iteration   19: trace = 0.3964550648928508 (3.01294e-06% change)
    iteration   20: trace = 0.3964550569095343 (2.01368e-06% change)
    iteration   21: trace = 0.396455054216773 (6.7921e-07% change)
    iteration   22: trace = 0.3964550533506088 (2.18477e-07% change)
    iteration   23: trace = 0.3964550531923456 (3.99196e-08% change)
    iteration   24: trace = 0.3964550531478936 (1.12124e-08% change)
    iteration   25: trace = 0.3964550531361545 (2.96101e-09% change)
Finished solving for bands 1 to 6 after 25 iterations.
tefreqs:, 1, -0.09, 0.14, 0, 0.143178, 0.064529, 0.149082, 0.171785, 0.301412, 0.323197, 0.381117
elapsed time for k point: 3.3224966526031494
total elapsed time for run: 3.382918119430542
done
Initializing eigensolver data
Computing 6 bands with 1e-10 tolerance
Working in 2 dimensions.
Grid size is 336 x 112 x 1.
Solving for 6 bands at a time.
Creating Maxwell data...
Mesh size is 3.
Lattice vectors:
     (3, 0, 0)
     (0, 1, 0)
     (0, 0, 1)
Cell volume = 3
Reciprocal lattice vectors (/ 2 pi):
     (0.333333, -0, 0)
     (-0, 1, -0)
     (0, -0, 1)
Geometric objects:
     block, center = (0,0,0)
          size (1e+20,1e+20,1)
          axes (1,0,0), (0,1,0), (0,0,1)
     prism, center = (0.0275893,0,0.5)
          height 1, axis (0,0,1), sidewall angle: 0 radians, 4 vertices:
          (-0.222411,-0.25,0)
          (-0.222411,0.25,0)
          (0.277589,0.25,0)
          (0.277589,-0.25,0)
     prism, center = (1.01259,0,0.5)
          height 1, axis (0,0,1), sidewall angle: 0 radians, 4 vertices:
          (0.762589,-0.25,0)
          (0.762589,0.25,0)
          (1.26259,0.25,0)
          (1.26259,-0.25,0)
     prism, center = (2.02009,0,0.5)
          height 1, axis (0,0,1), sidewall angle: 0 radians, 4 vertices:
          (1.77009,-0.25,0)
          (1.77009,0.25,0)
          (2.27009,0.25,0)
          (2.27009,-0.25,0)
Geometric object tree has depth 2 and 21 object nodes (vs. 4 actual objects)
Initializing epsilon function...
Allocating fields...
Solving for band polarization: te.
Initializing fields to random numbers...
1 k-points
  Vector3<-0.09, 0.14, 0.0>
elapsed time for initialization: 0.0443572998046875
solve_kpoint (-0.09,0.14,0):
tefreqs:, k index, k1, k2, k3, kmag/2pi, te band 1, te band 2, te band 3, te band 4, te band 5, te band 6
Solving for bands 1 to 6...
    near maximum in trace
    iteration    1: trace = 2.719463992855797 (199.727% change)
    iteration    2: trace = 0.6470509349911348 (123.119% change)
    iteration    3: trace = 0.4362186179851525 (38.9252% change)
    iteration    4: trace = 0.4109956999063344 (5.95432% change)
    iteration    5: trace = 0.4024844126383148 (2.09256% change)
    iteration    6: trace = 0.3997301333388855 (0.686669% change)
    iteration    7: trace = 0.3976223096849497 (0.528706% change)
    iteration    8: trace = 0.3969093473455481 (0.179467% change)
    iteration    9: trace = 0.3965480770540548 (0.0910623% change)
    iteration   10: trace = 0.396473021202768 (0.0189291% change)
    iteration   11: trace = 0.3964404539276846 (0.00821458% change)
    iteration   12: trace = 0.3964309005871542 (0.00240981% change)
    iteration   13: trace = 0.3964248269939959 (0.00153208% change)
    iteration   14: trace = 0.3964226617923605 (0.000546184% change)
    iteration   15: trace = 0.3964218077233556 (0.000215444% change)
    iteration   16: trace = 0.3964216506861796 (3.96137e-05% change)
    iteration   17: trace = 0.3964215916645571 (1.48886e-05% change)
    iteration   18: trace = 0.3964215710316623 (5.20479e-06% change)
    iteration   19: trace = 0.3964215608436346 (2.57e-06% change)
    iteration   20: trace = 0.396421557286796 (8.97236e-07% change)
    iteration   21: trace = 0.3964215559196703 (3.44867e-07% change)
    iteration   22: trace = 0.3964215556147344 (7.69221e-08% change)
    iteration   23: trace = 0.3964215555626858 (1.31296e-08% change)
    iteration   24: trace = 0.3964215555504659 (3.08256e-09% change)
Finished solving for bands 1 to 6 after 24 iterations.
tefreqs:, 1, -0.09, 0.14, 0, 0.143178, 0.0645235, 0.149078, 0.171782, 0.301408, 0.323178, 0.381096
elapsed time for k point: 2.4132652282714844
total elapsed time for run: 2.457698106765747
done
Initializing eigensolver data
Computing 6 bands with 1e-10 tolerance
Working in 2 dimensions.
Grid size is 336 x 112 x 1.
Solving for 6 bands at a time.
Creating Maxwell data...
Mesh size is 3.
Lattice vectors:
     (3, 0, 0)
     (0, 1, 0)
     (0, 0, 1)
Cell volume = 3
Reciprocal lattice vectors (/ 2 pi):
     (0.333333, -0, 0)
     (-0, 1, -0)
     (0, -0, 1)
Geometric objects:
     block, center = (0,0,0)
          size (1e+20,1e+20,1)
          axes (1,0,0), (0,1,0), (0,0,1)
     prism, center = (1.02759,0,0.5)
          height 1, axis (0,0,1), sidewall angle: 0 radians, 4 vertices:
          (0.777589,-0.25,0)
          (0.777589,0.25,0)
          (1.27759,0.25,0)
          (1.27759,-0.25,0)
     prism, center = (2.02009,0,0.5)
          height 1, axis (0,0,1), sidewall angle: 0 radians, 4 vertices:
          (1.77009,-0.25,0)
          (1.77009,0.25,0)
          (2.27009,0.25,0)
          (2.27009,-0.25,0)
     prism, center = (3.01259,0,0.5)
          height 1, axis (0,0,1), sidewall angle: 0 radians, 4 vertices:
          (2.76259,-0.25,0)
          (2.76259,0.25,0)
          (3.26259,0.25,0)
          (3.26259,-0.25,0)
Geometric object tree has depth 2 and 21 object nodes (vs. 4 actual objects)
Initializing epsilon function...
Allocating fields...
Solving for band polarization: te.
Initializing fields to random numbers...
1 k-points
  Vector3<-0.09, 0.14, 0.0>
elapsed time for initialization: 0.04415488243103027
solve_kpoint (-0.09,0.14,0):
tefreqs:, k index, k1, k2, k3, kmag/2pi, te band 1, te band 2, te band 3, te band 4, te band 5, te band 6
Solving for bands 1 to 6...
    near maximum in trace
    iteration    1: trace = 2.207579751476085 (199.778% change)
    iteration    2: trace = 0.643306485061143 (109.739% change)
    iteration    3: trace = 0.4634750387734062 (32.4963% change)
    iteration    4: trace = 0.4273844093858565 (8.10243% change)
    iteration    5: trace = 0.4089323138042508 (4.41271% change)
    iteration    6: trace = 0.4027611722114373 (1.52056% change)
    iteration    7: trace = 0.3991647201528572 (0.896954% change)
    iteration    8: trace = 0.3976442689350415 (0.381635% change)
    iteration    9: trace = 0.3967906216500254 (0.214907% change)
    iteration   10: trace = 0.3965554195299245 (0.0592937% change)
    iteration   11: trace = 0.3964699984491778 (0.0215431% change)
    iteration   12: trace = 0.3964460894680449 (0.00603065% change)
    iteration   13: trace = 0.3964319792988297 (0.00355923% change)
    iteration   14: trace = 0.3964266854349987 (0.00133539% change)
    iteration   15: trace = 0.3964241593055431 (0.000637227% change)
    iteration   16: trace = 0.396423565477398 (0.000149796% change)
    iteration   17: trace = 0.3964233727782774 (4.86094e-05% change)
    iteration   18: trace = 0.3964233262389256 (1.17398e-05% change)
    iteration   19: trace = 0.3964233040165919 (5.60571e-06% change)
    iteration   20: trace = 0.3964232942828727 (2.45539e-06% change)
    iteration   21: trace = 0.3964232898845292 (1.10951e-06% change)
    iteration   22: trace = 0.3964232889140966 (2.44797e-07% change)
    iteration   23: trace = 0.3964232886999071 (5.40305e-08% change)
    iteration   24: trace = 0.3964232886445418 (1.39662e-08% change)
    iteration   25: trace = 0.3964232886282771 (4.10285e-09% change)
Finished solving for bands 1 to 6 after 25 iterations.
tefreqs:, 1, -0.09, 0.14, 0, 0.143178, 0.0645236, 0.149079, 0.171781, 0.301403, 0.323186, 0.381096
elapsed time for k point: 2.6691036224365234
total elapsed time for run: 2.7133476734161377
done
Initializing eigensolver data
Computing 6 bands with 1e-10 tolerance
Working in 2 dimensions.
Grid size is 336 x 112 x 1.
Solving for 6 bands at a time.
Creating Maxwell data...
Mesh size is 3.
Lattice vectors:
     (3, 0, 0)
     (0, 1, 0)
     (0, 0, 1)
Cell volume = 3
Reciprocal lattice vectors (/ 2 pi):
     (0.333333, -0, 0)
     (-0, 1, -0)
     (0, -0, 1)
Geometric objects:
     block, center = (0,0,0)
          size (1e+20,1e+20,1)
          axes (1,0,0), (0,1,0), (0,0,1)
     prism, center = (0.015,0,0.5)
          height 1, axis (0,0,1), sidewall angle: 0 radians, 4 vertices:
          (-0.235,-0.25,0)
          (-0.235,0.25,0)
          (0.265,0.25,0)
          (0.265,-0.25,0)
     prism, center = (0.985,0,0.5)
          height 1, axis (0,0,1), sidewall angle: 0 radians, 4 vertices:
          (0.735,-0.25,0)
          (0.735,0.25,0)
          (1.235,0.25,0)
          (1.235,-0.25,0)
     prism, center = (2,0,0.5)
          height 1, axis (0,0,1), sidewall angle: 0 radians, 4 vertices:
          (1.75,-0.25,0)
          (1.75,0.25,0)
          (2.25,0.25,0)
          (2.25,-0.25,0)
Geometric object tree has depth 2 and 21 object nodes (vs. 4 actual objects)
Initializing epsilon function...
Allocating fields...
Solving for band polarization: te.
Initializing fields to random numbers...
1 k-points
  Vector3<-0.09, 0.14, 0.0>
elapsed time for initialization: 0.044119834899902344
solve_kpoint (-0.09,0.14,0):
tefreqs:, k index, k1, k2, k3, kmag/2pi, te band 1, te band 2, te band 3, te band 4, te band 5, te band 6
Solving for bands 1 to 6...
    near maximum in trace
    iteration    1: trace = 2.308311039282531 (199.767% change)
    iteration    2: trace = 0.539601788350231 (124.211% change)
    iteration    3: trace = 0.459651903788774 (16.0019% change)
    iteration    4: trace = 0.4311371609415088 (6.40213% change)
    iteration    5: trace = 0.422715323064302 (1.97267% change)
    iteration    6: trace = 0.4184976245597345 (1.00277% change)
    iteration    7: trace = 0.416466970846008 (0.486405% change)
    large trace change predicted (1.30556%)
    iteration    8: trace = 0.4115623863243995 (1.18464% change)
    iteration    9: trace = 0.4051614810478237 (1.56746% change)
    iteration   10: trace = 0.3997897517449223 (1.33467% change)
    iteration   11: trace = 0.3980417746820646 (0.438182% change)
    iteration   12: trace = 0.397131654310238 (0.228911% change)
    iteration   13: trace = 0.3967594573405707 (0.0937652% change)
    iteration   14: trace = 0.396563697023026 (0.049352% change)
    iteration   15: trace = 0.3965143681062272 (0.0124399% change)
    iteration   16: trace = 0.3964964534303058 (0.00451814% change)
    iteration   17: trace = 0.3964917571816674 (0.00118444% change)
    iteration   18: trace = 0.3964898439944307 (0.00048253% change)
    iteration   19: trace = 0.3964891384390434 (0.000177951% change)
    iteration   20: trace = 0.3964887573834143 (9.61075e-05% change)
    iteration   21: trace = 0.3964886338067401 (3.11678e-05% change)
    iteration   22: trace = 0.3964885975405168 (9.14685e-06% change)
    iteration   23: trace = 0.396488589139378 (2.11889e-06% change)
    iteration   24: trace = 0.3964885865623961 (6.49951e-07% change)
    iteration   25: trace = 0.3964885851530276 (3.55463e-07% change)
    iteration   26: trace = 0.3964885844355425 (1.8096e-07% change)
    iteration   27: trace = 0.3964885841528363 (7.13025e-08% change)
    iteration   28: trace = 0.396488584083817 (1.74076e-08% change)
    iteration   29: trace = 0.3964885840667627 (4.30134e-09% change)
Finished solving for bands 1 to 6 after 29 iterations.
tefreqs:, 1, -0.09, 0.14, 0, 0.143178, 0.0645403, 0.149073, 0.17184, 0.301136, 0.323342, 0.381233
elapsed time for k point: 2.8805747032165527
total elapsed time for run: 2.9247756004333496
done
Initializing eigensolver data
Computing 6 bands with 1e-10 tolerance
Working in 2 dimensions.
Grid size is 336 x 112 x 1.
Solving for 6 bands at a time.
Creating Maxwell data...
Mesh size is 3.
Lattice vectors:
     (3, 0, 0)
     (0, 1, 0)
     (0, 0, 1)
Cell volume = 3
Reciprocal lattice vectors (/ 2 pi):
     (0.333333, -0, 0)
     (-0, 1, -0)
     (0, -0, 1)
Geometric objects:
     block, center = (0,0,0)
          size (1e+20,1e+20,1)
          axes (1,0,0), (0,1,0), (0,0,1)
     prism, center = (1.015,0,0.5)
          height 1, axis (0,0,1), sidewall angle: 0 radians, 4 vertices:
          (0.765,-0.25,0)
          (0.765,0.25,0)
          (1.265,0.25,0)
          (1.265,-0.25,0)
     prism, center = (2,0,0.5)
          height 1, axis (0,0,1), sidewall angle: 0 radians, 4 vertices:
          (1.75,-0.25,0)
          (1.75,0.25,0)
          (2.25,0.25,0)
          (2.25,-0.25,0)
     prism, center = (2.985,0,0.5)
          height 1, axis (0,0,1), sidewall angle: 0 radians, 4 vertices:
          (2.735,-0.25,0)
          (2.735,0.25,0)
          (3.235,0.25,0)
          (3.235,-0.25,0)
Geometric object tree has depth 2 and 21 object nodes (vs. 4 actual objects)
Initializing epsilon function...
Allocating fields...
Solving for band polarization: te.
Initializing fields to random numbers...
1 k-points
  Vector3<-0.09, 0.14, 0.0>
elapsed time for initialization: 0.09482145309448242
solve_kpoint (-0.09,0.14,0):
tefreqs:, k index, k1, k2, k3, kmag/2pi, te band 1, te band 2, te band 3, te band 4, te band 5, te band 6
Solving for bands 1 to 6...
    near maximum in trace
    iteration    1: trace = 2.09126119066595 (199.789% change)
    iteration    2: trace = 0.5578334200336956 (115.77% change)
    iteration    3: trace = 0.46750735286037 (17.6187% change)
    iteration    4: trace = 0.43014137638237 (8.3253% change)
    iteration    5: trace = 0.4172684461122192 (3.03818% change)
    iteration    6: trace = 0.4072962497420803 (2.41878% change)
    iteration    7: trace = 0.4016454591765806 (1.39708% change)
    iteration    8: trace = 0.3978056212358887 (0.960619% change)
    iteration    9: trace = 0.3968847089398552 (0.231766% change)
    iteration   10: trace = 0.3965937125565705 (0.073347% change)
    iteration   11: trace = 0.3965298406204617 (0.0161064% change)
    iteration   12: trace = 0.396501449512433 (0.00716015% change)
    iteration   13: trace = 0.3964870267304928 (0.00363758% change)
    iteration   14: trace = 0.3964800689461246 (0.00175487% change)
    iteration   15: trace = 0.3964782974678171 (0.000446802% change)
    iteration   16: trace = 0.3964777830324098 (0.000129751% change)
    iteration   17: trace = 0.3964775930058599 (4.79287e-05% change)
    iteration   18: trace = 0.3964775018025815 (2.30034e-05% change)
    iteration   19: trace = 0.3964774604312513 (1.04347e-05% change)
    iteration   20: trace = 0.3964774422823521 (4.57754e-06% change)
    iteration   21: trace = 0.3964774365091436 (1.45613e-06% change)
    iteration   22: trace = 0.3964774353929015 (2.8154e-07% change)
    iteration   23: trace = 0.3964774350594818 (8.40955e-08% change)
    iteration   24: trace = 0.3964774349633285 (2.42519e-08% change)
    iteration   25: trace = 0.396477434921338 (1.05909e-08% change)
    iteration   26: trace = 0.3964774349088416 (3.15184e-09% change)
Finished solving for bands 1 to 6 after 26 iterations.
tefreqs:, 1, -0.09, 0.14, 0, 0.143178, 0.0645401, 0.149075, 0.171836, 0.301066, 0.323445, 0.381187
elapsed time for k point: 3.53375506401062
total elapsed time for run: 3.628678798675537
done
Initializing eigensolver data
Computing 6 bands with 1e-10 tolerance
Working in 2 dimensions.
Grid size is 336 x 112 x 1.
Solving for 6 bands at a time.
Creating Maxwell data...
Mesh size is 3.
Lattice vectors:
     (3, 0, 0)
     (0, 1, 0)
     (0, 0, 1)
Cell volume = 3
Reciprocal lattice vectors (/ 2 pi):
     (0.333333, -0, 0)
     (-0, 1, -0)
     (0, -0, 1)
Geometric objects:
     block, center = (0,0,0)
          size (1e+20,1e+20,1)
          axes (1,0,0), (0,1,0), (0,0,1)
     prism, center = (0.0216964,0,0.5)
          height 1, axis (0,0,1), sidewall angle: 0 radians, 4 vertices:
          (-0.228304,-0.25,0)
          (-0.228304,0.25,0)
          (0.271696,0.25,0)
          (0.271696,-0.25,0)
     prism, center = (0.991696,0,0.5)
          height 1, axis (0,0,1), sidewall angle: 0 radians, 4 vertices:
          (0.741696,-0.25,0)
          (0.741696,0.25,0)
          (1.2417,0.25,0)
          (1.2417,-0.25,0)
     prism, center = (2.0067,0,0.5)
          height 1, axis (0,0,1), sidewall angle: 0 radians, 4 vertices:
          (1.7567,-0.25,0)
          (1.7567,0.25,0)
          (2.2567,0.25,0)
          (2.2567,-0.25,0)
Geometric object tree has depth 2 and 21 object nodes (vs. 4 actual objects)
Initializing epsilon function...
Allocating fields...
Solving for band polarization: te.
Initializing fields to random numbers...
1 k-points
  Vector3<-0.09, 0.14, 0.0>
elapsed time for initialization: 0.04812312126159668
solve_kpoint (-0.09,0.14,0):
tefreqs:, k index, k1, k2, k3, kmag/2pi, te band 1, te band 2, te band 3, te band 4, te band 5, te band 6
Solving for bands 1 to 6...
    near maximum in trace
    iteration    1: trace = 2.333379386529231 (199.763% change)
    iteration    2: trace = 0.5553251684106087 (123.104% change)
    iteration    3: trace = 0.4728169239575314 (16.05% change)
    iteration    4: trace = 0.4390705888068594 (7.40142% change)
    iteration    5: trace = 0.423794374754602 (3.54081% change)
    iteration    6: trace = 0.4119472087974854 (2.83513% change)
    iteration    7: trace = 0.4053084818932136 (1.62464% change)
    iteration    8: trace = 0.3998259778133878 (1.36189% change)
    iteration    9: trace = 0.397802974635287 (0.507254% change)
    iteration   10: trace = 0.3968242727972651 (0.24633% change)
    iteration   11: trace = 0.3965801659847193 (0.061534% change)
    iteration   12: trace = 0.3964580996151796 (0.0307845% change)
    iteration   13: trace = 0.3964031945695305 (0.0138498% change)
    iteration   14: trace = 0.3963750280903333 (0.00710577% change)
    iteration   15: trace = 0.3963662140248405 (0.00222369% change)
    iteration   16: trace = 0.3963634410802933 (0.000699594% change)
    iteration   17: trace = 0.3963626201131187 (0.000207125% change)
    iteration   18: trace = 0.3963623577493186 (6.61929e-05% change)
    iteration   19: trace = 0.3963622394485454 (2.98466e-05% change)
    iteration   20: trace = 0.3963621850886475 (1.37147e-05% change)
    iteration   21: trace = 0.3963621644188061 (5.21489e-06% change)
    iteration   22: trace = 0.3963621597390186 (1.18068e-06% change)
    iteration   23: trace = 0.3963621583664574 (3.4629e-07% change)
    iteration   24: trace = 0.3963621579739287 (9.90328e-08% change)
    iteration   25: trace = 0.3963621578046902 (4.26979e-08% change)
    iteration   26: trace = 0.3963621577517819 (1.33485e-08% change)
    iteration   27: trace = 0.3963621577317077 (5.06459e-09% change)
Finished solving for bands 1 to 6 after 27 iterations.
tefreqs:, 1, -0.09, 0.14, 0, 0.143178, 0.0645218, 0.149066, 0.171835, 0.301117, 0.323327, 0.381103
elapsed time for k point: 2.996251106262207
total elapsed time for run: 3.044480800628662
done
Initializing eigensolver data
Computing 6 bands with 1e-10 tolerance
Working in 2 dimensions.
Grid size is 336 x 112 x 1.
Solving for 6 bands at a time.
Creating Maxwell data...
Mesh size is 3.
Lattice vectors:
     (3, 0, 0)
     (0, 1, 0)
     (0, 0, 1)
Cell volume = 3
Reciprocal lattice vectors (/ 2 pi):
     (0.333333, -0, 0)
     (-0, 1, -0)
     (0, -0, 1)
Geometric objects:
     block, center = (0,0,0)
          size (1e+20,1e+20,1)
          axes (1,0,0), (0,1,0), (0,0,1)
     prism, center = (1.0217,0,0.5)
          height 1, axis (0,0,1), sidewall angle: 0 radians, 4 vertices:
          (0.771696,-0.25,0)
          (0.771696,0.25,0)
          (1.2717,0.25,0)
          (1.2717,-0.25,0)
     prism, center = (2.0067,0,0.5)
          height 1, axis (0,0,1), sidewall angle: 0 radians, 4 vertices:
          (1.7567,-0.25,0)
          (1.7567,0.25,0)
          (2.2567,0.25,0)
          (2.2567,-0.25,0)
     prism, center = (2.9917,0,0.5)
          height 1, axis (0,0,1), sidewall angle: 0 radians, 4 vertices:
          (2.7417,-0.25,0)
          (2.7417,0.25,0)
          (3.2417,0.25,0)
          (3.2417,-0.25,0)
Geometric object tree has depth 2 and 21 object nodes (vs. 4 actual objects)
Initializing epsilon function...
Allocating fields...
Solving for band polarization: te.
Initializing fields to random numbers...
1 k-points
  Vector3<-0.09, 0.14, 0.0>
elapsed time for initialization: 0.08578038215637207
solve_kpoint (-0.09,0.14,0):
tefreqs:, k index, k1, k2, k3, kmag/2pi, te band 1, te band 2, te band 3, te band 4, te band 5, te band 6
Solving for bands 1 to 6...
    near maximum in trace
    iteration    1: trace = 1.93420993291551 (199.804% change)
    iteration    2: trace = 0.5044798070861718 (117.254% change)
    iteration    3: trace = 0.4467532313435675 (12.1372% change)
    iteration    4: trace = 0.4308517385083768 (3.62384% change)
    iteration    5: trace = 0.4260658655720083 (1.117% change)
    iteration    6: trace = 0.4238925474358178 (0.511394% change)
    iteration    7: trace = 0.4222377088531998 (0.391155% change)
    large trace change predicted (4.78436%)
    iteration    8: trace = 0.4152755186714701 (1.66259% change)
    iteration    9: trace = 0.4078892080768857 (1.79461% change)
    iteration   10: trace = 0.4007240207583041 (1.77222% change)
    iteration   11: trace = 0.3985413330504614 (0.546173% change)
    iteration   12: trace = 0.3973949757276075 (0.288053% change)
    iteration   13: trace = 0.3968898008161891 (0.127202% change)
    iteration   14: trace = 0.3965454075175475 (0.0868107% change)
    iteration   15: trace = 0.396428607198833 (0.0294588% change)
    iteration   16: trace = 0.3963825925840738 (0.011608% change)
    iteration   17: trace = 0.3963711129416557 (0.00289614% change)
    iteration   18: trace = 0.3963665401074764 (0.00115368% change)
    iteration   19: trace = 0.3963649690670474 (0.000396361% change)
    iteration   20: trace = 0.3963641895702831 (0.000196662% change)
    iteration   21: trace = 0.3963639833139324 (5.20371e-05% change)
    iteration   22: trace = 0.3963639272984047 (1.41323e-05% change)
    iteration   23: trace = 0.3963639144022457 (3.25362e-06% change)
    iteration   24: trace = 0.3963639110042397 (8.57295e-07% change)
    iteration   25: trace = 0.3963639095760045 (3.60334e-07% change)
    iteration   26: trace = 0.3963639088669182 (1.78898e-07% change)
    iteration   27: trace = 0.396363908420462 (1.12638e-07% change)
    iteration   28: trace = 0.396363908275736 (3.65134e-08% change)
    iteration   29: trace = 0.3963639082366274 (9.86684e-09% change)
Finished solving for bands 1 to 6 after 29 iterations.
tefreqs:, 1, -0.09, 0.14, 0, 0.143178, 0.0645219, 0.149068, 0.17183, 0.301061, 0.32341, 0.38108
elapsed time for k point: 3.5038974285125732
total elapsed time for run: 3.5897583961486816
done
Initializing eigensolver data
Computing 6 bands with 1e-10 tolerance
Working in 2 dimensions.
Grid size is 336 x 112 x 1.
Solving for 6 bands at a time.
Creating Maxwell data...
Mesh size is 3.
Lattice vectors:
     (3, 0, 0)
     (0, 1, 0)
     (0, 0, 1)
Cell volume = 3
Reciprocal lattice vectors (/ 2 pi):
     (0.333333, -0, 0)
     (-0, 1, -0)
     (0, -0, 1)
Geometric objects:
     block, center = (0,0,0)
          size (1e+20,1e+20,1)
          axes (1,0,0), (0,1,0), (0,0,1)
     prism, center = (0.0283929,0,0.5)
          height 1, axis (0,0,1), sidewall angle: 0 radians, 4 vertices:
          (-0.221607,-0.25,0)
          (-0.221607,0.25,0)
          (0.278393,0.25,0)
          (0.278393,-0.25,0)
     prism, center = (0.998393,0,0.5)
          height 1, axis (0,0,1), sidewall angle: 0 radians, 4 vertices:
          (0.748393,-0.25,0)
          (0.748393,0.25,0)
          (1.24839,0.25,0)
          (1.24839,-0.25,0)
     prism, center = (2.01339,0,0.5)
          height 1, axis (0,0,1), sidewall angle: 0 radians, 4 vertices:
          (1.76339,-0.25,0)
          (1.76339,0.25,0)
          (2.26339,0.25,0)
          (2.26339,-0.25,0)
Geometric object tree has depth 2 and 21 object nodes (vs. 4 actual objects)
Initializing epsilon function...
Allocating fields...
Solving for band polarization: te.
Initializing fields to random numbers...
1 k-points
  Vector3<-0.09, 0.14, 0.0>
elapsed time for initialization: 0.054754018783569336
solve_kpoint (-0.09,0.14,0):
tefreqs:, k index, k1, k2, k3, kmag/2pi, te band 1, te band 2, te band 3, te band 4, te band 5, te band 6
Solving for bands 1 to 6...
    near maximum in trace
    iteration    1: trace = 2.280015707837368 (199.77% change)
    iteration    2: trace = 0.6129499505870013 (115.25% change)
    iteration    3: trace = 0.4396023370389892 (32.9385% change)
    iteration    4: trace = 0.4179249402045911 (5.05579% change)
    iteration    5: trace = 0.4078002636786849 (2.45231% change)
    iteration    6: trace = 0.4042541361822678 (0.873372% change)
    iteration    7: trace = 0.400309980454845 (0.980445% change)
    iteration    8: trace = 0.3981643664986798 (0.537428% change)
    iteration    9: trace = 0.3968813085958799 (0.322763% change)
    iteration   10: trace = 0.3966063622449102 (0.0693007% change)
    iteration   11: trace = 0.3964947306795681 (0.0281507% change)
    iteration   12: trace = 0.3964678118492539 (0.00678943% change)
    iteration   13: trace = 0.3964531973356893 (0.00368625% change)
    iteration   14: trace = 0.3964482369751768 (0.00125119% change)
    iteration   15: trace = 0.3964462714729154 (0.000495779% change)
    iteration   16: trace = 0.3964457815607111 (0.000123576% change)
    iteration   17: trace = 0.3964456324619002 (3.76089e-05% change)
    iteration   18: trace = 0.3964455772057418 (1.39379e-05% change)
    iteration   19: trace = 0.3964455538238342 (5.89789e-06% change)
    iteration   20: trace = 0.3964455415018372 (3.10812e-06% change)
    iteration   21: trace = 0.3964455363288161 (1.30485e-06% change)
    iteration   22: trace = 0.396445534539714 (4.51286e-07% change)
    iteration   23: trace = 0.3964455341994592 (8.58264e-08% change)
    iteration   24: trace = 0.3964455341040937 (2.40551e-08% change)
    iteration   25: trace = 0.3964455340715707 (8.20365e-09% change)
Finished solving for bands 1 to 6 after 25 iterations.
tefreqs:, 1, -0.09, 0.14, 0, 0.143178, 0.0645364, 0.149071, 0.17184, 0.301133, 0.323328, 0.381192
elapsed time for k point: 3.586578369140625
total elapsed time for run: 3.6414148807525635
done
Initializing eigensolver data
Computing 6 bands with 1e-10 tolerance
Working in 2 dimensions.
Grid size is 336 x 112 x 1.
Solving for 6 bands at a time.
Creating Maxwell data...
Mesh size is 3.
Lattice vectors:
     (3, 0, 0)
     (0, 1, 0)
     (0, 0, 1)
Cell volume = 3
Reciprocal lattice vectors (/ 2 pi):
     (0.333333, -0, 0)
     (-0, 1, -0)
     (0, -0, 1)
Geometric objects:
     block, center = (0,0,0)
          size (1e+20,1e+20,1)
          axes (1,0,0), (0,1,0), (0,0,1)
     prism, center = (1.02839,0,0.5)
          height 1, axis (0,0,1), sidewall angle: 0 radians, 4 vertices:
          (0.778393,-0.25,0)
          (0.778393,0.25,0)
          (1.27839,0.25,0)
          (1.27839,-0.25,0)
     prism, center = (2.01339,0,0.5)
          height 1, axis (0,0,1), sidewall angle: 0 radians, 4 vertices:
          (1.76339,-0.25,0)
          (1.76339,0.25,0)
          (2.26339,0.25,0)
          (2.26339,-0.25,0)
     prism, center = (2.99839,0,0.5)
          height 1, axis (0,0,1), sidewall angle: 0 radians, 4 vertices:
          (2.74839,-0.25,0)
          (2.74839,0.25,0)
          (3.24839,0.25,0)
          (3.24839,-0.25,0)
Geometric object tree has depth 2 and 21 object nodes (vs. 4 actual objects)
Initializing epsilon function...
Allocating fields...
Solving for band polarization: te.
Initializing fields to random numbers...
1 k-points
  Vector3<-0.09, 0.14, 0.0>
elapsed time for initialization: 0.04434800148010254
solve_kpoint (-0.09,0.14,0):
tefreqs:, k index, k1, k2, k3, kmag/2pi, te band 1, te band 2, te band 3, te band 4, te band 5, te band 6
Solving for bands 1 to 6...
    near maximum in trace
    iteration    1: trace = 2.413473978699486 (199.756% change)
    iteration    2: trace = 0.6212743054325421 (118.112% change)
    iteration    3: trace = 0.441180731780107 (33.9014% change)
    iteration    4: trace = 0.4231486517882752 (4.1725% change)
    iteration    5: trace = 0.4131017128350701 (2.40285% change)
    iteration    6: trace = 0.408599930154687 (1.09572% change)
    iteration    7: trace = 0.4029990049716531 (1.38022% change)
    iteration    8: trace = 0.3997381962197925 (0.812422% change)
    iteration    9: trace = 0.3975040978050175 (0.560457% change)
    iteration   10: trace = 0.3969158901134515 (0.148085% change)
    iteration   11: trace = 0.3966147220596792 (0.0759058% change)
    iteration   12: trace = 0.3965213422095137 (0.023547% change)
    iteration   13: trace = 0.3964651385130941 (0.0141752% change)
    iteration   14: trace = 0.3964495460076188 (0.00393296% change)
    iteration   15: trace = 0.3964433216292785 (0.00157004% change)
    iteration   16: trace = 0.3964418999082869 (0.00035862% change)
    iteration   17: trace = 0.3964414109810559 (0.000123329% change)
    iteration   18: trace = 0.3964412426285759 (4.24659e-05% change)
    iteration   19: trace = 0.3964411567907486 (2.16521e-05% change)
    iteration   20: trace = 0.3964411151415189 (1.05058e-05% change)
    iteration   21: trace = 0.3964411012412166 (3.50627e-06% change)
    iteration   22: trace = 0.3964410970797225 (1.04971e-06% change)
    iteration   23: trace = 0.3964410960788695 (2.52459e-07% change)
    iteration   24: trace = 0.396441095710469 (9.29269e-08% change)
    iteration   25: trace = 0.3964410955476634 (4.10668e-08% change)
    iteration   26: trace = 0.3964410954464759 (2.5524e-08% change)
    iteration   27: trace = 0.3964410954107738 (9.00564e-09% change)
Finished solving for bands 1 to 6 after 27 iterations.
tefreqs:, 1, -0.09, 0.14, 0, 0.143178, 0.0645364, 0.149073, 0.171835, 0.301066, 0.323425, 0.381158
elapsed time for k point: 3.181180715560913
total elapsed time for run: 3.2256200313568115
done
Initializing eigensolver data
Computing 6 bands with 1e-10 tolerance
Working in 2 dimensions.
Grid size is 336 x 112 x 1.
Solving for 6 bands at a time.
Creating Maxwell data...
Mesh size is 3.
Lattice vectors:
     (3, 0, 0)
     (0, 1, 0)
     (0, 0, 1)
Cell volume = 3
Reciprocal lattice vectors (/ 2 pi):
     (0.333333, -0, 0)
     (-0, 1, -0)
     (0, -0, 1)
Geometric objects:
     block, center = (0,0,0)
          size (1e+20,1e+20,1)
          axes (1,0,0), (0,1,0), (0,0,1)
     prism, center = (0.0350893,0,0.5)
          height 1, axis (0,0,1), sidewall angle: 0 radians, 4 vertices:
          (-0.214911,-0.25,0)
          (-0.214911,0.25,0)
          (0.285089,0.25,0)
          (0.285089,-0.25,0)
     prism, center = (1.00509,0,0.5)
          height 1, axis (0,0,1), sidewall angle: 0 radians, 4 vertices:
          (0.755089,-0.25,0)
          (0.755089,0.25,0)
          (1.25509,0.25,0)
          (1.25509,-0.25,0)
     prism, center = (2.02009,0,0.5)
          height 1, axis (0,0,1), sidewall angle: 0 radians, 4 vertices:
          (1.77009,-0.25,0)
          (1.77009,0.25,0)
          (2.27009,0.25,0)
          (2.27009,-0.25,0)
Geometric object tree has depth 2 and 21 object nodes (vs. 4 actual objects)
Initializing epsilon function...
Allocating fields...
Solving for band polarization: te.
Initializing fields to random numbers...
1 k-points
  Vector3<-0.09, 0.14, 0.0>
elapsed time for initialization: 0.05661511421203613
solve_kpoint (-0.09,0.14,0):
tefreqs:, k index, k1, k2, k3, kmag/2pi, te band 1, te band 2, te band 3, te band 4, te band 5, te band 6
Solving for bands 1 to 6...
    near maximum in trace
    iteration    1: trace = 2.542792767350865 (199.743% change)
    iteration    2: trace = 0.6524321211895643 (118.324% change)
    iteration    3: trace = 0.4534827146738851 (35.9792% change)
    iteration    4: trace = 0.4281193299275514 (5.75393% change)
    iteration    5: trace = 0.4121781703340743 (3.79417% change)
    iteration    6: trace = 0.4067785857801685 (1.31865% change)
    iteration    7: trace = 0.4021382280091657 (1.1473% change)
    iteration    8: trace = 0.3993635315529245 (0.692374% change)
    iteration    9: trace = 0.3972284940044698 (0.536043% change)
    iteration   10: trace = 0.3966927788932046 (0.134954% change)
    iteration   11: trace = 0.3964751773691489 (0.054869% change)
    iteration   12: trace = 0.396415611626478 (0.015025% change)
    iteration   13: trace = 0.3963803055646317 (0.00890672% change)
    iteration   14: trace = 0.3963689986632306 (0.00285258% change)
    iteration   15: trace = 0.396363944206202 (0.0012752% change)
    iteration   16: trace = 0.3963627773570195 (0.000294389% change)
    iteration   17: trace = 0.3963623671466624 (0.000103494% change)
    iteration   18: trace = 0.3963622550040626 (2.8293e-05% change)
    iteration   19: trace = 0.3963621970309452 (1.46263e-05% change)
    iteration   20: trace = 0.3963621704786647 (6.69899e-06% change)
    iteration   21: trace = 0.3963621608451156 (2.43049e-06% change)
    iteration   22: trace = 0.3963621585818977 (5.70997e-07% change)
    iteration   23: trace = 0.3963621580573234 (1.32347e-07% change)
    iteration   24: trace = 0.3963621578718127 (4.68033e-08% change)
    iteration   25: trace = 0.3963621577941208 (1.96013e-08% change)
    iteration   26: trace = 0.3963621577500375 (1.1122e-08% change)
    iteration   27: trace = 0.3963621577322962 (4.47603e-09% change)
Finished solving for bands 1 to 6 after 27 iterations.
tefreqs:, 1, -0.09, 0.14, 0, 0.143178, 0.0645218, 0.149066, 0.171835, 0.301117, 0.323327, 0.381103
elapsed time for k point: 3.2236154079437256
total elapsed time for run: 3.2803139686584473
done
Initializing eigensolver data
Computing 6 bands with 1e-10 tolerance
Working in 2 dimensions.
Grid size is 336 x 112 x 1.
Solving for 6 bands at a time.
Creating Maxwell data...
Mesh size is 3.
Lattice vectors:
     (3, 0, 0)
     (0, 1, 0)
     (0, 0, 1)
Cell volume = 3
Reciprocal lattice vectors (/ 2 pi):
     (0.333333, -0, 0)
     (-0, 1, -0)
     (0, -0, 1)
Geometric objects:
     block, center = (0,0,0)
          size (1e+20,1e+20,1)
          axes (1,0,0), (0,1,0), (0,0,1)
     prism, center = (1.03509,0,0.5)
          height 1, axis (0,0,1), sidewall angle: 0 radians, 4 vertices:
          (0.785089,-0.25,0)
          (0.785089,0.25,0)
          (1.28509,0.25,0)
          (1.28509,-0.25,0)
     prism, center = (2.02009,0,0.5)
          height 1, axis (0,0,1), sidewall angle: 0 radians, 4 vertices:
          (1.77009,-0.25,0)
          (1.77009,0.25,0)
          (2.27009,0.25,0)
          (2.27009,-0.25,0)
     prism, center = (3.00509,0,0.5)
          height 1, axis (0,0,1), sidewall angle: 0 radians, 4 vertices:
          (2.75509,-0.25,0)
          (2.75509,0.25,0)
          (3.25509,0.25,0)
          (3.25509,-0.25,0)
Geometric object tree has depth 2 and 21 object nodes (vs. 4 actual objects)
Initializing epsilon function...
Allocating fields...
Solving for band polarization: te.
Initializing fields to random numbers...
1 k-points
  Vector3<-0.09, 0.14, 0.0>
elapsed time for initialization: 0.044434309005737305
solve_kpoint (-0.09,0.14,0):
tefreqs:, k index, k1, k2, k3, kmag/2pi, te band 1, te band 2, te band 3, te band 4, te band 5, te band 6
Solving for bands 1 to 6...
    near maximum in trace
    iteration    1: trace = 2.432776578688393 (199.754% change)
    iteration    2: trace = 0.6673656356451764 (113.892% change)
    iteration    3: trace = 0.4646778103550647 (35.8092% change)
    iteration    4: trace = 0.4231963028802166 (9.34401% change)
    iteration    5: trace = 0.4066768645804022 (3.9812% change)
    iteration    6: trace = 0.402120758144111 (1.12664% change)
    iteration    7: trace = 0.3990219820087252 (0.773589% change)
    iteration    8: trace = 0.3976149748925426 (0.353237% change)
    iteration    9: trace = 0.3967423889146346 (0.219696% change)
    iteration   10: trace = 0.3964997433132093 (0.0611782% change)
    iteration   11: trace = 0.3964123479814085 (0.0220441% change)
    iteration   12: trace = 0.3963893264791179 (0.00580763% change)
    iteration   13: trace = 0.3963736512156726 (0.00395459% change)
    iteration   14: trace = 0.3963671593225465 (0.00163783% change)
    iteration   15: trace = 0.3963646815863942 (0.000625113% change)
    iteration   16: trace = 0.3963641396641837 (0.000136723% change)
    iteration   17: trace = 0.3963639809867477 (4.00333e-05% change)
    iteration   18: trace = 0.3963639381220365 (1.08145e-05% change)
    iteration   19: trace = 0.3963639199624072 (4.58155e-06% change)
    iteration   20: trace = 0.3963639121105638 (1.98097e-06% change)
    iteration   21: trace = 0.3963639092406349 (7.24064e-07% change)
    iteration   22: trace = 0.3963639084733568 (1.93579e-07% change)
    iteration   23: trace = 0.3963639083062355 (4.21636e-08% change)
    iteration   24: trace = 0.396363908257834 (1.22114e-08% change)
    iteration   25: trace = 0.3963639082421094 (3.9672e-09% change)
Finished solving for bands 1 to 6 after 25 iterations.
tefreqs:, 1, -0.09, 0.14, 0, 0.143178, 0.0645219, 0.149068, 0.17183, 0.301061, 0.32341, 0.38108
elapsed time for k point: 2.5931971073150635
total elapsed time for run: 2.6377038955688477
done
Initializing eigensolver data
Computing 6 bands with 1e-10 tolerance
Working in 2 dimensions.
Grid size is 336 x 112 x 1.
Solving for 6 bands at a time.
Creating Maxwell data...
Mesh size is 3.
Lattice vectors:
     (3, 0, 0)
     (0, 1, 0)
     (0, 0, 1)
Cell volume = 3
Reciprocal lattice vectors (/ 2 pi):
     (0.333333, -0, 0)
     (-0, 1, -0)
     (0, -0, 1)
Geometric objects:
     block, center = (0,0,0)
          size (1e+20,1e+20,1)
          axes (1,0,0), (0,1,0), (0,0,1)
     prism, center = (0.0033541,-1.38778e-17,0.5)
          height 1, axis (0,0,1), sidewall angle: 0 radians, 4 vertices:
          (0.253354,0.25,0)
          (-0.246646,0.25,0)
          (-0.246646,-0.25,0)
          (0.253354,-0.25,0)
     prism, center = (1.00413,-1.38778e-17,0.5)
          height 1, axis (0,0,1), sidewall angle: 0 radians, 4 vertices:
          (1.25413,0.25,0)
          (0.754132,0.25,0)
          (0.754132,-0.25,0)
          (1.25413,-0.25,0)
     prism, center = (1.99251,-1.38778e-17,0.5)
          height 1, axis (0,0,1), sidewall angle: 0 radians, 4 vertices:
          (2.24251,0.25,0)
          (1.74251,0.25,0)
          (1.74251,-0.25,0)
          (2.24251,-0.25,0)
Geometric object tree has depth 2 and 21 object nodes (vs. 4 actual objects)
Initializing epsilon function...
Allocating fields...
Solving for band polarization: te.
Initializing fields to random numbers...
1 k-points
  Vector3<-0.09, 0.14, 0.0>
elapsed time for initialization: 0.0477147102355957
solve_kpoint (-0.09,0.14,0):
tefreqs:, k index, k1, k2, k3, kmag/2pi, te band 1, te band 2, te band 3, te band 4, te band 5, te band 6
Solving for bands 1 to 6...
    near maximum in trace
    iteration    1: trace = 1.977596071740683 (199.8% change)
    iteration    2: trace = 0.4911138927711468 (120.426% change)
    iteration    3: trace = 0.4324267696623365 (12.7092% change)
    iteration    4: trace = 0.4154538226855706 (4.00362% change)
    iteration    5: trace = 0.408401578796656 (1.71201% change)
    iteration    6: trace = 0.4020105400436221 (1.57723% change)
    iteration    7: trace = 0.3984339255536817 (0.893657% change)
    iteration    8: trace = 0.3963104746752225 (0.534373% change)
    iteration    9: trace = 0.3957622347859818 (0.138432% change)
    iteration   10: trace = 0.3955860457399501 (0.0445288% change)
    iteration   11: trace = 0.3955413330237228 (0.0113035% change)
    iteration   12: trace = 0.3955246483466241 (0.00421828% change)
    iteration   13: trace = 0.3955166691973031 (0.00201738% change)
    iteration   14: trace = 0.3955129883404351 (0.00093065% change)
    iteration   15: trace = 0.3955115545147163 (0.000362524% change)
    iteration   16: trace = 0.3955111495895528 (0.00010238% change)
    iteration   17: trace = 0.3955110096475255 (3.53826e-05% change)
    iteration   18: trace = 0.395510963270008 (1.1726e-05% change)
    iteration   19: trace = 0.3955109386734258 (6.21894e-06% change)
    iteration   20: trace = 0.3955109293720622 (2.35173e-06% change)
    iteration   21: trace = 0.3955109256429231 (9.42866e-07% change)
    iteration   22: trace = 0.3955109249146173 (1.84143e-07% change)
    iteration   23: trace = 0.3955109247408483 (4.39353e-08% change)
    iteration   24: trace = 0.3955109247073189 (8.47748e-09% change)
Finished solving for bands 1 to 6 after 24 iterations.
tefreqs:, 1, -0.09, 0.14, 0, 0.143178, 0.0645075, 0.14894, 0.171631, 0.300885, 0.322632, 0.380902
elapsed time for k point: 2.557999610900879
total elapsed time for run: 2.6057896614074707
done
Initializing eigensolver data
Computing 6 bands with 1e-10 tolerance
Working in 2 dimensions.
Grid size is 336 x 112 x 1.
Solving for 6 bands at a time.
Creating Maxwell data...
Mesh size is 3.
Lattice vectors:
     (3, 0, 0)
     (0, 1, 0)
     (0, 0, 1)
Cell volume = 3
Reciprocal lattice vectors (/ 2 pi):
     (0.333333, -0, 0)
     (-0, 1, -0)
     (0, -0, 1)
Geometric objects:
     block, center = (0,0,0)
          size (1e+20,1e+20,1)
          axes (1,0,0), (0,1,0), (0,0,1)
     prism, center = (-0.0033541,-1.38778e-17,0.5)
          height 1, axis (0,0,1), sidewall angle: 0 radians, 4 vertices:
          (0.246646,0.25,0)
          (-0.253354,0.25,0)
          (-0.253354,-0.25,0)
          (0.246646,-0.25,0)
     prism, center = (0.995868,-1.38778e-17,0.5)
          height 1, axis (0,0,1), sidewall angle: 0 radians, 4 vertices:
          (1.24587,0.25,0)
          (0.745868,0.25,0)
          (0.745868,-0.25,0)
          (1.24587,-0.25,0)
     prism, center = (2.00749,-1.38778e-17,0.5)
          height 1, axis (0,0,1), sidewall angle: 0 radians, 4 vertices:
          (2.25749,0.25,0)
          (1.75749,0.25,0)
          (1.75749,-0.25,0)
          (2.25749,-0.25,0)
Geometric object tree has depth 2 and 21 object nodes (vs. 4 actual objects)
Initializing epsilon function...
Allocating fields...
Solving for band polarization: te.
Initializing fields to random numbers...
1 k-points
  Vector3<-0.09, 0.14, 0.0>
elapsed time for initialization: 0.04394817352294922
solve_kpoint (-0.09,0.14,0):
tefreqs:, k index, k1, k2, k3, kmag/2pi, te band 1, te band 2, te band 3, te band 4, te band 5, te band 6
Solving for bands 1 to 6...
    near maximum in trace
    iteration    1: trace = 2.648414680139586 (199.733% change)
    iteration    2: trace = 0.5752061609841321 (128.626% change)
    iteration    3: trace = 0.4618923053942004 (21.8521% change)
    iteration    4: trace = 0.4287640256989641 (7.43907% change)
    iteration    5: trace = 0.4185264104089721 (2.41655% change)
    iteration    6: trace = 0.4101590451775765 (2.01943% change)
    iteration    7: trace = 0.4037162642378541 (1.58324% change)
    iteration    8: trace = 0.3983422922366747 (1.34004% change)
    iteration    9: trace = 0.3965602892807109 (0.448358% change)
    iteration   10: trace = 0.395805480662663 (0.19052% change)
    iteration   11: trace = 0.3956299494440746 (0.0443577% change)
    iteration   12: trace = 0.3955615741781106 (0.0172841% change)
    iteration   13: trace = 0.3955327762566971 (0.00728053% change)
    iteration   14: trace = 0.3955192481952564 (0.00342027% change)
    iteration   15: trace = 0.3955138718490783 (0.00135932% change)
    iteration   16: trace = 0.3955121749482554 (0.000429038% change)
    iteration   17: trace = 0.3955116634998521 (0.000129313% change)
    iteration   18: trace = 0.3955115097577829 (3.88717e-05% change)
    iteration   19: trace = 0.3955114281861736 (2.06243e-05% change)
    iteration   20: trace = 0.3955113910593555 (9.38704e-06% change)
    iteration   21: trace = 0.395511374165346 (4.27143e-06% change)
    iteration   22: trace = 0.3955113709344356 (8.16894e-07% change)
    iteration   23: trace = 0.3955113701461692 (1.99303e-07% change)
    iteration   24: trace = 0.3955113700094924 (3.4557e-08% change)
    iteration   25: trace = 0.3955113699768465 (8.2541e-09% change)
Finished solving for bands 1 to 6 after 25 iterations.
tefreqs:, 1, -0.09, 0.14, 0, 0.143178, 0.0645075, 0.14894, 0.17163, 0.300886, 0.322632, 0.380902
elapsed time for k point: 3.1147003173828125
total elapsed time for run: 3.1587321758270264
done
Initializing eigensolver data
Computing 6 bands with 1e-10 tolerance
Working in 2 dimensions.
Grid size is 336 x 112 x 1.
Solving for 6 bands at a time.
Creating Maxwell data...
Mesh size is 3.
Lattice vectors:
     (3, 0, 0)
     (0, 1, 0)
     (0, 0, 1)
Cell volume = 3
Reciprocal lattice vectors (/ 2 pi):
     (0.333333, -0, 0)
     (-0, 1, -0)
     (0, -0, 1)
Geometric objects:
     block, center = (0,0,0)
          size (1e+20,1e+20,1)
          axes (1,0,0), (0,1,0), (0,0,1)
     prism, center = (0.0100505,-1.38778e-17,0.5)
          height 1, axis (0,0,1), sidewall angle: 0 radians, 4 vertices:
          (0.260051,0.25,0)
          (-0.239949,0.25,0)
          (-0.239949,-0.25,0)
          (0.260051,-0.25,0)
     prism, center = (1.01083,-1.38778e-17,0.5)
          height 1, axis (0,0,1), sidewall angle: 0 radians, 4 vertices:
          (1.26083,0.25,0)
          (0.760829,0.25,0)
          (0.760829,-0.25,0)
          (1.26083,-0.25,0)
     prism, center = (1.99921,-1.38778e-17,0.5)
          height 1, axis (0,0,1), sidewall angle: 0 radians, 4 vertices:
          (2.24921,0.25,0)
          (1.74921,0.25,0)
          (1.74921,-0.25,0)
          (2.24921,-0.25,0)
Geometric object tree has depth 2 and 21 object nodes (vs. 4 actual objects)
Initializing epsilon function...
Allocating fields...
Solving for band polarization: te.
Initializing fields to random numbers...
1 k-points
  Vector3<-0.09, 0.14, 0.0>
elapsed time for initialization: 0.08829045295715332
solve_kpoint (-0.09,0.14,0):
tefreqs:, k index, k1, k2, k3, kmag/2pi, te band 1, te band 2, te band 3, te band 4, te band 5, te band 6
Solving for bands 1 to 6...
    near maximum in trace
    iteration    1: trace = 2.090023241971592 (199.788% change)
    iteration    2: trace = 0.6161831416288237 (108.923% change)
    iteration    3: trace = 0.4544916604893274 (30.2037% change)
    iteration    4: trace = 0.4286782445417426 (5.84563% change)
    iteration    5: trace = 0.4141416058622986 (3.44952% change)
    iteration    6: trace = 0.4078365604253375 (1.53412% change)
    iteration    7: trace = 0.402213491548241 (1.38833% change)
    iteration    8: trace = 0.3983044858362534 (0.976619% change)
    iteration    9: trace = 0.3962539370660401 (0.516148% change)
    iteration   10: trace = 0.3957635402601226 (0.123835% change)
    iteration   11: trace = 0.3955709177975284 (0.0486829% change)
    iteration   12: trace = 0.3955037836499993 (0.0169729% change)
    iteration   13: trace = 0.3954670487049727 (0.00928857% change)
    iteration   14: trace = 0.3954547644351372 (0.00310632% change)
    iteration   15: trace = 0.3954495353825284 (0.0013223% change)
    iteration   16: trace = 0.3954483673190962 (0.000295377% change)
    iteration   17: trace = 0.3954479540188436 (0.000104514% change)
    iteration   18: trace = 0.3954478146183005 (3.52513e-05% change)
    iteration   19: trace = 0.395447741533113 (1.84816e-05% change)
    iteration   20: trace = 0.3954477164002022 (6.35556e-06% change)
    iteration   21: trace = 0.3954477085418927 (1.98719e-06% change)
    iteration   22: trace = 0.3954477068539385 (4.26846e-07% change)
    iteration   23: trace = 0.3954477064906201 (9.18752e-08% change)
    iteration   24: trace = 0.3954477064000522 (2.29026e-08% change)
    iteration   25: trace = 0.3954477063687982 (7.90345e-09% change)
Finished solving for bands 1 to 6 after 25 iterations.
tefreqs:, 1, -0.09, 0.14, 0, 0.143178, 0.0644996, 0.148933, 0.171624, 0.300873, 0.322608, 0.380855
elapsed time for k point: 3.027581214904785
total elapsed time for run: 3.1159634590148926
done
Initializing eigensolver data
Computing 6 bands with 1e-10 tolerance
Working in 2 dimensions.
Grid size is 336 x 112 x 1.
Solving for 6 bands at a time.
Creating Maxwell data...
Mesh size is 3.
Lattice vectors:
     (3, 0, 0)
     (0, 1, 0)
     (0, 0, 1)
Cell volume = 3
Reciprocal lattice vectors (/ 2 pi):
     (0.333333, -0, 0)
     (-0, 1, -0)
     (0, -0, 1)
Geometric objects:
     block, center = (0,0,0)
          size (1e+20,1e+20,1)
          axes (1,0,0), (0,1,0), (0,0,1)
     prism, center = (0.00334233,-1.38778e-17,0.5)
          height 1, axis (0,0,1), sidewall angle: 0 radians, 4 vertices:
          (0.253342,0.25,0)
          (-0.246658,0.25,0)
          (-0.246658,-0.25,0)
          (0.253342,-0.25,0)
     prism, center = (1.00256,-1.38778e-17,0.5)
          height 1, axis (0,0,1), sidewall angle: 0 radians, 4 vertices:
          (1.25256,0.25,0)
          (0.752564,0.25,0)
          (0.752564,-0.25,0)
          (1.25256,-0.25,0)
     prism, center = (2.01418,-1.38778e-17,0.5)
          height 1, axis (0,0,1), sidewall angle: 0 radians, 4 vertices:
          (2.26418,0.25,0)
          (1.76418,0.25,0)
          (1.76418,-0.25,0)
          (2.26418,-0.25,0)
Geometric object tree has depth 2 and 21 object nodes (vs. 4 actual objects)
Initializing epsilon function...
Allocating fields...
Solving for band polarization: te.
Initializing fields to random numbers...
1 k-points
  Vector3<-0.09, 0.14, 0.0>
elapsed time for initialization: 0.08903956413269043
solve_kpoint (-0.09,0.14,0):
tefreqs:, k index, k1, k2, k3, kmag/2pi, te band 1, te band 2, te band 3, te band 4, te band 5, te band 6
Solving for bands 1 to 6...
    near maximum in trace
    iteration    1: trace = 2.177728793843401 (199.779% change)
    iteration    2: trace = 0.5536729072988723 (118.917% change)
    iteration    3: trace = 0.4723644893898192 (15.849% change)
    iteration    4: trace = 0.4271588208828455 (10.051% change)
    iteration    5: trace = 0.408313224654438 (4.51136% change)
    iteration    6: trace = 0.4004961069257278 (1.93299% change)
    iteration    7: trace = 0.3980167634326436 (0.62099% change)
    iteration    8: trace = 0.3965375335668912 (0.372342% change)
    iteration    9: trace = 0.3959002952334561 (0.16083% change)
    iteration   10: trace = 0.3955952083227721 (0.0770913% change)
    iteration   11: trace = 0.3955183250166507 (0.0194367% change)
    iteration   12: trace = 0.3954973002103231 (0.0053159% change)
    iteration   13: trace = 0.3954924715624571 (0.00122091% change)
    iteration   14: trace = 0.3954914893177689 (0.00024836% change)
    iteration   15: trace = 0.3954911967371076 (7.3979e-05% change)
    iteration   16: trace = 0.3954910815279605 (2.91307e-05% change)
    iteration   17: trace = 0.395490999992652 (2.06162e-05% change)
    iteration   18: trace = 0.3954909683713557 (7.99545e-06% change)
    iteration   19: trace = 0.3954909593951949 (2.26962e-06% change)
    iteration   20: trace = 0.3954909576864605 (4.32054e-07% change)
    iteration   21: trace = 0.3954909569311049 (1.90992e-07% change)
    iteration   22: trace = 0.3954909566365018 (7.44905e-08% change)
    iteration   23: trace = 0.3954909564842755 (3.84905e-08% change)
    iteration   24: trace = 0.3954909564396747 (1.12773e-08% change)
    iteration   25: trace = 0.395490956426116 (3.42831e-09% change)
Finished solving for bands 1 to 6 after 25 iterations.
tefreqs:, 1, -0.09, 0.14, 0, 0.143178, 0.064504, 0.148938, 0.171629, 0.300879, 0.322633, 0.380881
elapsed time for k point: 3.21178936958313
total elapsed time for run: 3.300935983657837
done
Initializing eigensolver data
Computing 6 bands with 1e-10 tolerance
Working in 2 dimensions.
Grid size is 336 x 112 x 1.
Solving for 6 bands at a time.
Creating Maxwell data...
Mesh size is 3.
Lattice vectors:
     (3, 0, 0)
     (0, 1, 0)
     (0, 0, 1)
Cell volume = 3
Reciprocal lattice vectors (/ 2 pi):
     (0.333333, -0, 0)
     (-0, 1, -0)
     (0, -0, 1)
Geometric objects:
     block, center = (0,0,0)
          size (1e+20,1e+20,1)
          axes (1,0,0), (0,1,0), (0,0,1)
     prism, center = (0.016747,-1.38778e-17,0.5)
          height 1, axis (0,0,1), sidewall angle: 0 radians, 4 vertices:
          (0.266747,0.25,0)
          (-0.233253,0.25,0)
          (-0.233253,-0.25,0)
          (0.266747,-0.25,0)
     prism, center = (1.01753,-1.38778e-17,0.5)
          height 1, axis (0,0,1), sidewall angle: 0 radians, 4 vertices:
          (1.26753,0.25,0)
          (0.767525,0.25,0)
          (0.767525,-0.25,0)
          (1.26753,-0.25,0)
     prism, center = (2.00591,-1.38778e-17,0.5)
          height 1, axis (0,0,1), sidewall angle: 0 radians, 4 vertices:
          (2.25591,0.25,0)
          (1.75591,0.25,0)
          (1.75591,-0.25,0)
          (2.25591,-0.25,0)
Geometric object tree has depth 2 and 21 object nodes (vs. 4 actual objects)
Initializing epsilon function...
Allocating fields...
Solving for band polarization: te.
Initializing fields to random numbers...
1 k-points
  Vector3<-0.09, 0.14, 0.0>
elapsed time for initialization: 0.04768562316894531
solve_kpoint (-0.09,0.14,0):
tefreqs:, k index, k1, k2, k3, kmag/2pi, te band 1, te band 2, te band 3, te band 4, te band 5, te band 6
Solving for bands 1 to 6...
    near maximum in trace
    iteration    1: trace = 2.199890059822285 (199.777% change)
    iteration    2: trace = 0.5251747606145353 (122.912% change)
    iteration    3: trace = 0.4507182858502234 (15.2591% change)
    iteration    4: trace = 0.4214321435027308 (6.71585% change)
    iteration    5: trace = 0.4094015381416132 (2.89603% change)
    iteration    6: trace = 0.4019396040316695 (1.83941% change)
    iteration    7: trace = 0.3988980424452423 (0.759595% change)
    iteration    8: trace = 0.396662771408249 (0.561936% change)
    iteration    9: trace = 0.3958909809500729 (0.19476% change)
    iteration   10: trace = 0.395555759692613 (0.084711% change)
    iteration   11: trace = 0.3954766324809943 (0.0200061% change)
    iteration   12: trace = 0.3954395380504682 (0.00938012% change)
    iteration   13: trace = 0.3954258354109356 (0.00346523% change)
    iteration   14: trace = 0.3954179266876365 (0.00200007% change)
    iteration   15: trace = 0.3954157135552334 (0.000559696% change)
    iteration   16: trace = 0.3954150086508119 (0.000178269% change)
    iteration   17: trace = 0.3954148538240088 (3.91555e-05% change)
    iteration   18: trace = 0.3954148022613687 (1.30401e-05% change)
    iteration   19: trace = 0.3954147825531644 (4.98418e-06% change)
    iteration   20: trace = 0.3954147710202705 (2.91666e-06% change)
    iteration   21: trace = 0.3954147674065979 (9.13894e-07% change)
    iteration   22: trace = 0.3954147665092107 (2.26948e-07% change)
    iteration   23: trace = 0.395414766323707 (4.69137e-08% change)
    iteration   24: trace = 0.3954147662901497 (8.4866e-09% change)
Finished solving for bands 1 to 6 after 24 iterations.
tefreqs:, 1, -0.09, 0.14, 0, 0.143178, 0.0644946, 0.148931, 0.171619, 0.300861, 0.322605, 0.380828
elapsed time for k point: 3.360826253890991
total elapsed time for run: 3.408595085144043
done
Initializing eigensolver data
Computing 6 bands with 1e-10 tolerance
Working in 2 dimensions.
Grid size is 336 x 112 x 1.
Solving for 6 bands at a time.
Creating Maxwell data...
Mesh size is 3.
Lattice vectors:
     (3, 0, 0)
     (0, 1, 0)
     (0, 0, 1)
Cell volume = 3
Reciprocal lattice vectors (/ 2 pi):
     (0.333333, -0, 0)
     (-0, 1, -0)
     (0, -0, 1)
Geometric objects:
     block, center = (0,0,0)
          size (1e+20,1e+20,1)
          axes (1,0,0), (0,1,0), (0,0,1)
     prism, center = (0.0100388,-1.38778e-17,0.5)
          height 1, axis (0,0,1), sidewall angle: 0 radians, 4 vertices:
          (0.260039,0.25,0)
          (-0.239961,0.25,0)
          (-0.239961,-0.25,0)
          (0.260039,-0.25,0)
     prism, center = (1.00926,-1.38778e-17,0.5)
          height 1, axis (0,0,1), sidewall angle: 0 radians, 4 vertices:
          (1.25926,0.25,0)
          (0.75926,0.25,0)
          (0.75926,-0.25,0)
          (1.25926,-0.25,0)
     prism, center = (2.02088,-1.38778e-17,0.5)
          height 1, axis (0,0,1), sidewall angle: 0 radians, 4 vertices:
          (2.27088,0.25,0)
          (1.77088,0.25,0)
          (1.77088,-0.25,0)
          (2.27088,-0.25,0)
Geometric object tree has depth 2 and 21 object nodes (vs. 4 actual objects)
Initializing epsilon function...
Allocating fields...
Solving for band polarization: te.
Initializing fields to random numbers...
1 k-points
  Vector3<-0.09, 0.14, 0.0>
elapsed time for initialization: 0.043520212173461914
solve_kpoint (-0.09,0.14,0):
tefreqs:, k index, k1, k2, k3, kmag/2pi, te band 1, te band 2, te band 3, te band 4, te band 5, te band 6
Solving for bands 1 to 6...
    near maximum in trace
    iteration    1: trace = 2.195320397120322 (199.776% change)
    iteration    2: trace = 0.5936891692343218 (114.853% change)
    iteration    3: trace = 0.488004705112132 (19.5405% change)
    iteration    4: trace = 0.4287427322900496 (12.9287% change)
    iteration    5: trace = 0.412223488900741 (3.92863% change)
    iteration    6: trace = 0.4043281977273352 (1.93381% change)
    iteration    7: trace = 0.4009453139208624 (0.840183% change)
    iteration    8: trace = 0.3976577158483084 (0.823337% change)
    iteration    9: trace = 0.3962510904961949 (0.354354% change)
    iteration   10: trace = 0.3956071462295425 (0.162641% change)
    iteration   11: trace = 0.3954844264930032 (0.0310254% change)
    iteration   12: trace = 0.3954424700039605 (0.0106094% change)
    iteration   13: trace = 0.3954285574426267 (0.00351829% change)
    iteration   14: trace = 0.3954196144075936 (0.00226163% change)
    iteration   15: trace = 0.3954167981755009 (0.000712216% change)
    iteration   16: trace = 0.3954157309580403 (0.000269897% change)
    iteration   17: trace = 0.3954154785029053 (6.38455e-05% change)
    iteration   18: trace = 0.3954154041108873 (1.88136e-05% change)
    iteration   19: trace = 0.395415386165102 (4.53846e-06% change)
    iteration   20: trace = 0.3954153770710773 (2.29987e-06% change)
    iteration   21: trace = 0.3954153736252791 (8.71438e-07% change)
    iteration   22: trace = 0.3954153724037295 (3.08928e-07% change)
    iteration   23: trace = 0.3954153720957375 (7.78908e-08% change)
    iteration   24: trace = 0.3954153720241994 (1.80919e-08% change)
    iteration   25: trace = 0.395415372002067 (5.59724e-09% change)
Finished solving for bands 1 to 6 after 25 iterations.
tefreqs:, 1, -0.09, 0.14, 0, 0.143178, 0.0644947, 0.148931, 0.171619, 0.300863, 0.322603, 0.380829
elapsed time for k point: 2.6581532955169678
total elapsed time for run: 2.701747417449951
done
Initializing eigensolver data
Computing 6 bands with 1e-10 tolerance
Working in 2 dimensions.
Grid size is 336 x 112 x 1.
Solving for 6 bands at a time.
Creating Maxwell data...
Mesh size is 3.
Lattice vectors:
     (3, 0, 0)
     (0, 1, 0)
     (0, 0, 1)
Cell volume = 3
Reciprocal lattice vectors (/ 2 pi):
     (0.333333, -0, 0)
     (-0, 1, -0)
     (0, -0, 1)
Geometric objects:
     block, center = (0,0,0)
          size (1e+20,1e+20,1)
          axes (1,0,0), (0,1,0), (0,0,1)
     prism, center = (0.0234434,-1.38778e-17,0.5)
          height 1, axis (0,0,1), sidewall angle: 0 radians, 4 vertices:
          (0.273443,0.25,0)
          (-0.226557,0.25,0)
          (-0.226557,-0.25,0)
          (0.273443,-0.25,0)
     prism, center = (1.02422,-1.38778e-17,0.5)
          height 1, axis (0,0,1), sidewall angle: 0 radians, 4 vertices:
          (1.27422,0.25,0)
          (0.774222,0.25,0)
          (0.774222,-0.25,0)
          (1.27422,-0.25,0)
     prism, center = (2.0126,-1.38778e-17,0.5)
          height 1, axis (0,0,1), sidewall angle: 0 radians, 4 vertices:
          (2.2626,0.25,0)
          (1.7626,0.25,0)
          (1.7626,-0.25,0)
          (2.2626,-0.25,0)
Geometric object tree has depth 2 and 21 object nodes (vs. 4 actual objects)
Initializing epsilon function...
Allocating fields...
Solving for band polarization: te.
Initializing fields to random numbers...
1 k-points
  Vector3<-0.09, 0.14, 0.0>
elapsed time for initialization: 0.04410409927368164
solve_kpoint (-0.09,0.14,0):
tefreqs:, k index, k1, k2, k3, kmag/2pi, te band 1, te band 2, te band 3, te band 4, te band 5, te band 6
Solving for bands 1 to 6...
    near maximum in trace
    iteration    1: trace = 2.37549215508664 (199.76% change)
    iteration    2: trace = 0.6934794412395248 (109.614% change)
    iteration    3: trace = 0.4394598867862126 (44.8426% change)
    iteration    4: trace = 0.4165721264912161 (5.34741% change)
    iteration    5: trace = 0.4043433811939263 (2.97929% change)
    iteration    6: trace = 0.400296223030724 (1.00596% change)
    iteration    7: trace = 0.3973195546142492 (0.746392% change)
    iteration    8: trace = 0.3962580250984833 (0.26753% change)
    iteration    9: trace = 0.3956990262997311 (0.141169% change)
    iteration   10: trace = 0.3955603610894568 (0.0350492% change)
    iteration   11: trace = 0.3955103421458446 (0.0126459% change)
    iteration   12: trace = 0.3955007421694334 (0.00242727% change)
    iteration   13: trace = 0.3954960313110512 (0.00119112% change)
    iteration   14: trace = 0.3954938405564932 (0.000553927% change)
    iteration   15: trace = 0.3954926913322241 (0.00029058% change)
    iteration   16: trace = 0.3954923945061961 (7.50522e-05% change)
    iteration   17: trace = 0.3954923002208438 (2.384e-05% change)
    iteration   18: trace = 0.3954922755842876 (6.22934e-06% change)
    iteration   19: trace = 0.3954922646235052 (2.77143e-06% change)
    iteration   20: trace = 0.3954922596839697 (1.24896e-06% change)
    iteration   21: trace = 0.3954922576666733 (5.10072e-07% change)
    iteration   22: trace = 0.3954922571810443 (1.22791e-07% change)
    iteration   23: trace = 0.3954922570835943 (2.46402e-08% change)
    iteration   24: trace = 0.3954922570604497 (5.8521e-09% change)
Finished solving for bands 1 to 6 after 24 iterations.
tefreqs:, 1, -0.09, 0.14, 0, 0.143178, 0.0645041, 0.148939, 0.171629, 0.300882, 0.322629, 0.380884
elapsed time for k point: 3.0899527072906494
total elapsed time for run: 3.13413667678833
done
Initializing eigensolver data
Computing 6 bands with 1e-10 tolerance
Working in 2 dimensions.
Grid size is 336 x 112 x 1.
Solving for 6 bands at a time.
Creating Maxwell data...
Mesh size is 3.
Lattice vectors:
     (3, 0, 0)
     (0, 1, 0)
     (0, 0, 1)
Cell volume = 3
Reciprocal lattice vectors (/ 2 pi):
     (0.333333, -0, 0)
     (-0, 1, -0)
     (0, -0, 1)
Geometric objects:
     block, center = (0,0,0)
          size (1e+20,1e+20,1)
          axes (1,0,0), (0,1,0), (0,0,1)
     prism, center = (0.0167352,-1.38778e-17,0.5)
          height 1, axis (0,0,1), sidewall angle: 0 radians, 4 vertices:
          (0.266735,0.25,0)
          (-0.233265,0.25,0)
          (-0.233265,-0.25,0)
          (0.266735,-0.25,0)
     prism, center = (1.01596,-1.38778e-17,0.5)
          height 1, axis (0,0,1), sidewall angle: 0 radians, 4 vertices:
          (1.26596,0.25,0)
          (0.765957,0.25,0)
          (0.765957,-0.25,0)
          (1.26596,-0.25,0)
     prism, center = (2.02758,-1.38778e-17,0.5)
          height 1, axis (0,0,1), sidewall angle: 0 radians, 4 vertices:
          (2.27758,0.25,0)
          (1.77758,0.25,0)
          (1.77758,-0.25,0)
          (2.27758,-0.25,0)
Geometric object tree has depth 2 and 21 object nodes (vs. 4 actual objects)
Initializing epsilon function...
Allocating fields...
Solving for band polarization: te.
Initializing fields to random numbers...
1 k-points
  Vector3<-0.09, 0.14, 0.0>
elapsed time for initialization: 0.043714284896850586
solve_kpoint (-0.09,0.14,0):
tefreqs:, k index, k1, k2, k3, kmag/2pi, te band 1, te band 2, te band 3, te band 4, te band 5, te band 6
Solving for bands 1 to 6...
    near maximum in trace
    iteration    1: trace = 2.394039271628221 (199.758% change)
    iteration    2: trace = 0.5194799204697466 (128.68% change)
    iteration    3: trace = 0.4432474945861943 (15.8368% change)
    iteration    4: trace = 0.413444037524503 (6.9578% change)
    iteration    5: trace = 0.4052110584441765 (2.01134% change)
    iteration    6: trace = 0.4001440386948767 (1.25833% change)
    iteration    7: trace = 0.3977506799283727 (0.599918% change)
    iteration    8: trace = 0.3960256359193875 (0.434642% change)
    iteration    9: trace = 0.3956449730721081 (0.096167% change)
    iteration   10: trace = 0.3955070377571379 (0.0348695% change)
    iteration   11: trace = 0.3954768309918308 (0.00763777% change)
    iteration   12: trace = 0.3954589700319545 (0.00451641% change)
    iteration   13: trace = 0.3954517755624829 (0.00181929% change)
    iteration   14: trace = 0.395448508600132 (0.000826138% change)
    iteration   15: trace = 0.3954478284664747 (0.000171991% change)
    iteration   16: trace = 0.3954476008820082 (5.75511e-05% change)
    iteration   17: trace = 0.3954475329273829 (1.71842e-05% change)
    iteration   18: trace = 0.3954474913479268 (1.05145e-05% change)
    iteration   19: trace = 0.3954474755222991 (4.00195e-06% change)
    iteration   20: trace = 0.3954474702922097 (1.32258e-06% change)
    iteration   21: trace = 0.3954474692885848 (2.53795e-07% change)
    iteration   22: trace = 0.3954474690442167 (6.17953e-08% change)
    iteration   23: trace = 0.3954474689835032 (1.53531e-08% change)
    iteration   24: trace = 0.3954474689680071 (3.91863e-09% change)
Finished solving for bands 1 to 6 after 24 iterations.
tefreqs:, 1, -0.09, 0.14, 0, 0.143178, 0.0644996, 0.148933, 0.171624, 0.300872, 0.32261, 0.380854
elapsed time for k point: 2.6735332012176514
total elapsed time for run: 2.718740463256836
done
Initializing eigensolver data
Computing 6 bands with 1e-10 tolerance
Working in 2 dimensions.
Grid size is 336 x 112 x 1.
Solving for 6 bands at a time.
Creating Maxwell data...
Mesh size is 3.
Lattice vectors:
     (3, 0, 0)
     (0, 1, 0)
     (0, 0, 1)
Cell volume = 3
Reciprocal lattice vectors (/ 2 pi):
     (0.333333, -0, 0)
     (-0, 1, -0)
     (0, -0, 1)
Geometric objects:
     block, center = (0,0,0)
          size (1e+20,1e+20,1)
          axes (1,0,0), (0,1,0), (0,0,1)
     prism, center = (0.0067082,-1.38778e-17,0.5)
          height 1, axis (0,0,1), sidewall angle: 0 radians, 4 vertices:
          (0.256708,0.25,0)
          (-0.243292,0.25,0)
          (-0.243292,-0.25,0)
          (0.256708,-0.25,0)
     prism, center = (1.00826,-1.38778e-17,0.5)
          height 1, axis (0,0,1), sidewall angle: 0 radians, 4 vertices:
          (1.25826,0.25,0)
          (0.758265,0.25,0)
          (0.758265,-0.25,0)
          (1.25826,-0.25,0)
     prism, center = (1.98503,-1.38778e-17,0.5)
          height 1, axis (0,0,1), sidewall angle: 0 radians, 4 vertices:
          (2.23503,0.25,0)
          (1.73503,0.25,0)
          (1.73503,-0.25,0)
          (2.23503,-0.25,0)
Geometric object tree has depth 2 and 21 object nodes (vs. 4 actual objects)
Initializing epsilon function...
Allocating fields...
Solving for band polarization: te.
Initializing fields to random numbers...
1 k-points
  Vector3<-0.09, 0.14, 0.0>
elapsed time for initialization: 0.04458761215209961
solve_kpoint (-0.09,0.14,0):
tefreqs:, k index, k1, k2, k3, kmag/2pi, te band 1, te band 2, te band 3, te band 4, te band 5, te band 6
Solving for bands 1 to 6...
    near maximum in trace
    iteration    1: trace = 2.008641267340263 (199.797% change)
    iteration    2: trace = 0.4997368172178428 (120.309% change)
    iteration    3: trace = 0.4403970447675614 (12.6237% change)
    iteration    4: trace = 0.4154101209399111 (5.83938% change)
    iteration    5: trace = 0.4066709947522853 (2.1261% change)
    iteration    6: trace = 0.4006441769981057 (1.49305% change)
    iteration    7: trace = 0.3978963772106528 (0.688205% change)
    iteration    8: trace = 0.39596972282512 (0.485385% change)
    iteration    9: trace = 0.3955590651249805 (0.103763% change)
    iteration   10: trace = 0.3954256728496 (0.0337282% change)
    iteration   11: trace = 0.3954015752560546 (0.00609427% change)
    iteration   12: trace = 0.3953909519655024 (0.00268675% change)
    iteration   13: trace = 0.395386895051256 (0.00102606% change)
    iteration   14: trace = 0.395384603230872 (0.000579642% change)
    iteration   15: trace = 0.3953840278429882 (0.000145526% change)
    iteration   16: trace = 0.3953838189443473 (5.28344e-05% change)
    iteration   17: trace = 0.3953837559496843 (1.59325e-05% change)
    iteration   18: trace = 0.3953837251698263 (7.78481e-06% change)
    iteration   19: trace = 0.3953837114442386 (3.47146e-06% change)
    iteration   20: trace = 0.3953837040132497 (1.87944e-06% change)
    iteration   21: trace = 0.3953837022132128 (4.55263e-07% change)
    iteration   22: trace = 0.3953837018484127 (9.22648e-08% change)
    iteration   23: trace = 0.3953837017715039 (1.94517e-08% change)
    iteration   24: trace = 0.3953837017520964 (4.90854e-09% change)
Finished solving for bands 1 to 6 after 24 iterations.
tefreqs:, 1, -0.09, 0.14, 0, 0.143178, 0.0644959, 0.148924, 0.17166, 0.30062, 0.322748, 0.380841
elapsed time for k point: 2.921605110168457
total elapsed time for run: 2.9662702083587646
done
Initializing eigensolver data
Computing 6 bands with 1e-10 tolerance
Working in 2 dimensions.
Grid size is 336 x 112 x 1.
Solving for 6 bands at a time.
Creating Maxwell data...
Mesh size is 3.
Lattice vectors:
     (3, 0, 0)
     (0, 1, 0)
     (0, 0, 1)
Cell volume = 3
Reciprocal lattice vectors (/ 2 pi):
     (0.333333, -0, 0)
     (-0, 1, -0)
     (0, -0, 1)
Geometric objects:
     block, center = (0,0,0)
          size (1e+20,1e+20,1)
          axes (1,0,0), (0,1,0), (0,0,1)
     prism, center = (-0.0067082,-1.38778e-17,0.5)
          height 1, axis (0,0,1), sidewall angle: 0 radians, 4 vertices:
          (0.243292,0.25,0)
          (-0.256708,0.25,0)
          (-0.256708,-0.25,0)
          (0.243292,-0.25,0)
     prism, center = (0.991735,-1.38778e-17,0.5)
          height 1, axis (0,0,1), sidewall angle: 0 radians, 4 vertices:
          (1.24174,0.25,0)
          (0.741735,0.25,0)
          (0.741735,-0.25,0)
          (1.24174,-0.25,0)
     prism, center = (2.01497,-1.38778e-17,0.5)
          height 1, axis (0,0,1), sidewall angle: 0 radians, 4 vertices:
          (2.26497,0.25,0)
          (1.76497,0.25,0)
          (1.76497,-0.25,0)
          (2.26497,-0.25,0)
Geometric object tree has depth 2 and 21 object nodes (vs. 4 actual objects)
Initializing epsilon function...
Allocating fields...
Solving for band polarization: te.
Initializing fields to random numbers...
1 k-points
  Vector3<-0.09, 0.14, 0.0>
elapsed time for initialization: 0.04447817802429199
solve_kpoint (-0.09,0.14,0):
tefreqs:, k index, k1, k2, k3, kmag/2pi, te band 1, te band 2, te band 3, te band 4, te band 5, te band 6
Solving for bands 1 to 6...
    near maximum in trace
    iteration    1: trace = 2.354140600173925 (199.761% change)
    iteration    2: trace = 0.5612335929942831 (122.997% change)
    iteration    3: trace = 0.4557576546652343 (20.7427% change)
    iteration    4: trace = 0.4185652409679098 (8.50771% change)
    iteration    5: trace = 0.4076672151089756 (2.638% change)
    iteration    6: trace = 0.4024275823157673 (1.29359% change)
    iteration    7: trace = 0.3996726705620554 (0.686925% change)
    iteration    8: trace = 0.3969317264760204 (0.688157% change)
    iteration    9: trace = 0.395927897445307 (0.253217% change)
    iteration   10: trace = 0.3955110803189607 (0.105331% change)
    iteration   11: trace = 0.3954332123051529 (0.0196899% change)
    iteration   12: trace = 0.3954036830313558 (0.00746785% change)
    iteration   13: trace = 0.395393740618742 (0.00251453% change)
    iteration   14: trace = 0.3953886163912097 (0.00129599% change)
    iteration   15: trace = 0.3953869843620669 (0.000412767% change)
    iteration   16: trace = 0.3953864301525717 (0.000140169% change)
    iteration   17: trace = 0.3953863030162266 (3.2155e-05% change)
    iteration   18: trace = 0.3953862565109821 (1.1762e-05% change)
    iteration   19: trace = 0.3953862405378534 (4.03988e-06% change)
    iteration   20: trace = 0.3953862324270933 (2.05135e-06% change)
    iteration   21: trace = 0.3953862290898044 (8.44058e-07% change)
    iteration   22: trace = 0.3953862279773926 (2.81348e-07% change)
    iteration   23: trace = 0.3953862277021606 (6.96109e-08% change)
    iteration   24: trace = 0.3953862276374303 (1.63714e-08% change)
    iteration   25: trace = 0.3953862276079199 (7.46369e-09% change)
Finished solving for bands 1 to 6 after 25 iterations.
tefreqs:, 1, -0.09, 0.14, 0, 0.143178, 0.064496, 0.148924, 0.171659, 0.300618, 0.322753, 0.380842
elapsed time for k point: 5.297122001647949
total elapsed time for run: 5.341859817504883
done
Initializing eigensolver data
Computing 6 bands with 1e-10 tolerance
Working in 2 dimensions.
Grid size is 336 x 112 x 1.
Solving for 6 bands at a time.
Creating Maxwell data...
Mesh size is 3.
Lattice vectors:
     (3, 0, 0)
     (0, 1, 0)
     (0, 0, 1)
Cell volume = 3
Reciprocal lattice vectors (/ 2 pi):
     (0.333333, -0, 0)
     (-0, 1, -0)
     (0, -0, 1)
Geometric objects:
     block, center = (0,0,0)
          size (1e+20,1e+20,1)
          axes (1,0,0), (0,1,0), (0,0,1)
     prism, center = (0.0134046,-1.38778e-17,0.5)
          height 1, axis (0,0,1), sidewall angle: 0 radians, 4 vertices:
          (0.263405,0.25,0)
          (-0.236595,0.25,0)
          (-0.236595,-0.25,0)
          (0.263405,-0.25,0)
     prism, center = (1.01496,-1.38778e-17,0.5)
          height 1, axis (0,0,1), sidewall angle: 0 radians, 4 vertices:
          (1.26496,0.25,0)
          (0.764961,0.25,0)
          (0.764961,-0.25,0)
          (1.26496,-0.25,0)
     prism, center = (1.99172,-1.38778e-17,0.5)
          height 1, axis (0,0,1), sidewall angle: 0 radians, 4 vertices:
          (2.24172,0.25,0)
          (1.74172,0.25,0)
          (1.74172,-0.25,0)
          (2.24172,-0.25,0)
Geometric object tree has depth 2 and 21 object nodes (vs. 4 actual objects)
Initializing epsilon function...
Allocating fields...
Solving for band polarization: te.
Initializing fields to random numbers...
1 k-points
  Vector3<-0.09, 0.14, 0.0>
elapsed time for initialization: 0.08904123306274414
solve_kpoint (-0.09,0.14,0):
tefreqs:, k index, k1, k2, k3, kmag/2pi, te band 1, te band 2, te band 3, te band 4, te band 5, te band 6
Solving for bands 1 to 6...
    near maximum in trace
    iteration    1: trace = 2.105013086818352 (199.787% change)
    iteration    2: trace = 0.5657195512742967 (115.271% change)
    iteration    3: trace = 0.4589753819625284 (20.8343% change)
    iteration    4: trace = 0.4146735915687557 (10.1418% change)
    iteration    5: trace = 0.4032187120377712 (2.80107% change)
    iteration    6: trace = 0.3989473985286832 (1.06494% change)
    iteration    7: trace = 0.3971952217786309 (0.440167% change)
    iteration    8: trace = 0.3961378485703064 (0.266565% change)
    iteration    9: trace = 0.3957437285045547 (0.0995402% change)
    iteration   10: trace = 0.395598103078745 (0.0368047% change)
    iteration   11: trace = 0.3955577848308082 (0.0101922% change)
    iteration   12: trace = 0.3955475816324721 (0.00257948% change)
    iteration   13: trace = 0.3955435131351375 (0.00102858% change)
    iteration   14: trace = 0.3955419801057087 (0.000387576% change)
    iteration   15: trace = 0.3955411455746147 (0.000210984% change)
    iteration   16: trace = 0.3955408771210094 (6.787e-05% change)
    iteration   17: trace = 0.3955407727538658 (2.63859e-05% change)
    iteration   18: trace = 0.3955407445357588 (7.13406e-06% change)
    iteration   19: trace = 0.3955407299553813 (3.68619e-06% change)
    iteration   20: trace = 0.3955407238339668 (1.54761e-06% change)
    iteration   21: trace = 0.3955407205106329 (8.402e-07% change)
    iteration   22: trace = 0.3955407196028453 (2.29505e-07% change)
    iteration   23: trace = 0.3955407193294924 (6.91087e-08% change)
    iteration   24: trace = 0.3955407192707091 (1.48615e-08% change)
    iteration   25: trace = 0.3955407192587539 (3.02249e-09% change)
Finished solving for bands 1 to 6 after 25 iterations.
tefreqs:, 1, -0.09, 0.14, 0, 0.143178, 0.0645154, 0.148937, 0.171674, 0.300665, 0.322781, 0.380969
elapsed time for k point: 4.284809827804565
total elapsed time for run: 4.373997688293457
done
Initializing eigensolver data
Computing 6 bands with 1e-10 tolerance
Working in 2 dimensions.
Grid size is 336 x 112 x 1.
Solving for 6 bands at a time.
Creating Maxwell data...
Mesh size is 3.
Lattice vectors:
     (3, 0, 0)
     (0, 1, 0)
     (0, 0, 1)
Cell volume = 3
Reciprocal lattice vectors (/ 2 pi):
     (0.333333, -0, 0)
     (-0, 1, -0)
     (0, -0, 1)
Geometric objects:
     block, center = (0,0,0)
          size (1e+20,1e+20,1)
          axes (1,0,0), (0,1,0), (0,0,1)
     prism, center = (-1.17754e-05,-1.38778e-17,0.5)
          height 1, axis (0,0,1), sidewall angle: 0 radians, 4 vertices:
          (0.249988,0.25,0)
          (-0.250012,0.25,0)
          (-0.250012,-0.25,0)
          (0.249988,-0.25,0)
     prism, center = (0.998432,-1.38778e-17,0.5)
          height 1, axis (0,0,1), sidewall angle: 0 radians, 4 vertices:
          (1.24843,0.25,0)
          (0.748432,0.25,0)
          (0.748432,-0.25,0)
          (1.24843,-0.25,0)
     prism, center = (2.02167,-1.38778e-17,0.5)
          height 1, axis (0,0,1), sidewall angle: 0 radians, 4 vertices:
          (2.27167,0.25,0)
          (1.77167,0.25,0)
          (1.77167,-0.25,0)
          (2.27167,-0.25,0)
Geometric object tree has depth 2 and 21 object nodes (vs. 4 actual objects)
Initializing epsilon function...
Allocating fields...
Solving for band polarization: te.
Initializing fields to random numbers...
1 k-points
  Vector3<-0.09, 0.14, 0.0>
elapsed time for initialization: 0.08759093284606934
solve_kpoint (-0.09,0.14,0):
tefreqs:, k index, k1, k2, k3, kmag/2pi, te band 1, te band 2, te band 3, te band 4, te band 5, te band 6
Solving for bands 1 to 6...
    near maximum in trace
    iteration    1: trace = 1.83933376856243 (199.814% change)
    iteration    2: trace = 0.4841289750127353 (116.654% change)
    iteration    3: trace = 0.4249339844461997 (13.0233% change)
    iteration    4: trace = 0.4078263730740398 (4.10865% change)
    iteration    5: trace = 0.4019426763405877 (1.45318% change)
    iteration    6: trace = 0.3986289179048843 (0.827848% change)
    iteration    7: trace = 0.397093929484428 (0.38581% change)
    iteration    8: trace = 0.3959000401104877 (0.301109% change)
    iteration    9: trace = 0.3955101466493596 (0.0985313% change)
    iteration   10: trace = 0.395390985214056 (0.0301331% change)
    iteration   11: trace = 0.395362743110612 (0.00714308% change)
    iteration   12: trace = 0.3953502902146127 (0.00314979% change)
    iteration   13: trace = 0.3953446869115447 (0.00141731% change)
    iteration   14: trace = 0.3953422552323024 (0.00061508% change)
    iteration   15: trace = 0.3953413846302893 (0.000220215% change)
    iteration   16: trace = 0.3953411579393198 (5.73406e-05% change)
    iteration   17: trace = 0.3953410979215997 (1.51812e-05% change)
    iteration   18: trace = 0.3953410813720241 (4.18615e-06% change)
    iteration   19: trace = 0.3953410732607973 (2.0517e-06% change)
    iteration   20: trace = 0.3953410700180533 (8.2024e-07% change)
    iteration   21: trace = 0.3953410688240839 (3.0201e-07% change)
    iteration   22: trace = 0.3953410685772742 (6.24296e-08% change)
    iteration   23: trace = 0.3953410685073454 (1.76882e-08% change)
    iteration   24: trace = 0.39534106848579 (5.45235e-09% change)
Finished solving for bands 1 to 6 after 24 iterations.
tefreqs:, 1, -0.09, 0.14, 0, 0.143178, 0.064491, 0.14892, 0.171657, 0.300623, 0.322735, 0.380798
elapsed time for k point: 2.7438042163848877
total elapsed time for run: 2.8315012454986572
done
Initializing eigensolver data
Computing 6 bands with 1e-10 tolerance
Working in 2 dimensions.
Grid size is 336 x 112 x 1.
Solving for 6 bands at a time.
Creating Maxwell data...
Mesh size is 3.
Lattice vectors:
     (3, 0, 0)
     (0, 1, 0)
     (0, 0, 1)
Cell volume = 3
Reciprocal lattice vectors (/ 2 pi):
     (0.333333, -0, 0)
     (-0, 1, -0)
     (0, -0, 1)
Geometric objects:
     block, center = (0,0,0)
          size (1e+20,1e+20,1)
          axes (1,0,0), (0,1,0), (0,0,1)
     prism, center = (0.0201011,-1.38778e-17,0.5)
          height 1, axis (0,0,1), sidewall angle: 0 radians, 4 vertices:
          (0.270101,0.25,0)
          (-0.229899,0.25,0)
          (-0.229899,-0.25,0)
          (0.270101,-0.25,0)
     prism, center = (1.02166,-1.38778e-17,0.5)
          height 1, axis (0,0,1), sidewall angle: 0 radians, 4 vertices:
          (1.27166,0.25,0)
          (0.771658,0.25,0)
          (0.771658,-0.25,0)
          (1.27166,-0.25,0)
     prism, center = (1.99842,-1.38778e-17,0.5)
          height 1, axis (0,0,1), sidewall angle: 0 radians, 4 vertices:
          (2.24842,0.25,0)
          (1.74842,0.25,0)
          (1.74842,-0.25,0)
          (2.24842,-0.25,0)
Geometric object tree has depth 2 and 21 object nodes (vs. 4 actual objects)
Initializing epsilon function...
Allocating fields...
Solving for band polarization: te.
Initializing fields to random numbers...
1 k-points
  Vector3<-0.09, 0.14, 0.0>
elapsed time for initialization: 0.04378390312194824
solve_kpoint (-0.09,0.14,0):
tefreqs:, k index, k1, k2, k3, kmag/2pi, te band 1, te band 2, te band 3, te band 4, te band 5, te band 6
Solving for bands 1 to 6...
    near maximum in trace
    iteration    1: trace = 2.054876938702652 (199.793% change)
    iteration    2: trace = 0.5915568196440771 (110.588% change)
    iteration    3: trace = 0.4440263908625276 (28.4922% change)
    iteration    4: trace = 0.4302094650655719 (3.16091% change)
    iteration    5: trace = 0.4215442835589691 (2.03467% change)
    iteration    6: trace = 0.4186840784772838 (0.680816% change)
    iteration    7: trace = 0.416111087642469 (0.616436% change)
    iteration    8: trace = 0.4116599412312553 (1.07545% change)
    iteration    9: trace = 0.4036116648300007 (1.97438% change)
    iteration   10: trace = 0.3991436515366418 (1.11317% change)
    iteration   11: trace = 0.3971631395450762 (0.497424% change)
    iteration   12: trace = 0.3962247759962842 (0.236546% change)
    iteration   13: trace = 0.3957284997970051 (0.12533% change)
    iteration   14: trace = 0.3955398143985976 (0.0476919% change)
    iteration   15: trace = 0.3954656930040755 (0.0187411% change)
    iteration   16: trace = 0.3954438805795814 (0.00551578% change)
    iteration   17: trace = 0.3954370394859336 (0.00172999% change)
    iteration   18: trace = 0.3954347665786394 (0.000574785% change)
    iteration   19: trace = 0.3954335991233804 (0.000295234% change)
    iteration   20: trace = 0.3954331532957759 (0.000112744% change)
    iteration   21: trace = 0.3954329856085363 (4.2406e-05% change)
    iteration   22: trace = 0.3954329493068088 (9.18025e-06% change)
    iteration   23: trace = 0.3954329394707675 (2.48741e-06% change)
    iteration   24: trace = 0.3954329353654034 (1.03819e-06% change)
    iteration   25: trace = 0.3954329333588829 (5.07424e-07% change)
    iteration   26: trace = 0.3954329324317409 (2.34462e-07% change)
    iteration   27: trace = 0.3954329321047431 (8.26936e-08% change)
    iteration   28: trace = 0.3954329320068456 (2.4757e-08% change)
    iteration   29: trace = 0.3954329319877101 (4.83913e-09% change)
Finished solving for bands 1 to 6 after 29 iterations.
tefreqs:, 1, -0.09, 0.14, 0, 0.143178, 0.0645026, 0.148928, 0.171665, 0.300651, 0.322748, 0.380876
elapsed time for k point: 4.685651063919067
total elapsed time for run: 4.729508876800537
done
Initializing eigensolver data
Computing 6 bands with 1e-10 tolerance
Working in 2 dimensions.
Grid size is 336 x 112 x 1.
Solving for 6 bands at a time.
Creating Maxwell data...
Mesh size is 3.
Lattice vectors:
     (3, 0, 0)
     (0, 1, 0)
     (0, 0, 1)
Cell volume = 3
Reciprocal lattice vectors (/ 2 pi):
     (0.333333, -0, 0)
     (-0, 1, -0)
     (0, -0, 1)
Geometric objects:
     block, center = (0,0,0)
          size (1e+20,1e+20,1)
          axes (1,0,0), (0,1,0), (0,0,1)
     prism, center = (0.00668465,-1.38778e-17,0.5)
          height 1, axis (0,0,1), sidewall angle: 0 radians, 4 vertices:
          (0.256685,0.25,0)
          (-0.243315,0.25,0)
          (-0.243315,-0.25,0)
          (0.256685,-0.25,0)
     prism, center = (1.00513,-1.38778e-17,0.5)
          height 1, axis (0,0,1), sidewall angle: 0 radians, 4 vertices:
          (1.25513,0.25,0)
          (0.755128,0.25,0)
          (0.755128,-0.25,0)
          (1.25513,-0.25,0)
     prism, center = (2.02837,-1.38778e-17,0.5)
          height 1, axis (0,0,1), sidewall angle: 0 radians, 4 vertices:
          (2.27837,0.25,0)
          (1.77837,0.25,0)
          (1.77837,-0.25,0)
          (2.27837,-0.25,0)
Geometric object tree has depth 2 and 21 object nodes (vs. 4 actual objects)
Initializing epsilon function...
Allocating fields...
Solving for band polarization: te.
Initializing fields to random numbers...
1 k-points
  Vector3<-0.09, 0.14, 0.0>
elapsed time for initialization: 0.043767452239990234
solve_kpoint (-0.09,0.14,0):
tefreqs:, k index, k1, k2, k3, kmag/2pi, te band 1, te band 2, te band 3, te band 4, te band 5, te band 6
Solving for bands 1 to 6...
    near maximum in trace
    iteration    1: trace = 2.032827891658441 (199.795% change)
    iteration    2: trace = 0.4986345028829141 (121.21% change)
    iteration    3: trace = 0.4355017455074737 (13.5168% change)
    iteration    4: trace = 0.418773412502824 (3.91638% change)
    iteration    5: trace = 0.4126411715328774 (1.47513% change)
    iteration    6: trace = 0.4071102680813649 (1.34941% change)
    iteration    7: trace = 0.4027693279671888 (1.072% change)
    iteration    8: trace = 0.3980425890182625 (1.18049% change)
    iteration    9: trace = 0.3964255782024708 (0.407067% change)
    iteration   10: trace = 0.395730203840731 (0.175565% change)
    iteration   11: trace = 0.3955625893152286 (0.0423647% change)
    iteration   12: trace = 0.3954835534408592 (0.0199826% change)
    iteration   13: trace = 0.3954534793002954 (0.00760469% change)
    iteration   14: trace = 0.39543920332447 (0.00361009% change)
    iteration   15: trace = 0.39543509112926 (0.00103991% change)
    iteration   16: trace = 0.3954338783801434 (0.000306688% change)
    iteration   17: trace = 0.3954335776773593 (7.60438e-05% change)
    iteration   18: trace = 0.3954334616424571 (2.93437e-05% change)
    iteration   19: trace = 0.3954334066822709 (1.38987e-05% change)
    iteration   20: trace = 0.3954333842518249 (5.67237e-06% change)
    iteration   21: trace = 0.3954333763676016 (1.99382e-06% change)
    iteration   22: trace = 0.395433374409551 (4.95166e-07% change)
    iteration   23: trace = 0.395433373835251 (1.45233e-07% change)
    iteration   24: trace = 0.3954333736549939 (4.55847e-08% change)
    iteration   25: trace = 0.3954333735423795 (2.84787e-08% change)
    iteration   26: trace = 0.3954333734889649 (1.35079e-08% change)
    iteration   27: trace = 0.395433373469371 (4.95504e-09% change)
Finished solving for bands 1 to 6 after 27 iterations.
tefreqs:, 1, -0.09, 0.14, 0, 0.143178, 0.0645026, 0.148928, 0.171664, 0.300646, 0.322757, 0.380874
elapsed time for k point: 2.597898483276367
total elapsed time for run: 2.641746759414673
done
Initializing eigensolver data
Computing 6 bands with 1e-10 tolerance
Working in 2 dimensions.
Grid size is 336 x 112 x 1.
Solving for 6 bands at a time.
Creating Maxwell data...
Mesh size is 3.
Lattice vectors:
     (3, 0, 0)
     (0, 1, 0)
     (0, 0, 1)
Cell volume = 3
Reciprocal lattice vectors (/ 2 pi):
     (0.333333, -0, 0)
     (-0, 1, -0)
     (0, -0, 1)
Geometric objects:
     block, center = (0,0,0)
          size (1e+20,1e+20,1)
          axes (1,0,0), (0,1,0), (0,0,1)
     prism, center = (0.0267975,-1.38778e-17,0.5)
          height 1, axis (0,0,1), sidewall angle: 0 radians, 4 vertices:
          (0.276797,0.25,0)
          (-0.223203,0.25,0)
          (-0.223203,-0.25,0)
          (0.276797,-0.25,0)
     prism, center = (1.02835,-1.38778e-17,0.5)
          height 1, axis (0,0,1), sidewall angle: 0 radians, 4 vertices:
          (1.27835,0.25,0)
          (0.778354,0.25,0)
          (0.778354,-0.25,0)
          (1.27835,-0.25,0)
     prism, center = (2.00512,-1.38778e-17,0.5)
          height 1, axis (0,0,1), sidewall angle: 0 radians, 4 vertices:
          (2.25512,0.25,0)
          (1.75512,0.25,0)
          (1.75512,-0.25,0)
          (2.25512,-0.25,0)
Geometric object tree has depth 2 and 21 object nodes (vs. 4 actual objects)
Initializing epsilon function...
Allocating fields...
Solving for band polarization: te.
Initializing fields to random numbers...
1 k-points
  Vector3<-0.09, 0.14, 0.0>
elapsed time for initialization: 0.04427361488342285
solve_kpoint (-0.09,0.14,0):
tefreqs:, k index, k1, k2, k3, kmag/2pi, te band 1, te band 2, te band 3, te band 4, te band 5, te band 6
Solving for bands 1 to 6...
    near maximum in trace
    iteration    1: trace = 2.120414607643613 (199.785% change)
    iteration    2: trace = 0.5112326190306428 (122.295% change)
    iteration    3: trace = 0.4323662472887057 (16.7161% change)
    iteration    4: trace = 0.4107403141646732 (5.13006% change)
    iteration    5: trace = 0.4042632051446136 (1.58947% change)
    iteration    6: trace = 0.4003684345055203 (0.968088% change)
    iteration    7: trace = 0.3980228628423143 (0.587574% change)
    iteration    8: trace = 0.3961289116373082 (0.476975% change)
    iteration    9: trace = 0.3955814989155463 (0.138286% change)
    iteration   10: trace = 0.3954182938908224 (0.0412655% change)
    iteration   11: trace = 0.3953766938765075 (0.0105211% change)
    iteration   12: trace = 0.3953552651446292 (0.00541997% change)
    iteration   13: trace = 0.3953464428405718 (0.00223151% change)
    iteration   14: trace = 0.3953424000955079 (0.00102259% change)
    iteration   15: trace = 0.3953410816622248 (0.000333492% change)
    iteration   16: trace = 0.3953407044015385 (9.54267e-05% change)
    iteration   17: trace = 0.3953406180699736 (2.18373e-05% change)
    iteration   18: trace = 0.3953405948537919 (5.87245e-06% change)
    iteration   19: trace = 0.3953405850945689 (2.46856e-06% change)
    iteration   20: trace = 0.3953405812251399 (9.78758e-07% change)
    iteration   21: trace = 0.3953405797560883 (3.71591e-07% change)
    iteration   22: trace = 0.3953405793936562 (9.16759e-08% change)
    iteration   23: trace = 0.3953405792769448 (2.95218e-08% change)
    iteration   24: trace = 0.3953405792491544 (7.02946e-09% change)
Finished solving for bands 1 to 6 after 24 iterations.
tefreqs:, 1, -0.09, 0.14, 0, 0.143178, 0.064491, 0.14892, 0.171657, 0.300628, 0.322726, 0.3808
elapsed time for k point: 2.585205078125
total elapsed time for run: 2.629565954208374
done
Initializing eigensolver data
Computing 6 bands with 1e-10 tolerance
Working in 2 dimensions.
Grid size is 336 x 112 x 1.
Solving for 6 bands at a time.
Creating Maxwell data...
Mesh size is 3.
Lattice vectors:
     (3, 0, 0)
     (0, 1, 0)
     (0, 0, 1)
Cell volume = 3
Reciprocal lattice vectors (/ 2 pi):
     (0.333333, -0, 0)
     (-0, 1, -0)
     (0, -0, 1)
Geometric objects:
     block, center = (0,0,0)
          size (1e+20,1e+20,1)
          axes (1,0,0), (0,1,0), (0,0,1)
     prism, center = (0.0133811,-1.38778e-17,0.5)
          height 1, axis (0,0,1), sidewall angle: 0 radians, 4 vertices:
          (0.263381,0.25,0)
          (-0.236619,0.25,0)
          (-0.236619,-0.25,0)
          (0.263381,-0.25,0)
     prism, center = (1.01182,-1.38778e-17,0.5)
          height 1, axis (0,0,1), sidewall angle: 0 radians, 4 vertices:
          (1.26182,0.25,0)
          (0.761824,0.25,0)
          (0.761824,-0.25,0)
          (1.26182,-0.25,0)
     prism, center = (2.03506,-1.38778e-17,0.5)
          height 1, axis (0,0,1), sidewall angle: 0 radians, 4 vertices:
          (2.28506,0.25,0)
          (1.78506,0.25,0)
          (1.78506,-0.25,0)
          (2.28506,-0.25,0)
Geometric object tree has depth 2 and 21 object nodes (vs. 4 actual objects)
Initializing epsilon function...
Allocating fields...
Solving for band polarization: te.
Initializing fields to random numbers...
1 k-points
  Vector3<-0.09, 0.14, 0.0>
elapsed time for initialization: 0.08633542060852051
solve_kpoint (-0.09,0.14,0):
tefreqs:, k index, k1, k2, k3, kmag/2pi, te band 1, te band 2, te band 3, te band 4, te band 5, te band 6
Solving for bands 1 to 6...
    near maximum in trace
    iteration    1: trace = 2.256890122508787 (199.773% change)
    iteration    2: trace = 0.5741502982504498 (118.878% change)
    iteration    3: trace = 0.4691132801337536 (20.1362% change)
    iteration    4: trace = 0.4316343089987238 (8.32175% change)
    iteration    5: trace = 0.4206586697814154 (2.57556% change)
    iteration    6: trace = 0.4159686800316408 (1.12117% change)
    iteration    7: trace = 0.4135541647320732 (0.582146% change)
    large trace change predicted (1.25055%)
    iteration    8: trace = 0.4086479791960651 (1.19343% change)
    iteration    9: trace = 0.4025168447525849 (1.51169% change)
    iteration   10: trace = 0.3978964991447961 (1.15449% change)
    iteration   11: trace = 0.3962895390508637 (0.404681% change)
    iteration   12: trace = 0.3958153392117518 (0.119732% change)
    iteration   13: trace = 0.3956389515837682 (0.044573% change)
    iteration   14: trace = 0.3955784847910101 (0.0152845% change)
    iteration   15: trace = 0.3955501733880832 (0.00715722% change)
    iteration   16: trace = 0.395540183038568 (0.00252572% change)
    iteration   17: trace = 0.3955360364542672 (0.00104834% change)
    iteration   18: trace = 0.3955349844598066 (0.000265967% change)
    iteration   19: trace = 0.3955345903430991 (9.96415e-05% change)
    iteration   20: trace = 0.395534455144561 (3.41812e-05% change)
    iteration   21: trace = 0.3955343654335424 (2.2681e-05% change)
    iteration   22: trace = 0.3955343338916916 (7.97449e-06% change)
    iteration   23: trace = 0.3955343224246029 (2.89914e-06% change)
    iteration   24: trace = 0.3955343200267162 (6.0624e-07% change)
    iteration   25: trace = 0.3955343193571851 (1.69273e-07% change)
    iteration   26: trace = 0.3955343191370434 (5.56568e-08% change)
    iteration   27: trace = 0.395534319024573 (2.8435e-08% change)
    iteration   28: trace = 0.3955343189631672 (1.55248e-08% change)
    iteration   29: trace = 0.3955343189433256 (5.0164e-09% change)
Finished solving for bands 1 to 6 after 29 iterations.
tefreqs:, 1, -0.09, 0.14, 0, 0.143178, 0.0645152, 0.148937, 0.171673, 0.300649, 0.322804, 0.380954
elapsed time for k point: 3.1070330142974854
total elapsed time for run: 3.193474292755127
done
Initializing eigensolver data
Computing 6 bands with 1e-10 tolerance
Working in 2 dimensions.
Grid size is 336 x 112 x 1.
Solving for 6 bands at a time.
Creating Maxwell data...
Mesh size is 3.
Lattice vectors:
     (3, 0, 0)
     (0, 1, 0)
     (0, 0, 1)
Cell volume = 3
Reciprocal lattice vectors (/ 2 pi):
     (0.333333, -0, 0)
     (-0, 1, -0)
     (0, -0, 1)
Geometric objects:
     block, center = (0,0,0)
          size (1e+20,1e+20,1)
          axes (1,0,0), (0,1,0), (0,0,1)
     prism, center = (0.0116964,-1.38778e-17,0.5)
          height 1, axis (0,0,1), sidewall angle: 0 radians, 4 vertices:
          (0.261696,0.25,0)
          (-0.238304,0.25,0)
          (-0.238304,-0.25,0)
          (0.261696,-0.25,0)
     prism, center = (1.0117,-1.38778e-17,0.5)
          height 1, axis (0,0,1), sidewall angle: 0 radians, 4 vertices:
          (1.2617,0.25,0)
          (0.761696,0.25,0)
          (0.761696,-0.25,0)
          (1.2617,-0.25,0)
     prism, center = (2.0117,-1.38778e-17,0.5)
          height 1, axis (0,0,1), sidewall angle: 0 radians, 4 vertices:
          (2.2617,0.25,0)
          (1.7617,0.25,0)
          (1.7617,-0.25,0)
          (2.2617,-0.25,0)
Geometric object tree has depth 2 and 21 object nodes (vs. 4 actual objects)
Initializing epsilon function...
Allocating fields...
Solving for band polarization: te.
Initializing fields to random numbers...
1 k-points
  Vector3<-0.09, 0.14, 0.0>
elapsed time for initialization: 0.04801678657531738
solve_kpoint (-0.09,0.14,0):
tefreqs:, k index, k1, k2, k3, kmag/2pi, te band 1, te band 2, te band 3, te band 4, te band 5, te band 6
Solving for bands 1 to 6...
    near maximum in trace
    iteration    1: trace = 2.234298751088433 (199.773% change)
    iteration    2: trace = 0.5349917919578399 (122.725% change)
    iteration    3: trace = 0.447722013085688 (17.761% change)
    iteration    4: trace = 0.4162374785771744 (7.28843% change)
    iteration    5: trace = 0.4075938416975028 (2.0984% change)
    iteration    6: trace = 0.4018823169114862 (1.41117% change)
    iteration    7: trace = 0.3988959811128786 (0.745858% change)
    iteration    8: trace = 0.3964711528927494 (0.609738% change)
    iteration    9: trace = 0.3957621357104087 (0.178992% change)
    iteration   10: trace = 0.3955017749059749 (0.0658088% change)
    iteration   11: trace = 0.3954489147987861 (0.0133662% change)
    iteration   12: trace = 0.3954239182765753 (0.00632125% change)
    iteration   13: trace = 0.3954130316557307 (0.00275319% change)
    iteration   14: trace = 0.3954071760486019 (0.00148089% change)
    iteration   15: trace = 0.3954057434115322 (0.00036232% change)
    iteration   16: trace = 0.3954052720679723 (0.000119205% change)
    iteration   17: trace = 0.3954051720028794 (2.5307e-05% change)
    iteration   18: trace = 0.395405136055946 (9.09116e-06% change)
    iteration   19: trace = 0.3954051230031329 (3.30112e-06% change)
    iteration   20: trace = 0.3954051166901965 (1.59657e-06% change)
    iteration   21: trace = 0.3954051148963004 (4.53686e-07% change)
    iteration   22: trace = 0.3954051144171764 (1.21173e-07% change)
    iteration   23: trace = 0.3954051143068587 (2.78999e-08% change)
    iteration   24: trace = 0.3954051142845547 (5.64078e-09% change)
Finished solving for bands 1 to 6 after 24 iterations.
tefreqs:, 1, -0.09, 0.14, 0, 0.143178, 0.0644917, 0.148934, 0.171607, 0.30094, 0.322555, 0.3808
elapsed time for k point: 2.8856801986694336
total elapsed time for run: 2.9337997436523438
done
Initializing eigensolver data
Computing 6 bands with 1e-10 tolerance
Working in 2 dimensions.
Grid size is 336 x 112 x 1.
Solving for 6 bands at a time.
Creating Maxwell data...
Mesh size is 3.
Lattice vectors:
     (3, 0, 0)
     (0, 1, 0)
     (0, 0, 1)
Cell volume = 3
Reciprocal lattice vectors (/ 2 pi):
     (0.333333, -0, 0)
     (-0, 1, -0)
     (0, -0, 1)
Geometric objects:
     block, center = (0,0,0)
          size (1e+20,1e+20,1)
          axes (1,0,0), (0,1,0), (0,0,1)
     prism, center = (0.00169643,-1.38778e-17,0.5)
          height 1, axis (0,0,1), sidewall angle: 0 radians, 4 vertices:
          (0.251696,0.25,0)
          (-0.248304,0.25,0)
          (-0.248304,-0.25,0)
          (0.251696,-0.25,0)
     prism, center = (1.0017,-1.38778e-17,0.5)
          height 1, axis (0,0,1), sidewall angle: 0 radians, 4 vertices:
          (1.2517,0.25,0)
          (0.751696,0.25,0)
          (0.751696,-0.25,0)
          (1.2517,-0.25,0)
     prism, center = (2.0017,-1.38778e-17,0.5)
          height 1, axis (0,0,1), sidewall angle: 0 radians, 4 vertices:
          (2.2517,0.25,0)
          (1.7517,0.25,0)
          (1.7517,-0.25,0)
          (2.2517,-0.25,0)
Geometric object tree has depth 2 and 21 object nodes (vs. 4 actual objects)
Initializing epsilon function...
Allocating fields...
Solving for band polarization: te.
Initializing fields to random numbers...
1 k-points
  Vector3<-0.09, 0.14, 0.0>
elapsed time for initialization: 0.04890847206115723
solve_kpoint (-0.09,0.14,0):
tefreqs:, k index, k1, k2, k3, kmag/2pi, te band 1, te band 2, te band 3, te band 4, te band 5, te band 6
Solving for bands 1 to 6...
    near maximum in trace
    iteration    1: trace = 2.064480402294064 (199.79% change)
    iteration    2: trace = 0.5132196684238162 (120.36% change)
    iteration    3: trace = 0.4430037225246702 (14.6861% change)
    iteration    4: trace = 0.4150313686309128 (6.5201% change)
    iteration    5: trace = 0.4065776446221066 (2.05785% change)
    iteration    6: trace = 0.4012455550735309 (1.32011% change)
    iteration    7: trace = 0.3985827625631889 (0.665841% change)
    iteration    8: trace = 0.3963861778357102 (0.552622% change)
    iteration    9: trace = 0.39582511023944 (0.141646% change)
    iteration   10: trace = 0.3956203262383103 (0.0517494% change)
    iteration   11: trace = 0.3955758927362 (0.011232% change)
    iteration   12: trace = 0.395550594776651 (0.00639543% change)
    iteration   13: trace = 0.3955415021726517 (0.00229875% change)
    iteration   14: trace = 0.3955371024238664 (0.00111234% change)
    iteration   15: trace = 0.3955359783580579 (0.000284188% change)
    iteration   16: trace = 0.3955356375429249 (8.61654e-05% change)
    iteration   17: trace = 0.3955355691185048 (1.72992e-05% change)
    iteration   18: trace = 0.3955355400604209 (7.34652e-06% change)
    iteration   19: trace = 0.3955355275801941 (3.15527e-06% change)
    iteration   20: trace = 0.3955355213151964 (1.58393e-06% change)
    iteration   21: trace = 0.3955355196117079 (4.30679e-07% change)
    iteration   22: trace = 0.395535519157277 (1.1489e-07% change)
    iteration   23: trace = 0.395535519056158 (2.55651e-08% change)
    iteration   24: trace = 0.395535519036217 (5.04153e-09% change)
Finished solving for bands 1 to 6 after 24 iterations.
tefreqs:, 1, -0.09, 0.14, 0, 0.143178, 0.0645095, 0.148941, 0.171616, 0.300963, 0.322583, 0.38092
elapsed time for k point: 2.7267799377441406
total elapsed time for run: 2.775794506072998
done
Initializing eigensolver data
Computing 6 bands with 1e-10 tolerance
Working in 2 dimensions.
Grid size is 336 x 112 x 1.
Solving for 6 bands at a time.
Creating Maxwell data...
Mesh size is 3.
Lattice vectors:
     (3, 0, 0)
     (0, 1, 0)
     (0, 0, 1)
Cell volume = 3
Reciprocal lattice vectors (/ 2 pi):
     (0.333333, -0, 0)
     (-0, 1, -0)
     (0, -0, 1)
Geometric objects:
     block, center = (0,0,0)
          size (1e+20,1e+20,1)
          axes (1,0,0), (0,1,0), (0,0,1)
     prism, center = (0.0183929,-1.38778e-17,0.5)
          height 1, axis (0,0,1), sidewall angle: 0 radians, 4 vertices:
          (0.268393,0.25,0)
          (-0.231607,0.25,0)
          (-0.231607,-0.25,0)
          (0.268393,-0.25,0)
     prism, center = (1.01839,-1.38778e-17,0.5)
          height 1, axis (0,0,1), sidewall angle: 0 radians, 4 vertices:
          (1.26839,0.25,0)
          (0.768393,0.25,0)
          (0.768393,-0.25,0)
          (1.26839,-0.25,0)
     prism, center = (2.01839,-1.38778e-17,0.5)
          height 1, axis (0,0,1), sidewall angle: 0 radians, 4 vertices:
          (2.26839,0.25,0)
          (1.76839,0.25,0)
          (1.76839,-0.25,0)
          (2.26839,-0.25,0)
Geometric object tree has depth 2 and 21 object nodes (vs. 4 actual objects)
Initializing epsilon function...
Allocating fields...
Solving for band polarization: te.
Initializing fields to random numbers...
1 k-points
  Vector3<-0.09, 0.14, 0.0>
elapsed time for initialization: 0.04358816146850586
solve_kpoint (-0.09,0.14,0):
tefreqs:, k index, k1, k2, k3, kmag/2pi, te band 1, te band 2, te band 3, te band 4, te band 5, te band 6
Solving for bands 1 to 6...
    near maximum in trace
    iteration    1: trace = 2.426290799839901 (199.754% change)
    iteration    2: trace = 0.5537363061564584 (125.674% change)
    iteration    3: trace = 0.4470706631426438 (21.3159% change)
    iteration    4: trace = 0.4156236176635949 (7.29043% change)
    iteration    5: trace = 0.4055340793085154 (2.45739% change)
    iteration    6: trace = 0.3998715456842184 (1.40613% change)
    iteration    7: trace = 0.3973777358476661 (0.625604% change)
    iteration    8: trace = 0.3960554524698296 (0.333307% change)
    iteration    9: trace = 0.3957106598070603 (0.0870946% change)
    iteration   10: trace = 0.3955922321182342 (0.0299323% change)
    iteration   11: trace = 0.3955677734568337 (0.00618299% change)
    iteration   12: trace = 0.3955583600004496 (0.00237976% change)
    iteration   13: trace = 0.3955542800195791 (0.00103145% change)
    iteration   14: trace = 0.395551817283999 (0.000622606% change)
    iteration   15: trace = 0.395551131340262 (0.000173415% change)
    iteration   16: trace = 0.3955509232495695 (5.26078e-05% change)
    iteration   17: trace = 0.3955508715738801 (1.30642e-05% change)
    iteration   18: trace = 0.3955508522567299 (4.88361e-06% change)
    iteration   19: trace = 0.3955508438878914 (2.11574e-06% change)
    iteration   20: trace = 0.3955508394987483 (1.10963e-06% change)
    iteration   21: trace = 0.3955508380111077 (3.76093e-07% change)
    iteration   22: trace = 0.3955508376505574 (9.11514e-08% change)
    iteration   23: trace = 0.3955508375618727 (2.24206e-08% change)
    iteration   24: trace = 0.3955508375437005 (4.59416e-09% change)
Finished solving for bands 1 to 6 after 24 iterations.
tefreqs:, 1, -0.09, 0.14, 0, 0.143178, 0.064509, 0.148943, 0.171618, 0.300971, 0.322592, 0.380925
elapsed time for k point: 2.4220502376556396
total elapsed time for run: 2.465717077255249
done
Initializing eigensolver data
Computing 6 bands with 1e-10 tolerance
Working in 2 dimensions.
Grid size is 336 x 112 x 1.
Solving for 6 bands at a time.
Creating Maxwell data...
Mesh size is 3.
Lattice vectors:
     (3, 0, 0)
     (0, 1, 0)
     (0, 0, 1)
Cell volume = 3
Reciprocal lattice vectors (/ 2 pi):
     (0.333333, -0, 0)
     (-0, 1, -0)
     (0, -0, 1)
Geometric objects:
     block, center = (0,0,0)
          size (1e+20,1e+20,1)
          axes (1,0,0), (0,1,0), (0,0,1)
     prism, center = (0.00839286,-1.38778e-17,0.5)
          height 1, axis (0,0,1), sidewall angle: 0 radians, 4 vertices:
          (0.258393,0.25,0)
          (-0.241607,0.25,0)
          (-0.241607,-0.25,0)
          (0.258393,-0.25,0)
     prism, center = (1.00839,-1.38778e-17,0.5)
          height 1, axis (0,0,1), sidewall angle: 0 radians, 4 vertices:
          (1.25839,0.25,0)
          (0.758393,0.25,0)
          (0.758393,-0.25,0)
          (1.25839,-0.25,0)
     prism, center = (2.00839,-1.38778e-17,0.5)
          height 1, axis (0,0,1), sidewall angle: 0 radians, 4 vertices:
          (2.25839,0.25,0)
          (1.75839,0.25,0)
          (1.75839,-0.25,0)
          (2.25839,-0.25,0)
Geometric object tree has depth 2 and 21 object nodes (vs. 4 actual objects)
Initializing epsilon function...
Allocating fields...
Solving for band polarization: te.
Initializing fields to random numbers...
1 k-points
  Vector3<-0.09, 0.14, 0.0>
elapsed time for initialization: 0.044455528259277344
solve_kpoint (-0.09,0.14,0):
tefreqs:, k index, k1, k2, k3, kmag/2pi, te band 1, te band 2, te band 3, te band 4, te band 5, te band 6
Solving for bands 1 to 6...
    near maximum in trace
    iteration    1: trace = 2.409716223100549 (199.756% change)
    iteration    2: trace = 0.6085043111508261 (119.356% change)
    iteration    3: trace = 0.4473657828432028 (30.5224% change)
    iteration    4: trace = 0.4271051857397677 (4.6338% change)
    iteration    5: trace = 0.4176172227238139 (2.24641% change)
    iteration    6: trace = 0.4138911939689995 (0.89621% change)
    iteration    7: trace = 0.4073131081883988 (1.60206% change)
    iteration    8: trace = 0.4010106295219429 (1.55939% change)
    iteration    9: trace = 0.3976303892733935 (0.846498% change)
    iteration   10: trace = 0.3964244419764812 (0.303744% change)
    iteration   11: trace = 0.3959121962467761 (0.1293% change)
    iteration   12: trace = 0.3956928837733018 (0.0554096% change)
    iteration   13: trace = 0.3955871255142858 (0.0267309% change)
    iteration   14: trace = 0.3955603632452452 (0.00676543% change)
    iteration   15: trace = 0.3955527768785698 (0.0019179% change)
    iteration   16: trace = 0.3955514275551967 (0.000341124% change)
    iteration   17: trace = 0.3955510632199422 (9.21082e-05% change)
    iteration   18: trace = 0.3955509453119712 (2.98085e-05% change)
    iteration   19: trace = 0.3955508807704821 (1.63169e-05% change)
    iteration   20: trace = 0.3955508522877799 (7.20077e-06% change)
    iteration   21: trace = 0.3955508413490277 (2.76545e-06% change)
    iteration   22: trace = 0.3955508385741452 (7.01524e-07% change)
    iteration   23: trace = 0.3955508378920432 (1.72444e-07% change)
    iteration   24: trace = 0.395550837683626 (5.26904e-08% change)
    iteration   25: trace = 0.3955508376004097 (2.10381e-08% change)
    iteration   26: trace = 0.3955508375554057 (1.13775e-08% change)
    iteration   27: trace = 0.3955508375395905 (3.99828e-09% change)
Finished solving for bands 1 to 6 after 27 iterations.
tefreqs:, 1, -0.09, 0.14, 0, 0.143178, 0.064509, 0.148943, 0.171618, 0.300971, 0.322592, 0.380925
elapsed time for k point: 2.55306077003479
total elapsed time for run: 2.597604274749756
done
Initializing eigensolver data
Computing 6 bands with 1e-10 tolerance
Working in 2 dimensions.
Grid size is 336 x 112 x 1.
Solving for 6 bands at a time.
Creating Maxwell data...
Mesh size is 3.
Lattice vectors:
     (3, 0, 0)
     (0, 1, 0)
     (0, 0, 1)
Cell volume = 3
Reciprocal lattice vectors (/ 2 pi):
     (0.333333, -0, 0)
     (-0, 1, -0)
     (0, -0, 1)
Geometric objects:
     block, center = (0,0,0)
          size (1e+20,1e+20,1)
          axes (1,0,0), (0,1,0), (0,0,1)
     prism, center = (0.0250893,-1.38778e-17,0.5)
          height 1, axis (0,0,1), sidewall angle: 0 radians, 4 vertices:
          (0.275089,0.25,0)
          (-0.224911,0.25,0)
          (-0.224911,-0.25,0)
          (0.275089,-0.25,0)
     prism, center = (1.02509,-1.38778e-17,0.5)
          height 1, axis (0,0,1), sidewall angle: 0 radians, 4 vertices:
          (1.27509,0.25,0)
          (0.775089,0.25,0)
          (0.775089,-0.25,0)
          (1.27509,-0.25,0)
     prism, center = (2.02509,-1.38778e-17,0.5)
          height 1, axis (0,0,1), sidewall angle: 0 radians, 4 vertices:
          (2.27509,0.25,0)
          (1.77509,0.25,0)
          (1.77509,-0.25,0)
          (2.27509,-0.25,0)
Geometric object tree has depth 2 and 21 object nodes (vs. 4 actual objects)
Initializing epsilon function...
Allocating fields...
Solving for band polarization: te.
Initializing fields to random numbers...
1 k-points
  Vector3<-0.09, 0.14, 0.0>
elapsed time for initialization: 0.05089211463928223
solve_kpoint (-0.09,0.14,0):
tefreqs:, k index, k1, k2, k3, kmag/2pi, te band 1, te band 2, te band 3, te band 4, te band 5, te band 6
Solving for bands 1 to 6...
    near maximum in trace
    iteration    1: trace = 2.557126423301207 (199.74% change)
    iteration    2: trace = 0.6665020184450843 (117.298% change)
    iteration    3: trace = 0.4607552881888727 (36.504% change)
    iteration    4: trace = 0.430355028027321 (6.82301% change)
    iteration    5: trace = 0.415646512597485 (3.47718% change)
    iteration    6: trace = 0.4105943628185709 (1.22292% change)
    iteration    7: trace = 0.4050155407225033 (1.36801% change)
    iteration    8: trace = 0.40027850311319 (1.17647% change)
    iteration    9: trace = 0.3970355379936135 (0.813472% change)
    iteration   10: trace = 0.3961068435532713 (0.234181% change)
    iteration   11: trace = 0.3957308995230273 (0.0949548% change)
    iteration   12: trace = 0.3956222974648872 (0.0274472% change)
    iteration   13: trace = 0.3955631839973535 (0.014943% change)
    iteration   14: trace = 0.3955441570366823 (0.00481021% change)
    iteration   15: trace = 0.3955375198265488 (0.00167801% change)
    iteration   16: trace = 0.3955361344988501 (0.00035024% change)
    iteration   17: trace = 0.3955357284180888 (0.000102666% change)
    iteration   18: trace = 0.3955356112463116 (2.96236e-05% change)
    iteration   19: trace = 0.3955355606742079 (1.27857e-05% change)
    iteration   20: trace = 0.3955355347154113 (6.56295e-06% change)
    iteration   21: trace = 0.3955355232816862 (2.89069e-06% change)
    iteration   22: trace = 0.3955355199481057 (8.42802e-07% change)
    iteration   23: trace = 0.3955355192798272 (1.68955e-07% change)
    iteration   24: trace = 0.3955355191079659 (4.34503e-08% change)
    iteration   25: trace = 0.3955355190618159 (1.16677e-08% change)
    iteration   26: trace = 0.3955355190374607 (6.15754e-09% change)
Finished solving for bands 1 to 6 after 26 iterations.
tefreqs:, 1, -0.09, 0.14, 0, 0.143178, 0.0645095, 0.148941, 0.171616, 0.300963, 0.322583, 0.38092
elapsed time for k point: 3.2349934577941895
total elapsed time for run: 3.2859902381896973
done
Initializing eigensolver data
Computing 6 bands with 1e-10 tolerance
Working in 2 dimensions.
Grid size is 336 x 112 x 1.
Solving for 6 bands at a time.
Creating Maxwell data...
Mesh size is 3.
Lattice vectors:
     (3, 0, 0)
     (0, 1, 0)
     (0, 0, 1)
Cell volume = 3
Reciprocal lattice vectors (/ 2 pi):
     (0.333333, -0, 0)
     (-0, 1, -0)
     (0, -0, 1)
Geometric objects:
     block, center = (0,0,0)
          size (1e+20,1e+20,1)
          axes (1,0,0), (0,1,0), (0,0,1)
     prism, center = (0.0150893,-1.38778e-17,0.5)
          height 1, axis (0,0,1), sidewall angle: 0 radians, 4 vertices:
          (0.265089,0.25,0)
          (-0.234911,0.25,0)
          (-0.234911,-0.25,0)
          (0.265089,-0.25,0)
     prism, center = (1.01509,-1.38778e-17,0.5)
          height 1, axis (0,0,1), sidewall angle: 0 radians, 4 vertices:
          (1.26509,0.25,0)
          (0.765089,0.25,0)
          (0.765089,-0.25,0)
          (1.26509,-0.25,0)
     prism, center = (2.01509,-1.38778e-17,0.5)
          height 1, axis (0,0,1), sidewall angle: 0 radians, 4 vertices:
          (2.26509,0.25,0)
          (1.76509,0.25,0)
          (1.76509,-0.25,0)
          (2.26509,-0.25,0)
Geometric object tree has depth 2 and 21 object nodes (vs. 4 actual objects)
Initializing epsilon function...
Allocating fields...
Solving for band polarization: te.
Initializing fields to random numbers...
1 k-points
  Vector3<-0.09, 0.14, 0.0>
elapsed time for initialization: 0.08787202835083008
solve_kpoint (-0.09,0.14,0):
tefreqs:, k index, k1, k2, k3, kmag/2pi, te band 1, te band 2, te band 3, te band 4, te band 5, te band 6
Solving for bands 1 to 6...
    near maximum in trace
    iteration    1: trace = 2.342102825616632 (199.763% change)
    iteration    2: trace = 0.5618619602254882 (122.608% change)
    iteration    3: trace = 0.4579740978528314 (20.3734% change)
    iteration    4: trace = 0.4257364195877035 (7.29598% change)
    iteration    5: trace = 0.4190492043361417 (1.58317% change)
    iteration    6: trace = 0.4153549390013597 (0.885486% change)
    iteration    7: trace = 0.4114009478858597 (0.956508% change)
    large trace change predicted (1.99195%)
    iteration    8: trace = 0.4030583789468946 (2.04862% change)
    iteration    9: trace = 0.3983300336775202 (1.18004% change)
    iteration   10: trace = 0.3961921989197937 (0.538143% change)
    iteration   11: trace = 0.3957561913260618 (0.11011% change)
    iteration   12: trace = 0.395562160972837 (0.0490398% change)
    iteration   13: trace = 0.3954851751105234 (0.0194643% change)
    iteration   14: trace = 0.3954375114236934 (0.0120527% change)
    iteration   15: trace = 0.395423899910599 (0.0034422% change)
    iteration   16: trace = 0.3954199001226845 (0.00101152% change)
    iteration   17: trace = 0.3954192565519573 (0.000162756% change)
    iteration   18: trace = 0.3954190696003819 (4.72793e-05% change)
    iteration   19: trace = 0.3954190190490231 (1.27842e-05% change)
    iteration   20: trace = 0.3954189973630038 (5.48431e-06% change)
    iteration   21: trace = 0.3954189891024992 (2.08905e-06% change)
    iteration   22: trace = 0.3954189856650017 (8.6933e-07% change)
    iteration   23: trace = 0.3954189846956153 (2.45154e-07% change)
    iteration   24: trace = 0.3954189844481636 (6.25796e-08% change)
    iteration   25: trace = 0.395418984368593 (2.01231e-08% change)
    iteration   26: trace = 0.3954189843265761 (1.06259e-08% change)
    iteration   27: trace = 0.3954189843026817 (6.04279e-09% change)
Finished solving for bands 1 to 6 after 27 iterations.
tefreqs:, 1, -0.09, 0.14, 0, 0.143178, 0.0644926, 0.148935, 0.171611, 0.300945, 0.322562, 0.380806
elapsed time for k point: 3.1460189819335938
total elapsed time for run: 3.2339906692504883
done
Initializing eigensolver data
Computing 6 bands with 1e-10 tolerance
Working in 2 dimensions.
Grid size is 336 x 112 x 1.
Solving for 6 bands at a time.
Creating Maxwell data...
Mesh size is 3.
Lattice vectors:
     (3, 0, 0)
     (0, 1, 0)
     (0, 0, 1)
Cell volume = 3
Reciprocal lattice vectors (/ 2 pi):
     (0.333333, -0, 0)
     (-0, 1, -0)
     (0, -0, 1)
Geometric objects:
     block, center = (0,0,0)
          size (1e+20,1e+20,1)
          axes (1,0,0), (0,1,0), (0,0,1)
     prism, center = (0.0075,-1.38778e-17,0.5)
          height 1, axis (0,0,1), sidewall angle: 0 radians, 4 vertices:
          (0.2575,0.25,0)
          (-0.2425,0.25,0)
          (-0.2425,-0.25,0)
          (0.2575,-0.25,0)
     prism, center = (1.0075,-1.38778e-17,0.5)
          height 1, axis (0,0,1), sidewall angle: 0 radians, 4 vertices:
          (1.2575,0.25,0)
          (0.7575,0.25,0)
          (0.7575,-0.25,0)
          (1.2575,-0.25,0)
     prism, center = (2.0075,-1.38778e-17,0.5)
          height 1, axis (0,0,1), sidewall angle: 0 radians, 4 vertices:
          (2.2575,0.25,0)
          (1.7575,0.25,0)
          (1.7575,-0.25,0)
          (2.2575,-0.25,0)
Geometric object tree has depth 2 and 21 object nodes (vs. 4 actual objects)
Initializing epsilon function...
Allocating fields...
Solving for band polarization: te.
Initializing fields to random numbers...
1 k-points
  Vector3<-0.09, 0.14, 0.0>
elapsed time for initialization: 0.047634124755859375
solve_kpoint (-0.09,0.14,0):
tefreqs:, k index, k1, k2, k3, kmag/2pi, te band 1, te band 2, te band 3, te band 4, te band 5, te band 6
Solving for bands 1 to 6...
    near maximum in trace
    iteration    1: trace = 2.483877313102177 (199.748% change)
    iteration    2: trace = 0.654742788510932 (116.557% change)
    iteration    3: trace = 0.4671352541512979 (33.4453% change)
    iteration    4: trace = 0.4307375970642878 (8.10753% change)
    iteration    5: trace = 0.415045902591342 (3.71057% change)
    iteration    6: trace = 0.4085667617035489 (1.57335% change)
    iteration    7: trace = 0.4020601136176049 (1.60534% change)
    iteration    8: trace = 0.3983059279626938 (0.938117% change)
    iteration    9: trace = 0.3963303956248586 (0.497217% change)
    iteration   10: trace = 0.3958281784950408 (0.126797% change)
    iteration   11: trace = 0.3956530830643833 (0.044245% change)
    iteration   12: trace = 0.3955998081157542 (0.013466% change)
    iteration   13: trace = 0.3955610896432935 (0.00978776% change)
    iteration   14: trace = 0.3955480880927891 (0.00328692% change)
    iteration   15: trace = 0.3955438581669692 (0.00106939% change)
    iteration   16: trace = 0.3955429295227829 (0.000234777% change)
    iteration   17: trace = 0.3955425844458799 (8.72414e-05% change)
    iteration   18: trace = 0.3955424490989989 (3.4218e-05% change)
    iteration   19: trace = 0.3955423845500225 (1.63191e-05% change)
    iteration   20: trace = 0.3955423616659958 (5.78548e-06% change)
    iteration   21: trace = 0.3955423552424394 (1.62399e-06% change)
    iteration   22: trace = 0.3955423537517836 (3.76864e-07% change)
    iteration   23: trace = 0.3955423534706537 (7.10745e-08% change)
    iteration   24: trace = 0.3955423533937085 (1.94531e-08% change)
    iteration   25: trace = 0.3955423533774031 (4.1223e-09% change)
Finished solving for bands 1 to 6 after 25 iterations.
tefreqs:, 1, -0.09, 0.14, 0, 0.143178, 0.0645103, 0.148942, 0.171617, 0.300964, 0.322585, 0.380926
elapsed time for k point: 3.1909775733947754
total elapsed time for run: 3.2387213706970215
done
Initializing eigensolver data
Computing 6 bands with 1e-10 tolerance
Working in 2 dimensions.
Grid size is 336 x 112 x 1.
Solving for 6 bands at a time.
Creating Maxwell data...
Mesh size is 3.
Lattice vectors:
     (3, 0, 0)
     (0, 1, 0)
     (0, 0, 1)
Cell volume = 3
Reciprocal lattice vectors (/ 2 pi):
     (0.333333, -0, 0)
     (-0, 1, -0)
     (0, -0, 1)
Geometric objects:
     block, center = (0,0,0)
          size (1e+20,1e+20,1)
          axes (1,0,0), (0,1,0), (0,0,1)
     prism, center = (-0.0075,-1.38778e-17,0.5)
          height 1, axis (0,0,1), sidewall angle: 0 radians, 4 vertices:
          (0.2425,0.25,0)
          (-0.2575,0.25,0)
          (-0.2575,-0.25,0)
          (0.2425,-0.25,0)
     prism, center = (0.9925,-1.38778e-17,0.5)
          height 1, axis (0,0,1), sidewall angle: 0 radians, 4 vertices:
          (1.2425,0.25,0)
          (0.7425,0.25,0)
          (0.7425,-0.25,0)
          (1.2425,-0.25,0)
     prism, center = (1.9925,-1.38778e-17,0.5)
          height 1, axis (0,0,1), sidewall angle: 0 radians, 4 vertices:
          (2.2425,0.25,0)
          (1.7425,0.25,0)
          (1.7425,-0.25,0)
          (2.2425,-0.25,0)
Geometric object tree has depth 2 and 21 object nodes (vs. 4 actual objects)
Initializing epsilon function...
Allocating fields...
Solving for band polarization: te.
Initializing fields to random numbers...
1 k-points
  Vector3<-0.09, 0.14, 0.0>
elapsed time for initialization: 0.08071422576904297
solve_kpoint (-0.09,0.14,0):
tefreqs:, k index, k1, k2, k3, kmag/2pi, te band 1, te band 2, te band 3, te band 4, te band 5, te band 6
Solving for bands 1 to 6...
    near maximum in trace
    iteration    1: trace = 2.048783326854866 (199.792% change)
    iteration    2: trace = 0.5079128482717402 (120.536% change)
    iteration    3: trace = 0.4349404419119206 (15.4791% change)
    iteration    4: trace = 0.4099004873207031 (5.92773% change)
    iteration    5: trace = 0.4029129887192021 (1.71934% change)
    iteration    6: trace = 0.3984274233426171 (1.11952% change)
    iteration    7: trace = 0.3968146100617725 (0.405616% change)
    iteration    8: trace = 0.3959193685416745 (0.225862% change)
    iteration    9: trace = 0.3956819923706411 (0.0599737% change)
    iteration   10: trace = 0.3955824032362008 (0.0251722% change)
    iteration   11: trace = 0.3955605893598821 (0.00551452% change)
    iteration   12: trace = 0.395549743803652 (0.00274186% change)
    iteration   13: trace = 0.3955454135703418 (0.00109474% change)
    iteration   14: trace = 0.3955431969719414 (0.000560392% change)
    iteration   15: trace = 0.395542638930789 (0.000141082% change)
    iteration   16: trace = 0.3955424319092902 (5.23386e-05% change)
    iteration   17: trace = 0.3955423857610647 (1.16671e-05% change)
    iteration   18: trace = 0.3955423674241261 (4.6359e-06% change)
    iteration   19: trace = 0.3955423595622193 (1.98763e-06% change)
    iteration   20: trace = 0.3955423548437565 (1.19291e-06% change)
    iteration   21: trace = 0.3955423536747693 (2.9554e-07% change)
    iteration   22: trace = 0.3955423534328717 (6.11559e-08% change)
    iteration   23: trace = 0.3955423533846011 (1.22037e-08% change)
    iteration   24: trace = 0.395542353373575 (2.7876e-09% change)
Finished solving for bands 1 to 6 after 24 iterations.
tefreqs:, 1, -0.09, 0.14, 0, 0.143178, 0.0645103, 0.148942, 0.171617, 0.300964, 0.322585, 0.380926
elapsed time for k point: 2.7832913398742676
total elapsed time for run: 2.8641116619110107
done
Initializing eigensolver data
Computing 6 bands with 1e-10 tolerance
Working in 2 dimensions.
Grid size is 336 x 112 x 1.
Solving for 6 bands at a time.
Creating Maxwell data...
Mesh size is 3.
Lattice vectors:
     (3, 0, 0)
     (0, 1, 0)
     (0, 0, 1)
Cell volume = 3
Reciprocal lattice vectors (/ 2 pi):
     (0.333333, -0, 0)
     (-0, 1, -0)
     (0, -0, 1)
Geometric objects:
     block, center = (0,0,0)
          size (1e+20,1e+20,1)
          axes (1,0,0), (0,1,0), (0,0,1)
     prism, center = (0.0141964,-1.38778e-17,0.5)
          height 1, axis (0,0,1), sidewall angle: 0 radians, 4 vertices:
          (0.264196,0.25,0)
          (-0.235804,0.25,0)
          (-0.235804,-0.25,0)
          (0.264196,-0.25,0)
     prism, center = (1.0142,-1.38778e-17,0.5)
          height 1, axis (0,0,1), sidewall angle: 0 radians, 4 vertices:
          (1.2642,0.25,0)
          (0.764196,0.25,0)
          (0.764196,-0.25,0)
          (1.2642,-0.25,0)
     prism, center = (2.0142,-1.38778e-17,0.5)
          height 1, axis (0,0,1), sidewall angle: 0 radians, 4 vertices:
          (2.2642,0.25,0)
          (1.7642,0.25,0)
          (1.7642,-0.25,0)
          (2.2642,-0.25,0)
Geometric object tree has depth 2 and 21 object nodes (vs. 4 actual objects)
Initializing epsilon function...
Allocating fields...
Solving for band polarization: te.
Initializing fields to random numbers...
1 k-points
  Vector3<-0.09, 0.14, 0.0>
elapsed time for initialization: 0.05276918411254883
solve_kpoint (-0.09,0.14,0):
tefreqs:, k index, k1, k2, k3, kmag/2pi, te band 1, te band 2, te band 3, te band 4, te band 5, te band 6
Solving for bands 1 to 6...
    near maximum in trace
    iteration    1: trace = 2.618714253004115 (199.735% change)
    iteration    2: trace = 0.596999209927956 (125.74% change)
    iteration    3: trace = 0.4236003840016564 (33.9798% change)
    iteration    4: trace = 0.4081188262392874 (3.72278% change)
    iteration    5: trace = 0.4010078450196455 (1.75769% change)
    iteration    6: trace = 0.398791403461359 (0.554249% change)
    iteration    7: trace = 0.3969183260148504 (0.470794% change)
    iteration    8: trace = 0.3961600069405588 (0.191234% change)
    iteration    9: trace = 0.395710032272053 (0.113649% change)
    iteration   10: trace = 0.395637035717364 (0.0184487% change)
    iteration   11: trace = 0.3956107141748401 (0.00665317% change)
    iteration   12: trace = 0.3956051884007802 (0.00139678% change)
    iteration   13: trace = 0.3956021120442311 (0.000777636% change)
    iteration   14: trace = 0.3956009796413985 (0.000286248% change)
    iteration   15: trace = 0.3956003244150587 (0.000165628% change)
    iteration   16: trace = 0.3956001825794043 (3.58533e-05% change)
    iteration   17: trace = 0.395600141886942 (1.02863e-05% change)
    iteration   18: trace = 0.395600133604062 (2.09375e-06% change)
    iteration   19: trace = 0.3956001312268179 (6.00921e-07% change)
    iteration   20: trace = 0.3956001303489607 (2.21905e-07% change)
    iteration   21: trace = 0.3956001299354454 (1.04529e-07% change)
    iteration   22: trace = 0.3956001297499205 (4.68971e-08% change)
    iteration   23: trace = 0.3956001296958648 (1.36642e-08% change)
    iteration   24: trace = 0.3956001296802698 (3.94213e-09% change)
Finished solving for bands 1 to 6 after 24 iterations.
tefreqs:, 1, -0.09, 0.14, 0, 0.143178, 0.0645175, 0.148949, 0.171623, 0.300984, 0.322603, 0.380965
elapsed time for k point: 2.8187201023101807
total elapsed time for run: 2.8716821670532227
done
Initializing eigensolver data
Computing 6 bands with 1e-10 tolerance
Working in 2 dimensions.
Grid size is 336 x 112 x 1.
Solving for 6 bands at a time.
Creating Maxwell data...
Mesh size is 3.
Lattice vectors:
     (3, 0, 0)
     (0, 1, 0)
     (0, 0, 1)
Cell volume = 3
Reciprocal lattice vectors (/ 2 pi):
     (0.333333, -0, 0)
     (-0, 1, -0)
     (0, -0, 1)
Geometric objects:
     block, center = (0,0,0)
          size (1e+20,1e+20,1)
          axes (1,0,0), (0,1,0), (0,0,1)
     prism, center = (-0.000803571,-1.38778e-17,0.5)
          height 1, axis (0,0,1), sidewall angle: 0 radians, 4 vertices:
          (0.249196,0.25,0)
          (-0.250804,0.25,0)
          (-0.250804,-0.25,0)
          (0.249196,-0.25,0)
     prism, center = (0.999196,-1.38778e-17,0.5)
          height 1, axis (0,0,1), sidewall angle: 0 radians, 4 vertices:
          (1.2492,0.25,0)
          (0.749196,0.25,0)
          (0.749196,-0.25,0)
          (1.2492,-0.25,0)
     prism, center = (1.9992,-1.38778e-17,0.5)
          height 1, axis (0,0,1), sidewall angle: 0 radians, 4 vertices:
          (2.2492,0.25,0)
          (1.7492,0.25,0)
          (1.7492,-0.25,0)
          (2.2492,-0.25,0)
Geometric object tree has depth 2 and 21 object nodes (vs. 4 actual objects)
Initializing epsilon function...
Allocating fields...
Solving for band polarization: te.
Initializing fields to random numbers...
1 k-points
  Vector3<-0.09, 0.14, 0.0>
elapsed time for initialization: 0.04767131805419922
solve_kpoint (-0.09,0.14,0):
tefreqs:, k index, k1, k2, k3, kmag/2pi, te band 1, te band 2, te band 3, te band 4, te band 5, te band 6
Solving for bands 1 to 6...
    near maximum in trace
    iteration    1: trace = 2.097041648788093 (199.788% change)
    iteration    2: trace = 0.5985328963949093 (111.183% change)
    iteration    3: trace = 0.4288322649831652 (33.0361% change)
    iteration    4: trace = 0.4077871727833557 (5.03098% change)
    iteration    5: trace = 0.3990993619612181 (2.15342% change)
    iteration    6: trace = 0.3972460217600049 (0.465461% change)
    iteration    7: trace = 0.3962383225843331 (0.253993% change)
    iteration    8: trace = 0.3958654916034494 (0.0941369% change)
    iteration    9: trace = 0.3956419699367494 (0.05648% change)
    iteration   10: trace = 0.3955929763353376 (0.0123841% change)
    iteration   11: trace = 0.3955743962602609 (0.00469688% change)
    iteration   12: trace = 0.3955697949735668 (0.0011632% change)
    iteration   13: trace = 0.3955672403086609 (0.000645821% change)
    iteration   14: trace = 0.3955662768832861 (0.000243556% change)
    iteration   15: trace = 0.3955658549451969 (0.000106667% change)
    iteration   16: trace = 0.3955657510247859 (2.62713e-05% change)
    iteration   17: trace = 0.3955657164462082 (8.74155e-06% change)
    iteration   18: trace = 0.3955657083868556 (2.03742e-06% change)
    iteration   19: trace = 0.3955657051522198 (8.17724e-07% change)
    iteration   20: trace = 0.3955657036630159 (3.76474e-07% change)
    iteration   21: trace = 0.3955657029173222 (1.88513e-07% change)
    iteration   22: trace = 0.3955657027344118 (4.62402e-08% change)
    iteration   23: trace = 0.3955657026988015 (9.00239e-09% change)
Finished solving for bands 1 to 6 after 23 iterations.
tefreqs:, 1, -0.09, 0.14, 0, 0.143178, 0.0645131, 0.148944, 0.171619, 0.30097, 0.322591, 0.380945
elapsed time for k point: 2.4939327239990234
total elapsed time for run: 2.54168963432312
done
Initializing eigensolver data
Computing 6 bands with 1e-10 tolerance
Working in 2 dimensions.
Grid size is 336 x 112 x 1.
Solving for 6 bands at a time.
Creating Maxwell data...
Mesh size is 3.
Lattice vectors:
     (3, 0, 0)
     (0, 1, 0)
     (0, 0, 1)
Cell volume = 3
Reciprocal lattice vectors (/ 2 pi):
     (0.333333, -0, 0)
     (-0, 1, -0)
     (0, -0, 1)
Geometric objects:
     block, center = (0,0,0)
          size (1e+20,1e+20,1)
          axes (1,0,0), (0,1,0), (0,0,1)
     prism, center = (0.0208929,-1.38778e-17,0.5)
          height 1, axis (0,0,1), sidewall angle: 0 radians, 4 vertices:
          (0.270893,0.25,0)
          (-0.229107,0.25,0)
          (-0.229107,-0.25,0)
          (0.270893,-0.25,0)
     prism, center = (1.02089,-1.38778e-17,0.5)
          height 1, axis (0,0,1), sidewall angle: 0 radians, 4 vertices:
          (1.27089,0.25,0)
          (0.770893,0.25,0)
          (0.770893,-0.25,0)
          (1.27089,-0.25,0)
     prism, center = (2.02089,-1.38778e-17,0.5)
          height 1, axis (0,0,1), sidewall angle: 0 radians, 4 vertices:
          (2.27089,0.25,0)
          (1.77089,0.25,0)
          (1.77089,-0.25,0)
          (2.27089,-0.25,0)
Geometric object tree has depth 2 and 21 object nodes (vs. 4 actual objects)
Initializing epsilon function...
Allocating fields...
Solving for band polarization: te.
Initializing fields to random numbers...
1 k-points
  Vector3<-0.09, 0.14, 0.0>
elapsed time for initialization: 0.04386019706726074
solve_kpoint (-0.09,0.14,0):
tefreqs:, k index, k1, k2, k3, kmag/2pi, te band 1, te band 2, te band 3, te band 4, te band 5, te band 6
Solving for bands 1 to 6...
    near maximum in trace
    iteration    1: trace = 2.432793104793557 (199.753% change)
    iteration    2: trace = 0.6103682487402829 (119.772% change)
    iteration    3: trace = 0.4454815900283715 (31.233% change)
    iteration    4: trace = 0.4286056759822225 (3.86138% change)
    iteration    5: trace = 0.4199507624887029 (2.03991% change)
    iteration    6: trace = 0.4157256201838855 (1.01119% change)
    iteration    7: trace = 0.4090501948359252 (1.61872% change)
    iteration    8: trace = 0.4028950090307554 (1.51616% change)
    iteration    9: trace = 0.3985752883485376 (1.07795% change)
    iteration   10: trace = 0.3967558077272668 (0.45754% change)
    iteration   11: trace = 0.3959334338135853 (0.20749% change)
    iteration   12: trace = 0.3956582194480606 (0.0695344% change)
    iteration   13: trace = 0.3955088573665463 (0.0377574% change)
    iteration   14: trace = 0.395459262261101 (0.0125404% change)
    iteration   15: trace = 0.3954423572116905 (0.00427488% change)
    iteration   16: trace = 0.3954387847412496 (0.000903415% change)
    iteration   17: trace = 0.3954376663154554 (0.000282832% change)
    iteration   18: trace = 0.3954373221792959 (8.70267e-05% change)
    iteration   19: trace = 0.3954371195899714 (5.12317e-05% change)
    iteration   20: trace = 0.3954370394480214 (2.02667e-05% change)
    iteration   21: trace = 0.3954370109236116 (7.21339e-06% change)
    iteration   22: trace = 0.3954370050368474 (1.48867e-06% change)
    iteration   23: trace = 0.3954370035626421 (3.72804e-07% change)
    iteration   24: trace = 0.3954370031272976 (1.10092e-07% change)
    iteration   25: trace = 0.3954370029265256 (5.07722e-08% change)
    iteration   26: trace = 0.3954370028184109 (2.73406e-08% change)
    iteration   27: trace = 0.3954370027778606 (1.02546e-08% change)
    iteration   28: trace = 0.395437002767421 (2.64001e-09% change)
Finished solving for bands 1 to 6 after 28 iterations.
tefreqs:, 1, -0.09, 0.14, 0, 0.143178, 0.0644957, 0.148937, 0.17161, 0.300948, 0.322563, 0.380826
elapsed time for k point: 3.0497262477874756
total elapsed time for run: 3.09367299079895
done
Initializing eigensolver data
Computing 6 bands with 1e-10 tolerance
Working in 2 dimensions.
Grid size is 336 x 112 x 1.
Solving for 6 bands at a time.
Creating Maxwell data...
Mesh size is 3.
Lattice vectors:
     (3, 0, 0)
     (0, 1, 0)
     (0, 0, 1)
Cell volume = 3
Reciprocal lattice vectors (/ 2 pi):
     (0.333333, -0, 0)
     (-0, 1, -0)
     (0, -0, 1)
Geometric objects:
     block, center = (0,0,0)
          size (1e+20,1e+20,1)
          axes (1,0,0), (0,1,0), (0,0,1)
     prism, center = (0.00589286,-1.38778e-17,0.5)
          height 1, axis (0,0,1), sidewall angle: 0 radians, 4 vertices:
          (0.255893,0.25,0)
          (-0.244107,0.25,0)
          (-0.244107,-0.25,0)
          (0.255893,-0.25,0)
     prism, center = (1.00589,-1.38778e-17,0.5)
          height 1, axis (0,0,1), sidewall angle: 0 radians, 4 vertices:
          (1.25589,0.25,0)
          (0.755893,0.25,0)
          (0.755893,-0.25,0)
          (1.25589,-0.25,0)
     prism, center = (2.00589,-1.38778e-17,0.5)
          height 1, axis (0,0,1), sidewall angle: 0 radians, 4 vertices:
          (2.25589,0.25,0)
          (1.75589,0.25,0)
          (1.75589,-0.25,0)
          (2.25589,-0.25,0)
Geometric object tree has depth 2 and 21 object nodes (vs. 4 actual objects)
Initializing epsilon function...
Allocating fields...
Solving for band polarization: te.
Initializing fields to random numbers...
1 k-points
  Vector3<-0.09, 0.14, 0.0>
elapsed time for initialization: 0.07992243766784668
solve_kpoint (-0.09,0.14,0):
tefreqs:, k index, k1, k2, k3, kmag/2pi, te band 1, te band 2, te band 3, te band 4, te band 5, te band 6
Solving for bands 1 to 6...
    near maximum in trace
    iteration    1: trace = 2.569032297491629 (199.74% change)
    iteration    2: trace = 0.6290405090863136 (121.323% change)
    iteration    3: trace = 0.4383632785223484 (35.7273% change)
    iteration    4: trace = 0.4133965242909744 (5.86239% change)
    iteration    5: trace = 0.4022931926460899 (2.72244% change)
    iteration    6: trace = 0.399418823582067 (0.717058% change)
    iteration    7: trace = 0.3972023256156612 (0.556475% change)
    iteration    8: trace = 0.3961350614930214 (0.269057% change)
    iteration    9: trace = 0.3955971501417434 (0.135882% change)
    iteration   10: trace = 0.3954947709826532 (0.025883% change)
    iteration   11: trace = 0.3954572059304367 (0.00949869% change)
    iteration   12: trace = 0.3954466605033075 (0.00266668% change)
    iteration   13: trace = 0.395439837717482 (0.00172535% change)
    iteration   14: trace = 0.3954377937070798 (0.000516897% change)
    iteration   15: trace = 0.3954371536897431 (0.00016185% change)
    iteration   16: trace = 0.3954370497824574 (2.62766e-05% change)
    iteration   17: trace = 0.3954370179961693 (8.03827e-06% change)
    iteration   18: trace = 0.3954370100492193 (2.00966e-06% change)
    iteration   19: trace = 0.3954370059894255 (1.02666e-06% change)
    iteration   20: trace = 0.3954370039981334 (5.03567e-07% change)
    iteration   21: trace = 0.3954370030560967 (2.38227e-07% change)
    iteration   22: trace = 0.395437002830086 (5.71547e-08% change)
    iteration   23: trace = 0.3954370027822554 (1.20956e-08% change)
    iteration   24: trace = 0.3954370027700373 (3.08975e-09% change)
Finished solving for bands 1 to 6 after 24 iterations.
tefreqs:, 1, -0.09, 0.14, 0, 0.143178, 0.0644957, 0.148937, 0.17161, 0.300948, 0.322563, 0.380826
elapsed time for k point: 3.006060838699341
total elapsed time for run: 3.086069107055664
done
Initializing eigensolver data
Computing 6 bands with 1e-10 tolerance
Working in 2 dimensions.
Grid size is 336 x 112 x 1.
Solving for 6 bands at a time.
Creating Maxwell data...
Mesh size is 3.
Lattice vectors:
     (3, 0, 0)
     (0, 1, 0)
     (0, 0, 1)
Cell volume = 3
Reciprocal lattice vectors (/ 2 pi):
     (0.333333, -0, 0)
     (-0, 1, -0)
     (0, -0, 1)
Geometric objects:
     block, center = (0,0,0)
          size (1e+20,1e+20,1)
          axes (1,0,0), (0,1,0), (0,0,1)
     prism, center = (0.0275893,-1.38778e-17,0.5)
          height 1, axis (0,0,1), sidewall angle: 0 radians, 4 vertices:
          (0.277589,0.25,0)
          (-0.222411,0.25,0)
          (-0.222411,-0.25,0)
          (0.277589,-0.25,0)
     prism, center = (1.02759,-1.38778e-17,0.5)
          height 1, axis (0,0,1), sidewall angle: 0 radians, 4 vertices:
          (1.27759,0.25,0)
          (0.777589,0.25,0)
          (0.777589,-0.25,0)
          (1.27759,-0.25,0)
     prism, center = (2.02759,-1.38778e-17,0.5)
          height 1, axis (0,0,1), sidewall angle: 0 radians, 4 vertices:
          (2.27759,0.25,0)
          (1.77759,0.25,0)
          (1.77759,-0.25,0)
          (2.27759,-0.25,0)
Geometric object tree has depth 2 and 21 object nodes (vs. 4 actual objects)
Initializing epsilon function...
Allocating fields...
Solving for band polarization: te.
Initializing fields to random numbers...
1 k-points
  Vector3<-0.09, 0.14, 0.0>
elapsed time for initialization: 0.06454873085021973
solve_kpoint (-0.09,0.14,0):
tefreqs:, k index, k1, k2, k3, kmag/2pi, te band 1, te band 2, te band 3, te band 4, te band 5, te band 6
Solving for bands 1 to 6...
    near maximum in trace
    iteration    1: trace = 2.295819328228732 (199.767% change)
    iteration    2: trace = 0.6175456156093656 (115.212% change)
    iteration    3: trace = 0.4448528175505836 (32.51% change)
    iteration    4: trace = 0.4221501920048915 (5.23704% change)
    iteration    5: trace = 0.4119358795080514 (2.44922% change)
    iteration    6: trace = 0.4071052076697982 (1.17959% change)
    iteration    7: trace = 0.4007868857063982 (1.56415% change)
    iteration    8: trace = 0.3975992750325458 (0.798514% change)
    iteration    9: trace = 0.3960771498331038 (0.383563% change)
    iteration   10: trace = 0.3957811082250473 (0.0747714% change)
    iteration   11: trace = 0.395658573456142 (0.030965% change)
    iteration   12: trace = 0.395608824436241 (0.0125745% change)
    iteration   13: trace = 0.3955771697044483 (0.00800184% change)
    iteration   14: trace = 0.395569081080436 (0.00204479% change)
    iteration   15: trace = 0.3955665042832529 (0.000651417% change)
    iteration   16: trace = 0.3955659977840237 (0.000128044% change)
    iteration   17: trace = 0.3955658085715323 (4.78334e-05% change)
    iteration   18: trace = 0.3955657493298789 (1.49764e-05% change)
    iteration   19: trace = 0.3955657175420403 (8.03604e-06% change)
    iteration   20: trace = 0.3955657069938731 (2.6666e-06% change)
    iteration   21: trace = 0.3955657036741912 (8.39224e-07% change)
    iteration   22: trace = 0.3955657029464769 (1.83968e-07% change)
    iteration   23: trace = 0.3955657027825794 (4.14337e-08% change)
    iteration   24: trace = 0.395565702732697 (1.26104e-08% change)
    iteration   25: trace = 0.3955657027100381 (5.72822e-09% change)
Finished solving for bands 1 to 6 after 25 iterations.
tefreqs:, 1, -0.09, 0.14, 0, 0.143178, 0.0645131, 0.148944, 0.171619, 0.30097, 0.322591, 0.380945
elapsed time for k point: 2.9414193630218506
total elapsed time for run: 3.0060465335845947
done
Initializing eigensolver data
Computing 6 bands with 1e-10 tolerance
Working in 2 dimensions.
Grid size is 336 x 112 x 1.
Solving for 6 bands at a time.
Creating Maxwell data...
Mesh size is 3.
Lattice vectors:
     (3, 0, 0)
     (0, 1, 0)
     (0, 0, 1)
Cell volume = 3
Reciprocal lattice vectors (/ 2 pi):
     (0.333333, -0, 0)
     (-0, 1, -0)
     (0, -0, 1)
Geometric objects:
     block, center = (0,0,0)
          size (1e+20,1e+20,1)
          axes (1,0,0), (0,1,0), (0,0,1)
     prism, center = (0.0125893,-1.38778e-17,0.5)
          height 1, axis (0,0,1), sidewall angle: 0 radians, 4 vertices:
          (0.262589,0.25,0)
          (-0.237411,0.25,0)
          (-0.237411,-0.25,0)
          (0.262589,-0.25,0)
     prism, center = (1.01259,-1.38778e-17,0.5)
          height 1, axis (0,0,1), sidewall angle: 0 radians, 4 vertices:
          (1.26259,0.25,0)
          (0.762589,0.25,0)
          (0.762589,-0.25,0)
          (1.26259,-0.25,0)
     prism, center = (2.01259,-1.38778e-17,0.5)
          height 1, axis (0,0,1), sidewall angle: 0 radians, 4 vertices:
          (2.26259,0.25,0)
          (1.76259,0.25,0)
          (1.76259,-0.25,0)
          (2.26259,-0.25,0)
Geometric object tree has depth 2 and 21 object nodes (vs. 4 actual objects)
Initializing epsilon function...
Allocating fields...
Solving for band polarization: te.
Initializing fields to random numbers...
1 k-points
  Vector3<-0.09, 0.14, 0.0>
elapsed time for initialization: 0.04452872276306152
solve_kpoint (-0.09,0.14,0):
tefreqs:, k index, k1, k2, k3, kmag/2pi, te band 1, te band 2, te band 3, te band 4, te band 5, te band 6
Solving for bands 1 to 6...
    near maximum in trace
    iteration    1: trace = 2.051172419654916 (199.791% change)
    iteration    2: trace = 0.6033323707170427 (109.086% change)
    iteration    3: trace = 0.4370869099877164 (31.9574% change)
    iteration    4: trace = 0.4139559275205284 (5.43591% change)
    iteration    5: trace = 0.4033906828748595 (2.58525% change)
    iteration    6: trace = 0.4001989556888267 (0.794367% change)
    iteration    7: trace = 0.3975647865187052 (0.660388% change)
    iteration    8: trace = 0.3964026419894366 (0.292744% change)
    iteration    9: trace = 0.395780445918159 (0.157084% change)
    iteration   10: trace = 0.3956679906972775 (0.0284176% change)
    iteration   11: trace = 0.3956249391944417 (0.0108813% change)
    iteration   12: trace = 0.3956126774995422 (0.00309937% change)
    iteration   13: trace = 0.3956041224920486 (0.00216249% change)
    iteration   14: trace = 0.3956013944464826 (0.000689592% change)
    iteration   15: trace = 0.3956004181191258 (0.000246796% change)
    iteration   16: trace = 0.3956002322948208 (4.69727e-05% change)
    iteration   17: trace = 0.3956001660546537 (1.67442e-05% change)
    iteration   18: trace = 0.3956001464442391 (4.95713e-06% change)
    iteration   19: trace = 0.3956001356590257 (2.72629e-06% change)
    iteration   20: trace = 0.3956001313348821 (1.09306e-06% change)
    iteration   21: trace = 0.3956001300128957 (3.34172e-07% change)
    iteration   22: trace = 0.3956001297503312 (6.63712e-08% change)
    iteration   23: trace = 0.3956001296986815 (1.3056e-08% change)
    iteration   24: trace = 0.3956001296833339 (3.87956e-09% change)
Finished solving for bands 1 to 6 after 24 iterations.
tefreqs:, 1, -0.09, 0.14, 0, 0.143178, 0.0645175, 0.148949, 0.171623, 0.300984, 0.322603, 0.380965
elapsed time for k point: 2.6055080890655518
total elapsed time for run: 2.6501247882843018
done
Initializing eigensolver data
Computing 6 bands with 1e-10 tolerance
Working in 2 dimensions.
Grid size is 336 x 112 x 1.
Solving for 6 bands at a time.
Creating Maxwell data...
Mesh size is 3.
Lattice vectors:
     (3, 0, 0)
     (0, 1, 0)
     (0, 0, 1)
Cell volume = 3
Reciprocal lattice vectors (/ 2 pi):
     (0.333333, -0, 0)
     (-0, 1, -0)
     (0, -0, 1)
Geometric objects:
     block, center = (0,0,0)
          size (1e+20,1e+20,1)
          axes (1,0,0), (0,1,0), (0,0,1)
     prism, center = (0.015,-1.38778e-17,0.5)
          height 1, axis (0,0,1), sidewall angle: 0 radians, 4 vertices:
          (0.265,0.25,0)
          (-0.235,0.25,0)
          (-0.235,-0.25,0)
          (0.265,-0.25,0)
     prism, center = (1.015,-1.38778e-17,0.5)
          height 1, axis (0,0,1), sidewall angle: 0 radians, 4 vertices:
          (1.265,0.25,0)
          (0.765,0.25,0)
          (0.765,-0.25,0)
          (1.265,-0.25,0)
     prism, center = (2.015,-1.38778e-17,0.5)
          height 1, axis (0,0,1), sidewall angle: 0 radians, 4 vertices:
          (2.265,0.25,0)
          (1.765,0.25,0)
          (1.765,-0.25,0)
          (2.265,-0.25,0)
Geometric object tree has depth 2 and 21 object nodes (vs. 4 actual objects)
Initializing epsilon function...
Allocating fields...
Solving for band polarization: te.
Initializing fields to random numbers...
1 k-points
  Vector3<-0.09, 0.14, 0.0>
elapsed time for initialization: 0.0442500114440918
solve_kpoint (-0.09,0.14,0):
tefreqs:, k index, k1, k2, k3, kmag/2pi, te band 1, te band 2, te band 3, te band 4, te band 5, te band 6
Solving for bands 1 to 6...
    near maximum in trace
    iteration    1: trace = 2.409487754169779 (199.756% change)
    iteration    2: trace = 0.5981731601340109 (120.447% change)
    iteration    3: trace = 0.4452278234376593 (29.3167% change)
    iteration    4: trace = 0.422640369794081 (5.20527% change)
    iteration    5: trace = 0.4096240696837635 (3.12792% change)
    iteration    6: trace = 0.4037350199404241 (1.44808% change)
    iteration    7: trace = 0.3984490492627054 (1.31789% change)
    iteration    8: trace = 0.3965687414207046 (0.473023% change)
    iteration    9: trace = 0.3957664117672972 (0.202523% change)
    iteration   10: trace = 0.395629990888434 (0.034476% change)
    iteration   11: trace = 0.3955730231825378 (0.0144003% change)
    iteration   12: trace = 0.3955555361568132 (0.00442078% change)
    iteration   13: trace = 0.3955444081992334 (0.00281329% change)
    iteration   14: trace = 0.3955411458323967 (0.000824782% change)
    iteration   15: trace = 0.3955399165441287 (0.000310787% change)
    iteration   16: trace = 0.3955396711203186 (6.20478e-05% change)
    iteration   17: trace = 0.3955395713514857 (2.52235e-05% change)
    iteration   18: trace = 0.3955395342570218 (9.37819e-06% change)
    iteration   19: trace = 0.3955395120183639 (5.62236e-06% change)
    iteration   20: trace = 0.3955395038127889 (2.07453e-06% change)
    iteration   21: trace = 0.3955395011309147 (6.78029e-07% change)
    iteration   22: trace = 0.3955395005665179 (1.4269e-07% change)
    iteration   23: trace = 0.3955395004282544 (3.49557e-08% change)
    iteration   24: trace = 0.3955395003814517 (1.18326e-08% change)
    iteration   25: trace = 0.3955395003630976 (4.64027e-09% change)
Finished solving for bands 1 to 6 after 25 iterations.
tefreqs:, 1, -0.09, 0.14, 0, 0.143178, 0.0645099, 0.148942, 0.171617, 0.300966, 0.322585, 0.38092
elapsed time for k point: 3.439546585083008
total elapsed time for run: 3.4838719367980957
done
Initializing eigensolver data
Computing 6 bands with 1e-10 tolerance
Working in 2 dimensions.
Grid size is 336 x 112 x 1.
Solving for 6 bands at a time.
Creating Maxwell data...
Mesh size is 3.
Lattice vectors:
     (3, 0, 0)
     (0, 1, 0)
     (0, 0, 1)
Cell volume = 3
Reciprocal lattice vectors (/ 2 pi):
     (0.333333, -0, 0)
     (-0, 1, -0)
     (0, -0, 1)
Geometric objects:
     block, center = (0,0,0)
          size (1e+20,1e+20,1)
          axes (1,0,0), (0,1,0), (0,0,1)
     prism, center = (-0.015,-1.38778e-17,0.5)
          height 1, axis (0,0,1), sidewall angle: 0 radians, 4 vertices:
          (0.235,0.25,0)
          (-0.265,0.25,0)
          (-0.265,-0.25,0)
          (0.235,-0.25,0)
     prism, center = (0.985,-1.38778e-17,0.5)
          height 1, axis (0,0,1), sidewall angle: 0 radians, 4 vertices:
          (1.235,0.25,0)
          (0.735,0.25,0)
          (0.735,-0.25,0)
          (1.235,-0.25,0)
     prism, center = (1.985,-1.38778e-17,0.5)
          height 1, axis (0,0,1), sidewall angle: 0 radians, 4 vertices:
          (2.235,0.25,0)
          (1.735,0.25,0)
          (1.735,-0.25,0)
          (2.235,-0.25,0)
Geometric object tree has depth 2 and 21 object nodes (vs. 4 actual objects)
Initializing epsilon function...
Allocating fields...
Solving for band polarization: te.
Initializing fields to random numbers...
1 k-points
  Vector3<-0.09, 0.14, 0.0>
elapsed time for initialization: 0.04789590835571289
solve_kpoint (-0.09,0.14,0):
tefreqs:, k index, k1, k2, k3, kmag/2pi, te band 1, te band 2, te band 3, te band 4, te band 5, te band 6
Solving for bands 1 to 6...
    near maximum in trace
    iteration    1: trace = 2.237056739470127 (199.773% change)
    iteration    2: trace = 0.5238164554365402 (124.109% change)
    iteration    3: trace = 0.4391485077779099 (17.5848% change)
    iteration    4: trace = 0.4123042014858682 (6.30553% change)
    iteration    5: trace = 0.4038983166089328 (2.05975% change)
    iteration    6: trace = 0.3993436574681544 (1.13407% change)
    iteration    7: trace = 0.3973654630801938 (0.496591% change)
    iteration    8: trace = 0.3960512713776096 (0.331274% change)
    iteration    9: trace = 0.3956852060129047 (0.0924715% change)
    iteration   10: trace = 0.3955781412957894 (0.0270617% change)
    iteration   11: trace = 0.3955548257224896 (0.00589422% change)
    iteration   12: trace = 0.3955457074606495 (0.00230521% change)
    iteration   13: trace = 0.3955419459647669 (0.000950968% change)
    iteration   14: trace = 0.395540358720796 (0.000401284% change)
    iteration   15: trace = 0.3955397643204674 (0.000150276% change)
    iteration   16: trace = 0.3955395862074629 (4.50304e-05% change)
    iteration   17: trace = 0.3955395330152487 (1.3448e-05% change)
    iteration   18: trace = 0.3955395155550805 (4.41427e-06% change)
    iteration   19: trace = 0.3955395068585262 (2.19866e-06% change)
    iteration   20: trace = 0.3955395025377969 (1.09236e-06% change)
    iteration   21: trace = 0.3955395007959096 (4.40383e-07% change)
    iteration   22: trace = 0.3955395004562363 (8.58759e-08% change)
    iteration   23: trace = 0.395539500374569 (2.06471e-08% change)
    iteration   24: trace = 0.395539500360133 (3.6497e-09% change)
Finished solving for bands 1 to 6 after 24 iterations.
tefreqs:, 1, -0.09, 0.14, 0, 0.143178, 0.0645099, 0.148942, 0.171617, 0.300966, 0.322585, 0.38092
elapsed time for k point: 2.841953754425049
total elapsed time for run: 2.88995099067688
done
Initializing eigensolver data
Computing 6 bands with 1e-10 tolerance
Working in 2 dimensions.
Grid size is 336 x 112 x 1.
Solving for 6 bands at a time.
Creating Maxwell data...
Mesh size is 3.
Lattice vectors:
     (3, 0, 0)
     (0, 1, 0)
     (0, 0, 1)
Cell volume = 3
Reciprocal lattice vectors (/ 2 pi):
     (0.333333, -0, 0)
     (-0, 1, -0)
     (0, -0, 1)
Geometric objects:
     block, center = (0,0,0)
          size (1e+20,1e+20,1)
          axes (1,0,0), (0,1,0), (0,0,1)
     prism, center = (0.0216964,-1.38778e-17,0.5)
          height 1, axis (0,0,1), sidewall angle: 0 radians, 4 vertices:
          (0.271696,0.25,0)
          (-0.228304,0.25,0)
          (-0.228304,-0.25,0)
          (0.271696,-0.25,0)
     prism, center = (1.0217,-1.38778e-17,0.5)
          height 1, axis (0,0,1), sidewall angle: 0 radians, 4 vertices:
          (1.2717,0.25,0)
          (0.771696,0.25,0)
          (0.771696,-0.25,0)
          (1.2717,-0.25,0)
     prism, center = (2.0217,-1.38778e-17,0.5)
          height 1, axis (0,0,1), sidewall angle: 0 radians, 4 vertices:
          (2.2717,0.25,0)
          (1.7717,0.25,0)
          (1.7717,-0.25,0)
          (2.2717,-0.25,0)
Geometric object tree has depth 2 and 21 object nodes (vs. 4 actual objects)
Initializing epsilon function...
Allocating fields...
Solving for band polarization: te.
Initializing fields to random numbers...
1 k-points
  Vector3<-0.09, 0.14, 0.0>
elapsed time for initialization: 0.07497859001159668
solve_kpoint (-0.09,0.14,0):
tefreqs:, k index, k1, k2, k3, kmag/2pi, te band 1, te band 2, te band 3, te band 4, te band 5, te band 6
Solving for bands 1 to 6...
    near maximum in trace
    iteration    1: trace = 2.248055627356554 (199.773% change)
    iteration    2: trace = 0.4946079057768241 (127.865% change)
    iteration    3: trace = 0.4235200600372281 (15.4854% change)
    iteration    4: trace = 0.4034168812653249 (4.86208% change)
    iteration    5: trace = 0.3983853784406493 (1.25505% change)
    iteration    6: trace = 0.3966684419593416 (0.431904% change)
    iteration    7: trace = 0.3960665400822875 (0.151855% change)
    iteration    8: trace = 0.3957238020825828 (0.0865729% change)
    iteration    9: trace = 0.395622385250325 (0.0256315% change)
    iteration   10: trace = 0.3955947797398042 (0.00697799% change)
    iteration   11: trace = 0.3955883177734293 (0.00163349% change)
    iteration   12: trace = 0.3955866477431582 (0.000422165% change)
    iteration   13: trace = 0.3955858844644988 (0.000192949% change)
    iteration   14: trace = 0.3955854422538452 (0.000111786% change)
    iteration   15: trace = 0.3955852758993828 (4.20527e-05% change)
    iteration   16: trace = 0.3955852358772817 (1.01172e-05% change)
    iteration   17: trace = 0.3955852239456129 (3.01621e-06% change)
    iteration   18: trace = 0.3955852209357463 (7.60864e-07% change)
    iteration   19: trace = 0.3955852194489463 (3.75848e-07% change)
    iteration   20: trace = 0.3955852187007112 (1.89146e-07% change)
    iteration   21: trace = 0.3955852183168825 (9.70281e-08% change)
    iteration   22: trace = 0.3955852182369161 (2.02147e-08% change)
    iteration   23: trace = 0.395585218216064 (5.27119e-09% change)
Finished solving for bands 1 to 6 after 23 iterations.
tefreqs:, 1, -0.09, 0.14, 0, 0.143178, 0.0645145, 0.148949, 0.171624, 0.300985, 0.322603, 0.380943
elapsed time for k point: 4.274062156677246
total elapsed time for run: 4.349118947982788
done
Initializing eigensolver data
Computing 6 bands with 1e-10 tolerance
Working in 2 dimensions.
Grid size is 336 x 112 x 1.
Solving for 6 bands at a time.
Creating Maxwell data...
Mesh size is 3.
Lattice vectors:
     (3, 0, 0)
     (0, 1, 0)
     (0, 0, 1)
Cell volume = 3
Reciprocal lattice vectors (/ 2 pi):
     (0.333333, -0, 0)
     (-0, 1, -0)
     (0, -0, 1)
Geometric objects:
     block, center = (0,0,0)
          size (1e+20,1e+20,1)
          axes (1,0,0), (0,1,0), (0,0,1)
     prism, center = (-0.00830357,-1.38778e-17,0.5)
          height 1, axis (0,0,1), sidewall angle: 0 radians, 4 vertices:
          (0.241696,0.25,0)
          (-0.258304,0.25,0)
          (-0.258304,-0.25,0)
          (0.241696,-0.25,0)
     prism, center = (0.991696,-1.38778e-17,0.5)
          height 1, axis (0,0,1), sidewall angle: 0 radians, 4 vertices:
          (1.2417,0.25,0)
          (0.741696,0.25,0)
          (0.741696,-0.25,0)
          (1.2417,-0.25,0)
     prism, center = (1.9917,-1.38778e-17,0.5)
          height 1, axis (0,0,1), sidewall angle: 0 radians, 4 vertices:
          (2.2417,0.25,0)
          (1.7417,0.25,0)
          (1.7417,-0.25,0)
          (2.2417,-0.25,0)
Geometric object tree has depth 2 and 21 object nodes (vs. 4 actual objects)
Initializing epsilon function...
Allocating fields...
Solving for band polarization: te.
Initializing fields to random numbers...
1 k-points
  Vector3<-0.09, 0.14, 0.0>
elapsed time for initialization: 0.08514189720153809
solve_kpoint (-0.09,0.14,0):
tefreqs:, k index, k1, k2, k3, kmag/2pi, te band 1, te band 2, te band 3, te band 4, te band 5, te band 6
Solving for bands 1 to 6...
    near maximum in trace
    iteration    1: trace = 1.734610599973804 (199.825% change)
    iteration    2: trace = 0.4699099576298936 (114.737% change)
    iteration    3: trace = 0.4194975893004946 (11.3362% change)
    iteration    4: trace = 0.4062337874333817 (3.21262% change)
    iteration    5: trace = 0.4014823254036835 (1.17652% change)
    iteration    6: trace = 0.398209333537266 (0.818563% change)
    iteration    7: trace = 0.3967137007213941 (0.376296% change)
    iteration    8: trace = 0.3958702185232654 (0.212844% change)
    iteration    9: trace = 0.3956797678661566 (0.0481209% change)
    iteration   10: trace = 0.3956112378149834 (0.0173211% change)
    iteration   11: trace = 0.3955918245283557 (0.00490728% change)
    iteration   12: trace = 0.3955802368394231 (0.00292925% change)
    iteration   13: trace = 0.3955760577725249 (0.00105645% change)
    iteration   14: trace = 0.3955744795133808 (0.000398978% change)
    iteration   15: trace = 0.3955741270861222 (8.90926e-05% change)
    iteration   16: trace = 0.3955740199557518 (2.70823e-05% change)
    iteration   17: trace = 0.3955739894256199 (7.71793e-06% change)
    iteration   18: trace = 0.3955739757858442 (3.4481e-06% change)
    iteration   19: trace = 0.395573969529354 (1.58162e-06% change)
    iteration   20: trace = 0.3955739671362238 (6.04977e-07% change)
    iteration   21: trace = 0.3955739665189266 (1.56051e-07% change)
    iteration   22: trace = 0.3955739664033278 (2.92231e-08% change)
    iteration   23: trace = 0.395573966374998 (7.16169e-09% change)
Finished solving for bands 1 to 6 after 23 iterations.
tefreqs:, 1, -0.09, 0.14, 0, 0.143178, 0.0645141, 0.148945, 0.171619, 0.300972, 0.322593, 0.380951
elapsed time for k point: 2.7888388633728027
total elapsed time for run: 2.8740851879119873
done
Initializing eigensolver data
Computing 6 bands with 1e-10 tolerance
Working in 2 dimensions.
Grid size is 336 x 112 x 1.
Solving for 6 bands at a time.
Creating Maxwell data...
Mesh size is 3.
Lattice vectors:
     (3, 0, 0)
     (0, 1, 0)
     (0, 0, 1)
Cell volume = 3
Reciprocal lattice vectors (/ 2 pi):
     (0.333333, -0, 0)
     (-0, 1, -0)
     (0, -0, 1)
Geometric objects:
     block, center = (0,0,0)
          size (1e+20,1e+20,1)
          axes (1,0,0), (0,1,0), (0,0,1)
     prism, center = (0.0283929,-1.38778e-17,0.5)
          height 1, axis (0,0,1), sidewall angle: 0 radians, 4 vertices:
          (0.278393,0.25,0)
          (-0.221607,0.25,0)
          (-0.221607,-0.25,0)
          (0.278393,-0.25,0)
     prism, center = (1.02839,-1.38778e-17,0.5)
          height 1, axis (0,0,1), sidewall angle: 0 radians, 4 vertices:
          (1.27839,0.25,0)
          (0.778393,0.25,0)
          (0.778393,-0.25,0)
          (1.27839,-0.25,0)
     prism, center = (2.02839,-1.38778e-17,0.5)
          height 1, axis (0,0,1), sidewall angle: 0 radians, 4 vertices:
          (2.27839,0.25,0)
          (1.77839,0.25,0)
          (1.77839,-0.25,0)
          (2.27839,-0.25,0)
Geometric object tree has depth 2 and 21 object nodes (vs. 4 actual objects)
Initializing epsilon function...
Allocating fields...
Solving for band polarization: te.
Initializing fields to random numbers...
1 k-points
  Vector3<-0.09, 0.14, 0.0>
elapsed time for initialization: 0.09161090850830078
solve_kpoint (-0.09,0.14,0):
tefreqs:, k index, k1, k2, k3, kmag/2pi, te band 1, te band 2, te band 3, te band 4, te band 5, te band 6
Solving for bands 1 to 6...
    near maximum in trace
    iteration    1: trace = 2.079559993319598 (199.788% change)
    iteration    2: trace = 0.512834354547526 (120.871% change)
    iteration    3: trace = 0.4412893686054648 (14.997% change)
    iteration    4: trace = 0.4135402480445769 (6.49232% change)
    iteration    5: trace = 0.4054703823370501 (1.97064% change)
    iteration    6: trace = 0.4005003588643824 (1.2333% change)
    iteration    7: trace = 0.398120214498383 (0.596064% change)
    iteration    8: trace = 0.3962998040505123 (0.458299% change)
    iteration    9: trace = 0.3958156723630589 (0.122238% change)
    iteration   10: trace = 0.3956239396291359 (0.0484516% change)
    iteration   11: trace = 0.3955783502024129 (0.0115241% change)
    iteration   12: trace = 0.3955527241380066 (0.00647834% change)
    iteration   13: trace = 0.3955432479500463 (0.00239571% change)
    iteration   14: trace = 0.3955388759026298 (0.00110533% change)
    iteration   15: trace = 0.395537968289606 (0.000229463% change)
    iteration   16: trace = 0.3955376824644107 (7.22624e-05% change)
    iteration   17: trace = 0.395537609359228 (1.84825e-05% change)
    iteration   18: trace = 0.3955375762325253 (8.37511e-06% change)
    iteration   19: trace = 0.3955375630285144 (3.33824e-06% change)
    iteration   20: trace = 0.3955375562989429 (1.70137e-06% change)
    iteration   21: trace = 0.3955375545671294 (4.37838e-07% change)
    iteration   22: trace = 0.3955375541620592 (1.0241e-07% change)
    iteration   23: trace = 0.3955375540751889 (2.19626e-08% change)
    iteration   24: trace = 0.3955375540579251 (4.36464e-09% change)
Finished solving for bands 1 to 6 after 24 iterations.
tefreqs:, 1, -0.09, 0.14, 0, 0.143178, 0.0645097, 0.148942, 0.171616, 0.300963, 0.322583, 0.380922
elapsed time for k point: 4.845023155212402
total elapsed time for run: 4.936722993850708
done
Initializing eigensolver data
Computing 6 bands with 1e-10 tolerance
Working in 2 dimensions.
Grid size is 336 x 112 x 1.
Solving for 6 bands at a time.
Creating Maxwell data...
Mesh size is 3.
Lattice vectors:
     (3, 0, 0)
     (0, 1, 0)
     (0, 0, 1)
Cell volume = 3
Reciprocal lattice vectors (/ 2 pi):
     (0.333333, -0, 0)
     (-0, 1, -0)
     (0, -0, 1)
Geometric objects:
     block, center = (0,0,0)
          size (1e+20,1e+20,1)
          axes (1,0,0), (0,1,0), (0,0,1)
     prism, center = (-0.00160714,-1.38778e-17,0.5)
          height 1, axis (0,0,1), sidewall angle: 0 radians, 4 vertices:
          (0.248393,0.25,0)
          (-0.251607,0.25,0)
          (-0.251607,-0.25,0)
          (0.248393,-0.25,0)
     prism, center = (0.998393,-1.38778e-17,0.5)
          height 1, axis (0,0,1), sidewall angle: 0 radians, 4 vertices:
          (1.24839,0.25,0)
          (0.748393,0.25,0)
          (0.748393,-0.25,0)
          (1.24839,-0.25,0)
     prism, center = (1.99839,-1.38778e-17,0.5)
          height 1, axis (0,0,1), sidewall angle: 0 radians, 4 vertices:
          (2.24839,0.25,0)
          (1.74839,0.25,0)
          (1.74839,-0.25,0)
          (2.24839,-0.25,0)
Geometric object tree has depth 2 and 21 object nodes (vs. 4 actual objects)
Initializing epsilon function...
Allocating fields...
Solving for band polarization: te.
Initializing fields to random numbers...
1 k-points
  Vector3<-0.09, 0.14, 0.0>
elapsed time for initialization: 0.08783626556396484
solve_kpoint (-0.09,0.14,0):
tefreqs:, k index, k1, k2, k3, kmag/2pi, te band 1, te band 2, te band 3, te band 4, te band 5, te band 6
Solving for bands 1 to 6...
    near maximum in trace
    iteration    1: trace = 2.323830310641843 (199.765% change)
    iteration    2: trace = 0.5923615164618125 (118.749% change)
    iteration    3: trace = 0.480319359811424 (20.8901% change)
    iteration    4: trace = 0.4246768063320189 (12.2967% change)
    iteration    5: trace = 0.408844778880744 (3.79883% change)
    iteration    6: trace = 0.4012940139962751 (1.86407% change)
    iteration    7: trace = 0.3983296474144287 (0.74144% change)
    iteration    8: trace = 0.3965095954558819 (0.457967% change)
    iteration    9: trace = 0.3959348795554647 (0.145049% change)
    iteration   10: trace = 0.39565944569304 (0.0695897% change)
    iteration   11: trace = 0.3955859833537363 (0.0185688% change)
    iteration   12: trace = 0.3955563835010683 (0.00748281% change)
    iteration   13: trace = 0.3955463526917923 (0.00253591% change)
    iteration   14: trace = 0.3955404842499162 (0.00148364% change)
    iteration   15: trace = 0.395538485642146 (0.000505287% change)
    iteration   16: trace = 0.3955377647884893 (0.000182246% change)
    iteration   17: trace = 0.3955376152387264 (3.78092e-05% change)
    iteration   18: trace = 0.3955375748822841 (1.02029e-05% change)
    iteration   19: trace = 0.3955375635245149 (2.87148e-06% change)
    iteration   20: trace = 0.3955375576678327 (1.48069e-06% change)
    iteration   21: trace = 0.3955375552498077 (6.11326e-07% change)
    iteration   22: trace = 0.3955375543580971 (2.25443e-07% change)
    iteration   23: trace = 0.3955375541159035 (6.12315e-08% change)
    iteration   24: trace = 0.3955375540690411 (1.18478e-08% change)
    iteration   25: trace = 0.3955375540561486 (3.25949e-09% change)
Finished solving for bands 1 to 6 after 25 iterations.
tefreqs:, 1, -0.09, 0.14, 0, 0.143178, 0.0645097, 0.148942, 0.171616, 0.300963, 0.322583, 0.380922
elapsed time for k point: 3.529937744140625
total elapsed time for run: 3.6178486347198486
done
Initializing eigensolver data
Computing 6 bands with 1e-10 tolerance
Working in 2 dimensions.
Grid size is 336 x 112 x 1.
Solving for 6 bands at a time.
Creating Maxwell data...
Mesh size is 3.
Lattice vectors:
     (3, 0, 0)
     (0, 1, 0)
     (0, 0, 1)
Cell volume = 3
Reciprocal lattice vectors (/ 2 pi):
     (0.333333, -0, 0)
     (-0, 1, -0)
     (0, -0, 1)
Geometric objects:
     block, center = (0,0,0)
          size (1e+20,1e+20,1)
          axes (1,0,0), (0,1,0), (0,0,1)
     prism, center = (0.0350893,-1.38778e-17,0.5)
          height 1, axis (0,0,1), sidewall angle: 0 radians, 4 vertices:
          (0.285089,0.25,0)
          (-0.214911,0.25,0)
          (-0.214911,-0.25,0)
          (0.285089,-0.25,0)
     prism, center = (1.03509,-1.38778e-17,0.5)
          height 1, axis (0,0,1), sidewall angle: 0 radians, 4 vertices:
          (1.28509,0.25,0)
          (0.785089,0.25,0)
          (0.785089,-0.25,0)
          (1.28509,-0.25,0)
     prism, center = (2.03509,-1.38778e-17,0.5)
          height 1, axis (0,0,1), sidewall angle: 0 radians, 4 vertices:
          (2.28509,0.25,0)
          (1.78509,0.25,0)
          (1.78509,-0.25,0)
          (2.28509,-0.25,0)
Geometric object tree has depth 2 and 21 object nodes (vs. 4 actual objects)
Initializing epsilon function...
Allocating fields...
Solving for band polarization: te.
Initializing fields to random numbers...
1 k-points
  Vector3<-0.09, 0.14, 0.0>
elapsed time for initialization: 0.044112205505371094
solve_kpoint (-0.09,0.14,0):
tefreqs:, k index, k1, k2, k3, kmag/2pi, te band 1, te band 2, te band 3, te band 4, te band 5, te band 6
Solving for bands 1 to 6...
    near maximum in trace
    iteration    1: trace = 1.922905720712271 (199.805% change)
    iteration    2: trace = 0.4763928137085437 (120.578% change)
    iteration    3: trace = 0.4195537526571455 (12.688% change)
    iteration    4: trace = 0.4046821834075056 (3.60857% change)
    iteration    5: trace = 0.4004225480004446 (1.05816% change)
    iteration    6: trace = 0.397472585177165 (0.739436% change)
    iteration    7: trace = 0.3963723966893323 (0.27718% change)
    iteration    8: trace = 0.3957792023921503 (0.149768% change)
    iteration    9: trace = 0.3956432307169673 (0.0343613% change)
    iteration   10: trace = 0.3955938045667204 (0.0124934% change)
    iteration   11: trace = 0.3955831484259487 (0.00269374% change)
    iteration   12: trace = 0.3955776800297185 (0.00138237% change)
    iteration   13: trace = 0.3955755263220665 (0.000544448% change)
    iteration   14: trace = 0.3955744126420841 (0.000281534% change)
    iteration   15: trace = 0.3955741161324328 (7.49568e-05% change)
    iteration   16: trace = 0.3955740105682436 (2.66863e-05% change)
    iteration   17: trace = 0.3955739847951941 (6.51535e-06% change)
    iteration   18: trace = 0.3955739739866841 (2.73236e-06% change)
    iteration   19: trace = 0.3955739693498814 (1.17217e-06% change)
    iteration   20: trace = 0.395573967060075 (5.78857e-07% change)
    iteration   21: trace = 0.395573966487791 (1.44672e-07% change)
    iteration   22: trace = 0.3955739663888775 (2.50051e-08% change)
    iteration   23: trace = 0.3955739663694087 (4.92165e-09% change)
Finished solving for bands 1 to 6 after 23 iterations.
tefreqs:, 1, -0.09, 0.14, 0, 0.143178, 0.0645141, 0.148945, 0.171619, 0.300972, 0.322593, 0.380951
elapsed time for k point: 2.6458959579467773
total elapsed time for run: 2.690093755722046
done
Initializing eigensolver data
Computing 6 bands with 1e-10 tolerance
Working in 2 dimensions.
Grid size is 336 x 112 x 1.
Solving for 6 bands at a time.
Creating Maxwell data...
Mesh size is 3.
Lattice vectors:
     (3, 0, 0)
     (0, 1, 0)
     (0, 0, 1)
Cell volume = 3
Reciprocal lattice vectors (/ 2 pi):
     (0.333333, -0, 0)
     (-0, 1, -0)
     (0, -0, 1)
Geometric objects:
     block, center = (0,0,0)
          size (1e+20,1e+20,1)
          axes (1,0,0), (0,1,0), (0,0,1)
     prism, center = (0.00508929,-1.38778e-17,0.5)
          height 1, axis (0,0,1), sidewall angle: 0 radians, 4 vertices:
          (0.255089,0.25,0)
          (-0.244911,0.25,0)
          (-0.244911,-0.25,0)
          (0.255089,-0.25,0)
     prism, center = (1.00509,-1.38778e-17,0.5)
          height 1, axis (0,0,1), sidewall angle: 0 radians, 4 vertices:
          (1.25509,0.25,0)
          (0.755089,0.25,0)
          (0.755089,-0.25,0)
          (1.25509,-0.25,0)
     prism, center = (2.00509,-1.38778e-17,0.5)
          height 1, axis (0,0,1), sidewall angle: 0 radians, 4 vertices:
          (2.25509,0.25,0)
          (1.75509,0.25,0)
          (1.75509,-0.25,0)
          (2.25509,-0.25,0)
Geometric object tree has depth 2 and 21 object nodes (vs. 4 actual objects)
Initializing epsilon function...
Allocating fields...
Solving for band polarization: te.
Initializing fields to random numbers...
1 k-points
  Vector3<-0.09, 0.14, 0.0>
elapsed time for initialization: 0.04623699188232422
solve_kpoint (-0.09,0.14,0):
tefreqs:, k index, k1, k2, k3, kmag/2pi, te band 1, te band 2, te band 3, te band 4, te band 5, te band 6
Solving for bands 1 to 6...
    near maximum in trace
    iteration    1: trace = 1.873107980146426 (199.812% change)
    iteration    2: trace = 0.4696839005248284 (119.808% change)
    iteration    3: trace = 0.4164312852494191 (12.0193% change)
    iteration    4: trace = 0.4004300588509614 (3.91773% change)
    iteration    5: trace = 0.3973285159632669 (0.777564% change)
    iteration    6: trace = 0.3962565130154663 (0.270167% change)
    iteration    7: trace = 0.3959665496244006 (0.0732025% change)
    iteration    8: trace = 0.3957272808084911 (0.0604448% change)
    iteration    9: trace = 0.3956366284309368 (0.0229104% change)
    iteration   10: trace = 0.3955961166278569 (0.0102402% change)
    iteration   11: trace = 0.3955887353025076 (0.00186589% change)
    iteration   12: trace = 0.3955863997247143 (0.000590407% change)
    iteration   13: trace = 0.3955857390654045 (0.000167008% change)
    iteration   14: trace = 0.3955853733025568 (9.24611e-05% change)
    iteration   15: trace = 0.3955852658695237 (2.7158e-05% change)
    iteration   16: trace = 0.3955852292283952 (9.26251e-06% change)
    iteration   17: trace = 0.3955852208227121 (2.12487e-06% change)
    iteration   18: trace = 0.395585218748669 (5.24297e-07% change)
    iteration   19: trace = 0.3955852183441417 (1.0226e-07% change)
    iteration   20: trace = 0.3955852182639815 (2.02637e-08% change)
    iteration   21: trace = 0.3955852182344265 (7.47119e-09% change)
Finished solving for bands 1 to 6 after 21 iterations.
tefreqs:, 1, -0.09, 0.14, 0, 0.143178, 0.0645145, 0.148949, 0.171624, 0.300985, 0.322603, 0.380943
elapsed time for k point: 2.3427352905273438
total elapsed time for run: 2.3890554904937744
done
Initializing eigensolver data
Computing 6 bands with 1e-10 tolerance
Working in 2 dimensions.
Grid size is 336 x 112 x 1.
Solving for 6 bands at a time.
Creating Maxwell data...
Mesh size is 3.
Lattice vectors:
     (3, 0, 0)
     (0, 1, 0)
     (0, 0, 1)
Cell volume = 3
Reciprocal lattice vectors (/ 2 pi):
     (0.333333, -0, 0)
     (-0, 1, -0)
     (0, -0, 1)
Geometric objects:
     block, center = (0,0,0)
          size (1e+20,1e+20,1)
          axes (1,0,0), (0,1,0), (0,0,1)
     prism, center = (0.02,-1.38778e-17,0.5)
          height 1, axis (0,0,1), sidewall angle: 0 radians, 4 vertices:
          (0.27,0.25,0)
          (-0.23,0.25,0)
          (-0.23,-0.25,0)
          (0.27,-0.25,0)
     prism, center = (1.02,-1.38778e-17,0.5)
          height 1, axis (0,0,1), sidewall angle: 0 radians, 4 vertices:
          (1.27,0.25,0)
          (0.77,0.25,0)
          (0.77,-0.25,0)
          (1.27,-0.25,0)
     prism, center = (2.02,-1.38778e-17,0.5)
          height 1, axis (0,0,1), sidewall angle: 0 radians, 4 vertices:
          (2.27,0.25,0)
          (1.77,0.25,0)
          (1.77,-0.25,0)
          (2.27,-0.25,0)
Geometric object tree has depth 2 and 21 object nodes (vs. 4 actual objects)
Initializing epsilon function...
Allocating fields...
Solving for band polarization: te.
Initializing fields to random numbers...
1 k-points
  Vector3<-0.09, 0.14, 0.0>
elapsed time for initialization: 0.07705140113830566
solve_kpoint (-0.09,0.14,0):
tefreqs:, k index, k1, k2, k3, kmag/2pi, te band 1, te band 2, te band 3, te band 4, te band 5, te band 6
Solving for bands 1 to 6...
    near maximum in trace
    iteration    1: trace = 2.566818369908168 (199.74% change)
    iteration    2: trace = 0.7011120192301825 (114.183% change)
    iteration    3: trace = 0.4898560440872126 (35.4763% change)
    iteration    4: trace = 0.4278647858784603 (13.5098% change)
    iteration    5: trace = 0.4060060541812395 (5.24271% change)
    iteration    6: trace = 0.4005047884252833 (1.36421% change)
    iteration    7: trace = 0.3980433148019017 (0.616487% change)
    iteration    8: trace = 0.3968212599458739 (0.307488% change)
    iteration    9: trace = 0.3959774747691933 (0.212862% change)
    iteration   10: trace = 0.3956621559898214 (0.0796622% change)
    iteration   11: trace = 0.3955593616213834 (0.0259837% change)
    iteration   12: trace = 0.3955393435481803 (0.00506083% change)
    iteration   13: trace = 0.3955333635160638 (0.00151188% change)
    iteration   14: trace = 0.3955312017826762 (0.000546538% change)
    iteration   15: trace = 0.3955301451927253 (0.000267132% change)
    iteration   16: trace = 0.395529749719978 (9.99855e-05% change)
    iteration   17: trace = 0.3955296078763955 (3.58617e-05% change)
    iteration   18: trace = 0.395529567589442 (1.01856e-05% change)
    iteration   19: trace = 0.395529557817478 (2.4706e-06% change)
    iteration   20: trace = 0.3955295550605537 (6.97021e-07% change)
    iteration   21: trace = 0.3955295538864518 (2.96843e-07% change)
    iteration   22: trace = 0.3955295532925512 (1.50153e-07% change)
    iteration   23: trace = 0.3955295530944693 (5.00802e-08% change)
    iteration   24: trace = 0.3955295530348869 (1.5064e-08% change)
    iteration   25: trace = 0.3955295530207344 (3.57812e-09% change)
Finished solving for bands 1 to 6 after 25 iterations.
tefreqs:, 1, -0.09, 0.14, 0, 0.143178, 0.0645087, 0.148941, 0.171616, 0.300962, 0.322582, 0.380914
elapsed time for k point: 2.897075653076172
total elapsed time for run: 2.97422456741333
done
Initializing eigensolver data
Computing 6 bands with 1e-10 tolerance
Working in 2 dimensions.
Grid size is 336 x 112 x 1.
Solving for 6 bands at a time.
Creating Maxwell data...
Mesh size is 3.
Lattice vectors:
     (3, 0, 0)
     (0, 1, 0)
     (0, 0, 1)
Cell volume = 3
Reciprocal lattice vectors (/ 2 pi):
     (0.333333, -0, 0)
     (-0, 1, -0)
     (0, -0, 1)
Geometric objects:
     block, center = (0,0,0)
          size (1e+20,1e+20,1)
          axes (1,0,0), (0,1,0), (0,0,1)
     prism, center = (-0.02,-1.38778e-17,0.5)
          height 1, axis (0,0,1), sidewall angle: 0 radians, 4 vertices:
          (0.23,0.25,0)
          (-0.27,0.25,0)
          (-0.27,-0.25,0)
          (0.23,-0.25,0)
     prism, center = (0.98,-1.38778e-17,0.5)
          height 1, axis (0,0,1), sidewall angle: 0 radians, 4 vertices:
          (1.23,0.25,0)
          (0.73,0.25,0)
          (0.73,-0.25,0)
          (1.23,-0.25,0)
     prism, center = (1.98,-1.38778e-17,0.5)
          height 1, axis (0,0,1), sidewall angle: 0 radians, 4 vertices:
          (2.23,0.25,0)
          (1.73,0.25,0)
          (1.73,-0.25,0)
          (2.23,-0.25,0)
Geometric object tree has depth 2 and 21 object nodes (vs. 4 actual objects)
Initializing epsilon function...
Allocating fields...
Solving for band polarization: te.
Initializing fields to random numbers...
1 k-points
  Vector3<-0.09, 0.14, 0.0>
elapsed time for initialization: 0.0586695671081543
solve_kpoint (-0.09,0.14,0):
tefreqs:, k index, k1, k2, k3, kmag/2pi, te band 1, te band 2, te band 3, te band 4, te band 5, te band 6
Solving for bands 1 to 6...
    near maximum in trace
    iteration    1: trace = 2.511715182657525 (199.745% change)
    iteration    2: trace = 0.5336513568761357 (129.906% change)
    iteration    3: trace = 0.441207688423393 (18.9655% change)
    iteration    4: trace = 0.4108065276333036 (7.1363% change)
    iteration    5: trace = 0.4027713802342741 (1.97526% change)
    iteration    6: trace = 0.399143026006103 (0.904923% change)
    iteration    7: trace = 0.3974429897750063 (0.426831% change)
    iteration    8: trace = 0.3960603425964138 (0.348492% change)
    iteration    9: trace = 0.3956851102817852 (0.0947861% change)
    iteration   10: trace = 0.3955654648996327 (0.0302421% change)
    iteration   11: trace = 0.3955444929596494 (0.0053019% change)
    iteration   12: trace = 0.3955361664920764 (0.00210509% change)
    iteration   13: trace = 0.3955327469505175 (0.000864537% change)
    iteration   14: trace = 0.3955305579291207 (0.000553438% change)
    iteration   15: trace = 0.3955298289113924 (0.000184314% change)
    iteration   16: trace = 0.3955296041744716 (5.68192e-05% change)
    iteration   17: trace = 0.3955295645093486 (1.00284e-05% change)
    iteration   18: trace = 0.3955295561573858 (2.11159e-06% change)
    iteration   19: trace = 0.3955295542005903 (4.94728e-07% change)
    iteration   20: trace = 0.3955295534927938 (1.78949e-07% change)
    iteration   21: trace = 0.3955295531609773 (8.38917e-08% change)
    iteration   22: trace = 0.3955295530547629 (2.68537e-08% change)
    iteration   23: trace = 0.3955295530230454 (8.01899e-09% change)
Finished solving for bands 1 to 6 after 23 iterations.
tefreqs:, 1, -0.09, 0.14, 0, 0.143178, 0.0645087, 0.148941, 0.171616, 0.300962, 0.322582, 0.380914
elapsed time for k point: 2.5618503093719482
total elapsed time for run: 2.62060546875
done
Initializing eigensolver data
Computing 6 bands with 1e-10 tolerance
Working in 2 dimensions.
Grid size is 336 x 112 x 1.
Solving for 6 bands at a time.
Creating Maxwell data...
Mesh size is 3.
Lattice vectors:
     (3, 0, 0)
     (0, 1, 0)
     (0, 0, 1)
Cell volume = 3
Reciprocal lattice vectors (/ 2 pi):
     (0.333333, -0, 0)
     (-0, 1, -0)
     (0, -0, 1)
Geometric objects:
     block, center = (0,0,0)
          size (1e+20,1e+20,1)
          axes (1,0,0), (0,1,0), (0,0,1)
     prism, center = (0.0266964,-1.38778e-17,0.5)
          height 1, axis (0,0,1), sidewall angle: 0 radians, 4 vertices:
          (0.276696,0.25,0)
          (-0.223304,0.25,0)
          (-0.223304,-0.25,0)
          (0.276696,-0.25,0)
     prism, center = (1.0267,-1.38778e-17,0.5)
          height 1, axis (0,0,1), sidewall angle: 0 radians, 4 vertices:
          (1.2767,0.25,0)
          (0.776696,0.25,0)
          (0.776696,-0.25,0)
          (1.2767,-0.25,0)
     prism, center = (2.0267,-1.38778e-17,0.5)
          height 1, axis (0,0,1), sidewall angle: 0 radians, 4 vertices:
          (2.2767,0.25,0)
          (1.7767,0.25,0)
          (1.7767,-0.25,0)
          (2.2767,-0.25,0)
Geometric object tree has depth 2 and 21 object nodes (vs. 4 actual objects)
Initializing epsilon function...
Allocating fields...
Solving for band polarization: te.
Initializing fields to random numbers...
1 k-points
  Vector3<-0.09, 0.14, 0.0>
elapsed time for initialization: 0.043649911880493164
solve_kpoint (-0.09,0.14,0):
tefreqs:, k index, k1, k2, k3, kmag/2pi, te band 1, te band 2, te band 3, te band 4, te band 5, te band 6
Solving for bands 1 to 6...
    near maximum in trace
    iteration    1: trace = 2.78891808516686 (199.717% change)
    iteration    2: trace = 0.6823604385031029 (121.371% change)
    iteration    3: trace = 0.4692480817450106 (37.0113% change)
    iteration    4: trace = 0.4336983545015826 (7.87416% change)
    iteration    5: trace = 0.4174026925401157 (3.82931% change)
    iteration    6: trace = 0.4116914557215151 (1.37771% change)
    iteration    7: trace = 0.4058758504562255 (1.42266% change)
    iteration    8: trace = 0.4002021416634681 (1.40773% change)
    iteration    9: trace = 0.3967843232589174 (0.857685% change)
    iteration   10: trace = 0.3958470933616557 (0.236486% change)
    iteration   11: trace = 0.395552637125935 (0.074414% change)
    iteration   12: trace = 0.3954703124170474 (0.0208147% change)
    iteration   13: trace = 0.3954182583574338 (0.0131634% change)
    iteration   14: trace = 0.3953971921405021 (0.00532772% change)
    iteration   15: trace = 0.3953888922323616 (0.00209915% change)
    iteration   16: trace = 0.3953870973938068 (0.000453944% change)
    iteration   17: trace = 0.3953865293310556 (0.000143673% change)
    iteration   18: trace = 0.3953863668216458 (4.11014e-05% change)
    iteration   19: trace = 0.3953862942574527 (1.83527e-05% change)
    iteration   20: trace = 0.3953862655260929 (7.26666e-06% change)
    iteration   21: trace = 0.395386255003767 (2.66128e-06% change)
    iteration   22: trace = 0.3953862523126944 (6.80619e-07% change)
    iteration   23: trace = 0.3953862517715542 (1.36864e-07% change)
    iteration   24: trace = 0.3953862516211781 (3.80327e-08% change)
    iteration   25: trace = 0.39538625157072 (1.27617e-08% change)
    iteration   26: trace = 0.3953862515395915 (7.87295e-09% change)
Finished solving for bands 1 to 6 after 26 iterations.
tefreqs:, 1, -0.09, 0.14, 0, 0.143178, 0.0644873, 0.148929, 0.171605, 0.300936, 0.322555, 0.380782
elapsed time for k point: 3.794171094894409
total elapsed time for run: 3.837925434112549
done
Initializing eigensolver data
Computing 6 bands with 1e-10 tolerance
Working in 2 dimensions.
Grid size is 336 x 112 x 1.
Solving for 6 bands at a time.
Creating Maxwell data...
Mesh size is 3.
Lattice vectors:
     (3, 0, 0)
     (0, 1, 0)
     (0, 0, 1)
Cell volume = 3
Reciprocal lattice vectors (/ 2 pi):
     (0.333333, -0, 0)
     (-0, 1, -0)
     (0, -0, 1)
Geometric objects:
     block, center = (0,0,0)
          size (1e+20,1e+20,1)
          axes (1,0,0), (0,1,0), (0,0,1)
     prism, center = (-0.0133036,-1.38778e-17,0.5)
          height 1, axis (0,0,1), sidewall angle: 0 radians, 4 vertices:
          (0.236696,0.25,0)
          (-0.263304,0.25,0)
          (-0.263304,-0.25,0)
          (0.236696,-0.25,0)
     prism, center = (0.986696,-1.38778e-17,0.5)
          height 1, axis (0,0,1), sidewall angle: 0 radians, 4 vertices:
          (1.2367,0.25,0)
          (0.736696,0.25,0)
          (0.736696,-0.25,0)
          (1.2367,-0.25,0)
     prism, center = (1.9867,-1.38778e-17,0.5)
          height 1, axis (0,0,1), sidewall angle: 0 radians, 4 vertices:
          (2.2367,0.25,0)
          (1.7367,0.25,0)
          (1.7367,-0.25,0)
          (2.2367,-0.25,0)
Geometric object tree has depth 2 and 21 object nodes (vs. 4 actual objects)
Initializing epsilon function...
Allocating fields...
Solving for band polarization: te.
Initializing fields to random numbers...
1 k-points
  Vector3<-0.09, 0.14, 0.0>
elapsed time for initialization: 0.07903385162353516
solve_kpoint (-0.09,0.14,0):
tefreqs:, k index, k1, k2, k3, kmag/2pi, te band 1, te band 2, te band 3, te band 4, te band 5, te band 6
Solving for bands 1 to 6...
    near maximum in trace
    iteration    1: trace = 2.585102032500948 (199.742% change)
    iteration    2: trace = 0.5396254441394462 (130.922% change)
    iteration    3: trace = 0.4484308705365293 (18.4594% change)
    iteration    4: trace = 0.4200460745545492 (6.53668% change)
    iteration    5: trace = 0.4093408800496494 (2.58147% change)
    iteration    6: trace = 0.4036564880661538 (1.39838% change)
    iteration    7: trace = 0.4004466569175492 (0.798363% change)
    iteration    8: trace = 0.3976605480946269 (0.698179% change)
    iteration    9: trace = 0.3963897246397048 (0.320086% change)
    iteration   10: trace = 0.3959331962004546 (0.115238% change)
    iteration   11: trace = 0.3958085862347511 (0.0314774% change)
    iteration   12: trace = 0.3957738772709587 (0.00876951% change)
    iteration   13: trace = 0.3957572790390108 (0.00419396% change)
    iteration   14: trace = 0.3957499640390631 (0.00184837% change)
    iteration   15: trace = 0.3957463300557616 (0.000918257% change)
    iteration   16: trace = 0.395745377895765 (0.000240599% change)
    iteration   17: trace = 0.3957450787753176 (7.55841e-05% change)
    iteration   18: trace = 0.3957450107285602 (1.71946e-05% change)
    iteration   19: trace = 0.3957449889490191 (5.50343e-06% change)
    iteration   20: trace = 0.3957449821245274 (1.72447e-06% change)
    iteration   21: trace = 0.3957449783643787 (9.50144e-07% change)
    iteration   22: trace = 0.3957449768860831 (3.73548e-07% change)
    iteration   23: trace = 0.3957449764833909 (1.01755e-07% change)
    iteration   24: trace = 0.3957449763737853 (2.7696e-08% change)
    iteration   25: trace = 0.3957449763489512 (6.27527e-09% change)
Finished solving for bands 1 to 6 after 25 iterations.
tefreqs:, 1, -0.09, 0.14, 0, 0.143178, 0.0645369, 0.148963, 0.171636, 0.30102, 0.32264, 0.381079
elapsed time for k point: 3.3539180755615234
total elapsed time for run: 3.4330320358276367
done
Initializing eigensolver data
Computing 6 bands with 1e-10 tolerance
Working in 2 dimensions.
Grid size is 336 x 112 x 1.
Solving for 6 bands at a time.
Creating Maxwell data...
Mesh size is 3.
Lattice vectors:
     (3, 0, 0)
     (0, 1, 0)
     (0, 0, 1)
Cell volume = 3
Reciprocal lattice vectors (/ 2 pi):
     (0.333333, -0, 0)
     (-0, 1, -0)
     (0, -0, 1)
Geometric objects:
     block, center = (0,0,0)
          size (1e+20,1e+20,1)
          axes (1,0,0), (0,1,0), (0,0,1)
     prism, center = (0.0333929,-1.38778e-17,0.5)
          height 1, axis (0,0,1), sidewall angle: 0 radians, 4 vertices:
          (0.283393,0.25,0)
          (-0.216607,0.25,0)
          (-0.216607,-0.25,0)
          (0.283393,-0.25,0)
     prism, center = (1.03339,-1.38778e-17,0.5)
          height 1, axis (0,0,1), sidewall angle: 0 radians, 4 vertices:
          (1.28339,0.25,0)
          (0.783393,0.25,0)
          (0.783393,-0.25,0)
          (1.28339,-0.25,0)
     prism, center = (2.03339,-1.38778e-17,0.5)
          height 1, axis (0,0,1), sidewall angle: 0 radians, 4 vertices:
          (2.28339,0.25,0)
          (1.78339,0.25,0)
          (1.78339,-0.25,0)
          (2.28339,-0.25,0)
Geometric object tree has depth 2 and 21 object nodes (vs. 4 actual objects)
Initializing epsilon function...
Allocating fields...
Solving for band polarization: te.
Initializing fields to random numbers...
1 k-points
  Vector3<-0.09, 0.14, 0.0>
elapsed time for initialization: 0.04409027099609375
solve_kpoint (-0.09,0.14,0):
tefreqs:, k index, k1, k2, k3, kmag/2pi, te band 1, te band 2, te band 3, te band 4, te band 5, te band 6
Solving for bands 1 to 6...
    near maximum in trace
    iteration    1: trace = 2.446767817274159 (199.751% change)
    iteration    2: trace = 0.7835757938045173 (102.973% change)
    iteration    3: trace = 0.4478127604509407 (54.5341% change)
    iteration    4: trace = 0.4255169278176342 (5.10594% change)
    iteration    5: trace = 0.413041905494272 (2.97535% change)
    iteration    6: trace = 0.4082678982601967 (1.16254% change)
    iteration    7: trace = 0.4029459238069351 (1.3121% change)
    iteration    8: trace = 0.3990059797475244 (0.982589% change)
    iteration    9: trace = 0.3962962327427352 (0.681438% change)
    iteration   10: trace = 0.3956825189269878 (0.154982% change)
    iteration   11: trace = 0.395476077761183 (0.052187% change)
    iteration   12: trace = 0.3954226030714785 (0.0135225% change)
    iteration   13: trace = 0.3953933959271939 (0.00738658% change)
    iteration   14: trace = 0.3953833230075804 (0.0025476% change)
    iteration   15: trace = 0.3953797342159235 (0.000907678% change)
    iteration   16: trace = 0.3953790054987403 (0.000184308% change)
    iteration   17: trace = 0.3953787852975998 (5.56937e-05% change)
    iteration   18: trace = 0.3953787273022198 (1.46683e-05% change)
    iteration   19: trace = 0.3953786995525129 (7.01851e-06% change)
    iteration   20: trace = 0.3953786854569918 (3.56507e-06% change)
    iteration   21: trace = 0.3953786794001479 (1.53191e-06% change)
    iteration   22: trace = 0.3953786780098 (3.5165e-07% change)
    iteration   23: trace = 0.3953786776956363 (7.94589e-08% change)
    iteration   24: trace = 0.3953786776089646 (2.19212e-08% change)
    iteration   25: trace = 0.395378677578796 (7.63029e-09% change)
Finished solving for bands 1 to 6 after 25 iterations.
tefreqs:, 1, -0.09, 0.14, 0, 0.143178, 0.0644875, 0.148931, 0.171607, 0.300935, 0.322552, 0.380774
elapsed time for k point: 2.417512893676758
total elapsed time for run: 2.4616870880126953
done
Initializing eigensolver data
Computing 6 bands with 1e-10 tolerance
Working in 2 dimensions.
Grid size is 336 x 112 x 1.
Solving for 6 bands at a time.
Creating Maxwell data...
Mesh size is 3.
Lattice vectors:
     (3, 0, 0)
     (0, 1, 0)
     (0, 0, 1)
Cell volume = 3
Reciprocal lattice vectors (/ 2 pi):
     (0.333333, -0, 0)
     (-0, 1, -0)
     (0, -0, 1)
Geometric objects:
     block, center = (0,0,0)
          size (1e+20,1e+20,1)
          axes (1,0,0), (0,1,0), (0,0,1)
     prism, center = (-0.00660714,-1.38778e-17,0.5)
          height 1, axis (0,0,1), sidewall angle: 0 radians, 4 vertices:
          (0.243393,0.25,0)
          (-0.256607,0.25,0)
          (-0.256607,-0.25,0)
          (0.243393,-0.25,0)
     prism, center = (0.993393,-1.38778e-17,0.5)
          height 1, axis (0,0,1), sidewall angle: 0 radians, 4 vertices:
          (1.24339,0.25,0)
          (0.743393,0.25,0)
          (0.743393,-0.25,0)
          (1.24339,-0.25,0)
     prism, center = (1.99339,-1.38778e-17,0.5)
          height 1, axis (0,0,1), sidewall angle: 0 radians, 4 vertices:
          (2.24339,0.25,0)
          (1.74339,0.25,0)
          (1.74339,-0.25,0)
          (2.24339,-0.25,0)
Geometric object tree has depth 2 and 21 object nodes (vs. 4 actual objects)
Initializing epsilon function...
Allocating fields...
Solving for band polarization: te.
Initializing fields to random numbers...
1 k-points
  Vector3<-0.09, 0.14, 0.0>
elapsed time for initialization: 0.044039249420166016
solve_kpoint (-0.09,0.14,0):
tefreqs:, k index, k1, k2, k3, kmag/2pi, te band 1, te band 2, te band 3, te band 4, te band 5, te band 6
Solving for bands 1 to 6...
    near maximum in trace
    iteration    1: trace = 2.062241737962535 (199.791% change)
    iteration    2: trace = 0.5164832268386382 (119.885% change)
    iteration    3: trace = 0.4367154716391946 (16.7369% change)
    iteration    4: trace = 0.408295838154853 (6.72645% change)
    iteration    5: trace = 0.4008499382256918 (1.84043% change)
    iteration    6: trace = 0.3974645128074745 (0.848143% change)
    iteration    7: trace = 0.3964718503835067 (0.250061% change)
    iteration    8: trace = 0.3957530340785614 (0.181468% change)
    iteration    9: trace = 0.3955103852737334 (0.061332% change)
    iteration   10: trace = 0.3954034379845561 (0.027044% change)
    iteration   11: trace = 0.3953808937451949 (0.00570174% change)
    iteration   12: trace = 0.3953700610669421 (0.00273985% change)
    iteration   13: trace = 0.3953656428182722 (0.0011175% change)
    iteration   14: trace = 0.3953634535018826 (0.000553746% change)
    iteration   15: trace = 0.3953630029066812 (0.00011397% change)
    iteration   16: trace = 0.3953628561918247 (3.71089e-05% change)
    iteration   17: trace = 0.3953628264064895 (7.53367e-06% change)
    iteration   18: trace = 0.3953628164649879 (2.51453e-06% change)
    iteration   19: trace = 0.3953628137527807 (6.86005e-07% change)
    iteration   20: trace = 0.3953628121892863 (3.95458e-07% change)
    iteration   21: trace = 0.3953628115528049 (1.60987e-07% change)
    iteration   22: trace = 0.3953628113503233 (5.12141e-08% change)
    iteration   23: trace = 0.3953628113052668 (1.13962e-08% change)
    iteration   24: trace = 0.3953628112969759 (2.09704e-09% change)
Finished solving for bands 1 to 6 after 24 iterations.
tefreqs:, 1, -0.09, 0.14, 0, 0.143178, 0.0644866, 0.148931, 0.171604, 0.300929, 0.322543, 0.380767
elapsed time for k point: 2.6420493125915527
total elapsed time for run: 2.6861672401428223
done
Initializing eigensolver data
Computing 6 bands with 1e-10 tolerance
Working in 2 dimensions.
Grid size is 336 x 112 x 1.
Solving for 6 bands at a time.
Creating Maxwell data...
Mesh size is 3.
Lattice vectors:
     (3, 0, 0)
     (0, 1, 0)
     (0, 0, 1)
Cell volume = 3
Reciprocal lattice vectors (/ 2 pi):
     (0.333333, -0, 0)
     (-0, 1, -0)
     (0, -0, 1)
Geometric objects:
     block, center = (0,0,0)
          size (1e+20,1e+20,1)
          axes (1,0,0), (0,1,0), (0,0,1)
     prism, center = (0.0400893,-1.38778e-17,0.5)
          height 1, axis (0,0,1), sidewall angle: 0 radians, 4 vertices:
          (0.290089,0.25,0)
          (-0.209911,0.25,0)
          (-0.209911,-0.25,0)
          (0.290089,-0.25,0)
     prism, center = (1.04009,-1.38778e-17,0.5)
          height 1, axis (0,0,1), sidewall angle: 0 radians, 4 vertices:
          (1.29009,0.25,0)
          (0.790089,0.25,0)
          (0.790089,-0.25,0)
          (1.29009,-0.25,0)
     prism, center = (2.04009,-1.38778e-17,0.5)
          height 1, axis (0,0,1), sidewall angle: 0 radians, 4 vertices:
          (2.29009,0.25,0)
          (1.79009,0.25,0)
          (1.79009,-0.25,0)
          (2.29009,-0.25,0)
Geometric object tree has depth 2 and 21 object nodes (vs. 4 actual objects)
Initializing epsilon function...
Allocating fields...
Solving for band polarization: te.
Initializing fields to random numbers...
1 k-points
  Vector3<-0.09, 0.14, 0.0>
elapsed time for initialization: 0.050225019454956055
solve_kpoint (-0.09,0.14,0):
tefreqs:, k index, k1, k2, k3, kmag/2pi, te band 1, te band 2, te band 3, te band 4, te band 5, te band 6
Solving for bands 1 to 6...
    near maximum in trace
    iteration    1: trace = 2.642764639108122 (199.734% change)
    iteration    2: trace = 0.5723747227928871 (128.79% change)
    iteration    3: trace = 0.471893342018149 (19.2444% change)
    iteration    4: trace = 0.4319171370637165 (8.84615% change)
    iteration    5: trace = 0.420233820099042 (2.74208% change)
    iteration    6: trace = 0.4122134128764995 (1.92695% change)
    iteration    7: trace = 0.4070957972106237 (1.24925% change)
    iteration    8: trace = 0.4002445464956431 (1.69724% change)
    iteration    9: trace = 0.3976291785622467 (0.655584% change)
    iteration   10: trace = 0.396321171204831 (0.329493% change)
    iteration   11: trace = 0.3960258243756765 (0.0745499% change)
    iteration   12: trace = 0.3958640587906284 (0.0408556% change)
    iteration   13: trace = 0.3957940739428992 (0.0176806% change)
    iteration   14: trace = 0.3957586845165154 (0.00894177% change)
    iteration   15: trace = 0.3957489325649149 (0.00246415% change)
    iteration   16: trace = 0.395746261811376 (0.000674863% change)
    iteration   17: trace = 0.3957455157100984 (0.00018853% change)
    iteration   18: trace = 0.395745216998432 (7.54808e-05% change)
    iteration   19: trace = 0.3957450630219713 (3.8908e-05% change)
    iteration   20: trace = 0.3957450016038498 (1.55196e-05% change)
    iteration   21: trace = 0.3957449817590801 (5.01453e-06% change)
    iteration   22: trace = 0.3957449776826434 (1.03007e-06% change)
    iteration   23: trace = 0.3957449766516611 (2.60517e-07% change)
    iteration   24: trace = 0.3957449764564555 (4.93261e-08% change)
    iteration   25: trace = 0.3957449763834329 (1.84519e-08% change)
    iteration   26: trace = 0.3957449763530202 (7.68493e-09% change)
Finished solving for bands 1 to 6 after 26 iterations.
tefreqs:, 1, -0.09, 0.14, 0, 0.143178, 0.0645369, 0.148963, 0.171636, 0.30102, 0.32264, 0.381079
elapsed time for k point: 2.693359136581421
total elapsed time for run: 2.7436671257019043
done
Initializing eigensolver data
Computing 6 bands with 1e-10 tolerance
Working in 2 dimensions.
Grid size is 336 x 112 x 1.
Solving for 6 bands at a time.
Creating Maxwell data...
Mesh size is 3.
Lattice vectors:
     (3, 0, 0)
     (0, 1, 0)
     (0, 0, 1)
Cell volume = 3
Reciprocal lattice vectors (/ 2 pi):
     (0.333333, -0, 0)
     (-0, 1, -0)
     (0, -0, 1)
Geometric objects:
     block, center = (0,0,0)
          size (1e+20,1e+20,1)
          axes (1,0,0), (0,1,0), (0,0,1)
     prism, center = (8.92857e-05,-1.38778e-17,0.5)
          height 1, axis (0,0,1), sidewall angle: 0 radians, 4 vertices:
          (0.250089,0.25,0)
          (-0.249911,0.25,0)
          (-0.249911,-0.25,0)
          (0.250089,-0.25,0)
     prism, center = (1.00009,-1.38778e-17,0.5)
          height 1, axis (0,0,1), sidewall angle: 0 radians, 4 vertices:
          (1.25009,0.25,0)
          (0.750089,0.25,0)
          (0.750089,-0.25,0)
          (1.25009,-0.25,0)
     prism, center = (2.00009,-1.38778e-17,0.5)
          height 1, axis (0,0,1), sidewall angle: 0 radians, 4 vertices:
          (2.25009,0.25,0)
          (1.75009,0.25,0)
          (1.75009,-0.25,0)
          (2.25009,-0.25,0)
Geometric object tree has depth 2 and 21 object nodes (vs. 4 actual objects)
Initializing epsilon function...
Allocating fields...
Solving for band polarization: te.
Initializing fields to random numbers...
1 k-points
  Vector3<-0.09, 0.14, 0.0>
elapsed time for initialization: 0.043798208236694336
solve_kpoint (-0.09,0.14,0):
tefreqs:, k index, k1, k2, k3, kmag/2pi, te band 1, te band 2, te band 3, te band 4, te band 5, te band 6
Solving for bands 1 to 6...
    near maximum in trace
    iteration    1: trace = 2.4398106606684 (199.753% change)
    iteration    2: trace = 0.5663233428445235 (124.644% change)
    iteration    3: trace = 0.4581521664056419 (21.1174% change)
    iteration    4: trace = 0.4273142548741825 (6.96535% change)
    iteration    5: trace = 0.4157239708124378 (2.74965% change)
    iteration    6: trace = 0.406915201385333 (2.14159% change)
    iteration    7: trace = 0.4016154525990647 (1.31096% change)
    iteration    8: trace = 0.3974717374046752 (1.03711% change)
    iteration    9: trace = 0.3961090108779651 (0.343437% change)
    iteration   10: trace = 0.3956142714860896 (0.124978% change)
    iteration   11: trace = 0.3954959813063104 (0.0299049% change)
    iteration   12: trace = 0.3954313612488297 (0.0163403% change)
    iteration   13: trace = 0.3954041026272377 (0.00689363% change)
    iteration   14: trace = 0.3953912475854388 (0.00325117% change)
    iteration   15: trace = 0.3953877820175469 (0.000876495% change)
    iteration   16: trace = 0.3953867028573548 (0.000272938% change)
    iteration   17: trace = 0.395386437358192 (6.71493e-05% change)
    iteration   18: trace = 0.3953863290951593 (2.73816e-05% change)
    iteration   19: trace = 0.3953862826505155 (1.17466e-05% change)
    iteration   20: trace = 0.3953862603331848 (5.64444e-06% change)
    iteration   21: trace = 0.3953862534510006 (1.74062e-06% change)
    iteration   22: trace = 0.3953862518998764 (3.92306e-07% change)
    iteration   23: trace = 0.3953862515879192 (7.88994e-08% change)
    iteration   24: trace = 0.3953862515385227 (1.24932e-08% change)
    iteration   25: trace = 0.3953862515264795 (3.04593e-09% change)
Finished solving for bands 1 to 6 after 25 iterations.
tefreqs:, 1, -0.09, 0.14, 0, 0.143178, 0.0644873, 0.148929, 0.171605, 0.300936, 0.322555, 0.380782
elapsed time for k point: 2.481106996536255
total elapsed time for run: 2.5249886512756348
done
Initializing eigensolver data
Computing 6 bands with 1e-10 tolerance
Working in 2 dimensions.
Grid size is 336 x 112 x 1.
Solving for 6 bands at a time.
Creating Maxwell data...
Mesh size is 3.
Lattice vectors:
     (3, 0, 0)
     (0, 1, 0)
     (0, 0, 1)
Cell volume = 3
Reciprocal lattice vectors (/ 2 pi):
     (0.333333, -0, 0)
     (-0, 1, -0)
     (0, -0, 1)
Geometric objects:
     block, center = (0,0,0)
          size (1e+20,1e+20,1)
          axes (1,0,0), (0,1,0), (0,0,1)
     prism, center = (0.0075,0,0.5)
          height 1, axis (0,0,1), sidewall angle: 0 radians, 4 vertices:
          (-0.2425,-0.25,0)
          (-0.2425,0.25,0)
          (0.2575,0.25,0)
          (0.2575,-0.25,0)
     prism, center = (0.9925,0,0.5)
          height 1, axis (0,0,1), sidewall angle: 0 radians, 4 vertices:
          (0.7425,-0.25,0)
          (0.7425,0.25,0)
          (1.2425,0.25,0)
          (1.2425,-0.25,0)
     prism, center = (2,0,0.5)
          height 1, axis (0,0,1), sidewall angle: 0 radians, 4 vertices:
          (1.75,-0.25,0)
          (1.75,0.25,0)
          (2.25,0.25,0)
          (2.25,-0.25,0)
Geometric object tree has depth 2 and 21 object nodes (vs. 4 actual objects)
Initializing epsilon function...
Allocating fields...
Solving for band polarization: te.
Initializing fields to random numbers...
1 k-points
  Vector3<-0.09, 0.14, 0.0>
elapsed time for initialization: 0.04677295684814453
solve_kpoint (-0.09,0.14,0):
tefreqs:, k index, k1, k2, k3, kmag/2pi, te band 1, te band 2, te band 3, te band 4, te band 5, te band 6
Solving for bands 1 to 6...
    near maximum in trace
    iteration    1: trace = 2.028241329653754 (199.796% change)
    iteration    2: trace = 0.5239614370250356 (117.881% change)
    iteration    3: trace = 0.4448909304180985 (16.3225% change)
    iteration    4: trace = 0.4113896358691737 (7.82484% change)
    iteration    5: trace = 0.4025020046686438 (2.18398% change)
    iteration    6: trace = 0.3990514579249358 (0.860965% change)
    iteration    7: trace = 0.3979775275377023 (0.269483% change)
    iteration    8: trace = 0.3970903107412085 (0.22318% change)
    iteration    9: trace = 0.3967493191828559 (0.0859094% change)
    iteration   10: trace = 0.3966017722735472 (0.0371959% change)
    iteration   11: trace = 0.396573954133309 (0.00701437% change)
    iteration   12: trace = 0.3965662357777986 (0.00194628% change)
    iteration   13: trace = 0.3965638494451868 (0.000601751% change)
    iteration   14: trace = 0.3965623559062335 (0.000376621% change)
    iteration   15: trace = 0.3965617172381327 (0.000161051% change)
    iteration   16: trace = 0.3965615018031051 (5.43257e-05% change)
    iteration   17: trace = 0.3965614595703951 (1.06497e-05% change)
    iteration   18: trace = 0.3965614517242132 (1.97855e-06% change)
    iteration   19: trace = 0.3965614499918441 (4.36848e-07% change)
    iteration   20: trace = 0.396561449501665 (1.23607e-07% change)
    iteration   21: trace = 0.3965614492577589 (6.15052e-08% change)
    iteration   22: trace = 0.3965614491558722 (2.56925e-08% change)
    iteration   23: trace = 0.3965614491113538 (1.12261e-08% change)
    iteration   24: trace = 0.3965614490991839 (3.06886e-09% change)
Finished solving for bands 1 to 6 after 24 iterations.
tefreqs:, 1, -0.09, 0.14, 0, 0.143178, 0.0645423, 0.149088, 0.171789, 0.301435, 0.323202, 0.381228
elapsed time for k point: 3.013455867767334
total elapsed time for run: 3.060317277908325
done
Initializing eigensolver data
Computing 6 bands with 1e-10 tolerance
Working in 2 dimensions.
Grid size is 336 x 112 x 1.
Solving for 6 bands at a time.
Creating Maxwell data...
Mesh size is 3.
Lattice vectors:
     (3, 0, 0)
     (0, 1, 0)
     (0, 0, 1)
Cell volume = 3
Reciprocal lattice vectors (/ 2 pi):
     (0.333333, -0, 0)
     (-0, 1, -0)
     (0, -0, 1)
Geometric objects:
     block, center = (0,0,0)
          size (1e+20,1e+20,1)
          axes (1,0,0), (0,1,0), (0,0,1)
     prism, center = (1.0075,0,0.5)
          height 1, axis (0,0,1), sidewall angle: 0 radians, 4 vertices:
          (0.7575,-0.25,0)
          (0.7575,0.25,0)
          (1.2575,0.25,0)
          (1.2575,-0.25,0)
     prism, center = (2,0,0.5)
          height 1, axis (0,0,1), sidewall angle: 0 radians, 4 vertices:
          (1.75,-0.25,0)
          (1.75,0.25,0)
          (2.25,0.25,0)
          (2.25,-0.25,0)
     prism, center = (2.9925,0,0.5)
          height 1, axis (0,0,1), sidewall angle: 0 radians, 4 vertices:
          (2.7425,-0.25,0)
          (2.7425,0.25,0)
          (3.2425,0.25,0)
          (3.2425,-0.25,0)
Geometric object tree has depth 2 and 21 object nodes (vs. 4 actual objects)
Initializing epsilon function...
Allocating fields...
Solving for band polarization: te.
Initializing fields to random numbers...
1 k-points
  Vector3<-0.09, 0.14, 0.0>
elapsed time for initialization: 0.0512850284576416
solve_kpoint (-0.09,0.14,0):
tefreqs:, k index, k1, k2, k3, kmag/2pi, te band 1, te band 2, te band 3, te band 4, te band 5, te band 6
Solving for bands 1 to 6...
    near maximum in trace
    iteration    1: trace = 2.314539546470732 (199.766% change)
    iteration    2: trace = 0.5438465076999466 (123.895% change)
    iteration    3: trace = 0.452173269467787 (18.4079% change)
    iteration    4: trace = 0.416472108059956 (8.21996% change)
    iteration    5: trace = 0.4057163276388241 (2.61638% change)
    iteration    6: trace = 0.40094975662402 (1.1818% change)
    iteration    7: trace = 0.399071132381808 (0.469644% change)
    iteration    8: trace = 0.3975289279911878 (0.387197% change)
    iteration    9: trace = 0.396922777739534 (0.152596% change)
    iteration   10: trace = 0.3966548317241927 (0.0675286% change)
    iteration   11: trace = 0.3965910911290302 (0.0160708% change)
    iteration   12: trace = 0.3965687947990378 (0.00562215% change)
    iteration   13: trace = 0.3965619728692357 (0.00172025% change)
    iteration   14: trace = 0.3965586683662595 (0.000833291% change)
    iteration   15: trace = 0.3965574424838385 (0.000309131% change)
    iteration   16: trace = 0.3965569936518198 (0.000113182% change)
    iteration   17: trace = 0.3965568806712169 (2.84904e-05% change)
    iteration   18: trace = 0.3965568542323112 (6.66712e-06% change)
    iteration   19: trace = 0.3965568461302624 (2.0431e-06% change)
    iteration   20: trace = 0.3965568420276799 (1.03455e-06% change)
    iteration   21: trace = 0.3965568399393278 (5.26621e-07% change)
    iteration   22: trace = 0.3965568393590522 (1.46328e-07% change)
    iteration   23: trace = 0.3965568391906057 (4.24773e-08% change)
    iteration   24: trace = 0.3965568391552359 (8.91922e-09% change)
Finished solving for bands 1 to 6 after 24 iterations.
tefreqs:, 1, -0.09, 0.14, 0, 0.143178, 0.0645422, 0.149088, 0.171789, 0.301422, 0.32322, 0.381216
elapsed time for k point: 3.0570013523101807
total elapsed time for run: 3.1083829402923584
done
Initializing eigensolver data
Computing 6 bands with 1e-10 tolerance
Working in 2 dimensions.
Grid size is 336 x 112 x 1.
Solving for 6 bands at a time.
Creating Maxwell data...
Mesh size is 3.
Lattice vectors:
     (3, 0, 0)
     (0, 1, 0)
     (0, 0, 1)
Cell volume = 3
Reciprocal lattice vectors (/ 2 pi):
     (0.333333, -0, 0)
     (-0, 1, -0)
     (0, -0, 1)
Geometric objects:
     block, center = (0,0,0)
          size (1e+20,1e+20,1)
          axes (1,0,0), (0,1,0), (0,0,1)
     prism, center = (0.0033541,-1.38778e-17,0.5)
          height 1, axis (0,0,1), sidewall angle: 0 radians, 4 vertices:
          (0.253354,0.25,0)
          (-0.246646,0.25,0)
          (-0.246646,-0.25,0)
          (0.253354,-0.25,0)
     prism, center = (1.00413,-1.38778e-17,0.5)
          height 1, axis (0,0,1), sidewall angle: 0 radians, 4 vertices:
          (1.25413,0.25,0)
          (0.754132,0.25,0)
          (0.754132,-0.25,0)
          (1.25413,-0.25,0)
     prism, center = (1.99251,-1.38778e-17,0.5)
          height 1, axis (0,0,1), sidewall angle: 0 radians, 4 vertices:
          (2.24251,0.25,0)
          (1.74251,0.25,0)
          (1.74251,-0.25,0)
          (2.24251,-0.25,0)
Geometric object tree has depth 2 and 21 object nodes (vs. 4 actual objects)
Initializing epsilon function...
Allocating fields...
Solving for band polarization: te.
Initializing fields to random numbers...
1 k-points
  Vector3<-0.09, 0.14, 0.0>
elapsed time for initialization: 0.05074930191040039
solve_kpoint (-0.09,0.14,0):
tefreqs:, k index, k1, k2, k3, kmag/2pi, te band 1, te band 2, te band 3, te band 4, te band 5, te band 6
Solving for bands 1 to 6...
    near maximum in trace
    iteration    1: trace = 2.212819971543852 (199.775% change)
    iteration    2: trace = 0.5219004682269618 (123.663% change)
    iteration    3: trace = 0.4540017568903243 (13.9151% change)
    iteration    4: trace = 0.4283049973366687 (5.8249% change)
    iteration    5: trace = 0.4170713123376238 (2.65768% change)
    iteration    6: trace = 0.4075136936779397 (2.31816% change)
    iteration    7: trace = 0.4020433933962937 (1.35143% change)
    iteration    8: trace = 0.3976226622286192 (1.10564% change)
    iteration    9: trace = 0.3963413740884429 (0.322757% change)
    iteration   10: trace = 0.3958241393175082 (0.130588% change)
    iteration   11: trace = 0.3956792488837954 (0.0366115% change)
    iteration   12: trace = 0.3955793696194051 (0.0252457% change)
    iteration   13: trace = 0.3955348188848885 (0.0112628% change)
    iteration   14: trace = 0.3955166436415549 (0.00459521% change)
    iteration   15: trace = 0.3955123579783066 (0.00108357% change)
    iteration   16: trace = 0.3955113381256253 (0.000257856% change)
    iteration   17: trace = 0.3955110607952327 (7.01195e-05% change)
    iteration   18: trace = 0.3955109782508939 (2.08703e-05% change)
    iteration   19: trace = 0.395510942694755 (8.98993e-06% change)
    iteration   20: trace = 0.3955109307603325 (3.01747e-06% change)
    iteration   21: trace = 0.3955109262976733 (1.12833e-06% change)
    iteration   22: trace = 0.3955109252292335 (2.70142e-07% change)
    iteration   23: trace = 0.3955109248985985 (8.35969e-08% change)
    iteration   24: trace = 0.3955109247930283 (2.66921e-08% change)
    iteration   25: trace = 0.3955109247297129 (1.60085e-08% change)
    iteration   26: trace = 0.3955109247020081 (7.00482e-09% change)
Finished solving for bands 1 to 6 after 26 iterations.
tefreqs:, 1, -0.09, 0.14, 0, 0.143178, 0.0645075, 0.14894, 0.171631, 0.300885, 0.322632, 0.380902
elapsed time for k point: 3.981088161468506
total elapsed time for run: 4.031928539276123
done
Initializing eigensolver data
Computing 6 bands with 1e-10 tolerance
Working in 2 dimensions.
Grid size is 336 x 112 x 1.
Solving for 6 bands at a time.
Creating Maxwell data...
Mesh size is 3.
Lattice vectors:
     (3, 0, 0)
     (0, 1, 0)
     (0, 0, 1)
Cell volume = 3
Reciprocal lattice vectors (/ 2 pi):
     (0.333333, -0, 0)
     (-0, 1, -0)
     (0, -0, 1)
Geometric objects:
     block, center = (0,0,0)
          size (1e+20,1e+20,1)
          axes (1,0,0), (0,1,0), (0,0,1)
     prism, center = (-0.0033541,-1.38778e-17,0.5)
          height 1, axis (0,0,1), sidewall angle: 0 radians, 4 vertices:
          (0.246646,0.25,0)
          (-0.253354,0.25,0)
          (-0.253354,-0.25,0)
          (0.246646,-0.25,0)
     prism, center = (0.995868,-1.38778e-17,0.5)
          height 1, axis (0,0,1), sidewall angle: 0 radians, 4 vertices:
          (1.24587,0.25,0)
          (0.745868,0.25,0)
          (0.745868,-0.25,0)
          (1.24587,-0.25,0)
     prism, center = (2.00749,-1.38778e-17,0.5)
          height 1, axis (0,0,1), sidewall angle: 0 radians, 4 vertices:
          (2.25749,0.25,0)
          (1.75749,0.25,0)
          (1.75749,-0.25,0)
          (2.25749,-0.25,0)
Geometric object tree has depth 2 and 21 object nodes (vs. 4 actual objects)
Initializing epsilon function...
Allocating fields...
Solving for band polarization: te.
Initializing fields to random numbers...
1 k-points
  Vector3<-0.09, 0.14, 0.0>
elapsed time for initialization: 0.0897665023803711
solve_kpoint (-0.09,0.14,0):
tefreqs:, k index, k1, k2, k3, kmag/2pi, te band 1, te band 2, te band 3, te band 4, te band 5, te band 6
Solving for bands 1 to 6...
    near maximum in trace
    iteration    1: trace = 2.295825823723791 (199.766% change)
    iteration    2: trace = 0.6112887152020032 (115.891% change)
    iteration    3: trace = 0.428440432551071 (35.1723% change)
    iteration    4: trace = 0.4094595437508485 (4.53059% change)
    iteration    5: trace = 0.4002190163987426 (2.28252% change)
    iteration    6: trace = 0.3979954521261824 (0.557135% change)
    iteration    7: trace = 0.3965923092148148 (0.353175% change)
    iteration    8: trace = 0.3960284617050933 (0.142274% change)
    iteration    9: trace = 0.3956383819696234 (0.0985464% change)
    iteration   10: trace = 0.3955548604660093 (0.0211128% change)
    iteration   11: trace = 0.3955252941789756 (0.00747492% change)
    iteration   12: trace = 0.3955182452118227 (0.00178219% change)
    iteration   13: trace = 0.3955138406872745 (0.00111361% change)
    iteration   14: trace = 0.395512330984817 (0.000381707% change)
    iteration   15: trace = 0.3955116233161138 (0.000178925% change)
    iteration   16: trace = 0.3955114526564642 (4.31491e-05% change)
    iteration   17: trace = 0.3955113945827045 (1.46832e-05% change)
    iteration   18: trace = 0.3955113793863494 (3.8422e-06% change)
    iteration   19: trace = 0.3955113739341366 (1.37852e-06% change)
    iteration   20: trace = 0.3955113715070634 (6.13654e-07% change)
    iteration   21: trace = 0.3955113704118328 (2.76915e-07% change)
    iteration   22: trace = 0.3955113700548416 (9.02607e-08% change)
    iteration   23: trace = 0.3955113699861152 (1.73766e-08% change)
    iteration   24: trace = 0.3955113699683478 (4.49227e-09% change)
Finished solving for bands 1 to 6 after 24 iterations.
tefreqs:, 1, -0.09, 0.14, 0, 0.143178, 0.0645075, 0.14894, 0.17163, 0.300886, 0.322632, 0.380902
elapsed time for k point: 3.386831045150757
total elapsed time for run: 3.4766933917999268
done
Initializing eigensolver data
Computing 6 bands with 1e-10 tolerance
Working in 2 dimensions.
Grid size is 336 x 112 x 1.
Solving for 6 bands at a time.
Creating Maxwell data...
Mesh size is 3.
Lattice vectors:
     (3, 0, 0)
     (0, 1, 0)
     (0, 0, 1)
Cell volume = 3
Reciprocal lattice vectors (/ 2 pi):
     (0.333333, -0, 0)
     (-0, 1, -0)
     (0, -0, 1)
Geometric objects:
     block, center = (0,0,0)
          size (1e+20,1e+20,1)
          axes (1,0,0), (0,1,0), (0,0,1)
     prism, center = (0.0075,-1.38778e-17,0.5)
          height 1, axis (0,0,1), sidewall angle: 0 radians, 4 vertices:
          (0.2575,0.25,0)
          (-0.2425,0.25,0)
          (-0.2425,-0.25,0)
          (0.2575,-0.25,0)
     prism, center = (1.0075,-1.38778e-17,0.5)
          height 1, axis (0,0,1), sidewall angle: 0 radians, 4 vertices:
          (1.2575,0.25,0)
          (0.7575,0.25,0)
          (0.7575,-0.25,0)
          (1.2575,-0.25,0)
     prism, center = (2.0075,-1.38778e-17,0.5)
          height 1, axis (0,0,1), sidewall angle: 0 radians, 4 vertices:
          (2.2575,0.25,0)
          (1.7575,0.25,0)
          (1.7575,-0.25,0)
          (2.2575,-0.25,0)
Geometric object tree has depth 2 and 21 object nodes (vs. 4 actual objects)
Initializing epsilon function...
Allocating fields...
Solving for band polarization: te.
Initializing fields to random numbers...
1 k-points
  Vector3<-0.09, 0.14, 0.0>
elapsed time for initialization: 0.044089555740356445
solve_kpoint (-0.09,0.14,0):
tefreqs:, k index, k1, k2, k3, kmag/2pi, te band 1, te band 2, te band 3, te band 4, te band 5, te band 6
Solving for bands 1 to 6...
    near maximum in trace
    iteration    1: trace = 2.087942252114876 (199.788% change)
    iteration    2: trace = 0.6016906699871426 (110.517% change)
    iteration    3: trace = 0.4476461062797467 (29.3604% change)
    iteration    4: trace = 0.4311217261786551 (3.76081% change)
    iteration    5: trace = 0.4192507852098242 (2.79194% change)
    iteration    6: trace = 0.4137630427363603 (1.31756% change)
    iteration    7: trace = 0.4061523597151843 (1.85646% change)
    iteration    8: trace = 0.4003393195495679 (1.44156% change)
    iteration    9: trace = 0.3973025024874529 (0.761449% change)
    iteration   10: trace = 0.3964403927270245 (0.217226% change)
    iteration   11: trace = 0.3959483225160964 (0.124199% change)
    iteration   12: trace = 0.3956829605161221 (0.0670418% change)
    iteration   13: trace = 0.3955735084455808 (0.0276654% change)
    iteration   14: trace = 0.3955508289673845 (0.00573348% change)
    iteration   15: trace = 0.395544301401487 (0.00165026% change)
    iteration   16: trace = 0.3955430904958619 (0.000306137% change)
    iteration   17: trace = 0.3955426488357716 (0.000111659% change)
    iteration   18: trace = 0.3955424814217127 (4.23252e-05% change)
    iteration   19: trace = 0.3955423980786687 (2.10706e-05% change)
    iteration   20: trace = 0.3955423673742495 (7.76261e-06% change)
    iteration   21: trace = 0.3955423575300615 (2.48878e-06% change)
    iteration   22: trace = 0.3955423548427235 (6.79406e-07% change)
    iteration   23: trace = 0.3955423539682961 (2.2107e-07% change)
    iteration   24: trace = 0.3955423536044914 (9.19762e-08% change)
    iteration   25: trace = 0.3955423534436449 (4.06648e-08% change)
    iteration   26: trace = 0.3955423533861593 (1.45333e-08% change)
    iteration   27: trace = 0.3955423533730735 (3.30832e-09% change)
Finished solving for bands 1 to 6 after 27 iterations.
tefreqs:, 1, -0.09, 0.14, 0, 0.143178, 0.0645103, 0.148942, 0.171617, 0.300964, 0.322585, 0.380926
elapsed time for k point: 4.652119159698486
total elapsed time for run: 4.696298837661743
done
Initializing eigensolver data
Computing 6 bands with 1e-10 tolerance
Working in 2 dimensions.
Grid size is 336 x 112 x 1.
Solving for 6 bands at a time.
Creating Maxwell data...
Mesh size is 3.
Lattice vectors:
     (3, 0, 0)
     (0, 1, 0)
     (0, 0, 1)
Cell volume = 3
Reciprocal lattice vectors (/ 2 pi):
     (0.333333, -0, 0)
     (-0, 1, -0)
     (0, -0, 1)
Geometric objects:
     block, center = (0,0,0)
          size (1e+20,1e+20,1)
          axes (1,0,0), (0,1,0), (0,0,1)
     prism, center = (-0.0075,-1.38778e-17,0.5)
          height 1, axis (0,0,1), sidewall angle: 0 radians, 4 vertices:
          (0.2425,0.25,0)
          (-0.2575,0.25,0)
          (-0.2575,-0.25,0)
          (0.2425,-0.25,0)
     prism, center = (0.9925,-1.38778e-17,0.5)
          height 1, axis (0,0,1), sidewall angle: 0 radians, 4 vertices:
          (1.2425,0.25,0)
          (0.7425,0.25,0)
          (0.7425,-0.25,0)
          (1.2425,-0.25,0)
     prism, center = (1.9925,-1.38778e-17,0.5)
          height 1, axis (0,0,1), sidewall angle: 0 radians, 4 vertices:
          (2.2425,0.25,0)
          (1.7425,0.25,0)
          (1.7425,-0.25,0)
          (2.2425,-0.25,0)
Geometric object tree has depth 2 and 21 object nodes (vs. 4 actual objects)
Initializing epsilon function...
Allocating fields...
Solving for band polarization: te.
Initializing fields to random numbers...
1 k-points
  Vector3<-0.09, 0.14, 0.0>
elapsed time for initialization: 0.08767342567443848
solve_kpoint (-0.09,0.14,0):
tefreqs:, k index, k1, k2, k3, kmag/2pi, te band 1, te band 2, te band 3, te band 4, te band 5, te band 6
Solving for bands 1 to 6...
    near maximum in trace
    iteration    1: trace = 2.473659887378189 (199.75% change)
    iteration    2: trace = 0.6708151164591424 (114.667% change)
    iteration    3: trace = 0.4713797696965236 (34.9214% change)
    iteration    4: trace = 0.4342154754766944 (8.20771% change)
    iteration    5: trace = 0.4151338926068991 (4.49322% change)
    iteration    6: trace = 0.4079515882639335 (1.74521% change)
    iteration    7: trace = 0.4019066268337165 (1.49284% change)
    iteration    8: trace = 0.3981815690920623 (0.931162% change)
    iteration    9: trace = 0.3963400720559095 (0.463549% change)
    iteration   10: trace = 0.3958389176304096 (0.126526% change)
    iteration   11: trace = 0.3956528216854819 (0.0470241% change)
    iteration   12: trace = 0.3955942427514736 (0.0148067% change)
    iteration   13: trace = 0.3955600195749745 (0.00865145% change)
    iteration   14: trace = 0.3955483722351947 (0.00294456% change)
    iteration   15: trace = 0.3955438748513478 (0.00113701% change)
    iteration   16: trace = 0.3955429089518356 (0.000244196% change)
    iteration   17: trace = 0.3955425535166663 (8.98601e-05% change)
    iteration   18: trace = 0.3955424444485074 (2.75743e-05% change)
    iteration   19: trace = 0.3955423864827333 (1.46548e-05% change)
    iteration   20: trace = 0.3955423644729513 (5.56446e-06% change)
    iteration   21: trace = 0.3955423558411565 (2.18227e-06% change)
    iteration   22: trace = 0.3955423539392084 (4.80846e-07% change)
    iteration   23: trace = 0.3955423535119625 (1.08015e-07% change)
    iteration   24: trace = 0.3955423534180119 (2.37524e-08% change)
    iteration   25: trace = 0.3955423533891297 (7.30192e-09% change)
Finished solving for bands 1 to 6 after 25 iterations.
tefreqs:, 1, -0.09, 0.14, 0, 0.143178, 0.0645103, 0.148942, 0.171617, 0.300964, 0.322585, 0.380926
elapsed time for k point: 2.9824330806732178
total elapsed time for run: 3.070185899734497
done
Initializing eigensolver data
Computing 6 bands with 1e-10 tolerance
Working in 2 dimensions.
Grid size is 336 x 112 x 1.
Solving for 6 bands at a time.
Creating Maxwell data...
Mesh size is 3.
Lattice vectors:
     (3, 0, 0)
     (0, 1, 0)
     (0, 0, 1)
Cell volume = 3
Reciprocal lattice vectors (/ 2 pi):
     (0.333333, -0, 0)
     (-0, 1, -0)
     (0, -0, 1)
Geometric objects:
     block, center = (0,0,0)
          size (1e+20,1e+20,1)
          axes (1,0,0), (0,1,0), (0,0,1)
     prism, center = (2,0,0.5)
          height 1, axis (0,0,1), sidewall angle: 0 radians, 4 vertices:
          (1.75,-0.25,0)
          (1.75,0.25,0)
          (2.25,0.25,0)
          (2.25,-0.25,0)
     prism, center = (0.9925,0,0.5)
          height 1, axis (0,0,1), sidewall angle: 0 radians, 4 vertices:
          (0.7425,-0.25,0)
          (0.7425,0.25,0)
          (1.2425,0.25,0)
          (1.2425,-0.25,0)
     prism, center = (0.0075,0,0.5)
          height 1, axis (0,0,1), sidewall angle: 0 radians, 4 vertices:
          (-0.2425,-0.25,0)
          (-0.2425,0.25,0)
          (0.2575,0.25,0)
          (0.2575,-0.25,0)
Geometric object tree has depth 2 and 21 object nodes (vs. 4 actual objects)
Initializing epsilon function...
Allocating fields...
Solving for band polarization: te.
Initializing fields to random numbers...
1 k-points
  Vector3<-0.09, 0.14, 0.0>
elapsed time for initialization: 0.044547080993652344
solve_kpoint (-0.09,0.14,0):
tefreqs:, k index, k1, k2, k3, kmag/2pi, te band 1, te band 2, te band 3, te band 4, te band 5, te band 6
Solving for bands 1 to 6...
    near maximum in trace
    iteration    1: trace = 2.022956982437644 (199.796% change)
    iteration    2: trace = 0.5478619386474994 (114.757% change)
    iteration    3: trace = 0.4207186328556041 (26.2535% change)
    iteration    4: trace = 0.4065164287548226 (3.43366% change)
    iteration    5: trace = 0.4003430375295979 (1.53023% change)
    iteration    6: trace = 0.3986385503721825 (0.426665% change)
    iteration    7: trace = 0.3974078005485194 (0.309216% change)
    iteration    8: trace = 0.39691385856269 (0.124368% change)
    iteration    9: trace = 0.3966443652650706 (0.0679202% change)
    iteration   10: trace = 0.3965929619257751 (0.0129604% change)
    iteration   11: trace = 0.3965729771240379 (0.00503925% change)
    iteration   12: trace = 0.3965668268605271 (0.00155086% change)
    iteration   13: trace = 0.3965631344940236 (0.000931087% change)
    iteration   14: trace = 0.3965619664977059 (0.00029453% change)
    iteration   15: trace = 0.3965615630094629 (0.000101747% change)
    iteration   16: trace = 0.39656148855308 (1.87755e-05% change)
    iteration   17: trace = 0.3965614633995679 (6.3429e-06% change)
    iteration   18: trace = 0.3965614555519936 (1.9789e-06% change)
    iteration   19: trace = 0.3965614514050064 (1.04574e-06% change)
    iteration   20: trace = 0.3965614498328217 (3.96454e-07% change)
    iteration   21: trace = 0.3965614492698359 (1.41967e-07% change)
    iteration   22: trace = 0.3965614491375736 (3.33523e-08% change)
    iteration   23: trace = 0.3965614491047701 (8.27198e-09% change)
Finished solving for bands 1 to 6 after 23 iterations.
tefreqs:, 1, -0.09, 0.14, 0, 0.143178, 0.0645423, 0.149088, 0.171789, 0.301435, 0.323202, 0.381228
elapsed time for k point: 2.900519847869873
total elapsed time for run: 2.9451684951782227
done
Initializing eigensolver data
Computing 6 bands with 1e-10 tolerance
Working in 2 dimensions.
Grid size is 336 x 112 x 1.
Solving for 6 bands at a time.
Creating Maxwell data...
Mesh size is 3.
Lattice vectors:
     (3, 0, 0)
     (0, 1, 0)
     (0, 0, 1)
Cell volume = 3
Reciprocal lattice vectors (/ 2 pi):
     (0.333333, -0, 0)
     (-0, 1, -0)
     (0, -0, 1)
Geometric objects:
     block, center = (0,0,0)
          size (1e+20,1e+20,1)
          axes (1,0,0), (0,1,0), (0,0,1)
     prism, center = (1.99251,-1.38778e-17,0.5)
          height 1, axis (0,0,1), sidewall angle: 0 radians, 4 vertices:
          (2.24251,0.25,0)
          (1.74251,0.25,0)
          (1.74251,-0.25,0)
          (2.24251,-0.25,0)
     prism, center = (1.00413,-1.38778e-17,0.5)
          height 1, axis (0,0,1), sidewall angle: 0 radians, 4 vertices:
          (1.25413,0.25,0)
          (0.754132,0.25,0)
          (0.754132,-0.25,0)
          (1.25413,-0.25,0)
     prism, center = (0.0033541,-1.38778e-17,0.5)
          height 1, axis (0,0,1), sidewall angle: 0 radians, 4 vertices:
          (0.253354,0.25,0)
          (-0.246646,0.25,0)
          (-0.246646,-0.25,0)
          (0.253354,-0.25,0)
Geometric object tree has depth 2 and 21 object nodes (vs. 4 actual objects)
Initializing epsilon function...
Allocating fields...
Solving for band polarization: te.
Initializing fields to random numbers...
1 k-points
  Vector3<-0.09, 0.14, 0.0>
elapsed time for initialization: 0.04697465896606445
solve_kpoint (-0.09,0.14,0):
tefreqs:, k index, k1, k2, k3, kmag/2pi, te band 1, te band 2, te band 3, te band 4, te band 5, te band 6
Solving for bands 1 to 6...
    near maximum in trace
    iteration    1: trace = 2.029880428897638 (199.794% change)
    iteration    2: trace = 0.5224422135098241 (118.123% change)
    iteration    3: trace = 0.4433878879103861 (16.3702% change)
    iteration    4: trace = 0.4125431145725201 (7.2073% change)
    iteration    5: trace = 0.4030969326908754 (2.31626% change)
    iteration    6: trace = 0.3988612922909994 (1.05632% change)
    iteration    7: trace = 0.3972497488682698 (0.404854% change)
    iteration    8: trace = 0.3960943417774235 (0.291275% change)
    iteration    9: trace = 0.3957033609273597 (0.0987578% change)
    iteration   10: trace = 0.395566852621195 (0.0345036% change)
    iteration   11: trace = 0.395533018107517 (0.00855379% change)
    iteration   12: trace = 0.3955206773677161 (0.00312008% change)
    iteration   13: trace = 0.3955151100230214 (0.00140761% change)
    iteration   14: trace = 0.3955124624315655 (0.000669406% change)
    iteration   15: trace = 0.395511386121905 (0.000272131% change)
    iteration   16: trace = 0.3955110667314418 (8.07538e-05% change)
    iteration   17: trace = 0.3955109745610583 (2.33041e-05% change)
    iteration   18: trace = 0.395510947829569 (6.75872e-06% change)
    iteration   19: trace = 0.3955109340325011 (3.48842e-06% change)
    iteration   20: trace = 0.3955109278060923 (1.57427e-06% change)
    iteration   21: trace = 0.3955109252616106 (6.4334e-07% change)
    iteration   22: trace = 0.3955109248202213 (1.116e-07% change)
    iteration   23: trace = 0.3955109247152218 (2.65478e-08% change)
    iteration   24: trace = 0.3955109246959549 (4.87137e-09% change)
Finished solving for bands 1 to 6 after 24 iterations.
tefreqs:, 1, -0.09, 0.14, 0, 0.143178, 0.0645075, 0.14894, 0.171631, 0.300885, 0.322632, 0.380902
elapsed time for k point: 3.8048651218414307
total elapsed time for run: 3.8519184589385986
done
Initializing eigensolver data
Computing 6 bands with 1e-10 tolerance
Working in 2 dimensions.
Grid size is 336 x 112 x 1.
Solving for 6 bands at a time.
Creating Maxwell data...
Mesh size is 3.
Lattice vectors:
     (3, 0, 0)
     (0, 1, 0)
     (0, 0, 1)
Cell volume = 3
Reciprocal lattice vectors (/ 2 pi):
     (0.333333, -0, 0)
     (-0, 1, -0)
     (0, -0, 1)
Geometric objects:
     block, center = (0,0,0)
          size (1e+20,1e+20,1)
          axes (1,0,0), (0,1,0), (0,0,1)
     prism, center = (2.0075,-1.38778e-17,0.5)
          height 1, axis (0,0,1), sidewall angle: 0 radians, 4 vertices:
          (2.2575,0.25,0)
          (1.7575,0.25,0)
          (1.7575,-0.25,0)
          (2.2575,-0.25,0)
     prism, center = (1.0075,-1.38778e-17,0.5)
          height 1, axis (0,0,1), sidewall angle: 0 radians, 4 vertices:
          (1.2575,0.25,0)
          (0.7575,0.25,0)
          (0.7575,-0.25,0)
          (1.2575,-0.25,0)
     prism, center = (0.0075,-1.38778e-17,0.5)
          height 1, axis (0,0,1), sidewall angle: 0 radians, 4 vertices:
          (0.2575,0.25,0)
          (-0.2425,0.25,0)
          (-0.2425,-0.25,0)
          (0.2575,-0.25,0)
Geometric object tree has depth 2 and 21 object nodes (vs. 4 actual objects)
Initializing epsilon function...
Allocating fields...
Solving for band polarization: te.
Initializing fields to random numbers...
1 k-points
  Vector3<-0.09, 0.14, 0.0>
elapsed time for initialization: 0.04454302787780762
solve_kpoint (-0.09,0.14,0):
tefreqs:, k index, k1, k2, k3, kmag/2pi, te band 1, te band 2, te band 3, te band 4, te band 5, te band 6
Solving for bands 1 to 6...
    near maximum in trace
    iteration    1: trace = 2.158399861632571 (199.782% change)
    iteration    2: trace = 0.6126684638863191 (111.562% change)
    iteration    3: trace = 0.4519623021945341 (30.19% change)
    iteration    4: trace = 0.427337938611365 (5.6009% change)
    iteration    5: trace = 0.4150035676961434 (2.92859% change)
    iteration    6: trace = 0.4099079356257789 (1.23544% change)
    iteration    7: trace = 0.4031553942607915 (1.66101% change)
    iteration    8: trace = 0.3987025087798265 (1.11064% change)
    iteration    9: trace = 0.3964749356106916 (0.560271% change)
    iteration   10: trace = 0.3959212083309054 (0.13976% change)
    iteration   11: trace = 0.3956966855043024 (0.0567251% change)
    iteration   12: trace = 0.395613933568474 (0.0209152% change)
    iteration   13: trace = 0.3955623164084427 (0.0130482% change)
    iteration   14: trace = 0.3955484283171293 (0.00351104% change)
    iteration   15: trace = 0.3955438857264231 (0.00114844% change)
    iteration   16: trace = 0.3955429316206341 (0.000241214% change)
    iteration   17: trace = 0.3955425822259312 (8.8333e-05% change)
    iteration   18: trace = 0.3955424546401347 (3.22559e-05% change)
    iteration   19: trace = 0.3955423851008195 (1.75807e-05% change)
    iteration   20: trace = 0.3955423623355381 (5.75546e-06% change)
    iteration   21: trace = 0.3955423553510629 (1.7658e-06% change)
    iteration   22: trace = 0.3955423538611989 (3.76664e-07% change)
    iteration   23: trace = 0.3955423535525182 (7.80399e-08% change)
    iteration   24: trace = 0.3955423534527333 (2.52274e-08% change)
    iteration   25: trace = 0.3955423534079882 (1.13123e-08% change)
    iteration   26: trace = 0.3955423533799455 (7.08968e-09% change)
Finished solving for bands 1 to 6 after 26 iterations.
tefreqs:, 1, -0.09, 0.14, 0, 0.143178, 0.0645103, 0.148942, 0.171617, 0.300964, 0.322585, 0.380926
elapsed time for k point: 3.0882341861724854
total elapsed time for run: 3.132856845855713
done
