Initializing eigensolver data
Computing 6 bands with 1e-10 tolerance
Working in 2 dimensions.
Grid size is 288 x 96 x 1.
Solving for 6 bands at a time.
Creating Maxwell data...
Mesh size is 3.
Lattice vectors:
     (3, 0, 0)
     (0, 1, 0)
     (0, 0, 1)
Cell volume = 3
Reciprocal lattice vectors (/ 2 pi):
     (0.333333, -0, 0)
     (-0, 1, -0)
     (0, -0, 1)
Geometric objects:
     block, center = (0,0,0)
          size (1e+20,1e+20,1)
          axes (1,0,0), (0,1,0), (0,0,1)
     prism, center = (-2.08167e-17,-1.38778e-17,0.5)
          height 1, axis (0,0,1), sidewall angle: 0 radians, 4 vertices:
          (0.25,0.25,0)
          (-0.25,0.25,0)
          (-0.25,-0.25,0)
          (0.25,-0.25,0)
     prism, center = (1,-1.38778e-17,0.5)
          height 1, axis (0,0,1), sidewall angle: 0 radians, 4 vertices:
          (1.25,0.25,0)
          (0.75,0.25,0)
          (0.75,-0.25,0)
          (1.25,-0.25,0)
     prism, center = (2,-1.38778e-17,0.5)
          height 1, axis (0,0,1), sidewall angle: 0 radians, 4 vertices:
          (2.25,0.25,0)
          (1.75,0.25,0)
          (1.75,-0.25,0)
          (2.25,-0.25,0)
Geometric object tree has depth 2 and 21 object nodes (vs. 4 actual objects)
Initializing epsilon function...
Allocating fields...
Solving for band polarization: te.
Initializing fields to random numbers...
1 k-points
  Vector3<-0.09, 0.14, 0.0>
elapsed time for initialization: 0.03035283088684082
solve_kpoint (-0.09,0.14,0):
tefreqs:, k index, k1, k2, k3, kmag/2pi, te band 1, te band 2, te band 3, te band 4, te band 5, te band 6
Solving for bands 1 to 6...
    near maximum in trace
    iteration    1: trace = 2.023551246903393 (199.722% change)
    iteration    2: trace = 0.5641457670232763 (112.796% change)
    iteration    3: trace = 0.4244613854862734 (28.2588% change)
    iteration    4: trace = 0.4082997267206905 (3.88146% change)
    iteration    5: trace = 0.4003765209732318 (1.95955% change)
    iteration    6: trace = 0.3982420024846792 (0.534553% change)
    iteration    7: trace = 0.3967071599584228 (0.386149% change)
    iteration    8: trace = 0.396072274683327 (0.160167% change)
    iteration    9: trace = 0.3957238473744712 (0.0880093% change)
    iteration   10: trace = 0.3956423109324412 (0.0206065% change)
    iteration   11: trace = 0.3956157726612202 (0.00670787% change)
    iteration   12: trace = 0.3956091586247302 (0.00167185% change)
    iteration   13: trace = 0.3956053630700423 (0.000959425% change)
    iteration   14: trace = 0.3956040498640467 (0.000331949% change)
    iteration   15: trace = 0.3956036067928643 (0.000111999% change)
    iteration   16: trace = 0.3956035150998821 (2.3178e-05% change)
    iteration   17: trace = 0.3956034860121571 (7.35275e-06% change)
    iteration   18: trace = 0.3956034784473748 (1.91221e-06% change)
    iteration   19: trace = 0.3956034753934528 (7.71965e-07% change)
    iteration   20: trace = 0.3956034739319886 (3.69427e-07% change)
    iteration   21: trace = 0.3956034732635462 (1.68968e-07% change)
    iteration   22: trace = 0.3956034730947288 (4.26734e-08% change)
    iteration   23: trace = 0.3956034730564939 (9.66496e-09% change)
Finished solving for bands 1 to 6 after 23 iterations.
tefreqs:, 1, -0.09, 0.14, 0, 0.143178, 0.0645265, 0.148941, 0.171613, 0.300941, 0.322567, 0.381039
elapsed time for k point: 2.3214101791381836
total elapsed time for run: 2.3518588542938232
done
Initializing eigensolver data
Computing 6 bands with 1e-10 tolerance
Working in 2 dimensions.
Grid size is 288 x 96 x 1.
Solving for 6 bands at a time.
Creating Maxwell data...
Mesh size is 3.
Lattice vectors:
     (3, 0, 0)
     (0, 1, 0)
     (0, 0, 1)
Cell volume = 3
Reciprocal lattice vectors (/ 2 pi):
     (0.333333, -0, 0)
     (-0, 1, -0)
     (0, -0, 1)
Geometric objects:
     block, center = (0,0,0)
          size (1e+20,1e+20,1)
          axes (1,0,0), (0,1,0), (0,0,1)
     prism, center = (0.0078125,-1.38778e-17,0.5)
          height 1, axis (0,0,1), sidewall angle: 0 radians, 4 vertices:
          (0.257812,0.25,0)
          (-0.242187,0.25,0)
          (-0.242188,-0.25,0)
          (0.257812,-0.25,0)
     prism, center = (1.00781,-1.38778e-17,0.5)
          height 1, axis (0,0,1), sidewall angle: 0 radians, 4 vertices:
          (1.25781,0.25,0)
          (0.757812,0.25,0)
          (0.757812,-0.25,0)
          (1.25781,-0.25,0)
     prism, center = (2.00781,-1.38778e-17,0.5)
          height 1, axis (0,0,1), sidewall angle: 0 radians, 4 vertices:
          (2.25781,0.25,0)
          (1.75781,0.25,0)
          (1.75781,-0.25,0)
          (2.25781,-0.25,0)
Geometric object tree has depth 2 and 21 object nodes (vs. 4 actual objects)
Initializing epsilon function...
Allocating fields...
Solving for band polarization: te.
Initializing fields to random numbers...
1 k-points
  Vector3<-0.09, 0.14, 0.0>
elapsed time for initialization: 0.027556180953979492
solve_kpoint (-0.09,0.14,0):
tefreqs:, k index, k1, k2, k3, kmag/2pi, te band 1, te band 2, te band 3, te band 4, te band 5, te band 6
Solving for bands 1 to 6...
    near maximum in trace
    iteration    1: trace = 2.65792002661515 (199.633% change)
    iteration    2: trace = 0.6598444137292907 (120.447% change)
    iteration    3: trace = 0.4371142965259192 (40.6087% change)
    iteration    4: trace = 0.4086500228166992 (6.73102% change)
    iteration    5: trace = 0.39847173936953 (2.52212% change)
    iteration    6: trace = 0.3967301731509246 (0.438019% change)
    iteration    7: trace = 0.3958214509845966 (0.229316% change)
    iteration    8: trace = 0.3954768046949152 (0.0871091% change)
    iteration    9: trace = 0.3952383187352864 (0.0603216% change)
    iteration   10: trace = 0.3951715487079016 (0.016895% change)
    iteration   11: trace = 0.3951497657187942 (0.00551244% change)
    iteration   12: trace = 0.3951464754504544 (0.000832667% change)
    iteration   13: trace = 0.3951451223029709 (0.000342443% change)
    iteration   14: trace = 0.395144580146725 (0.000137204% change)
    iteration   15: trace = 0.3951442628899809 (8.02888e-05% change)
    iteration   16: trace = 0.3951441778666334 (2.1517e-05% change)
    iteration   17: trace = 0.3951441548294314 (5.83008e-06% change)
    iteration   18: trace = 0.3951441508226241 (1.01401e-06% change)
    iteration   19: trace = 0.3951441495720714 (3.1648e-07% change)
    iteration   20: trace = 0.3951441490067072 (1.43078e-07% change)
    iteration   21: trace = 0.3951441487276346 (7.06255e-08% change)
    iteration   22: trace = 0.3951441486499516 (1.96594e-08% change)
    iteration   23: trace = 0.3951441486338275 (4.08056e-09% change)
Finished solving for bands 1 to 6 after 23 iterations.
tefreqs:, 1, -0.09, 0.14, 0, 0.143178, 0.0644726, 0.148903, 0.171575, 0.300828, 0.322443, 0.380671
elapsed time for k point: 2.3766186237335205
total elapsed time for run: 2.404273509979248
done
Initializing eigensolver data
Computing 6 bands with 1e-10 tolerance
Working in 2 dimensions.
Grid size is 288 x 96 x 1.
Solving for 6 bands at a time.
Creating Maxwell data...
Mesh size is 3.
Lattice vectors:
     (3, 0, 0)
     (0, 1, 0)
     (0, 0, 1)
Cell volume = 3
Reciprocal lattice vectors (/ 2 pi):
     (0.333333, -0, 0)
     (-0, 1, -0)
     (0, -0, 1)
Geometric objects:
     block, center = (0,0,0)
          size (1e+20,1e+20,1)
          axes (1,0,0), (0,1,0), (0,0,1)
     prism, center = (0.015625,-1.38778e-17,0.5)
          height 1, axis (0,0,1), sidewall angle: 0 radians, 4 vertices:
          (0.265625,0.25,0)
          (-0.234375,0.25,0)
          (-0.234375,-0.25,0)
          (0.265625,-0.25,0)
     prism, center = (1.01562,-1.38778e-17,0.5)
          height 1, axis (0,0,1), sidewall angle: 0 radians, 4 vertices:
          (1.26562,0.25,0)
          (0.765625,0.25,0)
          (0.765625,-0.25,0)
          (1.26562,-0.25,0)
     prism, center = (2.01562,-1.38778e-17,0.5)
          height 1, axis (0,0,1), sidewall angle: 0 radians, 4 vertices:
          (2.26562,0.25,0)
          (1.76562,0.25,0)
          (1.76562,-0.25,0)
          (2.26562,-0.25,0)
Geometric object tree has depth 2 and 21 object nodes (vs. 4 actual objects)
Initializing epsilon function...
Allocating fields...
Solving for band polarization: te.
Initializing fields to random numbers...
1 k-points
  Vector3<-0.09, 0.14, 0.0>
elapsed time for initialization: 0.055771827697753906
solve_kpoint (-0.09,0.14,0):
tefreqs:, k index, k1, k2, k3, kmag/2pi, te band 1, te band 2, te band 3, te band 4, te band 5, te band 6
Solving for bands 1 to 6...
    near maximum in trace
    iteration    1: trace = 2.104111003292068 (199.711% change)
    iteration    2: trace = 0.5306396160457838 (119.44% change)
    iteration    3: trace = 0.4477251303505972 (16.9496% change)
    iteration    4: trace = 0.4183563946400803 (6.78198% change)
    iteration    5: trace = 0.4067405223206133 (2.81564% change)
    iteration    6: trace = 0.4009828637597366 (1.42565% change)
    iteration    7: trace = 0.3982166599304187 (0.692244% change)
    iteration    8: trace = 0.3967274624647654 (0.374667% change)
    iteration    9: trace = 0.3960383767706346 (0.173843% change)
    iteration   10: trace = 0.3957622192084485 (0.0697543% change)
    iteration   11: trace = 0.3956748130943633 (0.022088% change)
    iteration   12: trace = 0.3956539157143474 (0.00528159% change)
    iteration   13: trace = 0.395644154253664 (0.0024672% change)
    iteration   14: trace = 0.3956399678206205 (0.00105814% change)
    iteration   15: trace = 0.3956376582180773 (0.000583765% change)
    iteration   16: trace = 0.3956370550030361 (0.000152467% change)
    iteration   17: trace = 0.3956368441171599 (5.33029e-05% change)
    iteration   18: trace = 0.395636785914972 (1.4711e-05% change)
    iteration   19: trace = 0.3956367631812595 (5.74611e-06% change)
    iteration   20: trace = 0.3956367542916209 (2.24692e-06% change)
    iteration   21: trace = 0.395636749379094 (1.24168e-06% change)
    iteration   22: trace = 0.3956367477749799 (4.05451e-07% change)
    iteration   23: trace = 0.3956367474418792 (8.41936e-08% change)
    iteration   24: trace = 0.3956367473662106 (1.91258e-08% change)
    iteration   25: trace = 0.3956367473529386 (3.35458e-09% change)
Finished solving for bands 1 to 6 after 25 iterations.
tefreqs:, 1, -0.09, 0.14, 0, 0.143178, 0.0645382, 0.148945, 0.171617, 0.300945, 0.322568, 0.381073
elapsed time for k point: 2.553143262863159
total elapsed time for run: 2.6089954376220703
done
Initializing eigensolver data
Computing 6 bands with 1e-10 tolerance
Working in 2 dimensions.
Grid size is 288 x 96 x 1.
Solving for 6 bands at a time.
Creating Maxwell data...
Mesh size is 3.
Lattice vectors:
     (3, 0, 0)
     (0, 1, 0)
     (0, 0, 1)
Cell volume = 3
Reciprocal lattice vectors (/ 2 pi):
     (0.333333, -0, 0)
     (-0, 1, -0)
     (0, -0, 1)
Geometric objects:
     block, center = (0,0,0)
          size (1e+20,1e+20,1)
          axes (1,0,0), (0,1,0), (0,0,1)
     prism, center = (0.0234375,-1.38778e-17,0.5)
          height 1, axis (0,0,1), sidewall angle: 0 radians, 4 vertices:
          (0.273438,0.25,0)
          (-0.226562,0.25,0)
          (-0.226563,-0.25,0)
          (0.273437,-0.25,0)
     prism, center = (1.02344,-1.38778e-17,0.5)
          height 1, axis (0,0,1), sidewall angle: 0 radians, 4 vertices:
          (1.27344,0.25,0)
          (0.773438,0.25,0)
          (0.773438,-0.25,0)
          (1.27344,-0.25,0)
     prism, center = (2.02344,-1.38778e-17,0.5)
          height 1, axis (0,0,1), sidewall angle: 0 radians, 4 vertices:
          (2.27344,0.25,0)
          (1.77344,0.25,0)
          (1.77344,-0.25,0)
          (2.27344,-0.25,0)
Geometric object tree has depth 2 and 21 object nodes (vs. 4 actual objects)
Initializing epsilon function...
Allocating fields...
Solving for band polarization: te.
Initializing fields to random numbers...
1 k-points
  Vector3<-0.09, 0.14, 0.0>
elapsed time for initialization: 0.029257535934448242
solve_kpoint (-0.09,0.14,0):
tefreqs:, k index, k1, k2, k3, kmag/2pi, te band 1, te band 2, te band 3, te band 4, te band 5, te band 6
Solving for bands 1 to 6...
    near maximum in trace
    iteration    1: trace = 2.101913357565915 (199.708% change)
    iteration    2: trace = 0.5722716999510511 (114.401% change)
    iteration    3: trace = 0.4325543711156975 (27.8093% change)
    iteration    4: trace = 0.4158874607075028 (3.92883% change)
    iteration    5: trace = 0.4068006210738411 (2.20906% change)
    iteration    6: trace = 0.4027025887457482 (1.01248% change)
    iteration    7: trace = 0.3985241885005469 (1.043% change)
    iteration    8: trace = 0.3963360404368809 (0.550574% change)
    iteration    9: trace = 0.3954140341974843 (0.232903% change)
    iteration   10: trace = 0.3952463794342326 (0.0424088% change)
    iteration   11: trace = 0.3951858831891235 (0.0153071% change)
    iteration   12: trace = 0.3951631046777631 (0.00576417% change)
    iteration   13: trace = 0.3951493470575159 (0.00348156% change)
    iteration   14: trace = 0.395145650228761 (0.000935557% change)
    iteration   15: trace = 0.3951445148016964 (0.000287344% change)
    iteration   16: trace = 0.3951442912184173 (5.65827e-05% change)
    iteration   17: trace = 0.395144198841741 (2.3378e-05% change)
    iteration   18: trace = 0.3951441695348059 (7.41677e-06% change)
    iteration   19: trace = 0.3951441552851173 (3.6062e-06% change)
    iteration   20: trace = 0.3951441505815132 (1.19035e-06% change)
    iteration   21: trace = 0.3951441490705532 (3.82382e-07% change)
    iteration   22: trace = 0.395144148768647 (7.64041e-08% change)
    iteration   23: trace = 0.3951441486872219 (2.06064e-08% change)
    iteration   24: trace = 0.3951441486553287 (8.0713e-09% change)
Finished solving for bands 1 to 6 after 24 iterations.
tefreqs:, 1, -0.09, 0.14, 0, 0.143178, 0.0644726, 0.148903, 0.171575, 0.300828, 0.322443, 0.380671
elapsed time for k point: 2.1553876399993896
total elapsed time for run: 2.1847259998321533
done
Initializing eigensolver data
Computing 6 bands with 1e-10 tolerance
Working in 2 dimensions.
Grid size is 288 x 96 x 1.
Solving for 6 bands at a time.
Creating Maxwell data...
Mesh size is 3.
Lattice vectors:
     (3, 0, 0)
     (0, 1, 0)
     (0, 0, 1)
Cell volume = 3
Reciprocal lattice vectors (/ 2 pi):
     (0.333333, -0, 0)
     (-0, 1, -0)
     (0, -0, 1)
Geometric objects:
     block, center = (0,0,0)
          size (1e+20,1e+20,1)
          axes (1,0,0), (0,1,0), (0,0,1)
     prism, center = (0.005,0,0.5)
          height 1, axis (0,0,1), sidewall angle: 0 radians, 4 vertices:
          (-0.245,-0.25,0)
          (-0.245,0.25,0)
          (0.255,0.25,0)
          (0.255,-0.25,0)
     prism, center = (0.995,0,0.5)
          height 1, axis (0,0,1), sidewall angle: 0 radians, 4 vertices:
          (0.745,-0.25,0)
          (0.745,0.25,0)
          (1.245,0.25,0)
          (1.245,-0.25,0)
     prism, center = (2,0,0.5)
          height 1, axis (0,0,1), sidewall angle: 0 radians, 4 vertices:
          (1.75,-0.25,0)
          (1.75,0.25,0)
          (2.25,0.25,0)
          (2.25,-0.25,0)
Geometric object tree has depth 2 and 21 object nodes (vs. 4 actual objects)
Initializing epsilon function...
Allocating fields...
Solving for band polarization: te.
Initializing fields to random numbers...
1 k-points
  Vector3<-0.09, 0.14, 0.0>
elapsed time for initialization: 0.02890920639038086
solve_kpoint (-0.09,0.14,0):
tefreqs:, k index, k1, k2, k3, kmag/2pi, te band 1, te band 2, te band 3, te band 4, te band 5, te band 6
Solving for bands 1 to 6...
    near maximum in trace
    iteration    1: trace = 1.842511263276473 (199.748% change)
    iteration    2: trace = 0.5034034125692692 (114.165% change)
    iteration    3: trace = 0.4436991006993305 (12.6078% change)
    iteration    4: trace = 0.4234439208560179 (4.6717% change)
    iteration    5: trace = 0.4151808878261956 (1.97061% change)
    iteration    6: trace = 0.4090427647621235 (1.48943% change)
    iteration    7: trace = 0.4036788805239342 (1.31998% change)
    iteration    8: trace = 0.3988725453127222 (1.19776% change)
    iteration    9: trace = 0.3974683917734797 (0.352651% change)
    iteration   10: trace = 0.3969900965218294 (0.120408% change)
    iteration   11: trace = 0.3968171706664165 (0.0435687% change)
    iteration   12: trace = 0.3967365000560997 (0.0203315% change)
    iteration   13: trace = 0.3966976369617063 (0.00979617% change)
    iteration   14: trace = 0.3966826870349788 (0.00376867% change)
    iteration   15: trace = 0.3966776079026342 (0.00128041% change)
    iteration   16: trace = 0.3966764414875878 (0.000294047% change)
    iteration   17: trace = 0.3966760237312332 (0.000105314% change)
    iteration   18: trace = 0.3966758703960033 (3.8655e-05% change)
    iteration   19: trace = 0.3966757799289105 (2.28063e-05% change)
    iteration   20: trace = 0.3966757521624378 (6.99979e-06% change)
    iteration   21: trace = 0.3966757429254931 (2.32859e-06% change)
    iteration   22: trace = 0.3966757411711458 (4.42262e-07% change)
    iteration   23: trace = 0.3966757407396778 (1.08771e-07% change)
    iteration   24: trace = 0.3966757406476397 (2.32024e-08% change)
    iteration   25: trace = 0.3966757406145982 (8.32959e-09% change)
Finished solving for bands 1 to 6 after 25 iterations.
tefreqs:, 1, -0.09, 0.14, 0, 0.143178, 0.0645563, 0.1491, 0.17179, 0.301522, 0.323201, 0.381302
elapsed time for k point: 2.5225777626037598
total elapsed time for run: 2.5515613555908203
done
Initializing eigensolver data
Computing 6 bands with 1e-10 tolerance
Working in 2 dimensions.
Grid size is 288 x 96 x 1.
Solving for 6 bands at a time.
Creating Maxwell data...
Mesh size is 3.
Lattice vectors:
     (3, 0, 0)
     (0, 1, 0)
     (0, 0, 1)
Cell volume = 3
Reciprocal lattice vectors (/ 2 pi):
     (0.333333, -0, 0)
     (-0, 1, -0)
     (0, -0, 1)
Geometric objects:
     block, center = (0,0,0)
          size (1e+20,1e+20,1)
          axes (1,0,0), (0,1,0), (0,0,1)
     prism, center = (1.005,0,0.5)
          height 1, axis (0,0,1), sidewall angle: 0 radians, 4 vertices:
          (0.755,-0.25,0)
          (0.755,0.25,0)
          (1.255,0.25,0)
          (1.255,-0.25,0)
     prism, center = (2,0,0.5)
          height 1, axis (0,0,1), sidewall angle: 0 radians, 4 vertices:
          (1.75,-0.25,0)
          (1.75,0.25,0)
          (2.25,0.25,0)
          (2.25,-0.25,0)
     prism, center = (2.995,0,0.5)
          height 1, axis (0,0,1), sidewall angle: 0 radians, 4 vertices:
          (2.745,-0.25,0)
          (2.745,0.25,0)
          (3.245,0.25,0)
          (3.245,-0.25,0)
Geometric object tree has depth 2 and 21 object nodes (vs. 4 actual objects)
Initializing epsilon function...
Allocating fields...
Solving for band polarization: te.
Initializing fields to random numbers...
1 k-points
  Vector3<-0.09, 0.14, 0.0>
elapsed time for initialization: 0.06378674507141113
solve_kpoint (-0.09,0.14,0):
tefreqs:, k index, k1, k2, k3, kmag/2pi, te band 1, te band 2, te band 3, te band 4, te band 5, te band 6
Solving for bands 1 to 6...
    near maximum in trace
    iteration    1: trace = 2.011031834097037 (199.724% change)
    iteration    2: trace = 0.5280149123612629 (116.817% change)
    iteration    3: trace = 0.4530483894012575 (15.2827% change)
    iteration    4: trace = 0.4197496555357678 (7.63034% change)
    iteration    5: trace = 0.4076891873218818 (2.91513% change)
    iteration    6: trace = 0.4021642745398821 (1.36442% change)
    iteration    7: trace = 0.3996992204632382 (0.614831% change)
    iteration    8: trace = 0.397739299634525 (0.491554% change)
    iteration    9: trace = 0.397011155211473 (0.183239% change)
    iteration   10: trace = 0.3967624795153012 (0.0626566% change)
    iteration   11: trace = 0.3967048473579146 (0.0145267% change)
    iteration   12: trace = 0.3966894118601706 (0.003891% change)
    iteration   13: trace = 0.3966809696505105 (0.00212819% change)
    iteration   14: trace = 0.3966769522625151 (0.00101276% change)
    iteration   15: trace = 0.3966751974494232 (0.000442379% change)
    iteration   16: trace = 0.3966747379525709 (0.000115837% change)
    iteration   17: trace = 0.3966745762459681 (4.07655e-05% change)
    iteration   18: trace = 0.3966745343072124 (1.05726e-05% change)
    iteration   19: trace = 0.3966745130683433 (5.35423e-06% change)
    iteration   20: trace = 0.396674505035469 (2.02505e-06% change)
    iteration   21: trace = 0.3966745014008897 (9.16262e-07% change)
    iteration   22: trace = 0.3966745005531492 (2.13712e-07% change)
    iteration   23: trace = 0.3966745003207512 (5.85866e-08% change)
    iteration   24: trace = 0.3966745002693025 (1.297e-08% change)
    iteration   25: trace = 0.3966745002571933 (3.05267e-09% change)
Finished solving for bands 1 to 6 after 25 iterations.
tefreqs:, 1, -0.09, 0.14, 0, 0.143178, 0.0645563, 0.1491, 0.17179, 0.301518, 0.323206, 0.381299
elapsed time for k point: 3.2715399265289307
total elapsed time for run: 3.3354053497314453
done
Initializing eigensolver data
Computing 6 bands with 1e-10 tolerance
Working in 2 dimensions.
Grid size is 288 x 96 x 1.
Solving for 6 bands at a time.
Creating Maxwell data...
Mesh size is 3.
Lattice vectors:
     (3, 0, 0)
     (0, 1, 0)
     (0, 0, 1)
Cell volume = 3
Reciprocal lattice vectors (/ 2 pi):
     (0.333333, -0, 0)
     (-0, 1, -0)
     (0, -0, 1)
Geometric objects:
     block, center = (0,0,0)
          size (1e+20,1e+20,1)
          axes (1,0,0), (0,1,0), (0,0,1)
     prism, center = (0.01,0,0.5)
          height 1, axis (0,0,1), sidewall angle: 0 radians, 4 vertices:
          (-0.24,-0.25,0)
          (-0.24,0.25,0)
          (0.26,0.25,0)
          (0.26,-0.25,0)
     prism, center = (0.99,0,0.5)
          height 1, axis (0,0,1), sidewall angle: 0 radians, 4 vertices:
          (0.74,-0.25,0)
          (0.74,0.25,0)
          (1.24,0.25,0)
          (1.24,-0.25,0)
     prism, center = (2,0,0.5)
          height 1, axis (0,0,1), sidewall angle: 0 radians, 4 vertices:
          (1.75,-0.25,0)
          (1.75,0.25,0)
          (2.25,0.25,0)
          (2.25,-0.25,0)
Geometric object tree has depth 2 and 21 object nodes (vs. 4 actual objects)
Initializing epsilon function...
Allocating fields...
Solving for band polarization: te.
Initializing fields to random numbers...
1 k-points
  Vector3<-0.09, 0.14, 0.0>
elapsed time for initialization: 0.07300734519958496
solve_kpoint (-0.09,0.14,0):
tefreqs:, k index, k1, k2, k3, kmag/2pi, te band 1, te band 2, te band 3, te band 4, te band 5, te band 6
Solving for bands 1 to 6...
    near maximum in trace
    iteration    1: trace = 2.332838368629407 (199.681% change)
    iteration    2: trace = 0.6816504844259816 (109.55% change)
    iteration    3: trace = 0.4520260731134176 (40.5097% change)
    iteration    4: trace = 0.4212536181871074 (7.04756% change)
    iteration    5: trace = 0.4063626416651082 (3.59852% change)
    iteration    6: trace = 0.401819031328892 (1.1244% change)
    iteration    7: trace = 0.3988129615891669 (0.750924% change)
    iteration    8: trace = 0.3974567874804034 (0.340632% change)
    iteration    9: trace = 0.3966714261137021 (0.197792% change)
    iteration   10: trace = 0.3965067466452824 (0.041524% change)
    iteration   11: trace = 0.3964494392263375 (0.0144541% change)
    iteration   12: trace = 0.3964346959933749 (0.00371889% change)
    iteration   13: trace = 0.3964260480402225 (0.00218146% change)
    iteration   14: trace = 0.3964223320396387 (0.00093738% change)
    iteration   15: trace = 0.3964206676162255 (0.000419862% change)
    iteration   16: trace = 0.3964203191758007 (8.78967e-05% change)
    iteration   17: trace = 0.3964201964602999 (3.09559e-05% change)
    iteration   18: trace = 0.3964201578482257 (9.74019e-06% change)
    iteration   19: trace = 0.3964201399223662 (4.52193e-06% change)
    iteration   20: trace = 0.3964201332928596 (1.67234e-06% change)
    iteration   21: trace = 0.3964201308429258 (6.18014e-07% change)
    iteration   22: trace = 0.3964201302130973 (1.58879e-07% change)
    iteration   23: trace = 0.3964201300853616 (3.22223e-08% change)
    iteration   24: trace = 0.3964201300541437 (7.87494e-09% change)
Finished solving for bands 1 to 6 after 24 iterations.
tefreqs:, 1, -0.09, 0.14, 0, 0.143178, 0.0645165, 0.149079, 0.171801, 0.301355, 0.323231, 0.381083
elapsed time for k point: 2.5896363258361816
total elapsed time for run: 2.662727117538452
done
Initializing eigensolver data
Computing 6 bands with 1e-10 tolerance
Working in 2 dimensions.
Grid size is 288 x 96 x 1.
Solving for 6 bands at a time.
Creating Maxwell data...
Mesh size is 3.
Lattice vectors:
     (3, 0, 0)
     (0, 1, 0)
     (0, 0, 1)
Cell volume = 3
Reciprocal lattice vectors (/ 2 pi):
     (0.333333, -0, 0)
     (-0, 1, -0)
     (0, -0, 1)
Geometric objects:
     block, center = (0,0,0)
          size (1e+20,1e+20,1)
          axes (1,0,0), (0,1,0), (0,0,1)
     prism, center = (1.01,0,0.5)
          height 1, axis (0,0,1), sidewall angle: 0 radians, 4 vertices:
          (0.76,-0.25,0)
          (0.76,0.25,0)
          (1.26,0.25,0)
          (1.26,-0.25,0)
     prism, center = (2,0,0.5)
          height 1, axis (0,0,1), sidewall angle: 0 radians, 4 vertices:
          (1.75,-0.25,0)
          (1.75,0.25,0)
          (2.25,0.25,0)
          (2.25,-0.25,0)
     prism, center = (2.99,0,0.5)
          height 1, axis (0,0,1), sidewall angle: 0 radians, 4 vertices:
          (2.74,-0.25,0)
          (2.74,0.25,0)
          (3.24,0.25,0)
          (3.24,-0.25,0)
Geometric object tree has depth 2 and 21 object nodes (vs. 4 actual objects)
Initializing epsilon function...
Allocating fields...
Solving for band polarization: te.
Initializing fields to random numbers...
1 k-points
  Vector3<-0.09, 0.14, 0.0>
elapsed time for initialization: 0.0907599925994873
solve_kpoint (-0.09,0.14,0):
tefreqs:, k index, k1, k2, k3, kmag/2pi, te band 1, te band 2, te band 3, te band 4, te band 5, te band 6
Solving for bands 1 to 6...
    near maximum in trace
    iteration    1: trace = 2.088382233000522 (199.713% change)
    iteration    2: trace = 0.5173479635434171 (120.583% change)
    iteration    3: trace = 0.4345846001514498 (17.3885% change)
    iteration    4: trace = 0.4113200810442451 (5.50051% change)
    iteration    5: trace = 0.4052840330616185 (1.47833% change)
    iteration    6: trace = 0.4012590583397831 (0.998081% change)
    iteration    7: trace = 0.3988429394529096 (0.603953% change)
    iteration    8: trace = 0.3970807158981113 (0.442812% change)
    iteration    9: trace = 0.3966168135192117 (0.116897% change)
    iteration   10: trace = 0.3964677082683479 (0.0376014% change)
    iteration   11: trace = 0.3964356620115224 (0.00808327% change)
    iteration   12: trace = 0.3964212008643566 (0.00364786% change)
    iteration   13: trace = 0.3964146669670224 (0.00164823% change)
    iteration   14: trace = 0.3964117798282033 (0.000728315% change)
    iteration   15: trace = 0.3964110791755095 (0.000176749% change)
    iteration   16: trace = 0.396410898104576 (4.56776e-05% change)
    iteration   17: trace = 0.3964108468677451 (1.29252e-05% change)
    iteration   18: trace = 0.3964108274548083 (4.89718e-06% change)
    iteration   19: trace = 0.3964108189047806 (2.15686e-06% change)
    iteration   20: trace = 0.3964108154920167 (8.60916e-07% change)
    iteration   21: trace = 0.3964108143874184 (2.7865e-07% change)
    iteration   22: trace = 0.3964108141661092 (5.58282e-08% change)
    iteration   23: trace = 0.3964108141054093 (1.53124e-08% change)
    iteration   24: trace = 0.3964108140892865 (4.0672e-09% change)
Finished solving for bands 1 to 6 after 24 iterations.
tefreqs:, 1, -0.09, 0.14, 0, 0.143178, 0.0645162, 0.149079, 0.1718, 0.301326, 0.323274, 0.381058
elapsed time for k point: 2.1594738960266113
total elapsed time for run: 2.250325918197632
done
Initializing eigensolver data
Computing 6 bands with 1e-10 tolerance
Working in 2 dimensions.
Grid size is 288 x 96 x 1.
Solving for 6 bands at a time.
Creating Maxwell data...
Mesh size is 3.
Lattice vectors:
     (3, 0, 0)
     (0, 1, 0)
     (0, 0, 1)
Cell volume = 3
Reciprocal lattice vectors (/ 2 pi):
     (0.333333, -0, 0)
     (-0, 1, -0)
     (0, -0, 1)
Geometric objects:
     block, center = (0,0,0)
          size (1e+20,1e+20,1)
          axes (1,0,0), (0,1,0), (0,0,1)
     prism, center = (0.02,0,0.5)
          height 1, axis (0,0,1), sidewall angle: 0 radians, 4 vertices:
          (-0.23,-0.25,0)
          (-0.23,0.25,0)
          (0.27,0.25,0)
          (0.27,-0.25,0)
     prism, center = (0.98,0,0.5)
          height 1, axis (0,0,1), sidewall angle: 0 radians, 4 vertices:
          (0.73,-0.25,0)
          (0.73,0.25,0)
          (1.23,0.25,0)
          (1.23,-0.25,0)
     prism, center = (2,0,0.5)
          height 1, axis (0,0,1), sidewall angle: 0 radians, 4 vertices:
          (1.75,-0.25,0)
          (1.75,0.25,0)
          (2.25,0.25,0)
          (2.25,-0.25,0)
Geometric object tree has depth 2 and 21 object nodes (vs. 4 actual objects)
Initializing epsilon function...
Allocating fields...
Solving for band polarization: te.
Initializing fields to random numbers...
1 k-points
  Vector3<-0.09, 0.14, 0.0>
elapsed time for initialization: 0.031790971755981445
solve_kpoint (-0.09,0.14,0):
tefreqs:, k index, k1, k2, k3, kmag/2pi, te band 1, te band 2, te band 3, te band 4, te band 5, te band 6
Solving for bands 1 to 6...
    near maximum in trace
    iteration    1: trace = 2.422592498225485 (199.667% change)
    iteration    2: trace = 0.5257856504399057 (128.668% change)
    iteration    3: trace = 0.4375843272428909 (18.311% change)
    iteration    4: trace = 0.4095097321978741 (6.62845% change)
    iteration    5: trace = 0.40191024003174 (1.87313% change)
    iteration    6: trace = 0.3985872161897844 (0.83024% change)
    iteration    7: trace = 0.3974791784843211 (0.278378% change)
    iteration    8: trace = 0.3966735710747614 (0.202885% change)
    iteration    9: trace = 0.3964438046316019 (0.0579401% change)
    iteration   10: trace = 0.396353322365703 (0.0228261% change)
    iteration   11: trace = 0.3963326974378414 (0.00520381% change)
    iteration   12: trace = 0.3963225215288413 (0.00256755% change)
    iteration   13: trace = 0.3963178134852842 (0.00118794% change)
    iteration   14: trace = 0.3963152749326095 (0.000640537% change)
    iteration   15: trace = 0.3963147422568655 (0.000134407% change)
    iteration   16: trace = 0.3963145581621429 (4.64517e-05% change)
    iteration   17: trace = 0.3963144947569855 (1.59987e-05% change)
    iteration   18: trace = 0.396314459225609 (8.96545e-06% change)
    iteration   19: trace = 0.3963144474000808 (2.98388e-06% change)
    iteration   20: trace = 0.3963144426463671 (1.19948e-06% change)
    iteration   21: trace = 0.3963144414356463 (3.05495e-07% change)
    iteration   22: trace = 0.3963144411792939 (6.46841e-08% change)
    iteration   23: trace = 0.3963144411258356 (1.34889e-08% change)
    iteration   24: trace = 0.3963144411161849 (2.43512e-09% change)
Finished solving for bands 1 to 6 after 24 iterations.
tefreqs:, 1, -0.09, 0.14, 0, 0.143178, 0.0645148, 0.149055, 0.171896, 0.300858, 0.323455, 0.381114
elapsed time for k point: 3.0042006969451904
total elapsed time for run: 3.036165475845337
done
Initializing eigensolver data
Computing 6 bands with 1e-10 tolerance
Working in 2 dimensions.
Grid size is 288 x 96 x 1.
Solving for 6 bands at a time.
Creating Maxwell data...
Mesh size is 3.
Lattice vectors:
     (3, 0, 0)
     (0, 1, 0)
     (0, 0, 1)
Cell volume = 3
Reciprocal lattice vectors (/ 2 pi):
     (0.333333, -0, 0)
     (-0, 1, -0)
     (0, -0, 1)
Geometric objects:
     block, center = (0,0,0)
          size (1e+20,1e+20,1)
          axes (1,0,0), (0,1,0), (0,0,1)
     prism, center = (1.02,0,0.5)
          height 1, axis (0,0,1), sidewall angle: 0 radians, 4 vertices:
          (0.77,-0.25,0)
          (0.77,0.25,0)
          (1.27,0.25,0)
          (1.27,-0.25,0)
     prism, center = (2,0,0.5)
          height 1, axis (0,0,1), sidewall angle: 0 radians, 4 vertices:
          (1.75,-0.25,0)
          (1.75,0.25,0)
          (2.25,0.25,0)
          (2.25,-0.25,0)
     prism, center = (2.98,0,0.5)
          height 1, axis (0,0,1), sidewall angle: 0 radians, 4 vertices:
          (2.73,-0.25,0)
          (2.73,0.25,0)
          (3.23,0.25,0)
          (3.23,-0.25,0)
Geometric object tree has depth 2 and 21 object nodes (vs. 4 actual objects)
Initializing epsilon function...
Allocating fields...
Solving for band polarization: te.
Initializing fields to random numbers...
1 k-points
  Vector3<-0.09, 0.14, 0.0>
elapsed time for initialization: 0.032074689865112305
solve_kpoint (-0.09,0.14,0):
tefreqs:, k index, k1, k2, k3, kmag/2pi, te band 1, te band 2, te band 3, te band 4, te band 5, te band 6
Solving for bands 1 to 6...
    near maximum in trace
    iteration    1: trace = 2.076384076356841 (199.714% change)
    iteration    2: trace = 0.4971465111631608 (122.729% change)
    iteration    3: trace = 0.4253904690330036 (15.5562% change)
    iteration    4: trace = 0.4037142449542571 (5.22883% change)
    iteration    5: trace = 0.3992481674084382 (1.1124% change)
    iteration    6: trace = 0.3974412391453593 (0.453609% change)
    iteration    7: trace = 0.3968629453801577 (0.14561% change)
    iteration    8: trace = 0.39647635157598 (0.0974599% change)
    iteration    9: trace = 0.3963593338887561 (0.0295188% change)
    iteration   10: trace = 0.3963129334974694 (0.0117073% change)
    iteration   11: trace = 0.3963016582612702 (0.00284507% change)
    iteration   12: trace = 0.3962954779260494 (0.00155951% change)
    iteration   13: trace = 0.3962926248428516 (0.000719941% change)
    iteration   14: trace = 0.3962911834116969 (0.00036373% change)
    iteration   15: trace = 0.3962908220107018 (9.11959e-05% change)
    iteration   16: trace = 0.3962907109340704 (2.80291e-05% change)
    iteration   17: trace = 0.3962906811307565 (7.52057e-06% change)
    iteration   18: trace = 0.3962906687076759 (3.13484e-06% change)
    iteration   19: trace = 0.3962906632905802 (1.36695e-06% change)
    iteration   20: trace = 0.3962906610551821 (5.6408e-07% change)
    iteration   21: trace = 0.396290660472028 (1.47153e-07% change)
    iteration   22: trace = 0.3962906603585157 (2.86437e-08% change)
    iteration   23: trace = 0.3962906603341739 (6.14243e-09% change)
Finished solving for bands 1 to 6 after 23 iterations.
tefreqs:, 1, -0.09, 0.14, 0, 0.143178, 0.0645145, 0.14906, 0.171886, 0.300699, 0.323692, 0.38101
elapsed time for k point: 3.2937889099121094
total elapsed time for run: 3.3260467052459717
done
Initializing eigensolver data
Computing 6 bands with 1e-10 tolerance
Working in 2 dimensions.
Grid size is 288 x 96 x 1.
Solving for 6 bands at a time.
Creating Maxwell data...
Mesh size is 3.
Lattice vectors:
     (3, 0, 0)
     (0, 1, 0)
     (0, 0, 1)
Cell volume = 3
Reciprocal lattice vectors (/ 2 pi):
     (0.333333, -0, 0)
     (-0, 1, -0)
     (0, -0, 1)
Geometric objects:
     block, center = (0,0,0)
          size (1e+20,1e+20,1)
          axes (1,0,0), (0,1,0), (0,0,1)
     prism, center = (0.00760417,0,0.5)
          height 1, axis (0,0,1), sidewall angle: 0 radians, 4 vertices:
          (-0.242396,-0.25,0)
          (-0.242396,0.25,0)
          (0.257604,0.25,0)
          (0.257604,-0.25,0)
     prism, center = (0.997604,0,0.5)
          height 1, axis (0,0,1), sidewall angle: 0 radians, 4 vertices:
          (0.747604,-0.25,0)
          (0.747604,0.25,0)
          (1.2476,0.25,0)
          (1.2476,-0.25,0)
     prism, center = (2.0026,0,0.5)
          height 1, axis (0,0,1), sidewall angle: 0 radians, 4 vertices:
          (1.7526,-0.25,0)
          (1.7526,0.25,0)
          (2.2526,0.25,0)
          (2.2526,-0.25,0)
Geometric object tree has depth 2 and 21 object nodes (vs. 4 actual objects)
Initializing epsilon function...
Allocating fields...
Solving for band polarization: te.
Initializing fields to random numbers...
1 k-points
  Vector3<-0.09, 0.14, 0.0>
elapsed time for initialization: 0.033693552017211914
solve_kpoint (-0.09,0.14,0):
tefreqs:, k index, k1, k2, k3, kmag/2pi, te band 1, te band 2, te band 3, te band 4, te band 5, te band 6
Solving for bands 1 to 6...
    near maximum in trace
    iteration    1: trace = 2.476377235960201 (199.657% change)
    iteration    2: trace = 0.6325033443283505 (118.62% change)
    iteration    3: trace = 0.4573836992062139 (32.1354% change)
    iteration    4: trace = 0.4223160302221913 (7.97265% change)
    iteration    5: trace = 0.404159657592846 (4.39369% change)
    iteration    6: trace = 0.4001165152679199 (1.00541% change)
    iteration    7: trace = 0.3980943331944196 (0.506679% change)
    iteration    8: trace = 0.3972126184954519 (0.221729% change)
    iteration    9: trace = 0.3965719412256697 (0.161423% change)
    iteration   10: trace = 0.3963932952871871 (0.0450577% change)
    iteration   11: trace = 0.3963264789233232 (0.0168575% change)
    iteration   12: trace = 0.3963122586888858 (0.00358807% change)
    iteration   13: trace = 0.3963048228822496 (0.00187627% change)
    iteration   14: trace = 0.3963020588897058 (0.000697443% change)
    iteration   15: trace = 0.3963008273903532 (0.000310748% change)
    iteration   16: trace = 0.3963006153511168 (5.35046e-05% change)
    iteration   17: trace = 0.396300559095789 (1.41951e-05% change)
    iteration   18: trace = 0.3963005487085829 (2.62104e-06% change)
    iteration   19: trace = 0.3963005448393087 (9.76348e-07% change)
    iteration   20: trace = 0.3963005430227378 (4.58382e-07% change)
    iteration   21: trace = 0.3963005420859278 (2.36389e-07% change)
    iteration   22: trace = 0.396300541816873 (6.78916e-08% change)
    iteration   23: trace = 0.3963005417373144 (2.00753e-08% change)
    iteration   24: trace = 0.3963005417147961 (5.68215e-09% change)
Finished solving for bands 1 to 6 after 24 iterations.
tefreqs:, 1, -0.09, 0.14, 0, 0.143178, 0.0644971, 0.149074, 0.171769, 0.301461, 0.323138, 0.380941
elapsed time for k point: 3.069910764694214
total elapsed time for run: 3.10371994972229
done
Initializing eigensolver data
Computing 6 bands with 1e-10 tolerance
Working in 2 dimensions.
Grid size is 288 x 96 x 1.
Solving for 6 bands at a time.
Creating Maxwell data...
Mesh size is 3.
Lattice vectors:
     (3, 0, 0)
     (0, 1, 0)
     (0, 0, 1)
Cell volume = 3
Reciprocal lattice vectors (/ 2 pi):
     (0.333333, -0, 0)
     (-0, 1, -0)
     (0, -0, 1)
Geometric objects:
     block, center = (0,0,0)
          size (1e+20,1e+20,1)
          axes (1,0,0), (0,1,0), (0,0,1)
     prism, center = (1.0076,0,0.5)
          height 1, axis (0,0,1), sidewall angle: 0 radians, 4 vertices:
          (0.757604,-0.25,0)
          (0.757604,0.25,0)
          (1.2576,0.25,0)
          (1.2576,-0.25,0)
     prism, center = (2.0026,0,0.5)
          height 1, axis (0,0,1), sidewall angle: 0 radians, 4 vertices:
          (1.7526,-0.25,0)
          (1.7526,0.25,0)
          (2.2526,0.25,0)
          (2.2526,-0.25,0)
     prism, center = (2.9976,0,0.5)
          height 1, axis (0,0,1), sidewall angle: 0 radians, 4 vertices:
          (2.7476,-0.25,0)
          (2.7476,0.25,0)
          (3.2476,0.25,0)
          (3.2476,-0.25,0)
Geometric object tree has depth 2 and 21 object nodes (vs. 4 actual objects)
Initializing epsilon function...
Allocating fields...
Solving for band polarization: te.
Initializing fields to random numbers...
1 k-points
  Vector3<-0.09, 0.14, 0.0>
elapsed time for initialization: 0.035466909408569336
solve_kpoint (-0.09,0.14,0):
tefreqs:, k index, k1, k2, k3, kmag/2pi, te band 1, te band 2, te band 3, te band 4, te band 5, te band 6
Solving for bands 1 to 6...
    near maximum in trace
    iteration    1: trace = 1.904336112388817 (199.74% change)
    iteration    2: trace = 0.5160217264587137 (114.72% change)
    iteration    3: trace = 0.4445707642353182 (14.8764% change)
    iteration    4: trace = 0.4151704737157521 (6.83933% change)
    iteration    5: trace = 0.4050483573407285 (2.46815% change)
    iteration    6: trace = 0.3993593535701292 (1.41446% change)
    iteration    7: trace = 0.3976815670983238 (0.421004% change)
    iteration    8: trace = 0.3966974268621255 (0.247776% change)
    iteration    9: trace = 0.3964359792200589 (0.0659278% change)
    iteration   10: trace = 0.3963325041515907 (0.0261047% change)
    iteration   11: trace = 0.396311759131351 (0.00523438% change)
    iteration   12: trace = 0.3963047178047824 (0.00177673% change)
    iteration   13: trace = 0.3963024935316249 (0.000561255% change)
    iteration   14: trace = 0.3963010900046476 (0.000354156% change)
    iteration   15: trace = 0.3963005685849567 (0.000131572% change)
    iteration   16: trace = 0.3963003684386286 (5.05037e-05% change)
    iteration   17: trace = 0.3963003237258437 (1.12826e-05% change)
    iteration   18: trace = 0.3963003106242954 (3.30596e-06% change)
    iteration   19: trace = 0.3963003061686226 (1.12432e-06% change)
    iteration   20: trace = 0.3963003035829663 (6.52449e-07% change)
    iteration   21: trace = 0.396300302447958 (2.86401e-07% change)
    iteration   22: trace = 0.396300302106122 (8.62568e-08% change)
    iteration   23: trace = 0.3963003020351282 (1.79142e-08% change)
    iteration   24: trace = 0.3963003020192472 (4.00732e-09% change)
Finished solving for bands 1 to 6 after 24 iterations.
tefreqs:, 1, -0.09, 0.14, 0, 0.143178, 0.064497, 0.149074, 0.171768, 0.301459, 0.323141, 0.38094
elapsed time for k point: 2.534808397293091
total elapsed time for run: 2.570368766784668
done
Initializing eigensolver data
Computing 6 bands with 1e-10 tolerance
Working in 2 dimensions.
Grid size is 288 x 96 x 1.
Solving for 6 bands at a time.
Creating Maxwell data...
Mesh size is 3.
Lattice vectors:
     (3, 0, 0)
     (0, 1, 0)
     (0, 0, 1)
Cell volume = 3
Reciprocal lattice vectors (/ 2 pi):
     (0.333333, -0, 0)
     (-0, 1, -0)
     (0, -0, 1)
Geometric objects:
     block, center = (0,0,0)
          size (1e+20,1e+20,1)
          axes (1,0,0), (0,1,0), (0,0,1)
     prism, center = (0.0126042,0,0.5)
          height 1, axis (0,0,1), sidewall angle: 0 radians, 4 vertices:
          (-0.237396,-0.25,0)
          (-0.237396,0.25,0)
          (0.262604,0.25,0)
          (0.262604,-0.25,0)
     prism, center = (0.992604,0,0.5)
          height 1, axis (0,0,1), sidewall angle: 0 radians, 4 vertices:
          (0.742604,-0.25,0)
          (0.742604,0.25,0)
          (1.2426,0.25,0)
          (1.2426,-0.25,0)
     prism, center = (2.0026,0,0.5)
          height 1, axis (0,0,1), sidewall angle: 0 radians, 4 vertices:
          (1.7526,-0.25,0)
          (1.7526,0.25,0)
          (2.2526,0.25,0)
          (2.2526,-0.25,0)
Geometric object tree has depth 2 and 21 object nodes (vs. 4 actual objects)
Initializing epsilon function...
Allocating fields...
Solving for band polarization: te.
Initializing fields to random numbers...
1 k-points
  Vector3<-0.09, 0.14, 0.0>
elapsed time for initialization: 0.08424091339111328
solve_kpoint (-0.09,0.14,0):
tefreqs:, k index, k1, k2, k3, kmag/2pi, te band 1, te band 2, te band 3, te band 4, te band 5, te band 6
Solving for bands 1 to 6...
    near maximum in trace
    iteration    1: trace = 2.284574345411008 (199.685% change)
    iteration    2: trace = 0.5539025263697768 (121.944% change)
    iteration    3: trace = 0.4579363865998263 (18.9687% change)
    iteration    4: trace = 0.427086151836696 (6.97163% change)
    iteration    5: trace = 0.4164631480120835 (2.51864% change)
    iteration    6: trace = 0.4070219003909252 (2.293% change)
    iteration    7: trace = 0.4015117806168222 (1.36299% change)
    iteration    8: trace = 0.3977782754752055 (0.934205% change)
    iteration    9: trace = 0.3968043222131463 (0.245148% change)
    iteration   10: trace = 0.3964443442281413 (0.0907604% change)
    iteration   11: trace = 0.3963681188866824 (0.0192291% change)
    iteration   12: trace = 0.3963326255057078 (0.00895505% change)
    iteration   13: trace = 0.3963187166014669 (0.00350946% change)
    iteration   14: trace = 0.3963120323013342 (0.00168661% change)
    iteration   15: trace = 0.3963105288327657 (0.000379366% change)
    iteration   16: trace = 0.3963100525318548 (0.000120184% change)
    iteration   17: trace = 0.3963099361595145 (2.9364e-05% change)
    iteration   18: trace = 0.39630988650014 (1.25304e-05% change)
    iteration   19: trace = 0.3963098634135804 (5.82538e-06% change)
    iteration   20: trace = 0.3963098493670912 (3.54432e-06% change)
    iteration   21: trace = 0.3963098447539798 (1.16402e-06% change)
    iteration   22: trace = 0.3963098434956812 (3.17504e-07% change)
    iteration   23: trace = 0.3963098432255717 (6.81561e-08% change)
    iteration   24: trace = 0.396309843171178 (1.3725e-08% change)
    iteration   25: trace = 0.3963098431562239 (3.77335e-09% change)
Finished solving for bands 1 to 6 after 25 iterations.
tefreqs:, 1, -0.09, 0.14, 0, 0.143178, 0.0645034, 0.14907, 0.171792, 0.301327, 0.323212, 0.380987
elapsed time for k point: 2.62819504737854
total elapsed time for run: 2.7125391960144043
done
Initializing eigensolver data
Computing 6 bands with 1e-10 tolerance
Working in 2 dimensions.
Grid size is 288 x 96 x 1.
Solving for 6 bands at a time.
Creating Maxwell data...
Mesh size is 3.
Lattice vectors:
     (3, 0, 0)
     (0, 1, 0)
     (0, 0, 1)
Cell volume = 3
Reciprocal lattice vectors (/ 2 pi):
     (0.333333, -0, 0)
     (-0, 1, -0)
     (0, -0, 1)
Geometric objects:
     block, center = (0,0,0)
          size (1e+20,1e+20,1)
          axes (1,0,0), (0,1,0), (0,0,1)
     prism, center = (1.0126,0,0.5)
          height 1, axis (0,0,1), sidewall angle: 0 radians, 4 vertices:
          (0.762604,-0.25,0)
          (0.762604,0.25,0)
          (1.2626,0.25,0)
          (1.2626,-0.25,0)
     prism, center = (2.0026,0,0.5)
          height 1, axis (0,0,1), sidewall angle: 0 radians, 4 vertices:
          (1.7526,-0.25,0)
          (1.7526,0.25,0)
          (2.2526,0.25,0)
          (2.2526,-0.25,0)
     prism, center = (2.9926,0,0.5)
          height 1, axis (0,0,1), sidewall angle: 0 radians, 4 vertices:
          (2.7426,-0.25,0)
          (2.7426,0.25,0)
          (3.2426,0.25,0)
          (3.2426,-0.25,0)
Geometric object tree has depth 2 and 21 object nodes (vs. 4 actual objects)
Initializing epsilon function...
Allocating fields...
Solving for band polarization: te.
Initializing fields to random numbers...
1 k-points
  Vector3<-0.09, 0.14, 0.0>
elapsed time for initialization: 0.03554964065551758
solve_kpoint (-0.09,0.14,0):
tefreqs:, k index, k1, k2, k3, kmag/2pi, te band 1, te band 2, te band 3, te band 4, te band 5, te band 6
Solving for bands 1 to 6...
    near maximum in trace
    iteration    1: trace = 2.30411735336316 (199.683% change)
    iteration    2: trace = 0.5676401030202598 (120.935% change)
    iteration    3: trace = 0.43013851018687 (27.5615% change)
    iteration    4: trace = 0.40736524439328 (5.43837% change)
    iteration    5: trace = 0.3995742830629866 (1.93099% change)
    iteration    6: trace = 0.3977793958722819 (0.450211% change)
    iteration    7: trace = 0.3969586592883043 (0.206543% change)
    iteration    8: trace = 0.3966133061076139 (0.0870376% change)
    iteration    9: trace = 0.3963860867266872 (0.0573063% change)
    iteration   10: trace = 0.3963326737657131 (0.0134759% change)
    iteration   11: trace = 0.3963176018464253 (0.00380292% change)
    iteration   12: trace = 0.3963136983962616 (0.000984935% change)
    iteration   13: trace = 0.3963114932083267 (0.000556426% change)
    iteration   14: trace = 0.3963105571714867 (0.000236187% change)
    iteration   15: trace = 0.3963101397372238 (0.00010533% change)
    iteration   16: trace = 0.3963100322258741 (2.71281e-05% change)
    iteration   17: trace = 0.3963100003389606 (8.04595e-06% change)
    iteration   18: trace = 0.3963099919584416 (2.11464e-06% change)
    iteration   19: trace = 0.3963099883338018 (9.14597e-07% change)
    iteration   20: trace = 0.3963099868167291 (3.828e-07% change)
    iteration   21: trace = 0.3963099862132224 (1.52281e-07% change)
    iteration   22: trace = 0.3963099860824504 (3.29974e-08% change)
    iteration   23: trace = 0.3963099860532549 (7.36683e-09% change)
Finished solving for bands 1 to 6 after 23 iterations.
tefreqs:, 1, -0.09, 0.14, 0, 0.143178, 0.0645034, 0.149071, 0.17179, 0.301309, 0.323237, 0.38098
elapsed time for k point: 2.115131139755249
total elapsed time for run: 2.1508467197418213
done
Initializing eigensolver data
Computing 6 bands with 1e-10 tolerance
Working in 2 dimensions.
Grid size is 288 x 96 x 1.
Solving for 6 bands at a time.
Creating Maxwell data...
Mesh size is 3.
Lattice vectors:
     (3, 0, 0)
     (0, 1, 0)
     (0, 0, 1)
Cell volume = 3
Reciprocal lattice vectors (/ 2 pi):
     (0.333333, -0, 0)
     (-0, 1, -0)
     (0, -0, 1)
Geometric objects:
     block, center = (0,0,0)
          size (1e+20,1e+20,1)
          axes (1,0,0), (0,1,0), (0,0,1)
     prism, center = (0.0226042,0,0.5)
          height 1, axis (0,0,1), sidewall angle: 0 radians, 4 vertices:
          (-0.227396,-0.25,0)
          (-0.227396,0.25,0)
          (0.272604,0.25,0)
          (0.272604,-0.25,0)
     prism, center = (0.982604,0,0.5)
          height 1, axis (0,0,1), sidewall angle: 0 radians, 4 vertices:
          (0.732604,-0.25,0)
          (0.732604,0.25,0)
          (1.2326,0.25,0)
          (1.2326,-0.25,0)
     prism, center = (2.0026,0,0.5)
          height 1, axis (0,0,1), sidewall angle: 0 radians, 4 vertices:
          (1.7526,-0.25,0)
          (1.7526,0.25,0)
          (2.2526,0.25,0)
          (2.2526,-0.25,0)
Geometric object tree has depth 2 and 21 object nodes (vs. 4 actual objects)
Initializing epsilon function...
Allocating fields...
Solving for band polarization: te.
Initializing fields to random numbers...
1 k-points
  Vector3<-0.09, 0.14, 0.0>
elapsed time for initialization: 0.03177809715270996
solve_kpoint (-0.09,0.14,0):
tefreqs:, k index, k1, k2, k3, kmag/2pi, te band 1, te band 2, te band 3, te band 4, te band 5, te band 6
Solving for bands 1 to 6...
    near maximum in trace
    iteration    1: trace = 2.374315979382324 (199.673% change)
    iteration    2: trace = 0.6057487166404764 (118.693% change)
    iteration    3: trace = 0.4357316304790725 (32.6491% change)
    iteration    4: trace = 0.4172005075694414 (4.34527% change)
    iteration    5: trace = 0.4067175917480461 (2.54465% change)
    iteration    6: trace = 0.4030955443473633 (0.894539% change)
    iteration    7: trace = 0.3995916652878284 (0.873037% change)
    iteration    8: trace = 0.3976287935604305 (0.492429% change)
    iteration    9: trace = 0.3965607046289542 (0.268976% change)
    iteration   10: trace = 0.3963338248960355 (0.0572282% change)
    iteration   11: trace = 0.3962482908421647 (0.0215836% change)
    iteration   12: trace = 0.3962187073380548 (0.00746618% change)
    iteration   13: trace = 0.3962023941224792 (0.00411731% change)
    iteration   14: trace = 0.3961977256308497 (0.00117832% change)
    iteration   15: trace = 0.3961961620043831 (0.000394659% change)
    iteration   16: trace = 0.396195813088124 (8.80666e-05% change)
    iteration   17: trace = 0.3961956557276217 (3.97179e-05% change)
    iteration   18: trace = 0.3961955909682546 (1.63453e-05% change)
    iteration   19: trace = 0.3961955592974985 (7.99372e-06% change)
    iteration   20: trace = 0.3961955495464962 (2.46116e-06% change)
    iteration   21: trace = 0.3961955469079751 (6.65964e-07% change)
    iteration   22: trace = 0.3961955462450807 (1.67315e-07% change)
    iteration   23: trace = 0.3961955460081948 (5.97901e-08% change)
    iteration   24: trace = 0.3961955458862046 (3.07904e-08% change)
    iteration   25: trace = 0.3961955458246255 (1.55426e-08% change)
    iteration   26: trace = 0.3961955457987669 (6.52672e-09% change)
Finished solving for bands 1 to 6 after 26 iterations.
tefreqs:, 1, -0.09, 0.14, 0, 0.143178, 0.0645009, 0.149045, 0.171887, 0.300827, 0.323441, 0.381005
elapsed time for k point: 2.8755643367767334
total elapsed time for run: 2.907419204711914
done
Initializing eigensolver data
Computing 6 bands with 1e-10 tolerance
Working in 2 dimensions.
Grid size is 288 x 96 x 1.
Solving for 6 bands at a time.
Creating Maxwell data...
Mesh size is 3.
Lattice vectors:
     (3, 0, 0)
     (0, 1, 0)
     (0, 0, 1)
Cell volume = 3
Reciprocal lattice vectors (/ 2 pi):
     (0.333333, -0, 0)
     (-0, 1, -0)
     (0, -0, 1)
Geometric objects:
     block, center = (0,0,0)
          size (1e+20,1e+20,1)
          axes (1,0,0), (0,1,0), (0,0,1)
     prism, center = (1.0226,0,0.5)
          height 1, axis (0,0,1), sidewall angle: 0 radians, 4 vertices:
          (0.772604,-0.25,0)
          (0.772604,0.25,0)
          (1.2726,0.25,0)
          (1.2726,-0.25,0)
     prism, center = (2.0026,0,0.5)
          height 1, axis (0,0,1), sidewall angle: 0 radians, 4 vertices:
          (1.7526,-0.25,0)
          (1.7526,0.25,0)
          (2.2526,0.25,0)
          (2.2526,-0.25,0)
     prism, center = (2.9826,0,0.5)
          height 1, axis (0,0,1), sidewall angle: 0 radians, 4 vertices:
          (2.7326,-0.25,0)
          (2.7326,0.25,0)
          (3.2326,0.25,0)
          (3.2326,-0.25,0)
Geometric object tree has depth 2 and 21 object nodes (vs. 4 actual objects)
Initializing epsilon function...
Allocating fields...
Solving for band polarization: te.
Initializing fields to random numbers...
1 k-points
  Vector3<-0.09, 0.14, 0.0>
elapsed time for initialization: 0.03326821327209473
solve_kpoint (-0.09,0.14,0):
tefreqs:, k index, k1, k2, k3, kmag/2pi, te band 1, te band 2, te band 3, te band 4, te band 5, te band 6
Solving for bands 1 to 6...
    near maximum in trace
    iteration    1: trace = 2.343410379002289 (199.678% change)
    iteration    2: trace = 0.6293213121612878 (115.321% change)
    iteration    3: trace = 0.4303069919507736 (37.563% change)
    iteration    4: trace = 0.411201264622964 (4.54083% change)
    iteration    5: trace = 0.4017554526611173 (2.32382% change)
    iteration    6: trace = 0.3991493424186341 (0.650792% change)
    iteration    7: trace = 0.3973752031365523 (0.44547% change)
    iteration    8: trace = 0.396745532419317 (0.158583% change)
    iteration    9: trace = 0.3963515760895821 (0.0993463% change)
    iteration   10: trace = 0.3962605142775696 (0.0229776% change)
    iteration   11: trace = 0.3962189295196943 (0.0104948% change)
    iteration   12: trace = 0.3962048137503283 (0.00356268% change)
    iteration   13: trace = 0.3961960121092103 (0.00222151% change)
    iteration   14: trace = 0.3961932687345671 (0.000692431% change)
    iteration   15: trace = 0.396192188467858 (0.000272662% change)
    iteration   16: trace = 0.3961919362738843 (6.36545e-05% change)
    iteration   17: trace = 0.3961918531146226 (2.09896e-05% change)
    iteration   18: trace = 0.3961918265884726 (6.69528e-06% change)
    iteration   19: trace = 0.3961918135174669 (3.29916e-06% change)
    iteration   20: trace = 0.3961918083289826 (1.30959e-06% change)
    iteration   21: trace = 0.3961918069266537 (3.53952e-07% change)
    iteration   22: trace = 0.3961918066448789 (7.11208e-08% change)
    iteration   23: trace = 0.3961918065918975 (1.33727e-08% change)
    iteration   24: trace = 0.3961918065753453 (4.17781e-09% change)
Finished solving for bands 1 to 6 after 24 iterations.
tefreqs:, 1, -0.09, 0.14, 0, 0.143178, 0.0645011, 0.149052, 0.171875, 0.300689, 0.323645, 0.380938
elapsed time for k point: 2.7339773178100586
total elapsed time for run: 2.7673487663269043
done
Initializing eigensolver data
Computing 6 bands with 1e-10 tolerance
Working in 2 dimensions.
Grid size is 288 x 96 x 1.
Solving for 6 bands at a time.
Creating Maxwell data...
Mesh size is 3.
Lattice vectors:
     (3, 0, 0)
     (0, 1, 0)
     (0, 0, 1)
Cell volume = 3
Reciprocal lattice vectors (/ 2 pi):
     (0.333333, -0, 0)
     (-0, 1, -0)
     (0, -0, 1)
Geometric objects:
     block, center = (0,0,0)
          size (1e+20,1e+20,1)
          axes (1,0,0), (0,1,0), (0,0,1)
     prism, center = (0.0102083,0,0.5)
          height 1, axis (0,0,1), sidewall angle: 0 radians, 4 vertices:
          (-0.239792,-0.25,0)
          (-0.239792,0.25,0)
          (0.260208,0.25,0)
          (0.260208,-0.25,0)
     prism, center = (1.00021,0,0.5)
          height 1, axis (0,0,1), sidewall angle: 0 radians, 4 vertices:
          (0.750208,-0.25,0)
          (0.750208,0.25,0)
          (1.25021,0.25,0)
          (1.25021,-0.25,0)
     prism, center = (2.00521,0,0.5)
          height 1, axis (0,0,1), sidewall angle: 0 radians, 4 vertices:
          (1.75521,-0.25,0)
          (1.75521,0.25,0)
          (2.25521,0.25,0)
          (2.25521,-0.25,0)
Geometric object tree has depth 2 and 21 object nodes (vs. 4 actual objects)
Initializing epsilon function...
Allocating fields...
Solving for band polarization: te.
Initializing fields to random numbers...
1 k-points
  Vector3<-0.09, 0.14, 0.0>
elapsed time for initialization: 0.031443119049072266
solve_kpoint (-0.09,0.14,0):
tefreqs:, k index, k1, k2, k3, kmag/2pi, te band 1, te band 2, te band 3, te band 4, te band 5, te band 6
Solving for bands 1 to 6...
    near maximum in trace
    iteration    1: trace = 2.254840025427923 (199.691% change)
    iteration    2: trace = 0.6461188565450853 (110.91% change)
    iteration    3: trace = 0.4561687685219427 (34.4647% change)
    iteration    4: trace = 0.4254505493283488 (6.96859% change)
    iteration    5: trace = 0.4094227102192246 (3.83959% change)
    iteration    6: trace = 0.4034174711398084 (1.47759% change)
    iteration    7: trace = 0.398753248034191 (1.1629% change)
    iteration    8: trace = 0.3972551649447568 (0.376399% change)
    iteration    9: trace = 0.3965951225375229 (0.166289% change)
    iteration   10: trace = 0.3964638732708738 (0.0330995% change)
    iteration   11: trace = 0.3964145656321378 (0.0124376% change)
    iteration   12: trace = 0.3964012993176591 (0.00334663% change)
    iteration   13: trace = 0.3963928272872597 (0.00213726% change)
    iteration   14: trace = 0.3963890231446999 (0.000959695% change)
    iteration   15: trace = 0.3963872721912262 (0.000441727% change)
    iteration   16: trace = 0.3963867887686769 (0.000121957% change)
    iteration   17: trace = 0.3963866383676769 (3.7943e-05% change)
    iteration   18: trace = 0.3963865898445519 (1.22414e-05% change)
    iteration   19: trace = 0.3963865746325781 (3.83766e-06% change)
    iteration   20: trace = 0.3963865682932257 (1.59929e-06% change)
    iteration   21: trace = 0.3963865660668777 (5.61661e-07% change)
    iteration   22: trace = 0.39638656530294 (1.92725e-07% change)
    iteration   23: trace = 0.3963865651555118 (3.7193e-08% change)
    iteration   24: trace = 0.3963865651112117 (1.1176e-08% change)
    iteration   25: trace = 0.3963865650954664 (3.97221e-09% change)
Finished solving for bands 1 to 6 after 25 iterations.
tefreqs:, 1, -0.09, 0.14, 0, 0.143178, 0.064511, 0.149081, 0.171774, 0.301477, 0.323149, 0.381024
elapsed time for k point: 3.056739091873169
total elapsed time for run: 3.0882644653320312
done
Initializing eigensolver data
Computing 6 bands with 1e-10 tolerance
Working in 2 dimensions.
Grid size is 288 x 96 x 1.
Solving for 6 bands at a time.
Creating Maxwell data...
Mesh size is 3.
Lattice vectors:
     (3, 0, 0)
     (0, 1, 0)
     (0, 0, 1)
Cell volume = 3
Reciprocal lattice vectors (/ 2 pi):
     (0.333333, -0, 0)
     (-0, 1, -0)
     (0, -0, 1)
Geometric objects:
     block, center = (0,0,0)
          size (1e+20,1e+20,1)
          axes (1,0,0), (0,1,0), (0,0,1)
     prism, center = (1.01021,0,0.5)
          height 1, axis (0,0,1), sidewall angle: 0 radians, 4 vertices:
          (0.760208,-0.25,0)
          (0.760208,0.25,0)
          (1.26021,0.25,0)
          (1.26021,-0.25,0)
     prism, center = (2.00521,0,0.5)
          height 1, axis (0,0,1), sidewall angle: 0 radians, 4 vertices:
          (1.75521,-0.25,0)
          (1.75521,0.25,0)
          (2.25521,0.25,0)
          (2.25521,-0.25,0)
     prism, center = (3.00021,0,0.5)
          height 1, axis (0,0,1), sidewall angle: 0 radians, 4 vertices:
          (2.75021,-0.25,0)
          (2.75021,0.25,0)
          (3.25021,0.25,0)
          (3.25021,-0.25,0)
Geometric object tree has depth 2 and 21 object nodes (vs. 4 actual objects)
Initializing epsilon function...
Allocating fields...
Solving for band polarization: te.
Initializing fields to random numbers...
1 k-points
  Vector3<-0.09, 0.14, 0.0>
elapsed time for initialization: 0.06636714935302734
solve_kpoint (-0.09,0.14,0):
tefreqs:, k index, k1, k2, k3, kmag/2pi, te band 1, te band 2, te band 3, te band 4, te band 5, te band 6
Solving for bands 1 to 6...
    near maximum in trace
    iteration    1: trace = 2.05490153011228 (199.719% change)
    iteration    2: trace = 0.5755328822118319 (112.481% change)
    iteration    3: trace = 0.4432424450580142 (25.9705% change)
    iteration    4: trace = 0.4226661241304673 (4.75254% change)
    iteration    5: trace = 0.4105051794591753 (2.91919% change)
    iteration    6: trace = 0.4051232154679778 (1.31971% change)
    iteration    7: trace = 0.4008442628559076 (1.06182% change)
    iteration    8: trace = 0.3984163538758795 (0.607539% change)
    iteration    9: trace = 0.3969730584357408 (0.362915% change)
    iteration   10: trace = 0.3965906374909071 (0.0963807% change)
    iteration   11: trace = 0.3964575042232262 (0.0335751% change)
    iteration   12: trace = 0.3964178239241956 (0.0100092% change)
    iteration   13: trace = 0.3963973316429815 (0.0051695% change)
    iteration   14: trace = 0.3963883990017637 (0.00225348% change)
    iteration   15: trace = 0.3963844757283125 (0.00098976% change)
    iteration   16: trace = 0.3963833027948628 (0.000295908% change)
    iteration   17: trace = 0.3963829598514351 (8.65182e-05% change)
    iteration   18: trace = 0.3963828495959535 (2.78154e-05% change)
    iteration   19: trace = 0.3963828055344859 (1.11159e-05% change)
    iteration   20: trace = 0.3963827843141174 (5.3535e-06% change)
    iteration   21: trace = 0.3963827760455367 (2.08601e-06% change)
    iteration   22: trace = 0.3963827736342949 (6.08311e-07% change)
    iteration   23: trace = 0.396382773177878 (1.15146e-07% change)
    iteration   24: trace = 0.3963827730613793 (2.93905e-08% change)
    iteration   25: trace = 0.3963827730360234 (6.3968e-09% change)
Finished solving for bands 1 to 6 after 25 iterations.
tefreqs:, 1, -0.09, 0.14, 0, 0.143178, 0.0645109, 0.149081, 0.171774, 0.301471, 0.323159, 0.381016
elapsed time for k point: 3.268301248550415
total elapsed time for run: 3.3347511291503906
done
Initializing eigensolver data
Computing 6 bands with 1e-10 tolerance
Working in 2 dimensions.
Grid size is 288 x 96 x 1.
Solving for 6 bands at a time.
Creating Maxwell data...
Mesh size is 3.
Lattice vectors:
     (3, 0, 0)
     (0, 1, 0)
     (0, 0, 1)
Cell volume = 3
Reciprocal lattice vectors (/ 2 pi):
     (0.333333, -0, 0)
     (-0, 1, -0)
     (0, -0, 1)
Geometric objects:
     block, center = (0,0,0)
          size (1e+20,1e+20,1)
          axes (1,0,0), (0,1,0), (0,0,1)
     prism, center = (0.0152083,0,0.5)
          height 1, axis (0,0,1), sidewall angle: 0 radians, 4 vertices:
          (-0.234792,-0.25,0)
          (-0.234792,0.25,0)
          (0.265208,0.25,0)
          (0.265208,-0.25,0)
     prism, center = (0.995208,0,0.5)
          height 1, axis (0,0,1), sidewall angle: 0 radians, 4 vertices:
          (0.745208,-0.25,0)
          (0.745208,0.25,0)
          (1.24521,0.25,0)
          (1.24521,-0.25,0)
     prism, center = (2.00521,0,0.5)
          height 1, axis (0,0,1), sidewall angle: 0 radians, 4 vertices:
          (1.75521,-0.25,0)
          (1.75521,0.25,0)
          (2.25521,0.25,0)
          (2.25521,-0.25,0)
Geometric object tree has depth 2 and 21 object nodes (vs. 4 actual objects)
Initializing epsilon function...
Allocating fields...
Solving for band polarization: te.
Initializing fields to random numbers...
1 k-points
  Vector3<-0.09, 0.14, 0.0>
elapsed time for initialization: 0.03335690498352051
solve_kpoint (-0.09,0.14,0):
tefreqs:, k index, k1, k2, k3, kmag/2pi, te band 1, te band 2, te band 3, te band 4, te band 5, te band 6
Solving for bands 1 to 6...
    near maximum in trace
    iteration    1: trace = 2.225126557465791 (199.695% change)
    iteration    2: trace = 0.6081448085296944 (114.142% change)
    iteration    3: trace = 0.4372785284361085 (32.6884% change)
    iteration    4: trace = 0.4162306842946102 (4.93207% change)
    iteration    5: trace = 0.4048518143718627 (2.77168% change)
    iteration    6: trace = 0.4015942970467095 (0.80787% change)
    iteration    7: trace = 0.3986946332396697 (0.724654% change)
    iteration    8: trace = 0.3975217588809822 (0.294612% change)
    iteration    9: trace = 0.396802965261835 (0.180982% change)
    iteration   10: trace = 0.3966574234428101 (0.0366853% change)
    iteration   11: trace = 0.3965894840806104 (0.0171294% change)
    iteration   12: trace = 0.3965694089714251 (0.00506206% change)
    iteration   13: trace = 0.3965561897260261 (0.00333346% change)
    iteration   14: trace = 0.3965524208402334 (0.000950408% change)
    iteration   15: trace = 0.3965508903181967 (0.000385958% change)
    iteration   16: trace = 0.3965505539082311 (8.4834e-05% change)
    iteration   17: trace = 0.3965504392322772 (2.89184e-05% change)
    iteration   18: trace = 0.396550403720783 (8.9551e-06% change)
    iteration   19: trace = 0.3965503866756721 (4.29835e-06% change)
    iteration   20: trace = 0.3965503783688721 (2.09477e-06% change)
    iteration   21: trace = 0.396550375351826 (7.60823e-07% change)
    iteration   22: trace = 0.3965503745904595 (1.91997e-07% change)
    iteration   23: trace = 0.396550374441934 (3.74544e-08% change)
    iteration   24: trace = 0.3965503743987675 (1.08855e-08% change)
    iteration   25: trace = 0.3965503743826442 (4.0659e-09% change)
Finished solving for bands 1 to 6 after 25 iterations.
tefreqs:, 1, -0.09, 0.14, 0, 0.143178, 0.0645429, 0.149089, 0.171807, 0.301371, 0.323251, 0.381213
elapsed time for k point: 3.2895054817199707
total elapsed time for run: 3.322951078414917
done
Initializing eigensolver data
Computing 6 bands with 1e-10 tolerance
Working in 2 dimensions.
Grid size is 288 x 96 x 1.
Solving for 6 bands at a time.
Creating Maxwell data...
Mesh size is 3.
Lattice vectors:
     (3, 0, 0)
     (0, 1, 0)
     (0, 0, 1)
Cell volume = 3
Reciprocal lattice vectors (/ 2 pi):
     (0.333333, -0, 0)
     (-0, 1, -0)
     (0, -0, 1)
Geometric objects:
     block, center = (0,0,0)
          size (1e+20,1e+20,1)
          axes (1,0,0), (0,1,0), (0,0,1)
     prism, center = (1.01521,0,0.5)
          height 1, axis (0,0,1), sidewall angle: 0 radians, 4 vertices:
          (0.765208,-0.25,0)
          (0.765208,0.25,0)
          (1.26521,0.25,0)
          (1.26521,-0.25,0)
     prism, center = (2.00521,0,0.5)
          height 1, axis (0,0,1), sidewall angle: 0 radians, 4 vertices:
          (1.75521,-0.25,0)
          (1.75521,0.25,0)
          (2.25521,0.25,0)
          (2.25521,-0.25,0)
     prism, center = (2.99521,0,0.5)
          height 1, axis (0,0,1), sidewall angle: 0 radians, 4 vertices:
          (2.74521,-0.25,0)
          (2.74521,0.25,0)
          (3.24521,0.25,0)
          (3.24521,-0.25,0)
Geometric object tree has depth 2 and 21 object nodes (vs. 4 actual objects)
Initializing epsilon function...
Allocating fields...
Solving for band polarization: te.
Initializing fields to random numbers...
1 k-points
  Vector3<-0.09, 0.14, 0.0>
elapsed time for initialization: 0.03309512138366699
solve_kpoint (-0.09,0.14,0):
tefreqs:, k index, k1, k2, k3, kmag/2pi, te band 1, te band 2, te band 3, te band 4, te band 5, te band 6
Solving for bands 1 to 6...
    near maximum in trace
    iteration    1: trace = 2.205233754468225 (199.698% change)
    iteration    2: trace = 0.5602004973794102 (118.971% change)
    iteration    3: trace = 0.4768809819582332 (16.0681% change)
    iteration    4: trace = 0.4385436151510927 (8.37587% change)
    iteration    5: trace = 0.4231399808676426 (3.57524% change)
    iteration    6: trace = 0.4137913859416759 (2.23402% change)
    iteration    7: trace = 0.4078817372539936 (1.43844% change)
    iteration    8: trace = 0.4015351917769269 (1.56818% change)
    iteration    9: trace = 0.3984700242544235 (0.766287% change)
    iteration   10: trace = 0.3970829567639008 (0.348705% change)
    iteration   11: trace = 0.3967142334767286 (0.0929011% change)
    iteration   12: trace = 0.3966099378629475 (0.0262933% change)
    iteration   13: trace = 0.3965718696792195 (0.00959885% change)
    iteration   14: trace = 0.3965581824000117 (0.00345146% change)
    iteration   15: trace = 0.3965511011260884 (0.0017857% change)
    iteration   16: trace = 0.3965490380276623 (0.000520262% change)
    iteration   17: trace = 0.3965483054952088 (0.000184727% change)
    iteration   18: trace = 0.3965481143057695 (4.82134e-05% change)
    iteration   19: trace = 0.396548034835399 (2.00405e-05% change)
    iteration   20: trace = 0.3965479967263165 (9.61021e-06% change)
    iteration   21: trace = 0.3965479735091647 (5.85482e-06% change)
    iteration   22: trace = 0.3965479659521309 (1.9057e-06% change)
    iteration   23: trace = 0.3965479640335414 (4.83823e-07% change)
    iteration   24: trace = 0.3965479635269636 (1.27747e-07% change)
    iteration   25: trace = 0.3965479633741229 (3.85428e-08% change)
    iteration   26: trace = 0.396547963300766 (1.84989e-08% change)
    iteration   27: trace = 0.3965479632740848 (6.72836e-09% change)
Finished solving for bands 1 to 6 after 27 iterations.
tefreqs:, 1, -0.09, 0.14, 0, 0.143178, 0.0645428, 0.149089, 0.171806, 0.30135, 0.323281, 0.381201
elapsed time for k point: 2.6621408462524414
total elapsed time for run: 2.6953165531158447
done
Initializing eigensolver data
Computing 6 bands with 1e-10 tolerance
Working in 2 dimensions.
Grid size is 288 x 96 x 1.
Solving for 6 bands at a time.
Creating Maxwell data...
Mesh size is 3.
Lattice vectors:
     (3, 0, 0)
     (0, 1, 0)
     (0, 0, 1)
Cell volume = 3
Reciprocal lattice vectors (/ 2 pi):
     (0.333333, -0, 0)
     (-0, 1, -0)
     (0, -0, 1)
Geometric objects:
     block, center = (0,0,0)
          size (1e+20,1e+20,1)
          axes (1,0,0), (0,1,0), (0,0,1)
     prism, center = (0.0252083,0,0.5)
          height 1, axis (0,0,1), sidewall angle: 0 radians, 4 vertices:
          (-0.224792,-0.25,0)
          (-0.224792,0.25,0)
          (0.275208,0.25,0)
          (0.275208,-0.25,0)
     prism, center = (0.985208,0,0.5)
          height 1, axis (0,0,1), sidewall angle: 0 radians, 4 vertices:
          (0.735208,-0.25,0)
          (0.735208,0.25,0)
          (1.23521,0.25,0)
          (1.23521,-0.25,0)
     prism, center = (2.00521,0,0.5)
          height 1, axis (0,0,1), sidewall angle: 0 radians, 4 vertices:
          (1.75521,-0.25,0)
          (1.75521,0.25,0)
          (2.25521,0.25,0)
          (2.25521,-0.25,0)
Geometric object tree has depth 2 and 21 object nodes (vs. 4 actual objects)
Initializing epsilon function...
Allocating fields...
Solving for band polarization: te.
Initializing fields to random numbers...
1 k-points
  Vector3<-0.09, 0.14, 0.0>
elapsed time for initialization: 0.03170919418334961
solve_kpoint (-0.09,0.14,0):
tefreqs:, k index, k1, k2, k3, kmag/2pi, te band 1, te band 2, te band 3, te band 4, te band 5, te band 6
Solving for bands 1 to 6...
    near maximum in trace
    iteration    1: trace = 2.277600915744333 (199.687% change)
    iteration    2: trace = 0.6078747919223756 (115.733% change)
    iteration    3: trace = 0.4303255592438691 (34.2033% change)
    iteration    4: trace = 0.4096365535990553 (4.92618% change)
    iteration    5: trace = 0.4016196741251271 (1.97641% change)
    iteration    6: trace = 0.3993220100530657 (0.573741% change)
    iteration    7: trace = 0.3976968865441178 (0.4078% change)
    iteration    8: trace = 0.3970231401305486 (0.169556% change)
    iteration    9: trace = 0.3965761097521716 (0.112659% change)
    iteration   10: trace = 0.3964646270937306 (0.0281152% change)
    iteration   11: trace = 0.3964151998393937 (0.0124678% change)
    iteration   12: trace = 0.3963990634025389 (0.00407067% change)
    iteration   13: trace = 0.3963898036293215 (0.002336% change)
    iteration   14: trace = 0.39638702603757 (0.000700725% change)
    iteration   15: trace = 0.3963860830479397 (0.000237896% change)
    iteration   16: trace = 0.39638584720528 (5.94982e-05% change)
    iteration   17: trace = 0.3963857727284785 (1.8789e-05% change)
    iteration   18: trace = 0.3963857473995854 (6.38996e-06% change)
    iteration   19: trace = 0.3963857369876324 (2.62672e-06% change)
    iteration   20: trace = 0.3963857315339866 (1.37584e-06% change)
    iteration   21: trace = 0.3963857294061618 (5.36807e-07% change)
    iteration   22: trace = 0.3963857287313018 (1.70253e-07% change)
    iteration   23: trace = 0.3963857286023633 (3.25285e-08% change)
    iteration   24: trace = 0.3963857285637803 (9.73371e-09% change)
Finished solving for bands 1 to 6 after 24 iterations.
tefreqs:, 1, -0.09, 0.14, 0, 0.143178, 0.064532, 0.14906, 0.1719, 0.300867, 0.323466, 0.381185
elapsed time for k point: 2.436222791671753
total elapsed time for run: 2.468003988265991
done
Initializing eigensolver data
Computing 6 bands with 1e-10 tolerance
Working in 2 dimensions.
Grid size is 288 x 96 x 1.
Solving for 6 bands at a time.
Creating Maxwell data...
Mesh size is 3.
Lattice vectors:
     (3, 0, 0)
     (0, 1, 0)
     (0, 0, 1)
Cell volume = 3
Reciprocal lattice vectors (/ 2 pi):
     (0.333333, -0, 0)
     (-0, 1, -0)
     (0, -0, 1)
Geometric objects:
     block, center = (0,0,0)
          size (1e+20,1e+20,1)
          axes (1,0,0), (0,1,0), (0,0,1)
     prism, center = (1.02521,0,0.5)
          height 1, axis (0,0,1), sidewall angle: 0 radians, 4 vertices:
          (0.775208,-0.25,0)
          (0.775208,0.25,0)
          (1.27521,0.25,0)
          (1.27521,-0.25,0)
     prism, center = (2.00521,0,0.5)
          height 1, axis (0,0,1), sidewall angle: 0 radians, 4 vertices:
          (1.75521,-0.25,0)
          (1.75521,0.25,0)
          (2.25521,0.25,0)
          (2.25521,-0.25,0)
     prism, center = (2.98521,0,0.5)
          height 1, axis (0,0,1), sidewall angle: 0 radians, 4 vertices:
          (2.73521,-0.25,0)
          (2.73521,0.25,0)
          (3.23521,0.25,0)
          (3.23521,-0.25,0)
Geometric object tree has depth 2 and 21 object nodes (vs. 4 actual objects)
Initializing epsilon function...
Allocating fields...
Solving for band polarization: te.
Initializing fields to random numbers...
1 k-points
  Vector3<-0.09, 0.14, 0.0>
elapsed time for initialization: 0.032511234283447266
solve_kpoint (-0.09,0.14,0):
tefreqs:, k index, k1, k2, k3, kmag/2pi, te band 1, te band 2, te band 3, te band 4, te band 5, te band 6
Solving for bands 1 to 6...
    near maximum in trace
    iteration    1: trace = 2.196357697951296 (199.698% change)
    iteration    2: trace = 0.5295904977542505 (122.289% change)
    iteration    3: trace = 0.4421112609638339 (18.0054% change)
    iteration    4: trace = 0.416168283899504 (6.04534% change)
    iteration    5: trace = 0.4083572724845745 (1.89467% change)
    iteration    6: trace = 0.4035596030744362 (1.18181% change)
    iteration    7: trace = 0.4005291627287941 (0.753758% change)
    iteration    8: trace = 0.3980005935606685 (0.633306% change)
    iteration    9: trace = 0.3970423581840336 (0.241052% change)
    iteration   10: trace = 0.3966225685737361 (0.105785% change)
    iteration   11: trace = 0.3964817221815083 (0.0355177% change)
    iteration   12: trace = 0.3964186523973083 (0.0159086% change)
    iteration   13: trace = 0.3963904186338029 (0.00712246% change)
    iteration   14: trace = 0.3963799864351031 (0.00263183% change)
    iteration   15: trace = 0.3963765099416531 (0.000877065% change)
    iteration   16: trace = 0.3963757306696258 (0.000196599% change)
    iteration   17: trace = 0.3963754592259527 (6.84814e-05% change)
    iteration   18: trace = 0.3963753699794867 (2.25156e-05% change)
    iteration   19: trace = 0.3963753172627904 (1.32997e-05% change)
    iteration   20: trace = 0.3963752959195438 (5.38461e-06% change)
    iteration   21: trace = 0.3963752865168667 (2.37217e-06% change)
    iteration   22: trace = 0.3963752845192181 (5.03979e-07% change)
    iteration   23: trace = 0.3963752838242061 (1.75342e-07% change)
    iteration   24: trace = 0.3963752835861208 (6.00656e-08% change)
    iteration   25: trace = 0.3963752834511948 (3.404e-08% change)
    iteration   26: trace = 0.3963752833861263 (1.64159e-08% change)
    iteration   27: trace = 0.3963752833623396 (6.00105e-09% change)
Finished solving for bands 1 to 6 after 27 iterations.
tefreqs:, 1, -0.09, 0.14, 0, 0.143178, 0.064532, 0.149066, 0.171888, 0.300722, 0.323681, 0.381106
elapsed time for k point: 3.758025646209717
total elapsed time for run: 3.790616035461426
done
Initializing eigensolver data
Computing 6 bands with 1e-10 tolerance
Working in 2 dimensions.
Grid size is 288 x 96 x 1.
Solving for 6 bands at a time.
Creating Maxwell data...
Mesh size is 3.
Lattice vectors:
     (3, 0, 0)
     (0, 1, 0)
     (0, 0, 1)
Cell volume = 3
Reciprocal lattice vectors (/ 2 pi):
     (0.333333, -0, 0)
     (-0, 1, -0)
     (0, -0, 1)
Geometric objects:
     block, center = (0,0,0)
          size (1e+20,1e+20,1)
          axes (1,0,0), (0,1,0), (0,0,1)
     prism, center = (0.0128125,0,0.5)
          height 1, axis (0,0,1), sidewall angle: 0 radians, 4 vertices:
          (-0.237187,-0.25,0)
          (-0.237187,0.25,0)
          (0.262813,0.25,0)
          (0.262813,-0.25,0)
     prism, center = (1.00281,0,0.5)
          height 1, axis (0,0,1), sidewall angle: 0 radians, 4 vertices:
          (0.752812,-0.25,0)
          (0.752812,0.25,0)
          (1.25281,0.25,0)
          (1.25281,-0.25,0)
     prism, center = (2.00781,0,0.5)
          height 1, axis (0,0,1), sidewall angle: 0 radians, 4 vertices:
          (1.75781,-0.25,0)
          (1.75781,0.25,0)
          (2.25781,0.25,0)
          (2.25781,-0.25,0)
Geometric object tree has depth 2 and 21 object nodes (vs. 4 actual objects)
Initializing epsilon function...
Allocating fields...
Solving for band polarization: te.
Initializing fields to random numbers...
1 k-points
  Vector3<-0.09, 0.14, 0.0>
elapsed time for initialization: 0.08556842803955078
solve_kpoint (-0.09,0.14,0):
tefreqs:, k index, k1, k2, k3, kmag/2pi, te band 1, te band 2, te band 3, te band 4, te band 5, te band 6
Solving for bands 1 to 6...
    near maximum in trace
    iteration    1: trace = 2.133226511041508 (199.706% change)
    iteration    2: trace = 0.557461261890822 (117.127% change)
    iteration    3: trace = 0.4601878591392329 (19.1173% change)
    iteration    4: trace = 0.424457540344421 (8.07788% change)
    iteration    5: trace = 0.4145437062618624 (2.36325% change)
    iteration    6: trace = 0.4086766876055083 (1.42538% change)
    iteration    7: trace = 0.4046746448921812 (0.984087% change)
    iteration    8: trace = 0.3995527884208817 (1.27373% change)
    iteration    9: trace = 0.3973926410298076 (0.542107% change)
    iteration   10: trace = 0.3965352828640621 (0.215979% change)
    iteration   11: trace = 0.3963860012030223 (0.0376536% change)
    iteration   12: trace = 0.3963336988735495 (0.0131957% change)
    iteration   13: trace = 0.396315161411265 (0.00467735% change)
    iteration   14: trace = 0.3963052097486811 (0.00251108% change)
    iteration   15: trace = 0.3963019964497618 (0.000810817% change)
    iteration   16: trace = 0.3963009416680874 (0.000266156% change)
    iteration   17: trace = 0.3963006884384597 (6.38983e-05% change)
    iteration   18: trace = 0.3963006008742745 (2.20954e-05% change)
    iteration   19: trace = 0.396300568146554 (8.25831e-06% change)
    iteration   20: trace = 0.3963005509301041 (4.34429e-06% change)
    iteration   21: trace = 0.396300544363877 (1.65688e-06% change)
    iteration   22: trace = 0.3963005424105985 (4.92878e-07% change)
    iteration   23: trace = 0.3963005418997394 (1.28907e-07% change)
    iteration   24: trace = 0.3963005417811901 (2.9914e-08% change)
    iteration   25: trace = 0.3963005417388104 (1.06938e-08% change)
    iteration   26: trace = 0.3963005417199304 (4.76405e-09% change)
Finished solving for bands 1 to 6 after 26 iterations.
tefreqs:, 1, -0.09, 0.14, 0, 0.143178, 0.0644971, 0.149074, 0.171769, 0.301461, 0.323138, 0.380941
elapsed time for k point: 2.7574751377105713
total elapsed time for run: 2.843137264251709
done
Initializing eigensolver data
Computing 6 bands with 1e-10 tolerance
Working in 2 dimensions.
Grid size is 288 x 96 x 1.
Solving for 6 bands at a time.
Creating Maxwell data...
Mesh size is 3.
Lattice vectors:
     (3, 0, 0)
     (0, 1, 0)
     (0, 0, 1)
Cell volume = 3
Reciprocal lattice vectors (/ 2 pi):
     (0.333333, -0, 0)
     (-0, 1, -0)
     (0, -0, 1)
Geometric objects:
     block, center = (0,0,0)
          size (1e+20,1e+20,1)
          axes (1,0,0), (0,1,0), (0,0,1)
     prism, center = (1.01281,0,0.5)
          height 1, axis (0,0,1), sidewall angle: 0 radians, 4 vertices:
          (0.762813,-0.25,0)
          (0.762813,0.25,0)
          (1.26281,0.25,0)
          (1.26281,-0.25,0)
     prism, center = (2.00781,0,0.5)
          height 1, axis (0,0,1), sidewall angle: 0 radians, 4 vertices:
          (1.75781,-0.25,0)
          (1.75781,0.25,0)
          (2.25781,0.25,0)
          (2.25781,-0.25,0)
     prism, center = (3.00281,0,0.5)
          height 1, axis (0,0,1), sidewall angle: 0 radians, 4 vertices:
          (2.75281,-0.25,0)
          (2.75281,0.25,0)
          (3.25281,0.25,0)
          (3.25281,-0.25,0)
Geometric object tree has depth 2 and 21 object nodes (vs. 4 actual objects)
Initializing epsilon function...
Allocating fields...
Solving for band polarization: te.
Initializing fields to random numbers...
1 k-points
  Vector3<-0.09, 0.14, 0.0>
elapsed time for initialization: 0.031746864318847656
solve_kpoint (-0.09,0.14,0):
tefreqs:, k index, k1, k2, k3, kmag/2pi, te band 1, te band 2, te band 3, te band 4, te band 5, te band 6
Solving for bands 1 to 6...
    near maximum in trace
    iteration    1: trace = 2.280608541469771 (199.686% change)
    iteration    2: trace = 0.526125185881782 (125.02% change)
    iteration    3: trace = 0.4375700452774255 (18.3782% change)
    iteration    4: trace = 0.4056566441443145 (7.56935% change)
    iteration    5: trace = 0.4000571101841498 (1.38996% change)
    iteration    6: trace = 0.3977894387711476 (0.568448% change)
    iteration    7: trace = 0.3970466375325374 (0.186907% change)
    iteration    8: trace = 0.3965446195731185 (0.126518% change)
    iteration    9: trace = 0.3963939305787327 (0.0380077% change)
    iteration   10: trace = 0.396322193436952 (0.0180991% change)
    iteration   11: trace = 0.3963090905051875 (0.00330619% change)
    iteration   12: trace = 0.3963037982706353 (0.00133539% change)
    iteration   13: trace = 0.3963019564318608 (0.000464755% change)
    iteration   14: trace = 0.3963008042821428 (0.000290726% change)
    iteration   15: trace = 0.396300465295812 (8.55377e-05% change)
    iteration   16: trace = 0.396300343740698 (3.06725e-05% change)
    iteration   17: trace = 0.3963003177792355 (6.55096e-06% change)
    iteration   18: trace = 0.3963003084181947 (2.36211e-06% change)
    iteration   19: trace = 0.3963003048626693 (8.9718e-07% change)
    iteration   20: trace = 0.3963003028304707 (5.12793e-07% change)
    iteration   21: trace = 0.3963003021997066 (1.59163e-07% change)
    iteration   22: trace = 0.3963003020474477 (3.84201e-08% change)
    iteration   23: trace = 0.3963003020170471 (7.67111e-09% change)
Finished solving for bands 1 to 6 after 23 iterations.
tefreqs:, 1, -0.09, 0.14, 0, 0.143178, 0.064497, 0.149074, 0.171768, 0.301459, 0.323141, 0.38094
elapsed time for k point: 2.060469150543213
total elapsed time for run: 2.092294692993164
done
Initializing eigensolver data
Computing 6 bands with 1e-10 tolerance
Working in 2 dimensions.
Grid size is 288 x 96 x 1.
Solving for 6 bands at a time.
Creating Maxwell data...
Mesh size is 3.
Lattice vectors:
     (3, 0, 0)
     (0, 1, 0)
     (0, 0, 1)
Cell volume = 3
Reciprocal lattice vectors (/ 2 pi):
     (0.333333, -0, 0)
     (-0, 1, -0)
     (0, -0, 1)
Geometric objects:
     block, center = (0,0,0)
          size (1e+20,1e+20,1)
          axes (1,0,0), (0,1,0), (0,0,1)
     prism, center = (0.0178125,0,0.5)
          height 1, axis (0,0,1), sidewall angle: 0 radians, 4 vertices:
          (-0.232187,-0.25,0)
          (-0.232187,0.25,0)
          (0.267813,0.25,0)
          (0.267813,-0.25,0)
     prism, center = (0.997812,0,0.5)
          height 1, axis (0,0,1), sidewall angle: 0 radians, 4 vertices:
          (0.747812,-0.25,0)
          (0.747812,0.25,0)
          (1.24781,0.25,0)
          (1.24781,-0.25,0)
     prism, center = (2.00781,0,0.5)
          height 1, axis (0,0,1), sidewall angle: 0 radians, 4 vertices:
          (1.75781,-0.25,0)
          (1.75781,0.25,0)
          (2.25781,0.25,0)
          (2.25781,-0.25,0)
Geometric object tree has depth 2 and 21 object nodes (vs. 4 actual objects)
Initializing epsilon function...
Allocating fields...
Solving for band polarization: te.
Initializing fields to random numbers...
1 k-points
  Vector3<-0.09, 0.14, 0.0>
elapsed time for initialization: 0.04488372802734375
solve_kpoint (-0.09,0.14,0):
tefreqs:, k index, k1, k2, k3, kmag/2pi, te band 1, te band 2, te band 3, te band 4, te band 5, te band 6
Solving for bands 1 to 6...
    near maximum in trace
    iteration    1: trace = 1.94732236397782 (199.732% change)
    iteration    2: trace = 0.4879130477521296 (119.858% change)
    iteration    3: trace = 0.4235980117052826 (14.1117% change)
    iteration    4: trace = 0.4039523529542887 (4.74791% change)
    iteration    5: trace = 0.3990683365727827 (1.21641% change)
    iteration    6: trace = 0.3973277037889686 (0.437127% change)
    iteration    7: trace = 0.396835865914876 (0.123863% change)
    iteration    8: trace = 0.3965055185910517 (0.08328% change)
    iteration    9: trace = 0.3963833256966589 (0.0308222% change)
    iteration   10: trace = 0.3963312483134177 (0.013139% change)
    iteration   11: trace = 0.3963188084526177 (0.0031388% change)
    iteration   12: trace = 0.3963134310553559 (0.00135685% change)
    iteration   13: trace = 0.3963113738568741 (0.000519085% change)
    iteration   14: trace = 0.3963102533769619 (0.000282728% change)
    iteration   15: trace = 0.3963099638721836 (7.30501e-05% change)
    iteration   16: trace = 0.3963098709973183 (2.34349e-05% change)
    iteration   17: trace = 0.396309850952574 (5.05785e-06% change)
    iteration   18: trace = 0.3963098460091069 (1.24737e-06% change)
    iteration   19: trace = 0.3963098444914836 (3.82939e-07% change)
    iteration   20: trace = 0.3963098436630435 (2.09038e-07% change)
    iteration   21: trace = 0.3963098432912309 (9.38187e-08% change)
    iteration   22: trace = 0.3963098431821779 (2.75171e-08% change)
    iteration   23: trace = 0.3963098431554066 (6.75515e-09% change)
Finished solving for bands 1 to 6 after 23 iterations.
tefreqs:, 1, -0.09, 0.14, 0, 0.143178, 0.0645034, 0.14907, 0.171792, 0.301327, 0.323212, 0.380987
elapsed time for k point: 2.1951327323913574
total elapsed time for run: 2.2401907444000244
done
Initializing eigensolver data
Computing 6 bands with 1e-10 tolerance
Working in 2 dimensions.
Grid size is 288 x 96 x 1.
Solving for 6 bands at a time.
Creating Maxwell data...
Mesh size is 3.
Lattice vectors:
     (3, 0, 0)
     (0, 1, 0)
     (0, 0, 1)
Cell volume = 3
Reciprocal lattice vectors (/ 2 pi):
     (0.333333, -0, 0)
     (-0, 1, -0)
     (0, -0, 1)
Geometric objects:
     block, center = (0,0,0)
          size (1e+20,1e+20,1)
          axes (1,0,0), (0,1,0), (0,0,1)
     prism, center = (1.01781,0,0.5)
          height 1, axis (0,0,1), sidewall angle: 0 radians, 4 vertices:
          (0.767813,-0.25,0)
          (0.767813,0.25,0)
          (1.26781,0.25,0)
          (1.26781,-0.25,0)
     prism, center = (2.00781,0,0.5)
          height 1, axis (0,0,1), sidewall angle: 0 radians, 4 vertices:
          (1.75781,-0.25,0)
          (1.75781,0.25,0)
          (2.25781,0.25,0)
          (2.25781,-0.25,0)
     prism, center = (2.99781,0,0.5)
          height 1, axis (0,0,1), sidewall angle: 0 radians, 4 vertices:
          (2.74781,-0.25,0)
          (2.74781,0.25,0)
          (3.24781,0.25,0)
          (3.24781,-0.25,0)
Geometric object tree has depth 2 and 21 object nodes (vs. 4 actual objects)
Initializing epsilon function...
Allocating fields...
Solving for band polarization: te.
Initializing fields to random numbers...
1 k-points
  Vector3<-0.09, 0.14, 0.0>
elapsed time for initialization: 0.03494143486022949
solve_kpoint (-0.09,0.14,0):
tefreqs:, k index, k1, k2, k3, kmag/2pi, te band 1, te band 2, te band 3, te band 4, te band 5, te band 6
Solving for bands 1 to 6...
    near maximum in trace
    iteration    1: trace = 2.212266492639424 (199.696% change)
    iteration    2: trace = 0.5392188535405177 (121.611% change)
    iteration    3: trace = 0.451641321891035 (17.6771% change)
    iteration    4: trace = 0.4205294551749285 (7.13435% change)
    iteration    5: trace = 0.4114840262322682 (2.17435% change)
    iteration    6: trace = 0.4049375334436183 (1.6037% change)
    iteration    7: trace = 0.4008995191619757 (1.00219% change)
    iteration    8: trace = 0.3975497839544372 (0.83906% change)
    iteration    9: trace = 0.3966964184376412 (0.214887% change)
    iteration   10: trace = 0.3964227199177441 (0.0690183% change)
    iteration   11: trace = 0.3963672307620926 (0.0139985% change)
    iteration   12: trace = 0.3963343188944871 (0.00830372% change)
    iteration   13: trace = 0.3963198798156626 (0.00364322% change)
    iteration   14: trace = 0.3963126325009033 (0.00182867% change)
    iteration   15: trace = 0.3963108844993465 (0.000441067% change)
    iteration   16: trace = 0.3963102768353658 (0.00015333% change)
    iteration   17: trace = 0.3963101078995404 (4.26272e-05% change)
    iteration   18: trace = 0.3963100289856035 (1.99122e-05% change)
    iteration   19: trace = 0.3963100019229412 (6.82866e-06% change)
    iteration   20: trace = 0.3963099902581174 (2.94336e-06% change)
    iteration   21: trace = 0.3963099870770833 (8.02663e-07% change)
    iteration   22: trace = 0.3963099862535818 (2.07792e-07% change)
    iteration   23: trace = 0.3963099860972262 (3.94529e-08% change)
    iteration   24: trace = 0.3963099860654788 (8.01073e-09% change)
Finished solving for bands 1 to 6 after 24 iterations.
tefreqs:, 1, -0.09, 0.14, 0, 0.143178, 0.0645034, 0.149071, 0.17179, 0.301309, 0.323237, 0.38098
elapsed time for k point: 2.111497163772583
total elapsed time for run: 2.146538019180298
done
Initializing eigensolver data
Computing 6 bands with 1e-10 tolerance
Working in 2 dimensions.
Grid size is 288 x 96 x 1.
Solving for 6 bands at a time.
Creating Maxwell data...
Mesh size is 3.
Lattice vectors:
     (3, 0, 0)
     (0, 1, 0)
     (0, 0, 1)
Cell volume = 3
Reciprocal lattice vectors (/ 2 pi):
     (0.333333, -0, 0)
     (-0, 1, -0)
     (0, -0, 1)
Geometric objects:
     block, center = (0,0,0)
          size (1e+20,1e+20,1)
          axes (1,0,0), (0,1,0), (0,0,1)
     prism, center = (0.0278125,0,0.5)
          height 1, axis (0,0,1), sidewall angle: 0 radians, 4 vertices:
          (-0.222188,-0.25,0)
          (-0.222188,0.25,0)
          (0.277813,0.25,0)
          (0.277813,-0.25,0)
     prism, center = (0.987812,0,0.5)
          height 1, axis (0,0,1), sidewall angle: 0 radians, 4 vertices:
          (0.737812,-0.25,0)
          (0.737812,0.25,0)
          (1.23781,0.25,0)
          (1.23781,-0.25,0)
     prism, center = (2.00781,0,0.5)
          height 1, axis (0,0,1), sidewall angle: 0 radians, 4 vertices:
          (1.75781,-0.25,0)
          (1.75781,0.25,0)
          (2.25781,0.25,0)
          (2.25781,-0.25,0)
Geometric object tree has depth 2 and 21 object nodes (vs. 4 actual objects)
Initializing epsilon function...
Allocating fields...
Solving for band polarization: te.
Initializing fields to random numbers...
1 k-points
  Vector3<-0.09, 0.14, 0.0>
elapsed time for initialization: 0.03571009635925293
solve_kpoint (-0.09,0.14,0):
tefreqs:, k index, k1, k2, k3, kmag/2pi, te band 1, te band 2, te band 3, te band 4, te band 5, te band 6
Solving for bands 1 to 6...
    near maximum in trace
    iteration    1: trace = 2.282218680602121 (199.686% change)
    iteration    2: trace = 0.529667830713913 (124.653% change)
    iteration    3: trace = 0.4352616964285317 (19.5675% change)
    iteration    4: trace = 0.410427894208366 (5.87303% change)
    iteration    5: trace = 0.4026437031379031 (1.91476% change)
    iteration    6: trace = 0.3989233449941686 (0.928271% change)
    iteration    7: trace = 0.3975403374298249 (0.347287% change)
    iteration    8: trace = 0.3966970633601141 (0.212348% change)
    iteration    9: trace = 0.3963959657668575 (0.07593% change)
    iteration   10: trace = 0.3962594082994234 (0.0344557% change)
    iteration   11: trace = 0.3962215603526054 (0.00955176% change)
    iteration   12: trace = 0.3962065227980252 (0.00379531% change)
    iteration   13: trace = 0.3962000197707459 (0.00164134% change)
    iteration   14: trace = 0.3961968638081974 (0.000796561% change)
    iteration   15: trace = 0.3961959503078661 (0.000230568% change)
    iteration   16: trace = 0.3961956899333475 (6.57186e-05% change)
    iteration   17: trace = 0.3961956064031302 (2.10831e-05% change)
    iteration   18: trace = 0.3961955715035581 (8.80867e-06% change)
    iteration   19: trace = 0.3961955542557437 (4.35336e-06% change)
    iteration   20: trace = 0.3961955480714492 (1.56092e-06% change)
    iteration   21: trace = 0.3961955462349817 (4.63526e-07% change)
    iteration   22: trace = 0.396195545895518 (8.56808e-08% change)
    iteration   23: trace = 0.3961955458130199 (2.08226e-08% change)
    iteration   24: trace = 0.396195545798132 (3.75771e-09% change)
Finished solving for bands 1 to 6 after 24 iterations.
tefreqs:, 1, -0.09, 0.14, 0, 0.143178, 0.0645009, 0.149045, 0.171887, 0.300827, 0.323441, 0.381005
elapsed time for k point: 3.057681083679199
total elapsed time for run: 3.0934746265411377
done
Initializing eigensolver data
Computing 6 bands with 1e-10 tolerance
Working in 2 dimensions.
Grid size is 288 x 96 x 1.
Solving for 6 bands at a time.
Creating Maxwell data...
Mesh size is 3.
Lattice vectors:
     (3, 0, 0)
     (0, 1, 0)
     (0, 0, 1)
Cell volume = 3
Reciprocal lattice vectors (/ 2 pi):
     (0.333333, -0, 0)
     (-0, 1, -0)
     (0, -0, 1)
Geometric objects:
     block, center = (0,0,0)
          size (1e+20,1e+20,1)
          axes (1,0,0), (0,1,0), (0,0,1)
     prism, center = (1.02781,0,0.5)
          height 1, axis (0,0,1), sidewall angle: 0 radians, 4 vertices:
          (0.777813,-0.25,0)
          (0.777813,0.25,0)
          (1.27781,0.25,0)
          (1.27781,-0.25,0)
     prism, center = (2.00781,0,0.5)
          height 1, axis (0,0,1), sidewall angle: 0 radians, 4 vertices:
          (1.75781,-0.25,0)
          (1.75781,0.25,0)
          (2.25781,0.25,0)
          (2.25781,-0.25,0)
     prism, center = (2.98781,0,0.5)
          height 1, axis (0,0,1), sidewall angle: 0 radians, 4 vertices:
          (2.73781,-0.25,0)
          (2.73781,0.25,0)
          (3.23781,0.25,0)
          (3.23781,-0.25,0)
Geometric object tree has depth 2 and 21 object nodes (vs. 4 actual objects)
Initializing epsilon function...
Allocating fields...
Solving for band polarization: te.
Initializing fields to random numbers...
1 k-points
  Vector3<-0.09, 0.14, 0.0>
elapsed time for initialization: 0.03587937355041504
solve_kpoint (-0.09,0.14,0):
tefreqs:, k index, k1, k2, k3, kmag/2pi, te band 1, te band 2, te band 3, te band 4, te band 5, te band 6
Solving for bands 1 to 6...
    near maximum in trace
    iteration    1: trace = 2.054243187508229 (199.715% change)
    iteration    2: trace = 0.5861721588963861 (111.2% change)
    iteration    3: trace = 0.4248192482383574 (31.9197% change)
    iteration    4: trace = 0.4107407131047035 (3.36984% change)
    iteration    5: trace = 0.402357268221074 (2.0621% change)
    iteration    6: trace = 0.399505607423257 (0.711259% change)
    iteration    7: trace = 0.3972353066740182 (0.569897% change)
    iteration    8: trace = 0.3965535793733458 (0.171765% change)
    iteration    9: trace = 0.3962671052772675 (0.0722671% change)
    iteration   10: trace = 0.3962201176787167 (0.0118583% change)
    iteration   11: trace = 0.3962027538890325 (0.00438246% change)
    iteration   12: trace = 0.396197864318348 (0.00123412% change)
    iteration   13: trace = 0.3961942594868275 (0.000909861% change)
    iteration   14: trace = 0.3961927183912057 (0.000388976% change)
    iteration   15: trace = 0.3961920588359193 (0.000166473% change)
    iteration   16: trace = 0.3961918884060791 (4.3017e-05% change)
    iteration   17: trace = 0.396191834325833 (1.365e-05% change)
    iteration   18: trace = 0.3961918176064059 (4.22003e-06% change)
    iteration   19: trace = 0.3961918107475333 (1.7312e-06% change)
    iteration   20: trace = 0.3961918078153471 (7.40093e-07% change)
    iteration   21: trace = 0.3961918068332582 (2.47882e-07% change)
    iteration   22: trace = 0.3961918066227652 (5.31291e-08% change)
    iteration   23: trace = 0.3961918065830358 (1.00278e-08% change)
    iteration   24: trace = 0.3961918065706667 (3.122e-09% change)
Finished solving for bands 1 to 6 after 24 iterations.
tefreqs:, 1, -0.09, 0.14, 0, 0.143178, 0.0645011, 0.149052, 0.171875, 0.300689, 0.323645, 0.380938
elapsed time for k point: 2.6043405532836914
total elapsed time for run: 2.640303134918213
done
Initializing eigensolver data
Computing 6 bands with 1e-10 tolerance
Working in 2 dimensions.
Grid size is 288 x 96 x 1.
Solving for 6 bands at a time.
Creating Maxwell data...
Mesh size is 3.
Lattice vectors:
     (3, 0, 0)
     (0, 1, 0)
     (0, 0, 1)
Cell volume = 3
Reciprocal lattice vectors (/ 2 pi):
     (0.333333, -0, 0)
     (-0, 1, -0)
     (0, -0, 1)
Geometric objects:
     block, center = (0,0,0)
          size (1e+20,1e+20,1)
          axes (1,0,0), (0,1,0), (0,0,1)
     prism, center = (0.01,0,0.5)
          height 1, axis (0,0,1), sidewall angle: 0 radians, 4 vertices:
          (-0.24,-0.25,0)
          (-0.24,0.25,0)
          (0.26,0.25,0)
          (0.26,-0.25,0)
     prism, center = (1,0,0.5)
          height 1, axis (0,0,1), sidewall angle: 0 radians, 4 vertices:
          (0.75,-0.25,0)
          (0.75,0.25,0)
          (1.25,0.25,0)
          (1.25,-0.25,0)
     prism, center = (2,0,0.5)
          height 1, axis (0,0,1), sidewall angle: 0 radians, 4 vertices:
          (1.75,-0.25,0)
          (1.75,0.25,0)
          (2.25,0.25,0)
          (2.25,-0.25,0)
Geometric object tree has depth 2 and 21 object nodes (vs. 4 actual objects)
Initializing epsilon function...
Allocating fields...
Solving for band polarization: te.
Initializing fields to random numbers...
1 k-points
  Vector3<-0.09, 0.14, 0.0>
elapsed time for initialization: 0.03171062469482422
solve_kpoint (-0.09,0.14,0):
tefreqs:, k index, k1, k2, k3, kmag/2pi, te band 1, te band 2, te band 3, te band 4, te band 5, te band 6
Solving for bands 1 to 6...
    near maximum in trace
    iteration    1: trace = 1.811092931022293 (199.75% change)
    iteration    2: trace = 0.5248690365291496 (110.124% change)
    iteration    3: trace = 0.4429084874389138 (16.9379% change)
    iteration    4: trace = 0.4086149954766279 (8.05462% change)
    iteration    5: trace = 0.4011775684252117 (1.83687% change)
    iteration    6: trace = 0.3983842327733259 (0.698717% change)
    iteration    7: trace = 0.3974590621704842 (0.232501% change)
    iteration    8: trace = 0.3968780715911897 (0.146283% change)
    iteration    9: trace = 0.3967191224275498 (0.0400579% change)
    iteration   10: trace = 0.3966558815437278 (0.0159422% change)
    iteration   11: trace = 0.3966421081158765 (0.00347245% change)
    iteration   12: trace = 0.3966374975609908 (0.0011624% change)
    iteration   13: trace = 0.3966356924532892 (0.000455104% change)
    iteration   14: trace = 0.3966345690909679 (0.000283223% change)
    iteration   15: trace = 0.3966342093711909 (9.0693e-05% change)
    iteration   16: trace = 0.3966341098758368 (2.50849e-05% change)
    iteration   17: trace = 0.3966340825865836 (6.88021e-06% change)
    iteration   18: trace = 0.3966340716897487 (2.74733e-06% change)
    iteration   19: trace = 0.3966340661688425 (1.39194e-06% change)
    iteration   20: trace = 0.3966340638006862 (5.97063e-07% change)
    iteration   21: trace = 0.3966340630429276 (1.91047e-07% change)
    iteration   22: trace = 0.3966340628814496 (4.07121e-08% change)
    iteration   23: trace = 0.3966340628437089 (9.51524e-09% change)
Finished solving for bands 1 to 6 after 23 iterations.
tefreqs:, 1, -0.09, 0.14, 0, 0.143178, 0.0645454, 0.149097, 0.171791, 0.301502, 0.323214, 0.381254
elapsed time for k point: 3.200395107269287
total elapsed time for run: 3.2321858406066895
done
Initializing eigensolver data
Computing 6 bands with 1e-10 tolerance
Working in 2 dimensions.
Grid size is 288 x 96 x 1.
Solving for 6 bands at a time.
Creating Maxwell data...
Mesh size is 3.
Lattice vectors:
     (3, 0, 0)
     (0, 1, 0)
     (0, 0, 1)
Cell volume = 3
Reciprocal lattice vectors (/ 2 pi):
     (0.333333, -0, 0)
     (-0, 1, -0)
     (0, -0, 1)
Geometric objects:
     block, center = (0,0,0)
          size (1e+20,1e+20,1)
          axes (1,0,0), (0,1,0), (0,0,1)
     prism, center = (0.01,0,0.5)
          height 1, axis (0,0,1), sidewall angle: 0 radians, 4 vertices:
          (-0.24,-0.25,0)
          (-0.24,0.25,0)
          (0.26,0.25,0)
          (0.26,-0.25,0)
     prism, center = (1.01,0,0.5)
          height 1, axis (0,0,1), sidewall angle: 0 radians, 4 vertices:
          (0.76,-0.25,0)
          (0.76,0.25,0)
          (1.26,0.25,0)
          (1.26,-0.25,0)
     prism, center = (2,0,0.5)
          height 1, axis (0,0,1), sidewall angle: 0 radians, 4 vertices:
          (1.75,-0.25,0)
          (1.75,0.25,0)
          (2.25,0.25,0)
          (2.25,-0.25,0)
Geometric object tree has depth 2 and 21 object nodes (vs. 4 actual objects)
Initializing epsilon function...
Allocating fields...
Solving for band polarization: te.
Initializing fields to random numbers...
1 k-points
  Vector3<-0.09, 0.14, 0.0>
elapsed time for initialization: 0.03988981246948242
solve_kpoint (-0.09,0.14,0):
tefreqs:, k index, k1, k2, k3, kmag/2pi, te band 1, te band 2, te band 3, te band 4, te band 5, te band 6
Solving for bands 1 to 6...
    near maximum in trace
    iteration    1: trace = 2.016054191639245 (199.721% change)
    iteration    2: trace = 0.4894141869616678 (121.865% change)
    iteration    3: trace = 0.4301436744350083 (12.8911% change)
    iteration    4: trace = 0.4106696333433667 (4.63219% change)
    iteration    5: trace = 0.4045540060641816 (1.50036% change)
    iteration    6: trace = 0.4001162862960645 (1.10299% change)
    iteration    7: trace = 0.3982731859330589 (0.461705% change)
    iteration    8: trace = 0.3969683545536273 (0.32816% change)
    iteration    9: trace = 0.3966150837136918 (0.0890318% change)
    iteration   10: trace = 0.3964847982215641 (0.0328548% change)
    iteration   11: trace = 0.3964604144540427 (0.00615018% change)
    iteration   12: trace = 0.3964493300151815 (0.00279589% change)
    iteration   13: trace = 0.3964443668894359 (0.0012519% change)
    iteration   14: trace = 0.3964412524266178 (0.000785602% change)
    iteration   15: trace = 0.3964405574356973 (0.000175308% change)
    iteration   16: trace = 0.3964403776448795 (4.53513e-05% change)
    iteration   17: trace = 0.396440332357949 (1.14234e-05% change)
    iteration   18: trace = 0.3964403134491702 (4.76964e-06% change)
    iteration   19: trace = 0.3964403057144742 (1.95104e-06% change)
    iteration   20: trace = 0.3964403025966857 (7.86446e-07% change)
    iteration   21: trace = 0.3964403017261467 (2.19589e-07% change)
    iteration   22: trace = 0.3964403015420312 (4.64422e-08% change)
    iteration   23: trace = 0.3964403014986566 (1.0941e-08% change)
    iteration   24: trace = 0.3964403014899285 (2.20163e-09% change)
Finished solving for bands 1 to 6 after 24 iterations.
tefreqs:, 1, -0.09, 0.14, 0, 0.143178, 0.0645168, 0.149084, 0.17178, 0.30147, 0.323178, 0.381072
elapsed time for k point: 2.427119016647339
total elapsed time for run: 2.4670958518981934
done
Initializing eigensolver data
Computing 6 bands with 1e-10 tolerance
Working in 2 dimensions.
Grid size is 288 x 96 x 1.
Solving for 6 bands at a time.
Creating Maxwell data...
Mesh size is 3.
Lattice vectors:
     (3, 0, 0)
     (0, 1, 0)
     (0, 0, 1)
Cell volume = 3
Reciprocal lattice vectors (/ 2 pi):
     (0.333333, -0, 0)
     (-0, 1, -0)
     (0, -0, 1)
Geometric objects:
     block, center = (0,0,0)
          size (1e+20,1e+20,1)
          axes (1,0,0), (0,1,0), (0,0,1)
     prism, center = (1,0,0.5)
          height 1, axis (0,0,1), sidewall angle: 0 radians, 4 vertices:
          (0.75,-0.25,0)
          (0.75,0.25,0)
          (1.25,0.25,0)
          (1.25,-0.25,0)
     prism, center = (2,0,0.5)
          height 1, axis (0,0,1), sidewall angle: 0 radians, 4 vertices:
          (1.75,-0.25,0)
          (1.75,0.25,0)
          (2.25,0.25,0)
          (2.25,-0.25,0)
     prism, center = (2.99,0,0.5)
          height 1, axis (0,0,1), sidewall angle: 0 radians, 4 vertices:
          (2.74,-0.25,0)
          (2.74,0.25,0)
          (3.24,0.25,0)
          (3.24,-0.25,0)
Geometric object tree has depth 2 and 21 object nodes (vs. 4 actual objects)
Initializing epsilon function...
Allocating fields...
Solving for band polarization: te.
Initializing fields to random numbers...
1 k-points
  Vector3<-0.09, 0.14, 0.0>
elapsed time for initialization: 0.08532285690307617
solve_kpoint (-0.09,0.14,0):
tefreqs:, k index, k1, k2, k3, kmag/2pi, te band 1, te band 2, te band 3, te band 4, te band 5, te band 6
Solving for bands 1 to 6...
    near maximum in trace
    iteration    1: trace = 2.256501024890464 (199.688% change)
    iteration    2: trace = 0.5197458430320404 (125.115% change)
    iteration    3: trace = 0.443364620259954 (15.8614% change)
    iteration    4: trace = 0.4142460347082283 (6.79063% change)
    iteration    5: trace = 0.4056977680959489 (2.08509% change)
    iteration    6: trace = 0.4009912556451445 (1.16687% change)
    iteration    7: trace = 0.399027947104437 (0.490815% change)
    iteration    8: trace = 0.3973970904459267 (0.409544% change)
    iteration    9: trace = 0.3969130546855503 (0.121876% change)
    iteration   10: trace = 0.3967196443825041 (0.0487405% change)
    iteration   11: trace = 0.3966732588588538 (0.011693% change)
    iteration   12: trace = 0.3966479278754128 (0.00638606% change)
    iteration   13: trace = 0.3966392501455789 (0.00218779% change)
    iteration   14: trace = 0.3966352040623917 (0.0010201% change)
    iteration   15: trace = 0.3966341239469273 (0.00027232% change)
    iteration   16: trace = 0.3966337702909128 (8.91643e-05% change)
    iteration   17: trace = 0.3966336998223523 (1.77667e-05% change)
    iteration   18: trace = 0.3966336784754009 (5.38203e-06% change)
    iteration   19: trace = 0.3966336701811568 (2.09116e-06% change)
    iteration   20: trace = 0.3966336651676016 (1.26403e-06% change)
    iteration   21: trace = 0.396633663419723 (4.40678e-07% change)
    iteration   22: trace = 0.3966336630137501 (1.02355e-07% change)
    iteration   23: trace = 0.3966336629272064 (2.18196e-08% change)
    iteration   24: trace = 0.3966336629090917 (4.56709e-09% change)
Finished solving for bands 1 to 6 after 24 iterations.
tefreqs:, 1, -0.09, 0.14, 0, 0.143178, 0.0645454, 0.149097, 0.171792, 0.301501, 0.323215, 0.381254
elapsed time for k point: 2.732492446899414
total elapsed time for run: 2.8179080486297607
done
Initializing eigensolver data
Computing 6 bands with 1e-10 tolerance
Working in 2 dimensions.
Grid size is 288 x 96 x 1.
Solving for 6 bands at a time.
Creating Maxwell data...
Mesh size is 3.
Lattice vectors:
     (3, 0, 0)
     (0, 1, 0)
     (0, 0, 1)
Cell volume = 3
Reciprocal lattice vectors (/ 2 pi):
     (0.333333, -0, 0)
     (-0, 1, -0)
     (0, -0, 1)
Geometric objects:
     block, center = (0,0,0)
          size (1e+20,1e+20,1)
          axes (1,0,0), (0,1,0), (0,0,1)
     prism, center = (0.99,0,0.5)
          height 1, axis (0,0,1), sidewall angle: 0 radians, 4 vertices:
          (0.74,-0.25,0)
          (0.74,0.25,0)
          (1.24,0.25,0)
          (1.24,-0.25,0)
     prism, center = (2,0,0.5)
          height 1, axis (0,0,1), sidewall angle: 0 radians, 4 vertices:
          (1.75,-0.25,0)
          (1.75,0.25,0)
          (2.25,0.25,0)
          (2.25,-0.25,0)
     prism, center = (2.99,0,0.5)
          height 1, axis (0,0,1), sidewall angle: 0 radians, 4 vertices:
          (2.74,-0.25,0)
          (2.74,0.25,0)
          (3.24,0.25,0)
          (3.24,-0.25,0)
Geometric object tree has depth 2 and 21 object nodes (vs. 4 actual objects)
Initializing epsilon function...
Allocating fields...
Solving for band polarization: te.
Initializing fields to random numbers...
1 k-points
  Vector3<-0.09, 0.14, 0.0>
elapsed time for initialization: 0.03265786170959473
solve_kpoint (-0.09,0.14,0):
tefreqs:, k index, k1, k2, k3, kmag/2pi, te band 1, te band 2, te band 3, te band 4, te band 5, te band 6
Solving for bands 1 to 6...
    near maximum in trace
    iteration    1: trace = 2.494866046684205 (199.656% change)
    iteration    2: trace = 0.5998674832680053 (122.466% change)
    iteration    3: trace = 0.4411399163326015 (30.495% change)
    iteration    4: trace = 0.4143377099379318 (6.26602% change)
    iteration    5: trace = 0.4047920517130947 (2.33068% change)
    iteration    6: trace = 0.4012241635009668 (0.885314% change)
    iteration    7: trace = 0.3987464013072795 (0.619463% change)
    iteration    8: trace = 0.3973681933684453 (0.346234% change)
    iteration    9: trace = 0.3966903502483345 (0.170729% change)
    iteration   10: trace = 0.3965184545596934 (0.0433419% change)
    iteration   11: trace = 0.396467492620923 (0.0128532% change)
    iteration   12: trace = 0.3964520551357833 (0.00389383% change)
    iteration   13: trace = 0.396444233788024 (0.00197286% change)
    iteration   14: trace = 0.3964411686258398 (0.000773167% change)
    iteration   15: trace = 0.3964402390111994 (0.00023449% change)
    iteration   16: trace = 0.3964399899828251 (6.28161e-05% change)
    iteration   17: trace = 0.3964399319879494 (1.46289e-05% change)
    iteration   18: trace = 0.3964399139209475 (4.55731e-06% change)
    iteration   19: trace = 0.3964399066812436 (1.82618e-06% change)
    iteration   20: trace = 0.396439902741742 (9.9372e-07% change)
    iteration   21: trace = 0.3964399012712888 (3.70915e-07% change)
    iteration   22: trace = 0.3964399008176047 (1.1444e-07% change)
    iteration   23: trace = 0.3964399007150838 (2.58604e-08% change)
    iteration   24: trace = 0.3964399006836007 (7.94147e-09% change)
Finished solving for bands 1 to 6 after 24 iterations.
tefreqs:, 1, -0.09, 0.14, 0, 0.143178, 0.0645168, 0.149084, 0.17178, 0.301468, 0.323178, 0.381072
elapsed time for k point: 3.090212821960449
total elapsed time for run: 3.1229634284973145
done
Initializing eigensolver data
Computing 6 bands with 1e-10 tolerance
Working in 2 dimensions.
Grid size is 288 x 96 x 1.
Solving for 6 bands at a time.
Creating Maxwell data...
Mesh size is 3.
Lattice vectors:
     (3, 0, 0)
     (0, 1, 0)
     (0, 0, 1)
Cell volume = 3
Reciprocal lattice vectors (/ 2 pi):
     (0.333333, -0, 0)
     (-0, 1, -0)
     (0, -0, 1)
Geometric objects:
     block, center = (0,0,0)
          size (1e+20,1e+20,1)
          axes (1,0,0), (0,1,0), (0,0,1)
     prism, center = (0.0126042,0,0.5)
          height 1, axis (0,0,1), sidewall angle: 0 radians, 4 vertices:
          (-0.237396,-0.25,0)
          (-0.237396,0.25,0)
          (0.262604,0.25,0)
          (0.262604,-0.25,0)
     prism, center = (1.0026,0,0.5)
          height 1, axis (0,0,1), sidewall angle: 0 radians, 4 vertices:
          (0.752604,-0.25,0)
          (0.752604,0.25,0)
          (1.2526,0.25,0)
          (1.2526,-0.25,0)
     prism, center = (2.0026,0,0.5)
          height 1, axis (0,0,1), sidewall angle: 0 radians, 4 vertices:
          (1.7526,-0.25,0)
          (1.7526,0.25,0)
          (2.2526,0.25,0)
          (2.2526,-0.25,0)
Geometric object tree has depth 2 and 21 object nodes (vs. 4 actual objects)
Initializing epsilon function...
Allocating fields...
Solving for band polarization: te.
Initializing fields to random numbers...
1 k-points
  Vector3<-0.09, 0.14, 0.0>
elapsed time for initialization: 0.07669758796691895
solve_kpoint (-0.09,0.14,0):
tefreqs:, k index, k1, k2, k3, kmag/2pi, te band 1, te band 2, te band 3, te band 4, te band 5, te band 6
Solving for bands 1 to 6...
    near maximum in trace
    iteration    1: trace = 2.039100070129724 (199.719% change)
    iteration    2: trace = 0.5285060872590222 (117.666% change)
    iteration    3: trace = 0.4514199648544194 (15.733% change)
    iteration    4: trace = 0.4189448522164227 (7.46241% change)
    iteration    5: trace = 0.4093216320984756 (2.3237% change)
    iteration    6: trace = 0.40319241872201 (1.5087% change)
    iteration    7: trace = 0.4002461550634732 (0.733414% change)
    iteration    8: trace = 0.3976020004621661 (0.662822% change)
    iteration    9: trace = 0.3967610962513407 (0.211718% change)
    iteration   10: trace = 0.396419833044713 (0.0860493% change)
    iteration   11: trace = 0.396348034733817 (0.0181133% change)
    iteration   12: trace = 0.3963133727729947 (0.00874572% change)
    iteration   13: trace = 0.3963007733369769 (0.00317921% change)
    iteration   14: trace = 0.396294201604391 (0.00165828% change)
    iteration   15: trace = 0.39629232419272 (0.000473743% change)
    iteration   16: trace = 0.3962916546512751 (0.000168952% change)
    iteration   17: trace = 0.396291512182022 (3.59506e-05% change)
    iteration   18: trace = 0.3962914625697385 (1.25191e-05% change)
    iteration   19: trace = 0.3962914436348339 (4.77802e-06% change)
    iteration   20: trace = 0.396291432954708 (2.69502e-06% change)
    iteration   21: trace = 0.3962914299522851 (7.5763e-07% change)
    iteration   22: trace = 0.3962914292360248 (1.80741e-07% change)
    iteration   23: trace = 0.3962914290852264 (3.80524e-08% change)
    iteration   24: trace = 0.3962914290469085 (9.66912e-09% change)
Finished solving for bands 1 to 6 after 24 iterations.
tefreqs:, 1, -0.09, 0.14, 0, 0.143178, 0.064496, 0.149073, 0.171771, 0.301443, 0.323148, 0.380935
elapsed time for k point: 3.1855947971343994
total elapsed time for run: 3.262387752532959
done
Initializing eigensolver data
Computing 6 bands with 1e-10 tolerance
Working in 2 dimensions.
Grid size is 288 x 96 x 1.
Solving for 6 bands at a time.
Creating Maxwell data...
Mesh size is 3.
Lattice vectors:
     (3, 0, 0)
     (0, 1, 0)
     (0, 0, 1)
Cell volume = 3
Reciprocal lattice vectors (/ 2 pi):
     (0.333333, -0, 0)
     (-0, 1, -0)
     (0, -0, 1)
Geometric objects:
     block, center = (0,0,0)
          size (1e+20,1e+20,1)
          axes (1,0,0), (0,1,0), (0,0,1)
     prism, center = (0.0126042,0,0.5)
          height 1, axis (0,0,1), sidewall angle: 0 radians, 4 vertices:
          (-0.237396,-0.25,0)
          (-0.237396,0.25,0)
          (0.262604,0.25,0)
          (0.262604,-0.25,0)
     prism, center = (1.0126,0,0.5)
          height 1, axis (0,0,1), sidewall angle: 0 radians, 4 vertices:
          (0.762604,-0.25,0)
          (0.762604,0.25,0)
          (1.2626,0.25,0)
          (1.2626,-0.25,0)
     prism, center = (2.0026,0,0.5)
          height 1, axis (0,0,1), sidewall angle: 0 radians, 4 vertices:
          (1.7526,-0.25,0)
          (1.7526,0.25,0)
          (2.2526,0.25,0)
          (2.2526,-0.25,0)
Geometric object tree has depth 2 and 21 object nodes (vs. 4 actual objects)
Initializing epsilon function...
Allocating fields...
Solving for band polarization: te.
Initializing fields to random numbers...
1 k-points
  Vector3<-0.09, 0.14, 0.0>
elapsed time for initialization: 0.07277393341064453
solve_kpoint (-0.09,0.14,0):
tefreqs:, k index, k1, k2, k3, kmag/2pi, te band 1, te band 2, te band 3, te band 4, te band 5, te band 6
Solving for bands 1 to 6...
    near maximum in trace
    iteration    1: trace = 2.299887574846013 (199.684% change)
    iteration    2: trace = 0.5302303988887949 (125.059% change)
    iteration    3: trace = 0.4456403105081149 (17.3363% change)
    iteration    4: trace = 0.4204451722900208 (5.81816% change)
    iteration    5: trace = 0.4120500676433591 (2.01685% change)
    iteration    6: trace = 0.4060144827699538 (1.47558% change)
    iteration    7: trace = 0.4019399343066181 (1.00861% change)
    iteration    8: trace = 0.3982179202825238 (0.93032% change)
    iteration    9: trace = 0.3969560230069416 (0.317389% change)
    iteration   10: trace = 0.3964840788049349 (0.118962% change)
    iteration   11: trace = 0.3963771587426392 (0.0269707% change)
    iteration   12: trace = 0.3963232617468023 (0.0135983% change)
    iteration   13: trace = 0.3963000245991768 (0.00586335% change)
    iteration   14: trace = 0.3962893954894126 (0.00268212% change)
    iteration   15: trace = 0.396286884977765 (0.000633507% change)
    iteration   16: trace = 0.3962861846335818 (0.000176727% change)
    iteration   17: trace = 0.3962860012021586 (4.62876e-05% change)
    iteration   18: trace = 0.3962859280715268 (1.8454e-05% change)
    iteration   19: trace = 0.3962858965478293 (7.95479e-06% change)
    iteration   20: trace = 0.3962858828019752 (3.46867e-06% change)
    iteration   21: trace = 0.3962858786422906 (1.04967e-06% change)
    iteration   22: trace = 0.3962858776295051 (2.55569e-07% change)
    iteration   23: trace = 0.3962858773725613 (6.4838e-08% change)
    iteration   24: trace = 0.3962858773067627 (1.66038e-08% change)
    iteration   25: trace = 0.3962858772709918 (9.02652e-09% change)
Finished solving for bands 1 to 6 after 25 iterations.
tefreqs:, 1, -0.09, 0.14, 0, 0.143178, 0.064495, 0.149073, 0.171771, 0.301442, 0.323147, 0.380929
elapsed time for k point: 3.033475399017334
total elapsed time for run: 3.106339454650879
done
Initializing eigensolver data
Computing 6 bands with 1e-10 tolerance
Working in 2 dimensions.
Grid size is 288 x 96 x 1.
Solving for 6 bands at a time.
Creating Maxwell data...
Mesh size is 3.
Lattice vectors:
     (3, 0, 0)
     (0, 1, 0)
     (0, 0, 1)
Cell volume = 3
Reciprocal lattice vectors (/ 2 pi):
     (0.333333, -0, 0)
     (-0, 1, -0)
     (0, -0, 1)
Geometric objects:
     block, center = (0,0,0)
          size (1e+20,1e+20,1)
          axes (1,0,0), (0,1,0), (0,0,1)
     prism, center = (1.0026,0,0.5)
          height 1, axis (0,0,1), sidewall angle: 0 radians, 4 vertices:
          (0.752604,-0.25,0)
          (0.752604,0.25,0)
          (1.2526,0.25,0)
          (1.2526,-0.25,0)
     prism, center = (2.0026,0,0.5)
          height 1, axis (0,0,1), sidewall angle: 0 radians, 4 vertices:
          (1.7526,-0.25,0)
          (1.7526,0.25,0)
          (2.2526,0.25,0)
          (2.2526,-0.25,0)
     prism, center = (2.9926,0,0.5)
          height 1, axis (0,0,1), sidewall angle: 0 radians, 4 vertices:
          (2.7426,-0.25,0)
          (2.7426,0.25,0)
          (3.2426,0.25,0)
          (3.2426,-0.25,0)
Geometric object tree has depth 2 and 21 object nodes (vs. 4 actual objects)
Initializing epsilon function...
Allocating fields...
Solving for band polarization: te.
Initializing fields to random numbers...
1 k-points
  Vector3<-0.09, 0.14, 0.0>
elapsed time for initialization: 0.033473968505859375
solve_kpoint (-0.09,0.14,0):
tefreqs:, k index, k1, k2, k3, kmag/2pi, te band 1, te band 2, te band 3, te band 4, te band 5, te band 6
Solving for bands 1 to 6...
    near maximum in trace
    iteration    1: trace = 2.086114323642611 (199.713% change)
    iteration    2: trace = 0.5360080545528499 (118.233% change)
    iteration    3: trace = 0.4517324569435467 (17.0643% change)
    iteration    4: trace = 0.4218894348244165 (6.83202% change)
    iteration    5: trace = 0.4152581309295772 (1.58426% change)
    iteration    6: trace = 0.4095808085076103 (1.37659% change)
    iteration    7: trace = 0.4040274476354305 (1.36512% change)
    iteration    8: trace = 0.3985391718688049 (1.36768% change)
    iteration    9: trace = 0.3970752781431469 (0.367991% change)
    iteration   10: trace = 0.3965341263534016 (0.136377% change)
    iteration   11: trace = 0.3964323439602934 (0.0256713% change)
    iteration   12: trace = 0.3963810668372022 (0.0129355% change)
    iteration   13: trace = 0.3963568612502281 (0.00610683% change)
    iteration   14: trace = 0.3963432128996981 (0.00344351% change)
    iteration   15: trace = 0.3963403408893031 (0.00072463% change)
    iteration   16: trace = 0.3963396227819362 (0.000181185% change)
    iteration   17: trace = 0.396339460381284 (4.09751e-05% change)
    iteration   18: trace = 0.3963394117945186 (1.22589e-05% change)
    iteration   19: trace = 0.396339397259608 (3.66729e-06% change)
    iteration   20: trace = 0.3963393905739253 (1.68686e-06% change)
    iteration   21: trace = 0.3963393877215644 (7.19676e-07% change)
    iteration   22: trace = 0.3963393867586245 (2.42958e-07% change)
    iteration   23: trace = 0.3963393865077323 (6.33024e-08% change)
    iteration   24: trace = 0.3963393864384882 (1.74709e-08% change)
    iteration   25: trace = 0.3963393864041456 (8.66494e-09% change)
Finished solving for bands 1 to 6 after 25 iterations.
tefreqs:, 1, -0.09, 0.14, 0, 0.143178, 0.0645048, 0.149075, 0.171771, 0.301447, 0.323151, 0.380989
elapsed time for k point: 2.4256980419158936
total elapsed time for run: 2.459258556365967
done
Initializing eigensolver data
Computing 6 bands with 1e-10 tolerance
Working in 2 dimensions.
Grid size is 288 x 96 x 1.
Solving for 6 bands at a time.
Creating Maxwell data...
Mesh size is 3.
Lattice vectors:
     (3, 0, 0)
     (0, 1, 0)
     (0, 0, 1)
Cell volume = 3
Reciprocal lattice vectors (/ 2 pi):
     (0.333333, -0, 0)
     (-0, 1, -0)
     (0, -0, 1)
Geometric objects:
     block, center = (0,0,0)
          size (1e+20,1e+20,1)
          axes (1,0,0), (0,1,0), (0,0,1)
     prism, center = (0.992604,0,0.5)
          height 1, axis (0,0,1), sidewall angle: 0 radians, 4 vertices:
          (0.742604,-0.25,0)
          (0.742604,0.25,0)
          (1.2426,0.25,0)
          (1.2426,-0.25,0)
     prism, center = (2.0026,0,0.5)
          height 1, axis (0,0,1), sidewall angle: 0 radians, 4 vertices:
          (1.7526,-0.25,0)
          (1.7526,0.25,0)
          (2.2526,0.25,0)
          (2.2526,-0.25,0)
     prism, center = (2.9926,0,0.5)
          height 1, axis (0,0,1), sidewall angle: 0 radians, 4 vertices:
          (2.7426,-0.25,0)
          (2.7426,0.25,0)
          (3.2426,0.25,0)
          (3.2426,-0.25,0)
Geometric object tree has depth 2 and 21 object nodes (vs. 4 actual objects)
Initializing epsilon function...
Allocating fields...
Solving for band polarization: te.
Initializing fields to random numbers...
1 k-points
  Vector3<-0.09, 0.14, 0.0>
elapsed time for initialization: 0.03274178504943848
solve_kpoint (-0.09,0.14,0):
tefreqs:, k index, k1, k2, k3, kmag/2pi, te band 1, te band 2, te band 3, te band 4, te band 5, te band 6
Solving for bands 1 to 6...
    near maximum in trace
    iteration    1: trace = 1.938994620705155 (199.731% change)
    iteration    2: trace = 0.5189538553801122 (115.547% change)
    iteration    3: trace = 0.4453537448193091 (15.2649% change)
    iteration    4: trace = 0.4207049046099346 (5.69219% change)
    iteration    5: trace = 0.4132088993073528 (1.79779% change)
    iteration    6: trace = 0.4077713365144804 (1.32465% change)
    iteration    7: trace = 0.4033176586982065 (1.0982% change)
    iteration    8: trace = 0.3986668576559845 (1.15982% change)
    iteration    9: trace = 0.397135760746138 (0.384793% change)
    iteration   10: trace = 0.3965728771258716 (0.141836% change)
    iteration   11: trace = 0.3964608831082344 (0.0282445% change)
    iteration   12: trace = 0.3964144477244492 (0.0117132% change)
    iteration   13: trace = 0.3963956536912513 (0.00474112% change)
    iteration   14: trace = 0.3963856334800176 (0.00252786% change)
    iteration   15: trace = 0.396382791390459 (0.000717004% change)
    iteration   16: trace = 0.3963818596679242 (0.000235057% change)
    iteration   17: trace = 0.3963816202081027 (6.04114e-05% change)
    iteration   18: trace = 0.3963815493782713 (1.78691e-05% change)
    iteration   19: trace = 0.3963815265856779 (5.75017e-06% change)
    iteration   20: trace = 0.3963815147165526 (2.99437e-06% change)
    iteration   21: trace = 0.3963815099282194 (1.20801e-06% change)
    iteration   22: trace = 0.3963815086375386 (3.25616e-07% change)
    iteration   23: trace = 0.3963815083026221 (8.44935e-08% change)
    iteration   24: trace = 0.3963815082090725 (2.36009e-08% change)
    iteration   25: trace = 0.3963815081637659 (1.14301e-08% change)
    iteration   26: trace = 0.3963815081425512 (5.35209e-09% change)
Finished solving for bands 1 to 6 after 26 iterations.
tefreqs:, 1, -0.09, 0.14, 0, 0.143178, 0.0645128, 0.149077, 0.171772, 0.301449, 0.323154, 0.381038
elapsed time for k point: 2.3596138954162598
total elapsed time for run: 2.3924429416656494
done
Initializing eigensolver data
Computing 6 bands with 1e-10 tolerance
Working in 2 dimensions.
Grid size is 288 x 96 x 1.
Solving for 6 bands at a time.
Creating Maxwell data...
Mesh size is 3.
Lattice vectors:
     (3, 0, 0)
     (0, 1, 0)
     (0, 0, 1)
Cell volume = 3
Reciprocal lattice vectors (/ 2 pi):
     (0.333333, -0, 0)
     (-0, 1, -0)
     (0, -0, 1)
Geometric objects:
     block, center = (0,0,0)
          size (1e+20,1e+20,1)
          axes (1,0,0), (0,1,0), (0,0,1)
     prism, center = (0.0152083,0,0.5)
          height 1, axis (0,0,1), sidewall angle: 0 radians, 4 vertices:
          (-0.234792,-0.25,0)
          (-0.234792,0.25,0)
          (0.265208,0.25,0)
          (0.265208,-0.25,0)
     prism, center = (1.00521,0,0.5)
          height 1, axis (0,0,1), sidewall angle: 0 radians, 4 vertices:
          (0.755208,-0.25,0)
          (0.755208,0.25,0)
          (1.25521,0.25,0)
          (1.25521,-0.25,0)
     prism, center = (2.00521,0,0.5)
          height 1, axis (0,0,1), sidewall angle: 0 radians, 4 vertices:
          (1.75521,-0.25,0)
          (1.75521,0.25,0)
          (2.25521,0.25,0)
          (2.25521,-0.25,0)
Geometric object tree has depth 2 and 21 object nodes (vs. 4 actual objects)
Initializing epsilon function...
Allocating fields...
Solving for band polarization: te.
Initializing fields to random numbers...
1 k-points
  Vector3<-0.09, 0.14, 0.0>
elapsed time for initialization: 0.030298233032226562
solve_kpoint (-0.09,0.14,0):
tefreqs:, k index, k1, k2, k3, kmag/2pi, te band 1, te band 2, te band 3, te band 4, te band 5, te band 6
Solving for bands 1 to 6...
    near maximum in trace
    iteration    1: trace = 2.239136105084944 (199.694% change)
    iteration    2: trace = 0.6588812596249946 (109.058% change)
    iteration    3: trace = 0.4836081105531818 (30.6827% change)
    iteration    4: trace = 0.4493856895240171 (7.33604% change)
    iteration    5: trace = 0.4234192580292116 (5.95011% change)
    iteration    6: trace = 0.412405399252733 (2.63545% change)
    iteration    7: trace = 0.4046431561274533 (1.90007% change)
    iteration    8: trace = 0.4011518304241501 (0.866554% change)
    iteration    9: trace = 0.3983428476920709 (0.70269% change)
    iteration   10: trace = 0.3973359802406495 (0.253084% change)
    iteration   11: trace = 0.3968460875635318 (0.12337% change)
    iteration   12: trace = 0.3967163569839976 (0.0326957% change)
    iteration   13: trace = 0.3966549640321143 (0.0154765% change)
    iteration   14: trace = 0.3966321028378987 (0.00576366% change)
    iteration   15: trace = 0.396619934653187 (0.00306792% change)
    iteration   16: trace = 0.3966156994668154 (0.00106783% change)
    iteration   17: trace = 0.3966143854085767 (0.000331318% change)
    iteration   18: trace = 0.39661400648266 (9.55402e-05% change)
    iteration   19: trace = 0.3966139103221695 (2.42454e-05% change)
    iteration   20: trace = 0.3966138606595687 (1.25216e-05% change)
    iteration   21: trace = 0.3966138369406914 (5.98035e-06% change)
    iteration   22: trace = 0.3966138273974116 (2.40619e-06% change)
    iteration   23: trace = 0.3966138256096394 (4.50759e-07% change)
    iteration   24: trace = 0.3966138250975555 (1.29114e-07% change)
    iteration   25: trace = 0.3966138249612888 (3.43575e-08% change)
    iteration   26: trace = 0.3966138249058231 (1.39848e-08% change)
    iteration   27: trace = 0.396613824881429 (6.15059e-09% change)
Finished solving for bands 1 to 6 after 27 iterations.
tefreqs:, 1, -0.09, 0.14, 0, 0.143178, 0.0645498, 0.149097, 0.171789, 0.301494, 0.3232, 0.381246
elapsed time for k point: 2.926063060760498
total elapsed time for run: 2.956514358520508
done
Initializing eigensolver data
Computing 6 bands with 1e-10 tolerance
Working in 2 dimensions.
Grid size is 288 x 96 x 1.
Solving for 6 bands at a time.
Creating Maxwell data...
Mesh size is 3.
Lattice vectors:
     (3, 0, 0)
     (0, 1, 0)
     (0, 0, 1)
Cell volume = 3
Reciprocal lattice vectors (/ 2 pi):
     (0.333333, -0, 0)
     (-0, 1, -0)
     (0, -0, 1)
Geometric objects:
     block, center = (0,0,0)
          size (1e+20,1e+20,1)
          axes (1,0,0), (0,1,0), (0,0,1)
     prism, center = (0.0152083,0,0.5)
          height 1, axis (0,0,1), sidewall angle: 0 radians, 4 vertices:
          (-0.234792,-0.25,0)
          (-0.234792,0.25,0)
          (0.265208,0.25,0)
          (0.265208,-0.25,0)
     prism, center = (1.01521,0,0.5)
          height 1, axis (0,0,1), sidewall angle: 0 radians, 4 vertices:
          (0.765208,-0.25,0)
          (0.765208,0.25,0)
          (1.26521,0.25,0)
          (1.26521,-0.25,0)
     prism, center = (2.00521,0,0.5)
          height 1, axis (0,0,1), sidewall angle: 0 radians, 4 vertices:
          (1.75521,-0.25,0)
          (1.75521,0.25,0)
          (2.25521,0.25,0)
          (2.25521,-0.25,0)
Geometric object tree has depth 2 and 21 object nodes (vs. 4 actual objects)
Initializing epsilon function...
Allocating fields...
Solving for band polarization: te.
Initializing fields to random numbers...
1 k-points
  Vector3<-0.09, 0.14, 0.0>
elapsed time for initialization: 0.06713485717773438
solve_kpoint (-0.09,0.14,0):
tefreqs:, k index, k1, k2, k3, kmag/2pi, te band 1, te band 2, te band 3, te band 4, te band 5, te band 6
Solving for bands 1 to 6...
    near maximum in trace
    iteration    1: trace = 2.448144270714348 (199.666% change)
    iteration    2: trace = 0.5778916520050746 (123.611% change)
    iteration    3: trace = 0.4729756865194283 (19.9675% change)
    iteration    4: trace = 0.4274991773910496 (10.1006% change)
    iteration    5: trace = 0.4099524238525669 (4.19051% change)
    iteration    6: trace = 0.4020428230869644 (1.94819% change)
    iteration    7: trace = 0.3994824810649733 (0.638867% change)
    iteration    8: trace = 0.3979652187325868 (0.38053% change)
    iteration    9: trace = 0.3972022682052865 (0.191897% change)
    iteration   10: trace = 0.3967671259175725 (0.109612% change)
    iteration   11: trace = 0.39662930967299 (0.0347408% change)
    iteration   12: trace = 0.3965916772372921 (0.00948851% change)
    iteration   13: trace = 0.3965806171522807 (0.00278882% change)
    iteration   14: trace = 0.3965770293287103 (0.000904694% change)
    iteration   15: trace = 0.3965750919060838 (0.000488537% change)
    iteration   16: trace = 0.3965742086946829 (0.00022271% change)
    iteration   17: trace = 0.3965738094457473 (0.000100675% change)
    iteration   18: trace = 0.3965737186607735 (2.28923e-05% change)
    iteration   19: trace = 0.3965736937544601 (6.28037e-06% change)
    iteration   20: trace = 0.3965736888729166 (1.23093e-06% change)
    iteration   21: trace = 0.3965736869459915 (4.85893e-07% change)
    iteration   22: trace = 0.3965736861714965 (1.95297e-07% change)
    iteration   23: trace = 0.396573685825056 (8.73584e-08% change)
    iteration   24: trace = 0.3965736857066159 (2.98658e-08% change)
    iteration   25: trace = 0.3965736856757958 (7.77161e-09% change)
Finished solving for bands 1 to 6 after 25 iterations.
tefreqs:, 1, -0.09, 0.14, 0, 0.143178, 0.0645433, 0.149094, 0.171787, 0.301488, 0.323193, 0.381208
elapsed time for k point: 2.287841558456421
total elapsed time for run: 2.35505747795105
done
Initializing eigensolver data
Computing 6 bands with 1e-10 tolerance
Working in 2 dimensions.
Grid size is 288 x 96 x 1.
Solving for 6 bands at a time.
Creating Maxwell data...
Mesh size is 3.
Lattice vectors:
     (3, 0, 0)
     (0, 1, 0)
     (0, 0, 1)
Cell volume = 3
Reciprocal lattice vectors (/ 2 pi):
     (0.333333, -0, 0)
     (-0, 1, -0)
     (0, -0, 1)
Geometric objects:
     block, center = (0,0,0)
          size (1e+20,1e+20,1)
          axes (1,0,0), (0,1,0), (0,0,1)
     prism, center = (1.00521,0,0.5)
          height 1, axis (0,0,1), sidewall angle: 0 radians, 4 vertices:
          (0.755208,-0.25,0)
          (0.755208,0.25,0)
          (1.25521,0.25,0)
          (1.25521,-0.25,0)
     prism, center = (2.00521,0,0.5)
          height 1, axis (0,0,1), sidewall angle: 0 radians, 4 vertices:
          (1.75521,-0.25,0)
          (1.75521,0.25,0)
          (2.25521,0.25,0)
          (2.25521,-0.25,0)
     prism, center = (2.99521,0,0.5)
          height 1, axis (0,0,1), sidewall angle: 0 radians, 4 vertices:
          (2.74521,-0.25,0)
          (2.74521,0.25,0)
          (3.24521,0.25,0)
          (3.24521,-0.25,0)
Geometric object tree has depth 2 and 21 object nodes (vs. 4 actual objects)
Initializing epsilon function...
Allocating fields...
Solving for band polarization: te.
Initializing fields to random numbers...
1 k-points
  Vector3<-0.09, 0.14, 0.0>
elapsed time for initialization: 0.03218793869018555
solve_kpoint (-0.09,0.14,0):
tefreqs:, k index, k1, k2, k3, kmag/2pi, te band 1, te band 2, te band 3, te band 4, te band 5, te band 6
Solving for bands 1 to 6...
    near maximum in trace
    iteration    1: trace = 2.425292676940658 (199.668% change)
    iteration    2: trace = 0.6384886158234701 (116.64% change)
    iteration    3: trace = 0.4505257859877068 (34.5198% change)
    iteration    4: trace = 0.4200046637340621 (7.01207% change)
    iteration    5: trace = 0.405036542039437 (3.62845% change)
    iteration    6: trace = 0.4014081520721967 (0.899848% change)
    iteration    7: trace = 0.3989204600549737 (0.621668% change)
    iteration    8: trace = 0.3978306828014421 (0.273555% change)
    iteration    9: trace = 0.3969803139407306 (0.21398% change)
    iteration   10: trace = 0.3967377631537499 (0.0611176% change)
    iteration   11: trace = 0.3966405318199946 (0.0245107% change)
    iteration   12: trace = 0.3966247291003774 (0.00398422% change)
    iteration   13: trace = 0.3966181708113189 (0.00165354% change)
    iteration   14: trace = 0.3966159503663996 (0.000559846% change)
    iteration   15: trace = 0.3966145462280707 (0.00035403% change)
    iteration   16: trace = 0.3966140537923614 (0.00012416% change)
    iteration   17: trace = 0.3966138774198642 (4.44696e-05% change)
    iteration   18: trace = 0.3966138387400815 (9.7525e-06% change)
    iteration   19: trace = 0.3966138296887314 (2.28216e-06% change)
    iteration   20: trace = 0.3966138269086225 (7.00961e-07% change)
    iteration   21: trace = 0.3966138257473392 (2.92799e-07% change)
    iteration   22: trace = 0.3966138251694364 (1.45709e-07% change)
    iteration   23: trace = 0.3966138249702527 (5.02211e-08% change)
    iteration   24: trace = 0.3966138249005331 (1.75787e-08% change)
    iteration   25: trace = 0.3966138248805719 (5.03291e-09% change)
Finished solving for bands 1 to 6 after 25 iterations.
tefreqs:, 1, -0.09, 0.14, 0, 0.143178, 0.0645498, 0.149097, 0.171789, 0.301494, 0.3232, 0.381246
elapsed time for k point: 2.5635814666748047
total elapsed time for run: 2.59588360786438
done
Initializing eigensolver data
Computing 6 bands with 1e-10 tolerance
Working in 2 dimensions.
Grid size is 288 x 96 x 1.
Solving for 6 bands at a time.
Creating Maxwell data...
Mesh size is 3.
Lattice vectors:
     (3, 0, 0)
     (0, 1, 0)
     (0, 0, 1)
Cell volume = 3
Reciprocal lattice vectors (/ 2 pi):
     (0.333333, -0, 0)
     (-0, 1, -0)
     (0, -0, 1)
Geometric objects:
     block, center = (0,0,0)
          size (1e+20,1e+20,1)
          axes (1,0,0), (0,1,0), (0,0,1)
     prism, center = (0.995208,0,0.5)
          height 1, axis (0,0,1), sidewall angle: 0 radians, 4 vertices:
          (0.745208,-0.25,0)
          (0.745208,0.25,0)
          (1.24521,0.25,0)
          (1.24521,-0.25,0)
     prism, center = (2.00521,0,0.5)
          height 1, axis (0,0,1), sidewall angle: 0 radians, 4 vertices:
          (1.75521,-0.25,0)
          (1.75521,0.25,0)
          (2.25521,0.25,0)
          (2.25521,-0.25,0)
     prism, center = (2.99521,0,0.5)
          height 1, axis (0,0,1), sidewall angle: 0 radians, 4 vertices:
          (2.74521,-0.25,0)
          (2.74521,0.25,0)
          (3.24521,0.25,0)
          (3.24521,-0.25,0)
Geometric object tree has depth 2 and 21 object nodes (vs. 4 actual objects)
Initializing epsilon function...
Allocating fields...
Solving for band polarization: te.
Initializing fields to random numbers...
1 k-points
  Vector3<-0.09, 0.14, 0.0>
elapsed time for initialization: 0.06391692161560059
solve_kpoint (-0.09,0.14,0):
tefreqs:, k index, k1, k2, k3, kmag/2pi, te band 1, te band 2, te band 3, te band 4, te band 5, te band 6
Solving for bands 1 to 6...
    near maximum in trace
    iteration    1: trace = 2.181341369399791 (199.7% change)
    iteration    2: trace = 0.5657394520405925 (117.623% change)
    iteration    3: trace = 0.4165283259273431 (30.3809% change)
    iteration    4: trace = 0.4035657638833817 (3.16124% change)
    iteration    5: trace = 0.3984745274719724 (1.26957% change)
    iteration    6: trace = 0.3974848584450025 (0.248673% change)
    iteration    7: trace = 0.3969067650369149 (0.145544% change)
    iteration    8: trace = 0.3967208713372746 (0.0468466% change)
    iteration    9: trace = 0.3966089209278674 (0.0282229% change)
    iteration   10: trace = 0.3965868094640702 (0.00557529% change)
    iteration   11: trace = 0.3965779884114606 (0.00222427% change)
    iteration   12: trace = 0.3965759634057345 (0.000510621% change)
    iteration   13: trace = 0.3965746166633689 (0.000339593% change)
    iteration   14: trace = 0.3965740383159921 (0.000145836% change)
    iteration   15: trace = 0.3965737635143627 (6.92939e-05% change)
    iteration   16: trace = 0.3965737088759896 (1.37776e-05% change)
    iteration   17: trace = 0.3965736939899896 (3.75365e-06% change)
    iteration   18: trace = 0.3965736895499026 (1.11961e-06% change)
    iteration   19: trace = 0.3965736873344738 (5.58642e-07% change)
    iteration   20: trace = 0.3965736862390507 (2.76222e-07% change)
    iteration   21: trace = 0.3965736858262305 (1.04097e-07% change)
    iteration   22: trace = 0.3965736856995222 (3.19507e-08% change)
    iteration   23: trace = 0.3965736856709084 (7.21526e-09% change)
Finished solving for bands 1 to 6 after 23 iterations.
tefreqs:, 1, -0.09, 0.14, 0, 0.143178, 0.0645433, 0.149094, 0.171787, 0.301488, 0.323193, 0.381208
elapsed time for k point: 3.3833024501800537
total elapsed time for run: 3.4473040103912354
done
Initializing eigensolver data
Computing 6 bands with 1e-10 tolerance
Working in 2 dimensions.
Grid size is 288 x 96 x 1.
Solving for 6 bands at a time.
Creating Maxwell data...
Mesh size is 3.
Lattice vectors:
     (3, 0, 0)
     (0, 1, 0)
     (0, 0, 1)
Cell volume = 3
Reciprocal lattice vectors (/ 2 pi):
     (0.333333, -0, 0)
     (-0, 1, -0)
     (0, -0, 1)
Geometric objects:
     block, center = (0,0,0)
          size (1e+20,1e+20,1)
          axes (1,0,0), (0,1,0), (0,0,1)
     prism, center = (0.0178125,0,0.5)
          height 1, axis (0,0,1), sidewall angle: 0 radians, 4 vertices:
          (-0.232187,-0.25,0)
          (-0.232187,0.25,0)
          (0.267813,0.25,0)
          (0.267813,-0.25,0)
     prism, center = (1.00781,0,0.5)
          height 1, axis (0,0,1), sidewall angle: 0 radians, 4 vertices:
          (0.757812,-0.25,0)
          (0.757812,0.25,0)
          (1.25781,0.25,0)
          (1.25781,-0.25,0)
     prism, center = (2.00781,0,0.5)
          height 1, axis (0,0,1), sidewall angle: 0 radians, 4 vertices:
          (1.75781,-0.25,0)
          (1.75781,0.25,0)
          (2.25781,0.25,0)
          (2.25781,-0.25,0)
Geometric object tree has depth 2 and 21 object nodes (vs. 4 actual objects)
Initializing epsilon function...
Allocating fields...
Solving for band polarization: te.
Initializing fields to random numbers...
1 k-points
  Vector3<-0.09, 0.14, 0.0>
elapsed time for initialization: 0.032477617263793945
solve_kpoint (-0.09,0.14,0):
tefreqs:, k index, k1, k2, k3, kmag/2pi, te band 1, te band 2, te band 3, te band 4, te band 5, te band 6
Solving for bands 1 to 6...
    near maximum in trace
    iteration    1: trace = 2.671381438212682 (199.631% change)
    iteration    2: trace = 0.676956295504564 (119.129% change)
    iteration    3: trace = 0.4788527963176849 (34.2796% change)
    iteration    4: trace = 0.4410518879606911 (8.21844% change)
    iteration    5: trace = 0.4226874245114871 (4.25232% change)
    iteration    6: trace = 0.4152484140748515 (1.77556% change)
    iteration    7: trace = 0.4080396733026052 (1.75121% change)
    iteration    8: trace = 0.4025211924919997 (1.36165% change)
    iteration    9: trace = 0.3986369959282313 (0.969645% change)
    iteration   10: trace = 0.3972045648719499 (0.359979% change)
    iteration   11: trace = 0.39662531386409 (0.145938% change)
    iteration   12: trace = 0.3964711855669354 (0.0388675% change)
    iteration   13: trace = 0.3963910006115675 (0.0202267% change)
    iteration   14: trace = 0.3963594878434483 (0.00795024% change)
    iteration   15: trace = 0.3963448903639397 (0.00368296% change)
    iteration   16: trace = 0.3963410717243536 (0.000963468% change)
    iteration   17: trace = 0.3963399207344392 (0.000290404% change)
    iteration   18: trace = 0.3963396055111265 (7.95336e-05% change)
    iteration   19: trace = 0.3963394821059073 (3.11362e-05% change)
    iteration   20: trace = 0.396339419417744 (1.58168e-05% change)
    iteration   21: trace = 0.3963393945003033 (6.28689e-06% change)
    iteration   22: trace = 0.3963393879776951 (1.64571e-06% change)
    iteration   23: trace = 0.3963393868383027 (2.87479e-07% change)
    iteration   24: trace = 0.3963393865374025 (7.59198e-08% change)
    iteration   25: trace = 0.3963393864531981 (2.12455e-08% change)
    iteration   26: trace = 0.396339386409387 (1.10539e-08% change)
    iteration   27: trace = 0.3963393863895908 (4.99478e-09% change)
Finished solving for bands 1 to 6 after 27 iterations.
tefreqs:, 1, -0.09, 0.14, 0, 0.143178, 0.0645048, 0.149075, 0.171771, 0.301447, 0.323151, 0.380989
elapsed time for k point: 5.11098051071167
total elapsed time for run: 5.143535375595093
done
Initializing eigensolver data
Computing 6 bands with 1e-10 tolerance
Working in 2 dimensions.
Grid size is 288 x 96 x 1.
Solving for 6 bands at a time.
Creating Maxwell data...
Mesh size is 3.
Lattice vectors:
     (3, 0, 0)
     (0, 1, 0)
     (0, 0, 1)
Cell volume = 3
Reciprocal lattice vectors (/ 2 pi):
     (0.333333, -0, 0)
     (-0, 1, -0)
     (0, -0, 1)
Geometric objects:
     block, center = (0,0,0)
          size (1e+20,1e+20,1)
          axes (1,0,0), (0,1,0), (0,0,1)
     prism, center = (0.0178125,0,0.5)
          height 1, axis (0,0,1), sidewall angle: 0 radians, 4 vertices:
          (-0.232187,-0.25,0)
          (-0.232187,0.25,0)
          (0.267813,0.25,0)
          (0.267813,-0.25,0)
     prism, center = (1.01781,0,0.5)
          height 1, axis (0,0,1), sidewall angle: 0 radians, 4 vertices:
          (0.767813,-0.25,0)
          (0.767813,0.25,0)
          (1.26781,0.25,0)
          (1.26781,-0.25,0)
     prism, center = (2.00781,0,0.5)
          height 1, axis (0,0,1), sidewall angle: 0 radians, 4 vertices:
          (1.75781,-0.25,0)
          (1.75781,0.25,0)
          (2.25781,0.25,0)
          (2.25781,-0.25,0)
Geometric object tree has depth 2 and 21 object nodes (vs. 4 actual objects)
Initializing epsilon function...
Allocating fields...
Solving for band polarization: te.
Initializing fields to random numbers...
1 k-points
  Vector3<-0.09, 0.14, 0.0>
elapsed time for initialization: 0.06536221504211426
solve_kpoint (-0.09,0.14,0):
tefreqs:, k index, k1, k2, k3, kmag/2pi, te band 1, te band 2, te band 3, te band 4, te band 5, te band 6
Solving for bands 1 to 6...
    near maximum in trace
    iteration    1: trace = 2.601238734478348 (199.644% change)
    iteration    2: trace = 0.5550446308116731 (129.658% change)
    iteration    3: trace = 0.4442487988438334 (22.1748% change)
    iteration    4: trace = 0.4098083768408676 (8.06513% change)
    iteration    5: trace = 0.4009508693318007 (2.18499% change)
    iteration    6: trace = 0.3978144066816282 (0.785328% change)
    iteration    7: trace = 0.39705174443901 (0.191897% change)
    iteration    8: trace = 0.3966684162414581 (0.0965903% change)
    iteration    9: trace = 0.3965092657007072 (0.0401299% change)
    iteration   10: trace = 0.3964169959371563 (0.0232732% change)
    iteration   11: trace = 0.3963928126932528 (0.00610064% change)
    iteration   12: trace = 0.3963853973225004 (0.00187073% change)
    iteration   13: trace = 0.3963833153622023 (0.000525238% change)
    iteration   14: trace = 0.3963821783192967 (0.000286855% change)
    iteration   15: trace = 0.3963817422759664 (0.000110006% change)
    iteration   16: trace = 0.3963815714378164 (4.30994e-05% change)
    iteration   17: trace = 0.3963815267962921 (1.12623e-05% change)
    iteration   18: trace = 0.3963815138419463 (3.26815e-06% change)
    iteration   19: trace = 0.3963815104618529 (8.52737e-07% change)
    iteration   20: trace = 0.3963815091460722 (3.31948e-07% change)
    iteration   21: trace = 0.3963815084619398 (1.72594e-07% change)
    iteration   22: trace = 0.3963815082122895 (6.29823e-08% change)
    iteration   23: trace = 0.396381508144764 (1.70355e-08% change)
    iteration   24: trace = 0.3963815081327227 (3.03782e-09% change)
Finished solving for bands 1 to 6 after 24 iterations.
tefreqs:, 1, -0.09, 0.14, 0, 0.143178, 0.0645128, 0.149077, 0.171772, 0.301449, 0.323154, 0.381038
elapsed time for k point: 2.4660704135894775
total elapsed time for run: 2.531515598297119
done
Initializing eigensolver data
Computing 6 bands with 1e-10 tolerance
Working in 2 dimensions.
Grid size is 288 x 96 x 1.
Solving for 6 bands at a time.
Creating Maxwell data...
Mesh size is 3.
Lattice vectors:
     (3, 0, 0)
     (0, 1, 0)
     (0, 0, 1)
Cell volume = 3
Reciprocal lattice vectors (/ 2 pi):
     (0.333333, -0, 0)
     (-0, 1, -0)
     (0, -0, 1)
Geometric objects:
     block, center = (0,0,0)
          size (1e+20,1e+20,1)
          axes (1,0,0), (0,1,0), (0,0,1)
     prism, center = (1.00781,0,0.5)
          height 1, axis (0,0,1), sidewall angle: 0 radians, 4 vertices:
          (0.757812,-0.25,0)
          (0.757812,0.25,0)
          (1.25781,0.25,0)
          (1.25781,-0.25,0)
     prism, center = (2.00781,0,0.5)
          height 1, axis (0,0,1), sidewall angle: 0 radians, 4 vertices:
          (1.75781,-0.25,0)
          (1.75781,0.25,0)
          (2.25781,0.25,0)
          (2.25781,-0.25,0)
     prism, center = (2.99781,0,0.5)
          height 1, axis (0,0,1), sidewall angle: 0 radians, 4 vertices:
          (2.74781,-0.25,0)
          (2.74781,0.25,0)
          (3.24781,0.25,0)
          (3.24781,-0.25,0)
Geometric object tree has depth 2 and 21 object nodes (vs. 4 actual objects)
Initializing epsilon function...
Allocating fields...
Solving for band polarization: te.
Initializing fields to random numbers...
1 k-points
  Vector3<-0.09, 0.14, 0.0>
elapsed time for initialization: 0.032851219177246094
solve_kpoint (-0.09,0.14,0):
tefreqs:, k index, k1, k2, k3, kmag/2pi, te band 1, te band 2, te band 3, te band 4, te band 5, te band 6
Solving for bands 1 to 6...
    near maximum in trace
    iteration    1: trace = 2.042809857381783 (199.718% change)
    iteration    2: trace = 0.5182488733620462 (119.057% change)
    iteration    3: trace = 0.4463437193980967 (14.9089% change)
    iteration    4: trace = 0.4257033141100549 (4.73378% change)
    iteration    5: trace = 0.4197356059128251 (1.41174% change)
    iteration    6: trace = 0.4133878569851727 (1.52384% change)
    iteration    7: trace = 0.4065326988444127 (1.67215% change)
    iteration    8: trace = 0.3997029287737209 (1.69424% change)
    iteration    9: trace = 0.397506527853475 (0.551022% change)
    iteration   10: trace = 0.3966313282700932 (0.220415% change)
    iteration   11: trace = 0.3964506925741024 (0.0455528% change)
    iteration   12: trace = 0.396360104973773 (0.0228523% change)
    iteration   13: trace = 0.3963216811617765 (0.00969464% change)
    iteration   14: trace = 0.3962998695811033 (0.00550366% change)
    iteration   15: trace = 0.3962941510829836 (0.00144298% change)
    iteration   16: trace = 0.3962923120685506 (0.000464054% change)
    iteration   17: trace = 0.3962918050884989 (0.000127931% change)
    iteration   18: trace = 0.3962915686524666 (5.96621e-05% change)
    iteration   19: trace = 0.3962914793236734 (2.25412e-05% change)
    iteration   20: trace = 0.396291441340389 (9.58468e-06% change)
    iteration   21: trace = 0.3962914317865948 (2.4108e-06% change)
    iteration   22: trace = 0.3962914296257166 (5.45275e-07% change)
    iteration   23: trace = 0.3962914291670032 (1.15752e-07% change)
    iteration   24: trace = 0.3962914290736216 (2.35639e-08% change)
    iteration   25: trace = 0.3962914290422744 (7.91012e-09% change)
Finished solving for bands 1 to 6 after 25 iterations.
tefreqs:, 1, -0.09, 0.14, 0, 0.143178, 0.064496, 0.149073, 0.171771, 0.301443, 0.323148, 0.380935
elapsed time for k point: 3.501391887664795
total elapsed time for run: 3.5343282222747803
done
Initializing eigensolver data
Computing 6 bands with 1e-10 tolerance
Working in 2 dimensions.
Grid size is 288 x 96 x 1.
Solving for 6 bands at a time.
Creating Maxwell data...
Mesh size is 3.
Lattice vectors:
     (3, 0, 0)
     (0, 1, 0)
     (0, 0, 1)
Cell volume = 3
Reciprocal lattice vectors (/ 2 pi):
     (0.333333, -0, 0)
     (-0, 1, -0)
     (0, -0, 1)
Geometric objects:
     block, center = (0,0,0)
          size (1e+20,1e+20,1)
          axes (1,0,0), (0,1,0), (0,0,1)
     prism, center = (0.997812,0,0.5)
          height 1, axis (0,0,1), sidewall angle: 0 radians, 4 vertices:
          (0.747812,-0.25,0)
          (0.747812,0.25,0)
          (1.24781,0.25,0)
          (1.24781,-0.25,0)
     prism, center = (2.00781,0,0.5)
          height 1, axis (0,0,1), sidewall angle: 0 radians, 4 vertices:
          (1.75781,-0.25,0)
          (1.75781,0.25,0)
          (2.25781,0.25,0)
          (2.25781,-0.25,0)
     prism, center = (2.99781,0,0.5)
          height 1, axis (0,0,1), sidewall angle: 0 radians, 4 vertices:
          (2.74781,-0.25,0)
          (2.74781,0.25,0)
          (3.24781,0.25,0)
          (3.24781,-0.25,0)
Geometric object tree has depth 2 and 21 object nodes (vs. 4 actual objects)
Initializing epsilon function...
Allocating fields...
Solving for band polarization: te.
Initializing fields to random numbers...
1 k-points
  Vector3<-0.09, 0.14, 0.0>
elapsed time for initialization: 0.03516125679016113
solve_kpoint (-0.09,0.14,0):
tefreqs:, k index, k1, k2, k3, kmag/2pi, te band 1, te band 2, te band 3, te band 4, te band 5, te band 6
Solving for bands 1 to 6...
    near maximum in trace
    iteration    1: trace = 2.254794231902431 (199.691% change)
    iteration    2: trace = 0.5528176404143053 (121.24% change)
    iteration    3: trace = 0.4728387135466172 (15.5957% change)
    iteration    4: trace = 0.4290154096951232 (9.71849% change)
    iteration    5: trace = 0.4095699100652323 (4.63769% change)
    iteration    6: trace = 0.4014675345108139 (1.99803% change)
    iteration    7: trace = 0.3992498118371126 (0.553934% change)
    iteration    8: trace = 0.3975816229669453 (0.418706% change)
    iteration    9: trace = 0.3967829955817235 (0.201073% change)
    iteration   10: trace = 0.3964010053629264 (0.0963182% change)
    iteration   11: trace = 0.3963221053547524 (0.0199061% change)
    iteration   12: trace = 0.3962981661848154 (0.00604051% change)
    iteration   13: trace = 0.3962910718247366 (0.00179017% change)
    iteration   14: trace = 0.3962876268813986 (0.0008693% change)
    iteration   15: trace = 0.3962864364348108 (0.0003004% change)
    iteration   16: trace = 0.396286021803689 (0.000104629% change)
    iteration   17: trace = 0.3962859191447362 (2.59053e-05% change)
    iteration   18: trace = 0.3962858926426064 (6.68763e-06% change)
    iteration   19: trace = 0.3962858845899703 (2.03203e-06% change)
    iteration   20: trace = 0.396285880468455 (1.04004e-06% change)
    iteration   21: trace = 0.3962858782282243 (5.65307e-07% change)
    iteration   22: trace = 0.3962858774948875 (1.85052e-07% change)
    iteration   23: trace = 0.3962858773033818 (4.83251e-08% change)
    iteration   24: trace = 0.3962858772637687 (9.9961e-09% change)
Finished solving for bands 1 to 6 after 24 iterations.
tefreqs:, 1, -0.09, 0.14, 0, 0.143178, 0.064495, 0.149073, 0.171771, 0.301442, 0.323147, 0.380929
elapsed time for k point: 2.7444443702697754
total elapsed time for run: 2.779693841934204
done
Initializing eigensolver data
Computing 6 bands with 1e-10 tolerance
Working in 2 dimensions.
Grid size is 288 x 96 x 1.
Solving for 6 bands at a time.
Creating Maxwell data...
Mesh size is 3.
Lattice vectors:
     (3, 0, 0)
     (0, 1, 0)
     (0, 0, 1)
Cell volume = 3
Reciprocal lattice vectors (/ 2 pi):
     (0.333333, -0, 0)
     (-0, 1, -0)
     (0, -0, 1)
Geometric objects:
     block, center = (0,0,0)
          size (1e+20,1e+20,1)
          axes (1,0,0), (0,1,0), (0,0,1)
     prism, center = (0.01,-1.38778e-17,0.5)
          height 1, axis (0,0,1), sidewall angle: 0 radians, 4 vertices:
          (0.26,0.25,0)
          (-0.24,0.25,0)
          (-0.24,-0.25,0)
          (0.26,-0.25,0)
     prism, center = (1.01,-1.38778e-17,0.5)
          height 1, axis (0,0,1), sidewall angle: 0 radians, 4 vertices:
          (1.26,0.25,0)
          (0.76,0.25,0)
          (0.76,-0.25,0)
          (1.26,-0.25,0)
     prism, center = (2.01,-1.38778e-17,0.5)
          height 1, axis (0,0,1), sidewall angle: 0 radians, 4 vertices:
          (2.26,0.25,0)
          (1.76,0.25,0)
          (1.76,-0.25,0)
          (2.26,-0.25,0)
Geometric object tree has depth 2 and 21 object nodes (vs. 4 actual objects)
Initializing epsilon function...
Allocating fields...
Solving for band polarization: te.
Initializing fields to random numbers...
1 k-points
  Vector3<-0.09, 0.14, 0.0>
elapsed time for initialization: 0.05875372886657715
solve_kpoint (-0.09,0.14,0):
tefreqs:, k index, k1, k2, k3, kmag/2pi, te band 1, te band 2, te band 3, te band 4, te band 5, te band 6
Solving for bands 1 to 6...
    near maximum in trace
    iteration    1: trace = 1.91673676421039 (199.735% change)
    iteration    2: trace = 0.5801448580988419 (107.061% change)
    iteration    3: trace = 0.4364303142386331 (28.2743% change)
    iteration    4: trace = 0.4208360327599979 (3.63814% change)
    iteration    5: trace = 0.4102108226328364 (2.55707% change)
    iteration    6: trace = 0.4047952930560127 (1.32895% change)
    iteration    7: trace = 0.39892555081886 (1.46064% change)
    iteration    8: trace = 0.3964943350278798 (0.611304% change)
    iteration    9: trace = 0.3955003837151849 (0.250999% change)
    iteration   10: trace = 0.3952651945190232 (0.0594839% change)
    iteration   11: trace = 0.3951411825886472 (0.0313793% change)
    iteration   12: trace = 0.395086563109601 (0.0138237% change)
    iteration   13: trace = 0.3950609489536238 (0.00648339% change)
    iteration   14: trace = 0.3950554397475189 (0.00139453% change)
    iteration   15: trace = 0.3950539108818611 (0.000387001% change)
    iteration   16: trace = 0.3950535660620131 (8.72843e-05% change)
    iteration   17: trace = 0.3950534266564926 (3.52878e-05% change)
    iteration   18: trace = 0.3950533729108818 (1.36046e-05% change)
    iteration   19: trace = 0.3950533454898108 (6.94111e-06% change)
    iteration   20: trace = 0.3950533367546373 (2.21114e-06% change)
    iteration   21: trace = 0.3950533343673287 (6.043e-07% change)
    iteration   22: trace = 0.3950533338611074 (1.2814e-07% change)
    iteration   23: trace = 0.3950533337224316 (3.5103e-08% change)
    iteration   24: trace = 0.3950533336675308 (1.38971e-08% change)
    iteration   25: trace = 0.3950533336435059 (6.08144e-09% change)
Finished solving for bands 1 to 6 after 25 iterations.
tefreqs:, 1, -0.09, 0.14, 0, 0.143178, 0.0644622, 0.148895, 0.171567, 0.300802, 0.322416, 0.380603
elapsed time for k point: 2.7253434658050537
total elapsed time for run: 2.784195899963379
done
Initializing eigensolver data
Computing 6 bands with 1e-10 tolerance
Working in 2 dimensions.
Grid size is 288 x 96 x 1.
Solving for 6 bands at a time.
Creating Maxwell data...
Mesh size is 3.
Lattice vectors:
     (3, 0, 0)
     (0, 1, 0)
     (0, 0, 1)
Cell volume = 3
Reciprocal lattice vectors (/ 2 pi):
     (0.333333, -0, 0)
     (-0, 1, -0)
     (0, -0, 1)
Geometric objects:
     block, center = (0,0,0)
          size (1e+20,1e+20,1)
          axes (1,0,0), (0,1,0), (0,0,1)
     prism, center = (-0.01,-1.38778e-17,0.5)
          height 1, axis (0,0,1), sidewall angle: 0 radians, 4 vertices:
          (0.24,0.25,0)
          (-0.26,0.25,0)
          (-0.26,-0.25,0)
          (0.24,-0.25,0)
     prism, center = (0.99,-1.38778e-17,0.5)
          height 1, axis (0,0,1), sidewall angle: 0 radians, 4 vertices:
          (1.24,0.25,0)
          (0.74,0.25,0)
          (0.74,-0.25,0)
          (1.24,-0.25,0)
     prism, center = (1.99,-1.38778e-17,0.5)
          height 1, axis (0,0,1), sidewall angle: 0 radians, 4 vertices:
          (2.24,0.25,0)
          (1.74,0.25,0)
          (1.74,-0.25,0)
          (2.24,-0.25,0)
Geometric object tree has depth 2 and 21 object nodes (vs. 4 actual objects)
Initializing epsilon function...
Allocating fields...
Solving for band polarization: te.
Initializing fields to random numbers...
1 k-points
  Vector3<-0.09, 0.14, 0.0>
elapsed time for initialization: 0.05857348442077637
solve_kpoint (-0.09,0.14,0):
tefreqs:, k index, k1, k2, k3, kmag/2pi, te band 1, te band 2, te band 3, te band 4, te band 5, te band 6
Solving for bands 1 to 6...
    near maximum in trace
    iteration    1: trace = 2.028813073236741 (199.719% change)
    iteration    2: trace = 0.6196200882690587 (106.417% change)
    iteration    3: trace = 0.4506236369948846 (31.5809% change)
    iteration    4: trace = 0.4270484314869858 (5.37221% change)
    iteration    5: trace = 0.4132819240967211 (3.27645% change)
    iteration    6: trace = 0.4075038769637496 (1.40793% change)
    iteration    7: trace = 0.4015641682135855 (1.46828% change)
    iteration    8: trace = 0.3976061894960496 (0.990522% change)
    iteration    9: trace = 0.3957118635560802 (0.47757% change)
    iteration   10: trace = 0.3952645697963146 (0.113099% change)
    iteration   11: trace = 0.3951279299877052 (0.0345752% change)
    iteration   12: trace = 0.3950899960517424 (0.00960088% change)
    iteration   13: trace = 0.3950678846940379 (0.00559669% change)
    iteration   14: trace = 0.3950586761435192 (0.00233091% change)
    iteration   15: trace = 0.3950546510642496 (0.00101886% change)
    iteration   16: trace = 0.395053719453901 (0.000235818% change)
    iteration   17: trace = 0.3950534353704041 (7.19101e-05% change)
    iteration   18: trace = 0.3950533743319531 (1.54507e-05% change)
    iteration   19: trace = 0.3950533501229427 (6.12804e-06% change)
    iteration   20: trace = 0.3950533395471546 (2.67705e-06% change)
    iteration   21: trace = 0.3950533349557968 (1.16221e-06% change)
    iteration   22: trace = 0.3950533339492317 (2.54792e-07% change)
    iteration   23: trace = 0.3950533337196976 (5.81021e-08% change)
    iteration   24: trace = 0.3950533336605273 (1.49778e-08% change)
    iteration   25: trace = 0.3950533336417046 (4.7646e-09% change)
Finished solving for bands 1 to 6 after 25 iterations.
tefreqs:, 1, -0.09, 0.14, 0, 0.143178, 0.0644622, 0.148895, 0.171567, 0.300802, 0.322416, 0.380603
elapsed time for k point: 2.541168689727783
total elapsed time for run: 2.599823236465454
done
Initializing eigensolver data
Computing 6 bands with 1e-10 tolerance
Working in 2 dimensions.
Grid size is 288 x 96 x 1.
Solving for 6 bands at a time.
Creating Maxwell data...
Mesh size is 3.
Lattice vectors:
     (3, 0, 0)
     (0, 1, 0)
     (0, 0, 1)
Cell volume = 3
Reciprocal lattice vectors (/ 2 pi):
     (0.333333, -0, 0)
     (-0, 1, -0)
     (0, -0, 1)
Geometric objects:
     block, center = (0,0,0)
          size (1e+20,1e+20,1)
          axes (1,0,0), (0,1,0), (0,0,1)
     prism, center = (0.0126042,-1.38778e-17,0.5)
          height 1, axis (0,0,1), sidewall angle: 0 radians, 4 vertices:
          (0.262604,0.25,0)
          (-0.237396,0.25,0)
          (-0.237396,-0.25,0)
          (0.262604,-0.25,0)
     prism, center = (1.0126,-1.38778e-17,0.5)
          height 1, axis (0,0,1), sidewall angle: 0 radians, 4 vertices:
          (1.2626,0.25,0)
          (0.762604,0.25,0)
          (0.762604,-0.25,0)
          (1.2626,-0.25,0)
     prism, center = (2.0126,-1.38778e-17,0.5)
          height 1, axis (0,0,1), sidewall angle: 0 radians, 4 vertices:
          (2.2626,0.25,0)
          (1.7626,0.25,0)
          (1.7626,-0.25,0)
          (2.2626,-0.25,0)
Geometric object tree has depth 2 and 21 object nodes (vs. 4 actual objects)
Initializing epsilon function...
Allocating fields...
Solving for band polarization: te.
Initializing fields to random numbers...
1 k-points
  Vector3<-0.09, 0.14, 0.0>
elapsed time for initialization: 0.05715513229370117
solve_kpoint (-0.09,0.14,0):
tefreqs:, k index, k1, k2, k3, kmag/2pi, te band 1, te band 2, te band 3, te band 4, te band 5, te band 6
Solving for bands 1 to 6...
    near maximum in trace
    iteration    1: trace = 1.899728430289614 (199.737% change)
    iteration    2: trace = 0.5128100346866067 (114.976% change)
    iteration    3: trace = 0.4500494741372482 (13.0363% change)
    iteration    4: trace = 0.4273978748675556 (5.16307% change)
    iteration    5: trace = 0.4202235881462619 (1.6928% change)
    iteration    6: trace = 0.4127043363992096 (1.8055% change)
    iteration    7: trace = 0.404836063655258 (1.92486% change)
    iteration    8: trace = 0.3977901691957743 (1.75571% change)
    iteration    9: trace = 0.3961739018782033 (0.407139% change)
    iteration   10: trace = 0.3954884673787356 (0.173163% change)
    iteration   11: trace = 0.3952996228245455 (0.0477611% change)
    iteration   12: trace = 0.3951799784753909 (0.0302713% change)
    iteration   13: trace = 0.3951390978823718 (0.0103453% change)
    iteration   14: trace = 0.3951207161497636 (0.00465207% change)
    iteration   15: trace = 0.3951171808997255 (0.000894731% change)
    iteration   16: trace = 0.3951160098214885 (0.000296388% change)
    iteration   17: trace = 0.3951156027643515 (0.000103022% change)
    iteration   18: trace = 0.3951153485571473 (6.43374e-05% change)
    iteration   19: trace = 0.3951152594635972 (2.25487e-05% change)
    iteration   20: trace = 0.3951152278612449 (7.99826e-06% change)
    iteration   21: trace = 0.3951152210896174 (1.71384e-06% change)
    iteration   22: trace = 0.3951152195022911 (4.01738e-07% change)
    iteration   23: trace = 0.3951152192146272 (7.28051e-08% change)
    iteration   24: trace = 0.3951152191629766 (1.30723e-08% change)
    iteration   25: trace = 0.3951152191485103 (3.6613e-09% change)
Finished solving for bands 1 to 6 after 25 iterations.
tefreqs:, 1, -0.09, 0.14, 0, 0.143178, 0.0644692, 0.1489, 0.171573, 0.30082, 0.322435, 0.380649
elapsed time for k point: 2.2715988159179688
total elapsed time for run: 2.3288323879241943
done
Initializing eigensolver data
Computing 6 bands with 1e-10 tolerance
Working in 2 dimensions.
Grid size is 288 x 96 x 1.
Solving for 6 bands at a time.
Creating Maxwell data...
Mesh size is 3.
Lattice vectors:
     (3, 0, 0)
     (0, 1, 0)
     (0, 0, 1)
Cell volume = 3
Reciprocal lattice vectors (/ 2 pi):
     (0.333333, -0, 0)
     (-0, 1, -0)
     (0, -0, 1)
Geometric objects:
     block, center = (0,0,0)
          size (1e+20,1e+20,1)
          axes (1,0,0), (0,1,0), (0,0,1)
     prism, center = (-0.00739583,-1.38778e-17,0.5)
          height 1, axis (0,0,1), sidewall angle: 0 radians, 4 vertices:
          (0.242604,0.25,0)
          (-0.257396,0.25,0)
          (-0.257396,-0.25,0)
          (0.242604,-0.25,0)
     prism, center = (0.992604,-1.38778e-17,0.5)
          height 1, axis (0,0,1), sidewall angle: 0 radians, 4 vertices:
          (1.2426,0.25,0)
          (0.742604,0.25,0)
          (0.742604,-0.25,0)
          (1.2426,-0.25,0)
     prism, center = (1.9926,-1.38778e-17,0.5)
          height 1, axis (0,0,1), sidewall angle: 0 radians, 4 vertices:
          (2.2426,0.25,0)
          (1.7426,0.25,0)
          (1.7426,-0.25,0)
          (2.2426,-0.25,0)
Geometric object tree has depth 2 and 21 object nodes (vs. 4 actual objects)
Initializing epsilon function...
Allocating fields...
Solving for band polarization: te.
Initializing fields to random numbers...
1 k-points
  Vector3<-0.09, 0.14, 0.0>
elapsed time for initialization: 0.04893922805786133
solve_kpoint (-0.09,0.14,0):
tefreqs:, k index, k1, k2, k3, kmag/2pi, te band 1, te band 2, te band 3, te band 4, te band 5, te band 6
Solving for bands 1 to 6...
    near maximum in trace
    iteration    1: trace = 2.523457180223387 (199.651% change)
    iteration    2: trace = 0.6674538557096285 (116.331% change)
    iteration    3: trace = 0.4574414653109818 (37.339% change)
    iteration    4: trace = 0.4336094577721228 (5.34919% change)
    iteration    5: trace = 0.4202660785109946 (3.12537% change)
    iteration    6: trace = 0.4145195338181573 (1.37677% change)
    iteration    7: trace = 0.406438737410269 (1.96863% change)
    iteration    8: trace = 0.3998124780280827 (1.64372% change)
    iteration    9: trace = 0.396456995444145 (0.842801% change)
    iteration   10: trace = 0.3957233724385856 (0.185216% change)
    iteration   11: trace = 0.3954712275117698 (0.0637378% change)
    iteration   12: trace = 0.3954054659901566 (0.01663% change)
    iteration   13: trace = 0.3953703378423207 (0.00888448% change)
    iteration   14: trace = 0.3953587500522517 (0.00293091% change)
    iteration   15: trace = 0.3953537663846256 (0.00126055% change)
    iteration   16: trace = 0.3953526205445212 (0.000289827% change)
    iteration   17: trace = 0.3953522199926789 (0.000101315% change)
    iteration   18: trace = 0.3953520947680439 (3.16742e-05% change)
    iteration   19: trace = 0.3953520284141047 (1.67835e-05% change)
    iteration   20: trace = 0.3953519977112159 (7.76596e-06% change)
    iteration   21: trace = 0.3953519852091152 (3.16227e-06% change)
    iteration   22: trace = 0.3953519821969779 (7.61887e-07% change)
    iteration   23: trace = 0.3953519815326216 (1.68042e-07% change)
    iteration   24: trace = 0.3953519813621323 (4.31234e-08% change)
    iteration   25: trace = 0.395351981306953 (1.3957e-08% change)
    iteration   26: trace = 0.3953519812775945 (7.42593e-09% change)
Finished solving for bands 1 to 6 after 26 iterations.
tefreqs:, 1, -0.09, 0.14, 0, 0.143178, 0.0645004, 0.148916, 0.17159, 0.300869, 0.322492, 0.380854
elapsed time for k point: 2.5871148109436035
total elapsed time for run: 2.6361427307128906
done
Initializing eigensolver data
Computing 6 bands with 1e-10 tolerance
Working in 2 dimensions.
Grid size is 288 x 96 x 1.
Solving for 6 bands at a time.
Creating Maxwell data...
Mesh size is 3.
Lattice vectors:
     (3, 0, 0)
     (0, 1, 0)
     (0, 0, 1)
Cell volume = 3
Reciprocal lattice vectors (/ 2 pi):
     (0.333333, -0, 0)
     (-0, 1, -0)
     (0, -0, 1)
Geometric objects:
     block, center = (0,0,0)
          size (1e+20,1e+20,1)
          axes (1,0,0), (0,1,0), (0,0,1)
     prism, center = (0.0152083,-1.38778e-17,0.5)
          height 1, axis (0,0,1), sidewall angle: 0 radians, 4 vertices:
          (0.265208,0.25,0)
          (-0.234792,0.25,0)
          (-0.234792,-0.25,0)
          (0.265208,-0.25,0)
     prism, center = (1.01521,-1.38778e-17,0.5)
          height 1, axis (0,0,1), sidewall angle: 0 radians, 4 vertices:
          (1.26521,0.25,0)
          (0.765208,0.25,0)
          (0.765208,-0.25,0)
          (1.26521,-0.25,0)
     prism, center = (2.01521,-1.38778e-17,0.5)
          height 1, axis (0,0,1), sidewall angle: 0 radians, 4 vertices:
          (2.26521,0.25,0)
          (1.76521,0.25,0)
          (1.76521,-0.25,0)
          (2.26521,-0.25,0)
Geometric object tree has depth 2 and 21 object nodes (vs. 4 actual objects)
Initializing epsilon function...
Allocating fields...
Solving for band polarization: te.
Initializing fields to random numbers...
1 k-points
  Vector3<-0.09, 0.14, 0.0>
elapsed time for initialization: 0.03359818458557129
solve_kpoint (-0.09,0.14,0):
tefreqs:, k index, k1, k2, k3, kmag/2pi, te band 1, te band 2, te band 3, te band 4, te band 5, te band 6
Solving for bands 1 to 6...
    near maximum in trace
    iteration    1: trace = 2.513188057492798 (199.655% change)
    iteration    2: trace = 0.5956306452997809 (123.362% change)
    iteration    3: trace = 0.4321007273027913 (31.8235% change)
    iteration    4: trace = 0.41114659703378 (4.96987% change)
    iteration    5: trace = 0.4019627231457916 (2.25895% change)
    iteration    6: trace = 0.3991761888610134 (0.695643% change)
    iteration    7: trace = 0.3969406973443935 (0.561599% change)
    iteration    8: trace = 0.3960785543196608 (0.217433% change)
    iteration    9: trace = 0.3956215179408312 (0.115457% change)
    iteration   10: trace = 0.3955411513334008 (0.0203161% change)
    iteration   11: trace = 0.3955107059580303 (0.00769744% change)
    iteration   12: trace = 0.3955009947776914 (0.00245538% change)
    iteration   13: trace = 0.3954936189840116 (0.00186494% change)
    iteration   14: trace = 0.3954915502767669 (0.000523071% change)
    iteration   15: trace = 0.3954909131101171 (0.000161108% change)
    iteration   16: trace = 0.3954907811398891 (3.33687e-05% change)
    iteration   17: trace = 0.3954907277352522 (1.35034e-05% change)
    iteration   18: trace = 0.3954907065433175 (5.35839e-06% change)
    iteration   19: trace = 0.3954906960545764 (2.65208e-06% change)
    iteration   20: trace = 0.3954906924035345 (9.23168e-07% change)
    iteration   21: trace = 0.3954906913684543 (2.6172e-07% change)
    iteration   22: trace = 0.3954906911328687 (5.95679e-08% change)
    iteration   23: trace = 0.3954906910894016 (1.09907e-08% change)
    iteration   24: trace = 0.395490691077462 (3.01892e-09% change)
Finished solving for bands 1 to 6 after 24 iterations.
tefreqs:, 1, -0.09, 0.14, 0, 0.143178, 0.0645174, 0.148932, 0.171605, 0.300913, 0.322535, 0.380949
elapsed time for k point: 2.8982667922973633
total elapsed time for run: 2.9320321083068848
done
Initializing eigensolver data
Computing 6 bands with 1e-10 tolerance
Working in 2 dimensions.
Grid size is 288 x 96 x 1.
Solving for 6 bands at a time.
Creating Maxwell data...
Mesh size is 3.
Lattice vectors:
     (3, 0, 0)
     (0, 1, 0)
     (0, 0, 1)
Cell volume = 3
Reciprocal lattice vectors (/ 2 pi):
     (0.333333, -0, 0)
     (-0, 1, -0)
     (0, -0, 1)
Geometric objects:
     block, center = (0,0,0)
          size (1e+20,1e+20,1)
          axes (1,0,0), (0,1,0), (0,0,1)
     prism, center = (-0.00479167,-1.38778e-17,0.5)
          height 1, axis (0,0,1), sidewall angle: 0 radians, 4 vertices:
          (0.245208,0.25,0)
          (-0.254792,0.25,0)
          (-0.254792,-0.25,0)
          (0.245208,-0.25,0)
     prism, center = (0.995208,-1.38778e-17,0.5)
          height 1, axis (0,0,1), sidewall angle: 0 radians, 4 vertices:
          (1.24521,0.25,0)
          (0.745208,0.25,0)
          (0.745208,-0.25,0)
          (1.24521,-0.25,0)
     prism, center = (1.99521,-1.38778e-17,0.5)
          height 1, axis (0,0,1), sidewall angle: 0 radians, 4 vertices:
          (2.24521,0.25,0)
          (1.74521,0.25,0)
          (1.74521,-0.25,0)
          (2.24521,-0.25,0)
Geometric object tree has depth 2 and 21 object nodes (vs. 4 actual objects)
Initializing epsilon function...
Allocating fields...
Solving for band polarization: te.
Initializing fields to random numbers...
1 k-points
  Vector3<-0.09, 0.14, 0.0>
elapsed time for initialization: 0.03544044494628906
solve_kpoint (-0.09,0.14,0):
tefreqs:, k index, k1, k2, k3, kmag/2pi, te band 1, te band 2, te band 3, te band 4, te band 5, te band 6
Solving for bands 1 to 6...
    near maximum in trace
    iteration    1: trace = 2.661349007397121 (199.636% change)
    iteration    2: trace = 0.6484998300163887 (121.628% change)
    iteration    3: trace = 0.4554210684559516 (34.9805% change)
    iteration    4: trace = 0.4289234760222786 (5.99259% change)
    iteration    5: trace = 0.41439917681338 (3.44454% change)
    iteration    6: trace = 0.4092449870931955 (1.25156% change)
    iteration    7: trace = 0.403569060151206 (1.39661% change)
    iteration    8: trace = 0.3996449686807043 (0.977097% change)
    iteration    9: trace = 0.3967737718300935 (0.721027% change)
    iteration   10: trace = 0.3959751868254378 (0.201472% change)
    iteration   11: trace = 0.395639476688283 (0.0848166% change)
    iteration   12: trace = 0.3955622140311792 (0.0195305% change)
    iteration   13: trace = 0.3955172848557917 (0.011359% change)
    iteration   14: trace = 0.395500988074449 (0.00412046% change)
    iteration   15: trace = 0.395493150285299 (0.00198176% change)
    iteration   16: trace = 0.3954914904715383 (0.000419683% change)
    iteration   17: trace = 0.3954909468254059 (0.000137461% change)
    iteration   18: trace = 0.3954907919819508 (3.91522e-05% change)
    iteration   19: trace = 0.3954907338726256 (1.4693e-05% change)
    iteration   20: trace = 0.3954907084490873 (6.42835e-06% change)
    iteration   21: trace = 0.3954906958553943 (3.18432e-06% change)
    iteration   22: trace = 0.3954906921332281 (9.41151e-07% change)
    iteration   23: trace = 0.3954906913875355 (1.88549e-07% change)
    iteration   24: trace = 0.3954906911959665 (4.84383e-08% change)
    iteration   25: trace = 0.3954906911338235 (1.57129e-08% change)
    iteration   26: trace = 0.3954906910960114 (9.56079e-09% change)
Finished solving for bands 1 to 6 after 26 iterations.
tefreqs:, 1, -0.09, 0.14, 0, 0.143178, 0.0645174, 0.148932, 0.171605, 0.300913, 0.322535, 0.380949
elapsed time for k point: 3.4613888263702393
total elapsed time for run: 3.4969658851623535
done
Initializing eigensolver data
Computing 6 bands with 1e-10 tolerance
Working in 2 dimensions.
Grid size is 288 x 96 x 1.
Solving for 6 bands at a time.
Creating Maxwell data...
Mesh size is 3.
Lattice vectors:
     (3, 0, 0)
     (0, 1, 0)
     (0, 0, 1)
Cell volume = 3
Reciprocal lattice vectors (/ 2 pi):
     (0.333333, -0, 0)
     (-0, 1, -0)
     (0, -0, 1)
Geometric objects:
     block, center = (0,0,0)
          size (1e+20,1e+20,1)
          axes (1,0,0), (0,1,0), (0,0,1)
     prism, center = (0.0178125,-1.38778e-17,0.5)
          height 1, axis (0,0,1), sidewall angle: 0 radians, 4 vertices:
          (0.267813,0.25,0)
          (-0.232187,0.25,0)
          (-0.232188,-0.25,0)
          (0.267812,-0.25,0)
     prism, center = (1.01781,-1.38778e-17,0.5)
          height 1, axis (0,0,1), sidewall angle: 0 radians, 4 vertices:
          (1.26781,0.25,0)
          (0.767813,0.25,0)
          (0.767813,-0.25,0)
          (1.26781,-0.25,0)
     prism, center = (2.01781,-1.38778e-17,0.5)
          height 1, axis (0,0,1), sidewall angle: 0 radians, 4 vertices:
          (2.26781,0.25,0)
          (1.76781,0.25,0)
          (1.76781,-0.25,0)
          (2.26781,-0.25,0)
Geometric object tree has depth 2 and 21 object nodes (vs. 4 actual objects)
Initializing epsilon function...
Allocating fields...
Solving for band polarization: te.
Initializing fields to random numbers...
1 k-points
  Vector3<-0.09, 0.14, 0.0>
elapsed time for initialization: 0.033098697662353516
solve_kpoint (-0.09,0.14,0):
tefreqs:, k index, k1, k2, k3, kmag/2pi, te band 1, te band 2, te band 3, te band 4, te band 5, te band 6
Solving for bands 1 to 6...
    near maximum in trace
    iteration    1: trace = 2.278218576251092 (199.685% change)
    iteration    2: trace = 0.5174716806396679 (125.962% change)
    iteration    3: trace = 0.4427163235409277 (15.571% change)
    iteration    4: trace = 0.4190283204450417 (5.49769% change)
    iteration    5: trace = 0.4112564587265127 (1.8721% change)
    iteration    6: trace = 0.4058419140098852 (1.32531% change)
    iteration    7: trace = 0.4021231971684313 (0.920514% change)
    iteration    8: trace = 0.397613387962205 (1.12782% change)
    iteration    9: trace = 0.39608201530202 (0.385884% change)
    iteration   10: trace = 0.3954779124229407 (0.152636% change)
    iteration   11: trace = 0.3953891577787024 (0.0224449% change)
    iteration   12: trace = 0.3953628671125147 (0.00664953% change)
    iteration   13: trace = 0.3953568951523398 (0.00151051% change)
    iteration   14: trace = 0.3953538119983501 (0.000779844% change)
    iteration   15: trace = 0.3953526810386913 (0.000286063% change)
    iteration   16: trace = 0.3953521612751986 (0.000131468% change)
    iteration   17: trace = 0.3953520411914335 (3.03739e-05% change)
    iteration   18: trace = 0.3953520033339172 (9.57565e-06% change)
    iteration   19: trace = 0.3953519919736004 (2.87347e-06% change)
    iteration   20: trace = 0.3953519854598213 (1.64759e-06% change)
    iteration   21: trace = 0.395351982623048 (7.17531e-07% change)
    iteration   22: trace = 0.3953519815846712 (2.62646e-07% change)
    iteration   23: trace = 0.3953519813343688 (6.33113e-08% change)
    iteration   24: trace = 0.3953519812851829 (1.2441e-08% change)
    iteration   25: trace = 0.3953519812709634 (3.59666e-09% change)
Finished solving for bands 1 to 6 after 25 iterations.
tefreqs:, 1, -0.09, 0.14, 0, 0.143178, 0.0645004, 0.148916, 0.17159, 0.300869, 0.322492, 0.380854
elapsed time for k point: 2.595372438430786
total elapsed time for run: 2.6285600662231445
done
Initializing eigensolver data
Computing 6 bands with 1e-10 tolerance
Working in 2 dimensions.
Grid size is 288 x 96 x 1.
Solving for 6 bands at a time.
Creating Maxwell data...
Mesh size is 3.
Lattice vectors:
     (3, 0, 0)
     (0, 1, 0)
     (0, 0, 1)
Cell volume = 3
Reciprocal lattice vectors (/ 2 pi):
     (0.333333, -0, 0)
     (-0, 1, -0)
     (0, -0, 1)
Geometric objects:
     block, center = (0,0,0)
          size (1e+20,1e+20,1)
          axes (1,0,0), (0,1,0), (0,0,1)
     prism, center = (-0.0021875,-1.38778e-17,0.5)
          height 1, axis (0,0,1), sidewall angle: 0 radians, 4 vertices:
          (0.247812,0.25,0)
          (-0.252187,0.25,0)
          (-0.252188,-0.25,0)
          (0.247812,-0.25,0)
     prism, center = (0.997812,-1.38778e-17,0.5)
          height 1, axis (0,0,1), sidewall angle: 0 radians, 4 vertices:
          (1.24781,0.25,0)
          (0.747812,0.25,0)
          (0.747812,-0.25,0)
          (1.24781,-0.25,0)
     prism, center = (1.99781,-1.38778e-17,0.5)
          height 1, axis (0,0,1), sidewall angle: 0 radians, 4 vertices:
          (2.24781,0.25,0)
          (1.74781,0.25,0)
          (1.74781,-0.25,0)
          (2.24781,-0.25,0)
Geometric object tree has depth 2 and 21 object nodes (vs. 4 actual objects)
Initializing epsilon function...
Allocating fields...
Solving for band polarization: te.
Initializing fields to random numbers...
1 k-points
  Vector3<-0.09, 0.14, 0.0>
elapsed time for initialization: 0.03535151481628418
solve_kpoint (-0.09,0.14,0):
tefreqs:, k index, k1, k2, k3, kmag/2pi, te band 1, te band 2, te band 3, te band 4, te band 5, te band 6
Solving for bands 1 to 6...
    near maximum in trace
    iteration    1: trace = 1.91159932288573 (199.737% change)
    iteration    2: trace = 0.5680459357689075 (108.367% change)
    iteration    3: trace = 0.4708285745612384 (18.7159% change)
    iteration    4: trace = 0.4273824108721883 (9.67393% change)
    iteration    5: trace = 0.4094738342850818 (4.27996% change)
    iteration    6: trace = 0.4009862418942827 (2.09451% change)
    iteration    7: trace = 0.3981540936448943 (0.708799% change)
    iteration    8: trace = 0.3964984716883673 (0.416691% change)
    iteration    9: trace = 0.3956729875405023 (0.20841% change)
    iteration   10: trace = 0.3952809569979838 (0.0991285% change)
    iteration   11: trace = 0.3951838659384609 (0.0245656% change)
    iteration   12: trace = 0.395154008115365 (0.00755571% change)
    iteration   13: trace = 0.3951450803172101 (0.00225935% change)
    iteration   14: trace = 0.3951402189926123 (0.00123027% change)
    iteration   15: trace = 0.3951381553253954 (0.000522263% change)
    iteration   16: trace = 0.3951374343908965 (0.000182451% change)
    iteration   17: trace = 0.3951372559516205 (4.51588e-05% change)
    iteration   18: trace = 0.3951372130875651 (1.08479e-05% change)
    iteration   19: trace = 0.3951371990275753 (3.55826e-06% change)
    iteration   20: trace = 0.3951371922126719 (1.72469e-06% change)
    iteration   21: trace = 0.3951371889231122 (8.32511e-07% change)
    iteration   22: trace = 0.3951371881041386 (2.07263e-07% change)
    iteration   23: trace = 0.395137187924711 (4.54089e-08% change)
    iteration   24: trace = 0.3951371878972219 (6.95686e-09% change)
Finished solving for bands 1 to 6 after 24 iterations.
tefreqs:, 1, -0.09, 0.14, 0, 0.143178, 0.0644705, 0.148901, 0.171578, 0.300828, 0.322447, 0.380658
elapsed time for k point: 2.5387542247772217
total elapsed time for run: 2.574214220046997
done
Initializing eigensolver data
Computing 6 bands with 1e-10 tolerance
Working in 2 dimensions.
Grid size is 288 x 96 x 1.
Solving for 6 bands at a time.
Creating Maxwell data...
Mesh size is 3.
Lattice vectors:
     (3, 0, 0)
     (0, 1, 0)
     (0, 0, 1)
Cell volume = 3
Reciprocal lattice vectors (/ 2 pi):
     (0.333333, -0, 0)
     (-0, 1, -0)
     (0, -0, 1)
Geometric objects:
     block, center = (0,0,0)
          size (1e+20,1e+20,1)
          axes (1,0,0), (0,1,0), (0,0,1)
     prism, center = (-2.08167e-17,-1.38778e-17,0.5)
          height 1, axis (0,0,1), sidewall angle: 0 radians, 4 vertices:
          (0.25,0.25,0)
          (-0.25,0.25,0)
          (-0.25,-0.25,0)
          (0.25,-0.25,0)
     prism, center = (1,-1.38778e-17,0.5)
          height 1, axis (0,0,1), sidewall angle: 0 radians, 4 vertices:
          (1.25,0.25,0)
          (0.75,0.25,0)
          (0.75,-0.25,0)
          (1.25,-0.25,0)
     prism, center = (2,-1.38778e-17,0.5)
          height 1, axis (0,0,1), sidewall angle: 0 radians, 4 vertices:
          (2.25,0.25,0)
          (1.75,0.25,0)
          (1.75,-0.25,0)
          (2.25,-0.25,0)
Geometric object tree has depth 2 and 21 object nodes (vs. 4 actual objects)
Initializing epsilon function...
Allocating fields...
Solving for band polarization: te.
Initializing fields to random numbers...
1 k-points
  Vector3<-0.09, 0.14, 0.0>
elapsed time for initialization: 0.03386664390563965
solve_kpoint (-0.09,0.14,0):
tefreqs:, k index, k1, k2, k3, kmag/2pi, te band 1, te band 2, te band 3, te band 4, te band 5, te band 6
Solving for bands 1 to 6...
    near maximum in trace
    iteration    1: trace = 1.94408377439249 (199.732% change)
    iteration    2: trace = 0.5665857287909781 (109.732% change)
    iteration    3: trace = 0.4282839571393748 (27.803% change)
    iteration    4: trace = 0.4127784721496836 (3.68712% change)
    iteration    5: trace = 0.4040371167991823 (2.14035% change)
    iteration    6: trace = 0.4004366758511209 (0.895105% change)
    iteration    7: trace = 0.3974889939883739 (0.738836% change)
    iteration    8: trace = 0.3963263419982843 (0.292928% change)
    iteration    9: trace = 0.3957989639499617 (0.133155% change)
    iteration   10: trace = 0.3956842249758947 (0.0289934% change)
    iteration   11: trace = 0.3956352328144515 (0.0123824% change)
    iteration   12: trace = 0.3956163173272222 (0.00478116% change)
    iteration   13: trace = 0.3956071344462925 (0.00232119% change)
    iteration   14: trace = 0.3956045815143936 (0.000645322% change)
    iteration   15: trace = 0.3956037531677474 (0.000209388% change)
    iteration   16: trace = 0.3956035701634017 (4.62595e-05% change)
    iteration   17: trace = 0.395603509389823 (1.53622e-05% change)
    iteration   18: trace = 0.3956034896283777 (4.99527e-06% change)
    iteration   19: trace = 0.3956034789589422 (2.697e-06% change)
    iteration   20: trace = 0.3956034746333967 (1.0934e-06% change)
    iteration   21: trace = 0.3956034733505741 (3.2427e-07% change)
    iteration   22: trace = 0.3956034731227632 (5.75857e-08% change)
    iteration   23: trace = 0.3956034730721857 (1.27849e-08% change)
    iteration   24: trace = 0.3956034730543602 (4.50591e-09% change)
Finished solving for bands 1 to 6 after 24 iterations.
tefreqs:, 1, -0.09, 0.14, 0, 0.143178, 0.0645265, 0.148941, 0.171613, 0.300941, 0.322567, 0.381039
elapsed time for k point: 2.5012595653533936
total elapsed time for run: 2.535264730453491
done
Initializing eigensolver data
Computing 6 bands with 1e-10 tolerance
Working in 2 dimensions.
Grid size is 288 x 96 x 1.
Solving for 6 bands at a time.
Creating Maxwell data...
Mesh size is 3.
Lattice vectors:
     (3, 0, 0)
     (0, 1, 0)
     (0, 0, 1)
Cell volume = 3
Reciprocal lattice vectors (/ 2 pi):
     (0.333333, -0, 0)
     (-0, 1, -0)
     (0, -0, 1)
Geometric objects:
     block, center = (0,0,0)
          size (1e+20,1e+20,1)
          axes (1,0,0), (0,1,0), (0,0,1)
     prism, center = (-2.08167e-17,-1.38778e-17,0.5)
          height 1, axis (0,0,1), sidewall angle: 0 radians, 4 vertices:
          (0.25,0.25,0)
          (-0.25,0.25,0)
          (-0.25,-0.25,0)
          (0.25,-0.25,0)
     prism, center = (1,-1.38778e-17,0.5)
          height 1, axis (0,0,1), sidewall angle: 0 radians, 4 vertices:
          (1.25,0.25,0)
          (0.75,0.25,0)
          (0.75,-0.25,0)
          (1.25,-0.25,0)
     prism, center = (2,-1.38778e-17,0.5)
          height 1, axis (0,0,1), sidewall angle: 0 radians, 4 vertices:
          (2.25,0.25,0)
          (1.75,0.25,0)
          (1.75,-0.25,0)
          (2.25,-0.25,0)
Geometric object tree has depth 2 and 21 object nodes (vs. 4 actual objects)
Initializing epsilon function...
Allocating fields...
Solving for band polarization: te.
Initializing fields to random numbers...
1 k-points
  Vector3<-0.09, 0.14, 0.0>
elapsed time for initialization: 0.03586244583129883
solve_kpoint (-0.09,0.14,0):
tefreqs:, k index, k1, k2, k3, kmag/2pi, te band 1, te band 2, te band 3, te band 4, te band 5, te band 6
Solving for bands 1 to 6...
    near maximum in trace
    iteration    1: trace = 2.586016346548341 (199.645% change)
    iteration    2: trace = 0.6845249047802822 (116.28% change)
    iteration    3: trace = 0.465620509340436 (38.0655% change)
    iteration    4: trace = 0.427935069975347 (8.43494% change)
    iteration    5: trace = 0.4085344076935999 (4.6387% change)
    iteration    6: trace = 0.4025899555343175 (1.46573% change)
    iteration    7: trace = 0.3985421620663778 (1.01052% change)
    iteration    8: trace = 0.3968308614707232 (0.430314% change)
    iteration    9: trace = 0.3959353008613951 (0.225933% change)
    iteration   10: trace = 0.3957207351019059 (0.0542068% change)
    iteration   11: trace = 0.3956472150107228 (0.0185805% change)
    iteration   12: trace = 0.3956251442005152 (0.00557856% change)
    iteration   13: trace = 0.3956107183184807 (0.00364642% change)
    iteration   14: trace = 0.3956058666390759 (0.00122638% change)
    iteration   15: trace = 0.395604083137005 (0.000450829% change)
    iteration   16: trace = 0.3956036950998946 (9.80873e-05% change)
    iteration   17: trace = 0.3956035477039466 (3.72585e-05% change)
    iteration   18: trace = 0.3956035074990294 (1.01629e-05% change)
    iteration   19: trace = 0.3956034856321675 (5.52747e-06% change)
    iteration   20: trace = 0.395603476785755 (2.23618e-06% change)
    iteration   21: trace = 0.3956034738431186 (7.43835e-07% change)
    iteration   22: trace = 0.3956034732765112 (1.43226e-07% change)
    iteration   23: trace = 0.3956034731203433 (3.94759e-08% change)
    iteration   24: trace = 0.3956034730695273 (1.28452e-08% change)
    iteration   25: trace = 0.3956034730506978 (4.75969e-09% change)
Finished solving for bands 1 to 6 after 25 iterations.
tefreqs:, 1, -0.09, 0.14, 0, 0.143178, 0.0645265, 0.148941, 0.171613, 0.300941, 0.322567, 0.381039
elapsed time for k point: 2.4694197177886963
total elapsed time for run: 2.5053670406341553
done
Initializing eigensolver data
Computing 6 bands with 1e-10 tolerance
Working in 2 dimensions.
Grid size is 288 x 96 x 1.
Solving for 6 bands at a time.
Creating Maxwell data...
Mesh size is 3.
Lattice vectors:
     (3, 0, 0)
     (0, 1, 0)
     (0, 0, 1)
Cell volume = 3
Reciprocal lattice vectors (/ 2 pi):
     (0.333333, -0, 0)
     (-0, 1, -0)
     (0, -0, 1)
Geometric objects:
     block, center = (0,0,0)
          size (1e+20,1e+20,1)
          axes (1,0,0), (0,1,0), (0,0,1)
     prism, center = (0.01,0,0.5)
          height 1, axis (0,0,1), sidewall angle: 0 radians, 4 vertices:
          (-0.24,-0.25,0)
          (-0.24,0.25,0)
          (0.26,0.25,0)
          (0.26,-0.25,0)
     prism, center = (0.99,0,0.5)
          height 1, axis (0,0,1), sidewall angle: 0 radians, 4 vertices:
          (0.74,-0.25,0)
          (0.74,0.25,0)
          (1.24,0.25,0)
          (1.24,-0.25,0)
     prism, center = (2,0,0.5)
          height 1, axis (0,0,1), sidewall angle: 0 radians, 4 vertices:
          (1.75,-0.25,0)
          (1.75,0.25,0)
          (2.25,0.25,0)
          (2.25,-0.25,0)
Geometric object tree has depth 2 and 21 object nodes (vs. 4 actual objects)
Initializing epsilon function...
Allocating fields...
Solving for band polarization: te.
Initializing fields to random numbers...
1 k-points
  Vector3<-0.09, 0.14, 0.0>
elapsed time for initialization: 0.032178401947021484
solve_kpoint (-0.09,0.14,0):
tefreqs:, k index, k1, k2, k3, kmag/2pi, te band 1, te band 2, te band 3, te band 4, te band 5, te band 6
Solving for bands 1 to 6...
    near maximum in trace
    iteration    1: trace = 2.084255345173374 (199.714% change)
    iteration    2: trace = 0.6340456365140641 (106.7% change)
    iteration    3: trace = 0.4584789811232345 (32.1396% change)
    iteration    4: trace = 0.4323923286073912 (5.85644% change)
    iteration    5: trace = 0.4158012180301731 (3.9121% change)
    iteration    6: trace = 0.4101995611764734 (1.35633% change)
    iteration    7: trace = 0.4052991281113181 (1.20182% change)
    iteration    8: trace = 0.4008187059853449 (1.1116% change)
    iteration    9: trace = 0.397872100925438 (0.737859% change)
    iteration   10: trace = 0.3968620098242597 (0.254196% change)
    iteration   11: trace = 0.3965594238776679 (0.0762737% change)
    iteration   12: trace = 0.396481408665904 (0.019675% change)
    iteration   13: trace = 0.3964465164845844 (0.00880085% change)
    iteration   14: trace = 0.3964310328693584 (0.00390568% change)
    iteration   15: trace = 0.3964231245220455 (0.00199491% change)
    iteration   16: trace = 0.3964209446087301 (0.000549897% change)
    iteration   17: trace = 0.3964203072529752 (0.000160778% change)
    iteration   18: trace = 0.396420186438547 (3.04764e-05% change)
    iteration   19: trace = 0.3964201522360799 (8.62783e-06% change)
    iteration   20: trace = 0.3964201405810917 (2.94006e-06% change)
    iteration   21: trace = 0.3964201342302527 (1.60205e-06% change)
    iteration   22: trace = 0.3964201313387185 (7.29412e-07% change)
    iteration   23: trace = 0.3964201303914463 (2.38957e-07% change)
    iteration   24: trace = 0.3964201301530014 (6.01496e-08% change)
    iteration   25: trace = 0.3964201300893514 (1.60562e-08% change)
    iteration   26: trace = 0.3964201300612497 (7.08888e-09% change)
Finished solving for bands 1 to 6 after 26 iterations.
tefreqs:, 1, -0.09, 0.14, 0, 0.143178, 0.0645165, 0.149079, 0.171801, 0.301355, 0.323231, 0.381083
elapsed time for k point: 3.8558008670806885
total elapsed time for run: 3.8881049156188965
done
Initializing eigensolver data
Computing 6 bands with 1e-10 tolerance
Working in 2 dimensions.
Grid size is 288 x 96 x 1.
Solving for 6 bands at a time.
Creating Maxwell data...
Mesh size is 3.
Lattice vectors:
     (3, 0, 0)
     (0, 1, 0)
     (0, 0, 1)
Cell volume = 3
Reciprocal lattice vectors (/ 2 pi):
     (0.333333, -0, 0)
     (-0, 1, -0)
     (0, -0, 1)
Geometric objects:
     block, center = (0,0,0)
          size (1e+20,1e+20,1)
          axes (1,0,0), (0,1,0), (0,0,1)
     prism, center = (0.01,0,0.5)
          height 1, axis (0,0,1), sidewall angle: 0 radians, 4 vertices:
          (-0.24,-0.25,0)
          (-0.24,0.25,0)
          (0.26,0.25,0)
          (0.26,-0.25,0)
     prism, center = (0.99,0,0.5)
          height 1, axis (0,0,1), sidewall angle: 0 radians, 4 vertices:
          (0.74,-0.25,0)
          (0.74,0.25,0)
          (1.24,0.25,0)
          (1.24,-0.25,0)
     prism, center = (2,0,0.5)
          height 1, axis (0,0,1), sidewall angle: 0 radians, 4 vertices:
          (1.75,-0.25,0)
          (1.75,0.25,0)
          (2.25,0.25,0)
          (2.25,-0.25,0)
Geometric object tree has depth 2 and 21 object nodes (vs. 4 actual objects)
Initializing epsilon function...
Allocating fields...
Solving for band polarization: te.
Initializing fields to random numbers...
1 k-points
  Vector3<-0.09, 0.14, 0.0>
elapsed time for initialization: 0.03302145004272461
solve_kpoint (-0.09,0.14,0):
tefreqs:, k index, k1, k2, k3, kmag/2pi, te band 1, te band 2, te band 3, te band 4, te band 5, te band 6
Solving for bands 1 to 6...
    near maximum in trace
    iteration    1: trace = 2.15524097194173 (199.704% change)
    iteration    2: trace = 0.5362104862498451 (120.309% change)
    iteration    3: trace = 0.4535954273464614 (16.6932% change)
    iteration    4: trace = 0.4248284619544545 (6.54968% change)
    iteration    5: trace = 0.415768623416769 (2.15557% change)
    iteration    6: trace = 0.4103726425196444 (1.30631% change)
    iteration    7: trace = 0.406258102791974 (1.00769% change)
    iteration    8: trace = 0.4001392200266491 (1.51759% change)
    iteration    9: trace = 0.397885219588535 (0.564895% change)
    iteration   10: trace = 0.3968711903156278 (0.25518% change)
    iteration   11: trace = 0.3966158877023962 (0.0643495% change)
    iteration   12: trace = 0.3964854231390056 (0.0328998% change)
    iteration   13: trace = 0.3964459948078337 (0.00994495% change)
    iteration   14: trace = 0.396426831704083 (0.00483384% change)
    iteration   15: trace = 0.3964220024313864 (0.00121821% change)
    iteration   16: trace = 0.3964205831367312 (0.000358027% change)
    iteration   17: trace = 0.3964203008103785 (7.12189e-05% change)
    iteration   18: trace = 0.3964202033044658 (2.45966e-05% change)
    iteration   19: trace = 0.3964201636344886 (1.00071e-05% change)
    iteration   20: trace = 0.3964201416237328 (5.55238e-06% change)
    iteration   21: trace = 0.3964201336267839 (2.01729e-06% change)
    iteration   22: trace = 0.3964201309836654 (6.66747e-07% change)
    iteration   23: trace = 0.3964201303068935 (1.70721e-07% change)
    iteration   24: trace = 0.3964201301553577 (3.82261e-08% change)
    iteration   25: trace = 0.3964201300961398 (1.49382e-08% change)
    iteration   26: trace = 0.3964201300644281 (7.99953e-09% change)
Finished solving for bands 1 to 6 after 26 iterations.
tefreqs:, 1, -0.09, 0.14, 0, 0.143178, 0.0645165, 0.149079, 0.171801, 0.301355, 0.323231, 0.381083
elapsed time for k point: 2.3344085216522217
total elapsed time for run: 2.367521286010742
done
Initializing eigensolver data
Computing 6 bands with 1e-10 tolerance
Working in 2 dimensions.
Grid size is 288 x 96 x 1.
Solving for 6 bands at a time.
Creating Maxwell data...
Mesh size is 3.
Lattice vectors:
     (3, 0, 0)
     (0, 1, 0)
     (0, 0, 1)
Cell volume = 3
Reciprocal lattice vectors (/ 2 pi):
     (0.333333, -0, 0)
     (-0, 1, -0)
     (0, -0, 1)
Geometric objects:
     block, center = (0,0,0)
          size (1e+20,1e+20,1)
          axes (1,0,0), (0,1,0), (0,0,1)
     prism, center = (1.01,0,0.5)
          height 1, axis (0,0,1), sidewall angle: 0 radians, 4 vertices:
          (0.76,-0.25,0)
          (0.76,0.25,0)
          (1.26,0.25,0)
          (1.26,-0.25,0)
     prism, center = (2,0,0.5)
          height 1, axis (0,0,1), sidewall angle: 0 radians, 4 vertices:
          (1.75,-0.25,0)
          (1.75,0.25,0)
          (2.25,0.25,0)
          (2.25,-0.25,0)
     prism, center = (2.99,0,0.5)
          height 1, axis (0,0,1), sidewall angle: 0 radians, 4 vertices:
          (2.74,-0.25,0)
          (2.74,0.25,0)
          (3.24,0.25,0)
          (3.24,-0.25,0)
Geometric object tree has depth 2 and 21 object nodes (vs. 4 actual objects)
Initializing epsilon function...
Allocating fields...
Solving for band polarization: te.
Initializing fields to random numbers...
1 k-points
  Vector3<-0.09, 0.14, 0.0>
elapsed time for initialization: 0.030519962310791016
solve_kpoint (-0.09,0.14,0):
tefreqs:, k index, k1, k2, k3, kmag/2pi, te band 1, te band 2, te band 3, te band 4, te band 5, te band 6
Solving for bands 1 to 6...
    near maximum in trace
    iteration    1: trace = 2.011432953244524 (199.725% change)
    iteration    2: trace = 0.5059433445024517 (119.608% change)
    iteration    3: trace = 0.4373633977406554 (14.5403% change)
    iteration    4: trace = 0.415787281126503 (5.05798% change)
    iteration    5: trace = 0.407659751511895 (1.97403% change)
    iteration    6: trace = 0.4020842878949664 (1.37709% change)
    iteration    7: trace = 0.3990753620931524 (0.751143% change)
    iteration    8: trace = 0.3970865545378383 (0.499599% change)
    iteration    9: trace = 0.3965955889134098 (0.123718% change)
    iteration   10: trace = 0.3964625868116086 (0.0335416% change)
    iteration   11: trace = 0.3964338202588156 (0.00725607% change)
    iteration   12: trace = 0.3964211417462363 (0.00319819% change)
    iteration   13: trace = 0.3964148344146743 (0.00159108% change)
    iteration   14: trace = 0.3964121263010328 (0.000683154% change)
    iteration   15: trace = 0.3964112633871238 (0.000217681% change)
    iteration   16: trace = 0.3964109928521496 (6.82461e-05% change)
    iteration   17: trace = 0.3964108886086596 (2.62968e-05% change)
    iteration   18: trace = 0.3964108427140928 (1.15775e-05% change)
    iteration   19: trace = 0.3964108228836243 (5.0025e-06% change)
    iteration   20: trace = 0.3964108165101382 (1.6078e-06% change)
    iteration   21: trace = 0.3964108145918014 (4.83926e-07% change)
    iteration   22: trace = 0.3964108142125964 (9.56596e-08% change)
    iteration   23: trace = 0.3964108141071054 (2.66115e-08% change)
    iteration   24: trace = 0.3964108140860347 (5.31537e-09% change)
Finished solving for bands 1 to 6 after 24 iterations.
tefreqs:, 1, -0.09, 0.14, 0, 0.143178, 0.0645162, 0.149079, 0.1718, 0.301326, 0.323274, 0.381058
elapsed time for k point: 2.937023401260376
total elapsed time for run: 2.967641830444336
done
Initializing eigensolver data
Computing 6 bands with 1e-10 tolerance
Working in 2 dimensions.
Grid size is 288 x 96 x 1.
Solving for 6 bands at a time.
Creating Maxwell data...
Mesh size is 3.
Lattice vectors:
     (3, 0, 0)
     (0, 1, 0)
     (0, 0, 1)
Cell volume = 3
Reciprocal lattice vectors (/ 2 pi):
     (0.333333, -0, 0)
     (-0, 1, -0)
     (0, -0, 1)
Geometric objects:
     block, center = (0,0,0)
          size (1e+20,1e+20,1)
          axes (1,0,0), (0,1,0), (0,0,1)
     prism, center = (1.01,0,0.5)
          height 1, axis (0,0,1), sidewall angle: 0 radians, 4 vertices:
          (0.76,-0.25,0)
          (0.76,0.25,0)
          (1.26,0.25,0)
          (1.26,-0.25,0)
     prism, center = (2,0,0.5)
          height 1, axis (0,0,1), sidewall angle: 0 radians, 4 vertices:
          (1.75,-0.25,0)
          (1.75,0.25,0)
          (2.25,0.25,0)
          (2.25,-0.25,0)
     prism, center = (2.99,0,0.5)
          height 1, axis (0,0,1), sidewall angle: 0 radians, 4 vertices:
          (2.74,-0.25,0)
          (2.74,0.25,0)
          (3.24,0.25,0)
          (3.24,-0.25,0)
Geometric object tree has depth 2 and 21 object nodes (vs. 4 actual objects)
Initializing epsilon function...
Allocating fields...
Solving for band polarization: te.
Initializing fields to random numbers...
1 k-points
  Vector3<-0.09, 0.14, 0.0>
elapsed time for initialization: 0.03211545944213867
solve_kpoint (-0.09,0.14,0):
tefreqs:, k index, k1, k2, k3, kmag/2pi, te band 1, te band 2, te band 3, te band 4, te band 5, te band 6
Solving for bands 1 to 6...
    near maximum in trace
    iteration    1: trace = 2.196080773719399 (199.697% change)
    iteration    2: trace = 0.553163668124328 (119.518% change)
    iteration    3: trace = 0.4667351693823645 (16.9484% change)
    iteration    4: trace = 0.4288612850731233 (8.4578% change)
    iteration    5: trace = 0.4134224593833213 (3.66594% change)
    iteration    6: trace = 0.4053920261320008 (1.96148% change)
    iteration    7: trace = 0.4013267328979063 (1.00786% change)
    iteration    8: trace = 0.3982663696022771 (0.76548% change)
    iteration    9: trace = 0.3971133685060169 (0.289925% change)
    iteration   10: trace = 0.3966143125630989 (0.12575% change)
    iteration   11: trace = 0.3964888930891535 (0.0316275% change)
    iteration   12: trace = 0.3964418182089099 (0.0118736% change)
    iteration   13: trace = 0.3964250200477017 (0.00423732% change)
    iteration   14: trace = 0.3964161338157732 (0.00224162% change)
    iteration   15: trace = 0.3964126397383944 (0.00088142% change)
    iteration   16: trace = 0.3964113039673725 (0.000336965% change)
    iteration   17: trace = 0.3964109682329933 (8.46935e-05% change)
    iteration   18: trace = 0.3964108797039753 (2.23326e-05% change)
    iteration   19: trace = 0.3964108436707567 (9.08987e-06% change)
    iteration   20: trace = 0.3964108237239948 (5.03184e-06% change)
    iteration   21: trace = 0.3964108159814818 (1.95315e-06% change)
    iteration   22: trace = 0.3964108144588122 (3.84114e-07% change)
    iteration   23: trace = 0.3964108141405913 (8.02755e-08% change)
    iteration   24: trace = 0.3964108140925798 (1.21115e-08% change)
    iteration   25: trace = 0.3964108140797722 (3.23087e-09% change)
Finished solving for bands 1 to 6 after 25 iterations.
tefreqs:, 1, -0.09, 0.14, 0, 0.143178, 0.0645162, 0.149079, 0.1718, 0.301326, 0.323274, 0.381058
elapsed time for k point: 2.311979055404663
total elapsed time for run: 2.344172716140747
done
Initializing eigensolver data
Computing 6 bands with 1e-10 tolerance
Working in 2 dimensions.
Grid size is 288 x 96 x 1.
Solving for 6 bands at a time.
Creating Maxwell data...
Mesh size is 3.
Lattice vectors:
     (3, 0, 0)
     (0, 1, 0)
     (0, 0, 1)
Cell volume = 3
Reciprocal lattice vectors (/ 2 pi):
     (0.333333, -0, 0)
     (-0, 1, -0)
     (0, -0, 1)
Geometric objects:
     block, center = (0,0,0)
          size (1e+20,1e+20,1)
          axes (1,0,0), (0,1,0), (0,0,1)
     prism, center = (2,0,0.5)
          height 1, axis (0,0,1), sidewall angle: 0 radians, 4 vertices:
          (1.75,-0.25,0)
          (1.75,0.25,0)
          (2.25,0.25,0)
          (2.25,-0.25,0)
     prism, center = (0.99,0,0.5)
          height 1, axis (0,0,1), sidewall angle: 0 radians, 4 vertices:
          (0.74,-0.25,0)
          (0.74,0.25,0)
          (1.24,0.25,0)
          (1.24,-0.25,0)
     prism, center = (0.01,0,0.5)
          height 1, axis (0,0,1), sidewall angle: 0 radians, 4 vertices:
          (-0.24,-0.25,0)
          (-0.24,0.25,0)
          (0.26,0.25,0)
          (0.26,-0.25,0)
Geometric object tree has depth 2 and 21 object nodes (vs. 4 actual objects)
Initializing epsilon function...
Allocating fields...
Solving for band polarization: te.
Initializing fields to random numbers...
1 k-points
  Vector3<-0.09, 0.14, 0.0>
elapsed time for initialization: 0.03528141975402832
solve_kpoint (-0.09,0.14,0):
tefreqs:, k index, k1, k2, k3, kmag/2pi, te band 1, te band 2, te band 3, te band 4, te band 5, te band 6
Solving for bands 1 to 6...
    near maximum in trace
    iteration    1: trace = 2.065198220418052 (199.716% change)
    iteration    2: trace = 0.5768019237142077 (112.672% change)
    iteration    3: trace = 0.4330339172561838 (28.4735% change)
    iteration    4: trace = 0.4170290417719833 (3.76557% change)
    iteration    5: trace = 0.4081554443607365 (2.15069% change)
    iteration    6: trace = 0.4042331860740396 (0.965611% change)
    iteration    7: trace = 0.3998289883029922 (1.09549% change)
    iteration    8: trace = 0.3976820397884938 (0.538412% change)
    iteration    9: trace = 0.3967196423261719 (0.242295% change)
    iteration   10: trace = 0.3965353009720866 (0.0464772% change)
    iteration   11: trace = 0.3964645245929006 (0.0178503% change)
    iteration   12: trace = 0.3964400119422794 (0.006183% change)
    iteration   13: trace = 0.3964266827797177 (0.00336227% change)
    iteration   14: trace = 0.3964224552398192 (0.00106642% change)
    iteration   15: trace = 0.3964207227647463 (0.000437028% change)
    iteration   16: trace = 0.3964203136928281 (0.000103191% change)
    iteration   17: trace = 0.3964201908405457 (3.09904e-05% change)
    iteration   18: trace = 0.3964201569600755 (8.54661e-06% change)
    iteration   19: trace = 0.3964201400479153 (4.26622e-06% change)
    iteration   20: trace = 0.3964201332450886 (1.71606e-06% change)
    iteration   21: trace = 0.3964201308444681 (6.05575e-07% change)
    iteration   22: trace = 0.3964201302884021 (1.40272e-07% change)
    iteration   23: trace = 0.3964201301418876 (3.69594e-08% change)
    iteration   24: trace = 0.396420130090701 (1.29122e-08% change)
    iteration   25: trace = 0.396420130063081 (6.96736e-09% change)
Finished solving for bands 1 to 6 after 25 iterations.
tefreqs:, 1, -0.09, 0.14, 0, 0.143178, 0.0645165, 0.149079, 0.171801, 0.301355, 0.323231, 0.381083
elapsed time for k point: 3.226243019104004
total elapsed time for run: 3.2616124153137207
done
Initializing eigensolver data
Computing 6 bands with 1e-10 tolerance
Working in 2 dimensions.
Grid size is 288 x 96 x 1.
Solving for 6 bands at a time.
Creating Maxwell data...
Mesh size is 3.
Lattice vectors:
     (3, 0, 0)
     (0, 1, 0)
     (0, 0, 1)
Cell volume = 3
Reciprocal lattice vectors (/ 2 pi):
     (0.333333, -0, 0)
     (-0, 1, -0)
     (0, -0, 1)
Geometric objects:
     block, center = (0,0,0)
          size (1e+20,1e+20,1)
          axes (1,0,0), (0,1,0), (0,0,1)
     prism, center = (2,0,0.5)
          height 1, axis (0,0,1), sidewall angle: 0 radians, 4 vertices:
          (1.75,-0.25,0)
          (1.75,0.25,0)
          (2.25,0.25,0)
          (2.25,-0.25,0)
     prism, center = (1,0,0.5)
          height 1, axis (0,0,1), sidewall angle: 0 radians, 4 vertices:
          (0.75,-0.25,0)
          (0.75,0.25,0)
          (1.25,0.25,0)
          (1.25,-0.25,0)
     prism, center = (0.01,0,0.5)
          height 1, axis (0,0,1), sidewall angle: 0 radians, 4 vertices:
          (-0.24,-0.25,0)
          (-0.24,0.25,0)
          (0.26,0.25,0)
          (0.26,-0.25,0)
Geometric object tree has depth 2 and 21 object nodes (vs. 4 actual objects)
Initializing epsilon function...
Allocating fields...
Solving for band polarization: te.
Initializing fields to random numbers...
1 k-points
  Vector3<-0.09, 0.14, 0.0>
elapsed time for initialization: 0.06576347351074219
solve_kpoint (-0.09,0.14,0):
tefreqs:, k index, k1, k2, k3, kmag/2pi, te band 1, te band 2, te band 3, te band 4, te band 5, te band 6
Solving for bands 1 to 6...
    near maximum in trace
    iteration    1: trace = 2.339887750181732 (199.68% change)
    iteration    2: trace = 0.4936171483318905 (130.317% change)
    iteration    3: trace = 0.4255100909098762 (14.8199% change)
    iteration    4: trace = 0.406791239303088 (4.49809% change)
    iteration    5: trace = 0.4013398442606333 (1.34914% change)
    iteration    6: trace = 0.398607865345082 (0.683039% change)
    iteration    7: trace = 0.397581671863727 (0.257776% change)
    iteration    8: trace = 0.3969011245720462 (0.171318% change)
    iteration    9: trace = 0.3967286083338563 (0.0434752% change)
    iteration   10: trace = 0.3966693821140483 (0.0149298% change)
    iteration   11: trace = 0.3966521205579615 (0.00435172% change)
    iteration   12: trace = 0.3966405230194269 (0.0029239% change)
    iteration   13: trace = 0.3966360290471481 (0.00113302% change)
    iteration   14: trace = 0.3966344461470246 (0.000399082% change)
    iteration   15: trace = 0.3966341582679431 (7.25805e-05% change)
    iteration   16: trace = 0.3966340894206314 (1.73579e-05% change)
    iteration   17: trace = 0.3966340729937083 (4.14158e-06% change)
    iteration   18: trace = 0.3966340672072808 (1.45888e-06% change)
    iteration   19: trace = 0.3966340646586026 (6.42577e-07% change)
    iteration   20: trace = 0.3966340633949064 (3.18605e-07% change)
    iteration   21: trace = 0.3966340629584411 (1.10042e-07% change)
    iteration   22: trace = 0.396634062863073 (2.40443e-08% change)
    iteration   23: trace = 0.3966340628411357 (5.53088e-09% change)
Finished solving for bands 1 to 6 after 23 iterations.
tefreqs:, 1, -0.09, 0.14, 0, 0.143178, 0.0645454, 0.149097, 0.171791, 0.301502, 0.323214, 0.381254
elapsed time for k point: 2.3884623050689697
total elapsed time for run: 2.454324722290039
done
Initializing eigensolver data
Computing 6 bands with 1e-10 tolerance
Working in 2 dimensions.
Grid size is 336 x 112 x 1.
Solving for 6 bands at a time.
Creating Maxwell data...
Mesh size is 3.
Lattice vectors:
     (3, 0, 0)
     (0, 1, 0)
     (0, 0, 1)
Cell volume = 3
Reciprocal lattice vectors (/ 2 pi):
     (0.333333, -0, 0)
     (-0, 1, -0)
     (0, -0, 1)
Geometric objects:
     block, center = (0,0,0)
          size (1e+20,1e+20,1)
          axes (1,0,0), (0,1,0), (0,0,1)
     prism, center = (-2.08167e-17,-1.38778e-17,0.5)
          height 1, axis (0,0,1), sidewall angle: 0 radians, 4 vertices:
          (0.25,0.25,0)
          (-0.25,0.25,0)
          (-0.25,-0.25,0)
          (0.25,-0.25,0)
     prism, center = (1,-1.38778e-17,0.5)
          height 1, axis (0,0,1), sidewall angle: 0 radians, 4 vertices:
          (1.25,0.25,0)
          (0.75,0.25,0)
          (0.75,-0.25,0)
          (1.25,-0.25,0)
     prism, center = (2,-1.38778e-17,0.5)
          height 1, axis (0,0,1), sidewall angle: 0 radians, 4 vertices:
          (2.25,0.25,0)
          (1.75,0.25,0)
          (1.75,-0.25,0)
          (2.25,-0.25,0)
Geometric object tree has depth 2 and 21 object nodes (vs. 4 actual objects)
Initializing epsilon function...
Allocating fields...
Solving for band polarization: te.
Initializing fields to random numbers...
1 k-points
  Vector3<-0.09, 0.14, 0.0>
elapsed time for initialization: 0.06396913528442383
solve_kpoint (-0.09,0.14,0):
tefreqs:, k index, k1, k2, k3, kmag/2pi, te band 1, te band 2, te band 3, te band 4, te band 5, te band 6
Solving for bands 1 to 6...
    near maximum in trace
    iteration    1: trace = 1.806342843988944 (199.817% change)
    iteration    2: trace = 0.4807432407385345 (115.92% change)
    iteration    3: trace = 0.4279776169066818 (11.6132% change)
    iteration    4: trace = 0.4077189274505484 (4.84834% change)
    iteration    5: trace = 0.4020192968695655 (1.40777% change)
    iteration    6: trace = 0.3985617284496617 (0.863765% change)
    iteration    7: trace = 0.3970867584369234 (0.370759% change)
    iteration    8: trace = 0.3960653902121823 (0.257547% change)
    iteration    9: trace = 0.3958475092034074 (0.0550265% change)
    iteration   10: trace = 0.3957694532215901 (0.0197206% change)
    iteration   11: trace = 0.3957549372312342 (0.00366786% change)
    iteration   12: trace = 0.3957477815266417 (0.00180813% change)
    iteration   13: trace = 0.3957447155834745 (0.000774725% change)
    iteration   14: trace = 0.3957429657759463 (0.000442157% change)
    iteration   15: trace = 0.3957424859748336 (0.000121241% change)
    iteration   16: trace = 0.3957423161925372 (4.29022e-05% change)
    iteration   17: trace = 0.395742275587403 (1.02605e-05% change)
    iteration   18: trace = 0.3957422632575056 (3.11564e-06% change)
    iteration   19: trace = 0.395742258870872 (1.10846e-06% change)
    iteration   20: trace = 0.3957422567338005 (5.40016e-07% change)
    iteration   21: trace = 0.395742255989959 (1.87961e-07% change)
    iteration   22: trace = 0.395742255816172 (4.39142e-08% change)
    iteration   23: trace = 0.3957422557753425 (1.03172e-08% change)
    iteration   24: trace = 0.3957422557684381 (1.74466e-09% change)
Finished solving for bands 1 to 6 after 24 iterations.
tefreqs:, 1, -0.09, 0.14, 0, 0.143178, 0.0645309, 0.148962, 0.171635, 0.301023, 0.322646, 0.38107
elapsed time for k point: 3.192779779434204
total elapsed time for run: 3.256833791732788
done
Initializing eigensolver data
Computing 6 bands with 1e-10 tolerance
Working in 2 dimensions.
Grid size is 336 x 112 x 1.
Solving for 6 bands at a time.
Creating Maxwell data...
Mesh size is 3.
Lattice vectors:
     (3, 0, 0)
     (0, 1, 0)
     (0, 0, 1)
Cell volume = 3
Reciprocal lattice vectors (/ 2 pi):
     (0.333333, -0, 0)
     (-0, 1, -0)
     (0, -0, 1)
Geometric objects:
     block, center = (0,0,0)
          size (1e+20,1e+20,1)
          axes (1,0,0), (0,1,0), (0,0,1)
     prism, center = (0.00669643,-1.38778e-17,0.5)
          height 1, axis (0,0,1), sidewall angle: 0 radians, 4 vertices:
          (0.256696,0.25,0)
          (-0.243304,0.25,0)
          (-0.243304,-0.25,0)
          (0.256696,-0.25,0)
     prism, center = (1.0067,-1.38778e-17,0.5)
          height 1, axis (0,0,1), sidewall angle: 0 radians, 4 vertices:
          (1.2567,0.25,0)
          (0.756696,0.25,0)
          (0.756696,-0.25,0)
          (1.2567,-0.25,0)
     prism, center = (2.0067,-1.38778e-17,0.5)
          height 1, axis (0,0,1), sidewall angle: 0 radians, 4 vertices:
          (2.2567,0.25,0)
          (1.7567,0.25,0)
          (1.7567,-0.25,0)
          (2.2567,-0.25,0)
Geometric object tree has depth 2 and 21 object nodes (vs. 4 actual objects)
Initializing epsilon function...
Allocating fields...
Solving for band polarization: te.
Initializing fields to random numbers...
1 k-points
  Vector3<-0.09, 0.14, 0.0>
elapsed time for initialization: 0.04360246658325195
solve_kpoint (-0.09,0.14,0):
tefreqs:, k index, k1, k2, k3, kmag/2pi, te band 1, te band 2, te band 3, te band 4, te band 5, te band 6
Solving for bands 1 to 6...
    near maximum in trace
    iteration    1: trace = 2.701087106655038 (199.725% change)
    iteration    2: trace = 0.6440593802726584 (122.986% change)
    iteration    3: trace = 0.452625474481501 (34.9114% change)
    iteration    4: trace = 0.4203953153924621 (7.38359% change)
    iteration    5: trace = 0.4065765364020021 (3.34202% change)
    iteration    6: trace = 0.401899344920677 (1.15704% change)
    iteration    7: trace = 0.3981265784831178 (0.943161% change)
    iteration    8: trace = 0.3964500066648532 (0.422004% change)
    iteration    9: trace = 0.3956268595450077 (0.207845% change)
    iteration   10: trace = 0.3954535645369597 (0.0438122% change)
    iteration   11: trace = 0.3953987312216698 (0.0138669% change)
    iteration   12: trace = 0.3953863790314835 (0.00312403% change)
    iteration   13: trace = 0.3953777764954387 (0.00217575% change)
    iteration   14: trace = 0.3953738719536771 (0.000987552% change)
    iteration   15: trace = 0.3953723237960625 (0.000391569% change)
    iteration   16: trace = 0.3953720290803817 (7.45413e-05% change)
    iteration   17: trace = 0.3953719407976256 (2.2329e-05% change)
    iteration   18: trace = 0.3953719181106852 (5.73813e-06% change)
    iteration   19: trace = 0.3953719092376721 (2.24422e-06% change)
    iteration   20: trace = 0.3953719054453254 (9.59185e-07% change)
    iteration   21: trace = 0.3953719038720152 (3.97932e-07% change)
    iteration   22: trace = 0.3953719034710538 (1.01414e-07% change)
    iteration   23: trace = 0.395371903392543 (1.98574e-08% change)
    iteration   24: trace = 0.3953719033710439 (5.4377e-09% change)
Finished solving for bands 1 to 6 after 24 iterations.
tefreqs:, 1, -0.09, 0.14, 0, 0.143178, 0.0644867, 0.148931, 0.171607, 0.300933, 0.32255, 0.380769
elapsed time for k point: 2.758120536804199
total elapsed time for run: 2.801809787750244
done
Initializing eigensolver data
Computing 6 bands with 1e-10 tolerance
Working in 2 dimensions.
Grid size is 336 x 112 x 1.
Solving for 6 bands at a time.
Creating Maxwell data...
Mesh size is 3.
Lattice vectors:
     (3, 0, 0)
     (0, 1, 0)
     (0, 0, 1)
Cell volume = 3
Reciprocal lattice vectors (/ 2 pi):
     (0.333333, -0, 0)
     (-0, 1, -0)
     (0, -0, 1)
Geometric objects:
     block, center = (0,0,0)
          size (1e+20,1e+20,1)
          axes (1,0,0), (0,1,0), (0,0,1)
     prism, center = (0.0133929,-1.38778e-17,0.5)
          height 1, axis (0,0,1), sidewall angle: 0 radians, 4 vertices:
          (0.263393,0.25,0)
          (-0.236607,0.25,0)
          (-0.236607,-0.25,0)
          (0.263393,-0.25,0)
     prism, center = (1.01339,-1.38778e-17,0.5)
          height 1, axis (0,0,1), sidewall angle: 0 radians, 4 vertices:
          (1.26339,0.25,0)
          (0.763393,0.25,0)
          (0.763393,-0.25,0)
          (1.26339,-0.25,0)
     prism, center = (2.01339,-1.38778e-17,0.5)
          height 1, axis (0,0,1), sidewall angle: 0 radians, 4 vertices:
          (2.26339,0.25,0)
          (1.76339,0.25,0)
          (1.76339,-0.25,0)
          (2.26339,-0.25,0)
Geometric object tree has depth 2 and 21 object nodes (vs. 4 actual objects)
Initializing epsilon function...
Allocating fields...
Solving for band polarization: te.
Initializing fields to random numbers...
1 k-points
  Vector3<-0.09, 0.14, 0.0>
elapsed time for initialization: 0.04786229133605957
solve_kpoint (-0.09,0.14,0):
tefreqs:, k index, k1, k2, k3, kmag/2pi, te band 1, te band 2, te band 3, te band 4, te band 5, te band 6
Solving for bands 1 to 6...
    near maximum in trace
    iteration    1: trace = 2.211419875876131 (199.777% change)
    iteration    2: trace = 0.6173717869952567 (112.702% change)
    iteration    3: trace = 0.4478548475343263 (31.8274% change)
    iteration    4: trace = 0.4201708978784707 (6.3786% change)
    iteration    5: trace = 0.4052790098043255 (3.60819% change)
    iteration    6: trace = 0.4012376428959817 (1.00218% change)
    iteration    7: trace = 0.3983044546906557 (0.733717% change)
    iteration    8: trace = 0.3970296320863039 (0.320575% change)
    iteration    9: trace = 0.3961587266640093 (0.219596% change)
    iteration   10: trace = 0.3959320822869307 (0.0572269% change)
    iteration   11: trace = 0.3958249536454804 (0.027061% change)
    iteration   12: trace = 0.3958021096939715 (0.00577139% change)
    iteration   13: trace = 0.3957908289635433 (0.00285013% change)
    iteration   14: trace = 0.3957864405228107 (0.00110878% change)
    iteration   15: trace = 0.395783951347884 (0.000628921% change)
    iteration   16: trace = 0.3957833490125443 (0.000152188% change)
    iteration   17: trace = 0.3957831716017907 (4.48252e-05% change)
    iteration   18: trace = 0.395783130295277 (1.04367e-05% change)
    iteration   19: trace = 0.3957831167315922 (3.42705e-06% change)
    iteration   20: trace = 0.3957831108876099 (1.47656e-06% change)
    iteration   21: trace = 0.395783107860794 (7.64766e-07% change)
    iteration   22: trace = 0.3957831067047661 (2.92086e-07% change)
    iteration   23: trace = 0.3957831064244877 (7.08162e-08% change)
    iteration   24: trace = 0.3957831063538656 (1.78436e-08% change)
    iteration   25: trace = 0.3957831063386409 (3.84673e-09% change)
Finished solving for bands 1 to 6 after 25 iterations.
tefreqs:, 1, -0.09, 0.14, 0, 0.143178, 0.0645422, 0.148966, 0.171639, 0.301029, 0.322649, 0.381111
elapsed time for k point: 2.9700875282287598
total elapsed time for run: 3.0180370807647705
done
Initializing eigensolver data
Computing 6 bands with 1e-10 tolerance
Working in 2 dimensions.
Grid size is 336 x 112 x 1.
Solving for 6 bands at a time.
Creating Maxwell data...
Mesh size is 3.
Lattice vectors:
     (3, 0, 0)
     (0, 1, 0)
     (0, 0, 1)
Cell volume = 3
Reciprocal lattice vectors (/ 2 pi):
     (0.333333, -0, 0)
     (-0, 1, -0)
     (0, -0, 1)
Geometric objects:
     block, center = (0,0,0)
          size (1e+20,1e+20,1)
          axes (1,0,0), (0,1,0), (0,0,1)
     prism, center = (0.0200893,-1.38778e-17,0.5)
          height 1, axis (0,0,1), sidewall angle: 0 radians, 4 vertices:
          (0.270089,0.25,0)
          (-0.229911,0.25,0)
          (-0.229911,-0.25,0)
          (0.270089,-0.25,0)
     prism, center = (1.02009,-1.38778e-17,0.5)
          height 1, axis (0,0,1), sidewall angle: 0 radians, 4 vertices:
          (1.27009,0.25,0)
          (0.770089,0.25,0)
          (0.770089,-0.25,0)
          (1.27009,-0.25,0)
     prism, center = (2.02009,-1.38778e-17,0.5)
          height 1, axis (0,0,1), sidewall angle: 0 radians, 4 vertices:
          (2.27009,0.25,0)
          (1.77009,0.25,0)
          (1.77009,-0.25,0)
          (2.27009,-0.25,0)
Geometric object tree has depth 2 and 21 object nodes (vs. 4 actual objects)
Initializing epsilon function...
Allocating fields...
Solving for band polarization: te.
Initializing fields to random numbers...
1 k-points
  Vector3<-0.09, 0.14, 0.0>
elapsed time for initialization: 0.04579043388366699
solve_kpoint (-0.09,0.14,0):
tefreqs:, k index, k1, k2, k3, kmag/2pi, te band 1, te band 2, te band 3, te band 4, te band 5, te band 6
Solving for bands 1 to 6...
    near maximum in trace
    iteration    1: trace = 2.068379810237106 (199.79% change)
    iteration    2: trace = 0.5123052055417771 (120.594% change)
    iteration    3: trace = 0.4273214148179027 (18.0888% change)
    iteration    4: trace = 0.4048432481799782 (5.40234% change)
    iteration    5: trace = 0.3995287287203989 (1.32141% change)
    iteration    6: trace = 0.3972548014554291 (0.570777% change)
    iteration    7: trace = 0.3963529307153003 (0.227284% change)
    iteration    8: trace = 0.3956927627308126 (0.166699% change)
    iteration    9: trace = 0.3954615689451114 (0.0584447% change)
    iteration   10: trace = 0.3953801204058811 (0.0205979% change)
    iteration   11: trace = 0.3953641769157535 (0.00403253% change)
    iteration   12: trace = 0.3953590107664546 (0.00130669% change)
    iteration   13: trace = 0.3953572385323486 (0.00044826% change)
    iteration   14: trace = 0.3953562266054709 (0.000255953% change)
    iteration   15: trace = 0.3953558738686104 (8.922e-05% change)
    iteration   16: trace = 0.3953557431317056 (3.30682e-05% change)
    iteration   17: trace = 0.3953557112325354 (8.06847e-06% change)
    iteration   18: trace = 0.3953557025791428 (2.18876e-06% change)
    iteration   19: trace = 0.3953557003916451 (5.53299e-07% change)
    iteration   20: trace = 0.3953556995529195 (2.12145e-07% change)
    iteration   21: trace = 0.3953556991409004 (1.04215e-07% change)
    iteration   22: trace = 0.3953556990098138 (3.31566e-08% change)
    iteration   23: trace = 0.3953556989751934 (8.75676e-09% change)
Finished solving for bands 1 to 6 after 23 iterations.
tefreqs:, 1, -0.09, 0.14, 0, 0.143178, 0.0644857, 0.14893, 0.171603, 0.300927, 0.322541, 0.380762
elapsed time for k point: 2.660104513168335
total elapsed time for run: 2.705983877182007
done
Initializing eigensolver data
Computing 6 bands with 1e-10 tolerance
Working in 2 dimensions.
Grid size is 336 x 112 x 1.
Solving for 6 bands at a time.
Creating Maxwell data...
Mesh size is 3.
Lattice vectors:
     (3, 0, 0)
     (0, 1, 0)
     (0, 0, 1)
Cell volume = 3
Reciprocal lattice vectors (/ 2 pi):
     (0.333333, -0, 0)
     (-0, 1, -0)
     (0, -0, 1)
Geometric objects:
     block, center = (0,0,0)
          size (1e+20,1e+20,1)
          axes (1,0,0), (0,1,0), (0,0,1)
     prism, center = (0.005,0,0.5)
          height 1, axis (0,0,1), sidewall angle: 0 radians, 4 vertices:
          (-0.245,-0.25,0)
          (-0.245,0.25,0)
          (0.255,0.25,0)
          (0.255,-0.25,0)
     prism, center = (0.995,0,0.5)
          height 1, axis (0,0,1), sidewall angle: 0 radians, 4 vertices:
          (0.745,-0.25,0)
          (0.745,0.25,0)
          (1.245,0.25,0)
          (1.245,-0.25,0)
     prism, center = (2,0,0.5)
          height 1, axis (0,0,1), sidewall angle: 0 radians, 4 vertices:
          (1.75,-0.25,0)
          (1.75,0.25,0)
          (2.25,0.25,0)
          (2.25,-0.25,0)
Geometric object tree has depth 2 and 21 object nodes (vs. 4 actual objects)
Initializing epsilon function...
Allocating fields...
Solving for band polarization: te.
Initializing fields to random numbers...
1 k-points
  Vector3<-0.09, 0.14, 0.0>
elapsed time for initialization: 0.08350014686584473
solve_kpoint (-0.09,0.14,0):
tefreqs:, k index, k1, k2, k3, kmag/2pi, te band 1, te band 2, te band 3, te band 4, te band 5, te band 6
Solving for bands 1 to 6...
    near maximum in trace
    iteration    1: trace = 2.246401699235108 (199.773% change)
    iteration    2: trace = 0.5180095382715475 (125.046% change)
    iteration    3: trace = 0.4349513167494014 (17.4316% change)
    iteration    4: trace = 0.4071627487221362 (6.59972% change)
    iteration    5: trace = 0.4000841808122193 (1.75376% change)
    iteration    6: trace = 0.3978598022810868 (0.557527% change)
    iteration    7: trace = 0.3972818934082136 (0.14536% change)
    iteration    8: trace = 0.3968917582166172 (0.0982493% change)
    iteration    9: trace = 0.396709116961024 (0.0460285% change)
    iteration   10: trace = 0.396624532707212 (0.0213238% change)
    iteration   11: trace = 0.3966037053372738 (0.00525129% change)
    iteration   12: trace = 0.3965981571186357 (0.00139894% change)
    iteration   13: trace = 0.3965966208201099 (0.00038737% change)
    iteration   14: trace = 0.3965959261816629 (0.00017515% change)
    iteration   15: trace = 0.3965955947166223 (8.35776e-05% change)
    iteration   16: trace = 0.3965954761835357 (2.98877e-05% change)
    iteration   17: trace = 0.3965954458382917 (7.65144e-06% change)
    iteration   18: trace = 0.3965954396506234 (1.5602e-06% change)
    iteration   19: trace = 0.3965954375119257 (5.39264e-07% change)
    iteration   20: trace = 0.3965954367509195 (1.91885e-07% change)
    iteration   21: trace = 0.3965954363450376 (1.02342e-07% change)
    iteration   22: trace = 0.3965954362186832 (3.18598e-08% change)
    iteration   23: trace = 0.3965954361758496 (1.08003e-08% change)
    iteration   24: trace = 0.3965954361663856 (2.38631e-09% change)
Finished solving for bands 1 to 6 after 24 iterations.
tefreqs:, 1, -0.09, 0.14, 0, 0.143178, 0.0645466, 0.149094, 0.171783, 0.3015, 0.323179, 0.38124
elapsed time for k point: 2.686170816421509
total elapsed time for run: 2.7697653770446777
done
Initializing eigensolver data
Computing 6 bands with 1e-10 tolerance
Working in 2 dimensions.
Grid size is 336 x 112 x 1.
Solving for 6 bands at a time.
Creating Maxwell data...
Mesh size is 3.
Lattice vectors:
     (3, 0, 0)
     (0, 1, 0)
     (0, 0, 1)
Cell volume = 3
Reciprocal lattice vectors (/ 2 pi):
     (0.333333, -0, 0)
     (-0, 1, -0)
     (0, -0, 1)
Geometric objects:
     block, center = (0,0,0)
          size (1e+20,1e+20,1)
          axes (1,0,0), (0,1,0), (0,0,1)
     prism, center = (1.005,0,0.5)
          height 1, axis (0,0,1), sidewall angle: 0 radians, 4 vertices:
          (0.755,-0.25,0)
          (0.755,0.25,0)
          (1.255,0.25,0)
          (1.255,-0.25,0)
     prism, center = (2,0,0.5)
          height 1, axis (0,0,1), sidewall angle: 0 radians, 4 vertices:
          (1.75,-0.25,0)
          (1.75,0.25,0)
          (2.25,0.25,0)
          (2.25,-0.25,0)
     prism, center = (2.995,0,0.5)
          height 1, axis (0,0,1), sidewall angle: 0 radians, 4 vertices:
          (2.745,-0.25,0)
          (2.745,0.25,0)
          (3.245,0.25,0)
          (3.245,-0.25,0)
Geometric object tree has depth 2 and 21 object nodes (vs. 4 actual objects)
Initializing epsilon function...
Allocating fields...
Solving for band polarization: te.
Initializing fields to random numbers...
1 k-points
  Vector3<-0.09, 0.14, 0.0>
elapsed time for initialization: 0.04564070701599121
solve_kpoint (-0.09,0.14,0):
tefreqs:, k index, k1, k2, k3, kmag/2pi, te band 1, te band 2, te band 3, te band 4, te band 5, te band 6
Solving for bands 1 to 6...
    near maximum in trace
    iteration    1: trace = 2.159036259204826 (199.783% change)
    iteration    2: trace = 0.5099718062786646 (123.571% change)
    iteration    3: trace = 0.4330826021925693 (16.3064% change)
    iteration    4: trace = 0.4103551962236494 (5.38923% change)
    iteration    5: trace = 0.4045173511658111 (1.43282% change)
    iteration    6: trace = 0.4003348579511979 (1.03932% change)
    iteration    7: trace = 0.3983172480540248 (0.505254% change)
    iteration    8: trace = 0.3970968198043844 (0.306866% change)
    iteration    9: trace = 0.3967973967071732 (0.0754315% change)
    iteration   10: trace = 0.3966624201995718 (0.0340223% change)
    iteration   11: trace = 0.3966258405968526 (0.00922227% change)
    iteration   12: trace = 0.3966052130053794 (0.0052009% change)
    iteration   13: trace = 0.396597146255429 (0.00203397% change)
    iteration   14: trace = 0.3965940918829166 (0.000770148% change)
    iteration   15: trace = 0.3965934923198232 (0.000151178% change)
    iteration   16: trace = 0.3965933186807135 (4.37827e-05% change)
    iteration   17: trace = 0.3965932676034234 (1.2879e-05% change)
    iteration   18: trace = 0.3965932431753273 (6.15948e-06% change)
    iteration   19: trace = 0.3965932321150362 (2.78882e-06% change)
    iteration   20: trace = 0.3965932280201495 (1.03252e-06% change)
    iteration   21: trace = 0.3965932269879012 (2.60279e-07% change)
    iteration   22: trace = 0.3965932267726602 (5.42725e-08% change)
    iteration   23: trace = 0.3965932267152294 (1.4481e-08% change)
    iteration   24: trace = 0.3965932267001899 (3.79218e-09% change)
Finished solving for bands 1 to 6 after 24 iterations.
tefreqs:, 1, -0.09, 0.14, 0, 0.143178, 0.0645465, 0.149093, 0.171783, 0.301495, 0.323186, 0.381235
elapsed time for k point: 3.5609290599823
total elapsed time for run: 3.6067118644714355
done
Initializing eigensolver data
Computing 6 bands with 1e-10 tolerance
Working in 2 dimensions.
Grid size is 336 x 112 x 1.
Solving for 6 bands at a time.
Creating Maxwell data...
Mesh size is 3.
Lattice vectors:
     (3, 0, 0)
     (0, 1, 0)
     (0, 0, 1)
Cell volume = 3
Reciprocal lattice vectors (/ 2 pi):
     (0.333333, -0, 0)
     (-0, 1, -0)
     (0, -0, 1)
Geometric objects:
     block, center = (0,0,0)
          size (1e+20,1e+20,1)
          axes (1,0,0), (0,1,0), (0,0,1)
     prism, center = (0.01,0,0.5)
          height 1, axis (0,0,1), sidewall angle: 0 radians, 4 vertices:
          (-0.24,-0.25,0)
          (-0.24,0.25,0)
          (0.26,0.25,0)
          (0.26,-0.25,0)
     prism, center = (0.99,0,0.5)
          height 1, axis (0,0,1), sidewall angle: 0 radians, 4 vertices:
          (0.74,-0.25,0)
          (0.74,0.25,0)
          (1.24,0.25,0)
          (1.24,-0.25,0)
     prism, center = (2,0,0.5)
          height 1, axis (0,0,1), sidewall angle: 0 radians, 4 vertices:
          (1.75,-0.25,0)
          (1.75,0.25,0)
          (2.25,0.25,0)
          (2.25,-0.25,0)
Geometric object tree has depth 2 and 21 object nodes (vs. 4 actual objects)
Initializing epsilon function...
Allocating fields...
Solving for band polarization: te.
Initializing fields to random numbers...
1 k-points
  Vector3<-0.09, 0.14, 0.0>
elapsed time for initialization: 0.0803685188293457
solve_kpoint (-0.09,0.14,0):
tefreqs:, k index, k1, k2, k3, kmag/2pi, te band 1, te band 2, te band 3, te band 4, te band 5, te band 6
Solving for bands 1 to 6...
    near maximum in trace
    iteration    1: trace = 2.24867401572393 (199.773% change)
    iteration    2: trace = 0.6052545948369289 (115.169% change)
    iteration    3: trace = 0.4503245665812958 (29.3545% change)
    iteration    4: trace = 0.4292392245957358 (4.7945% change)
    iteration    5: trace = 0.4208686098360288 (1.96931% change)
    iteration    6: trace = 0.4167681914969427 (0.979044% change)
    large trace change predicted (2.00025%)
    iteration    7: trace = 0.4088229218209551 (1.92475% change)
    iteration    8: trace = 0.4020817334026787 (1.66263% change)
    iteration    9: trace = 0.398294766329955 (0.946296% change)
    iteration   10: trace = 0.3971960415464105 (0.276238% change)
    iteration   11: trace = 0.3968050387330477 (0.0984892% change)
    iteration   12: trace = 0.3966758587559439 (0.0325603% change)
    iteration   13: trace = 0.3966034258355328 (0.0182616% change)
    iteration   14: trace = 0.3965704648816921 (0.00831115% change)
    iteration   15: trace = 0.3965566670953687 (0.00347934% change)
    iteration   16: trace = 0.3965531557939235 (0.000885452% change)
    iteration   17: trace = 0.3965521888577617 (0.000243835% change)
    iteration   18: trace = 0.396551896524755 (7.37187e-05% change)
    iteration   19: trace = 0.3965517800547367 (2.93707e-05% change)
    iteration   20: trace = 0.3965517297553504 (1.26842e-05% change)
    iteration   21: trace = 0.3965517097231863 (5.05159e-06% change)
    iteration   22: trace = 0.39655170396939 (1.45096e-06% change)
    iteration   23: trace = 0.39655170275422 (3.06434e-07% change)
    iteration   24: trace = 0.3965517024686888 (7.20035e-08% change)
    iteration   25: trace = 0.3965517023809695 (2.21205e-08% change)
    iteration   26: trace = 0.3965517023322283 (1.22913e-08% change)
    iteration   27: trace = 0.3965517023112071 (5.30101e-09% change)
Finished solving for bands 1 to 6 after 27 iterations.
tefreqs:, 1, -0.09, 0.14, 0, 0.143178, 0.0645432, 0.149085, 0.171805, 0.301361, 0.323241, 0.381234
elapsed time for k point: 4.80822229385376
total elapsed time for run: 4.888674736022949
done
Initializing eigensolver data
Computing 6 bands with 1e-10 tolerance
Working in 2 dimensions.
Grid size is 336 x 112 x 1.
Solving for 6 bands at a time.
Creating Maxwell data...
Mesh size is 3.
Lattice vectors:
     (3, 0, 0)
     (0, 1, 0)
     (0, 0, 1)
Cell volume = 3
Reciprocal lattice vectors (/ 2 pi):
     (0.333333, -0, 0)
     (-0, 1, -0)
     (0, -0, 1)
Geometric objects:
     block, center = (0,0,0)
          size (1e+20,1e+20,1)
          axes (1,0,0), (0,1,0), (0,0,1)
     prism, center = (1.01,0,0.5)
          height 1, axis (0,0,1), sidewall angle: 0 radians, 4 vertices:
          (0.76,-0.25,0)
          (0.76,0.25,0)
          (1.26,0.25,0)
          (1.26,-0.25,0)
     prism, center = (2,0,0.5)
          height 1, axis (0,0,1), sidewall angle: 0 radians, 4 vertices:
          (1.75,-0.25,0)
          (1.75,0.25,0)
          (2.25,0.25,0)
          (2.25,-0.25,0)
     prism, center = (2.99,0,0.5)
          height 1, axis (0,0,1), sidewall angle: 0 radians, 4 vertices:
          (2.74,-0.25,0)
          (2.74,0.25,0)
          (3.24,0.25,0)
          (3.24,-0.25,0)
Geometric object tree has depth 2 and 21 object nodes (vs. 4 actual objects)
Initializing epsilon function...
Allocating fields...
Solving for band polarization: te.
Initializing fields to random numbers...
1 k-points
  Vector3<-0.09, 0.14, 0.0>
elapsed time for initialization: 0.0874624252319336
solve_kpoint (-0.09,0.14,0):
tefreqs:, k index, k1, k2, k3, kmag/2pi, te band 1, te band 2, te band 3, te band 4, te band 5, te band 6
Solving for bands 1 to 6...
    near maximum in trace
    iteration    1: trace = 2.106273451903132 (199.788% change)
    iteration    2: trace = 0.5187405262502343 (120.954% change)
    iteration    3: trace = 0.4397921169562598 (16.4728% change)
    iteration    4: trace = 0.4149173423821086 (5.82064% change)
    iteration    5: trace = 0.4071855058004126 (1.88099% change)
    iteration    6: trace = 0.4023112105336319 (1.20428% change)
    iteration    7: trace = 0.3995951027381266 (0.677413% change)
    iteration    8: trace = 0.3975744000661056 (0.506969% change)
    iteration    9: trace = 0.3969236580306848 (0.163812% change)
    iteration   10: trace = 0.3966646696413159 (0.0652702% change)
    iteration   11: trace = 0.3965967769491288 (0.0171174% change)
    iteration   12: trace = 0.3965677868717081 (0.00730998% change)
    iteration   13: trace = 0.3965559236729655 (0.00299151% change)
    iteration   14: trace = 0.3965503524476747 (0.00140491% change)
    iteration   15: trace = 0.3965489037626459 (0.000365323% change)
    iteration   16: trace = 0.3965485053861735 (0.000100461% change)
    iteration   17: trace = 0.3965483970591463 (2.73175e-05% change)
    iteration   18: trace = 0.3965483605304733 (9.21166e-06% change)
    iteration   19: trace = 0.3965483438457207 (4.2075e-06% change)
    iteration   20: trace = 0.396548336120567 (1.9481e-06% change)
    iteration   21: trace = 0.3965483334100673 (6.83523e-07% change)
    iteration   22: trace = 0.3965483328276929 (1.46861e-07% change)
    iteration   23: trace = 0.3965483326685606 (4.01293e-08% change)
    iteration   24: trace = 0.3965483326318392 (9.26026e-09% change)
Finished solving for bands 1 to 6 after 24 iterations.
tefreqs:, 1, -0.09, 0.14, 0, 0.143178, 0.0645431, 0.149085, 0.171803, 0.301337, 0.323275, 0.38122
elapsed time for k point: 3.3582403659820557
total elapsed time for run: 3.4458022117614746
done
Initializing eigensolver data
Computing 6 bands with 1e-10 tolerance
Working in 2 dimensions.
Grid size is 336 x 112 x 1.
Solving for 6 bands at a time.
Creating Maxwell data...
Mesh size is 3.
Lattice vectors:
     (3, 0, 0)
     (0, 1, 0)
     (0, 0, 1)
Cell volume = 3
Reciprocal lattice vectors (/ 2 pi):
     (0.333333, -0, 0)
     (-0, 1, -0)
     (0, -0, 1)
Geometric objects:
     block, center = (0,0,0)
          size (1e+20,1e+20,1)
          axes (1,0,0), (0,1,0), (0,0,1)
     prism, center = (0.02,0,0.5)
          height 1, axis (0,0,1), sidewall angle: 0 radians, 4 vertices:
          (-0.23,-0.25,0)
          (-0.23,0.25,0)
          (0.27,0.25,0)
          (0.27,-0.25,0)
     prism, center = (0.98,0,0.5)
          height 1, axis (0,0,1), sidewall angle: 0 radians, 4 vertices:
          (0.73,-0.25,0)
          (0.73,0.25,0)
          (1.23,0.25,0)
          (1.23,-0.25,0)
     prism, center = (2,0,0.5)
          height 1, axis (0,0,1), sidewall angle: 0 radians, 4 vertices:
          (1.75,-0.25,0)
          (1.75,0.25,0)
          (2.25,0.25,0)
          (2.25,-0.25,0)
Geometric object tree has depth 2 and 21 object nodes (vs. 4 actual objects)
Initializing epsilon function...
Allocating fields...
Solving for band polarization: te.
Initializing fields to random numbers...
1 k-points
  Vector3<-0.09, 0.14, 0.0>
elapsed time for initialization: 0.08272838592529297
solve_kpoint (-0.09,0.14,0):
tefreqs:, k index, k1, k2, k3, kmag/2pi, te band 1, te band 2, te band 3, te band 4, te band 5, te band 6
Solving for bands 1 to 6...
    near maximum in trace
    iteration    1: trace = 2.26720281794093 (199.771% change)
    iteration    2: trace = 0.6863923794214603 (107.043% change)
    iteration    3: trace = 0.4580278337348755 (39.9092% change)
    iteration    4: trace = 0.429815985165098 (6.35514% change)
    iteration    5: trace = 0.4121614357815824 (4.19359% change)
    iteration    6: trace = 0.4067352535881449 (1.32524% change)
    iteration    7: trace = 0.401732303763213 (1.23764% change)
    iteration    8: trace = 0.3989495235982304 (0.695103% change)
    iteration    9: trace = 0.3971799126799975 (0.444554% change)
    iteration   10: trace = 0.3967288569022784 (0.113629% change)
    iteration   11: trace = 0.3965375981843873 (0.0482205% change)
    iteration   12: trace = 0.3964736700915985 (0.0161229% change)
    iteration   13: trace = 0.3964360297272976 (0.00949424% change)
    iteration   14: trace = 0.3964236921415453 (0.00311217% change)
    iteration   15: trace = 0.3964187369910386 (0.00124997% change)
    iteration   16: trace = 0.3964176226590381 (0.0002811% change)
    iteration   17: trace = 0.3964171811682265 (0.00011137% change)
    iteration   18: trace = 0.3964170256775326 (3.9224e-05% change)
    iteration   19: trace = 0.3964169446750152 (2.04337e-05% change)
    iteration   20: trace = 0.3964169172646204 (6.91454e-06% change)
    iteration   21: trace = 0.3964169088854734 (2.11372e-06% change)
    iteration   22: trace = 0.3964169071876467 (4.28293e-07% change)
    iteration   23: trace = 0.3964169067801175 (1.02803e-07% change)
    iteration   24: trace = 0.3964169066299429 (3.7883e-08% change)
    iteration   25: trace = 0.3964169065636126 (1.67325e-08% change)
    iteration   26: trace = 0.3964169065219508 (1.05096e-08% change)
    iteration   27: trace = 0.3964169065061016 (3.99812e-09% change)
Finished solving for bands 1 to 6 after 27 iterations.
tefreqs:, 1, -0.09, 0.14, 0, 0.143178, 0.064539, 0.149058, 0.171898, 0.300859, 0.323458, 0.381239
elapsed time for k point: 3.594331741333008
total elapsed time for run: 3.677227020263672
done
Initializing eigensolver data
Computing 6 bands with 1e-10 tolerance
Working in 2 dimensions.
Grid size is 336 x 112 x 1.
Solving for 6 bands at a time.
Creating Maxwell data...
Mesh size is 3.
Lattice vectors:
     (3, 0, 0)
     (0, 1, 0)
     (0, 0, 1)
Cell volume = 3
Reciprocal lattice vectors (/ 2 pi):
     (0.333333, -0, 0)
     (-0, 1, -0)
     (0, -0, 1)
Geometric objects:
     block, center = (0,0,0)
          size (1e+20,1e+20,1)
          axes (1,0,0), (0,1,0), (0,0,1)
     prism, center = (1.02,0,0.5)
          height 1, axis (0,0,1), sidewall angle: 0 radians, 4 vertices:
          (0.77,-0.25,0)
          (0.77,0.25,0)
          (1.27,0.25,0)
          (1.27,-0.25,0)
     prism, center = (2,0,0.5)
          height 1, axis (0,0,1), sidewall angle: 0 radians, 4 vertices:
          (1.75,-0.25,0)
          (1.75,0.25,0)
          (2.25,0.25,0)
          (2.25,-0.25,0)
     prism, center = (2.98,0,0.5)
          height 1, axis (0,0,1), sidewall angle: 0 radians, 4 vertices:
          (2.73,-0.25,0)
          (2.73,0.25,0)
          (3.23,0.25,0)
          (3.23,-0.25,0)
Geometric object tree has depth 2 and 21 object nodes (vs. 4 actual objects)
Initializing epsilon function...
Allocating fields...
Solving for band polarization: te.
Initializing fields to random numbers...
1 k-points
  Vector3<-0.09, 0.14, 0.0>
elapsed time for initialization: 0.04439210891723633
solve_kpoint (-0.09,0.14,0):
tefreqs:, k index, k1, k2, k3, kmag/2pi, te band 1, te band 2, te band 3, te band 4, te band 5, te band 6
Solving for bands 1 to 6...
    near maximum in trace
    iteration    1: trace = 2.366713806186078 (199.762% change)
    iteration    2: trace = 0.6005821793252099 (119.04% change)
    iteration    3: trace = 0.449381889004984 (28.801% change)
    iteration    4: trace = 0.4308846286577203 (4.20265% change)
    iteration    5: trace = 0.4231460858313071 (1.81224% change)
    iteration    6: trace = 0.4205441272368839 (0.616804% change)
    iteration    7: trace = 0.4175231285149167 (0.720944% change)
    iteration    8: trace = 0.4127405830013823 (1.15205% change)
    iteration    9: trace = 0.4052094719497289 (1.84146% change)
    iteration   10: trace = 0.4009198615840272 (1.06425% change)
    iteration   11: trace = 0.3986460740403899 (0.568755% change)
    iteration   12: trace = 0.3975437163139737 (0.276908% change)
    iteration   13: trace = 0.3968313614921731 (0.17935% change)
    iteration   14: trace = 0.3965679978049267 (0.0663887% change)
    iteration   15: trace = 0.3964488957815266 (0.0300377% change)
    iteration   16: trace = 0.3964195915626068 (0.00739195% change)
    iteration   17: trace = 0.3964105432913522 (0.00228252% change)
    iteration   18: trace = 0.396408123555786 (0.000610413% change)
    iteration   19: trace = 0.3964068711258389 (0.000315945% change)
    iteration   20: trace = 0.3964063873813144 (0.000122032% change)
    iteration   21: trace = 0.3964062000897627 (4.72474e-05% change)
    iteration   22: trace = 0.3964061536647923 (1.17115e-05% change)
    iteration   23: trace = 0.3964061342139129 (4.90681e-06% change)
    iteration   24: trace = 0.3964061264534235 (1.95771e-06% change)
    iteration   25: trace = 0.3964061223162052 (1.04368e-06% change)
    iteration   26: trace = 0.3964061206522067 (4.19771e-07% change)
    iteration   27: trace = 0.3964061201285584 (1.32099e-07% change)
    iteration   28: trace = 0.3964061200044467 (3.13092e-08% change)
    iteration   29: trace = 0.3964061199805018 (6.04051e-09% change)
Finished solving for bands 1 to 6 after 29 iterations.
tefreqs:, 1, -0.09, 0.14, 0, 0.143178, 0.0645389, 0.149064, 0.171887, 0.300708, 0.323678, 0.38116
elapsed time for k point: 4.163688898086548
total elapsed time for run: 4.208163738250732
done
Initializing eigensolver data
Computing 6 bands with 1e-10 tolerance
Working in 2 dimensions.
Grid size is 336 x 112 x 1.
Solving for 6 bands at a time.
Creating Maxwell data...
Mesh size is 3.
Lattice vectors:
     (3, 0, 0)
     (0, 1, 0)
     (0, 0, 1)
Cell volume = 3
Reciprocal lattice vectors (/ 2 pi):
     (0.333333, -0, 0)
     (-0, 1, -0)
     (0, -0, 1)
Geometric objects:
     block, center = (0,0,0)
          size (1e+20,1e+20,1)
          axes (1,0,0), (0,1,0), (0,0,1)
     prism, center = (0.00723214,0,0.5)
          height 1, axis (0,0,1), sidewall angle: 0 radians, 4 vertices:
          (-0.242768,-0.25,0)
          (-0.242768,0.25,0)
          (0.257232,0.25,0)
          (0.257232,-0.25,0)
     prism, center = (0.997232,0,0.5)
          height 1, axis (0,0,1), sidewall angle: 0 radians, 4 vertices:
          (0.747232,-0.25,0)
          (0.747232,0.25,0)
          (1.24723,0.25,0)
          (1.24723,-0.25,0)
     prism, center = (2.00223,0,0.5)
          height 1, axis (0,0,1), sidewall angle: 0 radians, 4 vertices:
          (1.75223,-0.25,0)
          (1.75223,0.25,0)
          (2.25223,0.25,0)
          (2.25223,-0.25,0)
Geometric object tree has depth 2 and 21 object nodes (vs. 4 actual objects)
Initializing epsilon function...
Allocating fields...
Solving for band polarization: te.
Initializing fields to random numbers...
1 k-points
  Vector3<-0.09, 0.14, 0.0>
elapsed time for initialization: 0.08532142639160156
solve_kpoint (-0.09,0.14,0):
tefreqs:, k index, k1, k2, k3, kmag/2pi, te band 1, te band 2, te band 3, te band 4, te band 5, te band 6
Solving for bands 1 to 6...
    near maximum in trace
    iteration    1: trace = 2.444616089549206 (199.753% change)
    iteration    2: trace = 0.5941025116426413 (121.796% change)
    iteration    3: trace = 0.474364501421573 (22.413% change)
    iteration    4: trace = 0.4239855541696747 (11.2159% change)
    iteration    5: trace = 0.4080388282610926 (3.83324% change)
    iteration    6: trace = 0.4008761792106251 (1.77093% change)
    iteration    7: trace = 0.398568801695962 (0.577245% change)
    iteration    8: trace = 0.3971134789314094 (0.365805% change)
    iteration    9: trace = 0.396621476767839 (0.123971% change)
    iteration   10: trace = 0.3964412115199263 (0.0454605% change)
    iteration   11: trace = 0.3964031326651651 (0.00960563% change)
    iteration   12: trace = 0.3963900288942228 (0.00330572% change)
    iteration   13: trace = 0.3963843820604168 (0.00142458% change)
    iteration   14: trace = 0.3963811138406823 (0.000824511% change)
    iteration   15: trace = 0.3963800034629892 (0.000280129% change)
    iteration   16: trace = 0.396379675723415 (8.26832e-05% change)
    iteration   17: trace = 0.3963795860032486 (2.26349e-05% change)
    iteration   18: trace = 0.3963795565273128 (7.43629e-06% change)
    iteration   19: trace = 0.3963795443947864 (3.06084e-06% change)
    iteration   20: trace = 0.3963795383619497 (1.52198e-06% change)
    iteration   21: trace = 0.3963795355759484 (7.02862e-07% change)
    iteration   22: trace = 0.3963795349446708 (1.59261e-07% change)
    iteration   23: trace = 0.3963795347850544 (4.02686e-08% change)
    iteration   24: trace = 0.3963795347516449 (8.42865e-09% change)
Finished solving for bands 1 to 6 after 24 iterations.
tefreqs:, 1, -0.09, 0.14, 0, 0.143178, 0.0645149, 0.149077, 0.171769, 0.301459, 0.323137, 0.381043
elapsed time for k point: 4.644105672836304
total elapsed time for run: 4.7295143604278564
done
Initializing eigensolver data
Computing 6 bands with 1e-10 tolerance
Working in 2 dimensions.
Grid size is 336 x 112 x 1.
Solving for 6 bands at a time.
Creating Maxwell data...
Mesh size is 3.
Lattice vectors:
     (3, 0, 0)
     (0, 1, 0)
     (0, 0, 1)
Cell volume = 3
Reciprocal lattice vectors (/ 2 pi):
     (0.333333, -0, 0)
     (-0, 1, -0)
     (0, -0, 1)
Geometric objects:
     block, center = (0,0,0)
          size (1e+20,1e+20,1)
          axes (1,0,0), (0,1,0), (0,0,1)
     prism, center = (1.00723,0,0.5)
          height 1, axis (0,0,1), sidewall angle: 0 radians, 4 vertices:
          (0.757232,-0.25,0)
          (0.757232,0.25,0)
          (1.25723,0.25,0)
          (1.25723,-0.25,0)
     prism, center = (2.00223,0,0.5)
          height 1, axis (0,0,1), sidewall angle: 0 radians, 4 vertices:
          (1.75223,-0.25,0)
          (1.75223,0.25,0)
          (2.25223,0.25,0)
          (2.25223,-0.25,0)
     prism, center = (2.99723,0,0.5)
          height 1, axis (0,0,1), sidewall angle: 0 radians, 4 vertices:
          (2.74723,-0.25,0)
          (2.74723,0.25,0)
          (3.24723,0.25,0)
          (3.24723,-0.25,0)
Geometric object tree has depth 2 and 21 object nodes (vs. 4 actual objects)
Initializing epsilon function...
Allocating fields...
Solving for band polarization: te.
Initializing fields to random numbers...
1 k-points
  Vector3<-0.09, 0.14, 0.0>
elapsed time for initialization: 0.05391383171081543
solve_kpoint (-0.09,0.14,0):
tefreqs:, k index, k1, k2, k3, kmag/2pi, te band 1, te band 2, te band 3, te band 4, te band 5, te band 6
Solving for bands 1 to 6...
    near maximum in trace
    iteration    1: trace = 2.254112019477255 (199.772% change)
    iteration    2: trace = 0.6500363048125404 (110.468% change)
    iteration    3: trace = 0.4534388751974142 (35.6324% change)
    iteration    4: trace = 0.4256123339370244 (6.33104% change)
    iteration    5: trace = 0.4104715286722868 (3.62184% change)
    iteration    6: trace = 0.4052671330599961 (1.276% change)
    iteration    7: trace = 0.4002343700092295 (1.2496% change)
    iteration    8: trace = 0.3980288955883886 (0.552568% change)
    iteration    9: trace = 0.3968804637048426 (0.288947% change)
    iteration   10: trace = 0.3965873363718057 (0.0738851% change)
    iteration   11: trace = 0.3964577796974759 (0.0326732% change)
    iteration   12: trace = 0.3964158093695795 (0.0105869% change)
    iteration   13: trace = 0.3963907118582429 (0.00633131% change)
    iteration   14: trace = 0.3963833252897071 (0.00186347% change)
    iteration   15: trace = 0.396380644161421 (0.0006764% change)
    iteration   16: trace = 0.3963801180982471 (0.000132717% change)
    iteration   17: trace = 0.3963799470275364 (4.31583e-05% change)
    iteration   18: trace = 0.3963799068448193 (1.01374e-05% change)
    iteration   19: trace = 0.3963798860513821 (5.24584e-06% change)
    iteration   20: trace = 0.3963798765524894 (2.39641e-06% change)
    iteration   21: trace = 0.3963798724402637 (1.03745e-06% change)
    iteration   22: trace = 0.3963798715093289 (2.34859e-07% change)
    iteration   23: trace = 0.3963798713010213 (5.25525e-08% change)
    iteration   24: trace = 0.3963798712396145 (1.54919e-08% change)
    iteration   25: trace = 0.3963798712169349 (5.72169e-09% change)
Finished solving for bands 1 to 6 after 25 iterations.
tefreqs:, 1, -0.09, 0.14, 0, 0.143178, 0.0645149, 0.149077, 0.171769, 0.301458, 0.323139, 0.381043
elapsed time for k point: 5.881324291229248
total elapsed time for run: 5.935328245162964
done
Initializing eigensolver data
Computing 6 bands with 1e-10 tolerance
Working in 2 dimensions.
Grid size is 336 x 112 x 1.
Solving for 6 bands at a time.
Creating Maxwell data...
Mesh size is 3.
Lattice vectors:
     (3, 0, 0)
     (0, 1, 0)
     (0, 0, 1)
Cell volume = 3
Reciprocal lattice vectors (/ 2 pi):
     (0.333333, -0, 0)
     (-0, 1, -0)
     (0, -0, 1)
Geometric objects:
     block, center = (0,0,0)
          size (1e+20,1e+20,1)
          axes (1,0,0), (0,1,0), (0,0,1)
     prism, center = (0.0122321,0,0.5)
          height 1, axis (0,0,1), sidewall angle: 0 radians, 4 vertices:
          (-0.237768,-0.25,0)
          (-0.237768,0.25,0)
          (0.262232,0.25,0)
          (0.262232,-0.25,0)
     prism, center = (0.992232,0,0.5)
          height 1, axis (0,0,1), sidewall angle: 0 radians, 4 vertices:
          (0.742232,-0.25,0)
          (0.742232,0.25,0)
          (1.24223,0.25,0)
          (1.24223,-0.25,0)
     prism, center = (2.00223,0,0.5)
          height 1, axis (0,0,1), sidewall angle: 0 radians, 4 vertices:
          (1.75223,-0.25,0)
          (1.75223,0.25,0)
          (2.25223,0.25,0)
          (2.25223,-0.25,0)
Geometric object tree has depth 2 and 21 object nodes (vs. 4 actual objects)
Initializing epsilon function...
Allocating fields...
Solving for band polarization: te.
Initializing fields to random numbers...
1 k-points
  Vector3<-0.09, 0.14, 0.0>
elapsed time for initialization: 0.08849263191223145
solve_kpoint (-0.09,0.14,0):
tefreqs:, k index, k1, k2, k3, kmag/2pi, te band 1, te band 2, te band 3, te band 4, te band 5, te band 6
Solving for bands 1 to 6...
    near maximum in trace
    iteration    1: trace = 1.942300428855865 (199.804% change)
    iteration    2: trace = 0.493876759232256 (118.91% change)
    iteration    3: trace = 0.4270189131672646 (14.5202% change)
    iteration    4: trace = 0.405527553918474 (5.1628% change)
    iteration    5: trace = 0.4003762511474415 (1.27839% change)
    iteration    6: trace = 0.3980453470497863 (0.583878% change)
    iteration    7: trace = 0.3971703997473567 (0.220053% change)
    iteration    8: trace = 0.396584917504313 (0.147522% change)
    iteration    9: trace = 0.3964123500430229 (0.0435228% change)
    iteration   10: trace = 0.3963499801533878 (0.0157348% change)
    iteration   11: trace = 0.3963382646574487 (0.00295589% change)
    iteration   12: trace = 0.3963344732687584 (0.000956609% change)
    iteration   13: trace = 0.396332845431824 (0.000410724% change)
    iteration   14: trace = 0.3963317167169891 (0.00028479% change)
    iteration   15: trace = 0.3963313503331654 (9.24438e-05% change)
    iteration   16: trace = 0.3963312506687329 (2.51467e-05% change)
    iteration   17: trace = 0.3963312267127683 (6.04443e-06% change)
    iteration   18: trace = 0.3963312176880228 (2.27707e-06% change)
    iteration   19: trace = 0.3963312141308599 (8.97523e-07% change)
    iteration   20: trace = 0.3963312126100855 (3.83713e-07% change)
    iteration   21: trace = 0.3963312121027838 (1.27999e-07% change)
    iteration   22: trace = 0.3963312119931674 (2.76578e-08% change)
    iteration   23: trace = 0.3963312119698017 (5.8955e-09% change)
Finished solving for bands 1 to 6 after 23 iterations.
tefreqs:, 1, -0.09, 0.14, 0, 0.143178, 0.0645116, 0.14907, 0.171791, 0.301319, 0.323204, 0.381026
elapsed time for k point: 3.028507709503174
total elapsed time for run: 3.117107629776001
done
Initializing eigensolver data
Computing 6 bands with 1e-10 tolerance
Working in 2 dimensions.
Grid size is 336 x 112 x 1.
Solving for 6 bands at a time.
Creating Maxwell data...
Mesh size is 3.
Lattice vectors:
     (3, 0, 0)
     (0, 1, 0)
     (0, 0, 1)
Cell volume = 3
Reciprocal lattice vectors (/ 2 pi):
     (0.333333, -0, 0)
     (-0, 1, -0)
     (0, -0, 1)
Geometric objects:
     block, center = (0,0,0)
          size (1e+20,1e+20,1)
          axes (1,0,0), (0,1,0), (0,0,1)
     prism, center = (1.01223,0,0.5)
          height 1, axis (0,0,1), sidewall angle: 0 radians, 4 vertices:
          (0.762232,-0.25,0)
          (0.762232,0.25,0)
          (1.26223,0.25,0)
          (1.26223,-0.25,0)
     prism, center = (2.00223,0,0.5)
          height 1, axis (0,0,1), sidewall angle: 0 radians, 4 vertices:
          (1.75223,-0.25,0)
          (1.75223,0.25,0)
          (2.25223,0.25,0)
          (2.25223,-0.25,0)
     prism, center = (2.99223,0,0.5)
          height 1, axis (0,0,1), sidewall angle: 0 radians, 4 vertices:
          (2.74223,-0.25,0)
          (2.74223,0.25,0)
          (3.24223,0.25,0)
          (3.24223,-0.25,0)
Geometric object tree has depth 2 and 21 object nodes (vs. 4 actual objects)
Initializing epsilon function...
Allocating fields...
Solving for band polarization: te.
Initializing fields to random numbers...
1 k-points
  Vector3<-0.09, 0.14, 0.0>
elapsed time for initialization: 0.047759056091308594
solve_kpoint (-0.09,0.14,0):
tefreqs:, k index, k1, k2, k3, kmag/2pi, te band 1, te band 2, te band 3, te band 4, te band 5, te band 6
Solving for bands 1 to 6...
    near maximum in trace
    iteration    1: trace = 2.199446383357047 (199.778% change)
    iteration    2: trace = 0.5135139627031405 (124.287% change)
    iteration    3: trace = 0.4367085237204192 (16.1658% change)
    iteration    4: trace = 0.4109519157786763 (6.07711% change)
    iteration    5: trace = 0.4032058874298264 (1.90283% change)
    iteration    6: trace = 0.3992766644033897 (0.979267% change)
    iteration    7: trace = 0.3977167804363314 (0.391442% change)
    iteration    8: trace = 0.3967233966564808 (0.250084% change)
    iteration    9: trace = 0.3964618386181031 (0.0659513% change)
    iteration   10: trace = 0.3963673880775408 (0.0238262% change)
    iteration   11: trace = 0.3963461385577835 (0.00536121% change)
    iteration   12: trace = 0.3963378722765508 (0.00208564% change)
    iteration   13: trace = 0.3963346161718439 (0.000821551% change)
    iteration   14: trace = 0.3963328315876101 (0.000450273% change)
    iteration   15: trace = 0.3963322654131723 (0.000142853% change)
    iteration   16: trace = 0.3963320702183489 (4.92503e-05% change)
    iteration   17: trace = 0.3963320149390948 (1.39477e-05% change)
    iteration   18: trace = 0.3963319916660887 (5.8721e-06% change)
    iteration   19: trace = 0.3963319808148848 (2.73791e-06% change)
    iteration   20: trace = 0.3963319757291117 (1.28321e-06% change)
    iteration   21: trace = 0.3963319743308631 (3.52797e-07% change)
    iteration   22: trace = 0.3963319740299638 (7.5921e-08% change)
    iteration   23: trace = 0.3963319739601389 (1.76178e-08% change)
    iteration   24: trace = 0.3963319739477849 (3.1171e-09% change)
Finished solving for bands 1 to 6 after 24 iterations.
tefreqs:, 1, -0.09, 0.14, 0, 0.143178, 0.0645117, 0.149071, 0.17179, 0.301301, 0.32323, 0.38102
elapsed time for k point: 3.199371337890625
total elapsed time for run: 3.247225046157837
done
Initializing eigensolver data
Computing 6 bands with 1e-10 tolerance
Working in 2 dimensions.
Grid size is 336 x 112 x 1.
Solving for 6 bands at a time.
Creating Maxwell data...
Mesh size is 3.
Lattice vectors:
     (3, 0, 0)
     (0, 1, 0)
     (0, 0, 1)
Cell volume = 3
Reciprocal lattice vectors (/ 2 pi):
     (0.333333, -0, 0)
     (-0, 1, -0)
     (0, -0, 1)
Geometric objects:
     block, center = (0,0,0)
          size (1e+20,1e+20,1)
          axes (1,0,0), (0,1,0), (0,0,1)
     prism, center = (0.0222321,0,0.5)
          height 1, axis (0,0,1), sidewall angle: 0 radians, 4 vertices:
          (-0.227768,-0.25,0)
          (-0.227768,0.25,0)
          (0.272232,0.25,0)
          (0.272232,-0.25,0)
     prism, center = (0.982232,0,0.5)
          height 1, axis (0,0,1), sidewall angle: 0 radians, 4 vertices:
          (0.732232,-0.25,0)
          (0.732232,0.25,0)
          (1.23223,0.25,0)
          (1.23223,-0.25,0)
     prism, center = (2.00223,0,0.5)
          height 1, axis (0,0,1), sidewall angle: 0 radians, 4 vertices:
          (1.75223,-0.25,0)
          (1.75223,0.25,0)
          (2.25223,0.25,0)
          (2.25223,-0.25,0)
Geometric object tree has depth 2 and 21 object nodes (vs. 4 actual objects)
Initializing epsilon function...
Allocating fields...
Solving for band polarization: te.
Initializing fields to random numbers...
1 k-points
  Vector3<-0.09, 0.14, 0.0>
elapsed time for initialization: 0.046068668365478516
solve_kpoint (-0.09,0.14,0):
tefreqs:, k index, k1, k2, k3, kmag/2pi, te band 1, te band 2, te band 3, te band 4, te band 5, te band 6
Solving for bands 1 to 6...
    near maximum in trace
    iteration    1: trace = 2.200448115289304 (199.778% change)
    iteration    2: trace = 0.6286907163762453 (111.112% change)
    iteration    3: trace = 0.4338845332460295 (36.6668% change)
    iteration    4: trace = 0.4102173208198447 (5.60767% change)
    iteration    5: trace = 0.4002492750818189 (2.45983% change)
    iteration    6: trace = 0.3983697097333387 (0.470704% change)
    iteration    7: trace = 0.3972624659344938 (0.278331% change)
    iteration    8: trace = 0.3968031099967269 (0.115697% change)
    iteration    9: trace = 0.396434303179907 (0.0929878% change)
    iteration   10: trace = 0.3963376866478003 (0.0243744% change)
    iteration   11: trace = 0.3962963099567867 (0.0104403% change)
    iteration   12: trace = 0.3962872561482398 (0.00228463% change)
    iteration   13: trace = 0.3962826121659247 (0.00117188% change)
    iteration   14: trace = 0.3962811514415779 (0.000368607% change)
    iteration   15: trace = 0.3962804716150416 (0.000171552% change)
    iteration   16: trace = 0.3962803102714215 (4.07145e-05% change)
    iteration   17: trace = 0.3962802604697553 (1.25673e-05% change)
    iteration   18: trace = 0.3962802480536805 (3.13316e-06% change)
    iteration   19: trace = 0.3962802435172786 (1.14475e-06% change)
    iteration   20: trace = 0.3962802413681804 (5.42318e-07% change)
    iteration   21: trace = 0.3962802403428409 (2.58741e-07% change)
    iteration   22: trace = 0.3962802399316577 (1.03761e-07% change)
    iteration   23: trace = 0.3962802398271029 (2.6384e-08% change)
    iteration   24: trace = 0.3962802397960814 (7.82818e-09% change)
Finished solving for bands 1 to 6 after 24 iterations.
tefreqs:, 1, -0.09, 0.14, 0, 0.143178, 0.0645188, 0.14905, 0.17189, 0.30083, 0.323448, 0.381101
elapsed time for k point: 3.6424002647399902
total elapsed time for run: 3.6885552406311035
done
Initializing eigensolver data
Computing 6 bands with 1e-10 tolerance
Working in 2 dimensions.
Grid size is 336 x 112 x 1.
Solving for 6 bands at a time.
Creating Maxwell data...
Mesh size is 3.
Lattice vectors:
     (3, 0, 0)
     (0, 1, 0)
     (0, 0, 1)
Cell volume = 3
Reciprocal lattice vectors (/ 2 pi):
     (0.333333, -0, 0)
     (-0, 1, -0)
     (0, -0, 1)
Geometric objects:
     block, center = (0,0,0)
          size (1e+20,1e+20,1)
          axes (1,0,0), (0,1,0), (0,0,1)
     prism, center = (1.02223,0,0.5)
          height 1, axis (0,0,1), sidewall angle: 0 radians, 4 vertices:
          (0.772232,-0.25,0)
          (0.772232,0.25,0)
          (1.27223,0.25,0)
          (1.27223,-0.25,0)
     prism, center = (2.00223,0,0.5)
          height 1, axis (0,0,1), sidewall angle: 0 radians, 4 vertices:
          (1.75223,-0.25,0)
          (1.75223,0.25,0)
          (2.25223,0.25,0)
          (2.25223,-0.25,0)
     prism, center = (2.98223,0,0.5)
          height 1, axis (0,0,1), sidewall angle: 0 radians, 4 vertices:
          (2.73223,-0.25,0)
          (2.73223,0.25,0)
          (3.23223,0.25,0)
          (3.23223,-0.25,0)
Geometric object tree has depth 2 and 21 object nodes (vs. 4 actual objects)
Initializing epsilon function...
Allocating fields...
Solving for band polarization: te.
Initializing fields to random numbers...
1 k-points
  Vector3<-0.09, 0.14, 0.0>
elapsed time for initialization: 0.05837678909301758
solve_kpoint (-0.09,0.14,0):
tefreqs:, k index, k1, k2, k3, kmag/2pi, te band 1, te band 2, te band 3, te band 4, te band 5, te band 6
Solving for bands 1 to 6...
    near maximum in trace
    iteration    1: trace = 2.336946114662677 (199.765% change)
    iteration    2: trace = 0.5460057895041421 (124.244% change)
    iteration    3: trace = 0.4527388594593973 (18.6768% change)
    iteration    4: trace = 0.4141149436563664 (8.91129% change)
    iteration    5: trace = 0.403402724425746 (2.62067% change)
    iteration    6: trace = 0.3992001916018733 (1.04723% change)
    iteration    7: trace = 0.3978518740630362 (0.338326% change)
    iteration    8: trace = 0.3969442934398276 (0.228381% change)
    iteration    9: trace = 0.3965813444578428 (0.0914776% change)
    iteration   10: trace = 0.3963708758001075 (0.0530848% change)
    iteration   11: trace = 0.3963116102009685 (0.0149532% change)
    iteration   12: trace = 0.3962931768391149 (0.00465134% change)
    iteration   13: trace = 0.3962862130311998 (0.00175725% change)
    iteration   14: trace = 0.3962822260734997 (0.00100609% change)
    iteration   15: trace = 0.3962803739826998 (0.000467368% change)
    iteration   16: trace = 0.3962797547504834 (0.000156261% change)
    iteration   17: trace = 0.3962795873138742 (4.22521e-05% change)
    iteration   18: trace = 0.3962795485323396 (9.78641e-06% change)
    iteration   19: trace = 0.3962795344776885 (3.54665e-06% change)
    iteration   20: trace = 0.396279529722934 (1.19985e-06% change)
    iteration   21: trace = 0.3962795273363121 (6.02257e-07% change)
    iteration   22: trace = 0.3962795267117024 (1.57618e-07% change)
    iteration   23: trace = 0.3962795265261601 (4.68211e-08% change)
    iteration   24: trace = 0.3962795264882181 (9.57455e-09% change)
Finished solving for bands 1 to 6 after 24 iterations.
tefreqs:, 1, -0.09, 0.14, 0, 0.143178, 0.0645191, 0.149056, 0.171878, 0.300696, 0.323647, 0.381041
elapsed time for k point: 3.1997790336608887
total elapsed time for run: 3.258239984512329
done
Initializing eigensolver data
Computing 6 bands with 1e-10 tolerance
Working in 2 dimensions.
Grid size is 336 x 112 x 1.
Solving for 6 bands at a time.
Creating Maxwell data...
Mesh size is 3.
Lattice vectors:
     (3, 0, 0)
     (0, 1, 0)
     (0, 0, 1)
Cell volume = 3
Reciprocal lattice vectors (/ 2 pi):
     (0.333333, -0, 0)
     (-0, 1, -0)
     (0, -0, 1)
Geometric objects:
     block, center = (0,0,0)
          size (1e+20,1e+20,1)
          axes (1,0,0), (0,1,0), (0,0,1)
     prism, center = (0.00946429,0,0.5)
          height 1, axis (0,0,1), sidewall angle: 0 radians, 4 vertices:
          (-0.240536,-0.25,0)
          (-0.240536,0.25,0)
          (0.259464,0.25,0)
          (0.259464,-0.25,0)
     prism, center = (0.999464,0,0.5)
          height 1, axis (0,0,1), sidewall angle: 0 radians, 4 vertices:
          (0.749464,-0.25,0)
          (0.749464,0.25,0)
          (1.24946,0.25,0)
          (1.24946,-0.25,0)
     prism, center = (2.00446,0,0.5)
          height 1, axis (0,0,1), sidewall angle: 0 radians, 4 vertices:
          (1.75446,-0.25,0)
          (1.75446,0.25,0)
          (2.25446,0.25,0)
          (2.25446,-0.25,0)
Geometric object tree has depth 2 and 21 object nodes (vs. 4 actual objects)
Initializing epsilon function...
Allocating fields...
Solving for band polarization: te.
Initializing fields to random numbers...
1 k-points
  Vector3<-0.09, 0.14, 0.0>
elapsed time for initialization: 0.04644632339477539
solve_kpoint (-0.09,0.14,0):
tefreqs:, k index, k1, k2, k3, kmag/2pi, te band 1, te band 2, te band 3, te band 4, te band 5, te band 6
Solving for bands 1 to 6...
    near maximum in trace
    iteration    1: trace = 2.031378387339646 (199.796% change)
    iteration    2: trace = 0.4869480735538688 (122.655% change)
    iteration    3: trace = 0.4236804620335776 (13.8954% change)
    iteration    4: trace = 0.4067437987002752 (4.07904% change)
    iteration    5: trace = 0.4017854022851148 (1.22652% change)
    iteration    6: trace = 0.3993720688236349 (0.602462% change)
    iteration    7: trace = 0.3979375707241219 (0.359835% change)
    iteration    8: trace = 0.3969949930756031 (0.237147% change)
    iteration    9: trace = 0.3966554894113213 (0.085555% change)
    iteration   10: trace = 0.3965694473557268 (0.0216942% change)
    iteration   11: trace = 0.3965448043757691 (0.00621423% change)
    iteration   12: trace = 0.3965378597881219 (0.00175129% change)
    iteration   13: trace = 0.3965339141367181 (0.00099503% change)
    iteration   14: trace = 0.3965323605326717 (0.000391797% change)
    iteration   15: trace = 0.396531730184894 (0.000158965% change)
    iteration   16: trace = 0.3965316028526643 (3.21115e-05% change)
    iteration   17: trace = 0.3965315599473148 (1.08202e-05% change)
    iteration   18: trace = 0.3965315483504444 (2.92458e-06% change)
    iteration   19: trace = 0.3965315426503617 (1.43749e-06% change)
    iteration   20: trace = 0.3965315403723714 (5.74479e-07% change)
    iteration   21: trace = 0.3965315392495731 (2.83155e-07% change)
    iteration   22: trace = 0.3965315389650464 (7.17538e-08% change)
    iteration   23: trace = 0.396531538898665 (1.67405e-08% change)
    iteration   24: trace = 0.3965315388797443 (4.77155e-09% change)
Finished solving for bands 1 to 6 after 24 iterations.
tefreqs:, 1, -0.09, 0.14, 0, 0.143178, 0.0645373, 0.149088, 0.171778, 0.301488, 0.323165, 0.381183
elapsed time for k point: 3.102065086364746
total elapsed time for run: 3.148597002029419
done
Initializing eigensolver data
Computing 6 bands with 1e-10 tolerance
Working in 2 dimensions.
Grid size is 336 x 112 x 1.
Solving for 6 bands at a time.
Creating Maxwell data...
Mesh size is 3.
Lattice vectors:
     (3, 0, 0)
     (0, 1, 0)
     (0, 0, 1)
Cell volume = 3
Reciprocal lattice vectors (/ 2 pi):
     (0.333333, -0, 0)
     (-0, 1, -0)
     (0, -0, 1)
Geometric objects:
     block, center = (0,0,0)
          size (1e+20,1e+20,1)
          axes (1,0,0), (0,1,0), (0,0,1)
     prism, center = (1.00946,0,0.5)
          height 1, axis (0,0,1), sidewall angle: 0 radians, 4 vertices:
          (0.759464,-0.25,0)
          (0.759464,0.25,0)
          (1.25946,0.25,0)
          (1.25946,-0.25,0)
     prism, center = (2.00446,0,0.5)
          height 1, axis (0,0,1), sidewall angle: 0 radians, 4 vertices:
          (1.75446,-0.25,0)
          (1.75446,0.25,0)
          (2.25446,0.25,0)
          (2.25446,-0.25,0)
     prism, center = (2.99946,0,0.5)
          height 1, axis (0,0,1), sidewall angle: 0 radians, 4 vertices:
          (2.74946,-0.25,0)
          (2.74946,0.25,0)
          (3.24946,0.25,0)
          (3.24946,-0.25,0)
Geometric object tree has depth 2 and 21 object nodes (vs. 4 actual objects)
Initializing epsilon function...
Allocating fields...
Solving for band polarization: te.
Initializing fields to random numbers...
1 k-points
  Vector3<-0.09, 0.14, 0.0>
elapsed time for initialization: 0.042845726013183594
solve_kpoint (-0.09,0.14,0):
tefreqs:, k index, k1, k2, k3, kmag/2pi, te band 1, te band 2, te band 3, te band 4, te band 5, te band 6
Solving for bands 1 to 6...
    near maximum in trace
    iteration    1: trace = 2.061741681586192 (199.792% change)
    iteration    2: trace = 0.701729327766082 (98.4278% change)
    iteration    3: trace = 0.4486482095065598 (43.9997% change)
    iteration    4: trace = 0.4297404114107781 (4.30511% change)
    iteration    5: trace = 0.4191367882699926 (2.49827% change)
    iteration    6: trace = 0.415354397410463 (0.906514% change)
    iteration    7: trace = 0.410488611056117 (1.17838% change)
    iteration    8: trace = 0.4053277182091126 (1.26521% change)
    iteration    9: trace = 0.3994909964007854 (1.45044% change)
    iteration   10: trace = 0.3977271330668711 (0.442505% change)
    iteration   11: trace = 0.3968980756308459 (0.208666% change)
    iteration   12: trace = 0.3967064481062782 (0.048293% change)
    iteration   13: trace = 0.396598074437132 (0.0273221% change)
    iteration   14: trace = 0.3965573844575609 (0.0102603% change)
    iteration   15: trace = 0.3965385013032046 (0.00476188% change)
    iteration   16: trace = 0.3965325169864205 (0.00150915% change)
    iteration   17: trace = 0.396530821411322 (0.000427601% change)
    iteration   18: trace = 0.3965303188642795 (0.000126736% change)
    iteration   19: trace = 0.3965301642335893 (3.89959e-05% change)
    iteration   20: trace = 0.3965300874166154 (1.93723e-05% change)
    iteration   21: trace = 0.3965300542671915 (8.35988e-06% change)
    iteration   22: trace = 0.3965300407415019 (3.41101e-06% change)
    iteration   23: trace = 0.3965300374040467 (8.41665e-07% change)
    iteration   24: trace = 0.396530036537637 (2.18498e-07% change)
    iteration   25: trace = 0.39653003628146 (6.46047e-08% change)
    iteration   26: trace = 0.3965300361574301 (3.12788e-08% change)
    iteration   27: trace = 0.3965300360813259 (1.91925e-08% change)
    iteration   28: trace = 0.3965300360542549 (6.82698e-09% change)
Finished solving for bands 1 to 6 after 28 iterations.
tefreqs:, 1, -0.09, 0.14, 0, 0.143178, 0.0645373, 0.149088, 0.171778, 0.301484, 0.32317, 0.38118
elapsed time for k point: 3.2464518547058105
total elapsed time for run: 3.289391040802002
done
Initializing eigensolver data
Computing 6 bands with 1e-10 tolerance
Working in 2 dimensions.
Grid size is 336 x 112 x 1.
Solving for 6 bands at a time.
Creating Maxwell data...
Mesh size is 3.
Lattice vectors:
     (3, 0, 0)
     (0, 1, 0)
     (0, 0, 1)
Cell volume = 3
Reciprocal lattice vectors (/ 2 pi):
     (0.333333, -0, 0)
     (-0, 1, -0)
     (0, -0, 1)
Geometric objects:
     block, center = (0,0,0)
          size (1e+20,1e+20,1)
          axes (1,0,0), (0,1,0), (0,0,1)
     prism, center = (0.0144643,0,0.5)
          height 1, axis (0,0,1), sidewall angle: 0 radians, 4 vertices:
          (-0.235536,-0.25,0)
          (-0.235536,0.25,0)
          (0.264464,0.25,0)
          (0.264464,-0.25,0)
     prism, center = (0.994464,0,0.5)
          height 1, axis (0,0,1), sidewall angle: 0 radians, 4 vertices:
          (0.744464,-0.25,0)
          (0.744464,0.25,0)
          (1.24446,0.25,0)
          (1.24446,-0.25,0)
     prism, center = (2.00446,0,0.5)
          height 1, axis (0,0,1), sidewall angle: 0 radians, 4 vertices:
          (1.75446,-0.25,0)
          (1.75446,0.25,0)
          (2.25446,0.25,0)
          (2.25446,-0.25,0)
Geometric object tree has depth 2 and 21 object nodes (vs. 4 actual objects)
Initializing epsilon function...
Allocating fields...
Solving for band polarization: te.
Initializing fields to random numbers...
1 k-points
  Vector3<-0.09, 0.14, 0.0>
elapsed time for initialization: 0.04231691360473633
solve_kpoint (-0.09,0.14,0):
tefreqs:, k index, k1, k2, k3, kmag/2pi, te band 1, te band 2, te band 3, te band 4, te band 5, te band 6
Solving for bands 1 to 6...
    near maximum in trace
    iteration    1: trace = 2.422708846177478 (199.756% change)
    iteration    2: trace = 0.547767457110014 (126.238% change)
    iteration    3: trace = 0.454775654529997 (18.5512% change)
    iteration    4: trace = 0.421748954623895 (7.53583% change)
    iteration    5: trace = 0.4106547938471763 (2.66557% change)
    iteration    6: trace = 0.4043526152778347 (1.54653% change)
    iteration    7: trace = 0.40125019995745 (0.77021% change)
    iteration    8: trace = 0.3983342956306642 (0.729355% change)
    iteration    9: trace = 0.3971919394005659 (0.287195% change)
    iteration   10: trace = 0.3967293840028393 (0.116524% change)
    iteration   11: trace = 0.3966028889573067 (0.0318895% change)
    iteration   12: trace = 0.3965444602130588 (0.0147334% change)
    iteration   13: trace = 0.3965151871769326 (0.0073823% change)
    iteration   14: trace = 0.396504348979847 (0.0027334% change)
    iteration   15: trace = 0.3965012016427968 (0.000793774% change)
    iteration   16: trace = 0.3965005208664718 (0.000171696% change)
    iteration   17: trace = 0.3965003073357851 (5.38538e-05% change)
    iteration   18: trace = 0.3965002511210418 (1.41777e-05% change)
    iteration   19: trace = 0.3965002204701311 (7.73036e-06% change)
    iteration   20: trace = 0.3965002080193414 (3.14017e-06% change)
    iteration   21: trace = 0.3965002021805534 (1.47258e-06% change)
    iteration   22: trace = 0.3965002008031637 (3.47387e-07% change)
    iteration   23: trace = 0.3965002003698284 (1.0929e-07% change)
    iteration   24: trace = 0.3965002002737059 (2.42428e-08% change)
    iteration   25: trace = 0.3965002002441134 (7.46343e-09% change)
Finished solving for bands 1 to 6 after 25 iterations.
tefreqs:, 1, -0.09, 0.14, 0, 0.143178, 0.064539, 0.149082, 0.1718, 0.301344, 0.32323, 0.381193
elapsed time for k point: 2.781399726867676
total elapsed time for run: 2.8238015174865723
done
Initializing eigensolver data
Computing 6 bands with 1e-10 tolerance
Working in 2 dimensions.
Grid size is 336 x 112 x 1.
Solving for 6 bands at a time.
Creating Maxwell data...
Mesh size is 3.
Lattice vectors:
     (3, 0, 0)
     (0, 1, 0)
     (0, 0, 1)
Cell volume = 3
Reciprocal lattice vectors (/ 2 pi):
     (0.333333, -0, 0)
     (-0, 1, -0)
     (0, -0, 1)
Geometric objects:
     block, center = (0,0,0)
          size (1e+20,1e+20,1)
          axes (1,0,0), (0,1,0), (0,0,1)
     prism, center = (1.01446,0,0.5)
          height 1, axis (0,0,1), sidewall angle: 0 radians, 4 vertices:
          (0.764464,-0.25,0)
          (0.764464,0.25,0)
          (1.26446,0.25,0)
          (1.26446,-0.25,0)
     prism, center = (2.00446,0,0.5)
          height 1, axis (0,0,1), sidewall angle: 0 radians, 4 vertices:
          (1.75446,-0.25,0)
          (1.75446,0.25,0)
          (2.25446,0.25,0)
          (2.25446,-0.25,0)
     prism, center = (2.99446,0,0.5)
          height 1, axis (0,0,1), sidewall angle: 0 radians, 4 vertices:
          (2.74446,-0.25,0)
          (2.74446,0.25,0)
          (3.24446,0.25,0)
          (3.24446,-0.25,0)
Geometric object tree has depth 2 and 21 object nodes (vs. 4 actual objects)
Initializing epsilon function...
Allocating fields...
Solving for band polarization: te.
Initializing fields to random numbers...
1 k-points
  Vector3<-0.09, 0.14, 0.0>
elapsed time for initialization: 0.04329109191894531
solve_kpoint (-0.09,0.14,0):
tefreqs:, k index, k1, k2, k3, kmag/2pi, te band 1, te band 2, te band 3, te band 4, te band 5, te band 6
Solving for bands 1 to 6...
    near maximum in trace
    iteration    1: trace = 2.181455289422962 (199.781% change)
    iteration    2: trace = 0.5870449434247959 (115.182% change)
    iteration    3: trace = 0.4270725050898633 (31.5491% change)
    iteration    4: trace = 0.4102841574601318 (4.00984% change)
    iteration    5: trace = 0.4017997926846085 (2.08953% change)
    iteration    6: trace = 0.3992443449429834 (0.638029% change)
    iteration    7: trace = 0.3973043317216934 (0.487105% change)
    iteration    8: trace = 0.396814621470312 (0.123334% change)
    iteration    9: trace = 0.3965780947084762 (0.0596241% change)
    iteration   10: trace = 0.3965318236025582 (0.0116683% change)
    iteration   11: trace = 0.3965099425941973 (0.00551825% change)
    iteration   12: trace = 0.3965034670467864 (0.00163315% change)
    iteration   13: trace = 0.3964986946694863 (0.00120362% change)
    iteration   14: trace = 0.3964970516867216 (0.000414374% change)
    iteration   15: trace = 0.3964963227246412 (0.000183851% change)
    iteration   16: trace = 0.3964961730661048 (3.77453e-05% change)
    iteration   17: trace = 0.3964961275381634 (1.14826e-05% change)
    iteration   18: trace = 0.3964961135771062 (3.52111e-06% change)
    iteration   19: trace = 0.3964961068572438 (1.69481e-06% change)
    iteration   20: trace = 0.3964961036329943 (8.13186e-07% change)
    iteration   21: trace = 0.396496102463076 (2.95064e-07% change)
    iteration   22: trace = 0.3964961021170481 (8.72714e-08% change)
    iteration   23: trace = 0.3964961020443388 (1.8338e-08% change)
    iteration   24: trace = 0.396496102022848 (5.4202e-09% change)
Finished solving for bands 1 to 6 after 24 iterations.
tefreqs:, 1, -0.09, 0.14, 0, 0.143178, 0.064539, 0.149082, 0.171798, 0.301322, 0.323263, 0.381178
elapsed time for k point: 3.0600173473358154
total elapsed time for run: 3.103428602218628
done
Initializing eigensolver data
Computing 6 bands with 1e-10 tolerance
Working in 2 dimensions.
Grid size is 336 x 112 x 1.
Solving for 6 bands at a time.
Creating Maxwell data...
Mesh size is 3.
Lattice vectors:
     (3, 0, 0)
     (0, 1, 0)
     (0, 0, 1)
Cell volume = 3
Reciprocal lattice vectors (/ 2 pi):
     (0.333333, -0, 0)
     (-0, 1, -0)
     (0, -0, 1)
Geometric objects:
     block, center = (0,0,0)
          size (1e+20,1e+20,1)
          axes (1,0,0), (0,1,0), (0,0,1)
     prism, center = (0.0244643,0,0.5)
          height 1, axis (0,0,1), sidewall angle: 0 radians, 4 vertices:
          (-0.225536,-0.25,0)
          (-0.225536,0.25,0)
          (0.274464,0.25,0)
          (0.274464,-0.25,0)
     prism, center = (0.984464,0,0.5)
          height 1, axis (0,0,1), sidewall angle: 0 radians, 4 vertices:
          (0.734464,-0.25,0)
          (0.734464,0.25,0)
          (1.23446,0.25,0)
          (1.23446,-0.25,0)
     prism, center = (2.00446,0,0.5)
          height 1, axis (0,0,1), sidewall angle: 0 radians, 4 vertices:
          (1.75446,-0.25,0)
          (1.75446,0.25,0)
          (2.25446,0.25,0)
          (2.25446,-0.25,0)
Geometric object tree has depth 2 and 21 object nodes (vs. 4 actual objects)
Initializing epsilon function...
Allocating fields...
Solving for band polarization: te.
Initializing fields to random numbers...
1 k-points
  Vector3<-0.09, 0.14, 0.0>
elapsed time for initialization: 0.08776450157165527
solve_kpoint (-0.09,0.14,0):
tefreqs:, k index, k1, k2, k3, kmag/2pi, te band 1, te band 2, te band 3, te band 4, te band 5, te band 6
Solving for bands 1 to 6...
    near maximum in trace
    iteration    1: trace = 2.338807206497853 (199.765% change)
    iteration    2: trace = 0.6121142023468973 (117.027% change)
    iteration    3: trace = 0.4527460109714266 (29.9322% change)
    iteration    4: trace = 0.4259525652939226 (6.09844% change)
    iteration    5: trace = 0.4103320515664872 (3.73569% change)
    iteration    6: trace = 0.4047953909537471 (1.35848% change)
    iteration    7: trace = 0.4010893303858694 (0.91975% change)
    iteration    8: trace = 0.3990712691490535 (0.504414% change)
    iteration    9: trace = 0.3972751149470912 (0.451099% change)
    iteration   10: trace = 0.3966660562267657 (0.153427% change)
    iteration   11: trace = 0.3964141502157166 (0.063526% change)
    iteration   12: trace = 0.3963500782681632 (0.0161642% change)
    iteration   13: trace = 0.396321615403344 (0.0071815% change)
    iteration   14: trace = 0.3963105498093723 (0.00279211% change)
    iteration   15: trace = 0.3963057070600945 (0.00122197% change)
    iteration   16: trace = 0.3963042376697355 (0.000370773% change)
    iteration   17: trace = 0.396303861276431 (9.49759e-05% change)
    iteration   18: trace = 0.3963037279563869 (3.36409e-05% change)
    iteration   19: trace = 0.3963036774326782 (1.27487e-05% change)
    iteration   20: trace = 0.3963036475903623 (7.53016e-06% change)
    iteration   21: trace = 0.3963036347112317 (3.24981e-06% change)
    iteration   22: trace = 0.3963036299388208 (1.20423e-06% change)
    iteration   23: trace = 0.3963036290195613 (2.31958e-07% change)
    iteration   24: trace = 0.3963036287431409 (6.97497e-08% change)
    iteration   25: trace = 0.3963036286659259 (1.94838e-08% change)
    iteration   26: trace = 0.3963036286289973 (9.31827e-09% change)
Finished solving for bands 1 to 6 after 26 iterations.
tefreqs:, 1, -0.09, 0.14, 0, 0.143178, 0.0645212, 0.149053, 0.171893, 0.300836, 0.323444, 0.381128
elapsed time for k point: 4.752362251281738
total elapsed time for run: 4.840287923812866
done
Initializing eigensolver data
Computing 6 bands with 1e-10 tolerance
Working in 2 dimensions.
Grid size is 336 x 112 x 1.
Solving for 6 bands at a time.
Creating Maxwell data...
Mesh size is 3.
Lattice vectors:
     (3, 0, 0)
     (0, 1, 0)
     (0, 0, 1)
Cell volume = 3
Reciprocal lattice vectors (/ 2 pi):
     (0.333333, -0, 0)
     (-0, 1, -0)
     (0, -0, 1)
Geometric objects:
     block, center = (0,0,0)
          size (1e+20,1e+20,1)
          axes (1,0,0), (0,1,0), (0,0,1)
     prism, center = (1.02446,0,0.5)
          height 1, axis (0,0,1), sidewall angle: 0 radians, 4 vertices:
          (0.774464,-0.25,0)
          (0.774464,0.25,0)
          (1.27446,0.25,0)
          (1.27446,-0.25,0)
     prism, center = (2.00446,0,0.5)
          height 1, axis (0,0,1), sidewall angle: 0 radians, 4 vertices:
          (1.75446,-0.25,0)
          (1.75446,0.25,0)
          (2.25446,0.25,0)
          (2.25446,-0.25,0)
     prism, center = (2.98446,0,0.5)
          height 1, axis (0,0,1), sidewall angle: 0 radians, 4 vertices:
          (2.73446,-0.25,0)
          (2.73446,0.25,0)
          (3.23446,0.25,0)
          (3.23446,-0.25,0)
Geometric object tree has depth 2 and 21 object nodes (vs. 4 actual objects)
Initializing epsilon function...
Allocating fields...
Solving for band polarization: te.
Initializing fields to random numbers...
1 k-points
  Vector3<-0.09, 0.14, 0.0>
elapsed time for initialization: 0.07105588912963867
solve_kpoint (-0.09,0.14,0):
tefreqs:, k index, k1, k2, k3, kmag/2pi, te band 1, te band 2, te band 3, te band 4, te band 5, te band 6
Solving for bands 1 to 6...
    near maximum in trace
    iteration    1: trace = 2.267667252007801 (199.772% change)
    iteration    2: trace = 0.515821740546433 (125.874% change)
    iteration    3: trace = 0.4459990755665011 (14.5189% change)
    iteration    4: trace = 0.4183017784141808 (6.40918% change)
    iteration    5: trace = 0.4081303746752086 (2.46152% change)
    iteration    6: trace = 0.4021244167700081 (1.48249% change)
    iteration    7: trace = 0.3995533819754276 (0.641413% change)
    iteration    8: trace = 0.3974472715574449 (0.528509% change)
    iteration    9: trace = 0.3967507446714399 (0.175404% change)
    iteration   10: trace = 0.3964617008576593 (0.0728793% change)
    iteration   11: trace = 0.3963743347232095 (0.0220389% change)
    iteration   12: trace = 0.3963247858067299 (0.0125013% change)
    iteration   13: trace = 0.3963009243336204 (0.00602087% change)
    iteration   14: trace = 0.3962903547803776 (0.00266709% change)
    iteration   15: trace = 0.3962871958985025 (0.000797116% change)
    iteration   16: trace = 0.3962863325948375 (0.000217848% change)
    iteration   17: trace = 0.3962860787679259 (6.40514e-05% change)
    iteration   18: trace = 0.3962859942630973 (2.13242e-05% change)
    iteration   19: trace = 0.3962859493268522 (1.13393e-05% change)
    iteration   20: trace = 0.3962859320717421 (4.35421e-06% change)
    iteration   21: trace = 0.3962859256010353 (1.63284e-06% change)
    iteration   22: trace = 0.3962859242667007 (3.3671e-07% change)
    iteration   23: trace = 0.3962859238696716 (1.00188e-07% change)
    iteration   24: trace = 0.3962859237716584 (2.47329e-08% change)
    iteration   25: trace = 0.3962859237284515 (1.0903e-08% change)
    iteration   26: trace = 0.3962859237054895 (5.79431e-09% change)
Finished solving for bands 1 to 6 after 26 iterations.
tefreqs:, 1, -0.09, 0.14, 0, 0.143178, 0.0645211, 0.149058, 0.171881, 0.300683, 0.323672, 0.381035
elapsed time for k point: 5.277117013931274
total elapsed time for run: 5.348266839981079
done
Initializing eigensolver data
Computing 6 bands with 1e-10 tolerance
Working in 2 dimensions.
Grid size is 336 x 112 x 1.
Solving for 6 bands at a time.
Creating Maxwell data...
Mesh size is 3.
Lattice vectors:
     (3, 0, 0)
     (0, 1, 0)
     (0, 0, 1)
Cell volume = 3
Reciprocal lattice vectors (/ 2 pi):
     (0.333333, -0, 0)
     (-0, 1, -0)
     (0, -0, 1)
Geometric objects:
     block, center = (0,0,0)
          size (1e+20,1e+20,1)
          axes (1,0,0), (0,1,0), (0,0,1)
     prism, center = (0.0116964,0,0.5)
          height 1, axis (0,0,1), sidewall angle: 0 radians, 4 vertices:
          (-0.238304,-0.25,0)
          (-0.238304,0.25,0)
          (0.261696,0.25,0)
          (0.261696,-0.25,0)
     prism, center = (1.0017,0,0.5)
          height 1, axis (0,0,1), sidewall angle: 0 radians, 4 vertices:
          (0.751696,-0.25,0)
          (0.751696,0.25,0)
          (1.2517,0.25,0)
          (1.2517,-0.25,0)
     prism, center = (2.0067,0,0.5)
          height 1, axis (0,0,1), sidewall angle: 0 radians, 4 vertices:
          (1.7567,-0.25,0)
          (1.7567,0.25,0)
          (2.2567,0.25,0)
          (2.2567,-0.25,0)
Geometric object tree has depth 2 and 21 object nodes (vs. 4 actual objects)
Initializing epsilon function...
Allocating fields...
Solving for band polarization: te.
Initializing fields to random numbers...
1 k-points
  Vector3<-0.09, 0.14, 0.0>
elapsed time for initialization: 0.0633387565612793
solve_kpoint (-0.09,0.14,0):
tefreqs:, k index, k1, k2, k3, kmag/2pi, te band 1, te band 2, te band 3, te band 4, te band 5, te band 6
Solving for bands 1 to 6...
    near maximum in trace
    iteration    1: trace = 2.749731782057109 (199.723% change)
    iteration    2: trace = 0.6228642456385078 (126.126% change)
    iteration    3: trace = 0.4409794964511442 (34.1939% change)
    iteration    4: trace = 0.4195000246966187 (4.99244% change)
    iteration    5: trace = 0.4087765192280746 (2.58935% change)
    iteration    6: trace = 0.4044652474128894 (1.06027% change)
    iteration    7: trace = 0.4000299896316309 (1.10262% change)
    iteration    8: trace = 0.3978825876692721 (0.538255% change)
    iteration    9: trace = 0.3967603526887517 (0.28245% change)
    iteration   10: trace = 0.3965286727791131 (0.05841% change)
    iteration   11: trace = 0.3964319752777369 (0.024389% change)
    iteration   12: trace = 0.3964033614316094 (0.00721811% change)
    iteration   13: trace = 0.3963873756049576 (0.0040328% change)
    iteration   14: trace = 0.3963822617411643 (0.00129013% change)
    iteration   15: trace = 0.3963801400307655 (0.00053527% change)
    iteration   16: trace = 0.3963797516228561 (9.79888e-05% change)
    iteration   17: trace = 0.3963796149031785 (3.44921e-05% change)
    iteration   18: trace = 0.3963795722078027 (1.07713e-05% change)
    iteration   19: trace = 0.3963795471415049 (6.32381e-06% change)
    iteration   20: trace = 0.3963795385597724 (2.16503e-06% change)
    iteration   21: trace = 0.3963795356483023 (7.34516e-07% change)
    iteration   22: trace = 0.3963795349892673 (1.66264e-07% change)
    iteration   23: trace = 0.3963795348208869 (4.24796e-08% change)
    iteration   24: trace = 0.3963795347740515 (1.18158e-08% change)
    iteration   25: trace = 0.3963795347541695 (5.0159e-09% change)
Finished solving for bands 1 to 6 after 25 iterations.
tefreqs:, 1, -0.09, 0.14, 0, 0.143178, 0.0645149, 0.149077, 0.171769, 0.301459, 0.323137, 0.381043
elapsed time for k point: 3.939303159713745
total elapsed time for run: 4.0027337074279785
done
Initializing eigensolver data
Computing 6 bands with 1e-10 tolerance
Working in 2 dimensions.
Grid size is 336 x 112 x 1.
Solving for 6 bands at a time.
Creating Maxwell data...
Mesh size is 3.
Lattice vectors:
     (3, 0, 0)
     (0, 1, 0)
     (0, 0, 1)
Cell volume = 3
Reciprocal lattice vectors (/ 2 pi):
     (0.333333, -0, 0)
     (-0, 1, -0)
     (0, -0, 1)
Geometric objects:
     block, center = (0,0,0)
          size (1e+20,1e+20,1)
          axes (1,0,0), (0,1,0), (0,0,1)
     prism, center = (1.0117,0,0.5)
          height 1, axis (0,0,1), sidewall angle: 0 radians, 4 vertices:
          (0.761696,-0.25,0)
          (0.761696,0.25,0)
          (1.2617,0.25,0)
          (1.2617,-0.25,0)
     prism, center = (2.0067,0,0.5)
          height 1, axis (0,0,1), sidewall angle: 0 radians, 4 vertices:
          (1.7567,-0.25,0)
          (1.7567,0.25,0)
          (2.2567,0.25,0)
          (2.2567,-0.25,0)
     prism, center = (3.0017,0,0.5)
          height 1, axis (0,0,1), sidewall angle: 0 radians, 4 vertices:
          (2.7517,-0.25,0)
          (2.7517,0.25,0)
          (3.2517,0.25,0)
          (3.2517,-0.25,0)
Geometric object tree has depth 2 and 21 object nodes (vs. 4 actual objects)
Initializing epsilon function...
Allocating fields...
Solving for band polarization: te.
Initializing fields to random numbers...
1 k-points
  Vector3<-0.09, 0.14, 0.0>
elapsed time for initialization: 0.050533294677734375
solve_kpoint (-0.09,0.14,0):
tefreqs:, k index, k1, k2, k3, kmag/2pi, te band 1, te band 2, te band 3, te band 4, te band 5, te band 6
Solving for bands 1 to 6...
    near maximum in trace
    iteration    1: trace = 2.252446394479935 (199.773% change)
    iteration    2: trace = 0.6046365153756452 (115.349% change)
    iteration    3: trace = 0.4390222596993372 (31.7372% change)
    iteration    4: trace = 0.4172290665177781 (5.09037% change)
    iteration    5: trace = 0.4061432395106785 (2.69279% change)
    iteration    6: trace = 0.4024136501740511 (0.92253% change)
    iteration    7: trace = 0.3989907175407855 (0.854234% change)
    iteration    8: trace = 0.3974638596079891 (0.383414% change)
    iteration    9: trace = 0.396644033440875 (0.206477% change)
    iteration   10: trace = 0.3964752875839985 (0.0425525% change)
    iteration   11: trace = 0.3964125001737749 (0.0158377% change)
    iteration   12: trace = 0.396395269759359 (0.00434668% change)
    iteration   13: trace = 0.3963852330034973 (0.00253204% change)
    iteration   14: trace = 0.3963817820020804 (0.000870622% change)
    iteration   15: trace = 0.3963803056633014 (0.000372454% change)
    iteration   16: trace = 0.3963800157733839 (7.31343e-05% change)
    iteration   17: trace = 0.3963799185164358 (2.45363e-05% change)
    iteration   18: trace = 0.3963798926108539 (6.53554e-06% change)
    iteration   19: trace = 0.3963798792971998 (3.35881e-06% change)
    iteration   20: trace = 0.3963798739307716 (1.35386e-06% change)
    iteration   21: trace = 0.3963798718585048 (5.22798e-07% change)
    iteration   22: trace = 0.3963798713704128 (1.23137e-07% change)
    iteration   23: trace = 0.3963798712519969 (2.98743e-08% change)
    iteration   24: trace = 0.3963798712210856 (7.7984e-09% change)
Finished solving for bands 1 to 6 after 24 iterations.
tefreqs:, 1, -0.09, 0.14, 0, 0.143178, 0.0645149, 0.149077, 0.171769, 0.301458, 0.323139, 0.381043
elapsed time for k point: 3.3178603649139404
total elapsed time for run: 3.3685245513916016
done
Initializing eigensolver data
Computing 6 bands with 1e-10 tolerance
Working in 2 dimensions.
Grid size is 336 x 112 x 1.
Solving for 6 bands at a time.
Creating Maxwell data...
Mesh size is 3.
Lattice vectors:
     (3, 0, 0)
     (0, 1, 0)
     (0, 0, 1)
Cell volume = 3
Reciprocal lattice vectors (/ 2 pi):
     (0.333333, -0, 0)
     (-0, 1, -0)
     (0, -0, 1)
Geometric objects:
     block, center = (0,0,0)
          size (1e+20,1e+20,1)
          axes (1,0,0), (0,1,0), (0,0,1)
     prism, center = (0.0166964,0,0.5)
          height 1, axis (0,0,1), sidewall angle: 0 radians, 4 vertices:
          (-0.233304,-0.25,0)
          (-0.233304,0.25,0)
          (0.266696,0.25,0)
          (0.266696,-0.25,0)
     prism, center = (0.996696,0,0.5)
          height 1, axis (0,0,1), sidewall angle: 0 radians, 4 vertices:
          (0.746696,-0.25,0)
          (0.746696,0.25,0)
          (1.2467,0.25,0)
          (1.2467,-0.25,0)
     prism, center = (2.0067,0,0.5)
          height 1, axis (0,0,1), sidewall angle: 0 radians, 4 vertices:
          (1.7567,-0.25,0)
          (1.7567,0.25,0)
          (2.2567,0.25,0)
          (2.2567,-0.25,0)
Geometric object tree has depth 2 and 21 object nodes (vs. 4 actual objects)
Initializing epsilon function...
Allocating fields...
Solving for band polarization: te.
Initializing fields to random numbers...
1 k-points
  Vector3<-0.09, 0.14, 0.0>
elapsed time for initialization: 0.05594182014465332
solve_kpoint (-0.09,0.14,0):
tefreqs:, k index, k1, k2, k3, kmag/2pi, te band 1, te band 2, te band 3, te band 4, te band 5, te band 6
Solving for bands 1 to 6...
    near maximum in trace
    iteration    1: trace = 2.282948464406825 (199.77% change)
    iteration    2: trace = 0.5473079125771506 (122.649% change)
    iteration    3: trace = 0.4599145683363466 (17.3533% change)
    iteration    4: trace = 0.4233761055789442 (8.27326% change)
    iteration    5: trace = 0.4123798206814259 (2.63146% change)
    iteration    6: trace = 0.4061539081820185 (1.52124% change)
    iteration    7: trace = 0.4025476687273854 (0.891859% change)
    iteration    8: trace = 0.3985117753489732 (1.00764% change)
    iteration    9: trace = 0.3971432003405482 (0.344012% change)
    iteration   10: trace = 0.3965510603681252 (0.149211% change)
    iteration   11: trace = 0.3964270914227222 (0.0312667% change)
    iteration   12: trace = 0.3963689177437145 (0.0146756% change)
    iteration   13: trace = 0.3963473670289121 (0.00543718% change)
    iteration   14: trace = 0.3963353523378887 (0.0030314% change)
    iteration   15: trace = 0.3963324342063671 (0.000736281% change)
    iteration   16: trace = 0.3963315217950642 (0.000230214% change)
    iteration   17: trace = 0.396331321303288 (5.05869e-05% change)
    iteration   18: trace = 0.3963312508783158 (1.77692e-05% change)
    iteration   19: trace = 0.3963312288309251 (5.56287e-06% change)
    iteration   20: trace = 0.3963312172666867 (2.91782e-06% change)
    iteration   21: trace = 0.3963312134230422 (9.69806e-07% change)
    iteration   22: trace = 0.3963312123122719 (2.80263e-07% change)
    iteration   23: trace = 0.3963312120595717 (6.37599e-08% change)
    iteration   24: trace = 0.3963312119994784 (1.51624e-08% change)
    iteration   25: trace = 0.3963312119797008 (4.99018e-09% change)
Finished solving for bands 1 to 6 after 25 iterations.
tefreqs:, 1, -0.09, 0.14, 0, 0.143178, 0.0645116, 0.14907, 0.171791, 0.301319, 0.323204, 0.381026
elapsed time for k point: 4.2130231857299805
total elapsed time for run: 4.269049167633057
done
Initializing eigensolver data
Computing 6 bands with 1e-10 tolerance
Working in 2 dimensions.
Grid size is 336 x 112 x 1.
Solving for 6 bands at a time.
Creating Maxwell data...
Mesh size is 3.
Lattice vectors:
     (3, 0, 0)
     (0, 1, 0)
     (0, 0, 1)
Cell volume = 3
Reciprocal lattice vectors (/ 2 pi):
     (0.333333, -0, 0)
     (-0, 1, -0)
     (0, -0, 1)
Geometric objects:
     block, center = (0,0,0)
          size (1e+20,1e+20,1)
          axes (1,0,0), (0,1,0), (0,0,1)
     prism, center = (1.0167,0,0.5)
          height 1, axis (0,0,1), sidewall angle: 0 radians, 4 vertices:
          (0.766696,-0.25,0)
          (0.766696,0.25,0)
          (1.2667,0.25,0)
          (1.2667,-0.25,0)
     prism, center = (2.0067,0,0.5)
          height 1, axis (0,0,1), sidewall angle: 0 radians, 4 vertices:
          (1.7567,-0.25,0)
          (1.7567,0.25,0)
          (2.2567,0.25,0)
          (2.2567,-0.25,0)
     prism, center = (2.9967,0,0.5)
          height 1, axis (0,0,1), sidewall angle: 0 radians, 4 vertices:
          (2.7467,-0.25,0)
          (2.7467,0.25,0)
          (3.2467,0.25,0)
          (3.2467,-0.25,0)
Geometric object tree has depth 2 and 21 object nodes (vs. 4 actual objects)
Initializing epsilon function...
Allocating fields...
Solving for band polarization: te.
Initializing fields to random numbers...
1 k-points
  Vector3<-0.09, 0.14, 0.0>
elapsed time for initialization: 0.04363656044006348
solve_kpoint (-0.09,0.14,0):
tefreqs:, k index, k1, k2, k3, kmag/2pi, te band 1, te band 2, te band 3, te band 4, te band 5, te band 6
Solving for bands 1 to 6...
    near maximum in trace
    iteration    1: trace = 2.449548708999641 (199.753% change)
    iteration    2: trace = 0.5349141677386933 (128.307% change)
    iteration    3: trace = 0.4480449532601105 (17.675% change)
    iteration    4: trace = 0.4187440623848755 (6.76079% change)
    iteration    5: trace = 0.4094296890850351 (2.24938% change)
    iteration    6: trace = 0.4030592035309273 (1.56814% change)
    iteration    7: trace = 0.3997818624440351 (0.816436% change)
    iteration    8: trace = 0.3973281918355864 (0.615642% change)
    iteration    9: trace = 0.3966466709368115 (0.171673% change)
    iteration   10: trace = 0.3964022966396975 (0.0616291% change)
    iteration   11: trace = 0.3963581905141332 (0.0111272% change)
    iteration   12: trace = 0.3963429795452598 (0.00383776% change)
    iteration   13: trace = 0.3963375578513096 (0.00136794% change)
    iteration   14: trace = 0.3963340474086281 (0.000885724% change)
    iteration   15: trace = 0.3963326540186265 (0.00035157% change)
    iteration   16: trace = 0.3963321585786211 (0.000125006% change)
    iteration   17: trace = 0.3963320382226994 (3.03674e-05% change)
    iteration   18: trace = 0.3963319984525334 (1.00346e-05% change)
    iteration   19: trace = 0.3963319841389151 (3.61152e-06% change)
    iteration   20: trace = 0.3963319772988488 (1.72584e-06% change)
    iteration   21: trace = 0.3963319748270484 (6.23669e-07% change)
    iteration   22: trace = 0.3963319741595737 (1.68413e-07% change)
    iteration   23: trace = 0.396331973991114 (4.25047e-08% change)
    iteration   24: trace = 0.3963319739577481 (8.41868e-09% change)
Finished solving for bands 1 to 6 after 24 iterations.
tefreqs:, 1, -0.09, 0.14, 0, 0.143178, 0.0645117, 0.149071, 0.17179, 0.301301, 0.32323, 0.38102
elapsed time for k point: 4.997534990310669
total elapsed time for run: 5.041276693344116
done
Initializing eigensolver data
Computing 6 bands with 1e-10 tolerance
Working in 2 dimensions.
Grid size is 336 x 112 x 1.
Solving for 6 bands at a time.
Creating Maxwell data...
Mesh size is 3.
Lattice vectors:
     (3, 0, 0)
     (0, 1, 0)
     (0, 0, 1)
Cell volume = 3
Reciprocal lattice vectors (/ 2 pi):
     (0.333333, -0, 0)
     (-0, 1, -0)
     (0, -0, 1)
Geometric objects:
     block, center = (0,0,0)
          size (1e+20,1e+20,1)
          axes (1,0,0), (0,1,0), (0,0,1)
     prism, center = (0.0266964,0,0.5)
          height 1, axis (0,0,1), sidewall angle: 0 radians, 4 vertices:
          (-0.223304,-0.25,0)
          (-0.223304,0.25,0)
          (0.276696,0.25,0)
          (0.276696,-0.25,0)
     prism, center = (0.986696,0,0.5)
          height 1, axis (0,0,1), sidewall angle: 0 radians, 4 vertices:
          (0.736696,-0.25,0)
          (0.736696,0.25,0)
          (1.2367,0.25,0)
          (1.2367,-0.25,0)
     prism, center = (2.0067,0,0.5)
          height 1, axis (0,0,1), sidewall angle: 0 radians, 4 vertices:
          (1.7567,-0.25,0)
          (1.7567,0.25,0)
          (2.2567,0.25,0)
          (2.2567,-0.25,0)
Geometric object tree has depth 2 and 21 object nodes (vs. 4 actual objects)
Initializing epsilon function...
Allocating fields...
Solving for band polarization: te.
Initializing fields to random numbers...
1 k-points
  Vector3<-0.09, 0.14, 0.0>
elapsed time for initialization: 0.052933692932128906
solve_kpoint (-0.09,0.14,0):
tefreqs:, k index, k1, k2, k3, kmag/2pi, te band 1, te band 2, te band 3, te band 4, te band 5, te band 6
Solving for bands 1 to 6...
    near maximum in trace
    iteration    1: trace = 2.351358600738794 (199.763% change)
    iteration    2: trace = 0.6649642125288744 (111.818% change)
    iteration    3: trace = 0.4559935256914333 (37.2843% change)
    iteration    4: trace = 0.4311620307611659 (5.598% change)
    iteration    5: trace = 0.4170489800167285 (3.32772% change)
    iteration    6: trace = 0.4095007144553761 (1.82645% change)
    iteration    7: trace = 0.4015637521126315 (1.95717% change)
    iteration    8: trace = 0.3985833350559425 (0.744967% change)
    iteration    9: trace = 0.3970658652991997 (0.381442% change)
    iteration   10: trace = 0.3966894831580012 (0.0948358% change)
    iteration   11: trace = 0.3964607291019805 (0.0576824% change)
    iteration   12: trace = 0.39636427538462 (0.0243317% change)
    iteration   13: trace = 0.396302531228238 (0.0155788% change)
    iteration   14: trace = 0.3962874791357524 (0.0037982% change)
    iteration   15: trace = 0.3962822476205687 (0.00132014% change)
    iteration   16: trace = 0.3962811102741606 (0.000287005% change)
    iteration   17: trace = 0.3962806088927945 (0.000126522% change)
    iteration   18: trace = 0.396280394289799 (5.41543e-05% change)
    iteration   19: trace = 0.3962802872054397 (2.70224e-05% change)
    iteration   20: trace = 0.3962802536788375 (8.46033e-06% change)
    iteration   21: trace = 0.3962802439272202 (2.46079e-06% change)
    iteration   22: trace = 0.3962802411130394 (7.10149e-07% change)
    iteration   23: trace = 0.3962802403024855 (2.04541e-07% change)
    iteration   24: trace = 0.396280239965954 (8.49226e-08% change)
    iteration   25: trace = 0.3962802398492152 (2.94586e-08% change)
    iteration   26: trace = 0.3962802398033788 (1.15667e-08% change)
    iteration   27: trace = 0.3962802397894208 (3.52224e-09% change)
Finished solving for bands 1 to 6 after 27 iterations.
tefreqs:, 1, -0.09, 0.14, 0, 0.143178, 0.0645188, 0.14905, 0.17189, 0.30083, 0.323448, 0.381101
elapsed time for k point: 4.206634759902954
total elapsed time for run: 4.259665489196777
done
Initializing eigensolver data
Computing 6 bands with 1e-10 tolerance
Working in 2 dimensions.
Grid size is 336 x 112 x 1.
Solving for 6 bands at a time.
Creating Maxwell data...
Mesh size is 3.
Lattice vectors:
     (3, 0, 0)
     (0, 1, 0)
     (0, 0, 1)
Cell volume = 3
Reciprocal lattice vectors (/ 2 pi):
     (0.333333, -0, 0)
     (-0, 1, -0)
     (0, -0, 1)
Geometric objects:
     block, center = (0,0,0)
          size (1e+20,1e+20,1)
          axes (1,0,0), (0,1,0), (0,0,1)
     prism, center = (1.0267,0,0.5)
          height 1, axis (0,0,1), sidewall angle: 0 radians, 4 vertices:
          (0.776696,-0.25,0)
          (0.776696,0.25,0)
          (1.2767,0.25,0)
          (1.2767,-0.25,0)
     prism, center = (2.0067,0,0.5)
          height 1, axis (0,0,1), sidewall angle: 0 radians, 4 vertices:
          (1.7567,-0.25,0)
          (1.7567,0.25,0)
          (2.2567,0.25,0)
          (2.2567,-0.25,0)
     prism, center = (2.9867,0,0.5)
          height 1, axis (0,0,1), sidewall angle: 0 radians, 4 vertices:
          (2.7367,-0.25,0)
          (2.7367,0.25,0)
          (3.2367,0.25,0)
          (3.2367,-0.25,0)
Geometric object tree has depth 2 and 21 object nodes (vs. 4 actual objects)
Initializing epsilon function...
Allocating fields...
Solving for band polarization: te.
Initializing fields to random numbers...
1 k-points
  Vector3<-0.09, 0.14, 0.0>
elapsed time for initialization: 0.07759213447570801
solve_kpoint (-0.09,0.14,0):
tefreqs:, k index, k1, k2, k3, kmag/2pi, te band 1, te band 2, te band 3, te band 4, te band 5, te band 6
Solving for bands 1 to 6...
    near maximum in trace
    iteration    1: trace = 2.629775577671529 (199.734% change)
    iteration    2: trace = 0.6402924521754264 (121.678% change)
    iteration    3: trace = 0.4448308629941317 (36.0257% change)
    iteration    4: trace = 0.4214454226086938 (5.39907% change)
    iteration    5: trace = 0.4086965634384178 (3.07149% change)
    iteration    6: trace = 0.4042987754683832 (1.08187% change)
    iteration    7: trace = 0.4002759146746185 (0.999997% change)
    iteration    8: trace = 0.3981660187469063 (0.528503% change)
    iteration    9: trace = 0.3968959486409723 (0.31949% change)
    iteration   10: trace = 0.3965664545473645 (0.0830522% change)
    iteration   11: trace = 0.3963881532943465 (0.0449714% change)
    iteration   12: trace = 0.3963293604939407 (0.0148332% change)
    iteration   13: trace = 0.3962943533131804 (0.00883324% change)
    iteration   14: trace = 0.3962848807310527 (0.00239032% change)
    iteration   15: trace = 0.3962808400742043 (0.00101964% change)
    iteration   16: trace = 0.3962799866062039 (0.00021537% change)
    iteration   17: trace = 0.3962797068082644 (7.06061e-05% change)
    iteration   18: trace = 0.3962796116980858 (2.40008e-05% change)
    iteration   19: trace = 0.3962795586047945 (1.33979e-05% change)
    iteration   20: trace = 0.3962795365940012 (5.55436e-06% change)
    iteration   21: trace = 0.3962795295129948 (1.78687e-06% change)
    iteration   22: trace = 0.3962795274934778 (5.09619e-07% change)
    iteration   23: trace = 0.3962795269547867 (1.35937e-07% change)
    iteration   24: trace = 0.3962795267111284 (6.14865e-08% change)
    iteration   25: trace = 0.3962795265779894 (3.35972e-08% change)
    iteration   26: trace = 0.3962795265018001 (1.92262e-08% change)
    iteration   27: trace = 0.3962795264809009 (5.27385e-09% change)
Finished solving for bands 1 to 6 after 27 iterations.
tefreqs:, 1, -0.09, 0.14, 0, 0.143178, 0.0645191, 0.149056, 0.171878, 0.300696, 0.323647, 0.381041
elapsed time for k point: 5.674235105514526
total elapsed time for run: 5.751970529556274
done
Initializing eigensolver data
Computing 6 bands with 1e-10 tolerance
Working in 2 dimensions.
Grid size is 336 x 112 x 1.
Solving for 6 bands at a time.
Creating Maxwell data...
Mesh size is 3.
Lattice vectors:
     (3, 0, 0)
     (0, 1, 0)
     (0, 0, 1)
Cell volume = 3
Reciprocal lattice vectors (/ 2 pi):
     (0.333333, -0, 0)
     (-0, 1, -0)
     (0, -0, 1)
Geometric objects:
     block, center = (0,0,0)
          size (1e+20,1e+20,1)
          axes (1,0,0), (0,1,0), (0,0,1)
     prism, center = (0.01,0,0.5)
          height 1, axis (0,0,1), sidewall angle: 0 radians, 4 vertices:
          (-0.24,-0.25,0)
          (-0.24,0.25,0)
          (0.26,0.25,0)
          (0.26,-0.25,0)
     prism, center = (1,0,0.5)
          height 1, axis (0,0,1), sidewall angle: 0 radians, 4 vertices:
          (0.75,-0.25,0)
          (0.75,0.25,0)
          (1.25,0.25,0)
          (1.25,-0.25,0)
     prism, center = (2,0,0.5)
          height 1, axis (0,0,1), sidewall angle: 0 radians, 4 vertices:
          (1.75,-0.25,0)
          (1.75,0.25,0)
          (2.25,0.25,0)
          (2.25,-0.25,0)
Geometric object tree has depth 2 and 21 object nodes (vs. 4 actual objects)
Initializing epsilon function...
Allocating fields...
Solving for band polarization: te.
Initializing fields to random numbers...
1 k-points
  Vector3<-0.09, 0.14, 0.0>
elapsed time for initialization: 0.09228348731994629
solve_kpoint (-0.09,0.14,0):
tefreqs:, k index, k1, k2, k3, kmag/2pi, te band 1, te band 2, te band 3, te band 4, te band 5, te band 6
Solving for bands 1 to 6...
    near maximum in trace
    iteration    1: trace = 2.061140222606678 (199.791% change)
    iteration    2: trace = 0.5036728805904318 (121.449% change)
    iteration    3: trace = 0.4323240514276495 (15.2455% change)
    iteration    4: trace = 0.412033828890933 (4.80607% change)
    iteration    5: trace = 0.4059246314581396 (1.49377% change)
    iteration    6: trace = 0.4016762662559265 (1.0521% change)
    iteration    7: trace = 0.3993124217398702 (0.590232% change)
    iteration    8: trace = 0.3974458546075498 (0.46854% change)
    iteration    9: trace = 0.3969166400160344 (0.133243% change)
    iteration   10: trace = 0.396736274479817 (0.045452% change)
    iteration   11: trace = 0.3967002681455383 (0.00907605% change)
    iteration   12: trace = 0.3966866690593983 (0.00342811% change)
    iteration   13: trace = 0.3966818007172442 (0.00122726% change)
    iteration   14: trace = 0.3966793537056273 (0.000616872% change)
    iteration   15: trace = 0.396678537876264 (0.000205665% change)
    iteration   16: trace = 0.3966782748642774 (6.63036e-05% change)
    iteration   17: trace = 0.3966782091666119 (1.6562e-05% change)
    iteration   18: trace = 0.3966781912049693 (4.52801e-06% change)
    iteration   19: trace = 0.3966781845525277 (1.67704e-06% change)
    iteration   20: trace = 0.3966781810305259 (8.87874e-07% change)
    iteration   21: trace = 0.3966781794816935 (3.90451e-07% change)
    iteration   22: trace = 0.3966781791118505 (9.3235e-08% change)
    iteration   23: trace = 0.3966781790196871 (2.32338e-08% change)
    iteration   24: trace = 0.3966781789967412 (5.7845e-09% change)
Finished solving for bands 1 to 6 after 24 iterations.
tefreqs:, 1, -0.09, 0.14, 0, 0.143178, 0.0645574, 0.149098, 0.171791, 0.301498, 0.323208, 0.381318
elapsed time for k point: 5.668812036514282
total elapsed time for run: 5.7612364292144775
done
Initializing eigensolver data
Computing 6 bands with 1e-10 tolerance
Working in 2 dimensions.
Grid size is 336 x 112 x 1.
Solving for 6 bands at a time.
Creating Maxwell data...
Mesh size is 3.
Lattice vectors:
     (3, 0, 0)
     (0, 1, 0)
     (0, 0, 1)
Cell volume = 3
Reciprocal lattice vectors (/ 2 pi):
     (0.333333, -0, 0)
     (-0, 1, -0)
     (0, -0, 1)
Geometric objects:
     block, center = (0,0,0)
          size (1e+20,1e+20,1)
          axes (1,0,0), (0,1,0), (0,0,1)
     prism, center = (0.01,0,0.5)
          height 1, axis (0,0,1), sidewall angle: 0 radians, 4 vertices:
          (-0.24,-0.25,0)
          (-0.24,0.25,0)
          (0.26,0.25,0)
          (0.26,-0.25,0)
     prism, center = (1.01,0,0.5)
          height 1, axis (0,0,1), sidewall angle: 0 radians, 4 vertices:
          (0.76,-0.25,0)
          (0.76,0.25,0)
          (1.26,0.25,0)
          (1.26,-0.25,0)
     prism, center = (2,0,0.5)
          height 1, axis (0,0,1), sidewall angle: 0 radians, 4 vertices:
          (1.75,-0.25,0)
          (1.75,0.25,0)
          (2.25,0.25,0)
          (2.25,-0.25,0)
Geometric object tree has depth 2 and 21 object nodes (vs. 4 actual objects)
Initializing epsilon function...
Allocating fields...
Solving for band polarization: te.
Initializing fields to random numbers...
1 k-points
  Vector3<-0.09, 0.14, 0.0>
elapsed time for initialization: 0.08696961402893066
solve_kpoint (-0.09,0.14,0):
tefreqs:, k index, k1, k2, k3, kmag/2pi, te band 1, te band 2, te band 3, te band 4, te band 5, te band 6
Solving for bands 1 to 6...
    near maximum in trace
    iteration    1: trace = 2.442672612132427 (199.754% change)
    iteration    2: trace = 0.5386104564812988 (127.734% change)
    iteration    3: trace = 0.451556799652319 (17.5836% change)
    iteration    4: trace = 0.4204750895019475 (7.12857% change)
    iteration    5: trace = 0.4089773867153529 (2.77236% change)
    iteration    6: trace = 0.4022935590468129 (1.64774% change)
    iteration    7: trace = 0.3992543627638176 (0.758332% change)
    iteration    8: trace = 0.3973036117697951 (0.489795% change)
    iteration    9: trace = 0.3968229569879407 (0.121052% change)
    iteration   10: trace = 0.3966599467108647 (0.0410873% change)
    iteration   11: trace = 0.3966158821757501 (0.0111095% change)
    iteration   12: trace = 0.3965936604419928 (0.00560299% change)
    iteration   13: trace = 0.3965828387892421 (0.00272869% change)
    iteration   14: trace = 0.3965774225913122 (0.00136573% change)
    iteration   15: trace = 0.3965761202424473 (0.000328398% change)
    iteration   16: trace = 0.3965758420638008 (7.01451e-05% change)
    iteration   17: trace = 0.3965757541863126 (2.21591e-05% change)
    iteration   18: trace = 0.3965757157269827 (9.69785e-06% change)
    iteration   19: trace = 0.3965756961507205 (4.93632e-06% change)
    iteration   20: trace = 0.3965756895265415 (1.67034e-06% change)
    iteration   21: trace = 0.396575687488725 (5.13853e-07% change)
    iteration   22: trace = 0.3965756870584507 (1.08497e-07% change)
    iteration   23: trace = 0.3965756869041264 (3.89142e-08% change)
    iteration   24: trace = 0.3965756868571058 (1.18567e-08% change)
    iteration   25: trace = 0.3965756868361187 (5.29208e-09% change)
Finished solving for bands 1 to 6 after 25 iterations.
tefreqs:, 1, -0.09, 0.14, 0, 0.143178, 0.0645435, 0.14909, 0.171784, 0.301477, 0.323185, 0.381228
elapsed time for k point: 4.042672634124756
total elapsed time for run: 4.129763603210449
done
Initializing eigensolver data
Computing 6 bands with 1e-10 tolerance
Working in 2 dimensions.
Grid size is 336 x 112 x 1.
Solving for 6 bands at a time.
Creating Maxwell data...
Mesh size is 3.
Lattice vectors:
     (3, 0, 0)
     (0, 1, 0)
     (0, 0, 1)
Cell volume = 3
Reciprocal lattice vectors (/ 2 pi):
     (0.333333, -0, 0)
     (-0, 1, -0)
     (0, -0, 1)
Geometric objects:
     block, center = (0,0,0)
          size (1e+20,1e+20,1)
          axes (1,0,0), (0,1,0), (0,0,1)
     prism, center = (1,0,0.5)
          height 1, axis (0,0,1), sidewall angle: 0 radians, 4 vertices:
          (0.75,-0.25,0)
          (0.75,0.25,0)
          (1.25,0.25,0)
          (1.25,-0.25,0)
     prism, center = (2,0,0.5)
          height 1, axis (0,0,1), sidewall angle: 0 radians, 4 vertices:
          (1.75,-0.25,0)
          (1.75,0.25,0)
          (2.25,0.25,0)
          (2.25,-0.25,0)
     prism, center = (2.99,0,0.5)
          height 1, axis (0,0,1), sidewall angle: 0 radians, 4 vertices:
          (2.74,-0.25,0)
          (2.74,0.25,0)
          (3.24,0.25,0)
          (3.24,-0.25,0)
Geometric object tree has depth 2 and 21 object nodes (vs. 4 actual objects)
Initializing epsilon function...
Allocating fields...
Solving for band polarization: te.
Initializing fields to random numbers...
1 k-points
  Vector3<-0.09, 0.14, 0.0>
elapsed time for initialization: 0.0453643798828125
solve_kpoint (-0.09,0.14,0):
tefreqs:, k index, k1, k2, k3, kmag/2pi, te band 1, te band 2, te band 3, te band 4, te band 5, te band 6
Solving for bands 1 to 6...
    near maximum in trace
    iteration    1: trace = 2.290799862592073 (199.769% change)
    iteration    2: trace = 0.6313256683719064 (113.58% change)
    iteration    3: trace = 0.4486529503152419 (33.829% change)
    iteration    4: trace = 0.4224418321840951 (6.01797% change)
    iteration    5: trace = 0.4080216903500781 (3.47279% change)
    iteration    6: trace = 0.4027190914613095 (1.30809% change)
    iteration    7: trace = 0.3991371128450621 (0.893422% change)
    iteration    8: trace = 0.3976608362661372 (0.370552% change)
    iteration    9: trace = 0.3969238722100651 (0.185497% change)
    iteration   10: trace = 0.3967730370050889 (0.0380083% change)
    iteration   11: trace = 0.3967172670080912 (0.0140569% change)
    iteration   12: trace = 0.3966966458660843 (0.00519808% change)
    iteration   13: trace = 0.3966836225556566 (0.00328299% change)
    iteration   14: trace = 0.396679715471108 (0.000984942% change)
    iteration   15: trace = 0.3966783653669549 (0.000340352% change)
    iteration   16: trace = 0.3966780941599929 (6.83695e-05% change)
    iteration   17: trace = 0.3966779749294734 (3.00573e-05% change)
    iteration   18: trace = 0.3966779319881554 (1.08252e-05% change)
    iteration   19: trace = 0.396677909107181 (5.76815e-06% change)
    iteration   20: trace = 0.3966779019200287 (1.81184e-06% change)
    iteration   21: trace = 0.3966778995380929 (6.00471e-07% change)
    iteration   22: trace = 0.3966778990063613 (1.34046e-07% change)
    iteration   23: trace = 0.3966778988546032 (3.82573e-08% change)
    iteration   24: trace = 0.3966778988052322 (1.24461e-08% change)
    iteration   25: trace = 0.3966778987863874 (4.75066e-09% change)
Finished solving for bands 1 to 6 after 25 iterations.
tefreqs:, 1, -0.09, 0.14, 0, 0.143178, 0.0645574, 0.149098, 0.171791, 0.301497, 0.323209, 0.381318
elapsed time for k point: 3.7862987518310547
total elapsed time for run: 3.8317549228668213
done
Initializing eigensolver data
Computing 6 bands with 1e-10 tolerance
Working in 2 dimensions.
Grid size is 336 x 112 x 1.
Solving for 6 bands at a time.
Creating Maxwell data...
Mesh size is 3.
Lattice vectors:
     (3, 0, 0)
     (0, 1, 0)
     (0, 0, 1)
Cell volume = 3
Reciprocal lattice vectors (/ 2 pi):
     (0.333333, -0, 0)
     (-0, 1, -0)
     (0, -0, 1)
Geometric objects:
     block, center = (0,0,0)
          size (1e+20,1e+20,1)
          axes (1,0,0), (0,1,0), (0,0,1)
     prism, center = (0.99,0,0.5)
          height 1, axis (0,0,1), sidewall angle: 0 radians, 4 vertices:
          (0.74,-0.25,0)
          (0.74,0.25,0)
          (1.24,0.25,0)
          (1.24,-0.25,0)
     prism, center = (2,0,0.5)
          height 1, axis (0,0,1), sidewall angle: 0 radians, 4 vertices:
          (1.75,-0.25,0)
          (1.75,0.25,0)
          (2.25,0.25,0)
          (2.25,-0.25,0)
     prism, center = (2.99,0,0.5)
          height 1, axis (0,0,1), sidewall angle: 0 radians, 4 vertices:
          (2.74,-0.25,0)
          (2.74,0.25,0)
          (3.24,0.25,0)
          (3.24,-0.25,0)
Geometric object tree has depth 2 and 21 object nodes (vs. 4 actual objects)
Initializing epsilon function...
Allocating fields...
Solving for band polarization: te.
Initializing fields to random numbers...
1 k-points
  Vector3<-0.09, 0.14, 0.0>
elapsed time for initialization: 0.05254697799682617
solve_kpoint (-0.09,0.14,0):
tefreqs:, k index, k1, k2, k3, kmag/2pi, te band 1, te band 2, te band 3, te band 4, te band 5, te band 6
Solving for bands 1 to 6...
    near maximum in trace
    iteration    1: trace = 2.448132110340715 (199.753% change)
    iteration    2: trace = 0.636779149411588 (117.433% change)
    iteration    3: trace = 0.4421532052747836 (36.0775% change)
    iteration    4: trace = 0.4133054811514254 (6.74439% change)
    iteration    5: trace = 0.401983877149312 (2.77732% change)
    iteration    6: trace = 0.3992617919581585 (0.679463% change)
    iteration    7: trace = 0.3977202097775374 (0.386855% change)
    iteration    8: trace = 0.3971044948193501 (0.154931% change)
    iteration    9: trace = 0.3967032415777378 (0.101096% change)
    iteration   10: trace = 0.3966139524370195 (0.0225103% change)
    iteration   11: trace = 0.3965854060013606 (0.0071978% change)
    iteration   12: trace = 0.3965803378552244 (0.00127795% change)
    iteration   13: trace = 0.39657753765255 (0.00070609% change)
    iteration   14: trace = 0.3965763203509103 (0.000306952% change)
    iteration   15: trace = 0.3965756419348156 (0.000171068% change)
    iteration   16: trace = 0.3965754799495583 (4.0846e-05% change)
    iteration   17: trace = 0.396575426095218 (1.35798e-05% change)
    iteration   18: trace = 0.396575414244668 (2.98822e-06% change)
    iteration   19: trace = 0.3965754091994578 (1.27219e-06% change)
    iteration   20: trace = 0.396575407265025 (4.87784e-07% change)
    iteration   21: trace = 0.3965754064116077 (2.15197e-07% change)
    iteration   22: trace = 0.396575406195244 (5.4558e-08% change)
    iteration   23: trace = 0.3965754061382243 (1.4378e-08% change)
    iteration   24: trace = 0.3965754061240816 (3.5662e-09% change)
Finished solving for bands 1 to 6 after 24 iterations.
tefreqs:, 1, -0.09, 0.14, 0, 0.143178, 0.0645435, 0.14909, 0.171784, 0.301476, 0.323186, 0.381228
elapsed time for k point: 3.457521677017212
total elapsed time for run: 3.510152816772461
done
Initializing eigensolver data
Computing 6 bands with 1e-10 tolerance
Working in 2 dimensions.
Grid size is 336 x 112 x 1.
Solving for 6 bands at a time.
Creating Maxwell data...
Mesh size is 3.
Lattice vectors:
     (3, 0, 0)
     (0, 1, 0)
     (0, 0, 1)
Cell volume = 3
Reciprocal lattice vectors (/ 2 pi):
     (0.333333, -0, 0)
     (-0, 1, -0)
     (0, -0, 1)
Geometric objects:
     block, center = (0,0,0)
          size (1e+20,1e+20,1)
          axes (1,0,0), (0,1,0), (0,0,1)
     prism, center = (0.0122321,0,0.5)
          height 1, axis (0,0,1), sidewall angle: 0 radians, 4 vertices:
          (-0.237768,-0.25,0)
          (-0.237768,0.25,0)
          (0.262232,0.25,0)
          (0.262232,-0.25,0)
     prism, center = (1.00223,0,0.5)
          height 1, axis (0,0,1), sidewall angle: 0 radians, 4 vertices:
          (0.752232,-0.25,0)
          (0.752232,0.25,0)
          (1.25223,0.25,0)
          (1.25223,-0.25,0)
     prism, center = (2.00223,0,0.5)
          height 1, axis (0,0,1), sidewall angle: 0 radians, 4 vertices:
          (1.75223,-0.25,0)
          (1.75223,0.25,0)
          (2.25223,0.25,0)
          (2.25223,-0.25,0)
Geometric object tree has depth 2 and 21 object nodes (vs. 4 actual objects)
Initializing epsilon function...
Allocating fields...
Solving for band polarization: te.
Initializing fields to random numbers...
1 k-points
  Vector3<-0.09, 0.14, 0.0>
elapsed time for initialization: 0.0440673828125
solve_kpoint (-0.09,0.14,0):
tefreqs:, k index, k1, k2, k3, kmag/2pi, te band 1, te band 2, te band 3, te band 4, te band 5, te band 6
Solving for bands 1 to 6...
    near maximum in trace
    iteration    1: trace = 2.218662055645113 (199.776% change)
    iteration    2: trace = 0.5286276526482083 (123.033% change)
    iteration    3: trace = 0.4510829515158138 (15.8301% change)
    iteration    4: trace = 0.4190105691276985 (7.37217% change)
    iteration    5: trace = 0.4082673854444279 (2.59724% change)
    iteration    6: trace = 0.4015697805769139 (1.65406% change)
    iteration    7: trace = 0.3987811816629122 (0.696844% change)
    iteration    8: trace = 0.397030429889259 (0.439992% change)
    iteration    9: trace = 0.3965992597118284 (0.108658% change)
    iteration   10: trace = 0.3964353067778892 (0.0413482% change)
    iteration   11: trace = 0.3963999012110831 (0.00893138% change)
    iteration   12: trace = 0.3963816917953175 (0.0045938% change)
    iteration   13: trace = 0.3963736657591734 (0.00202485% change)
    iteration   14: trace = 0.3963691304997453 (0.00114419% change)
    iteration   15: trace = 0.3963679034982035 (0.000309561% change)
    iteration   16: trace = 0.3963675445035022 (9.05711e-05% change)
    iteration   17: trace = 0.3963674688453609 (1.90879e-05% change)
    iteration   18: trace = 0.3963674397669207 (7.33623e-06% change)
    iteration   19: trace = 0.3963674279862122 (2.97217e-06% change)
    iteration   20: trace = 0.396367422442049 (1.39874e-06% change)
    iteration   21: trace = 0.3963674206845543 (4.434e-07% change)
    iteration   22: trace = 0.3963674201443328 (1.36293e-07% change)
    iteration   23: trace = 0.3963674200042094 (3.53519e-08% change)
    iteration   24: trace = 0.396367419967985 (9.1391e-09% change)
Finished solving for bands 1 to 6 after 24 iterations.
tefreqs:, 1, -0.09, 0.14, 0, 0.143178, 0.064514, 0.149076, 0.171771, 0.30144, 0.323145, 0.381035
elapsed time for k point: 2.8609230518341064
total elapsed time for run: 2.905073881149292
done
Initializing eigensolver data
Computing 6 bands with 1e-10 tolerance
Working in 2 dimensions.
Grid size is 336 x 112 x 1.
Solving for 6 bands at a time.
Creating Maxwell data...
Mesh size is 3.
Lattice vectors:
     (3, 0, 0)
     (0, 1, 0)
     (0, 0, 1)
Cell volume = 3
Reciprocal lattice vectors (/ 2 pi):
     (0.333333, -0, 0)
     (-0, 1, -0)
     (0, -0, 1)
Geometric objects:
     block, center = (0,0,0)
          size (1e+20,1e+20,1)
          axes (1,0,0), (0,1,0), (0,0,1)
     prism, center = (0.0122321,0,0.5)
          height 1, axis (0,0,1), sidewall angle: 0 radians, 4 vertices:
          (-0.237768,-0.25,0)
          (-0.237768,0.25,0)
          (0.262232,0.25,0)
          (0.262232,-0.25,0)
     prism, center = (1.01223,0,0.5)
          height 1, axis (0,0,1), sidewall angle: 0 radians, 4 vertices:
          (0.762232,-0.25,0)
          (0.762232,0.25,0)
          (1.26223,0.25,0)
          (1.26223,-0.25,0)
     prism, center = (2.00223,0,0.5)
          height 1, axis (0,0,1), sidewall angle: 0 radians, 4 vertices:
          (1.75223,-0.25,0)
          (1.75223,0.25,0)
          (2.25223,0.25,0)
          (2.25223,-0.25,0)
Geometric object tree has depth 2 and 21 object nodes (vs. 4 actual objects)
Initializing epsilon function...
Allocating fields...
Solving for band polarization: te.
Initializing fields to random numbers...
1 k-points
  Vector3<-0.09, 0.14, 0.0>
elapsed time for initialization: 0.04842567443847656
solve_kpoint (-0.09,0.14,0):
tefreqs:, k index, k1, k2, k3, kmag/2pi, te band 1, te band 2, te band 3, te band 4, te band 5, te band 6
Solving for bands 1 to 6...
    near maximum in trace
    iteration    1: trace = 2.390911921822448 (199.758% change)
    iteration    2: trace = 0.5301399929230322 (127.404% change)
    iteration    3: trace = 0.4429992536722542 (17.9092% change)
    iteration    4: trace = 0.4141045701571229 (6.7424% change)
    iteration    5: trace = 0.4044195406348771 (2.36646% change)
    iteration    6: trace = 0.4001156817351837 (1.0699% change)
    iteration    7: trace = 0.3983160223174551 (0.450799% change)
    iteration    8: trace = 0.3969907874584001 (0.333264% change)
    iteration    9: trace = 0.3965785536762094 (0.103894% change)
    iteration   10: trace = 0.3964488835375161 (0.0327026% change)
    iteration   11: trace = 0.396424609533756 (0.00612305% change)
    iteration   12: trace = 0.3964174423106061 (0.00180798% change)
    iteration   13: trace = 0.3964142881157987 (0.000795678% change)
    iteration   14: trace = 0.3964122557970309 (0.000512677% change)
    iteration   15: trace = 0.3964114169452305 (0.000211611% change)
    iteration   16: trace = 0.3964111702891212 (6.22223e-05% change)
    iteration   17: trace = 0.3964111115939533 (1.48066e-05% change)
    iteration   18: trace = 0.3964110981308381 (3.39625e-06% change)
    iteration   19: trace = 0.396411093955659 (1.05324e-06% change)
    iteration   20: trace = 0.3964110925775239 (3.47653e-07% change)
    iteration   21: trace = 0.3964110918965645 (1.71781e-07% change)
    iteration   22: trace = 0.3964110916704111 (5.70502e-08% change)
    iteration   23: trace = 0.3964110915975014 (1.83924e-08% change)
    iteration   24: trace = 0.3964110915830898 (3.6355e-09% change)
Finished solving for bands 1 to 6 after 24 iterations.
tefreqs:, 1, -0.09, 0.14, 0, 0.143178, 0.0645218, 0.149078, 0.171772, 0.301444, 0.32315, 0.381082
elapsed time for k point: 2.940615177154541
total elapsed time for run: 2.989123821258545
done
Initializing eigensolver data
Computing 6 bands with 1e-10 tolerance
Working in 2 dimensions.
Grid size is 336 x 112 x 1.
Solving for 6 bands at a time.
Creating Maxwell data...
Mesh size is 3.
Lattice vectors:
     (3, 0, 0)
     (0, 1, 0)
     (0, 0, 1)
Cell volume = 3
Reciprocal lattice vectors (/ 2 pi):
     (0.333333, -0, 0)
     (-0, 1, -0)
     (0, -0, 1)
Geometric objects:
     block, center = (0,0,0)
          size (1e+20,1e+20,1)
          axes (1,0,0), (0,1,0), (0,0,1)
     prism, center = (1.00223,0,0.5)
          height 1, axis (0,0,1), sidewall angle: 0 radians, 4 vertices:
          (0.752232,-0.25,0)
          (0.752232,0.25,0)
          (1.25223,0.25,0)
          (1.25223,-0.25,0)
     prism, center = (2.00223,0,0.5)
          height 1, axis (0,0,1), sidewall angle: 0 radians, 4 vertices:
          (1.75223,-0.25,0)
          (1.75223,0.25,0)
          (2.25223,0.25,0)
          (2.25223,-0.25,0)
     prism, center = (2.99223,0,0.5)
          height 1, axis (0,0,1), sidewall angle: 0 radians, 4 vertices:
          (2.74223,-0.25,0)
          (2.74223,0.25,0)
          (3.24223,0.25,0)
          (3.24223,-0.25,0)
Geometric object tree has depth 2 and 21 object nodes (vs. 4 actual objects)
Initializing epsilon function...
Allocating fields...
Solving for band polarization: te.
Initializing fields to random numbers...
1 k-points
  Vector3<-0.09, 0.14, 0.0>
elapsed time for initialization: 0.056772470474243164
solve_kpoint (-0.09,0.14,0):
tefreqs:, k index, k1, k2, k3, kmag/2pi, te band 1, te band 2, te band 3, te band 4, te band 5, te band 6
Solving for bands 1 to 6...
    near maximum in trace
    iteration    1: trace = 2.193649156805442 (199.779% change)
    iteration    2: trace = 0.5933569070541495 (114.84% change)
    iteration    3: trace = 0.4516743611289342 (27.1155% change)
    iteration    4: trace = 0.4282023262196927 (5.3353% change)
    iteration    5: trace = 0.4175999006515485 (2.50707% change)
    iteration    6: trace = 0.4129625952985567 (1.11667% change)
    iteration    7: trace = 0.4068252258198084 (1.49731% change)
    iteration    8: trace = 0.4015525458160599 (1.30451% change)
    iteration    9: trace = 0.3981396462886988 (0.853553% change)
    iteration   10: trace = 0.3970498085510641 (0.274108% change)
    iteration   11: trace = 0.3965998103518948 (0.1134% change)
    iteration   12: trace = 0.3964377874979144 (0.0408613% change)
    iteration   13: trace = 0.3963508554736831 (0.0219307% change)
    iteration   14: trace = 0.3963236665047293 (0.00686006% change)
    iteration   15: trace = 0.396315149471906 (0.00214903% change)
    iteration   16: trace = 0.3963132444607905 (0.000480682% change)
    iteration   17: trace = 0.3963126961414639 (0.000138355% change)
    iteration   18: trace = 0.3963124857123503 (5.30968e-05% change)
    iteration   19: trace = 0.3963123846056029 (2.55119e-05% change)
    iteration   20: trace = 0.3963123368357295 (1.20536e-05% change)
    iteration   21: trace = 0.3963123208382786 (4.03658e-06% change)
    iteration   22: trace = 0.3963123163428467 (1.13432e-06% change)
    iteration   23: trace = 0.396312315435768 (2.2888e-07% change)
    iteration   24: trace = 0.3963123151538397 (7.11379e-08% change)
    iteration   25: trace = 0.3963123150455136 (2.73335e-08% change)
    iteration   26: trace = 0.3963123149845537 (1.53818e-08% change)
    iteration   27: trace = 0.3963123149620167 (5.68668e-09% change)
Finished solving for bands 1 to 6 after 27 iterations.
tefreqs:, 1, -0.09, 0.14, 0, 0.143178, 0.0645042, 0.149073, 0.171769, 0.301435, 0.323138, 0.380977
elapsed time for k point: 3.532522439956665
total elapsed time for run: 3.5893759727478027
done
Initializing eigensolver data
Computing 6 bands with 1e-10 tolerance
Working in 2 dimensions.
Grid size is 336 x 112 x 1.
Solving for 6 bands at a time.
Creating Maxwell data...
Mesh size is 3.
Lattice vectors:
     (3, 0, 0)
     (0, 1, 0)
     (0, 0, 1)
Cell volume = 3
Reciprocal lattice vectors (/ 2 pi):
     (0.333333, -0, 0)
     (-0, 1, -0)
     (0, -0, 1)
Geometric objects:
     block, center = (0,0,0)
          size (1e+20,1e+20,1)
          axes (1,0,0), (0,1,0), (0,0,1)
     prism, center = (0.992232,0,0.5)
          height 1, axis (0,0,1), sidewall angle: 0 radians, 4 vertices:
          (0.742232,-0.25,0)
          (0.742232,0.25,0)
          (1.24223,0.25,0)
          (1.24223,-0.25,0)
     prism, center = (2.00223,0,0.5)
          height 1, axis (0,0,1), sidewall angle: 0 radians, 4 vertices:
          (1.75223,-0.25,0)
          (1.75223,0.25,0)
          (2.25223,0.25,0)
          (2.25223,-0.25,0)
     prism, center = (2.99223,0,0.5)
          height 1, axis (0,0,1), sidewall angle: 0 radians, 4 vertices:
          (2.74223,-0.25,0)
          (2.74223,0.25,0)
          (3.24223,0.25,0)
          (3.24223,-0.25,0)
Geometric object tree has depth 2 and 21 object nodes (vs. 4 actual objects)
Initializing epsilon function...
Allocating fields...
Solving for band polarization: te.
Initializing fields to random numbers...
1 k-points
  Vector3<-0.09, 0.14, 0.0>
elapsed time for initialization: 0.04253077507019043
solve_kpoint (-0.09,0.14,0):
tefreqs:, k index, k1, k2, k3, kmag/2pi, te band 1, te band 2, te band 3, te band 4, te band 5, te band 6
Solving for bands 1 to 6...
    near maximum in trace
    iteration    1: trace = 2.45406715085307 (199.752% change)
    iteration    2: trace = 0.6251010719131295 (118.796% change)
    iteration    3: trace = 0.4417862711210675 (34.3644% change)
    iteration    4: trace = 0.4138206256882523 (6.53703% change)
    iteration    5: trace = 0.4021095201437399 (2.87061% change)
    iteration    6: trace = 0.3993007136592425 (0.700966% change)
    iteration    7: trace = 0.3977354146369634 (0.39278% change)
    iteration    8: trace = 0.3970103602023787 (0.182462% change)
    iteration    9: trace = 0.3964842437164723 (0.132607% change)
    iteration   10: trace = 0.39635454324982 (0.032718% change)
    iteration   11: trace = 0.3963127838509272 (0.0105364% change)
    iteration   12: trace = 0.3963055906579583 (0.00181505% change)
    iteration   13: trace = 0.3963026837361145 (0.000733508% change)
    iteration   14: trace = 0.3963016563299612 (0.000259248% change)
    iteration   15: trace = 0.3963010464732479 (0.000153887% change)
    iteration   16: trace = 0.3963008600115399 (4.70505e-05% change)
    iteration   17: trace = 0.3963007960574285 (1.61378e-05% change)
    iteration   18: trace = 0.3963007842003985 (2.99193e-06% change)
    iteration   19: trace = 0.3963007809291313 (8.25451e-07% change)
    iteration   20: trace = 0.3963007797829585 (2.89218e-07% change)
    iteration   21: trace = 0.3963007791201636 (1.67245e-07% change)
    iteration   22: trace = 0.3963007788980837 (5.60382e-08% change)
    iteration   23: trace = 0.3963007788339016 (1.61953e-08% change)
    iteration   24: trace = 0.3963007788150562 (4.75533e-09% change)
Finished solving for bands 1 to 6 after 24 iterations.
tefreqs:, 1, -0.09, 0.14, 0, 0.143178, 0.0645023, 0.149072, 0.171768, 0.301433, 0.323136, 0.380965
elapsed time for k point: 2.8829827308654785
total elapsed time for run: 2.9255950450897217
done
Initializing eigensolver data
Computing 6 bands with 1e-10 tolerance
Working in 2 dimensions.
Grid size is 336 x 112 x 1.
Solving for 6 bands at a time.
Creating Maxwell data...
Mesh size is 3.
Lattice vectors:
     (3, 0, 0)
     (0, 1, 0)
     (0, 0, 1)
Cell volume = 3
Reciprocal lattice vectors (/ 2 pi):
     (0.333333, -0, 0)
     (-0, 1, -0)
     (0, -0, 1)
Geometric objects:
     block, center = (0,0,0)
          size (1e+20,1e+20,1)
          axes (1,0,0), (0,1,0), (0,0,1)
     prism, center = (0.0144643,0,0.5)
          height 1, axis (0,0,1), sidewall angle: 0 radians, 4 vertices:
          (-0.235536,-0.25,0)
          (-0.235536,0.25,0)
          (0.264464,0.25,0)
          (0.264464,-0.25,0)
     prism, center = (1.00446,0,0.5)
          height 1, axis (0,0,1), sidewall angle: 0 radians, 4 vertices:
          (0.754464,-0.25,0)
          (0.754464,0.25,0)
          (1.25446,0.25,0)
          (1.25446,-0.25,0)
     prism, center = (2.00446,0,0.5)
          height 1, axis (0,0,1), sidewall angle: 0 radians, 4 vertices:
          (1.75446,-0.25,0)
          (1.75446,0.25,0)
          (2.25446,0.25,0)
          (2.25446,-0.25,0)
Geometric object tree has depth 2 and 21 object nodes (vs. 4 actual objects)
Initializing epsilon function...
Allocating fields...
Solving for band polarization: te.
Initializing fields to random numbers...
1 k-points
  Vector3<-0.09, 0.14, 0.0>
elapsed time for initialization: 0.04523181915283203
solve_kpoint (-0.09,0.14,0):
tefreqs:, k index, k1, k2, k3, kmag/2pi, te band 1, te band 2, te band 3, te band 4, te band 5, te band 6
Solving for bands 1 to 6...
    near maximum in trace
    iteration    1: trace = 2.371946176859042 (199.762% change)
    iteration    2: trace = 0.553013275878785 (124.373% change)
    iteration    3: trace = 0.4612836568233814 (18.0873% change)
    iteration    4: trace = 0.4286476233531825 (7.33451% change)
    iteration    5: trace = 0.4175225194136377 (2.62952% change)
    iteration    6: trace = 0.410010265321255 (1.81558% change)
    iteration    7: trace = 0.4041749180324218 (1.43342% change)
    iteration    8: trace = 0.3992017608400383 (1.23806% change)
    iteration    9: trace = 0.3975095915636296 (0.424789% change)
    iteration   10: trace = 0.3969205923049715 (0.148282% change)
    iteration   11: trace = 0.3967271519806091 (0.0487471% change)
    iteration   12: trace = 0.3966510807026179 (0.0191765% change)
    iteration   13: trace = 0.3966075180238141 (0.0109832% change)
    iteration   14: trace = 0.3965917025726406 (0.00398776% change)
    iteration   15: trace = 0.3965852052542619 (0.0016383% change)
    iteration   16: trace = 0.3965836149490706 (0.000401% change)
    iteration   17: trace = 0.3965830545435569 (0.000141308% change)
    iteration   18: trace = 0.396582870377273 (4.64383e-05% change)
    iteration   19: trace = 0.3965827540041948 (2.9344e-05% change)
    iteration   20: trace = 0.3965827104867723 (1.09731e-05% change)
    iteration   21: trace = 0.3965826955006796 (3.77881e-06% change)
    iteration   22: trace = 0.3965826924253507 (7.75457e-07% change)
    iteration   23: trace = 0.3965826917257546 (1.76406e-07% change)
    iteration   24: trace = 0.3965826915405058 (4.67113e-08% change)
    iteration   25: trace = 0.3965826914964926 (1.10981e-08% change)
    iteration   26: trace = 0.3965826914766242 (5.00991e-09% change)
Finished solving for bands 1 to 6 after 26 iterations.
tefreqs:, 1, -0.09, 0.14, 0, 0.143178, 0.0645486, 0.149092, 0.171784, 0.301476, 0.323184, 0.381237
elapsed time for k point: 3.468440055847168
total elapsed time for run: 3.513761043548584
done
Initializing eigensolver data
Computing 6 bands with 1e-10 tolerance
Working in 2 dimensions.
Grid size is 336 x 112 x 1.
Solving for 6 bands at a time.
Creating Maxwell data...
Mesh size is 3.
Lattice vectors:
     (3, 0, 0)
     (0, 1, 0)
     (0, 0, 1)
Cell volume = 3
Reciprocal lattice vectors (/ 2 pi):
     (0.333333, -0, 0)
     (-0, 1, -0)
     (0, -0, 1)
Geometric objects:
     block, center = (0,0,0)
          size (1e+20,1e+20,1)
          axes (1,0,0), (0,1,0), (0,0,1)
     prism, center = (0.0144643,0,0.5)
          height 1, axis (0,0,1), sidewall angle: 0 radians, 4 vertices:
          (-0.235536,-0.25,0)
          (-0.235536,0.25,0)
          (0.264464,0.25,0)
          (0.264464,-0.25,0)
     prism, center = (1.01446,0,0.5)
          height 1, axis (0,0,1), sidewall angle: 0 radians, 4 vertices:
          (0.764464,-0.25,0)
          (0.764464,0.25,0)
          (1.26446,0.25,0)
          (1.26446,-0.25,0)
     prism, center = (2.00446,0,0.5)
          height 1, axis (0,0,1), sidewall angle: 0 radians, 4 vertices:
          (1.75446,-0.25,0)
          (1.75446,0.25,0)
          (2.25446,0.25,0)
          (2.25446,-0.25,0)
Geometric object tree has depth 2 and 21 object nodes (vs. 4 actual objects)
Initializing epsilon function...
Allocating fields...
Solving for band polarization: te.
Initializing fields to random numbers...
1 k-points
  Vector3<-0.09, 0.14, 0.0>
elapsed time for initialization: 0.0982365608215332
solve_kpoint (-0.09,0.14,0):
tefreqs:, k index, k1, k2, k3, kmag/2pi, te band 1, te band 2, te band 3, te band 4, te band 5, te band 6
Solving for bands 1 to 6...
    near maximum in trace
    iteration    1: trace = 2.015699876197278 (199.798% change)
    iteration    2: trace = 0.55045983332107 (114.197% change)
    iteration    3: trace = 0.4668018675801893 (16.4477% change)
    iteration    4: trace = 0.4213347396968565 (10.2388% change)
    iteration    5: trace = 0.4049023802384734 (3.97764% change)
    iteration    6: trace = 0.3992253841030754 (1.41196% change)
    iteration    7: trace = 0.3978141589141759 (0.354117% change)
    iteration    8: trace = 0.3971409009239798 (0.169383% change)
    iteration    9: trace = 0.3968301631282677 (0.0782743% change)
    iteration   10: trace = 0.3966229995956831 (0.0522182% change)
    iteration   11: trace = 0.3965462872847504 (0.0193432% change)
    iteration   12: trace = 0.3965290325983585 (0.00435134% change)
    iteration   13: trace = 0.3965244133078908 (0.00116494% change)
    iteration   14: trace = 0.3965230839509308 (0.000335253% change)
    iteration   15: trace = 0.3965223316175187 (0.000189733% change)
    iteration   16: trace = 0.3965220281878362 (7.65228e-05% change)
    iteration   17: trace = 0.396521901889495 (3.18515e-05% change)
    iteration   18: trace = 0.3965218759197494 (6.54939e-06% change)
    iteration   19: trace = 0.3965218680487593 (1.98501e-06% change)
    iteration   20: trace = 0.3965218662639152 (4.50125e-07% change)
    iteration   21: trace = 0.3965218653290598 (2.35764e-07% change)
    iteration   22: trace = 0.3965218649372675 (9.88072e-08% change)
    iteration   23: trace = 0.3965218647639007 (4.37219e-08% change)
    iteration   24: trace = 0.3965218647184232 (1.14691e-08% change)
    iteration   25: trace = 0.3965218647075567 (2.74045e-09% change)
Finished solving for bands 1 to 6 after 25 iterations.
tefreqs:, 1, -0.09, 0.14, 0, 0.143178, 0.0645395, 0.149087, 0.171779, 0.301463, 0.323171, 0.381186
elapsed time for k point: 5.105841159820557
total elapsed time for run: 5.204181909561157
done
Initializing eigensolver data
Computing 6 bands with 1e-10 tolerance
Working in 2 dimensions.
Grid size is 336 x 112 x 1.
Solving for 6 bands at a time.
Creating Maxwell data...
Mesh size is 3.
Lattice vectors:
     (3, 0, 0)
     (0, 1, 0)
     (0, 0, 1)
Cell volume = 3
Reciprocal lattice vectors (/ 2 pi):
     (0.333333, -0, 0)
     (-0, 1, -0)
     (0, -0, 1)
Geometric objects:
     block, center = (0,0,0)
          size (1e+20,1e+20,1)
          axes (1,0,0), (0,1,0), (0,0,1)
     prism, center = (1.00446,0,0.5)
          height 1, axis (0,0,1), sidewall angle: 0 radians, 4 vertices:
          (0.754464,-0.25,0)
          (0.754464,0.25,0)
          (1.25446,0.25,0)
          (1.25446,-0.25,0)
     prism, center = (2.00446,0,0.5)
          height 1, axis (0,0,1), sidewall angle: 0 radians, 4 vertices:
          (1.75446,-0.25,0)
          (1.75446,0.25,0)
          (2.25446,0.25,0)
          (2.25446,-0.25,0)
     prism, center = (2.99446,0,0.5)
          height 1, axis (0,0,1), sidewall angle: 0 radians, 4 vertices:
          (2.74446,-0.25,0)
          (2.74446,0.25,0)
          (3.24446,0.25,0)
          (3.24446,-0.25,0)
Geometric object tree has depth 2 and 21 object nodes (vs. 4 actual objects)
Initializing epsilon function...
Allocating fields...
Solving for band polarization: te.
Initializing fields to random numbers...
1 k-points
  Vector3<-0.09, 0.14, 0.0>
elapsed time for initialization: 0.05034375190734863
solve_kpoint (-0.09,0.14,0):
tefreqs:, k index, k1, k2, k3, kmag/2pi, te band 1, te band 2, te band 3, te band 4, te band 5, te band 6
Solving for bands 1 to 6...
    near maximum in trace
    iteration    1: trace = 1.933582018523152 (199.807% change)
    iteration    2: trace = 0.5775028349757849 (108.007% change)
    iteration    3: trace = 0.4191714385982229 (31.7719% change)
    iteration    4: trace = 0.4081851759102518 (2.65575% change)
    iteration    5: trace = 0.402444960282364 (1.41624% change)
    iteration    6: trace = 0.4002211124646513 (0.554115% change)
    iteration    7: trace = 0.3978477646663747 (0.594773% change)
    iteration    8: trace = 0.3970797556863703 (0.193227% change)
    iteration    9: trace = 0.3966957299797701 (0.0967593% change)
    iteration   10: trace = 0.3966292784179507 (0.0167527% change)
    iteration   11: trace = 0.3965993826365003 (0.00753775% change)
    iteration   12: trace = 0.3965910466975494 (0.00210188% change)
    iteration   13: trace = 0.396585324197262 (0.00144293% change)
    iteration   14: trace = 0.3965835812311601 (0.000439494% change)
    iteration   15: trace = 0.3965828909586424 (0.000174055% change)
    iteration   16: trace = 0.3965827588657145 (3.33078e-05% change)
    iteration   17: trace = 0.3965827172717094 (1.04881e-05% change)
    iteration   18: trace = 0.3965827029222894 (3.61827e-06% change)
    iteration   19: trace = 0.3965826957207949 (1.81589e-06% change)
    iteration   20: trace = 0.3965826927335938 (7.53235e-07% change)
    iteration   21: trace = 0.3965826918247367 (2.29172e-07% change)
    iteration   22: trace = 0.3965826915495214 (6.93967e-08% change)
    iteration   23: trace = 0.3965826914940952 (1.3976e-08% change)
    iteration   24: trace = 0.3965826914769969 (4.31141e-09% change)
Finished solving for bands 1 to 6 after 24 iterations.
tefreqs:, 1, -0.09, 0.14, 0, 0.143178, 0.0645486, 0.149092, 0.171784, 0.301476, 0.323184, 0.381237
elapsed time for k point: 4.356279611587524
total elapsed time for run: 4.406726598739624
done
Initializing eigensolver data
Computing 6 bands with 1e-10 tolerance
Working in 2 dimensions.
Grid size is 336 x 112 x 1.
Solving for 6 bands at a time.
Creating Maxwell data...
Mesh size is 3.
Lattice vectors:
     (3, 0, 0)
     (0, 1, 0)
     (0, 0, 1)
Cell volume = 3
Reciprocal lattice vectors (/ 2 pi):
     (0.333333, -0, 0)
     (-0, 1, -0)
     (0, -0, 1)
Geometric objects:
     block, center = (0,0,0)
          size (1e+20,1e+20,1)
          axes (1,0,0), (0,1,0), (0,0,1)
     prism, center = (0.994464,0,0.5)
          height 1, axis (0,0,1), sidewall angle: 0 radians, 4 vertices:
          (0.744464,-0.25,0)
          (0.744464,0.25,0)
          (1.24446,0.25,0)
          (1.24446,-0.25,0)
     prism, center = (2.00446,0,0.5)
          height 1, axis (0,0,1), sidewall angle: 0 radians, 4 vertices:
          (1.75446,-0.25,0)
          (1.75446,0.25,0)
          (2.25446,0.25,0)
          (2.25446,-0.25,0)
     prism, center = (2.99446,0,0.5)
          height 1, axis (0,0,1), sidewall angle: 0 radians, 4 vertices:
          (2.74446,-0.25,0)
          (2.74446,0.25,0)
          (3.24446,0.25,0)
          (3.24446,-0.25,0)
Geometric object tree has depth 2 and 21 object nodes (vs. 4 actual objects)
Initializing epsilon function...
Allocating fields...
Solving for band polarization: te.
Initializing fields to random numbers...
1 k-points
  Vector3<-0.09, 0.14, 0.0>
elapsed time for initialization: 0.0617825984954834
solve_kpoint (-0.09,0.14,0):
tefreqs:, k index, k1, k2, k3, kmag/2pi, te band 1, te band 2, te band 3, te band 4, te band 5, te band 6
Solving for bands 1 to 6...
    near maximum in trace
    iteration    1: trace = 2.853443382691621 (199.714% change)
    iteration    2: trace = 0.6734405084069002 (123.622% change)
    iteration    3: trace = 0.46265646814568 (37.1067% change)
    iteration    4: trace = 0.4223330044162311 (9.11276% change)
    iteration    5: trace = 0.4051375058465944 (4.15616% change)
    iteration    6: trace = 0.4006138645760463 (1.12284% change)
    iteration    7: trace = 0.3981492768721427 (0.617101% change)
    iteration    8: trace = 0.3973519250617458 (0.200465% change)
    iteration    9: trace = 0.3968114704063709 (0.136107% change)
    iteration   10: trace = 0.3966305390057998 (0.0456067% change)
    iteration   11: trace = 0.3965544628538673 (0.0191824% change)
    iteration   12: trace = 0.3965359395832396 (0.00467116% change)
    iteration   13: trace = 0.3965281655626716 (0.0019605% change)
    iteration   14: trace = 0.396524495120185 (0.000925649% change)
    iteration   15: trace = 0.3965226509989342 (0.000465072% change)
    iteration   16: trace = 0.3965220614130545 (0.000148689% change)
    iteration   17: trace = 0.3965219246892112 (3.44808e-05% change)
    iteration   18: trace = 0.3965218829060547 (1.05374e-05% change)
    iteration   19: trace = 0.3965218730548793 (2.4844e-06% change)
    iteration   20: trace = 0.3965218682634928 (1.20835e-06% change)
    iteration   21: trace = 0.3965218661103307 (5.43012e-07% change)
    iteration   22: trace = 0.3965218650109469 (2.77257e-07% change)
    iteration   23: trace = 0.396521864782821 (5.75317e-08% change)
    iteration   24: trace = 0.3965218647204649 (1.57258e-08% change)
    iteration   25: trace = 0.3965218647076277 (3.23744e-09% change)
Finished solving for bands 1 to 6 after 25 iterations.
tefreqs:, 1, -0.09, 0.14, 0, 0.143178, 0.0645395, 0.149087, 0.171779, 0.301463, 0.323171, 0.381186
elapsed time for k point: 2.9176790714263916
total elapsed time for run: 2.97976016998291
done
Initializing eigensolver data
Computing 6 bands with 1e-10 tolerance
Working in 2 dimensions.
Grid size is 336 x 112 x 1.
Solving for 6 bands at a time.
Creating Maxwell data...
Mesh size is 3.
Lattice vectors:
     (3, 0, 0)
     (0, 1, 0)
     (0, 0, 1)
Cell volume = 3
Reciprocal lattice vectors (/ 2 pi):
     (0.333333, -0, 0)
     (-0, 1, -0)
     (0, -0, 1)
Geometric objects:
     block, center = (0,0,0)
          size (1e+20,1e+20,1)
          axes (1,0,0), (0,1,0), (0,0,1)
     prism, center = (0.0166964,0,0.5)
          height 1, axis (0,0,1), sidewall angle: 0 radians, 4 vertices:
          (-0.233304,-0.25,0)
          (-0.233304,0.25,0)
          (0.266696,0.25,0)
          (0.266696,-0.25,0)
     prism, center = (1.0067,0,0.5)
          height 1, axis (0,0,1), sidewall angle: 0 radians, 4 vertices:
          (0.756696,-0.25,0)
          (0.756696,0.25,0)
          (1.2567,0.25,0)
          (1.2567,-0.25,0)
     prism, center = (2.0067,0,0.5)
          height 1, axis (0,0,1), sidewall angle: 0 radians, 4 vertices:
          (1.7567,-0.25,0)
          (1.7567,0.25,0)
          (2.2567,0.25,0)
          (2.2567,-0.25,0)
Geometric object tree has depth 2 and 21 object nodes (vs. 4 actual objects)
Initializing epsilon function...
Allocating fields...
Solving for band polarization: te.
Initializing fields to random numbers...
1 k-points
  Vector3<-0.09, 0.14, 0.0>
elapsed time for initialization: 0.044393301010131836
solve_kpoint (-0.09,0.14,0):
tefreqs:, k index, k1, k2, k3, kmag/2pi, te band 1, te band 2, te band 3, te band 4, te band 5, te band 6
Solving for bands 1 to 6...
    near maximum in trace
    iteration    1: trace = 2.077504331491853 (199.79% change)
    iteration    2: trace = 0.491980791079475 (123.412% change)
    iteration    3: trace = 0.4306593119222619 (13.2926% change)
    iteration    4: trace = 0.4071368586649686 (5.61532% change)
    iteration    5: trace = 0.4007635717371136 (1.57774% change)
    iteration    6: trace = 0.3979737140009819 (0.698567% change)
    iteration    7: trace = 0.3971826077153012 (0.198981% change)
    iteration    8: trace = 0.3965780948962114 (0.152316% change)
    iteration    9: trace = 0.3963972539871172 (0.0456107% change)
    iteration   10: trace = 0.3963313693484846 (0.0166222% change)
    iteration   11: trace = 0.3963193853056403 (0.00302379% change)
    iteration   12: trace = 0.3963150994299363 (0.00108143% change)
    iteration   13: trace = 0.3963136885125517 (0.00035601% change)
    iteration   14: trace = 0.3963128041911467 (0.000223137% change)
    iteration   15: trace = 0.3963124892290747 (7.94731e-05% change)
    iteration   16: trace = 0.3963123617742854 (3.21602e-05% change)
    iteration   17: trace = 0.3963123316597903 (7.59868e-06% change)
    iteration   18: trace = 0.396312321684347 (2.51707e-06% change)
    iteration   19: trace = 0.3963123179634561 (9.38878e-07% change)
    iteration   20: trace = 0.3963123158656893 (5.29322e-07% change)
    iteration   21: trace = 0.3963123151708279 (1.75332e-07% change)
    iteration   22: trace = 0.3963123150000575 (4.30898e-08% change)
    iteration   23: trace = 0.3963123149617714 (9.66059e-09% change)
Finished solving for bands 1 to 6 after 23 iterations.
tefreqs:, 1, -0.09, 0.14, 0, 0.143178, 0.0645042, 0.149073, 0.171769, 0.301435, 0.323138, 0.380977
elapsed time for k point: 3.1510262489318848
total elapsed time for run: 3.1955032348632812
done
Initializing eigensolver data
Computing 6 bands with 1e-10 tolerance
Working in 2 dimensions.
Grid size is 336 x 112 x 1.
Solving for 6 bands at a time.
Creating Maxwell data...
Mesh size is 3.
Lattice vectors:
     (3, 0, 0)
     (0, 1, 0)
     (0, 0, 1)
Cell volume = 3
Reciprocal lattice vectors (/ 2 pi):
     (0.333333, -0, 0)
     (-0, 1, -0)
     (0, -0, 1)
Geometric objects:
     block, center = (0,0,0)
          size (1e+20,1e+20,1)
          axes (1,0,0), (0,1,0), (0,0,1)
     prism, center = (0.0166964,0,0.5)
          height 1, axis (0,0,1), sidewall angle: 0 radians, 4 vertices:
          (-0.233304,-0.25,0)
          (-0.233304,0.25,0)
          (0.266696,0.25,0)
          (0.266696,-0.25,0)
     prism, center = (1.0167,0,0.5)
          height 1, axis (0,0,1), sidewall angle: 0 radians, 4 vertices:
          (0.766696,-0.25,0)
          (0.766696,0.25,0)
          (1.2667,0.25,0)
          (1.2667,-0.25,0)
     prism, center = (2.0067,0,0.5)
          height 1, axis (0,0,1), sidewall angle: 0 radians, 4 vertices:
          (1.7567,-0.25,0)
          (1.7567,0.25,0)
          (2.2567,0.25,0)
          (2.2567,-0.25,0)
Geometric object tree has depth 2 and 21 object nodes (vs. 4 actual objects)
Initializing epsilon function...
Allocating fields...
Solving for band polarization: te.
Initializing fields to random numbers...
1 k-points
  Vector3<-0.09, 0.14, 0.0>
elapsed time for initialization: 0.08294248580932617
solve_kpoint (-0.09,0.14,0):
tefreqs:, k index, k1, k2, k3, kmag/2pi, te band 1, te band 2, te band 3, te band 4, te band 5, te band 6
Solving for bands 1 to 6...
    near maximum in trace
    iteration    1: trace = 1.760841892494784 (199.822% change)
    iteration    2: trace = 0.4788506475058426 (114.479% change)
    iteration    3: trace = 0.435109699877759 (9.57174% change)
    iteration    4: trace = 0.4208549457432608 (3.33069% change)
    iteration    5: trace = 0.4151526285533543 (1.36418% change)
    iteration    6: trace = 0.4086614223374904 (1.57589% change)
    iteration    7: trace = 0.4033483968715804 (1.30861% change)
    iteration    8: trace = 0.3986725831471495 (1.16601% change)
    iteration    9: trace = 0.3972898269235736 (0.347443% change)
    iteration   10: trace = 0.3966634117428505 (0.157796% change)
    iteration   11: trace = 0.3964751151747858 (0.0474814% change)
    iteration   12: trace = 0.3963606051263889 (0.0288862% change)
    iteration   13: trace = 0.3963195141478558 (0.0103676% change)
    iteration   14: trace = 0.396305149550768 (0.00362456% change)
    iteration   15: trace = 0.3963021865063791 (0.00074767% change)
    iteration   16: trace = 0.3963013595256843 (0.000208674% change)
    iteration   17: trace = 0.3963010241354375 (8.46301e-05% change)
    iteration   18: trace = 0.3963008695753982 (3.90007e-05% change)
    iteration   19: trace = 0.3963008058533314 (1.60792e-05% change)
    iteration   20: trace = 0.3963007855873027 (5.1138e-06% change)
    iteration   21: trace = 0.3963007803138662 (1.33067e-06% change)
    iteration   22: trace = 0.3963007793051305 (2.54538e-07% change)
    iteration   23: trace = 0.3963007790243562 (7.08488e-08% change)
    iteration   24: trace = 0.396300778916432 (2.72329e-08% change)
    iteration   25: trace = 0.3963007788476562 (1.73544e-08% change)
    iteration   26: trace = 0.3963007788168008 (7.78585e-09% change)
Finished solving for bands 1 to 6 after 26 iterations.
tefreqs:, 1, -0.09, 0.14, 0, 0.143178, 0.0645023, 0.149072, 0.171768, 0.301433, 0.323136, 0.380965
elapsed time for k point: 3.434537410736084
total elapsed time for run: 3.5175702571868896
done
Initializing eigensolver data
Computing 6 bands with 1e-10 tolerance
Working in 2 dimensions.
Grid size is 336 x 112 x 1.
Solving for 6 bands at a time.
Creating Maxwell data...
Mesh size is 3.
Lattice vectors:
     (3, 0, 0)
     (0, 1, 0)
     (0, 0, 1)
Cell volume = 3
Reciprocal lattice vectors (/ 2 pi):
     (0.333333, -0, 0)
     (-0, 1, -0)
     (0, -0, 1)
Geometric objects:
     block, center = (0,0,0)
          size (1e+20,1e+20,1)
          axes (1,0,0), (0,1,0), (0,0,1)
     prism, center = (1.0067,0,0.5)
          height 1, axis (0,0,1), sidewall angle: 0 radians, 4 vertices:
          (0.756696,-0.25,0)
          (0.756696,0.25,0)
          (1.2567,0.25,0)
          (1.2567,-0.25,0)
     prism, center = (2.0067,0,0.5)
          height 1, axis (0,0,1), sidewall angle: 0 radians, 4 vertices:
          (1.7567,-0.25,0)
          (1.7567,0.25,0)
          (2.2567,0.25,0)
          (2.2567,-0.25,0)
     prism, center = (2.9967,0,0.5)
          height 1, axis (0,0,1), sidewall angle: 0 radians, 4 vertices:
          (2.7467,-0.25,0)
          (2.7467,0.25,0)
          (3.2467,0.25,0)
          (3.2467,-0.25,0)
Geometric object tree has depth 2 and 21 object nodes (vs. 4 actual objects)
Initializing epsilon function...
Allocating fields...
Solving for band polarization: te.
Initializing fields to random numbers...
1 k-points
  Vector3<-0.09, 0.14, 0.0>
elapsed time for initialization: 0.06874966621398926
solve_kpoint (-0.09,0.14,0):
tefreqs:, k index, k1, k2, k3, kmag/2pi, te band 1, te band 2, te band 3, te band 4, te band 5, te band 6
Solving for bands 1 to 6...
    near maximum in trace
    iteration    1: trace = 2.225834789220743 (199.775% change)
    iteration    2: trace = 0.5361870032105237 (122.349% change)
    iteration    3: trace = 0.4517322601678733 (17.0975% change)
    iteration    4: trace = 0.4257123095801207 (5.93085% change)
    iteration    5: trace = 0.4142543560924474 (2.72819% change)
    iteration    6: trace = 0.4067966843557635 (1.81662% change)
    iteration    7: trace = 0.4024684320145482 (1.06967% change)
    iteration    8: trace = 0.3988577990612603 (0.901164% change)
    iteration    9: trace = 0.3973333022586119 (0.382947% change)
    iteration   10: trace = 0.3966544556411183 (0.170997% change)
    iteration   11: trace = 0.3964745346435705 (0.0453699% change)
    iteration   12: trace = 0.3964120188495505 (0.0157692% change)
    iteration   13: trace = 0.3963868159437743 (0.00635796% change)
    iteration   14: trace = 0.3963741010083667 (0.00320776% change)
    iteration   15: trace = 0.3963692333307854 (0.00122806% change)
    iteration   16: trace = 0.3963679393750796 (0.000326453% change)
    iteration   17: trace = 0.3963675725760734 (9.25401e-05% change)
    iteration   18: trace = 0.3963674878753569 (2.13692e-05% change)
    iteration   19: trace = 0.3963674475768039 (1.0167e-05% change)
    iteration   20: trace = 0.396367429884092 (4.46371e-06% change)
    iteration   21: trace = 0.3963674219504624 (2.00158e-06% change)
    iteration   22: trace = 0.396367420403537 (3.90276e-07% change)
    iteration   23: trace = 0.3963674200539856 (8.81887e-08% change)
    iteration   24: trace = 0.3963674199897281 (1.62116e-08% change)
    iteration   25: trace = 0.3963674199673277 (5.65143e-09% change)
Finished solving for bands 1 to 6 after 25 iterations.
tefreqs:, 1, -0.09, 0.14, 0, 0.143178, 0.064514, 0.149076, 0.171771, 0.30144, 0.323145, 0.381035
elapsed time for k point: 3.3544130325317383
total elapsed time for run: 3.423248529434204
done
Initializing eigensolver data
Computing 6 bands with 1e-10 tolerance
Working in 2 dimensions.
Grid size is 336 x 112 x 1.
Solving for 6 bands at a time.
Creating Maxwell data...
Mesh size is 3.
Lattice vectors:
     (3, 0, 0)
     (0, 1, 0)
     (0, 0, 1)
Cell volume = 3
Reciprocal lattice vectors (/ 2 pi):
     (0.333333, -0, 0)
     (-0, 1, -0)
     (0, -0, 1)
Geometric objects:
     block, center = (0,0,0)
          size (1e+20,1e+20,1)
          axes (1,0,0), (0,1,0), (0,0,1)
     prism, center = (0.996696,0,0.5)
          height 1, axis (0,0,1), sidewall angle: 0 radians, 4 vertices:
          (0.746696,-0.25,0)
          (0.746696,0.25,0)
          (1.2467,0.25,0)
          (1.2467,-0.25,0)
     prism, center = (2.0067,0,0.5)
          height 1, axis (0,0,1), sidewall angle: 0 radians, 4 vertices:
          (1.7567,-0.25,0)
          (1.7567,0.25,0)
          (2.2567,0.25,0)
          (2.2567,-0.25,0)
     prism, center = (2.9967,0,0.5)
          height 1, axis (0,0,1), sidewall angle: 0 radians, 4 vertices:
          (2.7467,-0.25,0)
          (2.7467,0.25,0)
          (3.2467,0.25,0)
          (3.2467,-0.25,0)
Geometric object tree has depth 2 and 21 object nodes (vs. 4 actual objects)
Initializing epsilon function...
Allocating fields...
Solving for band polarization: te.
Initializing fields to random numbers...
1 k-points
  Vector3<-0.09, 0.14, 0.0>
elapsed time for initialization: 0.08831477165222168
solve_kpoint (-0.09,0.14,0):
tefreqs:, k index, k1, k2, k3, kmag/2pi, te band 1, te band 2, te band 3, te band 4, te band 5, te band 6
Solving for bands 1 to 6...
    near maximum in trace
    iteration    1: trace = 2.486219576471981 (199.749% change)
    iteration    2: trace = 0.5736582959296203 (125.009% change)
    iteration    3: trace = 0.4666148534661173 (20.5799% change)
    iteration    4: trace = 0.4242529676718769 (9.51025% change)
    iteration    5: trace = 0.4109368989880145 (3.18875% change)
    iteration    6: trace = 0.4040608538040676 (1.68738% change)
    iteration    7: trace = 0.4010980263527097 (0.735961% change)
    iteration    8: trace = 0.3981703841024112 (0.73258% change)
    iteration    9: trace = 0.3970103644431856 (0.291763% change)
    iteration   10: trace = 0.3965564390848312 (0.114401% change)
    iteration   11: trace = 0.3964690818478597 (0.0220314% change)
    iteration   12: trace = 0.396434193786166 (0.00880008% change)
    iteration   13: trace = 0.3964218835207635 (0.0031053% change)
    iteration   14: trace = 0.3964149456851169 (0.00175013% change)
    iteration   15: trace = 0.3964123920187314 (0.000644192% change)
    iteration   16: trace = 0.3964114080771998 (0.000248212% change)
    iteration   17: trace = 0.3964111843561529 (5.64366e-05% change)
    iteration   18: trace = 0.3964111218352924 (1.57717e-05% change)
    iteration   19: trace = 0.3964111045699219 (4.35542e-06% change)
    iteration   20: trace = 0.3964110965046442 (2.03457e-06% change)
    iteration   21: trace = 0.3964110930260032 (8.77534e-07% change)
    iteration   22: trace = 0.396411091939501 (2.74085e-07% change)
    iteration   23: trace = 0.3964110916597334 (7.05751e-08% change)
    iteration   24: trace = 0.3964110916060457 (1.35435e-08% change)
    iteration   25: trace = 0.3964110915890916 (4.27689e-09% change)
Finished solving for bands 1 to 6 after 25 iterations.
tefreqs:, 1, -0.09, 0.14, 0, 0.143178, 0.0645218, 0.149078, 0.171772, 0.301444, 0.32315, 0.381082
elapsed time for k point: 3.9454402923583984
total elapsed time for run: 4.034147262573242
done
Initializing eigensolver data
Computing 6 bands with 1e-10 tolerance
Working in 2 dimensions.
Grid size is 336 x 112 x 1.
Solving for 6 bands at a time.
Creating Maxwell data...
Mesh size is 3.
Lattice vectors:
     (3, 0, 0)
     (0, 1, 0)
     (0, 0, 1)
Cell volume = 3
Reciprocal lattice vectors (/ 2 pi):
     (0.333333, -0, 0)
     (-0, 1, -0)
     (0, -0, 1)
Geometric objects:
     block, center = (0,0,0)
          size (1e+20,1e+20,1)
          axes (1,0,0), (0,1,0), (0,0,1)
     prism, center = (0.01,-1.38778e-17,0.5)
          height 1, axis (0,0,1), sidewall angle: 0 radians, 4 vertices:
          (0.26,0.25,0)
          (-0.24,0.25,0)
          (-0.24,-0.25,0)
          (0.26,-0.25,0)
     prism, center = (1.01,-1.38778e-17,0.5)
          height 1, axis (0,0,1), sidewall angle: 0 radians, 4 vertices:
          (1.26,0.25,0)
          (0.76,0.25,0)
          (0.76,-0.25,0)
          (1.26,-0.25,0)
     prism, center = (2.01,-1.38778e-17,0.5)
          height 1, axis (0,0,1), sidewall angle: 0 radians, 4 vertices:
          (2.26,0.25,0)
          (1.76,0.25,0)
          (1.76,-0.25,0)
          (2.26,-0.25,0)
Geometric object tree has depth 2 and 21 object nodes (vs. 4 actual objects)
Initializing epsilon function...
Allocating fields...
Solving for band polarization: te.
Initializing fields to random numbers...
1 k-points
  Vector3<-0.09, 0.14, 0.0>
elapsed time for initialization: 0.06311297416687012
solve_kpoint (-0.09,0.14,0):
tefreqs:, k index, k1, k2, k3, kmag/2pi, te band 1, te band 2, te band 3, te band 4, te band 5, te band 6
Solving for bands 1 to 6...
    near maximum in trace
    iteration    1: trace = 2.263295399694338 (199.771% change)
    iteration    2: trace = 0.6859558402627335 (106.965% change)
    iteration    3: trace = 0.4728649608093713 (36.7772% change)
    iteration    4: trace = 0.4341643282192623 (8.53349% change)
    iteration    5: trace = 0.4144496007597041 (4.64634% change)
    iteration    6: trace = 0.408155387887086 (1.53031% change)
    iteration    7: trace = 0.4023517732156172 (1.43209% change)
    iteration    8: trace = 0.3982161011244507 (1.03318% change)
    iteration    9: trace = 0.3961188713396078 (0.528047% change)
    iteration   10: trace = 0.3957023000081563 (0.105219% change)
    iteration   11: trace = 0.3955937245031153 (0.0274424% change)
    iteration   12: trace = 0.3955735386209329 (0.00510281% change)
    iteration   13: trace = 0.3955629381645664 (0.0026798% change)
    iteration   14: trace = 0.395558207530106 (0.00119593% change)
    iteration   15: trace = 0.3955555224636407 (0.000678807% change)
    iteration   16: trace = 0.3955548652390742 (0.000166152% change)
    iteration   17: trace = 0.3955546470118322 (5.51699e-05% change)
    iteration   18: trace = 0.395554593127379 (1.36225e-05% change)
    iteration   19: trace = 0.3955545719775253 (5.34689e-06% change)
    iteration   20: trace = 0.3955545639086773 (2.03988e-06% change)
    iteration   21: trace = 0.3955545599958304 (9.89205e-07% change)
    iteration   22: trace = 0.3955545589290386 (2.69695e-07% change)
    iteration   23: trace = 0.395554558661157 (6.7723e-08% change)
    iteration   24: trace = 0.3955545585954498 (1.66114e-08% change)
    iteration   25: trace = 0.3955545585792254 (4.10169e-09% change)
Finished solving for bands 1 to 6 after 25 iterations.
tefreqs:, 1, -0.09, 0.14, 0, 0.143178, 0.0645118, 0.148943, 0.171618, 0.300967, 0.322588, 0.380936
elapsed time for k point: 3.698030948638916
total elapsed time for run: 3.7612338066101074
done
Initializing eigensolver data
Computing 6 bands with 1e-10 tolerance
Working in 2 dimensions.
Grid size is 336 x 112 x 1.
Solving for 6 bands at a time.
Creating Maxwell data...
Mesh size is 3.
Lattice vectors:
     (3, 0, 0)
     (0, 1, 0)
     (0, 0, 1)
Cell volume = 3
Reciprocal lattice vectors (/ 2 pi):
     (0.333333, -0, 0)
     (-0, 1, -0)
     (0, -0, 1)
Geometric objects:
     block, center = (0,0,0)
          size (1e+20,1e+20,1)
          axes (1,0,0), (0,1,0), (0,0,1)
     prism, center = (-0.01,-1.38778e-17,0.5)
          height 1, axis (0,0,1), sidewall angle: 0 radians, 4 vertices:
          (0.24,0.25,0)
          (-0.26,0.25,0)
          (-0.26,-0.25,0)
          (0.24,-0.25,0)
     prism, center = (0.99,-1.38778e-17,0.5)
          height 1, axis (0,0,1), sidewall angle: 0 radians, 4 vertices:
          (1.24,0.25,0)
          (0.74,0.25,0)
          (0.74,-0.25,0)
          (1.24,-0.25,0)
     prism, center = (1.99,-1.38778e-17,0.5)
          height 1, axis (0,0,1), sidewall angle: 0 radians, 4 vertices:
          (2.24,0.25,0)
          (1.74,0.25,0)
          (1.74,-0.25,0)
          (2.24,-0.25,0)
Geometric object tree has depth 2 and 21 object nodes (vs. 4 actual objects)
Initializing epsilon function...
Allocating fields...
Solving for band polarization: te.
Initializing fields to random numbers...
1 k-points
  Vector3<-0.09, 0.14, 0.0>
elapsed time for initialization: 0.04534459114074707
solve_kpoint (-0.09,0.14,0):
tefreqs:, k index, k1, k2, k3, kmag/2pi, te band 1, te band 2, te band 3, te band 4, te band 5, te band 6
Solving for bands 1 to 6...
    near maximum in trace
    iteration    1: trace = 1.889772361552623 (199.809% change)
    iteration    2: trace = 0.4842140414952806 (118.413% change)
    iteration    3: trace = 0.4238613980015448 (13.2924% change)
    iteration    4: trace = 0.4034217654770933 (4.94139% change)
    iteration    5: trace = 0.3986393809701337 (1.19252% change)
    iteration    6: trace = 0.3966932598992057 (0.489385% change)
    iteration    7: trace = 0.3961216218613955 (0.144205% change)
    iteration    8: trace = 0.3957484390158181 (0.0942536% change)
    iteration    9: trace = 0.3956219092595275 (0.0319774% change)
    iteration   10: trace = 0.3955711100727026 (0.0128412% change)
    iteration   11: trace = 0.3955616347012654 (0.00239539% change)
    iteration   12: trace = 0.3955575285786891 (0.00103805% change)
    iteration   13: trace = 0.3955558648822299 (0.000420596% change)
    iteration   14: trace = 0.3955549274878135 (0.000236982% change)
    iteration   15: trace = 0.3955546743948196 (6.39843e-05% change)
    iteration   16: trace = 0.3955545889096533 (2.16115e-05% change)
    iteration   17: trace = 0.3955545696265121 (4.87496e-06% change)
    iteration   18: trace = 0.3955545630832203 (1.65421e-06% change)
    iteration   19: trace = 0.3955545606109332 (6.25018e-07% change)
    iteration   20: trace = 0.395554559183275 (3.60926e-07% change)
    iteration   21: trace = 0.3955545587007693 (1.21982e-07% change)
    iteration   22: trace = 0.3955545585949115 (2.67619e-08% change)
    iteration   23: trace = 0.3955545585734204 (5.43315e-09% change)
Finished solving for bands 1 to 6 after 23 iterations.
tefreqs:, 1, -0.09, 0.14, 0, 0.143178, 0.0645118, 0.148943, 0.171618, 0.300967, 0.322588, 0.380936
elapsed time for k point: 3.1058614253997803
total elapsed time for run: 3.1513006687164307
done
Initializing eigensolver data
Computing 6 bands with 1e-10 tolerance
Working in 2 dimensions.
Grid size is 336 x 112 x 1.
Solving for 6 bands at a time.
Creating Maxwell data...
Mesh size is 3.
Lattice vectors:
     (3, 0, 0)
     (0, 1, 0)
     (0, 0, 1)
Cell volume = 3
Reciprocal lattice vectors (/ 2 pi):
     (0.333333, -0, 0)
     (-0, 1, -0)
     (0, -0, 1)
Geometric objects:
     block, center = (0,0,0)
          size (1e+20,1e+20,1)
          axes (1,0,0), (0,1,0), (0,0,1)
     prism, center = (0.0122321,-1.38778e-17,0.5)
          height 1, axis (0,0,1), sidewall angle: 0 radians, 4 vertices:
          (0.262232,0.25,0)
          (-0.237768,0.25,0)
          (-0.237768,-0.25,0)
          (0.262232,-0.25,0)
     prism, center = (1.01223,-1.38778e-17,0.5)
          height 1, axis (0,0,1), sidewall angle: 0 radians, 4 vertices:
          (1.26223,0.25,0)
          (0.762232,0.25,0)
          (0.762232,-0.25,0)
          (1.26223,-0.25,0)
     prism, center = (2.01223,-1.38778e-17,0.5)
          height 1, axis (0,0,1), sidewall angle: 0 radians, 4 vertices:
          (2.26223,0.25,0)
          (1.76223,0.25,0)
          (1.76223,-0.25,0)
          (2.26223,-0.25,0)
Geometric object tree has depth 2 and 21 object nodes (vs. 4 actual objects)
Initializing epsilon function...
Allocating fields...
Solving for band polarization: te.
Initializing fields to random numbers...
1 k-points
  Vector3<-0.09, 0.14, 0.0>
elapsed time for initialization: 0.04773736000061035
solve_kpoint (-0.09,0.14,0):
tefreqs:, k index, k1, k2, k3, kmag/2pi, te band 1, te band 2, te band 3, te band 4, te band 5, te band 6
Solving for bands 1 to 6...
    near maximum in trace
    iteration    1: trace = 1.996373043125892 (199.798% change)
    iteration    2: trace = 0.4931465446732049 (120.764% change)
    iteration    3: trace = 0.4294941259475929 (13.7979% change)
    iteration    4: trace = 0.4083228867833276 (5.05391% change)
    iteration    5: trace = 0.4021488398182529 (1.52357% change)
    iteration    6: trace = 0.3982679581239623 (0.969715% change)
    iteration    7: trace = 0.3967182691462021 (0.389866% change)
    iteration    8: trace = 0.3958362223434376 (0.222583% change)
    iteration    9: trace = 0.3956570663041494 (0.0452704% change)
    iteration   10: trace = 0.3955942426213189 (0.0158796% change)
    iteration   11: trace = 0.3955794286906177 (0.0037448% change)
    iteration   12: trace = 0.3955702272582192 (0.00232609% change)
    iteration   13: trace = 0.3955662142716732 (0.00101449% change)
    iteration   14: trace = 0.39556465831549 (0.00039335% change)
    iteration   15: trace = 0.3955643588079985 (7.57165e-05% change)
    iteration   16: trace = 0.395564262447655 (2.43602e-05% change)
    iteration   17: trace = 0.3955642298047018 (8.25225e-06% change)
    iteration   18: trace = 0.3955642121230553 (4.46998e-06% change)
    iteration   19: trace = 0.3955642050858865 (1.77902e-06% change)
    iteration   20: trace = 0.3955642021664592 (7.38041e-07% change)
    iteration   21: trace = 0.3955642014028127 (1.93052e-07% change)
    iteration   22: trace = 0.3955642012286074 (4.40397e-08% change)
    iteration   23: trace = 0.3955642011842129 (1.12231e-08% change)
    iteration   24: trace = 0.3955642011734019 (2.73306e-09% change)
Finished solving for bands 1 to 6 after 24 iterations.
tefreqs:, 1, -0.09, 0.14, 0, 0.143178, 0.0645129, 0.148945, 0.171619, 0.300974, 0.322593, 0.380937
elapsed time for k point: 3.0082335472106934
total elapsed time for run: 3.0560553073883057
done
Initializing eigensolver data
Computing 6 bands with 1e-10 tolerance
Working in 2 dimensions.
Grid size is 336 x 112 x 1.
Solving for 6 bands at a time.
Creating Maxwell data...
Mesh size is 3.
Lattice vectors:
     (3, 0, 0)
     (0, 1, 0)
     (0, 0, 1)
Cell volume = 3
Reciprocal lattice vectors (/ 2 pi):
     (0.333333, -0, 0)
     (-0, 1, -0)
     (0, -0, 1)
Geometric objects:
     block, center = (0,0,0)
          size (1e+20,1e+20,1)
          axes (1,0,0), (0,1,0), (0,0,1)
     prism, center = (-0.00776786,-1.38778e-17,0.5)
          height 1, axis (0,0,1), sidewall angle: 0 radians, 4 vertices:
          (0.242232,0.25,0)
          (-0.257768,0.25,0)
          (-0.257768,-0.25,0)
          (0.242232,-0.25,0)
     prism, center = (0.992232,-1.38778e-17,0.5)
          height 1, axis (0,0,1), sidewall angle: 0 radians, 4 vertices:
          (1.24223,0.25,0)
          (0.742232,0.25,0)
          (0.742232,-0.25,0)
          (1.24223,-0.25,0)
     prism, center = (1.99223,-1.38778e-17,0.5)
          height 1, axis (0,0,1), sidewall angle: 0 radians, 4 vertices:
          (2.24223,0.25,0)
          (1.74223,0.25,0)
          (1.74223,-0.25,0)
          (2.24223,-0.25,0)
Geometric object tree has depth 2 and 21 object nodes (vs. 4 actual objects)
Initializing epsilon function...
Allocating fields...
Solving for band polarization: te.
Initializing fields to random numbers...
1 k-points
  Vector3<-0.09, 0.14, 0.0>
elapsed time for initialization: 0.04237174987792969
solve_kpoint (-0.09,0.14,0):
tefreqs:, k index, k1, k2, k3, kmag/2pi, te band 1, te band 2, te band 3, te band 4, te band 5, te band 6
Solving for bands 1 to 6...
    near maximum in trace
    iteration    1: trace = 2.298811783403335 (199.766% change)
    iteration    2: trace = 0.6250590909834506 (114.489% change)
    iteration    3: trace = 0.444738851692804 (33.7111% change)
    iteration    4: trace = 0.4248944500932596 (4.56386% change)
    iteration    5: trace = 0.4143336790401835 (2.51678% change)
    iteration    6: trace = 0.4100385871637041 (1.04203% change)
    iteration    7: trace = 0.4045355701071495 (1.35114% change)
    iteration    8: trace = 0.3996310726529615 (1.21977% change)
    iteration    9: trace = 0.3965376481524489 (0.777078% change)
    iteration   10: trace = 0.3956745937612098 (0.217885% change)
    iteration   11: trace = 0.3954116316707297 (0.0664813% change)
    iteration   12: trace = 0.3953539765139879 (0.0145821% change)
    iteration   13: trace = 0.3953305966309821 (0.00591383% change)
    iteration   14: trace = 0.3953223345511305 (0.00208994% change)
    iteration   15: trace = 0.3953178858556916 (0.00112534% change)
    iteration   16: trace = 0.3953164669521584 (0.000358928% change)
    iteration   17: trace = 0.3953159790900459 (0.000123411% change)
    iteration   18: trace = 0.3953158777367275 (2.56386e-05% change)
    iteration   19: trace = 0.3953158429056461 (8.81095e-06% change)
    iteration   20: trace = 0.3953158280281195 (3.76345e-06% change)
    iteration   21: trace = 0.3953158201421585 (1.99485e-06% change)
    iteration   22: trace = 0.3953158176888214 (6.20602e-07% change)
    iteration   23: trace = 0.3953158170921349 (1.50939e-07% change)
    iteration   24: trace = 0.3953158169549533 (3.47018e-08% change)
    iteration   25: trace = 0.3953158169145928 (1.02097e-08% change)
    iteration   26: trace = 0.3953158168938435 (5.24879e-09% change)
Finished solving for bands 1 to 6 after 26 iterations.
tefreqs:, 1, -0.09, 0.14, 0, 0.143178, 0.06448, 0.148926, 0.171602, 0.300918, 0.322534, 0.380725
elapsed time for k point: 3.2997798919677734
total elapsed time for run: 3.342231273651123
done
Initializing eigensolver data
Computing 6 bands with 1e-10 tolerance
Working in 2 dimensions.
Grid size is 336 x 112 x 1.
Solving for 6 bands at a time.
Creating Maxwell data...
Mesh size is 3.
Lattice vectors:
     (3, 0, 0)
     (0, 1, 0)
     (0, 0, 1)
Cell volume = 3
Reciprocal lattice vectors (/ 2 pi):
     (0.333333, -0, 0)
     (-0, 1, -0)
     (0, -0, 1)
Geometric objects:
     block, center = (0,0,0)
          size (1e+20,1e+20,1)
          axes (1,0,0), (0,1,0), (0,0,1)
     prism, center = (0.0144643,-1.38778e-17,0.5)
          height 1, axis (0,0,1), sidewall angle: 0 radians, 4 vertices:
          (0.264464,0.25,0)
          (-0.235536,0.25,0)
          (-0.235536,-0.25,0)
          (0.264464,-0.25,0)
     prism, center = (1.01446,-1.38778e-17,0.5)
          height 1, axis (0,0,1), sidewall angle: 0 radians, 4 vertices:
          (1.26446,0.25,0)
          (0.764464,0.25,0)
          (0.764464,-0.25,0)
          (1.26446,-0.25,0)
     prism, center = (2.01446,-1.38778e-17,0.5)
          height 1, axis (0,0,1), sidewall angle: 0 radians, 4 vertices:
          (2.26446,0.25,0)
          (1.76446,0.25,0)
          (1.76446,-0.25,0)
          (2.26446,-0.25,0)
Geometric object tree has depth 2 and 21 object nodes (vs. 4 actual objects)
Initializing epsilon function...
Allocating fields...
Solving for band polarization: te.
Initializing fields to random numbers...
1 k-points
  Vector3<-0.09, 0.14, 0.0>
elapsed time for initialization: 0.05786752700805664
solve_kpoint (-0.09,0.14,0):
tefreqs:, k index, k1, k2, k3, kmag/2pi, te band 1, te band 2, te band 3, te band 4, te band 5, te band 6
Solving for bands 1 to 6...
    near maximum in trace
    iteration    1: trace = 2.407197435410238 (199.758% change)
    iteration    2: trace = 0.6098865497513181 (119.142% change)
    iteration    3: trace = 0.4358964727556807 (33.2746% change)
    iteration    4: trace = 0.4105147091476243 (5.9975% change)
    iteration    5: trace = 0.3997017904443667 (2.66914% change)
    iteration    6: trace = 0.3975791142224383 (0.532479% change)
    iteration    7: trace = 0.3963979514058825 (0.297531% change)
    iteration    8: trace = 0.3959294240834411 (0.118266% change)
    iteration    9: trace = 0.3956482287836657 (0.0710468% change)
    iteration   10: trace = 0.395595486604973 (0.0133315% change)
    iteration   11: trace = 0.3955780307942252 (0.00441264% change)
    iteration   12: trace = 0.3955748344692041 (0.000808017% change)
    iteration   13: trace = 0.3955729274166914 (0.000482098% change)
    iteration   14: trace = 0.3955721253721281 (0.000202755% change)
    iteration   15: trace = 0.3955717171548809 (0.000103197% change)
    iteration   16: trace = 0.3955716271522313 (2.27526e-05% change)
    iteration   17: trace = 0.3955715962130215 (7.82139e-06% change)
    iteration   18: trace = 0.3955715880487533 (2.06392e-06% change)
    iteration   19: trace = 0.3955715837378626 (1.08979e-06% change)
    iteration   20: trace = 0.3955715820682137 (4.22085e-07% change)
    iteration   21: trace = 0.3955715813935424 (1.70556e-07% change)
    iteration   22: trace = 0.3955715812094769 (4.65315e-08% change)
    iteration   23: trace = 0.3955715811649451 (1.12576e-08% change)
    iteration   24: trace = 0.3955715811543589 (2.67618e-09% change)
Finished solving for bands 1 to 6 after 24 iterations.
tefreqs:, 1, -0.09, 0.14, 0, 0.143178, 0.0645139, 0.148946, 0.17162, 0.300976, 0.322595, 0.380943
elapsed time for k point: 3.114990472793579
total elapsed time for run: 3.1729540824890137
done
Initializing eigensolver data
Computing 6 bands with 1e-10 tolerance
Working in 2 dimensions.
Grid size is 336 x 112 x 1.
Solving for 6 bands at a time.
Creating Maxwell data...
Mesh size is 3.
Lattice vectors:
     (3, 0, 0)
     (0, 1, 0)
     (0, 0, 1)
Cell volume = 3
Reciprocal lattice vectors (/ 2 pi):
     (0.333333, -0, 0)
     (-0, 1, -0)
     (0, -0, 1)
Geometric objects:
     block, center = (0,0,0)
          size (1e+20,1e+20,1)
          axes (1,0,0), (0,1,0), (0,0,1)
     prism, center = (-0.00553571,-1.38778e-17,0.5)
          height 1, axis (0,0,1), sidewall angle: 0 radians, 4 vertices:
          (0.244464,0.25,0)
          (-0.255536,0.25,0)
          (-0.255536,-0.25,0)
          (0.244464,-0.25,0)
     prism, center = (0.994464,-1.38778e-17,0.5)
          height 1, axis (0,0,1), sidewall angle: 0 radians, 4 vertices:
          (1.24446,0.25,0)
          (0.744464,0.25,0)
          (0.744464,-0.25,0)
          (1.24446,-0.25,0)
     prism, center = (1.99446,-1.38778e-17,0.5)
          height 1, axis (0,0,1), sidewall angle: 0 radians, 4 vertices:
          (2.24446,0.25,0)
          (1.74446,0.25,0)
          (1.74446,-0.25,0)
          (2.24446,-0.25,0)
Geometric object tree has depth 2 and 21 object nodes (vs. 4 actual objects)
Initializing epsilon function...
Allocating fields...
Solving for band polarization: te.
Initializing fields to random numbers...
1 k-points
  Vector3<-0.09, 0.14, 0.0>
elapsed time for initialization: 0.047060489654541016
solve_kpoint (-0.09,0.14,0):
tefreqs:, k index, k1, k2, k3, kmag/2pi, te band 1, te band 2, te band 3, te band 4, te band 5, te band 6
Solving for bands 1 to 6...
    near maximum in trace
    iteration    1: trace = 2.082749459367053 (199.789% change)
    iteration    2: trace = 0.6186072972116606 (108.401% change)
    iteration    3: trace = 0.4319622513305574 (35.5322% change)
    iteration    4: trace = 0.4098641182915795 (5.25005% change)
    iteration    5: trace = 0.4002777540649831 (2.36659% change)
    iteration    6: trace = 0.3982023367765803 (0.519842% change)
    iteration    7: trace = 0.3968104264115215 (0.350161% change)
    iteration    8: trace = 0.3961539425296435 (0.165577% change)
    iteration    9: trace = 0.395701410214146 (0.114297% change)
    iteration   10: trace = 0.395609344803667 (0.0232691% change)
    iteration   11: trace = 0.3955799284254737 (0.00743599% change)
    iteration   12: trace = 0.3955752734565469 (0.00117675% change)
    iteration   13: trace = 0.3955730409456082 (0.000564372% change)
    iteration   14: trace = 0.3955722259500208 (0.000206029% change)
    iteration   15: trace = 0.3955717654176321 (0.000116422% change)
    iteration   16: trace = 0.3955716390673268 (3.19412e-05% change)
    iteration   17: trace = 0.3955715936206363 (1.14889e-05% change)
    iteration   18: trace = 0.3955715847719757 (2.23693e-06% change)
    iteration   19: trace = 0.39557158253362 (5.65854e-07% change)
    iteration   20: trace = 0.3955715817794601 (1.90651e-07% change)
    iteration   21: trace = 0.395571581373716 (1.02572e-07% change)
    iteration   22: trace = 0.3955715812155788 (3.99769e-08% change)
    iteration   23: trace = 0.3955715811716541 (1.11041e-08% change)
    iteration   24: trace = 0.3955715811586204 (3.2949e-09% change)
Finished solving for bands 1 to 6 after 24 iterations.
tefreqs:, 1, -0.09, 0.14, 0, 0.143178, 0.0645139, 0.148946, 0.17162, 0.300976, 0.322595, 0.380943
elapsed time for k point: 3.3423497676849365
total elapsed time for run: 3.3894999027252197
done
Initializing eigensolver data
Computing 6 bands with 1e-10 tolerance
Working in 2 dimensions.
Grid size is 336 x 112 x 1.
Solving for 6 bands at a time.
Creating Maxwell data...
Mesh size is 3.
Lattice vectors:
     (3, 0, 0)
     (0, 1, 0)
     (0, 0, 1)
Cell volume = 3
Reciprocal lattice vectors (/ 2 pi):
     (0.333333, -0, 0)
     (-0, 1, -0)
     (0, -0, 1)
Geometric objects:
     block, center = (0,0,0)
          size (1e+20,1e+20,1)
          axes (1,0,0), (0,1,0), (0,0,1)
     prism, center = (0.0166964,-1.38778e-17,0.5)
          height 1, axis (0,0,1), sidewall angle: 0 radians, 4 vertices:
          (0.266696,0.25,0)
          (-0.233304,0.25,0)
          (-0.233304,-0.25,0)
          (0.266696,-0.25,0)
     prism, center = (1.0167,-1.38778e-17,0.5)
          height 1, axis (0,0,1), sidewall angle: 0 radians, 4 vertices:
          (1.2667,0.25,0)
          (0.766696,0.25,0)
          (0.766696,-0.25,0)
          (1.2667,-0.25,0)
     prism, center = (2.0167,-1.38778e-17,0.5)
          height 1, axis (0,0,1), sidewall angle: 0 radians, 4 vertices:
          (2.2667,0.25,0)
          (1.7667,0.25,0)
          (1.7667,-0.25,0)
          (2.2667,-0.25,0)
Geometric object tree has depth 2 and 21 object nodes (vs. 4 actual objects)
Initializing epsilon function...
Allocating fields...
Solving for band polarization: te.
Initializing fields to random numbers...
1 k-points
  Vector3<-0.09, 0.14, 0.0>
elapsed time for initialization: 0.047097206115722656
solve_kpoint (-0.09,0.14,0):
tefreqs:, k index, k1, k2, k3, kmag/2pi, te band 1, te band 2, te band 3, te band 4, te band 5, te band 6
Solving for bands 1 to 6...
    near maximum in trace
    iteration    1: trace = 2.123875188289498 (199.785% change)
    iteration    2: trace = 0.5200103849977338 (121.326% change)
    iteration    3: trace = 0.4386735223281586 (16.9684% change)
    iteration    4: trace = 0.4110105792166377 (6.51135% change)
    iteration    5: trace = 0.4029960320401686 (1.96916% change)
    iteration    6: trace = 0.3987229273559678 (1.06599% change)
    iteration    7: trace = 0.3970841012419056 (0.411865% change)
    iteration    8: trace = 0.395896418113959 (0.299549% change)
    iteration    9: trace = 0.3955182383125626 (0.0955706% change)
    iteration   10: trace = 0.3953772969952409 (0.0356409% change)
    iteration   11: trace = 0.395344641686056 (0.00825962% change)
    iteration   12: trace = 0.3953266566994211 (0.0045493% change)
    iteration   13: trace = 0.3953200856397706 (0.0016622% change)
    iteration   14: trace = 0.3953168487874951 (0.000818796% change)
    iteration   15: trace = 0.395316086790461 (0.000192756% change)
    iteration   16: trace = 0.3953158805171097 (5.21794e-05% change)
    iteration   17: trace = 0.395315837277346 (1.0938e-05% change)
    iteration   18: trace = 0.3953158244749574 (3.23852e-06% change)
    iteration   19: trace = 0.3953158204649445 (1.01438e-06% change)
    iteration   20: trace = 0.3953158182194866 (5.68016e-07% change)
    iteration   21: trace = 0.3953158172429587 (2.47025e-07% change)
    iteration   22: trace = 0.3953158169549758 (7.28488e-08% change)
    iteration   23: trace = 0.3953158168978187 (1.44586e-08% change)
    iteration   24: trace = 0.3953158168856439 (3.07976e-09% change)
Finished solving for bands 1 to 6 after 24 iterations.
tefreqs:, 1, -0.09, 0.14, 0, 0.143178, 0.06448, 0.148926, 0.171602, 0.300918, 0.322534, 0.380725
elapsed time for k point: 3.5951895713806152
total elapsed time for run: 3.6426820755004883
done
Initializing eigensolver data
Computing 6 bands with 1e-10 tolerance
Working in 2 dimensions.
Grid size is 336 x 112 x 1.
Solving for 6 bands at a time.
Creating Maxwell data...
Mesh size is 3.
Lattice vectors:
     (3, 0, 0)
     (0, 1, 0)
     (0, 0, 1)
Cell volume = 3
Reciprocal lattice vectors (/ 2 pi):
     (0.333333, -0, 0)
     (-0, 1, -0)
     (0, -0, 1)
Geometric objects:
     block, center = (0,0,0)
          size (1e+20,1e+20,1)
          axes (1,0,0), (0,1,0), (0,0,1)
     prism, center = (-0.00330357,-1.38778e-17,0.5)
          height 1, axis (0,0,1), sidewall angle: 0 radians, 4 vertices:
          (0.246696,0.25,0)
          (-0.253304,0.25,0)
          (-0.253304,-0.25,0)
          (0.246696,-0.25,0)
     prism, center = (0.996696,-1.38778e-17,0.5)
          height 1, axis (0,0,1), sidewall angle: 0 radians, 4 vertices:
          (1.2467,0.25,0)
          (0.746696,0.25,0)
          (0.746696,-0.25,0)
          (1.2467,-0.25,0)
     prism, center = (1.9967,-1.38778e-17,0.5)
          height 1, axis (0,0,1), sidewall angle: 0 radians, 4 vertices:
          (2.2467,0.25,0)
          (1.7467,0.25,0)
          (1.7467,-0.25,0)
          (2.2467,-0.25,0)
Geometric object tree has depth 2 and 21 object nodes (vs. 4 actual objects)
Initializing epsilon function...
Allocating fields...
Solving for band polarization: te.
Initializing fields to random numbers...
1 k-points
  Vector3<-0.09, 0.14, 0.0>
elapsed time for initialization: 0.06552505493164062
solve_kpoint (-0.09,0.14,0):
tefreqs:, k index, k1, k2, k3, kmag/2pi, te band 1, te band 2, te band 3, te band 4, te band 5, te band 6
Solving for bands 1 to 6...
    near maximum in trace
    iteration    1: trace = 2.289073478363056 (199.768% change)
    iteration    2: trace = 0.5307398517541855 (124.713% change)
    iteration    3: trace = 0.4536913102200997 (15.6534% change)
    iteration    4: trace = 0.4311617355729288 (5.09227% change)
    iteration    5: trace = 0.4226165003635295 (2.00175% change)
    iteration    6: trace = 0.4131681699346891 (2.26095% change)
    iteration    7: trace = 0.405624237008511 (1.8427% change)
    iteration    8: trace = 0.3990871799780673 (1.6247% change)
    iteration    9: trace = 0.3969204079893641 (0.54441% change)
    iteration   10: trace = 0.3959734540283827 (0.23886% change)
    iteration   11: trace = 0.3957417143762013 (0.0585412% change)
    iteration   12: trace = 0.3956385171217925 (0.0260803% change)
    iteration   13: trace = 0.3955958141089035 (0.010794% change)
    iteration   14: trace = 0.3955735494865955 (0.00562828% change)
    iteration   15: trace = 0.3955668170972451 (0.00170195% change)
    iteration   16: trace = 0.3955651236685762 (0.000428103% change)
    iteration   17: trace = 0.3955645819556824 (0.000136947% change)
    iteration   18: trace = 0.3955643697651951 (5.36425e-05% change)
    iteration   19: trace = 0.3955642659392137 (2.62476e-05% change)
    iteration   20: trace = 0.395564223725228 (1.06718e-05% change)
    iteration   21: trace = 0.3955642065864561 (4.33274e-06% change)
    iteration   22: trace = 0.395564202674599 (9.88931e-07% change)
    iteration   23: trace = 0.3955642016146563 (2.67957e-07% change)
    iteration   24: trace = 0.3955642013547361 (6.57087e-08% change)
    iteration   25: trace = 0.3955642012298489 (3.15719e-08% change)
    iteration   26: trace = 0.3955642011864983 (1.09592e-08% change)
    iteration   27: trace = 0.3955642011711902 (3.86994e-09% change)
Finished solving for bands 1 to 6 after 27 iterations.
tefreqs:, 1, -0.09, 0.14, 0, 0.143178, 0.0645129, 0.148945, 0.171619, 0.300974, 0.322593, 0.380937
elapsed time for k point: 5.050441741943359
total elapsed time for run: 5.116056680679321
done
Initializing eigensolver data
Computing 6 bands with 1e-10 tolerance
Working in 2 dimensions.
Grid size is 336 x 112 x 1.
Solving for 6 bands at a time.
Creating Maxwell data...
Mesh size is 3.
Lattice vectors:
     (3, 0, 0)
     (0, 1, 0)
     (0, 0, 1)
Cell volume = 3
Reciprocal lattice vectors (/ 2 pi):
     (0.333333, -0, 0)
     (-0, 1, -0)
     (0, -0, 1)
Geometric objects:
     block, center = (0,0,0)
          size (1e+20,1e+20,1)
          axes (1,0,0), (0,1,0), (0,0,1)
     prism, center = (-2.08167e-17,-1.38778e-17,0.5)
          height 1, axis (0,0,1), sidewall angle: 0 radians, 4 vertices:
          (0.25,0.25,0)
          (-0.25,0.25,0)
          (-0.25,-0.25,0)
          (0.25,-0.25,0)
     prism, center = (1,-1.38778e-17,0.5)
          height 1, axis (0,0,1), sidewall angle: 0 radians, 4 vertices:
          (1.25,0.25,0)
          (0.75,0.25,0)
          (0.75,-0.25,0)
          (1.25,-0.25,0)
     prism, center = (2,-1.38778e-17,0.5)
          height 1, axis (0,0,1), sidewall angle: 0 radians, 4 vertices:
          (2.25,0.25,0)
          (1.75,0.25,0)
          (1.75,-0.25,0)
          (2.25,-0.25,0)
Geometric object tree has depth 2 and 21 object nodes (vs. 4 actual objects)
Initializing epsilon function...
Allocating fields...
Solving for band polarization: te.
Initializing fields to random numbers...
1 k-points
  Vector3<-0.09, 0.14, 0.0>
elapsed time for initialization: 0.042292118072509766
solve_kpoint (-0.09,0.14,0):
tefreqs:, k index, k1, k2, k3, kmag/2pi, te band 1, te band 2, te band 3, te band 4, te band 5, te band 6
Solving for bands 1 to 6...
    near maximum in trace
    iteration    1: trace = 2.738721071048232 (199.724% change)
    iteration    2: trace = 0.6439358410522451 (123.854% change)
    iteration    3: trace = 0.4426032565394281 (37.0594% change)
    iteration    4: trace = 0.4159180001075105 (6.21656% change)
    iteration    5: trace = 0.4029554982314347 (3.16594% change)
    iteration    6: trace = 0.3995439908752897 (0.85022% change)
    iteration    7: trace = 0.39716511079038 (0.597177% change)
    iteration    8: trace = 0.3962924402984081 (0.219967% change)
    iteration    9: trace = 0.395857830943858 (0.109729% change)
    iteration   10: trace = 0.3957813656483362 (0.0193182% change)
    iteration   11: trace = 0.3957543382534571 (0.0068291% change)
    iteration   12: trace = 0.3957479475176279 (0.00161484% change)
    iteration   13: trace = 0.3957442997578057 (0.000921742% change)
    iteration   14: trace = 0.3957430227552737 (0.000322684% change)
    iteration   15: trace = 0.3957424641248019 (0.00014116% change)
    iteration   16: trace = 0.3957423304728676 (3.37725e-05% change)
    iteration   17: trace = 0.3957422830423967 (1.19852e-05% change)
    iteration   18: trace = 0.3957422687757013 (3.60505e-06% change)
    iteration   19: trace = 0.3957422612287937 (1.90703e-06% change)
    iteration   20: trace = 0.3957422575371329 (9.32845e-07% change)
    iteration   21: trace = 0.395742256145468 (3.51659e-07% change)
    iteration   22: trace = 0.3957422558462681 (7.56047e-08% change)
    iteration   23: trace = 0.3957422557861979 (1.51791e-08% change)
    iteration   24: trace = 0.3957422557712741 (3.77109e-09% change)
Finished solving for bands 1 to 6 after 24 iterations.
tefreqs:, 1, -0.09, 0.14, 0, 0.143178, 0.0645309, 0.148962, 0.171635, 0.301023, 0.322646, 0.38107
elapsed time for k point: 3.45314884185791
total elapsed time for run: 3.495527505874634
done
Initializing eigensolver data
Computing 6 bands with 1e-10 tolerance
Working in 2 dimensions.
Grid size is 336 x 112 x 1.
Solving for 6 bands at a time.
Creating Maxwell data...
Mesh size is 3.
Lattice vectors:
     (3, 0, 0)
     (0, 1, 0)
     (0, 0, 1)
Cell volume = 3
Reciprocal lattice vectors (/ 2 pi):
     (0.333333, -0, 0)
     (-0, 1, -0)
     (0, -0, 1)
Geometric objects:
     block, center = (0,0,0)
          size (1e+20,1e+20,1)
          axes (1,0,0), (0,1,0), (0,0,1)
     prism, center = (-2.08167e-17,-1.38778e-17,0.5)
          height 1, axis (0,0,1), sidewall angle: 0 radians, 4 vertices:
          (0.25,0.25,0)
          (-0.25,0.25,0)
          (-0.25,-0.25,0)
          (0.25,-0.25,0)
     prism, center = (1,-1.38778e-17,0.5)
          height 1, axis (0,0,1), sidewall angle: 0 radians, 4 vertices:
          (1.25,0.25,0)
          (0.75,0.25,0)
          (0.75,-0.25,0)
          (1.25,-0.25,0)
     prism, center = (2,-1.38778e-17,0.5)
          height 1, axis (0,0,1), sidewall angle: 0 radians, 4 vertices:
          (2.25,0.25,0)
          (1.75,0.25,0)
          (1.75,-0.25,0)
          (2.25,-0.25,0)
Geometric object tree has depth 2 and 21 object nodes (vs. 4 actual objects)
Initializing epsilon function...
Allocating fields...
Solving for band polarization: te.
Initializing fields to random numbers...
1 k-points
  Vector3<-0.09, 0.14, 0.0>
elapsed time for initialization: 0.054428815841674805
solve_kpoint (-0.09,0.14,0):
tefreqs:, k index, k1, k2, k3, kmag/2pi, te band 1, te band 2, te band 3, te band 4, te band 5, te band 6
Solving for bands 1 to 6...
    near maximum in trace
    iteration    1: trace = 1.782734986130951 (199.819% change)
    iteration    2: trace = 0.4781876442362293 (115.4% change)
    iteration    3: trace = 0.4243129602558202 (11.939% change)
    iteration    4: trace = 0.4063519521553325 (4.32449% change)
    iteration    5: trace = 0.4009655991627239 (1.33438% change)
    iteration    6: trace = 0.3980588590275246 (0.727572% change)
    iteration    7: trace = 0.3968965598481713 (0.292419% change)
    iteration    8: trace = 0.396038959519982 (0.21631% change)
    iteration    9: trace = 0.3958346587320016 (0.0515993% change)
    iteration   10: trace = 0.3957664996653364 (0.0172206% change)
    iteration   11: trace = 0.3957522168255567 (0.00360897% change)
    iteration   12: trace = 0.3957464436885153 (0.00145879% change)
    iteration   13: trace = 0.3957442628192522 (0.000551079% change)
    iteration   14: trace = 0.3957428705710269 (0.000351806% change)
    iteration   15: trace = 0.395742439068815 (0.000109036% change)
    iteration   16: trace = 0.3957423062661022 (3.35579e-05% change)
    iteration   17: trace = 0.3957422735264397 (8.27298e-06% change)
    iteration   18: trace = 0.3957422627403175 (2.72554e-06% change)
    iteration   19: trace = 0.3957422585039455 (1.07049e-06% change)
    iteration   20: trace = 0.3957422566617972 (4.65492e-07% change)
    iteration   21: trace = 0.3957422559867856 (1.70568e-07% change)
    iteration   22: trace = 0.3957422558149364 (4.34245e-08% change)
    iteration   23: trace = 0.3957422557750064 (1.00899e-08% change)
    iteration   24: trace = 0.3957422557681718 (1.72703e-09% change)
Finished solving for bands 1 to 6 after 24 iterations.
tefreqs:, 1, -0.09, 0.14, 0, 0.143178, 0.0645309, 0.148962, 0.171635, 0.301023, 0.322646, 0.38107
elapsed time for k point: 4.3716888427734375
total elapsed time for run: 4.426245450973511
done
Initializing eigensolver data
Computing 6 bands with 1e-10 tolerance
Working in 2 dimensions.
Grid size is 336 x 112 x 1.
Solving for 6 bands at a time.
Creating Maxwell data...
Mesh size is 3.
Lattice vectors:
     (3, 0, 0)
     (0, 1, 0)
     (0, 0, 1)
Cell volume = 3
Reciprocal lattice vectors (/ 2 pi):
     (0.333333, -0, 0)
     (-0, 1, -0)
     (0, -0, 1)
Geometric objects:
     block, center = (0,0,0)
          size (1e+20,1e+20,1)
          axes (1,0,0), (0,1,0), (0,0,1)
     prism, center = (0.01,0,0.5)
          height 1, axis (0,0,1), sidewall angle: 0 radians, 4 vertices:
          (-0.24,-0.25,0)
          (-0.24,0.25,0)
          (0.26,0.25,0)
          (0.26,-0.25,0)
     prism, center = (0.99,0,0.5)
          height 1, axis (0,0,1), sidewall angle: 0 radians, 4 vertices:
          (0.74,-0.25,0)
          (0.74,0.25,0)
          (1.24,0.25,0)
          (1.24,-0.25,0)
     prism, center = (2,0,0.5)
          height 1, axis (0,0,1), sidewall angle: 0 radians, 4 vertices:
          (1.75,-0.25,0)
          (1.75,0.25,0)
          (2.25,0.25,0)
          (2.25,-0.25,0)
Geometric object tree has depth 2 and 21 object nodes (vs. 4 actual objects)
Initializing epsilon function...
Allocating fields...
Solving for band polarization: te.
Initializing fields to random numbers...
1 k-points
  Vector3<-0.09, 0.14, 0.0>
elapsed time for initialization: 0.06964874267578125
solve_kpoint (-0.09,0.14,0):
tefreqs:, k index, k1, k2, k3, kmag/2pi, te band 1, te band 2, te band 3, te band 4, te band 5, te band 6
Solving for bands 1 to 6...
    near maximum in trace
    iteration    1: trace = 2.538766579399628 (199.743% change)
    iteration    2: trace = 0.6606038204250091 (117.408% change)
    iteration    3: trace = 0.4357019767927903 (41.029% change)
    iteration    4: trace = 0.4099391825954577 (6.09308% change)
    iteration    5: trace = 0.4009748173950071 (2.21093% change)
    iteration    6: trace = 0.3992414967184783 (0.433213% change)
    iteration    7: trace = 0.3976983444779614 (0.387269% change)
    iteration    8: trace = 0.3969871766723454 (0.178981% change)
    iteration    9: trace = 0.3966385582226032 (0.0878546% change)
    iteration   10: trace = 0.3965823945611248 (0.0141609% change)
    iteration   11: trace = 0.3965618990378589 (0.00516817% change)
    iteration   12: trace = 0.3965569480153582 (0.00124849% change)
    iteration   13: trace = 0.3965536051802939 (0.000842968% change)
    iteration   14: trace = 0.3965523620949521 (0.000313473% change)
    iteration   15: trace = 0.3965518346130081 (0.000133017% change)
    iteration   16: trace = 0.3965517416650492 (2.3439e-05% change)
    iteration   17: trace = 0.396551714592433 (6.82701e-06% change)
    iteration   18: trace = 0.396551707442138 (1.80312e-06% change)
    iteration   19: trace = 0.3965517042247845 (8.11333e-07% change)
    iteration   20: trace = 0.3965517029529527 (3.20723e-07% change)
    iteration   21: trace = 0.3965517024659857 (1.228e-07% change)
    iteration   22: trace = 0.3965517023407891 (3.15713e-08% change)
    iteration   23: trace = 0.3965517023152155 (6.44899e-09% change)
Finished solving for bands 1 to 6 after 23 iterations.
tefreqs:, 1, -0.09, 0.14, 0, 0.143178, 0.0645432, 0.149085, 0.171805, 0.301361, 0.323241, 0.381234
elapsed time for k point: 3.5838451385498047
total elapsed time for run: 3.6535768508911133
done
Initializing eigensolver data
Computing 6 bands with 1e-10 tolerance
Working in 2 dimensions.
Grid size is 336 x 112 x 1.
Solving for 6 bands at a time.
Creating Maxwell data...
Mesh size is 3.
Lattice vectors:
     (3, 0, 0)
     (0, 1, 0)
     (0, 0, 1)
Cell volume = 3
Reciprocal lattice vectors (/ 2 pi):
     (0.333333, -0, 0)
     (-0, 1, -0)
     (0, -0, 1)
Geometric objects:
     block, center = (0,0,0)
          size (1e+20,1e+20,1)
          axes (1,0,0), (0,1,0), (0,0,1)
     prism, center = (0.01,0,0.5)
          height 1, axis (0,0,1), sidewall angle: 0 radians, 4 vertices:
          (-0.24,-0.25,0)
          (-0.24,0.25,0)
          (0.26,0.25,0)
          (0.26,-0.25,0)
     prism, center = (0.99,0,0.5)
          height 1, axis (0,0,1), sidewall angle: 0 radians, 4 vertices:
          (0.74,-0.25,0)
          (0.74,0.25,0)
          (1.24,0.25,0)
          (1.24,-0.25,0)
     prism, center = (2,0,0.5)
          height 1, axis (0,0,1), sidewall angle: 0 radians, 4 vertices:
          (1.75,-0.25,0)
          (1.75,0.25,0)
          (2.25,0.25,0)
          (2.25,-0.25,0)
Geometric object tree has depth 2 and 21 object nodes (vs. 4 actual objects)
Initializing epsilon function...
Allocating fields...
Solving for band polarization: te.
Initializing fields to random numbers...
1 k-points
  Vector3<-0.09, 0.14, 0.0>
elapsed time for initialization: 0.04499936103820801
solve_kpoint (-0.09,0.14,0):
tefreqs:, k index, k1, k2, k3, kmag/2pi, te band 1, te band 2, te band 3, te band 4, te band 5, te band 6
Solving for bands 1 to 6...
    near maximum in trace
    iteration    1: trace = 2.619487670521508 (199.735% change)
    iteration    2: trace = 0.5385376183353774 (131.788% change)
    iteration    3: trace = 0.4455999033235507 (18.8871% change)
    iteration    4: trace = 0.4134778090794752 (7.47827% change)
    iteration    5: trace = 0.404974214042526 (2.07797% change)
    iteration    6: trace = 0.4006235939202001 (1.0801% change)
    iteration    7: trace = 0.3987290231922078 (0.474026% change)
    iteration    8: trace = 0.3972558422182434 (0.370153% change)
    iteration    9: trace = 0.3968212257718531 (0.109465% change)
    iteration   10: trace = 0.3966373467333763 (0.0463487% change)
    iteration   11: trace = 0.3965906648907053 (0.0117701% change)
    iteration   12: trace = 0.3965667760350998 (0.00602374% change)
    iteration   13: trace = 0.396557719957739 (0.00228365% change)
    iteration   14: trace = 0.3965532302866316 (0.00113217% change)
    iteration   15: trace = 0.3965521426268283 (0.000274279% change)
    iteration   16: trace = 0.3965518207066073 (8.11798e-05% change)
    iteration   17: trace = 0.3965517486210201 (1.81781e-05% change)
    iteration   18: trace = 0.3965517216459994 (6.8024e-06% change)
    iteration   19: trace = 0.3965517103530624 (2.84778e-06% change)
    iteration   20: trace = 0.3965517046258987 (1.44424e-06% change)
    iteration   21: trace = 0.3965517028807597 (4.40079e-07% change)
    iteration   22: trace = 0.3965517024386636 (1.11485e-07% change)
    iteration   23: trace = 0.3965517023295489 (2.75159e-08% change)
    iteration   24: trace = 0.3965517023090948 (5.15799e-09% change)
Finished solving for bands 1 to 6 after 24 iterations.
tefreqs:, 1, -0.09, 0.14, 0, 0.143178, 0.0645432, 0.149085, 0.171805, 0.301361, 0.323241, 0.381234
elapsed time for k point: 3.794779062271118
total elapsed time for run: 3.839864492416382
done
Initializing eigensolver data
Computing 6 bands with 1e-10 tolerance
Working in 2 dimensions.
Grid size is 336 x 112 x 1.
Solving for 6 bands at a time.
Creating Maxwell data...
Mesh size is 3.
Lattice vectors:
     (3, 0, 0)
     (0, 1, 0)
     (0, 0, 1)
Cell volume = 3
Reciprocal lattice vectors (/ 2 pi):
     (0.333333, -0, 0)
     (-0, 1, -0)
     (0, -0, 1)
Geometric objects:
     block, center = (0,0,0)
          size (1e+20,1e+20,1)
          axes (1,0,0), (0,1,0), (0,0,1)
     prism, center = (1.01,0,0.5)
          height 1, axis (0,0,1), sidewall angle: 0 radians, 4 vertices:
          (0.76,-0.25,0)
          (0.76,0.25,0)
          (1.26,0.25,0)
          (1.26,-0.25,0)
     prism, center = (2,0,0.5)
          height 1, axis (0,0,1), sidewall angle: 0 radians, 4 vertices:
          (1.75,-0.25,0)
          (1.75,0.25,0)
          (2.25,0.25,0)
          (2.25,-0.25,0)
     prism, center = (2.99,0,0.5)
          height 1, axis (0,0,1), sidewall angle: 0 radians, 4 vertices:
          (2.74,-0.25,0)
          (2.74,0.25,0)
          (3.24,0.25,0)
          (3.24,-0.25,0)
Geometric object tree has depth 2 and 21 object nodes (vs. 4 actual objects)
Initializing epsilon function...
Allocating fields...
Solving for band polarization: te.
Initializing fields to random numbers...
1 k-points
  Vector3<-0.09, 0.14, 0.0>
elapsed time for initialization: 0.04285478591918945
solve_kpoint (-0.09,0.14,0):
tefreqs:, k index, k1, k2, k3, kmag/2pi, te band 1, te band 2, te band 3, te band 4, te band 5, te band 6
Solving for bands 1 to 6...
    near maximum in trace
    iteration    1: trace = 2.117872224254408 (199.786% change)
    iteration    2: trace = 0.5260028993413608 (120.419% change)
    iteration    3: trace = 0.4436392804323047 (16.9885% change)
    iteration    4: trace = 0.4164563754970856 (6.3209% change)
    iteration    5: trace = 0.4088528353800004 (1.84259% change)
    iteration    6: trace = 0.4031765110571692 (1.39806% change)
    iteration    7: trace = 0.3998782060471244 (0.82144% change)
    iteration    8: trace = 0.3974925036568006 (0.598392% change)
    iteration    9: trace = 0.3968529273498632 (0.161032% change)
    iteration   10: trace = 0.3966297450740399 (0.0562538% change)
    iteration   11: trace = 0.3965840046841363 (0.0115329% change)
    iteration   12: trace = 0.3965650265638759 (0.00478551% change)
    iteration   13: trace = 0.3965556023389861 (0.00237649% change)
    iteration   14: trace = 0.3965504596399173 (0.00129685% change)
    iteration   15: trace = 0.3965488938125563 (0.000394863% change)
    iteration   16: trace = 0.3965484864276094 (0.000102733% change)
    iteration   17: trace = 0.3965483807892692 (2.66395e-05% change)
    iteration   18: trace = 0.3965483508716489 (7.54451e-06% change)
    iteration   19: trace = 0.3965483397439967 (2.80613e-06% change)
    iteration   20: trace = 0.3965483352103776 (1.14327e-06% change)
    iteration   21: trace = 0.3965483332996835 (4.81831e-07% change)
    iteration   22: trace = 0.39654833279614 (1.26982e-07% change)
    iteration   23: trace = 0.3965483326503507 (3.67646e-08% change)
    iteration   24: trace = 0.3965483326200352 (7.64484e-09% change)
Finished solving for bands 1 to 6 after 24 iterations.
tefreqs:, 1, -0.09, 0.14, 0, 0.143178, 0.0645431, 0.149085, 0.171803, 0.301337, 0.323275, 0.38122
elapsed time for k point: 3.8008854389190674
total elapsed time for run: 3.8438398838043213
done
Initializing eigensolver data
Computing 6 bands with 1e-10 tolerance
Working in 2 dimensions.
Grid size is 336 x 112 x 1.
Solving for 6 bands at a time.
Creating Maxwell data...
Mesh size is 3.
Lattice vectors:
     (3, 0, 0)
     (0, 1, 0)
     (0, 0, 1)
Cell volume = 3
Reciprocal lattice vectors (/ 2 pi):
     (0.333333, -0, 0)
     (-0, 1, -0)
     (0, -0, 1)
Geometric objects:
     block, center = (0,0,0)
          size (1e+20,1e+20,1)
          axes (1,0,0), (0,1,0), (0,0,1)
     prism, center = (1.01,0,0.5)
          height 1, axis (0,0,1), sidewall angle: 0 radians, 4 vertices:
          (0.76,-0.25,0)
          (0.76,0.25,0)
          (1.26,0.25,0)
          (1.26,-0.25,0)
     prism, center = (2,0,0.5)
          height 1, axis (0,0,1), sidewall angle: 0 radians, 4 vertices:
          (1.75,-0.25,0)
          (1.75,0.25,0)
          (2.25,0.25,0)
          (2.25,-0.25,0)
     prism, center = (2.99,0,0.5)
          height 1, axis (0,0,1), sidewall angle: 0 radians, 4 vertices:
          (2.74,-0.25,0)
          (2.74,0.25,0)
          (3.24,0.25,0)
          (3.24,-0.25,0)
Geometric object tree has depth 2 and 21 object nodes (vs. 4 actual objects)
Initializing epsilon function...
Allocating fields...
Solving for band polarization: te.
Initializing fields to random numbers...
1 k-points
  Vector3<-0.09, 0.14, 0.0>
elapsed time for initialization: 0.04937028884887695
solve_kpoint (-0.09,0.14,0):
tefreqs:, k index, k1, k2, k3, kmag/2pi, te band 1, te band 2, te band 3, te band 4, te band 5, te band 6
Solving for bands 1 to 6...
    near maximum in trace
    iteration    1: trace = 2.362372521546932 (199.762% change)
    iteration    2: trace = 0.6153271066418827 (117.342% change)
    iteration    3: trace = 0.4285395429646592 (35.7876% change)
    iteration    4: trace = 0.4087275901579194 (4.73253% change)
    iteration    5: trace = 0.4010477345065518 (1.89679% change)
    iteration    6: trace = 0.3991583627153482 (0.472221% change)
    iteration    7: trace = 0.3975093615975837 (0.413975% change)
    iteration    8: trace = 0.3969349292643523 (0.144612% change)
    iteration    9: trace = 0.3966562808953336 (0.0702247% change)
    iteration   10: trace = 0.3965942340152883 (0.0156437% change)
    iteration   11: trace = 0.3965648645161496 (0.0074057% change)
    iteration   12: trace = 0.3965558210357142 (0.00228048% change)
    iteration   13: trace = 0.3965503857715819 (0.00137063% change)
    iteration   14: trace = 0.3965488833714167 (0.000378868% change)
    iteration   15: trace = 0.396548441358576 (0.000111465% change)
    iteration   16: trace = 0.396548370340019 (1.79092e-05% change)
    iteration   17: trace = 0.3965483470854663 (5.86424e-06% change)
    iteration   18: trace = 0.3965483389793377 (2.04417e-06% change)
    iteration   19: trace = 0.3965483349725721 (1.01041e-06% change)
    iteration   20: trace = 0.3965483333857949 (4.00147e-07% change)
    iteration   21: trace = 0.3965483327971099 (1.48452e-07% change)
    iteration   22: trace = 0.3965483326430378 (3.88533e-08% change)
    iteration   23: trace = 0.3965483326105483 (8.19308e-09% change)
Finished solving for bands 1 to 6 after 23 iterations.
tefreqs:, 1, -0.09, 0.14, 0, 0.143178, 0.0645431, 0.149085, 0.171803, 0.301337, 0.323275, 0.38122
elapsed time for k point: 4.3623552322387695
total elapsed time for run: 4.411813974380493
done
Initializing eigensolver data
Computing 6 bands with 1e-10 tolerance
Working in 2 dimensions.
Grid size is 336 x 112 x 1.
Solving for 6 bands at a time.
Creating Maxwell data...
Mesh size is 3.
Lattice vectors:
     (3, 0, 0)
     (0, 1, 0)
     (0, 0, 1)
Cell volume = 3
Reciprocal lattice vectors (/ 2 pi):
     (0.333333, -0, 0)
     (-0, 1, -0)
     (0, -0, 1)
Geometric objects:
     block, center = (0,0,0)
          size (1e+20,1e+20,1)
          axes (1,0,0), (0,1,0), (0,0,1)
     prism, center = (2,0,0.5)
          height 1, axis (0,0,1), sidewall angle: 0 radians, 4 vertices:
          (1.75,-0.25,0)
          (1.75,0.25,0)
          (2.25,0.25,0)
          (2.25,-0.25,0)
     prism, center = (0.99,0,0.5)
          height 1, axis (0,0,1), sidewall angle: 0 radians, 4 vertices:
          (0.74,-0.25,0)
          (0.74,0.25,0)
          (1.24,0.25,0)
          (1.24,-0.25,0)
     prism, center = (0.01,0,0.5)
          height 1, axis (0,0,1), sidewall angle: 0 radians, 4 vertices:
          (-0.24,-0.25,0)
          (-0.24,0.25,0)
          (0.26,0.25,0)
          (0.26,-0.25,0)
Geometric object tree has depth 2 and 21 object nodes (vs. 4 actual objects)
Initializing epsilon function...
Allocating fields...
Solving for band polarization: te.
Initializing fields to random numbers...
1 k-points
  Vector3<-0.09, 0.14, 0.0>
elapsed time for initialization: 0.07434630393981934
solve_kpoint (-0.09,0.14,0):
tefreqs:, k index, k1, k2, k3, kmag/2pi, te band 1, te band 2, te band 3, te band 4, te band 5, te band 6
Solving for bands 1 to 6...
    near maximum in trace
    iteration    1: trace = 2.442088244424844 (199.753% change)
    iteration    2: trace = 0.6166262863900113 (119.361% change)
    iteration    3: trace = 0.4244413127036946 (36.9207% change)
    iteration    4: trace = 0.4078210358474323 (3.994% change)
    iteration    5: trace = 0.4001119414902185 (1.90835% change)
    iteration    6: trace = 0.3984693910490471 (0.411367% change)
    iteration    7: trace = 0.3973242634782455 (0.287795% change)
    iteration    8: trace = 0.3968851508810946 (0.110579% change)
    iteration    9: trace = 0.3966319669495712 (0.0638131% change)
    iteration   10: trace = 0.3965786544407321 (0.0134422% change)
    iteration   11: trace = 0.3965587522171486 (0.00501861% change)
    iteration   12: trace = 0.3965551710286732 (0.00090307% change)
    iteration   13: trace = 0.3965532284736131 (0.000489859% change)
    iteration   14: trace = 0.3965523604666815 (0.000218888% change)
    iteration   15: trace = 0.3965518895465652 (0.000118754% change)
    iteration   16: trace = 0.3965517540855419 (3.41597e-05% change)
    iteration   17: trace = 0.3965517133338483 (1.02765e-05% change)
    iteration   18: trace = 0.3965517051032476 (2.07554e-06% change)
    iteration   19: trace = 0.3965517032632454 (4.64001e-07% change)
    iteration   20: trace = 0.3965517027131614 (1.38717e-07% change)
    iteration   21: trace = 0.3965517024512916 (6.60368e-08% change)
    iteration   22: trace = 0.3965517023378977 (2.8595e-08% change)
    iteration   23: trace = 0.3965517023097827 (7.08986e-09% change)
Finished solving for bands 1 to 6 after 23 iterations.
tefreqs:, 1, -0.09, 0.14, 0, 0.143178, 0.0645432, 0.149085, 0.171805, 0.301361, 0.323241, 0.381234
elapsed time for k point: 3.7046329975128174
total elapsed time for run: 3.7790720462799072
done
Initializing eigensolver data
Computing 6 bands with 1e-10 tolerance
Working in 2 dimensions.
Grid size is 336 x 112 x 1.
Solving for 6 bands at a time.
Creating Maxwell data...
Mesh size is 3.
Lattice vectors:
     (3, 0, 0)
     (0, 1, 0)
     (0, 0, 1)
Cell volume = 3
Reciprocal lattice vectors (/ 2 pi):
     (0.333333, -0, 0)
     (-0, 1, -0)
     (0, -0, 1)
Geometric objects:
     block, center = (0,0,0)
          size (1e+20,1e+20,1)
          axes (1,0,0), (0,1,0), (0,0,1)
     prism, center = (2,0,0.5)
          height 1, axis (0,0,1), sidewall angle: 0 radians, 4 vertices:
          (1.75,-0.25,0)
          (1.75,0.25,0)
          (2.25,0.25,0)
          (2.25,-0.25,0)
     prism, center = (1,0,0.5)
          height 1, axis (0,0,1), sidewall angle: 0 radians, 4 vertices:
          (0.75,-0.25,0)
          (0.75,0.25,0)
          (1.25,0.25,0)
          (1.25,-0.25,0)
     prism, center = (0.01,0,0.5)
          height 1, axis (0,0,1), sidewall angle: 0 radians, 4 vertices:
          (-0.24,-0.25,0)
          (-0.24,0.25,0)
          (0.26,0.25,0)
          (0.26,-0.25,0)
Geometric object tree has depth 2 and 21 object nodes (vs. 4 actual objects)
Initializing epsilon function...
Allocating fields...
Solving for band polarization: te.
Initializing fields to random numbers...
1 k-points
  Vector3<-0.09, 0.14, 0.0>
elapsed time for initialization: 0.04410147666931152
solve_kpoint (-0.09,0.14,0):
tefreqs:, k index, k1, k2, k3, kmag/2pi, te band 1, te band 2, te band 3, te band 4, te band 5, te band 6
Solving for bands 1 to 6...
    near maximum in trace
    iteration    1: trace = 2.565485336364474 (199.74% change)
    iteration    2: trace = 0.5912163686632596 (125.084% change)
    iteration    3: trace = 0.4885890123754987 (19.0085% change)
    iteration    4: trace = 0.4343977211290285 (11.7426% change)
    iteration    5: trace = 0.4158043206999452 (4.37388% change)
    iteration    6: trace = 0.4071956966109573 (2.09201% change)
    iteration    7: trace = 0.4037589282646435 (0.847586% change)
    iteration    8: trace = 0.3999790827766096 (0.940567% change)
    iteration    9: trace = 0.3978880885605004 (0.524146% change)
    iteration   10: trace = 0.3969265007901625 (0.241965% change)
    iteration   11: trace = 0.3967488835448588 (0.0447582% change)
    iteration   12: trace = 0.3966978605421934 (0.0128611% change)
    iteration   13: trace = 0.396687377191 (0.00264269% change)
    iteration   14: trace = 0.3966821753583526 (0.00131133% change)
    iteration   15: trace = 0.3966797900575284 (0.000601315% change)
    iteration   16: trace = 0.3966786010894032 (0.00029973% change)
    iteration   17: trace = 0.3966782916675854 (7.80032e-05% change)
    iteration   18: trace = 0.3966782085461422 (2.09544e-05% change)
    iteration   19: trace = 0.3966781899616217 (4.68504e-06% change)
    iteration   20: trace = 0.3966781836424572 (1.59302e-06% change)
    iteration   21: trace = 0.3966781808729479 (6.98175e-07% change)
    iteration   22: trace = 0.3966781796577274 (3.06349e-07% change)
    iteration   23: trace = 0.3966781791799356 (1.20448e-07% change)
    iteration   24: trace = 0.3966781790413156 (3.49452e-08% change)
    iteration   25: trace = 0.3966781789986568 (1.0754e-08% change)
    iteration   26: trace = 0.3966781789867592 (2.99931e-09% change)
Finished solving for bands 1 to 6 after 26 iterations.
tefreqs:, 1, -0.09, 0.14, 0, 0.143178, 0.0645574, 0.149098, 0.171791, 0.301498, 0.323208, 0.381318
elapsed time for k point: 3.5531363487243652
total elapsed time for run: 3.5973167419433594
done
